Date,Close,High,Low,Open,Volume,High_Low,ATR
2014-01-02,19.898500442504883,19.968000411987305,19.701000213623047,19.940000534057617,42756000,0.2670001983642578,
2014-01-03,19.82200050354004,20.135499954223633,19.81100082397461,19.914499282836914,44204000,0.32449913024902344,
2014-01-06,19.681499481201172,19.850000381469727,19.42099952697754,19.792499542236328,63412000,0.4290008544921875,
2014-01-07,19.901500701904297,19.923500061035156,19.714500427246094,19.75200080871582,38320000,0.2089996337890625,
2014-01-08,20.09600067138672,20.149999618530273,19.802000045776367,19.923500061035156,46330000,0.34799957275390625,
2014-01-09,20.050500869750977,20.344499588012695,19.922000885009766,20.18549919128418,42060000,0.4224987030029297,
2014-01-10,19.882999420166016,20.187999725341797,19.690000534057617,20.12649917602539,53590000,0.4979991912841797,
2014-01-13,19.548999786376953,19.98900032043457,19.422500610351562,19.89900016784668,56898000,0.5664997100830078,
2014-01-14,19.87700080871582,19.931499481201172,19.56450080871582,19.60650062561035,46802000,0.36699867248535156,
2014-01-15,19.793500900268555,19.965499877929688,19.62649917602539,19.94700050354004,53566000,0.3390007019042969,
2014-01-16,19.790000915527344,19.964500427246094,19.470500946044922,19.68400001525879,52024000,0.4939994812011719,
2014-01-17,19.980499267578125,20.17449951171875,19.683000564575195,19.71299934387207,90102000,0.4914989471435547,
2014-01-21,20.352500915527344,20.389999389648438,20.079999923706055,20.149999618530273,62442000,0.3099994659423828,
2014-01-22,20.226999282836914,20.402999877929688,20.100000381469727,20.399999618530273,41210000,0.30299949645996094,0.3834995542253767
2014-01-23,19.993499755859375,20.308500289916992,19.88949966430664,20.049999237060547,60508000,0.41900062561035156,0.39435672760009766
2014-01-24,19.3799991607666,20.010000228881836,19.363500595092773,19.908000946044922,89168000,0.6464996337890625,0.4173567635672433
2014-01-27,19.31399917602539,19.704999923706055,19.024499893188477,19.524999618530273,78736000,0.6805000305175781,0.43532099042619976
2014-01-28,19.721500396728516,19.73699951171875,19.356000900268555,19.3700008392334,57890000,0.3809986114501953,0.44760663168770926
2014-01-29,19.209999084472656,19.642499923706055,19.16200065612793,19.607999801635742,67646000,0.480499267578125,0.4570708956037249
2014-01-30,20.15049934387207,20.3125,19.385000228881836,19.688499450683594,209478000,0.9274997711181641,0.4931424004690988
2014-01-31,17.934499740600586,18.772499084472656,17.88800048828125,18.58799934387207,323096000,0.8844985961914062,0.5207495008196149
2014-02-03,17.3075008392334,18.042499542236328,17.0049991607666,17.948999404907227,205616000,1.0375003814697266,0.5543924059186663
2014-02-04,17.397499084472656,17.700000762939453,17.201000213623047,17.47949981689453,96258000,0.49900054931640625,0.5638211114065987
2014-02-05,17.322500228881836,17.4685001373291,16.886499404907227,17.299999237060547,88708000,0.582000732421875,0.5811782564435687
2014-02-06,17.72949981689453,17.740999221801758,17.3700008392334,17.3700008392334,66714000,0.3709983825683594,0.572392463684082
2014-02-07,18.054000854492188,18.09000015258789,17.624500274658203,17.948999404907227,86610000,0.4654998779296875,0.570535387311663
2014-02-10,18.043500900268555,18.25,17.967500686645508,18.08049964904785,68994000,0.2824993133544922,0.5685710906982422
2014-02-11,18.089500427246094,18.180500030517578,17.8125,18.091999053955078,64442000,0.3680000305175781,0.5732139859880719
2014-02-12,17.462499618530273,17.887500762939453,17.31599998474121,17.821500778198242,131754000,0.5715007781982422,0.5841068540300641
2014-02-13,17.860000610351562,17.860000610351562,17.325000762939453,17.385000228881836,83500000,0.5349998474121094,0.5761425835745675
2014-02-14,17.86750030517578,17.966999053955078,17.667499542236328,17.966999053955078,70404000,0.29949951171875,0.5489282608032227
2014-02-18,17.6825008392334,17.786500930786133,17.47249984741211,17.763999938964844,99960000,0.31400108337402344,0.5441427230834961
2014-02-19,17.368999481201172,17.726999282836914,17.30500030517578,17.631999969482422,83362000,0.4219989776611328,0.539964130946568
2014-02-20,17.489999771118164,17.523000717163086,17.2189998626709,17.440000534057617,69856000,0.3040008544921875,0.4954284940447126
2014-02-21,17.33799934387207,17.707000732421875,17.337499618530273,17.621999740600586,84200000,0.36950111389160156,0.45864295959472656
2014-02-24,17.589000701904297,17.649999618530273,17.164499282836914,17.25950050354004,72894000,0.4855003356933594,0.4192143848964146
2014-02-25,17.916000366210938,18.054000854492188,17.57900047302246,17.649999618530273,74728000,0.47500038146972656,0.41750008719308035
2014-02-26,17.989999771118164,18.237499237060547,17.85849952697754,17.993000030517578,72442000,0.3789997100830078,0.40300001416887554
2014-02-27,18.006500244140625,18.029499053955078,17.774999618530273,17.861000061035156,62098000,0.2544994354248047,0.3946786608014788
2014-02-28,18.104999542236328,18.293500900268555,17.854000091552734,18.030000686645508,77640000,0.4395008087158203,0.39282158442905973
2014-03-03,17.98900032043457,18.04800033569336,17.724000930786133,17.937000274658203,55966000,0.32399940490722656,0.39578587668282644
2014-03-04,18.19499969482422,18.284000396728516,18.12299919128418,18.19499969482422,54088000,0.16100120544433594,0.381000246320452
2014-03-05,18.618499755859375,18.636499404907227,18.19499969482422,18.206499099731445,76966000,0.4414997100830078,0.3717144557407924
2014-03-06,18.607999801635742,18.76650047302246,18.44499969482422,18.702499389648438,58532000,0.3215007781982422,0.35646452222551617
2014-03-07,18.60300064086914,18.749500274658203,18.476499557495117,18.729000091552734,45596000,0.27300071716308594,0.3545717511858259
2014-03-10,18.526500701904297,18.636499404907227,18.350000381469727,18.63450050354004,42116000,0.2864990234375,0.35260731833321707
2014-03-11,18.44099998474121,18.639999389648438,18.36400032043457,18.54949951171875,44922000,0.2759990692138672,0.3421787534441267
2014-03-12,18.531999588012695,18.558000564575195,18.180500030517578,18.31999969482422,44332000,0.3775005340576172,0.3474287305559431
2014-03-13,18.57550048828125,19.155500411987305,18.40399932861328,18.83099937438965,136580000,0.7515010833740234,0.37471444266183035
2014-03-14,18.687000274658203,18.928499221801758,18.577499389648438,18.639999389648438,88044000,0.3509998321533203,0.36510726383754183
2014-03-17,18.75200080871582,18.9424991607666,18.743999481201172,18.785999298095703,46060000,0.1984996795654297,0.34535721370152067
2014-03-18,18.938499450683594,18.950000762939453,18.75,18.865999221801758,49670000,0.20000076293945312,0.33257157461983816
2014-03-19,18.661500930786133,18.950000762939453,18.47100067138672,18.938499450683594,52934000,0.4790000915527344,0.34860733577183317
2014-03-20,18.44849967956543,18.649999618530273,18.31100082397461,18.531999588012695,51170000,0.33899879455566406,0.34142862047467915
2014-03-21,18.0310001373291,18.642000198364258,17.920000076293945,18.549999237060547,108282000,0.7220001220703125,0.3698572431291853
2014-03-24,17.592500686645508,18.075000762939453,17.43000030517578,18.004499435424805,97470000,0.6450004577636719,0.4044286182948521
2014-03-25,17.73550033569336,17.94849967956543,17.441999435424805,17.701499938964844,88914000,0.506500244140625,0.4090715135846819
2014-03-26,17.170499801635742,17.8799991607666,17.170000076293945,17.85650062561035,82414000,0.7099990844726562,0.43682139260428293
2014-03-27,16.923500061035156,17.200000762939453,16.54400062561035,17.157499313354492,115328000,0.6560001373291016,0.4641784940447126
2014-03-28,16.914499282836914,17.350000381469727,16.804000854492188,17.002500534057617,79736000,0.5459995269775391,0.48271424429757254
2014-03-31,16.818500518798828,17.31450080871582,16.702999114990234,17.1200008392334,85950000,0.6115016937255859,0.506678717476981
2014-04-01,17.149499893188477,17.221500396728516,16.899999618530273,16.904499053955078,72002000,0.3215007781982422,0.5026787349155971
2014-04-02,17.097999572753906,17.415000915527344,17.018999099731445,17.29949951171875,89510000,0.39600181579589844,0.47728593008858816
2014-04-03,16.680999755859375,17.125,16.42300033569336,17.090999603271484,127986000,0.7019996643066406,0.5023573466709682
2014-04-04,16.149999618530273,16.77199935913086,15.780500411987305,16.75749969482422,250692000,0.9914989471435547,0.5590001514979771
2014-04-07,15.887999534606934,16.246999740600586,15.656499862670898,16.04949951171875,141548000,0.5904998779296875,0.586892945425851
2014-04-08,16.353500366210938,16.399999618530273,15.92199993133545,16.0939998626709,131552000,0.4779996871948242,0.5868214879717145
2014-04-09,16.590499877929688,16.608999252319336,16.125,16.423500061035156,101132000,0.48399925231933594,0.5971786635262626
2014-04-10,15.855500221252441,16.549999237060547,15.824999809265137,16.530000686645508,122534000,0.7249994277954102,0.5973928996494838
2014-04-11,15.58650016784668,15.824999809265137,15.475000381469727,15.699999809265137,145750000,0.34999942779541016,0.5763213975088937
2014-04-14,15.795499801635742,16.02400016784668,15.564000129699707,15.883500099182129,85870000,0.46000003814697266,0.5729999542236328
2014-04-15,15.803999900817871,15.913999557495117,15.274999618530273,15.835000038146973,107972000,0.6389999389648438,0.5679285866873605
2014-04-16,16.18400001525879,16.200000762939453,15.73550033569336,16.058500289916992,85698000,0.46450042724609375,0.5542500359671456
2014-04-17,16.245500564575195,16.433000564575195,15.98799991607666,15.98799991607666,85984000,0.44500064849853516,0.5470358303615025
2014-04-21,16.543500900268555,16.5575008392334,16.11549949645996,16.19849967956543,59988000,0.4420013427734375,0.5349286624363491
2014-04-22,16.465999603271484,16.875,16.44700050354004,16.600000381469727,74232000,0.42799949645996094,0.5425357137407575
2014-04-23,16.229000091552734,16.6564998626709,16.16950035095215,16.652999877929688,72092000,0.48699951171875,0.5490355491638184
2014-04-24,16.857500076293945,16.8700008392334,16.147499084472656,16.48349952697754,185874000,0.7225017547607422,0.5504999841962542
2014-04-25,15.191499710083008,15.82450008392334,15.135499954223633,15.8125,323604000,0.689000129699707,0.5288929258074079
2014-04-28,14.829000473022461,15.219499588012695,14.399999618530273,15.199999809265137,289596000,0.8194999694824219,0.5452500752040318
2014-04-29,15.019000053405762,15.092000007629395,14.522500038146973,14.821999549865723,130186000,0.5694999694824219,0.5517858096531459
2014-04-30,15.206500053405762,15.227999687194824,14.904999732971191,14.904999732971191,81772000,0.3229999542236328,0.5402858597891671
2014-05-01,15.394499778747559,15.52400016784668,15.199999809265137,15.206500053405762,86572000,0.32400035858154297,0.5116430691310337
2014-05-02,15.400500297546387,15.66450023651123,15.215499877929688,15.520999908447266,79902000,0.44900035858154297,0.5187145641871861
2014-05-05,15.5024995803833,15.511500358581543,15.25,15.318499565124512,50398000,0.26150035858154297,0.5045360156467983
2014-05-06,14.869000434875488,15.490500450134277,14.85200023651123,15.476499557495117,93646000,0.6385002136230469,0.504500320979527
2014-05-07,14.635499954223633,14.819999694824219,14.333999633789062,14.777999877929688,140304000,0.48600006103515625,0.5060360091073173
2014-05-08,14.416000366210938,14.793999671936035,14.361499786376953,14.541000366210938,76964000,0.43249988555908203,0.5051430974687848
2014-05-09,14.612000465393066,14.684000015258789,14.218999862670898,14.528499603271484,81260000,0.4650001525878906,0.5067858695983887
2014-05-12,15.142999649047852,15.166999816894531,14.708000183105469,14.71500015258789,74592000,0.4589996337890625,0.5090001651218959
2014-05-13,15.232000350952148,15.279999732971191,15.037500381469727,15.130000114440918,70198000,0.24249935150146484,0.4915358679635184
2014-05-14,14.880999565124512,15.232000350952148,14.833000183105469,15.125,66466000,0.3990001678466797,0.4684286117553711
2014-05-15,14.759499549865723,14.960000038146973,14.519000053405762,14.901000022888184,85902000,0.44099998474121094,0.45071431568690706
2014-05-16,14.885000228881836,14.944000244140625,14.577500343322754,14.640000343322754,72736000,0.3664999008178711,0.4183571679251535
2014-05-19,14.838000297546387,14.949999809265137,14.690500259399414,14.788000106811523,45684000,0.25949954986572266,0.39621428080967497
2014-05-20,15.059499740600586,15.222999572753906,14.837499618530273,14.854999542236328,81914000,0.3854999542236328,0.40067856652396067
2014-05-21,15.250499725341797,15.29800033569336,15.076000213623047,15.11050033569336,68176000,0.2220001220703125,0.3933928353445871
2014-05-22,15.245499610900879,15.427000045776367,15.150500297546387,15.2524995803833,51536000,0.27649974822998047,0.3810713631766183
2014-05-23,15.612000465393066,15.617500305175781,15.244999885559082,15.27299976348877,61058000,0.3725004196166992,0.38899993896484375
2014-05-27,15.541000366210938,15.731499671936035,15.369000434875488,15.720499992370605,97242000,0.3624992370605469,0.36928558349609375
2014-05-28,15.508000373840332,15.690999984741211,15.371000289916992,15.475000381469727,54520000,0.31999969482421875,0.3574284144810268
2014-05-29,15.689000129699707,15.743499755859375,15.510000228881836,15.520999908447266,47310000,0.23349952697753906,0.3432141031537737
2014-05-30,15.6274995803833,15.732500076293945,15.378499984741211,15.721500396728516,85204000,0.3540000915527344,0.3352855273655483
2014-06-02,15.442000389099121,15.630000114440918,15.350000381469727,15.629500389099121,44068000,0.2799997329711914,0.32249982016427176
2014-06-03,15.35949993133545,15.395999908447266,15.253499984741211,15.287500381469727,47584000,0.1424999237060547,0.31535700389317106
2014-06-04,15.33899974822998,15.475000381469727,15.192000389099121,15.342499732971191,42142000,0.28299999237060547,0.30707127707345144
2014-06-05,16.178499221801758,16.39699935913086,15.345000267028809,15.404999732971191,155934000,1.0519990921020508,0.3507140704563686
2014-06-06,16.48349952697754,16.54400062561035,16.24650001525879,16.25,104880000,0.2975006103515625,0.3457855497087751
2014-06-09,16.375,16.649999618530273,16.282499313354492,16.578500747680664,64244000,0.36750030517578125,0.3534998893737793
2014-06-10,16.620500564575195,16.774999618530273,16.375,16.38249969482422,73268000,0.39999961853027344,0.3545355796813965
2014-06-11,16.760000228881836,17.035999298095703,16.694000244140625,16.799999237060547,88736000,0.3419990539550781,0.3631069319588797
2014-06-12,16.295499801635742,16.77750015258789,16.232999801635742,16.77750015258789,85526000,0.5445003509521484,0.3822498321533203
2014-06-13,16.313499450683594,16.46500015258789,16.17650032043457,16.352500915527344,55296000,0.2884998321533203,0.3762497901916504
2014-06-16,16.381000518798828,16.434499740600586,16.176000595092773,16.243000030517578,48996000,0.2584991455078125,0.3688212122235979
2014-06-17,16.2810001373291,16.566999435424805,16.261499404907227,16.37700080871582,58482000,0.3055000305175781,0.36778552191598074
2014-06-18,16.7189998626709,16.787500381469727,16.25,16.399999618530273,128030000,0.5375003814697266,0.3894998686654227
2014-06-19,16.350000381469727,16.94499969482422,16.298999786376953,16.76300048828125,106412000,0.6459999084472656,0.4103569984436035
2014-06-20,16.209999084472656,16.410999298095703,16.020999908447266,16.38800048828125,121080000,0.3899993896484375,0.41821411677769255
2014-06-23,16.36199951171875,16.377500534057617,16.070499420166016,16.166500091552734,52096000,0.30700111389160156,0.42996420179094585
2014-06-24,16.20800018310547,16.486499786376953,16.136999130249023,16.37700080871582,52532000,0.3495006561279297,0.4347142492021833
2014-06-25,16.371999740600586,16.407499313354492,16.086999893188477,16.21649932861328,46556000,0.3204994201660156,0.3824642726353237
2014-06-26,16.284500122070312,16.4325008392334,16.10650062561035,16.42449951171875,53990000,0.3260002136230469,0.38449995858328684
2014-06-27,16.228500366210938,16.326000213623047,16.16349983215332,16.29400062561035,48324000,0.16250038146972656,0.36985710688999723
2014-06-30,16.23900032043457,16.349000930786133,16.11199951171875,16.249000549316406,53426000,0.2370014190673828,0.3582143783569336
2014-07-01,16.61949920654297,16.65999984741211,16.2549991607666,16.292999267578125,63472000,0.4050006866455078,0.36271449497767855
2014-07-02,16.642499923706055,16.83799934387207,16.58300018310547,16.65999984741211,53626000,0.25499916076660156,0.3420358385358538
2014-07-03,16.874500274658203,16.915000915527344,16.65399932861328,16.741500854492188,38886000,0.2610015869140625,0.3400716781616211
2014-07-07,16.677499771118164,16.877500534057617,16.625999450683594,16.875,42578000,0.25150108337402344,0.3395718165806362
2014-07-08,16.190500259399414,16.687000274658203,16.06999969482422,16.655000686645508,85432000,0.6170005798339844,0.3618218558175223
2014-07-09,16.49850082397461,16.510000228881836,16.157499313354492,16.23550033569336,63322000,0.35250091552734375,0.34860760825020926
2014-07-10,16.395999908447266,16.499000549316406,16.13249969482422,16.216999053955078,53300000,0.3665008544921875,0.3286433901105608
2014-07-11,17.309999465942383,17.350000381469727,16.73550033569336,16.73550033569336,166016000,0.6145000457763672,0.3446791512625558
2014-07-14,17.766000747680664,17.78849983215332,17.26799964904785,17.351499557495117,112198000,0.5205001831054688,0.35992908477783203
2014-07-15,17.722000122070312,17.779499053955078,17.469999313354492,17.68600082397461,83418000,0.30949974060058594,0.3570718765258789
2014-07-16,17.795000076293945,17.965999603271484,17.649999618530273,17.7810001373291,70072000,0.31599998474121094,0.35675048828125
2014-07-17,17.622499465942383,17.847999572753906,17.569000244140625,17.672000885009766,72720000,0.27899932861328125,0.35339328220912386
2014-07-18,17.933000564575195,17.983999252319336,17.604000091552734,17.719999313354492,68148000,0.37999916076660156,0.3689289093017578
2014-07-21,17.988000869750977,18.085500717163086,17.836000442504883,17.905000686645508,45568000,0.24950027465820312,0.3698216847011021
2014-07-22,18.04199981689453,18.146499633789062,17.762500762939453,17.762500762939453,57778000,0.3839988708496094,0.3683215550013951
2014-07-23,17.906999588012695,18.0314998626709,17.83099937438965,17.952499389648438,53746000,0.20050048828125,0.36442879268101286
2014-07-24,17.930500030517578,18.24250030517578,17.926000595092773,17.999000549316406,141774000,0.3164997100830078,0.3683929443359375
2014-07-25,16.20050048828125,16.243499755859375,15.73799991607666,15.864999771118164,356930000,0.5054998397827148,0.386535712650844
2014-07-28,16.02050018310547,16.240999221801758,15.824999809265137,16.212499618530273,118640000,0.4159994125366211,0.3721784864153181
2014-07-29,16.0,16.145000457763672,15.975000381469727,16.099000930786133,57676000,0.1700000762939453,0.35914271218436106
2014-07-30,16.125499725341797,16.136499404907227,15.925000190734863,16.072500228881836,79380000,0.21149921417236328,0.34807116644723074
2014-07-31,15.649499893188477,16.034000396728516,15.593000411987305,16.000499725341797,103840000,0.44099998474121094,0.33567830494471956
2014-08-01,15.352999687194824,15.791500091552734,15.229499816894531,15.684499740600586,148830000,0.5620002746582031,0.33864259719848633
2014-08-04,15.682499885559082,15.809000015258789,15.425000190734863,15.442000389099121,84018000,0.3839998245239258,0.3439640317644392
2014-08-05,15.616000175476074,15.727499961853027,15.503000259399414,15.664999961853027,57042000,0.22449970245361328,0.33742829731532503
2014-08-06,15.694499969482422,15.788999557495117,15.510000228881836,15.541500091552734,45938000,0.27899932861328125,0.33742829731532503
2014-08-07,15.572500228881836,15.793999671936035,15.482500076293945,15.760499954223633,58712000,0.31149959564208984,0.33253547123500277
2014-08-08,15.84000015258789,15.866000175476074,15.532999992370605,15.597000122070312,54118000,0.33300018310546875,0.33849975040980745
2014-08-11,15.916500091552734,16.018999099731445,15.843999862670898,15.923999786376953,49372000,0.17499923706054688,0.32357120513916016
2014-08-12,15.965999603271484,16.065500259399414,15.84749984741211,15.944499969482422,38316000,0.2180004119873047,0.3248211996895926
2014-08-13,16.31399917602539,16.586000442504883,16.30699920654297,16.3799991607666,98782000,0.27900123596191406,0.32214273725237164
2014-08-14,16.660499572753906,16.704500198364258,16.335500717163086,16.389999389648438,68408000,0.3689994812011719,0.3123927116394043
2014-08-15,16.681499481201172,16.75,16.416000366210938,16.700000762939453,77934000,0.3339996337890625,0.30653558458600727
2014-08-18,16.726499557495117,16.889999389648438,16.688499450683594,16.77400016784668,49708000,0.20149993896484375,0.3087855747767857
2014-08-19,16.756500244140625,16.79050064086914,16.65049934387207,16.743499755859375,34276000,0.1400012969970703,0.3036785806928362
2014-08-20,16.788999557495117,16.857999801635742,16.701000213623047,16.733999252319336,36210000,0.1569995880126953,0.2833928380693708
2014-08-21,16.64550018310547,16.82900047302246,16.611499786376953,16.823999404907227,39422000,0.2175006866455078,0.2587857246398926
2014-08-22,16.579500198364258,16.70400047302246,16.540000915527344,16.649499893188477,44224000,0.1639995574951172,0.24307141985212052
2014-08-25,16.701000213623047,16.838499069213867,16.635499954223633,16.660499572753906,39154000,0.20299911499023438,0.24153566360473633
2014-08-26,17.09149932861328,17.218000411987305,16.727500915527344,16.850000381469727,73094000,0.49049949645996094,0.25664281845092773
2014-08-27,17.159000396728516,17.333499908447266,17.066999435424805,17.10449981689453,59232000,0.26650047302246094,0.2534285954066685
2014-08-28,17.000999450683594,17.089500427246094,16.940000534057617,17.0,45054000,0.14949989318847656,0.24032143184116908
2014-08-29,16.95199966430664,17.090999603271484,16.884000778198242,17.08799934387207,38790000,0.2069988250732422,0.24260711669921875
2014-09-02,17.118999481201172,17.125,16.857999801635742,16.999000549316406,46520000,0.2670001983642578,0.2461071014404297
2014-09-03,16.950000762939453,17.16349983215332,16.877500534057617,17.12700080871582,39874000,0.2859992980957031,0.24660696302141463
2014-09-04,17.297500610351562,17.4689998626709,17.179000854492188,17.184499740600586,79312000,0.28999900817871094,0.24096407209123885
2014-09-05,17.319000244140625,17.34149932861328,17.125,17.315000534057617,42140000,0.21649932861328125,0.2325711931501116
2014-09-08,17.117000579833984,17.29050064086914,16.95199966430664,17.226999282836914,59106000,0.3385009765625,0.2423569815499442
2014-09-09,16.487499237060547,17.08799934387207,16.458999633789062,17.08049964904785,92936000,0.6289997100830078,0.2772854396275112
2014-09-10,16.566499710083008,16.749000549316406,16.44099998474121,16.71500015258789,75948000,0.3080005645751953,0.2880712236676897
2014-09-11,16.525999069213867,16.65049934387207,16.319499969482422,16.496999740600586,54404000,0.33099937438964844,0.2961782727922712
2014-09-12,16.559499740600586,16.644500732421875,16.43950080871582,16.47800064086914,68586000,0.2049999237060547,0.29910687037876676
2014-09-15,16.194499969482422,16.566499710083008,15.949999809265137,16.545499801635742,80008000,0.6164999008178711,0.32864264079502653
2014-09-16,16.38800048828125,16.474000930786133,16.0049991607666,16.053499221801758,65198000,0.46900177001953125,0.32710708890642437
2014-09-17,16.200000762939453,16.399999618530273,16.076000213623047,16.38800048828125,82720000,0.32399940490722656,0.3312141554696219
2014-09-18,16.25,16.354999542236328,16.18549919128418,16.27199935913086,51538000,0.16950035095214844,0.33264275959559847
2014-09-19,16.56599998474121,16.63800048828125,16.278499603271484,16.3799991607666,137724000,0.3595008850097656,0.34353576387677875
2014-09-22,16.225000381469727,16.47450065612793,16.05299949645996,16.42449951171875,62194000,0.42150115966796875,0.3545715468270438
2014-09-23,16.181499481201172,16.3799991607666,16.0625,16.12299919128418,47052000,0.31749916076660156,0.35682153701782227
2014-09-24,16.410499572753906,16.472000122070312,15.977999687194824,16.208499908447266,52844000,0.4940004348754883,0.3713930674961635
2014-09-25,16.096500396728516,16.427000045776367,16.06999969482422,16.399499893188477,58576000,0.35700035095214844,0.3814288548060826
2014-09-26,16.160499572753906,16.174999237060547,15.881999969482422,16.030000686645508,72760000,0.292999267578125,0.3781787327357701
2014-09-29,16.090999603271484,16.1875,15.949999809265137,16.024999618530273,38492000,0.23750019073486328,0.35021448135375977
2014-09-30,16.121999740600586,16.171499252319336,15.92549991607666,16.06800079345703,52724000,0.24599933624267578,0.3457858221871512
2014-10-01,15.873000144958496,16.10849952697754,15.77750015258789,16.101999282836914,61782000,0.33099937438964844,0.3457858221871512
2014-10-02,15.920499801635742,15.92650032043457,15.565500259399414,15.845999717712402,71078000,0.36100006103515625,0.3569286891392299
2014-10-03,16.136999130249023,16.257999420166016,15.976499557495117,16.01799964904785,60748000,0.28149986267089844,0.33300011498587473
2014-10-06,16.110000610351562,16.206499099731445,15.979999542236328,16.174999237060547,45806000,0.2264995574951172,0.315678528376988
2014-10-07,15.848999977111816,16.100000381469727,15.833499908447266,15.971500396728516,47308000,0.26650047302246094,0.3115714618137905
2014-10-08,16.135000228881836,16.20549964904785,15.706999778747559,15.829000473022461,69056000,0.49849987030029297,0.3350714274815151
2014-10-09,15.768500328063965,16.113500595092773,15.72599983215332,16.074499130249023,71758000,0.3875007629394531,0.33707141876220703
2014-10-10,15.569499969482422,15.888500213623047,15.569000244140625,15.701000213623047,73638000,0.3194999694824219,0.3297856194632394
2014-10-13,15.322500228881836,15.65999984741211,15.173500061035156,15.493499755859375,87278000,0.4864997863769531,0.34185709272112164
2014-10-14,15.415499687194824,15.612000465393066,15.287500381469727,15.399999618530273,67716000,0.32450008392333984,0.3297499247959682
2014-10-15,15.298500061035156,15.395000457763672,14.954999923706055,15.217499732971191,106878000,0.4400005340576172,0.3356785093035017
2014-10-16,15.142999649047852,15.340999603271484,14.691499710083008,14.691499710083008,94626000,0.6494998931884766,0.36114283970424105
2014-10-17,15.182000160217285,15.460000038146973,15.13599967956543,15.357500076293945,88102000,0.32400035858154297,0.36732142312186106
2014-10-20,15.310500144958496,15.326499938964844,15.10099983215332,15.147500038146973,64690000,0.22550010681152344,0.3658571924482073
2014-10-21,15.766500473022461,15.781999588012695,15.353500366210938,15.494999885559082,71186000,0.4284992218017578,0.37282146726335796
2014-10-22,15.648500442504883,15.949000358581543,15.631999969482422,15.771499633789062,62518000,0.3170003890991211,0.36967863355364117
2014-10-23,15.659000396728516,15.84000015258789,15.569999694824219,15.670000076293945,180764000,0.2700004577636719,0.3688572474888393
2014-10-24,14.352999687194824,14.690500259399414,14.199999809265137,14.220000267028809,396022000,0.49050045013427734,0.38771445410592215
2014-10-27,14.498499870300293,14.520999908447266,14.25100040435791,14.28499984741211,119012000,0.26999950408935547,0.3879643848964146
2014-10-28,14.779500007629395,14.899999618530273,14.48799991607666,14.48799991607666,111452000,0.4119997024536133,0.38178580147879465
2014-10-29,14.706000328063965,14.980500221252441,14.653499603271484,14.955499649047852,97638000,0.32700061798095703,0.37746436255318777
2014-10-30,14.953499794006348,14.987000465393066,14.618000030517578,14.699000358581543,81104000,0.3690004348754883,0.38100011008126394
2014-10-31,15.27299976348877,15.28600025177002,15.074999809265137,15.257499694824219,91014000,0.2110004425048828,0.3613215855189732
2014-11-03,15.28600025177002,15.400500297546387,15.161999702453613,15.312000274658203,64850000,0.23850059509277344,0.3551787648882185
2014-11-04,15.14050006866455,15.212499618530273,15.008500099182129,15.19950008392334,68548000,0.20399951934814453,0.3383215495518276
2014-11-05,14.826000213623047,15.199999809265137,14.708000183105469,15.150500297546387,93490000,0.49199962615966797,0.32707153047834125
2014-11-06,14.831999778747559,14.850000381469727,14.614500045776367,14.834500312805176,75162000,0.23550033569335938,0.3207501002720424
2014-11-07,14.993000030517578,14.999500274658203,14.814499855041504,14.890999794006348,52948000,0.18500041961669922,0.3178572654724121
2014-11-10,15.255499839782715,15.289999961853027,15.0,15.0,56182000,0.28999996185302734,0.3079644611903599
2014-11-11,15.600500106811523,15.619000434875488,15.182499885559082,15.29699993133545,76072000,0.43650054931640625,0.316500186920166
2014-11-12,15.575499534606934,15.628999710083008,15.439499855041504,15.537500381469727,43660000,0.1894998550415039,0.3107501438685826
2014-11-13,15.824000358581543,15.894499778747559,15.575499534606934,15.600000381469727,73728000,0.319000244140625,0.29850012915475027
2014-11-14,16.391000747680664,16.643999099731445,15.819999694824219,15.855999946594238,177556000,0.8239994049072266,0.33807155064174105
2014-11-17,16.15250015258789,16.399999618530273,15.90149974822998,16.32200050354004,95698000,0.49849987030029297,0.34425013405936106
2014-11-18,16.24650001525879,16.47800064086914,16.162500381469727,16.199499130249023,70990000,0.31550025939941406,0.3434286798749651
2014-11-19,16.32699966430664,16.420000076293945,16.201000213623047,16.362499237060547,65632000,0.21899986267089844,0.332714353288923
2014-11-20,16.527000427246094,16.633499145507812,16.166500091552734,16.200000762939453,68734000,0.4669990539550781,0.35099996839250835
2014-11-21,16.631500244140625,16.916500091552734,16.57349967956543,16.770999908447266,89332000,0.3430004119873047,0.35846424102783203
2014-11-24,16.781999588012695,16.86949920654297,16.68000030517578,16.73900032043457,55084000,0.1894989013671875,0.3574284826006208
2014-11-25,16.75200080871582,16.816499710083008,16.56399917602539,16.763500213623047,51300000,0.2525005340576172,0.3403214045933315
2014-11-26,16.678499221801758,16.732500076293945,16.587499618530273,16.68899917602539,39672000,0.14500045776367188,0.3338571275983538
2014-11-28,16.93199920654297,17.062999725341797,16.80150032043457,16.80150032043457,61036000,0.26149940490722656,0.33932134083339144
2014-12-01,16.299999237060547,17.031999588012695,16.296499252319336,16.9060001373291,98898000,0.7355003356933594,0.3711427961077009
2014-12-02,16.315500259399414,16.396499633789062,16.162500381469727,16.375,55806000,0.23399925231933594,0.3566784177507673
2014-12-03,15.824999809265137,16.338499069213867,15.718000411987305,16.286500930786133,113620000,0.6204986572265625,0.3874640464782715
2014-12-04,15.846500396728516,15.929499626159668,15.673500061035156,15.77649974822998,65806000,0.2559995651245117,0.38296399797712055
2014-12-05,15.631500244140625,15.846500396728516,15.541999816894531,15.84000015258789,65304000,0.3045005798339844,0.34585693904331755
2014-12-08,15.331999778747559,15.82800006866455,15.241000175476074,15.578499794006348,72784000,0.5869998931884766,0.3521783692496164
2014-12-09,15.625,15.682000160217285,15.057000160217285,15.149499893188477,80990000,0.625,0.37428549357822966
2014-12-10,15.291999816894531,15.659500122070312,15.234000205993652,15.600000381469727,64918000,0.42549991607666016,0.3890354973929269
2014-12-11,15.368000030517578,15.631999969482422,15.30049991607666,15.394499778747559,65258000,0.3315000534057617,0.37935699735369
2014-12-12,15.366000175476074,15.531999588012695,15.150500297546387,15.19950008392334,63070000,0.3814992904663086,0.3821069172450474
2014-12-15,15.303500175476074,15.543000221252441,15.107500076293945,15.443499565124512,76832000,0.4355001449584961,0.3996784346444266
2014-12-16,14.753000259399414,15.224499702453613,14.750499725341797,15.217499732971191,130026000,0.4739999771118164,0.41549982343401226
2014-12-17,14.944000244140625,14.983499526977539,14.65149974822998,14.818499565124512,88670000,0.3319997787475586,0.4288569177900042
2014-12-18,14.886500358581543,15.225000381469727,14.662500381469727,15.200499534606934,154762000,0.5625,0.45035696029663086
2014-12-19,14.994999885559082,15.07699966430664,14.776000022888184,14.845499992370605,174182000,0.30099964141845703,0.4193211964198521
2014-12-22,15.32699966430664,15.368000030517578,15.097000122070312,15.097000122070312,80076000,0.2709999084472656,0.42196410042898996
2014-12-23,15.314499855041504,15.374500274658203,15.162500381469727,15.348999977111816,54274000,0.21199989318847656,0.3927856172834124
2014-12-24,15.15149974822998,15.350000381469727,15.144000053405762,15.319000244140625,30276000,0.20600032806396484,0.389214243207659
2014-12-26,15.454500198364258,15.538999557495117,15.190500259399414,15.25,57876000,0.3484992980957031,0.3923570087977818
2014-12-29,15.60200023651123,15.713500022888184,15.329000473022461,15.392499923706055,60180000,0.38449954986572266,0.3778926985604422
2014-12-30,15.515000343322754,15.696999549865723,15.467000007629395,15.495499610900879,41860000,0.22999954223632812,0.3496783801487514
2014-12-31,15.517499923706055,15.64900016784668,15.500499725341797,15.577500343322754,40960000,0.1485004425048828,0.329892703465053
2015-01-02,15.425999641418457,15.737500190734863,15.347999572753906,15.628999710083008,55664000,0.38950061798095703,0.3340356009347098
2015-01-05,15.10949993133545,15.418999671936035,15.042499542236328,15.350500106811523,55484000,0.37650012969970703,0.33367851802280973
2015-01-06,14.76449966430664,15.149999618530273,14.619000434875488,15.112000465393066,70380000,0.5309991836547852,0.3404998779296875
2015-01-07,14.920999526977539,15.064000129699707,14.766500473022461,14.875,52806000,0.2974996566772461,0.32789271218436106
2015-01-08,15.02299976348877,15.156999588012695,14.805500030517578,15.015999794006348,61768000,0.3514995574951172,0.3292855535234724
2015-01-09,14.846500396728516,15.143500328063965,14.833999633789062,15.074000358581543,51848000,0.30950069427490234,0.31121417454310824
2015-01-12,14.570500373840332,14.92549991607666,14.46399974822998,14.878000259399414,68428000,0.4615001678466797,0.3226784978594099
2015-01-13,14.737000465393066,15.074999809265137,14.661499977111816,14.87399959564209,82728000,0.4134998321533203,0.3328570638384138
2015-01-14,14.66349983215332,14.795499801635742,14.324999809265137,14.596500396728516,110774000,0.47049999237060547,0.35132135663713726
2015-01-15,14.34749984741211,14.800000190734863,14.340999603271484,14.699999809265137,88384000,0.4590005874633789,0.36939280373709543
2015-01-16,14.536999702453613,14.53950023651123,14.262499809265137,14.314000129699707,69564000,0.27700042724609375,0.3642857415335519
2015-01-20,14.472000122070312,14.668000221252441,14.319499969482422,14.629500389099121,61502000,0.34850025177001953,0.36171436309814453
2015-01-21,14.862500190734863,15.300000190734863,14.36299991607666,14.482000350952148,201302000,0.9370002746582031,0.41221441541399273
2015-01-22,15.515999794006348,15.612500190734863,15.0,15.0,107252000,0.6125001907348633,0.4453572545732771
2015-01-23,15.619500160217285,15.846500396728516,15.38599967956543,15.404000282287598,89928000,0.46050071716308594,0.4504286902291434
2015-01-26,15.482999801635742,15.649999618530273,15.37600040435791,15.590999603271484,63394000,0.2739992141723633,0.44310719626290457
2015-01-27,15.337499618530273,15.51200008392334,15.131500244140625,15.3149995803833,58406000,0.38049983978271484,0.4323572431291853
2015-01-28,15.195500373840332,15.575499534606934,15.1899995803833,15.490500450134277,61276000,0.3854999542236328,0.4386429786682129
2015-01-29,15.58899974822998,15.640000343322754,14.966500282287598,15.236499786376953,173132000,0.6735000610351562,0.46164301463535856
2015-01-30,17.726499557495117,17.975000381469727,17.03700065612793,17.31599998474121,477122000,0.9379997253417969,0.5065358025687081
2015-02-02,18.223499298095703,18.25,17.500499725341797,17.502500534057617,204638000,0.7495002746582031,0.5271072387695312
2015-02-03,18.177499771118164,18.391000747680664,18.010499954223633,18.01449966430664,124252000,0.38050079345703125,0.5247501645769391
2015-02-04,18.237499237060547,18.375,17.911500930786133,17.91900062561035,83398000,0.4634990692138672,0.5242500986371722
2015-02-05,18.694499969482422,18.940000534057617,18.295000076293945,18.299999237060547,144952000,0.6450004577636719,0.5375358036586216
2015-02-06,18.714000701904297,18.79949951171875,18.550500869750977,18.743499755859375,77848000,0.24899864196777344,0.5355356761387416
2015-02-09,18.527999877929688,18.720500946044922,18.360000610351562,18.549999237060547,54492000,0.3605003356933594,0.5363928249904087
2015-02-10,18.649999618530273,18.71500015258789,18.425500869750977,18.559499740600586,45744000,0.28949928283691406,0.490142754146031
2015-02-11,18.756999969482422,18.854999542236328,18.55500030517578,18.561500549316406,55730000,0.2999992370605469,0.46782125745500835
2015-02-12,18.85849952697754,18.925500869750977,18.657499313354492,18.7549991607666,55822000,0.2680015563964844,0.45407131740025114
2015-02-13,19.09149932861328,19.149999618530273,18.850500106811523,18.920499801635742,69502000,0.29949951171875,0.455892767224993
2015-02-17,18.771499633789062,18.999500274658203,18.633499145507812,18.88599967956543,73464000,0.3660011291503906,0.4548571450369699
2015-02-18,18.668500900268555,18.836999893188477,18.642499923706055,18.68899917602539,53012000,0.19449996948242188,0.4412142889840262
2015-02-19,18.950000762939453,19.0939998626709,18.671499252319336,18.67449951171875,59076000,0.4225006103515625,0.423285756792341
2015-02-20,19.183000564575195,19.184999465942383,18.79199981689453,18.930999755859375,65160000,0.39299964904785156,0.384357179914202
2015-02-23,19.006999969482422,19.226999282836914,18.899999618530273,19.172000885009766,43540000,0.3269996643066406,0.3541785648890904
2015-02-24,18.929500579833984,19.02400016784668,18.808000564575195,18.9325008392334,38416000,0.21599960327148438,0.3424284798758371
2015-02-25,19.26849937438965,19.392499923706055,18.82699966430664,18.863500595092773,63490000,0.5655002593994141,0.3497142791748047
2015-02-26,19.239999771118164,19.4685001373291,19.163999557495117,19.203500747680664,53742000,0.3045005798339844,0.32539285932268414
2015-02-27,19.007999420166016,19.29949951171875,18.989500045776367,19.200000762939453,50646000,0.3099994659423828,0.32975006103515625
2015-03-02,19.283000946044922,19.295000076293945,18.974000930786133,19.042499542236328,42784000,0.3209991455078125,0.32692854745047434
2015-03-03,19.230499267578125,19.30500030517578,19.079999923706055,19.197500228881836,38930000,0.22500038146972656,0.3223214830671038
2015-03-04,19.13599967956543,19.395000457763672,19.109500885009766,19.285499572753906,45182000,0.28549957275390625,0.3212857927594866
2015-03-05,19.39150047302246,19.42099952697754,19.194499969482422,19.280500411987305,53870000,0.2264995574951172,0.3183213642665318
2015-03-06,19.004499435424805,19.350000381469727,18.944000244140625,19.275999069213867,52540000,0.40600013732910156,0.32592855181012836
2015-03-09,18.92799949645996,18.96649932861328,18.763999938964844,18.920000076293945,46228000,0.2024993896484375,0.3142498561314174
2015-03-10,18.475500106811523,18.888500213623047,18.458999633789062,18.872499465942383,62420000,0.4295005798339844,0.3310356140136719
2015-03-11,18.318500518798828,18.667499542236328,18.312999725341797,18.530500411987305,49902000,0.35449981689453125,0.3261784144810268
2015-03-12,18.711999893188477,18.774999618530273,18.375999450683594,18.44099998474121,56200000,0.3990001678466797,0.3266070229666574
2015-03-13,18.52899932861328,18.699499130249023,18.333999633789062,18.576000213623047,52234000,0.36549949645996094,0.32935701097760883
2015-03-16,18.667499542236328,18.69700050354004,18.336000442504883,18.518999099731445,47082000,0.36100006103515625,0.3397141865321568
2015-03-17,18.59600067138672,18.725000381469727,18.48200035095215,18.555500030517578,40740000,0.24300003051757812,0.31667845589773996
2015-03-18,18.756999969482422,18.79949951171875,18.334999084472656,18.49850082397461,53082000,0.46450042724609375,0.3281070164271763
2015-03-19,18.66200065612793,18.855499267578125,18.609500885009766,18.693500518798828,38314000,0.24599838256835938,0.32353551047188894
2015-03-20,18.92449951171875,18.9685001373291,18.79599952697754,18.81450080871582,75272000,0.1725006103515625,0.31292847224644255
2015-03-23,18.75550079345703,19.088499069213867,18.746999740600586,18.903499603271484,44786000,0.34149932861328125,0.3212498256138393
2015-03-24,18.704500198364258,18.761999130249023,18.613500595092773,18.699499130249023,44564000,0.14849853515625,0.3114640372140067
2015-03-25,18.54800033569336,19.024999618530273,18.51449966430664,18.758499145507812,68590000,0.5104999542236328,0.3317497798374721
2015-03-26,18.36750030517578,18.56999969482422,18.282499313354492,18.47949981689453,58600000,0.28750038146972656,0.32328551156180246
2015-03-27,18.527999877929688,18.65850067138672,18.328500747680664,18.355499267578125,52196000,0.3299999237060547,0.33239269256591797
2015-03-30,18.72949981689453,18.805999755859375,18.577499389648438,18.5935001373291,36418000,0.2285003662109375,0.31803553444998606
2015-03-31,18.604999542236328,18.885000228881836,18.57550048828125,18.66200065612793,50122000,0.30949974060058594,0.3148212432861328
2015-04-01,18.51300048828125,18.658000946044922,18.41699981689453,18.604999542236328,49162000,0.24100112915039062,0.3035355976649693
2015-04-02,18.612499237060547,18.663999557495117,18.450000762939453,18.524999618530273,37506000,0.21399879455566406,0.29271411895751953
2015-04-06,18.851999282836914,19.010000228881836,18.468000411987305,18.5049991607666,61014000,0.5419998168945312,0.3056426729474749
2015-04-07,18.720500946044922,18.965499877929688,18.701499938964844,18.8075008392334,39098000,0.26399993896484375,0.30714266640799387
2015-04-08,19.059999465942383,19.07900047302246,18.732500076293945,18.732999801635742,52728000,0.3465003967285156,0.29871409279959543
2015-04-09,19.177000045776367,19.22100067138672,18.940000534057617,19.033000946044922,47846000,0.28100013732910156,0.30121421813964844
2015-04-10,19.13249969482422,19.356000900268555,19.06599998474121,19.215499877929688,51470000,0.29000091552734375,0.30960709708077566
2015-04-13,19.118000030517578,19.263999938964844,19.006999969482422,19.17650032043457,37890000,0.2569999694824219,0.30357142857142855
2015-04-14,19.25550079345703,19.390499114990234,19.06049919128418,19.175500869750977,51672000,0.3299999237060547,0.3165358134678432
2015-04-15,19.172500610351562,19.288999557495117,19.082000732421875,19.232500076293945,38664000,0.2069988250732422,0.2948571613856724
2015-04-16,19.302000045776367,19.372499465942383,19.177499771118164,19.184499740600586,41608000,0.19499969482421875,0.2882499694824219
2015-04-17,18.777999877929688,19.17799949645996,18.719999313354492,19.131500244140625,76794000,0.45800018310546875,0.2973928451538086
2015-04-20,19.475500106811523,19.597000122070312,18.850000381469727,18.927499771118164,100322000,0.7469997406005859,0.3344285147530692
2015-04-21,19.55900001525879,19.729999542236328,19.34000015258789,19.565500259399414,92870000,0.3899993896484375,0.3401784896850586
2015-04-22,19.489999771118164,19.714000701904297,19.399999618530273,19.595500946044922,69494000,0.31400108337402344,0.3453927721296038
2015-04-23,19.499500274658203,19.5939998626709,19.3075008392334,19.510499954223633,159600000,0.2864990234375,0.35057135990687777
2015-04-24,22.2549991607666,22.63249969482422,21.950000762939453,21.950000762939453,343538000,0.6824989318847656,0.36060701097760883
2015-04-27,21.92799949645996,22.34950065612793,21.870500564575195,22.19300079345703,108618000,0.4790000915527344,0.3759641647338867
2015-04-28,21.465499877929688,21.950000762939453,21.402000427246094,21.925500869750977,82810000,0.5480003356933594,0.39035701751708984
2015-04-29,21.4685001373291,21.711999893188477,21.30150032043457,21.337499618530273,72434000,0.41049957275390625,0.3996069771902902
2015-04-30,21.089000701904297,21.587499618530273,20.961999893188477,21.355499267578125,72958000,0.6254997253417969,0.42357117789132254
2015-05-01,21.14349937438965,21.281999588012695,20.799999237060547,21.19099998474121,71316000,0.48200035095214844,0.4396426337105887
2015-05-04,21.152000427246094,21.488500595092773,21.121000289916992,21.239999771118164,45408000,0.36750030517578125,0.4423212323869978
2015-05-05,21.059499740600586,21.375499725341797,21.051000595092773,21.142499923706055,57128000,0.32449913024902344,0.450714111328125
2015-05-06,20.954999923706055,21.13599967956543,20.727500915527344,21.071500778198242,51050000,0.40849876403808594,0.4659640448434012
2015-05-07,21.3439998626709,21.424999237060547,21.142499923706055,21.207500457763672,55322000,0.2824993133544922,0.4534282684326172
2015-05-08,21.684499740600586,21.760000228881836,21.508499145507812,21.537500381469727,58176000,0.25150108337402344,0.41803550720214844
2015-05-11,21.642499923706055,21.950000762939453,21.568500518798828,21.625499725341797,47874000,0.381500244140625,0.41742842538016184
2015-05-12,21.551000595092773,21.662500381469727,21.335500717163086,21.554000854492188,38956000,0.3269996643066406,0.41835689544677734
2015-05-13,21.3435001373291,21.67650032043457,21.290000915527344,21.499000549316406,39926000,0.38649940490722656,0.4254997798374721
2015-05-14,21.61400032043457,21.649999618530273,21.350500106811523,21.47249984741211,37770000,0.29949951171875,0.3981426783970424
2015-05-15,21.299999237060547,21.520000457763672,21.21500015258789,21.399999618530273,84806000,0.30500030517578125,0.38571412222726004
2015-05-18,21.261999130249023,21.363500595092773,21.072999954223633,21.299999237060547,47804000,0.2905006408691406,0.367321286882673
2015-05-19,21.085500717163086,21.41200065612793,21.0314998626709,21.243499755859375,49284000,0.38050079345703125,0.3651785169328962
2015-05-20,21.19300079345703,21.354999542236328,20.917999267578125,21.030000686645508,43924000,0.4370002746582031,0.35171427045549664
2015-05-21,21.581499099731445,21.844999313354492,21.399999618530273,21.399999618530273,82428000,0.44499969482421875,0.34907136644635883
2015-05-22,21.381500244140625,21.621999740600586,21.38050079345703,21.577499389648438,40412000,0.2414989471435547,0.3400712694440569
2015-05-26,21.273500442504883,21.350000381469727,21.100000381469727,21.309999465942383,44884000,0.25,0.3347499029976981
2015-05-27,21.570999145507812,21.592500686645508,21.250499725341797,21.372499465942383,44622000,0.34200096130371094,0.33000005994524273
2015-05-28,21.328500747680664,21.5674991607666,21.273500442504883,21.48550033569336,38248000,0.29399871826171875,0.33082144601004465
2015-05-29,21.46150016784668,21.625,21.361499786376953,21.361499786376953,60322000,0.2635002136230469,0.33167852674211773
2015-06-01,21.54599952697754,21.658000946044922,21.309999465942383,21.520000457763672,45066000,0.34800148010253906,0.32928575788225445
2015-06-02,21.54949951171875,21.661500930786133,21.3125,21.50349998474121,33378000,0.3490009307861328,0.3308572769165039
2015-06-03,21.829500198364258,21.91950035095215,21.637500762939453,21.719999313354492,54558000,0.2819995880126953,0.32339300428118023
2015-06-04,21.538999557495117,21.83799934387207,21.46299934387207,21.719999313354492,50216000,0.375,0.32878589630126953
2015-06-05,21.34749984741211,21.540000915527344,21.325000762939453,21.482999801635742,38158000,0.21500015258789062,0.32235731397356304
2015-06-08,21.174999237060547,21.34000015258789,21.071500778198242,21.2810001373291,43450000,0.26849937438964844,0.32078579493931364
2015-06-09,21.27400016784668,21.374500274658203,20.957000732421875,21.148000717163086,45774000,0.4174995422363281,0.3234285627092634
2015-06-10,21.53849983215332,21.610000610351562,21.283000946044922,21.322999954223633,43446000,0.3269996643066406,0.31557137625558035
2015-06-11,21.648500442504883,21.944499969482422,21.57349967956543,21.614500045776367,58450000,0.3710002899169922,0.31028570447649273
2015-06-12,21.496000289916992,21.618000030517578,21.413000106811523,21.5625,41088000,0.2049999237060547,0.3076786313738142
2015-06-15,21.183500289916992,21.40250015258789,21.131999969482422,21.382999420166016,41020000,0.27050018310546875,0.30914293016706196
2015-06-16,21.363000869750977,21.398500442504883,21.133499145507812,21.207500457763672,45928000,0.2650012969970703,0.303642954145159
2015-06-17,21.390499114990234,21.5674991607666,21.237499237060547,21.417999267578125,43718000,0.3299999237060547,0.30621446881975445
2015-06-18,21.969499588012695,21.986499786376953,21.470500946044922,21.514999389648438,67568000,0.5159988403320312,0.32425008501325336
2015-06-19,21.746000289916992,22.249500274658203,21.66200065612793,22.01300048828125,89902000,0.5874996185302734,0.3413570949009487
2015-06-22,21.81450080871582,21.961999893188477,21.708999633789062,21.850000381469727,36472000,0.25300025939941406,0.3344999040876116
2015-06-23,22.29949951171875,22.351999282836914,21.684499740600586,21.779499053955078,64900000,0.6674995422363281,0.3620356151035854
2015-06-24,22.04199981689453,22.32349967956543,22.011499404907227,22.24850082397461,52416000,0.3120002746582031,0.3575356347220285
2015-06-25,22.0049991607666,22.173500061035156,21.819499969482422,21.903499603271484,44750000,0.3540000915527344,0.36746420179094585
2015-06-26,21.905000686645508,22.17449951171875,21.753000259399414,22.08799934387207,52490000,0.42149925231933594,0.37839276450020926
2015-06-29,21.493000030517578,21.850000381469727,21.450000762939453,21.749000549316406,55064000,0.39999961853027344,0.3771427699497768
2015-06-30,21.704500198364258,21.778499603271484,21.523000717163086,21.709999084472656,51938000,0.25549888610839844,0.3720355715070452
2015-07-01,21.86949920654297,22.0,21.77899932861328,21.967500686645508,39742000,0.22100067138671875,0.3613213130405971
2015-07-02,21.885499954223633,21.90999984741211,21.673999786376953,21.850000381469727,26868000,0.23600006103515625,0.36353560856410433
2015-07-06,21.802000045776367,21.986499786376953,21.676000595092773,21.761499404907227,38064000,0.3104991912841797,0.3663926805768694
2015-07-07,21.836000442504883,21.886499404907227,21.278499603271484,21.784000396728516,69084000,0.6079998016357422,0.390892573765346
2015-07-08,21.485000610351562,21.79949951171875,21.441499710083008,21.717500686645508,47662000,0.3579998016357422,0.3928925650460379
2015-07-09,21.719499588012695,21.93600082397461,21.707500457763672,21.7450008392334,45428000,0.2285003662109375,0.3723569597516741
2015-07-10,22.175500869750977,22.236000061035156,21.950000762939453,22.024499893188477,48020000,0.2859992980957031,0.3508212225777762
2015-07-13,22.778499603271484,22.89349937438965,22.37700080871582,22.414499282836914,79136000,0.5164985656738281,0.3696425301688058
2015-07-14,23.278499603271484,23.479999542236328,22.908000946044922,23.115999221801758,94724000,0.5719985961914062,0.36282103402273996
2015-07-15,23.059499740600586,23.235000610351562,23.010000228881836,23.152000427246094,59748000,0.22500038146972656,0.3566067559378488
2015-07-16,23.77400016784668,23.79400062561035,23.239999771118164,23.274999618530273,81912000,0.5540008544921875,0.3708925247192383
2015-07-17,24.15049934387207,24.270999908447266,23.862499237060547,23.885000228881836,98644000,0.40850067138671875,0.3699640546526228
2015-07-20,24.405000686645508,24.65999984741211,24.270000457763672,24.62849998474121,95050000,0.3899993896484375,0.3692497525896345
2015-07-21,24.399999618530273,24.444000244140625,24.127500534057617,24.395000457763672,63636000,0.3164997100830078,0.3736069543021066
2015-07-22,24.41349983215332,24.625,24.2450008392334,24.29949951171875,62298000,0.37999916076660156,0.3849639892578125
2015-07-23,24.108999252319336,24.58300018310547,23.78499984741211,24.58300018310547,187488000,0.7980003356933594,0.42510686601911274
2015-07-24,26.47100067138672,29.028499603271484,26.467500686645508,28.949499130249023,438188000,2.5609989166259766,0.5858568464006696
2015-07-27,26.570499420166016,27.247499465942383,26.329999923706055,26.387500762939453,149820000,0.9174995422363281,0.6079639707292829
2015-07-28,26.30150032043457,26.819499969482422,26.1560001373291,26.799999237060547,105462000,0.6634998321533203,0.6297854014805385
2015-07-29,26.450000762939453,26.648500442504883,26.250999450683594,26.54599952697754,75052000,0.39750099182128906,0.6418568747384208
2015-07-30,26.83799934387207,26.959999084472656,26.214500427246094,26.38249969482422,74862000,0.7454986572265625,0.6746782575334821
2015-07-31,26.8075008392334,27.142000198364258,26.72599983215332,26.954500198364258,60512000,0.4160003662109375,0.6674998147147042
2015-08-03,26.75149917602539,27.02199935913086,26.468000411987305,26.872499465942383,60284000,0.5539989471435547,0.6662141254970005
2015-08-04,26.594999313354492,26.84749984741211,26.45800018310547,26.484500885009766,58692000,0.3894996643066406,0.6779640742710659
2015-08-05,26.850500106811523,26.957000732421875,26.70599937438965,26.940000534057617,57788000,0.25100135803222656,0.6563212530953544
2015-08-06,26.472999572753906,27.136999130249023,26.375999450683594,26.96500015258789,76410000,0.7609996795654297,0.681499753679548
2015-08-07,26.131000518798828,26.472999572753906,25.910499572753906,26.45800018310547,79384000,0.5625,0.6938212258475167
2015-08-10,26.200000762939453,26.61400032043457,26.149999618530273,26.426000595092773,52318000,0.4640007019042969,0.7043570109776088
2015-08-11,26.37299919128418,26.448999404907227,26.100000381469727,26.1825008392334,53532000,0.3489990234375,0.7021427154541016
2015-08-12,26.295499801635742,26.375,25.652999877929688,26.1875,79246000,0.7220001220703125,0.6967141287667411
2015-08-13,26.482999801635742,26.732999801635742,26.274499893188477,26.368499755859375,57904000,0.4584999084472656,0.5465356281825474
2015-08-14,26.576000213623047,26.70549964904785,26.412500381469727,26.412500381469727,39896000,0.292999267578125,0.5019284657069615
2015-08-17,26.76099967956543,26.937000274658203,26.356000900268555,26.56450080871582,51634000,0.5809993743896484,0.4960355758666992
2015-08-18,26.750999450683594,26.97450065612793,26.649999618530273,26.75200080871582,41426000,0.32450103759765625,0.490821293422154
2015-08-19,26.645999908447266,26.862499237060547,26.450000762939453,26.687000274658203,46480000,0.41249847412109375,0.4670355660574777
2015-08-20,25.788999557495117,26.662500381469727,25.78849983215332,26.519500732421875,88160000,0.8740005493164062,0.4997498648507254
2015-08-21,24.723499298095703,25.616500854492188,24.723499298095703,25.368000030517578,134130000,0.8930015563964844,0.5239643369402204
2015-08-24,23.168500900268555,23.82900047302246,22.549999237060547,23.179000854492188,201952000,1.279001235961914,0.5875001634870257
2015-08-25,23.318500518798828,24.472000122070312,23.3125,24.374500274658203,113586000,1.1595001220703125,0.652392932346889
2015-08-26,25.03849983215332,25.18600082397461,23.937999725341797,24.201000213623047,127172000,1.2480010986328125,0.6871787479945591
2015-08-27,25.918500900268555,26.13450050354004,25.363000869750977,25.68549919128418,122290000,0.7714996337890625,0.7021072932652065
2015-08-28,25.90049934387207,26.075000762939453,25.652000427246094,25.875,54934000,0.4230003356933594,0.6991786956787109
2015-08-31,25.644500732421875,25.970500946044922,25.453500747680664,25.82200050354004,60046000,0.5170001983642578,0.7111787796020508
2015-09-01,24.82699966430664,25.5,24.671499252319336,24.957000732421875,77290000,0.8285007476806641,0.7187859671456474
2015-09-02,25.52750015258789,25.542999267578125,24.88599967956543,25.254499435424805,74142000,0.6569995880126953,0.7329645156860352
2015-09-03,25.236000061035156,25.79199981689453,25.12849998474121,25.725000381469727,62994000,0.6634998321533203,0.7594288417271206
2015-09-04,24.950000762939453,25.142499923706055,24.781999588012695,24.88249969482422,53850000,0.3605003356933594,0.7436789103916713
2015-09-08,25.87700080871582,25.917499542236328,25.425500869750977,25.434499740600586,76214000,0.49199867248535156,0.7556430271693638
2015-09-09,25.844499588012695,26.497499465942383,25.753000259399414,26.200000762939453,87414000,0.7444992065429688,0.7793573651994977
2015-09-10,26.11199951171875,26.306499481201172,25.73900032043457,25.75749969482422,51520000,0.5674991607666016,0.7574644088745117
2015-09-11,26.472000122070312,26.472000122070312,26.030500411987305,26.053499221801758,64558000,0.4414997100830078,0.7252142769949776
2015-09-14,26.069000244140625,26.622499465942383,25.929000854492188,26.472000122070312,62604000,0.6934986114501953,0.6833926609584263
2015-09-15,26.118499755859375,26.395999908447266,25.860000610351562,26.162500381469727,57318000,0.5359992980957031,0.6388568878173828
2015-09-16,26.36949920654297,26.415000915527344,25.926000595092773,26.099000930786133,45056000,0.4890003204345703,0.5846425465175084
2015-09-17,26.943500518798828,27.348499298095703,26.328500747680664,26.349000930786133,83390000,1.019998550415039,0.6023924691336495
2015-09-18,27.01300048828125,27.312000274658203,26.5674991607666,26.731000900268555,123202000,0.7445011138916016,0.625356810433524
2015-09-21,27.41950035095215,27.48900032043457,26.97949981689453,27.21649932861328,65666000,0.5095005035400391,0.6248211179460798
2015-09-22,26.920000076293945,27.177499771118164,26.632999420166016,26.98550033569336,76834000,0.5445003509521484,0.6045353753226144
2015-09-23,26.803499221801758,27.06049919128418,26.700000762939453,26.915000915527344,44752000,0.36049842834472656,0.5833567210606166
2015-09-24,26.6875,26.72800064086914,26.14349937438965,26.52750015258789,70020000,0.5845012664794922,0.5777139663696289
2015-09-25,26.212499618530273,27.139999389648438,26.06999969482422,27.12849998474121,80620000,1.0699996948242188,0.6283924920218331
2015-09-28,25.202999114990234,26.013999938964844,24.71649932861328,26.000999450683594,108690000,1.2975006103515625,0.6859283447265625
2015-09-29,24.803499221801758,25.573999404907227,24.524999618530273,25.299999237060547,89150000,1.0489997863769531,0.7076783861432757
2015-09-30,25.594499588012695,25.639999389648438,25.083499908447266,25.27199935913086,80094000,0.5564994812011719,0.706892694745745
2015-10-01,26.035999298095703,26.040000915527344,25.299999237060547,25.549999237060547,75370000,0.7400016784667969,0.7282142639160156
2015-10-02,26.62700080871582,26.6299991607666,25.405000686645508,25.649499893188477,91956000,1.2249984741210938,0.7661785398210798
2015-10-05,27.18400001525879,27.295499801635742,26.799999237060547,26.84950065612793,67828000,0.4955005645751953,0.7632857731410435
2015-10-06,26.874000549316406,27.575000762939453,26.666500091552734,27.274999618530273,90056000,0.9085006713867188,0.7932500839233398
2015-10-07,27.097000122070312,27.100000381469727,26.450000762939453,27.089500427246094,76242000,0.6499996185302734,0.7668215887887138
2015-10-08,26.658000946044922,26.969499588012695,25.99449920654297,26.835500717163086,93528000,0.9750003814697266,0.7832858221871513
2015-10-09,26.989999771118164,27.089500427246094,26.513500213623047,26.724000930786133,70748000,0.5760002136230469,0.7880358014787946
2015-10-12,27.50950050354004,27.541000366210938,26.989999771118164,26.99799919128418,55522000,0.5510005950927734,0.7885001046316964
2015-10-13,27.44499969482422,27.65999984741211,27.155000686645508,27.312999725341797,58760000,0.5049991607666016,0.7988215855189732
2015-10-14,27.241500854492188,27.612499237060547,26.983999252319336,27.566999435424805,71642000,0.6284999847412109,0.801964351109096
2015-10-15,28.121999740600586,28.149999618530273,27.350000381469727,27.387500762939453,98740000,0.7999992370605469,0.7826786041259766
2015-10-16,28.538000106811523,28.547000885009766,28.015499114990234,28.263500213623047,86316000,0.5315017700195312,0.7279644012451172
2015-10-19,28.657499313354492,28.950000762939453,28.368999481201172,28.538000106811523,87508000,0.5810012817382812,0.6945359366280692
2015-10-20,28.04400062561035,28.649999618530273,27.763999938964844,28.600000381469727,86924000,0.8859996795654297,0.7180716650826591
2015-10-21,27.78849983215332,28.262500762939453,27.625999450683594,28.193500518798828,66872000,0.6365013122558594,0.7106787817818778
2015-10-22,28.195499420166016,28.457500457763672,27.833499908447266,28.135000228881836,155588000,0.6240005493164062,0.667750358581543
2015-10-23,29.951499938964844,30.97249984741211,29.76799964904785,30.884000778198242,213854000,1.2045001983642578,0.718393189566476
2015-10-26,30.430500030517578,30.49250030517578,29.81450080871582,30.114999771118164,85394000,0.6779994964599609,0.7019288199288505
2015-10-27,30.550500869750977,30.73550033569336,30.276500701904297,30.43000030517578,75742000,0.4589996337890625,0.6882859638759068
2015-10-28,30.854999542236328,30.861499786376953,30.475000381469727,30.614999771118164,78524000,0.38649940490722656,0.6462501798357282
2015-10-29,31.327499389648438,31.37700080871582,30.769500732421875,30.885000228881836,77920000,0.6075000762939453,0.6485001700265067
2015-10-30,31.295000076293945,31.535999298095703,31.263999938964844,31.300500869750977,77488000,0.2719993591308594,0.6285715103149414
2015-11-02,31.417499542236328,31.431499481201172,31.02050018310547,31.35650062561035,56330000,0.4109992980957031,0.6218572344098773
2015-11-03,31.265499114990234,31.49449920654297,31.100000381469727,31.476499557495117,64938000,0.3944988250732422,0.6051428658621651
2015-11-04,32.04750061035156,32.29650115966797,31.36750030517578,31.38800048828125,96810000,0.9290008544921875,0.6143572671072823
2015-11-05,32.782501220703125,32.849998474121094,32.15449905395508,32.35499954223633,94476000,0.6954994201660156,0.6260713849748883
2015-11-06,32.96849822998047,33.112998962402344,32.599998474121094,32.75,81844000,0.51300048828125,0.6212141854422433
2015-11-09,32.77450180053711,33.097999572753906,32.39250183105469,32.932498931884766,80976000,0.7054977416992188,0.6083211898803711
2015-11-10,32.98400115966797,33.0,32.362998962402344,32.550498962402344,69790000,0.6370010375976562,0.6083568845476423
2015-11-11,33.662498474121094,33.79800033569336,33.162498474121094,33.162498474121094,107746000,0.6355018615722656,0.6091784068516323
2015-11-12,33.279998779296875,33.78200149536133,33.21099853515625,33.650001525878906,85694000,0.5710029602050781,0.5639286041259766
2015-11-13,32.11750030517578,33.349998474121094,32.022499084472656,33.17850112915039,125222000,1.3274993896484375,0.6103214536394391
2015-11-16,32.390499114990234,32.4995002746582,31.114500045776367,32.04600143432617,148718000,1.385000228881836,0.676464353288923
2015-11-17,32.165000915527344,32.662498474121094,32.04999923706055,32.532501220703125,86404000,0.6124992370605469,0.6926071984427316
2015-11-18,33.176998138427734,33.24399948120117,32.31850051879883,32.32550048828125,89396000,0.9254989624023438,0.7153214045933315
2015-11-19,33.063499450683594,33.643001556396484,32.95000076293945,33.2495002746582,94104000,0.6930007934570312,0.7453929356166294
2015-11-20,33.42250061035156,33.44350051879883,32.878501892089844,33.39699935913086,77922000,0.5649986267089844,0.7563928876604352
2015-11-23,33.949501037597656,34.13850021362305,33.50600051879883,33.57500076293945,87702000,0.6324996948242188,0.773392949785505
2015-11-24,33.557498931884766,33.790000915527344,33.06050109863281,33.707000732421875,90868000,0.7294998168945312,0.7591428756713867
2015-11-25,33.766998291015625,33.98500061035156,33.5620002746582,33.75,53958000,0.4230003356933594,0.7396786553519112
2015-11-27,33.66299819946289,34.04949951171875,33.60499954223633,34.040000915527344,39336000,0.4444999694824219,0.734785761151995
2015-11-30,33.2400016784668,34.06449890136719,33.22999954223633,33.79499816894531,113864000,0.8344993591308594,0.7440001623971122
2015-12-01,33.952999114990234,34.04999923706055,33.393001556396484,33.6875,95024000,0.6569976806640625,0.7454284940447126
2015-12-02,33.800498962402344,34.24100112915039,33.712501525878906,34.04999923706055,85470000,0.5284996032714844,0.7377854755946568
2015-12-03,33.3125,34.13949966430664,33.07400131225586,33.97200012207031,101294000,1.0654983520507812,0.773106575012207
2015-12-04,33.63199996948242,33.73899841308594,33.06999969482422,33.29999923706055,90696000,0.6689987182617188,0.7260708127702985
2015-12-07,33.49150085449219,33.77299880981445,33.025001525878906,33.73699951171875,74656000,0.7479972839355469,0.6805706024169922
2015-12-08,33.86650085449219,33.9995002746582,32.989498138427734,33.15650177001953,73038000,1.0100021362304688,0.7089636666434151
2015-12-09,33.239498138427734,33.95000076293945,32.784000396728516,33.900001525878906,103164000,1.1660003662109375,0.726142338344029
2015-12-10,33.11600112915039,33.42649841308594,32.97800064086914,33.27949905395508,69110000,0.4484977722167969,0.7086778368268695
2015-12-11,32.00749969482422,32.89400100708008,31.981000900268555,32.561500549316406,109488000,0.9130001068115234,0.7335350854056222
2015-12-14,32.89550018310547,32.929500579833984,31.763500213623047,32.087501525878906,86594000,1.1660003662109375,0.7716422762189593
2015-12-15,32.93199920654297,33.57500076293945,32.86750030517578,33.25149917602539,95068000,0.7075004577636719,0.7700708934238979
2015-12-16,33.78850173950195,33.86750030517578,32.965999603271484,33.178001403808594,79290000,0.9015007019042969,0.8042494910103934
2015-12-17,33.532501220703125,34.125,33.532501220703125,34.0,73632000,0.592498779296875,0.8148208345685687
2015-12-18,33.207000732421875,33.84199905395508,33.20650100708008,33.432498931884766,136826000,0.635498046875,0.8006064551217216
2015-12-21,33.22549819946289,33.494998931884766,32.94649887084961,33.42499923706055,65018000,0.5485000610351562,0.7928566251482282
2015-12-22,33.157501220703125,33.42449951171875,32.9630012512207,33.34149932861328,53356000,0.4614982604980469,0.7880708149501255
2015-12-23,33.185001373291016,33.33000183105469,32.83150100708008,33.32500076293945,54458000,0.4985008239746094,0.7475709915161133
2015-12-24,33.13949966430664,33.23400115966797,33.029998779296875,33.16749954223633,21824000,0.20400238037109375,0.7143569673810687
2015-12-28,33.7599983215332,33.775001525878906,33.275001525878906,33.27799987792969,75672000,0.5,0.6966428756713867
2015-12-29,34.69850158691406,34.821998596191406,33.894500732421875,33.89899826049805,114700000,0.9274978637695312,0.6907497133527484
2015-12-30,34.45349884033203,34.77450180053711,34.319000244140625,34.59450149536133,70380000,0.4555015563964844,0.6399997983660016
2015-12-31,33.794498443603516,34.38750076293945,33.794498443603516,34.30400085449219,74992000,0.5930023193359375,0.6503215517316546
2016-01-04,31.84950065612793,32.88600158691406,31.375499725341797,32.81449890136719,186290000,1.5105018615722656,0.693000248500279
2016-01-05,31.68950080871582,32.34550094604492,31.38249969482422,32.34299850463867,116452000,0.9630012512207031,0.6785003117152623
2016-01-06,31.63249969482422,31.989500045776367,31.015499114990234,31.100000381469727,106584000,0.9740009307861328,0.6975360597882952
2016-01-07,30.39699935913086,31.5,30.260499954223633,31.09000015258789,141498000,1.2395000457763672,0.7216788700648716
2016-01-08,30.352500915527344,31.207000732421875,30.299999237060547,30.982999801635742,110258000,0.9070014953613281,0.7441433497837612
2016-01-11,30.886999130249023,30.99250030517578,29.928499221801758,30.624000549316406,97832000,1.0640010833740234,0.7747507095336914
2016-01-12,30.894500732421875,31.29949951171875,30.61199951171875,31.262500762939453,94482000,0.6875,0.7846792766026088
2016-01-13,29.090499877929688,31.04400062561035,28.95800018310547,31.04400062561035,153104000,2.086000442504883,0.9007151467459542
2016-01-14,29.649999618530273,30.112499237060547,28.493999481201172,29.012500762939453,144760000,1.618499755859375,0.9807150704520089
2016-01-15,28.509000778198242,29.231000900268555,28.264999389648438,28.61199951171875,155690000,0.9660015106201172,1.0351435797555106
2016-01-19,28.724000930786133,29.200000762939453,28.322500228881836,28.85449981689453,96144000,0.8775005340576172,1.0621079036167689
2016-01-20,28.588499069213867,28.922500610351562,27.358999252319336,28.218000411987305,159328000,1.5635013580322266,1.107536724635533
2016-01-21,28.750999450683594,29.440500259399414,28.410999298095703,28.679000854492188,99044000,1.029500961303711,1.1485366821289062
2016-01-22,29.819000244140625,30.0049991607666,29.20549964904785,29.436500549316406,102402000,0.79949951171875,1.1632864815848214
2016-01-25,29.826499938964844,30.424999237060547,29.72800064086914,29.899499893188477,87922000,0.6969985961914062,1.1051791054861886
2016-01-26,30.0625,30.225000381469727,29.518999099731445,30.172500610351562,75314000,0.7060012817382812,1.0868219648088728
2016-01-27,29.167499542236328,30.16950035095215,28.93899917602539,30.09950065612793,103058000,1.2305011749267578,1.1051434108189173
2016-01-28,31.767499923706055,31.902999877929688,29.877500534057617,30.418500900268555,280304000,2.0254993438720703,1.1612862178257533
2016-01-29,29.350000381469727,29.649999618530273,28.5,28.599000930786133,293552000,1.1499996185302734,1.1786432266235352
2016-02-01,28.74049949645996,29.09000015258789,28.515499114990234,28.907499313354492,127102000,0.5745010375976562,1.143678937639509
2016-02-02,27.604999542236328,28.577999114990234,27.504499435424805,28.5,126240000,1.0734996795654297,1.171250343322754
2016-02-03,26.553499221801758,27.799999237060547,26.094999313354492,27.674999237060547,200974000,1.7049999237060547,1.144036020551409
2016-02-04,26.812999725341797,26.949499130249023,25.961000442504883,26.25,123982000,0.9884986877441406,1.0990359442574638
2016-02-05,25.10650062561035,26.47249984741211,24.95949935913086,26.464000701904297,194178000,1.51300048828125,1.1381072998046875
2016-02-08,24.405000686645508,24.674999237060547,23.760499954223633,24.32349967956543,196510000,0.9144992828369141,1.1407500675746374
2016-02-09,24.103500366210938,24.91900062561035,23.700000762939453,23.90049934387207,141558000,1.2189998626708984,1.116142817905971
2016-02-10,24.52400016784668,25.232999801635742,24.299999237060547,24.58799934387207,135724000,0.9330005645751953,1.1092499324253626
2016-02-11,25.19099998474121,25.46500015258789,24.200000762939453,24.558500289916992,147948000,1.2649993896484375,1.1424999237060547
2016-02-12,25.354000091552734,25.837499618530273,25.074499130249023,25.53499984741211,107696000,0.76300048828125,1.147214344569615
2016-02-16,26.05500030517578,26.22249984741211,25.58300018310547,25.974000930786133,102370000,0.6394996643066406,1.1424642290387834
2016-02-17,26.704999923706055,26.874000549316406,25.969499588012695,26.437000274658203,96480000,0.9045009613037109,1.1191784994942802
2016-02-18,26.25,27.059999465942383,26.186500549316406,27.059499740600586,94700000,0.8734989166259766,1.0368927546909876
2016-02-19,26.7450008392334,26.797500610351562,25.767499923706055,26.035499572753906,99494000,1.0300006866455078,1.0283214024135046
2016-02-22,27.975000381469727,28.032499313354492,27.054000854492188,27.110000610351562,111332000,0.9784984588623047,1.057178361075265
2016-02-23,27.64699935913086,27.845500946044922,27.26650047302246,27.77750015258789,81016000,0.5790004730224609,1.0218569891793388
2016-02-24,27.70199966430664,27.713499069213867,26.657499313354492,27.287500381469727,124634000,1.055999755859375,0.9754998343331474
2016-02-25,27.75749969482422,27.969499588012695,27.26449966430664,27.775999069213867,90510000,0.7049999237060547,0.9552499226161412
2016-02-26,27.761499404907227,28.125,27.65850067138672,28.006000518798828,97540000,0.46649932861328125,0.8804998397827148
2016-02-29,27.625999450683594,28.24049949645996,27.625499725341797,27.700000762939453,82908000,0.6149997711181641,0.8591070175170898
2016-03-01,28.95199966430664,28.962499618530273,27.799999237060547,27.81450080871582,100770000,1.1625003814697266,0.8550713402884347
2016-03-02,29.010499954223633,29.25,28.684999465942383,29.087499618530273,91644000,0.5650005340576172,0.8287856238228934
2016-03-03,28.874500274658203,28.993499755859375,28.655500411987305,28.898000717163086,54826000,0.3379993438720703,0.7625713348388672
2016-03-04,28.756999969482422,29.06999969482422,28.553499221801758,29.053499221801758,68330000,0.5165004730224609,0.7449641908918109
2016-03-07,28.139999389648438,28.681499481201172,27.77750015258789,28.677000045776367,98538000,0.9039993286132812,0.7638570240565709
2016-03-08,28.01300048828125,28.5674991607666,27.73699951171875,27.89349937438965,94600000,0.8304996490478516,0.7585712160382952
2016-03-09,27.973499298095703,28.017499923706055,27.506500244140625,27.97800064086914,87546000,0.5109996795654297,0.7326784133911133
2016-03-10,27.946500778198242,28.350000381469727,27.395000457763672,28.336999893188477,78398000,0.9549999237060547,0.7273212160382952
2016-03-11,28.480499267578125,28.503000259399414,28.136499404907227,28.34749984741211,75426000,0.3665008544921875,0.6836071014404297
2016-03-14,28.668500900268555,28.844499588012695,28.15250015258789,28.350000381469727,69084000,0.6919994354248047,0.6916784558977399
2016-03-15,28.85099983215332,29.076000213623047,28.350000381469727,28.549999237060547,77536000,0.7259998321533203,0.6681070327758789
2016-03-16,28.713499069213867,29.06599998474121,28.55699920654297,28.832000732421875,70754000,0.5090007781982422,0.6541070938110352
2016-03-17,27.972000122070312,28.56999969482422,27.750499725341797,28.475500106811523,118562000,0.8194999694824219,0.679321425301688
2016-03-18,27.604000091552734,28.116500854492188,27.304500579833984,28.047000885009766,145938000,0.8120002746582031,0.6933928898402623
2016-03-21,27.698999404907227,27.761999130249023,26.929000854492188,27.445499420166016,103114000,0.8329982757568359,0.6698570251464844
2016-03-22,28.02400016784668,28.13800048828125,27.252500534057617,27.25550079345703,80012000,0.8854999542236328,0.6927498408726284
2016-03-23,28.48150062561035,28.624000549316406,27.905000686645508,28.049999237060547,79674000,0.7189998626708984,0.7199641636439732
2016-03-24,29.147499084472656,29.177499771118164,28.354000091552734,28.355499267578125,103710000,0.8234996795654297,0.7418926783970424
2016-03-28,28.993499755859375,29.237499237060547,28.777999877929688,29.219999313354492,62430000,0.4594993591308594,0.7101426805768695
2016-03-29,29.69300079345703,29.792499542236328,28.825000762939453,29.00749969482422,87852000,0.967498779296875,0.719928332737514
2016-03-30,29.934499740600586,30.16200065612793,29.75,29.835500717163086,77810000,0.4120006561279297,0.7128569739205497
2016-03-31,29.68199920654297,30.037500381469727,29.61050033569336,29.964000701904297,53636000,0.4270000457763672,0.6751426969255719
2016-04-01,29.924999237060547,29.951499938964844,29.415000915527344,29.524499893188477,58348000,0.5364990234375,0.6872854232788086
2016-04-04,29.659500122070312,29.975000381469727,29.52750015258789,29.950000762939453,49416000,0.44750022888183594,0.6698211942400251
2016-04-05,29.30699920654297,29.673500061035156,29.262500762939453,29.53849983215332,46178000,0.4109992980957031,0.6473211560930524
2016-04-06,30.104000091552734,30.11949920654297,29.375,29.375999450683594,56998000,0.7444992065429688,0.6641424724033901
2016-04-07,29.571500778198242,29.979999542236328,29.45400047302246,29.937999725341797,63780000,0.5259990692138672,0.6431781223842076
2016-04-08,29.729999542236328,29.89299964904785,29.450000762939453,29.715999603271484,51838000,0.44299888610839844,0.6168208803449359
2016-04-11,29.796499252319336,30.200000762939453,29.745500564575195,29.80699920654297,54086000,0.4545001983642578,0.5897853033883231
2016-04-12,30.15850067138672,30.202999114990234,29.61549949645996,29.920000076293945,52822000,0.5874996185302734,0.5684995651245117
2016-04-13,30.740999221801758,30.840499877929688,30.26449966430664,30.384000778198242,84566000,0.5760002136230469,0.5582853044782367
2016-04-14,31.037500381469727,31.2189998626709,30.75349998474121,30.75349998474121,70242000,0.4654998779296875,0.5327138900756836
2016-04-15,31.29450035095215,31.338499069213867,30.905500411987305,31.09600067138672,57754000,0.4329986572265625,0.5308209827968052
2016-04-18,31.767499923706055,31.881999969482422,31.24799919128418,31.267499923706055,87218000,0.6340007781982422,0.5069996970040458
2016-04-19,31.395000457763672,31.90049934387207,31.040000915527344,31.85700035095215,81118000,0.8604984283447266,0.5390352521623883
2016-04-20,31.649499893188477,31.827499389648438,31.149999618530273,31.5,52188000,0.6774997711181641,0.5569280896868024
2016-04-21,31.549999237060547,31.891000747680664,31.424999237060547,31.549999237060547,51926000,0.4660015106201172,0.5518925530569894
2016-04-22,31.024999618530273,31.412500381469727,30.577999114990234,31.223499298095703,101678000,0.8345012664794922,0.5795354843139648
2016-04-25,31.309999465942383,31.349000930786133,30.8125,30.83049964904785,53658000,0.5365009307861328,0.5884998866489956
2016-04-26,30.8439998626709,31.337499618530273,30.743999481201172,31.308500289916992,50428000,0.5935001373291016,0.577714238848005
2016-04-27,30.328500747680664,30.797500610351562,30.06399917602539,30.59000015258789,81376000,0.7335014343261719,0.5925358363560268
2016-04-28,30.100000381469727,31.34000015258789,29.959999084472656,30.777000427246094,157452000,1.3800010681152344,0.6594645636422294
2016-04-29,32.97949981689453,33.499000549316406,32.70000076293945,33.29999923706055,206214000,0.7989997863769531,0.6840716770717076
2016-05-02,34.192501068115234,34.275001525878906,33.10150146484375,33.19599914550781,131570000,1.1735000610351562,0.7259288515363421
2016-05-03,33.566001892089844,34.01499938964844,33.52149963378906,33.86800003051758,98468000,0.493499755859375,0.7200359616960798
2016-05-04,33.54499816894531,33.70000076293945,33.106998443603516,33.12950134277344,92710000,0.5930023193359375,0.7291432789393834
2016-05-05,32.954498291015625,33.824501037597656,32.79999923706055,33.66550064086914,97682000,1.0245018005371094,0.7713935034615653
2016-05-06,33.6974983215332,33.84749984741211,32.800498962402344,32.8025016784668,87306000,1.0470008850097656,0.8008935110909599
2016-05-09,33.98749923706055,34.3489990234375,33.570499420166016,33.6974983215332,79644000,0.7784996032714844,0.7950364521571568
2016-05-10,35.153499603271484,35.227500915527344,34.67499923706055,34.70000076293945,122112000,0.5525016784667969,0.7861080169677734
2016-05-11,35.6614990234375,35.95000076293945,35.08250045776367,35.28950119018555,146764000,0.8675003051757812,0.8147865022931781
2016-05-12,35.89649963378906,36.122501373291016,35.57550048828125,35.86899948120117,100964000,0.5470008850097656,0.7942507607596261
2016-05-13,35.49599838256836,35.962501525878906,35.32550048828125,35.731998443603516,95268000,0.6370010375976562,0.8014293398175921
2016-05-16,35.53300094604492,35.662498474121094,35.013999938964844,35.506500244140625,108658000,0.64849853515625,0.8053577968052456
2016-05-17,34.76350021362305,35.7234992980957,34.695499420166016,35.494998931884766,102428000,1.0279998779296875,0.8263933999197823
2016-05-18,34.872501373291016,35.12699890136719,34.4379997253418,34.47800064086914,85664000,0.6889991760253906,0.7770361219133649
2016-05-19,34.92599868774414,34.970001220703125,34.47800064086914,34.59400177001953,60512000,0.4920005798339844,0.7551076071602958
2016-05-20,35.13999938964844,35.36199951171875,35.0,35.0525016784668,58324000,0.36199951171875,0.6971432822091239
2016-05-23,34.837501525878906,35.29999923706055,34.82099914550781,35.212501525878906,51902000,0.4790000915527344,0.6961075919015067
2016-05-24,35.209999084472656,35.375,34.900001525878906,34.9005012512207,60676000,0.47499847412109375,0.6876787458147321
2016-05-25,35.41749954223633,35.542999267578125,35.2760009765625,35.400001525878906,65354000,0.266998291015625,0.6335713522774833
2016-05-26,35.74549865722656,35.75,35.364498138427734,35.416500091552734,48934000,0.3855018615722656,0.5863214220319476
2016-05-27,35.61199951171875,35.83000183105469,35.55500030517578,35.75,44984000,0.27500152587890625,0.5503572736467633
2016-05-31,36.13949966430664,36.21149826049805,35.566001892089844,35.61650085449219,72366000,0.6454963684082031,0.556999751499721
2016-06-01,35.97200012207031,36.32149887084961,35.9109992980957,36.04499816894531,65262000,0.41049957275390625,0.5243568420410156
2016-06-02,36.4119987487793,36.41400146484375,35.775001525878906,36.048500061035156,60532000,0.6389999389648438,0.530928203037807
2016-06-03,36.277000427246094,36.349998474121094,35.92150115966797,36.33700180053711,67346000,0.428497314453125,0.5160350799560547
2016-06-06,36.33649826049805,36.57500076293945,36.22100067138672,36.32500076293945,54096000,0.3540000915527344,0.49499947684151785
2016-06-07,36.1870002746582,36.5,36.02750015258789,36.49449920654297,54650000,0.4724998474121094,0.4553209032331194
2016-06-08,36.332000732421875,36.47100067138672,36.08000183105469,36.31999969482422,44468000,0.39099884033203125,0.43403516496930805
2016-06-09,36.38249969482422,36.445499420166016,36.1150016784668,36.154998779296875,43406000,0.33049774169921875,0.4224992479596819
2016-06-10,35.89550018310547,36.249000549316406,35.71049880981445,36.11750030517578,68514000,0.5385017395019531,0.43510654994419645
2016-06-13,35.762001037597656,36.0994987487793,35.55799865722656,35.70050048828125,67044000,0.5415000915527344,0.43957083565848215
2016-06-14,35.96500015258789,36.04050064086914,35.61349868774414,35.61650085449219,50138000,0.427001953125,0.4361425127301897
2016-06-15,35.7130012512207,36.12799835205078,35.66749954223633,36.099998474121094,54188000,0.4604988098144531,0.44996397835867746
2016-06-16,35.8754997253418,35.900001525878906,35.26499938964844,35.602500915527344,61960000,0.6350021362304688,0.4677854265485491
2016-06-17,35.31949996948242,35.90999984741211,34.95899963378906,35.90950012207031,117956000,0.9510002136230469,0.516071047101702
2016-06-20,35.70050048828125,36.06549835205078,35.54050064086914,35.67499923706055,73544000,0.5249977111816406,0.5074640001569476
2016-06-21,35.79100036621094,35.91999816894531,35.63600158691406,35.7859992980957,42750000,0.28399658203125,0.49842807224818636
2016-06-22,35.529998779296875,35.849998474121094,35.378501892089844,35.82899856567383,45210000,0.47149658203125,0.4864635467529297
2016-06-23,36.104000091552734,36.10599899291992,35.625,35.775001525878906,56500000,0.4809989929199219,0.4902136666434152
2016-06-24,34.948001861572266,35.62649917602539,34.61000061035156,34.650001525878906,152650000,1.0164985656738281,0.5375349862234933
2016-06-27,34.56800079345703,34.840999603271484,34.10599899291992,34.60049819946289,111360000,0.7350006103515625,0.5562850407191685
2016-06-28,35.397499084472656,35.400001525878906,34.90850067138672,35.0,80740000,0.4915008544921875,0.5634637560163226
2016-06-29,35.779998779296875,35.974998474121094,35.676998138427734,35.787498474121094,61402000,0.2980003356933594,0.5611425127301898
2016-06-30,35.78099822998047,35.96849822998047,35.62699890136719,35.86000061035156,57102000,0.34149932861328125,0.5470709119524274
2016-07-01,36.284000396728516,36.400001525878906,35.82699966430664,35.86600112915039,58408000,0.5730018615722656,0.549321038382394
2016-07-05,36.404998779296875,36.47800064086914,35.980499267578125,36.13999938964844,48628000,0.4975013732910156,0.5543567112513951
2016-07-06,36.88050079345703,36.88850021362305,36.12900161743164,36.285499572753906,78764000,0.7594985961914062,0.5757138388497489
2016-07-07,36.82849884033203,36.977500915527344,36.58150100708008,36.96649932861328,58916000,0.3959999084472656,0.5586422511509487
2016-07-08,37.29050064086914,37.30500030517578,36.900001525878906,37.00699996948242,68584000,0.404998779296875,0.5196421486990792
2016-07-11,37.68899917602539,37.79499816894531,37.349998474121094,37.5,63906000,0.44499969482421875,0.5139280046735492
2016-07-12,37.410499572753906,37.867000579833984,37.01649856567383,37.84299850463867,112474000,0.8505020141601562,0.5543926783970424
2016-07-13,37.131500244140625,37.84349822998047,37.0625,37.3380012512207,82846000,0.7809982299804688,0.5764999389648438
2016-07-14,37.060001373291016,37.45199966430664,36.95100021362305,37.44300079345703,47810000,0.5009994506835938,0.5779285430908203
2016-07-15,36.77199935913086,37.32749938964844,36.70249938964844,37.32749938964844,62428000,0.625,0.549964359828404
2016-07-18,36.80350112915039,37.08000183105469,36.43600082397461,36.77450180053711,59098000,0.6440010070800781,0.5434643881661552
2016-07-19,36.997501373291016,37.166500091552734,36.615501403808594,36.625,44336000,0.5509986877441406,0.5477142333984375
2016-07-20,37.2859992980957,37.3125,37.03499984741211,37.20000076293945,44280000,0.2775001525878906,0.5462499346051898
2016-07-21,37.221500396728516,37.46799850463867,37.13949966430664,37.375,46342000,0.32849884033203125,0.5453213282993862
2016-07-22,37.24300003051758,37.56399917602539,37.17649841308594,37.38949966430664,45554000,0.3875007629394531,0.5320712498256138
2016-07-25,36.980499267578125,37.42499923706055,36.76750183105469,37.32749938964844,53586000,0.6574974060058594,0.5434995378766742
2016-07-26,36.77949905395508,37.15650177001953,36.63750076293945,37.135501861572266,50594000,0.5190010070800781,0.5263211386544364
2016-07-27,36.833499908447266,37.047000885009766,36.69300079345703,36.89849853515625,58262000,0.3540000915527344,0.5233211517333984
2016-07-28,37.63050079345703,37.667999267578125,36.98500061035156,37.29899978637695,152352000,0.6829986572265625,0.5431782858712333
2016-07-29,37.94049835205078,38.29999923706055,37.75,38.25,135542000,0.5499992370605469,0.5506782531738281
2016-08-01,38.387001037597656,38.525001525878906,37.85300064086914,37.993499755859375,71564000,0.6720008850097656,0.5379281725202288
2016-08-02,38.02899932861328,38.2504997253418,37.85100173950195,38.19049835205078,72066000,0.39949798583984375,0.5106781550816127
2016-08-03,37.731998443603516,37.94449996948242,37.61249923706055,37.85300064086914,71630000,0.332000732421875,0.4986068180629185
2016-08-04,38.03850173950195,38.25,37.51750183105469,37.685001373291016,63564000,0.7324981689453125,0.5062852587018695
2016-08-05,38.29899978637695,38.423500061035156,38.15449905395508,38.240501403808594,54088000,0.2690010070800781,0.4794995444161551
2016-08-08,38.327999114990234,38.349998474121094,38.05099868774414,38.34049987792969,39726000,0.2989997863769531,0.46149962288992746
2016-08-09,38.41550064086914,38.630001068115234,38.345001220703125,38.36949920654297,37522000,0.2849998474121094,0.46203531537737164
2016-08-10,38.428001403808594,38.60499954223633,38.30950164794922,38.4900016784668,32086000,0.2954978942871094,0.4596781049455915
2016-08-11,38.5620002746582,38.6875,38.45600128173828,38.49700164794922,40394000,0.23149871826171875,0.44853510175432476
2016-08-12,38.62799835205078,38.657501220703125,38.42100143432617,38.42300033569336,31266000,0.23649978637695312,0.4184638432094029
2016-08-15,38.42449951171875,38.60200119018555,38.385501861572266,38.595001220703125,42370000,0.21649932861328125,0.3968565804617746
2016-08-16,38.20199966430664,38.436500549316406,38.191001892089844,38.430999755859375,32092000,0.2454986572265625,0.3891064780099051
2016-08-17,38.23149871826172,38.26100158691406,37.959999084472656,38.22050094604492,37822000,0.30100250244140625,0.361821038382394
2016-08-18,38.222999572753906,38.25849914550781,38.029998779296875,38.20000076293945,29176000,0.2285003662109375,0.3388568333217076
2016-08-19,37.865501403808594,38.1245002746582,37.84450149536133,38.095001220703125,46864000,0.279998779296875,0.310856682913644
2016-08-22,37.9739990234375,37.99250030517578,37.60499954223633,37.875,33586000,0.3875007629394531,0.30999973842075895
2016-08-23,38.122501373291016,38.23500061035156,38.04999923706055,38.16550064086914,30482000,0.18500137329101562,0.29949978419712614
2016-08-24,37.86249923706055,38.170501708984375,37.768001556396484,38.150001525878906,34882000,0.4025001525878906,0.2759284973144531
2016-08-25,37.96099853515625,38.02799987792969,37.73699951171875,37.79999923706055,32460000,0.2910003662109375,0.2774998801095145
2016-08-26,38.45000076293945,38.5,37.9900016784668,38.002498626708984,55536000,0.5099983215332031,0.29257120404924664
2016-08-29,38.56449890136719,38.749000549316406,38.43000030517578,38.43600082397461,43972000,0.319000244140625,0.2949998038155692
2016-08-30,38.37900161743164,38.59199905395508,38.27799987792969,38.5525016784668,34184000,0.3139991760253906,0.29632132393973215
2016-08-31,38.45800018310547,38.481998443603516,38.20000076293945,38.33000183105469,32676000,0.2819976806640625,0.2999283926827567
2016-09-01,38.53099822998047,38.60200119018555,38.337501525878906,38.54499816894531,35846000,0.2644996643066406,0.3019283839634487
2016-09-02,38.62200164794922,38.79999923706055,38.584999084472656,38.705501556396484,43636000,0.21500015258789062,0.30182129996163504
2016-09-06,39.44350051879883,39.4739990234375,38.51100158691406,38.70199966430664,74396000,0.9629974365234375,0.3530712127685547
2016-09-07,39.2239990234375,39.53950119018555,39.21649932861328,39.47650146484375,48492000,0.3230018615722656,0.35464259556361605
2016-09-08,39.202999114990234,39.32500076293945,39.071998596191406,39.19449996948242,40610000,0.2530021667480469,0.3563927241734096
2016-09-09,38.00699996948242,39.04999923706055,38.00550079345703,38.96799850463867,85146000,1.0444984436035156,0.41099984305245535
2016-09-12,38.574501037597656,38.632999420166016,37.79999923706055,37.86750030517578,62494000,0.8330001831054688,0.44282123020717074
2016-09-13,38.050498962402344,38.49449920654297,37.95249938964844,38.438499450683594,62344000,0.5419998168945312,0.4683211190359933
2016-09-14,38.054500579833984,38.375,37.942501068115234,38.11000061035156,50460000,0.4324989318847656,0.4704638889857701
2016-09-15,38.484500885009766,38.54349899291992,37.87900161743164,38.099998474121094,60680000,0.6644973754882812,0.49714224679129465
2016-09-16,38.92599868774414,39.02299880981445,38.58300018310547,38.66400146484375,109984000,0.4399986267089844,0.4921422685895647
2016-09-19,38.755001068115234,39.09700012207031,38.54999923706055,38.99850082397461,45944000,0.5470008850097656,0.5084280286516462
2016-09-20,39.01100158691406,39.06850051879883,38.79999923706055,38.79999923706055,38744000,0.26850128173828125,0.5051781790597099
2016-09-21,39.48699951171875,39.53450012207031,38.95050048828125,39.162498474121094,54372000,0.5839996337890625,0.526749747140067
2016-09-22,40.23500061035156,40.294498443603516,39.7135009765625,39.7135009765625,81578000,0.5809974670410156,0.5493567330496651
2016-09-23,40.287498474121094,40.38750076293945,40.10599899291992,40.15650177001953,47070000,0.28150177001953125,0.5541068485804966
2016-09-26,39.95800018310547,40.29650115966797,39.85749816894531,40.09000015258789,53028000,0.43900299072265625,0.5166786738804409
2016-09-27,40.80550003051758,40.832000732421875,40.05550003051758,40.092498779296875,76392000,0.7765007019042969,0.5490714481898716
2016-09-28,41.43600082397461,41.50699996948242,40.85150146484375,40.900001525878906,88442000,0.6554985046386719,0.5778211866106305
2016-09-29,41.45249938964844,41.875,41.23149871826172,41.41299819946289,98444000,0.6435012817382812,0.5491785321916852
2016-09-30,41.865501403808594,41.997501373291016,41.619998931884766,41.63050079345703,88612000,0.37750244140625,0.5166429792131696
2016-10-03,41.83700180053711,41.99300003051758,41.5625,41.79999923706055,55388000,0.4305000305175781,0.508678708757673
2016-10-04,41.701499938964844,42.118499755859375,41.51300048828125,42.045501708984375,59006000,0.605499267578125,0.521035875592913
2016-10-05,42.21799850463867,42.28350067138672,41.805999755859375,41.900001525878906,69382000,0.47750091552734375,0.5076789855957031
2016-10-06,42.08300018310547,42.36050033569336,42.029998779296875,42.185001373291016,53680000,0.3305015563964844,0.4998577662876674
2016-10-07,41.971500396728516,42.29750061035156,41.872501373291016,42.28950119018555,48524000,0.4249992370605469,0.4911433628627232
2016-10-10,42.08549880981445,42.2599983215332,42.01350021362305,42.162498474121094,36542000,0.24649810791015625,0.4895717075892857
2016-10-11,41.54999923706055,42.06449890136719,41.41749954223633,42.05099868774414,71764000,0.6469993591308594,0.4940716879708426
2016-10-12,41.704498291015625,41.88349914550781,41.505001068115234,41.70000076293945,47608000,0.3784980773925781,0.4796074458530971
2016-10-13,41.4640007019043,41.59000015258789,41.06050109863281,41.45000076293945,61828000,0.5294990539550781,0.497321537562779
2016-10-14,41.14799880981445,41.7869987487793,41.14799880981445,41.75400161743164,59996000,0.6389999389648438,0.5116070338657924
2016-10-17,40.647499084472656,41.099998474121094,40.58399963378906,41.07500076293945,67230000,0.5159988403320312,0.492999758039202
2016-10-18,40.88249969482422,41.16299819946289,40.750999450683594,41.105499267578125,50250000,0.4119987487792969,0.47560691833496094
2016-10-19,40.884498596191406,41.03350067138672,40.75849914550781,41.02000045776367,41814000,0.27500152587890625,0.44928550720214844
2016-10-20,40.51599884033203,40.785499572753906,40.154998779296875,40.699501037597656,63040000,0.6305007934570312,0.4673568180629185
2016-10-21,40.949501037597656,40.97100067138672,40.45000076293945,40.46799850463867,55860000,0.5209999084472656,0.4738210950578962
2016-10-24,41.90449905395508,41.915000915527344,41.11050033569336,41.247501373291016,81218000,0.8045005798339844,0.4880354745047433
2016-10-25,41.75899887084961,42.15449905395508,41.6609992980957,41.96500015258789,64968000,0.493499755859375,0.4891782488141741
2016-10-26,41.12950134277344,41.672000885009766,41.0,41.63800048828125,79962000,0.6720008850097656,0.513571058000837
2016-10-27,40.917999267578125,41.58599853515625,40.77149963378906,41.5620002746582,148128000,0.8144989013671875,0.5413924625941685
2016-10-28,38.816001892089844,39.4744987487793,38.730499267578125,39.099998474121094,216822000,0.7439994812011719,0.5769282749720982
2016-10-31,39.49100112915039,39.685001373291016,39.00550079345703,39.05149841308594,108266000,0.6795005798339844,0.5792497907366071
2016-11-01,39.27050018310547,40.04199981689453,38.83549880981445,39.95000076293945,106108000,1.2065010070800781,0.6383928571428571
2016-11-02,38.27799987792969,39.23749923706055,38.1775016784668,39.19649887084961,100530000,1.05999755859375,0.6762856074741909
2016-11-03,38.35150146484375,38.849998474121094,38.20000076293945,38.252498626708984,77450000,0.6499977111816406,0.6770711626325335
2016-11-04,37.752498626708984,38.29999923706055,37.6614990234375,38.13949966430664,102442000,0.6385002136230469,0.6858212607247489
2016-11-07,39.246498107910156,39.38650131225586,38.547000885009766,38.582000732421875,119688000,0.8395004272460938,0.7163570949009487
2016-11-08,39.38750076293945,39.58700180053711,38.95500183105469,39.24850082397461,68252000,0.6319999694824219,0.7418569837297712
2016-11-09,38.59400177001953,38.875,38.00450134277344,38.20000076293945,171258000,0.8704986572265625,0.7589996882847377
2016-11-10,37.11899948120117,38.94150161743164,35.8849983215332,38.94049835205078,254940000,3.0565032958984375,0.9401070731026786
2016-11-11,36.95050048828125,37.16299819946289,36.44499969482422,36.7864990234375,132456000,0.7179985046386719,0.9339283534458706
2016-11-14,35.95349884033203,37.29999923706055,35.505001068115234,37.2755012512207,146426000,1.7949981689453125,1.0268925258091517
2016-11-15,37.1619987487793,37.3390007019043,36.29949951171875,36.5,135116000,1.0395011901855469,1.0531425476074219
2016-11-16,37.324501037597656,37.493499755859375,36.78049850463867,36.99399948120117,72976000,0.7130012512207031,1.0458927154541016
2016-11-17,37.81999969482422,37.875,37.400001525878906,37.465999603271484,73802000,0.47499847412109375,1.0266783578055245
2016-11-18,38.007999420166016,38.387001037597656,37.88199996948242,38.04999923706055,87468000,0.5050010681152344,1.014214106968471
2016-11-21,39.0,39.01750183105469,38.25550079345703,38.29999923706055,92292000,0.7620010375976562,0.982464109148298
2016-11-22,39.26649856567383,39.619998931884766,39.04999923706055,39.40850067138672,106226000,0.5699996948242188,0.9474642617361886
2016-11-23,39.00600051879883,39.087501525878906,38.65599822998047,39.08649826049805,70806000,0.4315032958984375,0.9318575177873883
2016-11-25,39.01850128173828,39.337501525878906,38.89500045776367,39.32500076293945,36742000,0.4425010681152344,0.9178575788225446
2016-11-28,38.3385009765625,38.849998474121094,38.21200180053711,38.8494987487793,88776000,0.6379966735839844,0.9034644535609654
2016-11-29,38.125999450683594,38.49449920654297,38.066001892089844,38.400001525878906,65446000,0.428497314453125,0.8889285496303013
2016-11-30,37.528499603271484,38.40449905395508,37.51250076293945,38.099998474121094,92518000,0.891998291015625,0.8904642377580915
2016-12-01,37.182498931884766,37.66849899291992,36.9015007019043,37.62049865722656,93320000,0.766998291015625,0.7269281659807477
2016-12-02,37.016998291015625,37.42449951171875,36.834999084472656,37.16999816894531,71226000,0.5895004272460938,0.7177497318812779
2016-12-05,37.96799850463867,38.074501037597656,37.099998474121094,37.25,86294000,0.9745025634765625,0.6591429029192243
2016-12-06,38.236000061035156,38.4119987487793,37.86249923706055,38.199501037597656,75894000,0.54949951171875,0.6241427830287388
2016-12-07,38.520999908447266,38.520999908447266,37.79100036621094,38.227500915527344,73698000,0.7299995422363281,0.625356946672712
2016-12-08,38.36650085449219,38.68949890136719,38.259498596191406,38.59349822998047,63792000,0.43000030517578125,0.6221427917480469
2016-12-09,38.43299865722656,38.51250076293945,38.266998291015625,38.5,49418000,0.24550247192382812,0.603607177734375
2016-12-12,38.00600051879883,38.34450149536133,37.86000061035156,38.31999969482422,59278000,0.4845008850097656,0.5837857382638114
2016-12-13,38.71699905395508,39.12300109863281,38.099998474121094,38.24800109863281,105706000,1.0230026245117188,0.6161430903843471
2016-12-14,38.441001892089844,39.042999267578125,38.140499114990234,38.912498474121094,109096000,0.9025001525878906,0.6497857230050224
2016-12-15,38.04999923706055,38.45500183105469,38.015499114990234,38.31399917602539,76038000,0.4395027160644531,0.6495715550013951
2016-12-16,37.88850021362305,38.256500244140625,37.70000076293945,38.25,96964000,0.5564994812011719,0.6437503269740513
2016-12-19,38.29999923706055,38.525001525878906,37.80799865722656,37.94449996948242,62264000,0.7170028686523438,0.6643578665597099
2016-12-20,38.56100082397461,38.71950149536133,38.385501861572266,38.432498931884766,54072000,0.3339996337890625,0.6245008196149554
2016-12-21,38.529998779296875,38.56100082397461,38.28499984741211,38.5,40892000,0.2760009765625,0.5894295828683036
2016-12-22,38.31700134277344,38.56050109863281,38.1510009765625,38.40599822998047,50872000,0.4095001220703125,0.5765724182128906
2016-12-23,38.02949905395508,38.32500076293945,37.89950180053711,38.227500915527344,39632000,0.42549896240234375,0.5373578752790179
2016-12-27,38.56999969482422,38.73249816894531,38.060001373291016,38.16999816894531,52774000,0.6724967956542969,0.5461433955601284
2016-12-28,38.60649871826172,39.0,38.525001525878906,38.8125,66020000,0.47499847412109375,0.5279290335518974
2016-12-29,38.25749969482422,38.66999816894531,38.04249954223633,38.619998931884766,63166000,0.6274986267089844,0.5420360565185547
2016-12-30,37.493499755859375,38.369998931884766,37.41400146484375,38.32350158691406,82788000,0.9559974670410156,0.5927856990269252
2017-01-03,37.68349838256836,37.9379997253418,37.3849983215332,37.895999908447266,70422000,0.5530014038085938,0.5976785932268415
2017-01-04,37.85900115966797,37.98400115966797,37.709999084472656,37.919498443603516,50210000,0.2740020751953125,0.5441785539899554
2017-01-05,39.022499084472656,39.119998931884766,38.01300048828125,38.07749938964844,116602000,1.1069984436035156,0.5587855747767857
2017-01-06,39.79949951171875,39.97200012207031,38.92399978637695,39.11800003051758,119724000,1.0480003356933594,0.6022496904645648
2017-01-09,39.84600067138672,40.0885009765625,39.5885009765625,39.900001525878906,68922000,0.5,0.5982140132359096
2017-01-10,39.79499816894531,39.900001525878906,39.47700119018555,39.83000183105469,51168000,0.4230003356933594,0.5772138323102679
2017-01-11,39.95100021362305,39.974998474121094,39.47549819946289,39.68299865722656,59856000,0.4995002746582031,0.5890353066580636
2017-01-12,40.68199920654297,40.70650100708008,39.974998474121094,40.015499114990234,97478000,0.7315025329589844,0.6215711321149554
2017-01-13,40.856998443603516,41.08250045776367,40.56999969482422,40.715999603271484,75838000,0.5125007629394531,0.6289283207484654
2017-01-17,40.486000061035156,40.79999923706055,40.172000885009766,40.78499984741211,73410000,0.6279983520507812,0.6433925628662109
2017-01-18,40.374000549316406,40.58649826049805,40.2135009765625,40.474998474121094,47084000,0.3729972839355469,0.6219997406005859
2017-01-19,40.45199966430664,40.675498962402344,40.36600112915039,40.5,50816000,0.3094978332519531,0.6101782662527901
2017-01-20,40.416500091552734,40.80099868774414,40.3129997253418,40.763999938964844,67524000,0.48799896240234375,0.6002140045166016
2017-01-23,40.89400100708008,40.92499923706055,40.25400161743164,40.34000015258789,55950000,0.6709976196289062,0.5798568725585938
2017-01-24,41.12200164794922,41.199501037597656,40.724998474121094,41.099998474121094,59434000,0.4745025634765625,0.5742498125348773
2017-01-25,41.82600021362305,41.87099838256836,41.26449966430664,41.28950119018555,78452000,0.6064987182617188,0.5979995727539062
2017-01-26,41.95750045776367,42.19200134277344,41.650001525878906,41.7765007019043,71726000,0.5419998168945312,0.5576425279889788
2017-01-27,41.78850173950195,41.98500061035156,41.47200012207031,41.95000076293945,59974000,0.51300048828125,0.5194282531738281
2017-01-30,41.51900100708008,41.67499923706055,40.819000244140625,41.650001525878906,74946000,0.8559989929199219,0.5448567526681083
2017-01-31,41.17399978637695,41.3494987487793,40.97800064086914,41.1875,62744000,0.37149810791015625,0.5411780221121651
2017-02-01,41.61750030517578,41.68899917602539,41.24700164794922,41.46049880981445,77004000,0.4419975280761719,0.5370706830705915
2017-02-02,41.997501373291016,42.1245002746582,41.41299819946289,41.829498291015625,147010000,0.7115020751953125,0.5356420789446149
2017-02-03,40.5099983215332,40.915000915527344,40.20000076293945,40.33599853515625,217376000,0.7150001525878906,0.5501063210623605
2017-02-06,40.38199996948242,40.5359992980957,40.150001525878906,40.4900016784668,77946000,0.3859977722167969,0.532820565359933
2017-02-07,40.625,40.80799865722656,40.375,40.46549987792969,69322000,0.4329986572265625,0.5371063777378627
2017-02-08,40.98550033569336,41.07400131225586,40.625,40.634498596191406,57160000,0.4490013122558594,0.5470709119524274
2017-02-09,41.06800079345703,41.25,40.98550033569336,41.08000183105469,49698000,0.2644996643066406,0.531106676374163
2017-02-10,41.37300109863281,41.400001525878906,41.14250183105469,41.191001892089844,48592000,0.25749969482421875,0.5015711103166852
2017-02-13,41.826499938964844,42.150001525878906,41.4275016784668,41.58100128173828,83452000,0.7224998474121094,0.5192852020263672
2017-02-14,41.81949996948242,41.91550064086914,41.5724983215332,41.849998474121094,55848000,0.3430023193359375,0.5004640306745257
2017-02-15,42.1349983215332,42.140499114990234,41.64099884033203,41.70000076293945,59378000,0.4995002746582031,0.4974283490862165
2017-02-16,42.207000732421875,42.25,41.96900177001953,42.09199905395508,54294000,0.28099822998046875,0.4808567592075893
2017-02-17,42.253501892089844,42.36349868774414,42.0364990234375,42.099998474121094,62246000,0.3269996643066406,0.4430710928780692
2017-02-21,42.821998596191406,42.89899826049805,42.36249923706055,42.44200134277344,70154000,0.5364990234375,0.45485687255859375
2017-02-22,42.78049850463867,42.92150115966797,42.60900115966797,42.84749984741211,52340000,0.3125,0.4456070491245815
2017-02-23,42.609500885009766,43.042999267578125,42.400001525878906,42.878501892089844,69240000,0.6429977416992188,0.44071388244628906
2017-02-24,42.262001037597656,42.29050064086914,41.88750076293945,42.234500885009766,73760000,0.4029998779296875,0.4184281485421317
2017-02-27,42.43199920654297,42.625,41.98350143432617,42.11899948120117,54272000,0.6414985656738281,0.43667820521763395
2017-02-28,42.25199890136719,42.704498291015625,42.102500915527344,42.5724983215332,55874000,0.6019973754882812,0.4487495422363281
2017-03-01,42.65399932861328,42.74150085449219,42.45050048828125,42.65250015258789,55202000,0.2910003662109375,0.43746376037597656
2017-03-02,42.445499420166016,42.74100112915039,42.36399841308594,42.65399932861328,42642000,0.3770027160644531,0.44549969264439176
2017-03-03,42.49399948120117,42.5994987487793,42.313499450683594,42.36000061035156,38822000,0.2859992980957031,0.4475353785923549
2017-03-06,42.330501556396484,42.42449951171875,42.055999755859375,42.26150131225586,52208000,0.368499755859375,0.4222496577671596
2017-03-07,42.30099868774414,42.42300033569336,42.1875,42.27399826049805,44952000,0.23550033569335938,0.4145709446498326
2017-03-08,42.525001525878906,42.653499603271484,42.339500427246094,42.400001525878906,45730000,0.3139991760253906,0.4013208661760603
2017-03-09,42.650001525878906,42.81999969482422,42.515499114990234,42.54999923706055,40964000,0.3045005798339844,0.40299960545131136
2017-03-10,42.62300109863281,42.86750030517578,42.58599853515625,42.849998474121094,48728000,0.28150177001953125,0.399749755859375
2017-03-13,42.72949981689453,42.78450012207031,42.58549880981445,42.5885009765625,38194000,0.19900131225585938,0.3756427764892578
2017-03-14,42.62649917602539,42.6875,42.377498626708984,42.6775016784668,42612000,0.3100013732910156,0.3754643031529018
2017-03-15,42.64849853515625,42.72249984741211,42.355499267578125,42.71649932861328,51244000,0.3670005798339844,0.3557502201625279
2017-03-16,42.67100143432617,42.775001525878906,42.5255012512207,42.76499938964844,36846000,0.24950027465820312,0.3447859627859933
2017-03-17,42.615501403808594,42.69150161743164,42.53200149536133,42.67449951171875,67688000,0.1595001220703125,0.31035750252859934
2017-03-20,42.8484992980957,42.88999938964844,42.550498962402344,42.57550048828125,45654000,0.33950042724609375,0.29160772051130024
2017-03-21,42.15999984741211,43.13999938964844,42.06549835205078,42.94200134277344,87658000,1.0745010375976562,0.3475720541817801
2017-03-22,42.40299987792969,42.46849822998047,41.95249938964844,42.02149963378906,53174000,0.5159988403320312,0.35750034877232145
2017-03-23,42.36899948120117,42.544498443603516,42.2400016784668,42.40999984741211,39060000,0.30449676513671875,0.35882159641810824
2017-03-24,42.28049850463867,42.59000015258789,42.17649841308594,42.58399963378906,42766000,0.4135017395019531,0.3620360238211496
2017-03-27,42.340999603271484,42.51499938964844,41.67499923706055,41.903499603271484,55116000,0.8400001525878906,0.40521458217075895
2017-03-28,42.79999923706055,42.92300033569336,42.505001068115234,42.587501525878906,60832000,0.417999267578125,0.41264316013881136
2017-03-29,43.715999603271484,43.821998596191406,42.95100021362305,42.95249938964844,89716000,0.8709983825683594,0.45310728890555246
2017-03-30,43.81700134277344,43.85300064086914,43.58300018310547,43.747501373291016,55254000,0.2700004577636719,0.4522857666015625
2017-03-31,44.32699966430664,44.51750183105469,43.83250045776367,43.849998474121094,79152000,0.6850013732910156,0.4870000566755022
2017-04-03,44.57550048828125,44.67449951171875,44.270999908447266,44.400001525878906,68446000,0.4034996032714844,0.49367850167410715
2017-04-04,45.34149932861328,45.426998138427734,44.513999938964844,44.57500076293945,99694000,0.9129981994628906,0.5326783316476005
2017-04-05,45.4640007019043,46.18600082397461,45.28099822998047,45.54100036621094,150168000,0.9050025939941406,0.5794999258858817
2017-04-06,44.91400146484375,45.859500885009766,44.7244987487793,45.689998626708984,126882000,1.1350021362304688,0.6491786411830357
2017-04-07,44.74399948120117,45.00450134277344,44.46549987792969,44.98249816894531,74218000,0.53900146484375,0.663428715297154
2017-04-10,45.35200119018555,45.425498962402344,44.95000076293945,44.98149871826172,63686000,0.4754981994628906,0.6206427982875279
2017-04-11,45.11800003051758,45.5620002746582,44.875,45.35200119018555,60254000,0.6870002746582031,0.632857186453683
2017-04-12,44.811500549316406,45.204498291015625,44.76250076293945,45.15449905395508,49122000,0.4419975280761719,0.6426786695207868
2017-04-13,44.23350143432617,44.74850082397461,44.2244987487793,44.5724983215332,63492000,0.5240020751953125,0.6505715506417411
2017-04-17,45.0994987487793,45.11899948120117,44.375,44.375,57094000,0.7439994812011719,0.643714359828404
2017-04-18,45.18899917602539,45.480499267578125,45.03900146484375,45.04949951171875,59984000,0.441497802734375,0.645392826625279
2017-04-19,44.959999084472656,45.525001525878906,44.868499755859375,45.391998291015625,57404000,0.6565017700195312,0.6300716400146484
2017-04-20,45.10300064086914,45.26599884033203,44.81449890136719,44.98500061035156,56288000,0.45149993896484375,0.643035888671875
2017-04-21,44.92649841308594,45.182498931884766,44.8385009765625,45.13349914550781,48410000,0.3439979553222656,0.6186785016741071
2017-04-24,45.37049865722656,45.4995002746582,45.191001892089844,45.433998107910156,62458000,0.3084983825683594,0.6118927001953125
2017-04-25,45.38100051879883,45.4739990234375,45.150001525878906,45.35200119018555,67612000,0.32399749755859375,0.5698212214878627
2017-04-26,45.464500427246094,45.787498474121094,45.37799835205078,45.51499938964844,52178000,0.4095001220703125,0.5344281877790179
2017-04-27,45.91899871826172,46.09299850463867,45.605499267578125,45.71950149536133,106110000,0.4874992370605469,0.488177980695452
2017-04-28,46.2495002746582,47.47949981689453,46.21649932861328,47.44150161743164,147294000,1.26300048828125,0.5398921966552734
2017-05-01,47.4114990234375,47.720001220703125,46.38999938964844,46.38999938964844,109330000,1.3300018310546875,0.6009281703404018
2017-05-02,47.34700012207031,47.505001068115234,47.070499420166016,47.33250045776367,76976000,0.43450164794921875,0.5828925541469029
2017-05-03,47.05149841308594,47.29999923706055,46.79499816894531,47.29999923706055,71654000,0.5050010681152344,0.5873928070068359
2017-05-04,46.87649917602539,47.25,46.71099853515625,47.23749923706055,48368000,0.53900146484375,0.5884641919817243
2017-05-05,46.70750045776367,47.03950119018555,46.51499938964844,47.0260009765625,57328000,0.5245018005371094,0.5727857862200055
2017-05-08,47.45199966430664,47.45249938964844,46.96049880981445,47.04750061035156,68314000,0.4920005798339844,0.5763931274414062
2017-05-09,47.64099884033203,47.894500732421875,47.5099983215332,47.63999938964844,65242000,0.3845024108886719,0.556964601789202
2017-05-10,47.4474983215332,47.6875,47.25,47.67499923706055,41930000,0.4375,0.555964606148856
2017-05-11,47.38100051879883,47.51449966430664,47.03900146484375,47.25550079345703,43882000,0.4754981994628906,0.5653574807303292
2017-05-12,48.067501068115234,48.13949966430664,47.576499938964844,47.724998474121094,72518000,0.5629997253417969,0.5835361480712891
2017-05-15,47.89849853515625,48.157501220703125,47.803001403808594,47.936500549316406,85412000,0.35449981689453125,0.5857148851667132
2017-05-16,48.30350112915039,48.50299835205078,48.045501708984375,48.04999923706055,62522000,0.45749664306640625,0.5891432080950055
2017-05-17,47.237998962402344,48.02000045776367,47.20600128173828,47.73500061035156,102912000,0.8139991760253906,0.6124646323067802
2017-05-18,47.92449951171875,48.13750076293945,47.237998962402344,47.2400016784668,78786000,0.8995018005371094,0.5865004403250558
2017-05-19,47.992000579833984,48.44599914550781,47.986000061035156,48.141998291015625,79442000,0.45999908447265625,0.5243573869977679
2017-05-22,48.53350067138672,48.569000244140625,48.14500045776367,48.20000076293945,52844000,0.4239997863769531,0.5236072540283203
2017-05-23,48.57699966430664,48.7599983215332,48.342498779296875,48.750999450683594,48312000,0.4174995422363281,0.5173571450369698
2017-05-24,49.01750183105469,49.04999923706055,48.51150131225586,48.79999923706055,48920000,0.5384979248046875,0.5173211778913226
2017-05-25,49.66899871826172,49.95000076293945,49.105499267578125,49.24250030517578,96440000,0.8445014953613281,0.5401782989501953
2017-05-26,49.78900146484375,49.932498931884766,49.462501525878906,49.75,69384000,0.4699974060058594,0.5386066436767578
2017-05-30,49.834999084472656,50.060001373291016,49.7760009765625,49.82550048828125,65262000,0.2840003967285156,0.5314279283796038
2017-05-31,49.73099899291992,50.00600051879883,49.108001708984375,50.0,78262000,0.8979988098144531,0.5643207005092076
2017-06-01,49.79750061035156,49.949501037597656,49.56850051879883,49.929500579833984,49096000,0.3810005187988281,0.5575708661760602
2017-06-02,50.33649826049805,50.42399978637695,49.78350067138672,49.949501037597656,75046000,0.6404991149902344,0.5631065368652344
2017-06-05,50.56700134277344,50.660499572753906,50.175498962402344,50.36149978637695,54398000,0.4850006103515625,0.5724280221121651
2017-06-06,50.150001525878906,50.82500076293945,50.0625,50.599998474121094,66928000,0.7625007629394531,0.5942140306745257
2017-06-07,50.503501892089844,50.51250076293945,50.099998474121094,50.29750061035156,56460000,0.4125022888183594,0.5655356815883091
2017-06-08,50.51350021362305,50.68050003051758,50.30550003051758,50.60300064086914,55358000,0.375,0.5280712672642299
2017-06-09,48.91550064086914,50.64950180053711,46.349998474121094,50.625,152954000,4.299503326416016,0.8023215702601841
2017-06-12,48.24549865722656,48.79750061035156,47.25,48.349998474121094,188944000,1.5475006103515625,0.8825716291155133
2017-06-13,49.03950119018555,49.224998474121094,48.30500030517578,48.89950180053711,91600000,0.9199981689453125,0.9184643881661552
2017-06-14,48.82350158691406,49.516998291015625,48.33549880981445,49.429500579833984,79498000,1.1814994812011719,0.964393070765904
2017-06-15,48.208499908447266,48.2864990234375,47.542999267578125,47.935001373291016,107478000,0.743499755859375,0.9571786608014788
2017-06-16,49.385501861572266,49.98749923706055,49.099998474121094,49.79999923706055,229454000,0.8875007629394531,0.9870003291538784
2017-06-19,49.75849914550781,50.849998474121094,49.494998931884766,50.849998474121094,100868000,1.3549995422363281,1.063500268118722
2017-06-20,49.62950134277344,50.24399948120117,49.60100173950195,49.900001525878906,81536000,0.6429977416992188,1.045285906110491
2017-06-21,50.11149978637695,50.13600158691406,49.63249969482422,49.935001373291016,58450000,0.5035018920898438,1.0540360042027064
2017-06-22,50.064998626708984,50.347999572753906,49.86000061035156,50.11149978637695,45068000,0.48799896240234375,1.0431431361607142
2017-06-23,50.1870002746582,50.23099899291992,49.9010009765625,50.12699890136719,57582000,0.3299980163574219,1.03207152230399
2017-06-26,49.69900131225586,50.4900016784668,49.599998474121094,50.42499923706055,67724000,0.8900032043457031,1.0411788395472936
2017-06-27,48.8390007019043,49.939998626708984,48.79999923706055,49.53450012207031,75648000,1.1399993896484375,1.0931429181780135
2017-06-28,49.51649856567383,49.534000396728516,48.46049880981445,48.9275016784668,74752000,1.0735015869140625,1.143035888671875
2017-06-29,48.79650115966797,49.37799835205078,48.26250076293945,48.95000076293945,86060000,1.1154975891113281,0.9156069074358258
2017-06-30,48.400001525878906,49.173500061035156,48.38050079345703,49.00600051879883,67806000,0.792999267578125,0.8617139543805804
2017-07-03,47.68299865722656,48.7244987487793,47.54999923706055,48.63949966430664,58182000,1.17449951171875,0.8798926217215401
2017-07-05,48.56999969482422,48.75,47.76250076293945,48.076499938964844,73060000,0.9874992370605469,0.8660354614257812
2017-07-06,48.25699996948242,48.720001220703125,47.95100021362305,48.233001708984375,65192000,0.7690010070800781,0.8678569793701172
2017-07-07,48.9379997253418,49.00550079345703,48.457000732421875,48.477500915527344,52868000,0.5485000610351562,0.8436426435198102
2017-07-10,49.82350158691406,49.97200012207031,49.17499923706055,49.25,70926000,0.7970008850097656,0.8037855965750558
2017-07-11,49.70650100708008,49.79949951171875,49.18600082397461,49.650001525878906,59654000,0.6134986877441406,0.8016785212925502
2017-07-12,50.32550048828125,50.4275016784668,49.904998779296875,50.032501220703125,72172000,0.5225028991699219,0.8030357360839844
2017-07-13,50.03150177001953,50.34400177001953,49.79499816894531,50.23099899291992,57616000,0.5490036010742188,0.8073932102748326
2017-07-14,50.09049987792969,50.22249984741211,49.84450149536133,50.119998931884766,42050000,0.37799835205078125,0.8108218056815011
2017-07-17,50.50199890136719,50.73749923706055,50.19049835205078,50.234500885009766,74252000,0.5470008850097656,0.7863216400146484
2017-07-18,51.22249984741211,51.30149841308594,50.20000076293945,50.29999923706055,80152000,1.1014976501464844,0.7835715157645089
2017-07-19,51.34349822998047,51.579498291015625,51.125,51.25,59280000,0.454498291015625,0.7393569946289062
2017-07-20,51.435001373291016,51.74850082397461,51.125999450683594,51.579498291015625,61950000,0.6225013732910156,0.7041429792131696
2017-07-21,51.28350067138672,51.30500030517578,50.54999923706055,51.06399917602539,54692000,0.7550010681152344,0.7014288221086774
2017-07-24,51.9474983215332,52.1505012512207,51.371498107910156,51.41699981689453,65760000,0.7790031433105469,0.6731790815080915
2017-07-25,51.993499755859375,52.166500091552734,51.624000549316406,51.90250015258789,48952000,0.5424995422363281,0.6413933890206474
2017-07-26,52.63999938964844,52.65999984741211,52.15999984741211,52.15999984741211,58426000,0.5,0.6221790313720703
2017-07-27,52.29999923706055,54.16550064086914,52.00899887084961,53.477500915527344,219834000,2.1565017700195312,0.7370362962995257
2017-07-28,51.00199890136719,51.64250183105469,50.04999923706055,50.606998443603516,154188000,1.5925025939941406,0.7938578469412667
2017-07-31,49.388999938964844,50.95249938964844,49.35100173950195,50.95249938964844,147042000,1.6014976501464844,0.864429201398577
2017-08-01,49.80950164794922,50.31999969482422,49.57899856567383,49.80550003051758,91452000,0.7410011291503906,0.8800362178257534
2017-08-02,49.794498443603516,50.160499572753906,49.08649826049805,50.0885009765625,81400000,1.0740013122558594,0.9175360543387276
2017-08-03,49.34600067138672,49.974998474121094,49.22949981689453,49.9734992980957,65116000,0.7454986572265625,0.9437860761369977
2017-08-04,49.37900161743164,49.583499908447266,49.099998474121094,49.48400115966797,54606000,0.4835014343261719,0.9392504010881696
2017-08-07,49.61349868774414,49.75,49.356998443603516,49.532501220703125,53532000,0.3930015563964844,0.8886435372488839
2017-08-08,49.492000579833984,49.81399917602539,49.28950119018555,49.717498779296875,58056000,0.5244979858398438,0.8936435154506138
2017-08-09,49.10049819946289,49.400001525878906,48.76350021362305,49.130001068115234,71394000,0.6365013122558594,0.8946435110909599
2017-08-10,47.84600067138672,48.99300003051758,47.73400115966797,48.814998626708984,113682000,1.2589988708496094,0.9306433541434151
2017-08-11,48.39950180053711,48.519500732421875,47.569000244140625,48.0,69360000,0.95050048828125,0.9428931644984654
2017-08-14,49.165000915527344,49.275001525878906,48.80950164794922,48.920501708984375,63458000,0.4654998779296875,0.9373931884765625
2017-08-15,49.137001037597656,49.58700180053711,49.099998474121094,49.44499969482422,50986000,0.4870033264160156,0.9364648546491351
2017-08-16,48.909000396728516,49.323001861572266,48.6609992980957,49.08250045776367,62642000,0.6620025634765625,0.8297149113246373
2017-08-17,48.028499603271484,48.891998291015625,48.01599884033203,48.891998291015625,70248000,0.8759994506835938,0.7785361153738839
2017-08-18,47.923500061035156,48.27149963378906,47.73249816894531,48.06999969482422,65696000,0.53900146484375,0.7026435307094029
2017-08-21,47.66450119018555,48.060001373291016,47.27299880981445,47.878501892089844,63290000,0.7870025634765625,0.7059293474469867
2017-08-22,48.345001220703125,48.39649963378906,47.775001525878906,47.7760009765625,55000000,0.6214981079101562,0.6736076899937221
2017-08-23,47.900001525878906,48.099998474121094,47.709999084472656,47.96900177001953,53366000,0.3899993896484375,0.6482148851667132
2017-08-24,47.622501373291016,47.95000076293945,47.05699920654297,47.87099838256836,103914000,0.8930015563964844,0.6774648938860212
2017-08-25,47.26300048828125,47.88100051879883,47.20500183105469,47.79999923706055,66496000,0.6759986877441406,0.697678974696568
2017-08-28,47.30099868774414,47.650001525878906,47.11249923706055,47.32699966430664,51934000,0.5375022888183594,0.6986078534807477
2017-08-29,47.702999114990234,47.79999923706055,46.81650161743164,47.0,57486000,0.9834976196289062,0.723393304007394
2017-08-30,48.37950134277344,48.47050094604492,47.84550094604492,47.922000885009766,58092000,0.625,0.678107670375279
2017-08-31,49.029998779296875,49.04999923706055,48.63800048828125,48.73500061035156,66630000,0.4119987487792969,0.6396432604108538
2017-09-01,48.912498474121094,49.224998474121094,48.84400177001953,49.209999084472656,50718000,0.3809967041015625,0.6336073194231305
2017-09-05,48.26350021362305,48.8385009765625,48.01850128173828,48.77000045776367,57664000,0.8199996948242188,0.6573927743094308
2017-09-06,48.38999938964844,48.59199905395508,48.029998779296875,48.41600036621094,42598000,0.5620002746582031,0.650249753679548
2017-09-07,48.9734992980957,49.02949905395508,48.627498626708984,48.70000076293945,51336000,0.40200042724609375,0.6163926805768695
2017-09-08,48.29499816894531,48.99399948120117,48.173500061035156,48.95500183105469,52106000,0.8204994201660156,0.6364996773856026
2017-09-11,48.89799880981445,49.09700012207031,48.71099853515625,48.722999572753906,43734000,0.3860015869140625,0.6078567504882812
2017-09-12,49.12900161743164,49.23350143432617,48.7760009765625,49.16350173950195,49622000,0.4575004577636719,0.5961426326206752
2017-09-13,49.97999954223633,50.0,48.97100067138672,49.19850158691406,67494000,1.0289993286132812,0.6417854854038784
2017-09-14,49.61050033569336,49.928001403808594,49.387001037597656,49.84000015258789,78266000,0.5410003662109375,0.6166425432477679
2017-09-15,49.339500427246094,49.8125,49.201499938964844,49.6505012512207,75204000,0.6110000610351562,0.6119997841971261
2017-09-18,48.70949935913086,49.63949966430664,48.40850067138672,49.52000045776367,68226000,1.2309989929199219,0.6615352630615234
2017-09-19,48.49300003051758,48.9119987487793,48.37300109863281,48.86249923706055,53422000,0.5389976501464844,0.6297852652413505
2017-09-20,48.660499572753906,48.740501403808594,48.108001708984375,48.589500427246094,57776000,0.6324996948242188,0.6303209577287946
2017-09-21,48.23249816894531,48.584999084472656,48.10100173950195,48.56549835205078,46752000,0.4839973449707031,0.6354637145996094
2017-09-22,47.755001068115234,48.28049850463867,47.72100067138672,48.050498962402344,52836000,0.5594978332519531,0.6482137952532087
2017-09-25,46.989498138427734,47.47100067138672,46.644500732421875,47.46549987792969,102480000,0.8264999389648438,0.6486780984061105
2017-09-26,46.93000030517578,47.43149948120117,46.587501525878906,47.27450180053711,71296000,0.8439979553222656,0.6688207898821149
2017-09-27,47.54349899291992,47.76499938964844,47.165000915527344,47.400001525878906,62978000,0.5999984741210938,0.6829635075160435
2017-09-28,47.81999969482422,47.98500061035156,47.505001068115234,47.59299850463867,50452000,0.4799995422363281,0.658642087663923
2017-09-29,48.067501068115234,48.24150085449219,47.91899871826172,48.00550079345703,50876000,0.32250213623046875,0.6541064126150948
2017-10-02,47.95949935913086,48.365501403808594,47.60599899291992,48.20000076293945,48858000,0.7595024108886719,0.675677980695452
2017-10-03,47.85499954223633,48.18450164794922,47.51850128173828,47.900001525878906,53332000,0.6660003662109375,0.6497494833809989
2017-10-04,48.272499084472656,48.38949966430664,47.70249938964844,47.71049880981445,50548000,0.6870002746582031,0.6601780482700893
2017-10-05,49.04249954223633,49.07550048828125,48.481998443603516,48.5,64584000,0.5935020446777344,0.6589281899588448
2017-10-06,49.479000091552734,49.787498474121094,48.78200149536133,48.78200149536133,75642000,1.0054969787597656,0.6428209032331195
2017-10-09,49.54949951171875,49.92499923706055,49.375,49.6619987487793,58772000,0.5499992370605469,0.6436067308698382
2017-10-10,49.36000061035156,49.897499084472656,49.005001068115234,49.833499908447266,61698000,0.8924980163574219,0.6621780395507812
2017-10-11,49.75,49.775001525878906,49.334999084472656,49.563499450683594,46742000,0.44000244140625,0.6590355464390346
2017-10-12,50.04650115966797,50.422000885009766,49.619998931884766,49.84049987792969,81346000,0.802001953125,0.6763572692871094
2017-10-13,50.14699935913086,50.38850021362305,50.05149841308594,50.349998474121094,48630000,0.3370018005371094,0.6413931165422712
2017-10-16,50.31700134277344,50.47850036621094,50.051998138427734,50.422000885009766,40178000,0.4265022277832031,0.6115719931466239
2017-10-17,50.45650100708008,50.57350158691406,50.21900177001953,50.27949905395508,46394000,0.35449981689453125,0.594036374773298
2017-10-18,49.849998474121094,51.115501403808594,49.82749938964844,50.4635009765625,49994000,1.2880020141601562,0.6517508370535714
2017-10-19,49.330501556396484,49.5525016784668,49.012001037597656,49.5,62164000,0.5405006408691406,0.6673221588134766
2017-10-20,49.14550018310547,49.73099899291992,49.099998474121094,49.67649841308594,47302000,0.6310005187988281,0.6581434522356305
2017-10-23,48.314998626708984,49.3390007019043,48.125,49.33649826049805,69882000,1.2140007019042969,0.6972863333565849
2017-10-24,48.79499816894531,48.99250030517578,48.25,48.45000076293945,54478000,0.7425003051757812,0.7012506212506976
2017-10-25,48.64550018310547,49.22200012207031,48.3120002746582,48.900001525878906,60662000,0.9099998474121094,0.7238576071602958
2017-10-26,48.621498107910156,49.14500045776367,48.4275016784668,49.01649856567383,112374000,0.717498779296875,0.7032863071986607
2017-10-27,55.04750061035156,55.27899932861328,52.52750015258789,52.90700149536133,331300000,2.7514991760253906,0.8605363028390067
2017-10-30,55.54249954223633,56.13949966430664,54.678001403808594,54.7504997253418,132262000,1.4614982604980469,0.9011791774204799
2017-10-31,55.263999938964844,55.527000427246094,55.055999755859375,55.45000076293945,69540000,0.47100067138671875,0.9033933367047992
2017-11-01,55.183998107910156,55.44850158691406,54.83700180053711,55.27000045776367,75110000,0.6114997863769531,0.8897860390799386
2017-11-02,54.71099853515625,55.09700012207031,54.34349822998047,54.890499114990234,73698000,0.7535018920898438,0.9195360456194196
2017-11-03,55.58000183105469,55.63399887084961,54.42599868774414,54.557498931884766,75030000,1.2080001831054688,0.9753573281424386
2017-11-06,56.03300094604492,56.27050018310547,55.438499450683594,55.45750045776367,67622000,0.832000732421875,1.0094645363943917
2017-11-07,56.15850067138672,56.529998779296875,55.875,56.23699951171875,53780000,0.654998779296875,0.964250019618443
2017-11-08,56.64400100708008,56.777000427246094,55.955501556396484,56.14099884033203,51630000,0.8214988708496094,0.9843213217599052
2017-11-09,56.45650100708008,56.48099899291992,55.78850173950195,56.29800033569336,74654000,0.6924972534179688,0.9887139456612724
2017-11-10,56.26750183105469,56.587501525878906,56.202999114990234,56.30500030517578,43598000,0.3845024108886719,0.9294640677315849
2017-11-13,56.458499908447266,56.994998931884766,56.117000579833984,56.150001525878906,58368000,0.8779983520507812,0.9391424996512276
2017-11-14,56.84199905395508,56.900001525878906,56.19449996948242,56.50550079345703,62768000,0.7055015563964844,0.9245354788643974
2017-11-15,56.33449935913086,56.587501525878906,56.08150100708008,56.35049819946289,78574000,0.5060005187988281,0.909428460257394
2017-11-16,56.864498138427734,56.90800094604492,56.502498626708984,56.507999420166016,44266000,0.4055023193359375,0.7418572562081474
2017-11-17,56.49399948120117,56.939998626708984,56.29050064086914,56.91400146484375,48268000,0.6494979858398438,0.6838572365897042
2017-11-20,56.31549835205078,56.67100143432617,56.127498626708984,56.48849868774414,43278000,0.5435028076171875,0.6890359606061663
2017-11-21,56.9744987487793,57.0,56.40999984741211,56.643001556396484,49588000,0.5900001525878906,0.6875002724783761
2017-11-22,57.80799865722656,58.01350021362305,57.04999923706055,57.04999923706055,71106000,0.9635009765625,0.7025002070835659
2017-11-24,59.29999923706055,59.34199905395508,58.03499984741211,58.03499984741211,70560000,1.3069992065429688,0.7095715659005302
2017-11-27,59.791500091552734,60.670501708984375,59.557498931884766,60.132999420166016,134880000,1.1130027770996094,0.7296431405203683
2017-11-28,59.68000030517578,60.266998291015625,59.42599868774414,60.24399948120117,91188000,0.8409996032714844,0.7429289136614118
2017-11-29,58.063499450683594,59.7400016784668,57.259498596191406,59.7400016784668,185150000,2.4805030822753906,0.8614292144775391
2017-11-30,58.837501525878906,58.92850112915039,58.0,58.35499954223633,90184000,0.9285011291503906,0.878286634172712
2017-12-01,58.11750030517578,58.98249816894531,57.599998474121094,58.602500915527344,82142000,1.3824996948242188,0.9495721544538226
2017-12-04,56.6974983215332,58.7599983215332,56.400001525878906,58.692501068115234,118638000,2.359996795654297,1.055429186139788
2017-12-05,57.07849884033203,57.9635009765625,56.23699951171875,56.41299819946289,81596000,1.72650146484375,1.1283577510288783
2017-12-06,57.61750030517578,57.794498443603516,56.80400085449219,56.89950180053711,57066000,0.9904975891113281,1.1629646846226283
2017-12-07,57.989498138427734,58.15950012207031,57.54999923706055,57.829498291015625,50232000,0.6095008850097656,1.1775360107421875
2017-12-08,58.099998474121094,58.63949966430664,57.85499954223633,58.52000045776367,61002000,0.7845001220703125,1.1871790204729353
2017-12-11,58.44599914550781,58.494998931884766,57.849998474121094,58.22999954223633,47270000,0.6450004577636719,1.1944288526262556
2017-12-12,58.25400161743164,58.68000030517578,58.080501556396484,58.32550048828125,44718000,0.5994987487792969,1.1951073237827845
2017-12-13,58.20650100708008,58.54349899291992,58.01350021362305,58.5,52336000,0.529998779296875,1.1641428811209542
2017-12-14,58.7130012512207,58.89649963378906,58.122501373291016,58.18550109863281,64286000,0.7739982604980469,1.1260713849748885
2017-12-15,58.957000732421875,59.13750076293945,58.46649932861328,58.951499938964844,95572000,0.6710014343261719,1.0944998604910714
2017-12-18,59.52899932861328,59.73899841308594,59.045501708984375,59.368499755859375,58952000,0.6934967041015625,1.0839639391217912
2017-12-19,59.36899948120117,59.64849853515625,58.957000732421875,59.45750045776367,51756000,0.691497802734375,0.9561778477260044
2017-12-20,58.88100051879883,59.54999923706055,58.79999923706055,59.525001525878906,47424000,0.75,0.9434277670724052
2017-12-21,58.737998962402344,58.958499908447266,58.38199996948242,58.79499816894531,42462000,0.5764999389648438,0.8858563559395927
2017-12-22,58.417999267578125,58.73099899291992,58.39149856567383,58.604000091552734,31702000,0.33950042724609375,0.7415351867675781
2017-12-26,58.8380012512207,58.91600036621094,58.02750015258789,58.417999267578125,40104000,0.8885002136230469,0.6816779545375279
2017-12-27,59.112998962402344,59.364498138427734,58.78049850463867,58.99549865722656,37344000,0.5839996337890625,0.6526423863002232
2017-12-28,59.30500030517578,59.505001068115234,59.21900177001953,59.45000076293945,36834000,0.2859992980957031,0.6295351300920758
2017-12-29,58.4734992980957,59.20000076293945,58.375,59.11750030517578,53768000,0.8250007629394531,0.6324280330113002
2018-01-02,59.45050048828125,59.5,58.5255012512207,58.599998474121094,53890000,0.9744987487792969,0.655963625226702
2018-01-03,60.209999084472656,60.27450180053711,59.415000915527344,59.415000915527344,62176000,0.8595008850097656,0.6745352063860212
2018-01-04,60.47949981689453,60.79349899291992,60.233001708984375,60.25,60442000,0.5604972839355469,0.6767136710030692
2018-01-05,61.457000732421875,61.457000732421875,60.5,60.8754997253418,70894000,0.957000732421875,0.6897852761404855
2018-01-08,62.34349822998047,62.65399932861328,61.60150146484375,61.79999923706055,85590000,1.0524978637695312,0.7170350211007255
2018-01-09,62.6349983215332,62.96649932861328,62.0880012512207,62.845001220703125,73226000,0.8784980773925781,0.7302494049072266
2018-01-10,62.71649932861328,62.71649932861328,61.86149978637695,62.25749969482422,53720000,0.8549995422363281,0.7419281005859375
2018-01-11,63.83399963378906,63.8385009765625,62.823001861572266,62.98699951171875,62500000,1.0154991149902344,0.7608923230852399
2018-01-12,65.26000213623047,65.28800201416016,63.669498443603516,63.669498443603516,108874000,1.6185035705566406,0.8353211539132255
2018-01-16,65.24299621582031,66.99700164794922,64.61499786376953,66.1500015258789,144414000,2.3820037841796875,0.9812142508370536
2018-01-17,64.75,65.69999694824219,64.04399871826172,65.61199951171875,105076000,1.6559982299804688,1.0360355377197266
2018-01-18,64.66600036621094,65.2300033569336,64.20099639892578,64.69750213623047,80538000,1.0290069580078125,1.067821775163923
2018-01-19,64.72899627685547,65.6500015258789,64.64949798583984,65.5999984741211,91570000,1.0005035400390625,1.1188577924455916
2018-01-22,66.3655014038086,66.37249755859375,64.83300018310547,64.8584976196289,82802000,1.5394973754882812,1.1698932647705078
2018-01-23,68.12699890136719,68.24500274658203,66.86699676513672,66.90450286865234,103386000,1.3780059814453125,1.1987152099609375
2018-01-24,67.87550354003906,69.40799713134766,66.9000015258789,68.74099731445312,136150000,2.50799560546875,1.316464832850865
2018-01-25,68.89749908447266,68.91699981689453,67.88099670410156,68.4000015258789,95060000,1.0360031127929688,1.3504295349121094
2018-01-26,70.10250091552734,70.12650299072266,69.04550170898438,69.60050201416016,97146000,1.0810012817382812,1.3592867170061385
2018-01-29,70.88400268554688,71.56950378417969,70.02200317382812,70.45899963378906,114038000,1.5475006103515625,1.394644056047712
2018-01-30,71.89099884033203,71.9625015258789,69.5999984741211,70.15850067138672,117438000,2.3625030517578125,1.5006444113595145
2018-01-31,72.54450225830078,73.62899780273438,72.50199890136719,72.56500244140625,128494000,1.1269989013671875,1.5200729370117188
2018-02-01,69.5,72.99400329589844,69.25700378417969,72.25,182276000,3.73699951171875,1.714465822492327
2018-02-02,71.49749755859375,74.9000015258789,70.69999694824219,73.86949920654297,222514000,4.200004577636719,1.8988587515694755
2018-02-05,69.5,72.9489974975586,66.03600311279297,70.13099670410156,229900000,6.912994384765625,2.2225009373256137
2018-02-06,72.14199829101562,72.19950103759766,67.5895004272461,68.072998046875,221336000,4.6100006103515625,2.4335011073521207
2018-02-07,70.83899688720703,73.04949951171875,70.75749969482422,72.44999694824219,143254000,2.2919998168945312,2.5237148829868863
2018-02-08,67.5250015258789,71.6875,67.49700164794922,71.48400115966797,171572000,4.190498352050781,2.7515716552734375
2018-02-09,66.9800033569336,69.17500305175781,63.29650115966797,68.67449951171875,282830000,5.878501892089844,3.0615005493164062
2018-02-12,69.3115005493164,69.69049835205078,67.20050048828125,68.2334976196289,134778000,2.4899978637695312,3.1409285409109935
2018-02-13,70.72550201416016,70.98600006103516,69.17649841308594,69.29650115966797,118358000,1.8095016479492188,3.091036115373884
2018-02-14,72.55249786376953,72.60299682617188,70.16799926757812,70.3125,119184000,2.43499755859375,3.1909642900739397
2018-02-15,73.08799743652344,73.4469985961914,71.84200286865234,73.34449768066406,113054000,1.6049957275390625,3.2283924647739957
2018-02-16,72.43450164794922,73.29000091552734,72.3280029296875,72.86849975585938,89452000,0.9619979858398438,3.186570848737444
2018-02-20,73.4175033569336,74.4384994506836,72.32450103759766,72.32450103759766,129984000,2.1139984130859375,3.1688205174037387
2018-02-21,74.14600372314453,75.17449951171875,73.94599914550781,74.25,126088000,1.2285003662109375,3.1760706220354353
2018-02-22,74.26699829101562,75.12699890136719,73.78800201416016,74.76799774169922,97162000,1.3389968872070312,3.004784720284598
2018-02-23,75.0,75.0,74.32499694824219,74.76699829101562,88362000,0.6750030517578125,2.7529988970075334
2018-02-26,76.09750366210938,76.14199829101562,75.3499984741211,75.45999908447266,99100000,0.7919998168945312,2.3157849993024553
2018-02-27,75.5989990234375,76.33899688720703,75.3604965209961,76.2249984741211,96176000,0.9785003662109375,2.056392124720982
2018-02-28,75.62249755859375,76.43499755859375,75.5999984741211,75.97550201416016,90300000,0.8349990844726562,1.9523206438337053
2018-03-01,74.67250061035156,75.92449951171875,73.25,75.68000030517578,136704000,2.67449951171875,1.8440350123814173
2018-03-02,75.01249694824219,75.05249786376953,72.75050354003906,73.45500183105469,131752000,2.3019943237304688,1.5885701860700334
2018-03-05,76.18049621582031,76.26899719238281,74.05000305175781,74.71199798583984,104678000,2.218994140625,1.5692127772739954
2018-03-06,76.88200378417969,77.10649871826172,76.4000015258789,76.66000366210938,91234000,0.7064971923828125,1.490426744733538
2018-03-07,77.25,77.29499816894531,76.12550354003906,76.32599639892578,83482000,1.16949462890625,1.400033678327288
2018-03-08,77.59300231933594,77.74400329589844,77.26249694824219,77.5,77252000,0.48150634765625,1.319784436907087
2018-03-09,78.94450378417969,78.9469985961914,77.9540023803711,78.17500305175781,90686000,0.9929962158203125,1.3219985961914062
2018-03-12,79.91950225830078,80.2665023803711,79.33499908447266,79.62999725341797,103484000,0.9315032958984375,1.237534659249442
2018-03-13,79.40899658203125,80.87699890136719,78.90049743652344,80.7979965209961,130638000,1.97650146484375,1.2909633091517858
2018-03-14,79.55000305175781,80.3219985961914,79.54450225830078,79.8499984741211,85188000,0.777496337890625,1.2508561270577567
2018-03-15,79.11599731445312,79.84549713134766,78.90550231933594,79.75,81394000,0.9399948120117188,1.2697841099330358
2018-03-16,78.58399963378906,79.47200012207031,78.375,79.17250061035156,108500000,1.0970001220703125,1.2915698460170202
2018-03-19,77.24649810791016,78.08300018310547,76.26750183105469,77.72650146484375,131616000,1.8154983520507812,1.3513554164341517
2018-03-20,79.32550048828125,79.3499984741211,77.27050018310547,77.51699829101562,91632000,2.079498291015625,1.4402482169015067
2018-03-21,79.09300231933594,79.5,78.15850067138672,79.32250213623047,95016000,1.3414993286132812,1.345033918108259
2018-03-22,77.24600219726562,78.69249725341797,77.12000274658203,78.27349853515625,126412000,1.5724945068359375,1.2929267883300781
2018-03-23,74.77799987792969,77.45099639892578,74.76799774169922,76.95050048828125,160120000,2.6829986572265625,1.3260699680873327
2018-03-26,77.79299926757812,77.84950256347656,74.9625015258789,76.5,112494000,2.8870010375976562,1.4818202427455358
2018-03-27,74.85250091552734,78.79850006103516,74.11599731445312,78.62000274658203,139992000,4.682502746582031,1.7327493940080916
2018-03-28,71.57099914550781,72.79499816894531,69.30850219726562,72.3499984741211,274106000,3.4864959716796875,1.9473915100097656
2018-03-29,72.36699676513672,72.77349853515625,68.26000213623047,70.30000305175781,251622000,4.513496398925781,2.1988558088030135
2018-04-02,68.59950256347656,71.06800079345703,67.75,70.88099670410156,209272000,3.3180007934570312,2.3693199157714844
2018-04-03,69.60250091552734,70.69999694824219,67.7665023803711,69.56900024414062,204624000,2.9334945678710938,2.437676565987723
2018-04-04,70.52850341796875,70.76950073242188,67.64399719238281,67.91200256347656,139646000,3.1255035400390625,2.605391366141183
2018-04-05,72.5875015258789,72.97799682617188,71.35350036621094,72.09950256347656,128270000,1.6244964599609375,2.654284340994699
2018-04-06,70.2614974975586,72.625,70.01300048828125,71.49849700927734,117646000,2.61199951171875,2.762498583112444
2018-04-09,70.30400085449219,71.92400360107422,70.12850189208984,71.25150299072266,84164000,1.795501708984375,2.7610702514648438
2018-04-10,71.81099700927734,71.91899871826172,70.78500366210938,71.59950256347656,85082000,1.1339950561523438,2.6935343061174666
2018-04-11,71.35250091552734,72.43900299072266,71.24449920654297,71.97200012207031,71650000,1.1945037841796875,2.6830346243722096
2018-04-12,72.42500305175781,72.60600280761719,71.75299835205078,71.9749984741211,62700000,0.8530044555664062,2.6316424778529575
2018-04-13,71.53949737548828,72.98899841308594,71.22599792480469,72.45700073242188,73706000,1.76300048828125,2.5659283229282925
2018-04-16,72.07499694824219,72.3499984741211,71.3740005493164,72.25,56172000,0.9759979248046875,2.4294281005859375
2018-04-17,75.19149780273438,75.3594970703125,72.85099792480469,73.11499786376953,102288000,2.5084991455078125,2.2741421290806363
2018-04-18,76.39199829101562,76.69000244140625,75.20549774169922,75.73249816894531,104550000,1.4845046997070312,2.1311427525111606
2018-04-19,77.84549713134766,78.4260025024414,76.9530029296875,77.16100311279297,130474000,1.4729995727539062,1.9139644077845983
2018-04-20,76.37449645996094,78.05999755859375,75.80449676513672,78.05999755859375,110832000,2.2555007934570312,1.838071550641741
2018-04-23,75.89299774169922,77.4000015258789,75.17050170898438,77.33450317382812,89308000,2.2294998168945312,1.7877862112862724
2018-04-24,73.00450134277344,76.9749984741211,72.42250061035156,76.79000091552734,149894000,4.552497863769531,1.8897143772670202
2018-04-25,73.00849914550781,73.49949645996094,70.7509994506836,72.9000015258789,131746000,2.7484970092773438,1.9700001307896204
2018-04-26,75.89800262451172,76.47100067138672,73.92500305175781,74.25050354003906,176022000,2.5459976196289062,1.9652857099260603
2018-04-27,78.63099670410156,81.90499877929688,78.36949920654297,81.70050048828125,261064000,3.5354995727539062,2.089571271623884
2018-04-30,78.30650329589844,79.80000305175781,78.0469970703125,79.125,109282000,1.7530059814453125,2.1337863377162387
2018-05-01,79.11299896240234,79.25,77.60900115966797,78.16100311279297,91442000,1.6409988403320312,2.1656788417271207
2018-05-02,78.48400115966797,79.42500305175781,78.31800079345703,79.04900360107422,87206000,1.1070022583007812,2.183821541922433
2018-05-03,78.60399627685547,78.73999786376953,77.3010025024414,78.00050354003906,85038000,1.438995361328125,2.1606783185686385
2018-05-04,79.04750061035156,79.24500274658203,78.1094970703125,78.12249755859375,68872000,1.1355056762695312,2.172071729387556
2018-05-07,80.00700378417969,80.34750366210938,79.3915023803711,79.46700286865234,76038000,0.9560012817382812,2.0611790248325894
2018-05-08,79.61949920654297,79.84400177001953,79.12550354003906,79.75,61358000,0.7184982299804688,2.006464276994978
2018-05-09,80.4000015258789,80.4000015258789,79.5999984741211,80.0,72746000,0.8000030517578125,1.9583930969238281
2018-05-10,80.4540023803711,80.77999877929688,80.1719970703125,80.42400360107422,56350000,0.608001708984375,1.840714590890067
2018-05-11,80.14550018310547,80.55500030517578,79.89450073242188,80.54949951171875,45278000,0.6604995727539062,1.7286431448800224
2018-05-14,80.0770034790039,80.55899810791016,80.00250244140625,80.19999694824219,50190000,0.5564956665039062,1.4432144165039062
2018-05-15,78.80599975585938,79.38999938964844,78.26100158691406,79.38999938964844,101550000,1.128997802734375,1.327535901750837
2018-05-16,79.36399841308594,79.72149658203125,78.83350372314453,78.875,51412000,0.8879928588867188,1.2091069902692522
2018-05-17,79.08799743652344,79.7020034790039,78.6500015258789,79.02799987792969,42952000,1.052001953125,1.0317143031529017
2018-05-18,78.71849822998047,79.17949676513672,78.6050033569336,79.06649780273438,52852000,0.574493408203125,0.9475348336356026
2018-05-21,79.27300262451172,79.60250091552734,78.75,79.25,58504000,0.8525009155273438,0.8912135532924107
2018-05-22,79.06999969482422,79.49449920654297,78.76249694824219,79.49449920654297,42312000,0.7320022583007812,0.8644278390066964
2018-05-23,80.09300231933594,80.09300231933594,78.31700134277344,78.55249786376953,67238000,1.7760009765625,0.8884996686662946
2018-05-24,80.15350341796875,80.41200256347656,79.41899871826172,79.90149688720703,68600000,0.9930038452148438,0.8783209664481026
2018-05-25,80.50749969482422,80.70600128173828,80.02249908447266,80.1500015258789,53968000,0.683502197265625,0.8588567461286273
2018-05-29,80.64350128173828,81.0895004272461,80.00749969482422,80.0354995727539,76930000,1.082000732421875,0.8848212105887276
2018-05-30,81.24449920654297,81.30000305175781,80.64649963378906,80.90499877929688,58148000,0.65350341796875,0.8743569510323661
2018-05-31,81.48100280761719,81.75,81.06749725341797,81.1500015258789,63326000,0.6825027465820312,0.879678453717913
2018-06-01,82.0770034790039,82.33650207519531,81.75450134277344,81.85150146484375,66268000,0.582000732421875,0.8740713936941964
2018-06-04,83.26349639892578,83.28399658203125,82.27449798583984,82.44499969482422,63754000,1.0094985961914062,0.9064287458147321
2018-06-05,84.81749725341797,84.94999694824219,83.50299835205078,83.64949798583984,95644000,1.4469985961914062,0.9291430882045201
2018-06-06,84.7874984741211,85.7249984741211,84.32350158691406,85.22550201416016,109464000,1.4014968872070312,0.9658219473702567
2018-06-07,84.46499633789062,84.99500274658203,83.80549621582031,84.9280014038086,75314000,1.1895065307617188,0.9756437029157367
2018-06-08,84.19950103759766,84.47200012207031,83.65049743652344,84.05599975585938,59102000,0.821502685546875,0.9932872227260044
2018-06-11,84.45600128173828,84.71199798583984,84.02950286865234,84.07550048828125,46710000,0.6824951171875,0.9811439514160156
2018-06-12,84.9375,84.97550201416016,84.57599639892578,84.6500015258789,45184000,0.399505615234375,0.9573941911969867
2018-06-13,85.24299621582031,85.6875,85.00599670410156,85.1405029296875,66550000,0.6815032958984375,0.8792157854352679
2018-06-14,86.19300079345703,86.23999786376953,85.44349670410156,85.67400360107422,63488000,0.7965011596679688,0.8651798793247768
2018-06-15,85.79850006103516,86.04350280761719,85.4260025024414,85.69999694824219,95552000,0.6175003051757812,0.8604654584612165
2018-06-18,86.18949890136719,86.33699798583984,85.12799835205078,85.31300354003906,62154000,1.2089996337890625,0.8695368085588727
2018-06-19,86.73899841308594,86.80549621582031,85.01950073242188,85.4520034790039,85802000,1.7859954833984375,0.9504290989467076
2018-06-20,87.50399780273438,88.14649963378906,87.06800079345703,87.125,86652000,1.0784988403320312,0.9787145342145648
2018-06-21,86.51100158691406,88.15499877929688,85.87799835205078,88.0,98822000,2.2770004272460938,1.0997859409877233
2018-06-22,85.78350067138672,87.1500015258789,85.59500122070312,87.13099670410156,81502000,1.5550003051757812,1.1387503487723214
2018-06-25,83.15750122070312,85.25,82.31549835205078,85.12550354003906,150224000,2.9345016479492188,1.2450005667550224
2018-06-26,84.55449676513672,85.07849884033203,83.16699981689453,83.61849975585938,87732000,1.9114990234375,1.2814292907714844
2018-06-27,83.02549743652344,85.59750366210938,83.0,85.40550231933594,97444000,2.597503662109375,1.382000514439174
2018-06-28,85.07250213623047,85.2750015258789,83.05850219726562,83.62699890136719,90594000,2.2164993286132812,1.4816431318010603
2018-06-29,84.98999786376953,86.17050170898438,84.71600341796875,85.8499984741211,90870000,1.454498291015625,1.5367862156459264
2018-07-02,85.68900299072266,85.69450378417969,83.90299987792969,84.13500213623047,63714000,1.79150390625,1.6362146650041853
2018-07-03,84.697998046875,86.25,84.6240005493164,86.197998046875,43546000,1.6259994506835938,1.7036786760602678
2018-07-05,84.98650360107422,85.53450012207031,84.10749816894531,85.26899719238281,59662000,1.427001953125,1.7487144470214844
2018-07-06,85.53150177001953,85.76349639892578,84.58350372314453,84.80000305175781,53006000,1.17999267578125,1.7888924734933036
2018-07-09,86.95099639892578,86.97799682617188,85.8115005493164,86.20249938964844,60240000,1.1664962768554688,1.7858565194266183
2018-07-10,87.15350341796875,87.5,86.55000305175781,86.92649841308594,60058000,0.9499969482421875,1.726142338344029
2018-07-11,87.75,87.8479995727539,86.69999694824219,86.89949798583984,64196000,1.1480026245117188,1.731106894356864
2018-07-12,89.83100128173828,89.9000015258789,88.10900115966797,88.22550201416016,90654000,1.7910003662109375,1.696392604282924
2018-07-13,90.65149688720703,90.76499938964844,89.7614974975586,90.19650268554688,87664000,1.0035018920898438,1.6569998604910714
2018-07-16,91.12449645996094,92.09750366210938,90.72250366210938,91.09750366210938,109324000,1.375,1.5456068856375558
2018-07-17,92.19650268554688,92.58450317382812,89.86900329589844,90.5780029296875,113658000,2.7154998779296875,1.6030355181012834
2018-07-18,92.14600372314453,92.94400024414062,91.5634994506836,92.4000015258789,97238000,1.3805007934570312,1.5161067417689733
2018-07-19,90.64849853515625,92.05000305175781,90.5634994506836,91.4729995727539,93538000,1.4865036010742188,1.4639641898018974
2018-07-20,90.68499755859375,91.74199676513672,90.50299835205078,91.25050354003906,77688000,1.2389984130859375,1.4485713413783483
2018-07-23,90.0999984741211,90.94999694824219,88.49949645996094,90.6104965209961,77770000,2.45050048828125,1.4956425258091517
2018-07-24,91.46199798583984,92.0,90.46900177001953,91.45050048828125,85574000,1.5309982299804688,1.4888567243303572
2018-07-25,93.18049621582031,93.19200134277344,91.13200378417969,91.46499633789062,74764000,2.05999755859375,1.5340706961495536
2018-07-26,90.4000015258789,92.23400115966797,90.2249984741211,91.94999694824219,198488000,2.009002685546875,1.5932856968470983
2018-07-27,90.8635025024414,94.00250244140625,90.32649993896484,93.80249786376953,193620000,3.6760025024414062,1.772536141531808
2018-07-30,88.96099853515625,91.4749984741211,88.3010025024414,91.36650085449219,131246000,3.1739959716796875,1.9313932146344865
2018-07-31,88.87200164794922,90.09149932861328,86.96600341796875,89.32450103759766,114774000,3.1254959106445312,2.0726427350725447
2018-08-01,89.8584976196289,89.9219970703125,88.8010025024414,89.19999694824219,83062000,1.1209945678710938,2.02478517804827
2018-08-02,91.71649932861328,91.8280029296875,89.30000305175781,89.4384994506836,87094000,2.5279998779296875,2.1336778913225447
2018-08-03,91.16449737548828,92.05000305175781,91.07499694824219,91.88700103759766,69210000,0.975006103515625,2.105106898716518
2018-08-06,92.38749694824219,92.38849639892578,90.94599914550781,91.29049682617188,67836000,1.4424972534179688,2.014178139822824
2018-08-07,93.1240005493164,93.48600006103516,92.3134994506836,92.72650146484375,67550000,1.1725006103515625,1.9993209838867188
2018-08-08,94.32599639892578,94.57550048828125,92.7249984741211,93.05000305175781,79260000,1.8505020141601562,2.0253208705357144
2018-08-09,94.9260025024414,95.72850036621094,93.8740005493164,94.0999984741211,97208000,1.8544998168945312,2.0692852565220425
2018-08-10,94.31500244140625,94.9749984741211,93.9104995727539,94.42549896240234,72798000,1.0644989013671875,1.970285143171038
2018-08-13,94.80999755859375,96.25,94.68350219726562,94.92500305175781,110630000,1.566497802734375,1.972820826939174
2018-08-14,95.98249816894531,96.05049896240234,95.0,95.96949768066406,79722000,1.0504989624023438,1.9007137843540736
2018-08-15,94.13099670410156,95.81050109863281,93.489501953125,95.47750091552734,154014000,2.3209991455078125,1.9229992457798548
2018-08-16,94.32599639892578,95.25,94.17749786376953,95.1969985961914,79142000,1.0725021362304688,1.7370349339076452
2018-08-17,94.11100006103516,94.4000015258789,92.77749633789062,94.29000091552734,82086000,1.6225051879882812,1.6262141636439733
2018-08-20,93.83550262451172,94.5875015258789,93.3030014038086,94.52850341796875,57240000,1.2845001220703125,1.4947144644601005
2018-08-21,94.1709976196289,94.88749694824219,93.72049713134766,94.0,62112000,1.1669998168945312,1.4980005536760603
2018-08-22,95.24500274658203,95.29000091552734,93.83200073242188,93.83200073242188,61610000,1.4580001831054688,1.421572004045759
2018-08-23,95.1449966430664,95.9749984741211,95.03800201416016,95.3584976196289,71260000,0.9369964599609375,1.4188570295061385
2018-08-24,95.26950073242188,95.80049896240234,95.12699890136719,95.52549743652344,56018000,0.6735000610351562,1.3639286586216517
2018-08-27,96.38400268554688,96.38500213623047,95.46399688720703,95.75,71380000,0.9210052490234375,1.3459647042410714
2018-08-28,96.64099884033203,97.08899688720703,96.44100189208984,96.8864974975586,62014000,0.6479949951171875,1.2600713457380022
2018-08-29,99.90499877929688,99.93450164794922,97.4469985961914,97.67250061035156,130636000,2.4875030517578125,1.305285862513951
2018-08-30,100.11900329589844,101.27850341796875,99.34500122070312,99.87100219726562,145546000,1.933502197265625,1.3673575265066964
2018-08-31,100.635498046875,101.11900329589844,100.23699951171875,100.3499984741211,84088000,0.8820037841796875,1.318465096609933
2018-09-04,101.97550201416016,102.5250015258789,100.6500015258789,101.32499694824219,114422000,1.875,1.3773580278669084
2018-09-05,99.74099731445312,102.01899719238281,99.49449920654297,101.90550231933594,164412000,2.5244979858398438,1.3918936593191964
2018-09-06,97.91549682617188,100.375,96.760498046875,100.32550048828125,149774000,3.614501953125,1.573465074811663
2018-09-07,97.60350036621094,98.76000213623047,96.86750030517578,96.93550109863281,97852000,1.8925018310546875,1.5927505493164062
2018-09-10,96.95050048828125,98.6520004272461,96.57599639892578,98.55000305175781,90896000,2.0760040283203125,1.6492865426199776
2018-09-11,99.35749816894531,99.44400024414062,95.8499984741211,96.41349792480469,100672000,3.5940017700195312,1.822643824986049
2018-09-12,99.5,100.0,98.12200164794922,99.69999694824219,88280000,1.8779983520507812,1.8526436941964286
2018-09-13,99.49349975585938,100.43800354003906,99.10150146484375,100.0,72430000,1.3365020751953125,1.8811798095703125
2018-09-14,98.5094985961914,99.68250274658203,97.96099853515625,99.64649963378906,72840000,1.7215042114257812,1.9560372488839286
2018-09-17,95.40149688720703,97.84100341796875,94.37049865722656,97.73650360107422,141004000,3.4705047607421875,2.1381443568638394
2018-09-18,97.05249786376953,97.91000366210938,95.77200317382812,95.93250274658203,85374000,2.13800048828125,2.244573320661272
2018-09-19,96.32099914550781,97.04149627685547,95.24500274658203,97.0250015258789,81136000,1.7964935302734375,2.195215497698103
2018-09-20,97.21499633789062,97.75,96.61250305175781,96.92900085449219,63098000,1.1374969482421875,2.1383579799107144
2018-09-21,95.75050354003906,97.8655014038086,95.5250015258789,97.71099853515625,137118000,2.3404998779296875,2.2425362723214284
2018-09-24,96.71800231933594,96.84400177001953,93.25,95.18949890136719,84274000,3.5940017700195312,2.3653221130371094
2018-09-25,98.72750091552734,98.79550170898438,96.94249725341797,97.1449966430664,90768000,1.8530044555664062,2.3173582894461497
2018-09-26,98.74250030517578,99.76249694824219,98.07599639892578,98.42500305175781,86270000,1.6865005493164062,2.1796439034598216
2018-09-27,100.64900207519531,100.80799865722656,99.42900085449219,99.66200256347656,86588000,1.378997802734375,2.1429650442940846
2018-09-28,100.1500015258789,101.32599639892578,99.822998046875,100.22049713134766,81702000,1.5029983520507812,2.1020360674176897
2018-10-01,100.21800231933594,101.65950012207031,100.18000030517578,101.09950256347656,69210000,1.4794998168945312,1.9510002136230469
2018-10-02,98.56549835205078,100.66950225830078,98.28849792480469,99.99949645996094,108014000,2.3810043334960938,1.986929212297712
2018-10-03,97.63800048828125,99.48500061035156,97.4905014038086,99.08499908447266,105062000,1.9944992065429688,2.033929007393973
2018-10-04,95.47100067138672,97.80000305175781,94.82849884033203,97.44999694824219,145140000,2.9715042114257812,2.1232147216796875
2018-10-05,94.48249816894531,96.4540023803711,93.1415023803711,95.89949798583984,136446000,3.3125,2.1119286673409596
2018-10-08,93.22100067138672,95.0999984741211,91.53299713134766,93.69999694824219,147864000,3.5670013427734375,2.2140001569475447
2018-10-09,93.51599884033203,94.83399963378906,92.61599731445312,92.99949645996094,95458000,2.2180023193359375,2.244107927594866
2018-10-10,87.76249694824219,92.9280014038086,87.72049713134766,92.89450073242188,219778000,5.2075042724609375,2.534822736467634
2018-10-11,85.96800231933594,87.7699966430664,84.25499725341797,86.19999694824219,278718000,3.5149993896484375,2.618715558733259
2018-10-12,89.43049621582031,90.44750213623047,87.12650299072266,90.4000015258789,188892000,3.3209991455078125,2.5992153712681363
2018-10-15,88.04750061035156,89.75250244140625,86.71150207519531,89.75,128744000,3.0410003662109375,2.6840722220284596
2018-10-16,90.99800109863281,91.19400024414062,88.07749938964844,89.17500305175781,117198000,3.1165008544921875,2.7862151009695872
2018-10-17,91.58650207519531,92.25,90.3499984741211,92.1395034790039,105904000,1.9000015258789062,2.823429652622768
2018-10-18,88.53600311279297,91.50749969482422,88.39350128173828,91.07450103759766,117480000,3.1139984130859375,2.9385010855538503
2018-10-19,88.20149993896484,90.45500183105469,87.6500015258789,89.25800323486328,118144000,2.8050003051757812,3.033179691859654
2018-10-22,89.46499633789062,90.4749984741211,87.80000305175781,89.19999694824219,90000000,2.6749954223632812,3.0541790553501675
2018-10-23,88.43499755859375,88.81700134277344,85.69999694824219,87.11199951171875,134478000,3.11700439453125,3.1343579973493303
2018-10-24,83.20999908447266,88.885498046875,82.8280029296875,88.68499755859375,138568000,6.0574951171875,3.354785919189453
2018-10-25,89.1084976196289,89.7405014038086,84.60050201416016,85.16699981689453,205714000,5.1399993896484375,3.485321589878627
2018-10-26,82.1405029296875,84.9229965209961,80.1500015258789,82.47949981689453,299276000,4.7729949951171875,3.5714639936174666
2018-10-29,76.94400024414062,83.28700256347656,74.75,83.0,277322000,8.537002563476562,4.022821153913226
2018-10-30,76.52100372314453,77.04949951171875,73.81800079345703,74.30799865722656,249202000,3.2314987182617188,3.881677900041853
2018-10-31,79.90049743652344,81.19550323486328,78.25450134277344,78.49949645996094,187804000,2.9410018920898438,3.8406780787876675
2018-11-01,83.27649688720703,83.52249908447266,79.9219970703125,81.17649841308594,162710000,3.6005020141601562,3.860642569405692
2018-11-02,83.27649688720703,84.87200164794922,82.59149932861328,83.92949676513672,139110000,2.2805023193359375,3.806321280343192
2018-11-05,81.38999938964844,82.90450286865234,79.81800079345703,82.87850189208984,112494000,3.0865020751953125,3.8041785103934154
2018-11-06,82.1405029296875,83.25,80.72750091552734,80.9175033569336,85148000,2.5224990844726562,3.8486426217215404
2018-11-07,87.77449798583984,87.96150207519531,83.2040023803711,83.6500015258789,163844000,4.757499694824219,3.9660355704171315
2018-11-08,87.74549865722656,89.19999694824219,86.25550079345703,87.75,130698000,2.9444961547851562,3.975999559674944
2018-11-09,85.62149810791016,87.19599914550781,85.09349822998047,86.625,118044000,2.1025009155273438,3.935107094900949
2018-11-12,81.84249877929688,85.42749786376953,81.50050354003906,84.91200256347656,136124000,3.9269943237304688,3.9929635184151784
2018-11-13,81.55850219726562,83.85299682617188,80.6875,82.4645004272461,118666000,3.165496826171875,3.7863922119140625
2018-11-14,79.95050048828125,83.6500015258789,79.85350036621094,82.81600189208984,129738000,3.7965011596679688,3.6904280526297435
2018-11-15,80.97200012207031,81.24099731445312,77.32550048828125,79.05049896240234,168546000,3.915496826171875,3.6291781834193637
2018-11-16,79.67050170898438,80.7239990234375,78.65599822998047,79.375,121322000,2.0680007934570312,3.1671066284179688
2018-11-19,75.614501953125,79.05950164794922,75.16799926757812,78.85050201416016,155800000,3.8915023803710938,3.214249747140067
2018-11-20,74.77300262451172,76.73750305175781,71.0,71.875,217576000,5.7375030517578125,3.4139998299734935
2018-11-21,75.83650207519531,77.5,75.75,77.14949798583984,114336000,1.75,3.2818211146763394
2018-11-23,75.10299682617188,76.80999755859375,75.09049987792969,75.8499984741211,54152000,1.7194976806640625,3.2417493547712053
2018-11-26,79.06649780273438,79.2405014038086,76.21099853515625,76.94999694824219,125154000,3.0295028686523438,3.237677982875279
2018-11-27,79.07099914550781,79.88249969482422,77.90049743652344,78.79949951171875,115664000,1.9820022583007812,3.199071066720145
2018-11-28,83.88749694824219,84.07250213623047,80.06099700927734,80.69599914550781,169174000,4.011505126953125,3.1457857404436385
2018-11-29,83.67849731445312,84.49949645996094,82.61650085449219,83.74949645996094,132264000,1.88299560546875,3.069964272635324
2018-11-30,84.50849914550781,84.80000305175781,83.32499694824219,83.9749984741211,115236000,1.475006103515625,3.0251432146344865
2018-12-03,88.61799621582031,88.91699981689453,86.5,88.4729995727539,137246000,2.4169998168945312,2.9172864641462053
2018-12-04,83.41999816894531,88.51699829101562,83.25,87.80000305175781,173890000,5.266998291015625,3.0673937116350447
2018-12-06,84.95950317382812,85.05249786376953,80.49250030517578,80.74349975585938,175788000,4.55999755859375,3.121929168701172
2018-12-07,81.45649719238281,85.94650268554688,81.27300262451172,85.25350189208984,151522000,4.673500061035156,3.176072256905692
2018-12-10,82.05149841308594,82.89949798583984,79.54350280761719,81.19200134277344,149896000,3.3559951782226562,3.268071855817522
2018-12-11,82.16200256347656,83.97350311279297,80.9800033569336,83.9000015258789,124894000,2.993499755859375,3.2039288112095425
2018-12-12,83.177001953125,85.24949645996094,83.01349639892578,83.44999694824219,131960000,2.2360000610351562,2.953821454729353
2018-12-13,82.91899871826172,84.60600280761719,82.07499694824219,84.0,105426000,2.531005859375,3.009607587541853
2018-12-14,79.59549713134766,82.12850189208984,79.25,81.9000015258789,127344000,2.8785018920898438,3.092393602643694
2018-12-17,76.04550170898438,78.80650329589844,75.25050354003906,78.30000305175781,176596000,3.555999755859375,3.130000523158482
2018-12-18,77.5739974975586,78.37750244140625,76.15049743652344,77.0,130460000,2.2270050048828125,3.1475007193429128
2018-12-19,74.75399780273438,79.22650146484375,74.15899658203125,77.15249633789062,175844000,5.0675048828125,3.2229292733328685
2018-12-20,73.04149627685547,75.4749984741211,71.6344985961914,74.19999694824219,199836000,3.8404998779296875,3.362751007080078
2018-12-21,68.87249755859375,74.0,68.197998046875,73.24949645996094,272806000,5.802001953125,3.6718221391950334
2018-12-24,67.197998046875,69.80149841308594,65.3499984741211,67.30000305175781,144400000,4.451499938964844,3.81714357648577
2018-12-26,73.54499816894531,73.65799713134766,68.15049743652344,68.44450378417969,208236000,5.507499694824219,3.834322248186384
2018-12-27,73.08200073242188,73.44999694824219,69.5155029296875,72.70999908447266,194440000,3.9344940185546875,3.7896434238978793
2018-12-28,73.9010009765625,75.67350006103516,72.44999694824219,73.6675033569336,176580000,3.2235031127929688,3.686072213309152
2018-12-31,75.09850311279297,76.03800201416016,74.3499984741211,75.54000091552734,139090000,1.6880035400390625,3.566929953438895
2019-01-02,76.95649719238281,77.66799926757812,73.04650115966797,73.26000213623047,159662000,4.621498107910156,3.683215550013951
2019-01-03,75.01399993896484,76.9000015258789,74.85549926757812,76.00050354003906,139512000,2.0445022583007812,3.669537135532924
2019-01-04,78.76950073242188,79.69999694824219,75.91549682617188,76.5,183652000,3.7845001220703125,3.7590724400111606
2019-01-07,81.47550201416016,81.72799682617188,79.45950317382812,80.1155014038086,159864000,2.26849365234375,3.7155004228864397
2019-01-08,82.8290023803711,83.83049774169922,80.83049774169922,83.2344970703125,177628000,3.0,3.67578615461077
2019-01-09,82.97100067138672,83.38999938964844,82.06999969482422,82.64900207519531,126976000,1.3199996948242188,3.6110000610351562
2019-01-10,82.81099700927734,83.1624984741211,81.08100128173828,82.05049896240234,130154000,2.0814971923828125,3.3977137974330356
2019-01-11,82.02799987792969,83.0145034790039,81.81099700927734,82.02749633789062,93724000,1.2035064697265625,3.209357125418527
2019-01-14,80.8604965209961,82.41000366210938,79.75749969482422,80.75,120118000,2.6525039672851562,2.984392983572824
2019-01-15,83.72799682617188,83.75800323486328,81.30049896240234,81.5999984741211,119970000,2.4575042724609375,2.8419647216796875
2019-01-16,84.18900299072266,85.25,83.79399871826172,84.21099853515625,127338000,1.4560012817382812,2.5525719778878346
2019-01-17,84.66100311279297,85.00849914550781,83.875,84.0,84178000,1.1334991455078125,2.3525009155273438
2019-01-18,84.80999755859375,85.80999755859375,84.5770034790039,85.5999984741211,120410000,1.2329940795898438,2.210321698869978
2019-01-22,81.6084976196289,84.09349822998047,80.51000213623047,84.05000305175781,128336000,3.58349609375,2.3457140241350447
2019-01-23,82.0009994506836,82.87149810791016,80.5999984741211,82.80000305175781,104504000,2.2714996337890625,2.177856990269252
2019-01-24,82.74649810791016,82.86299896240234,81.58899688720703,82.05349731445312,81798000,1.2740020751953125,2.122821262904576
2019-01-25,83.52850341796875,84.17400360107422,83.08049774169922,83.5250015258789,98918000,1.093505859375,1.9306073869977678
2019-01-28,81.89450073242188,82.25,80.70449829101562,82.17949676513672,96754000,1.545501708984375,1.878965105329241
2019-01-29,79.69400024414062,81.61900329589844,79.53600311279297,81.5634994506836,92656000,2.0830001831054688,1.8134651184082031
2019-01-30,83.52149963378906,83.84750366210938,80.98400115966797,81.1500015258789,115676000,2.8635025024414062,1.923715318952288
2019-01-31,85.9365005493164,86.82050323486328,83.9540023803711,84.64250183105469,218206000,2.8665008544921875,1.9797870091029577
2019-02-01,81.3115005493164,83.65299987792969,81.10050201416016,81.94400024414062,230124000,2.5524978637695312,2.076143537248884
2019-02-04,81.66549682617188,82.48149871826172,80.67500305175781,81.1500015258789,98582000,1.8064956665039062,2.015714372907366
2019-02-05,82.94049835205078,83.26300048828125,82.125,82.16699981689453,89062000,1.13800048828125,1.921464102608817
2019-02-06,82.01300048828125,83.61299896240234,81.66699981689453,83.5374984741211,78798000,1.9459991455078125,1.9564639500209264
2019-02-07,80.71849822998047,81.2770004272461,79.64550018310547,81.25,92532000,1.631500244140625,1.9920354570661272
2019-02-08,79.41100311279297,79.42949676513672,78.33799743652344,79.30000305175781,113150000,1.0914993286132812,1.9819286891392298
2019-02-11,79.55000305175781,80.4645004272461,79.30000305175781,80.04900360107422,66346000,1.1644973754882812,1.80914306640625
2019-02-12,81.90049743652344,81.97000122070312,79.94400024414062,80.19999694824219,97172000,2.0260009765625,1.791607448032924
2019-02-13,82.0,82.81900024414062,81.85549926757812,82.3499984741211,71206000,0.9635009765625,1.7694287981305803
2019-02-14,81.13249969482422,81.8949966430664,80.3030014038086,81.2249984741211,82410000,1.5919952392578125,1.805035182407924
2019-02-15,80.39749908447266,81.44550323486328,80.2249984741211,81.39299774169922,86878000,1.2205047607421875,1.7818211146763392
2019-02-19,81.37899780273438,81.69999694824219,80.02799987792969,80.05000305175781,73634000,1.6719970703125,1.7524637494768416
2019-02-20,81.1050033569336,81.74649810791016,80.50599670410156,81.5,66752000,1.2405014038085938,1.6365350995744978
2019-02-21,80.97200012207031,81.1780014038086,80.04550170898438,80.99250030517578,69668000,1.1324996948242188,1.5126778738839286
2019-02-22,81.5780029296875,81.74700164794922,81.05850219726562,81.17500305175781,61924000,0.6884994506835938,1.379535130092076
2019-02-25,81.6500015258789,82.7300033569336,81.51950073242188,82.07250213623047,63690000,1.2105026245117188,1.3369641985212053
2019-02-26,81.81999969482422,81.99949645996094,80.80650329589844,81.29900360107422,53316000,1.1929931640625,1.3408922467912947
2019-02-27,82.05449676513672,82.09049987792969,80.75499725341797,81.40899658203125,62976000,1.3355026245117188,1.2972853524344308
2019-02-28,81.99150085449219,82.5885009765625,81.69149780273438,81.76249694824219,60518000,0.897003173828125,1.244821275983538
2019-03-01,83.58650207519531,83.71299743652344,82.55000305175781,82.75650024414062,99498000,1.162994384765625,1.2499280657087053
2019-03-04,84.80850219726562,85.47149658203125,83.71800231933594,84.25,123348000,1.7534942626953125,1.291999271937779
2019-03-05,84.62149810791016,85.38999938964844,84.45050048828125,85.14749908447266,73630000,0.9394989013671875,1.2143919808523995
2019-03-06,83.44750213623047,84.88749694824219,83.41400146484375,84.79850006103516,79920000,1.4734954833984375,1.2508201599121094
2019-03-07,81.29750061035156,83.48750305175781,81.02549743652344,83.36849975585938,99140000,2.462005615234375,1.3129637581961495
2019-03-08,81.04000091552734,81.13600158691406,79.32849884033203,80.20050048828125,93340000,1.8075027465820312,1.3548921857561385
2019-03-11,83.53099822998047,83.614501953125,81.30049896240234,81.30599975585938,77528000,2.3140029907226562,1.400749751499721
2019-03-12,83.65499877929688,84.2135009765625,83.04900360107422,83.44999694824219,72290000,1.1644973754882812,1.3953208923339844
2019-03-13,84.54049682617188,85.0,83.96749877929688,84.1500015258789,71040000,1.032501220703125,1.3881781441824776
2019-03-14,84.31099700927734,85.0999984741211,84.21700286865234,84.55999755859375,58932000,0.88299560546875,1.4020707266671317
2019-03-15,85.61799621582031,85.94000244140625,84.65650177001953,85.1500015258789,151018000,1.2835006713867188,1.407284872872489
2019-03-18,87.10749816894531,87.5,85.63150024414062,85.63500213623047,108582000,1.868499755859375,1.4555353437151228
2019-03-19,88.09249877929688,89.20800018310547,87.67549896240234,87.67549896240234,127284000,1.532501220703125,1.469606672014509
2019-03-20,89.8635025024414,89.9749984741211,88.35150146484375,88.49700164794922,125312000,1.6234970092773438,1.5214990888323103
2019-03-21,90.96299743652344,91.1875,89.36399841308594,89.81300354003906,115356000,1.8235015869140625,1.5686781747000558
2019-03-22,88.2385025024414,90.9489974975586,88.15550231933594,90.50849914550781,127260000,2.7934951782226562,1.6429639543805803
2019-03-25,88.71299743652344,89.13400268554688,87.375,87.8895034790039,102076000,1.759002685546875,1.7014999389648438
2019-03-26,89.18800354003906,90.28849792480469,88.66799926757812,89.6500015258789,97318000,1.6204986572265625,1.7120001656668526
2019-03-27,88.28500366210938,89.375,87.28399658203125,89.20649719238281,86496000,2.09100341796875,1.685500008719308
2019-03-28,88.6709976196289,88.89649963378906,87.67350006103516,88.5,60860000,1.2229995727539062,1.643749782017299
2019-03-29,89.0374984741211,89.64299774169922,88.83149719238281,89.3290023803711,66416000,0.8115005493164062,1.5364281790597099
2019-04-01,90.70950317382812,90.78350067138672,89.9365005493164,90.00550079345703,84776000,0.8470001220703125,1.5137498038155692
2019-04-02,90.6989974975586,91.0,90.25599670410156,90.5510025024414,68962000,0.7440032958984375,1.493142809186663
2019-04-03,91.03500366210938,91.5,90.48100280761719,91.33599853515625,78522000,1.0189971923828125,1.5028572082519531
2019-04-04,90.94300079345703,91.4375,90.20999908447266,91.03250122070312,72478000,1.2275009155273438,1.4988572256905692
2019-04-05,91.86399841308594,91.92900085449219,91.2594985961914,91.44999694824219,72810000,0.6695022583007812,1.4132145472935267
2019-04-08,92.49299621582031,92.51000213623047,91.25550079345703,91.6614990234375,75056000,1.2545013427734375,1.393357413155692
2019-04-09,91.79199981689453,92.65450286865234,91.58899688720703,92.27449798583984,74288000,1.0655059814453125,1.3535009111676897
2019-04-10,92.36650085449219,92.4000015258789,91.44049835205078,92.05000305175781,59280000,0.959503173828125,1.2917867388044084
2019-04-11,92.20349884033203,92.49749755859375,92.0155029296875,92.43499755859375,53096000,0.48199462890625,1.1266795567103796
2019-04-12,92.15299987792969,92.57499694824219,92.06500244140625,92.41999816894531,62288000,0.5099945068359375,1.0374646868024553
2019-04-15,92.24349975585938,92.34249877929688,90.94499969482422,92.0999984741211,74488000,1.3974990844726562,1.021536145891462
2019-04-16,93.1520004272461,93.4885025024414,92.4000015258789,92.56749725341797,60892000,1.0885009765625,0.9499288286481585
2019-04-17,93.24099731445312,93.82350158691406,93.02200317382812,93.64949798583984,57870000,0.8014984130859375,0.9198216029575893
2019-04-18,93.08450317382812,93.54100036621094,92.9739990234375,93.43949890136719,54998000,0.5670013427734375,0.9023573739188058
2019-04-22,94.3655014038086,94.4209976196289,92.28199768066406,92.7699966430664,67476000,2.1389999389648438,0.994643075125558
2019-04-23,96.1884994506836,96.46299743652344,94.47899627685547,94.55999755859375,92808000,1.9840011596679688,1.083214351109096
2019-04-24,95.0875015258789,96.4844970703125,94.90799713134766,96.25,73516000,1.5764999389648438,1.1230359758649553
2019-04-25,95.11250305175781,96.12249755859375,95.0155029296875,95.8499984741211,121982000,1.10699462890625,1.1144283839634486
2019-04-26,97.53150177001953,97.55000305175781,94.9000015258789,96.44999694824219,168652000,2.6500015258789062,1.255892617361886
2019-04-29,96.92150115966797,97.81700134277344,96.70449829101562,97.44999694824219,80426000,1.1125030517578125,1.2457498822893416
2019-04-30,96.32599639892578,96.7854995727539,95.34750366210938,96.50499725341797,70120000,1.4379959106445312,1.2723563058035714
2019-05-01,95.57599639892578,97.18199920654297,95.52749633789062,96.65450286865234,62340000,1.6545028686523438,1.3219991411481584
2019-05-02,95.04100036621094,96.07749938964844,94.09349822998047,95.66649627685547,79258000,1.9840011596679688,1.4292853219168526
2019-05-03,98.12300109863281,98.22000122070312,96.80000305175781,97.44999694824219,127632000,1.4199981689453125,1.4942855834960938
2019-05-06,97.52749633789062,97.94999694824219,95.5250015258789,95.89900207519531,108356000,2.4249954223632812,1.5676781790597099
2019-05-07,96.05000305175781,97.45500183105469,95.16899871826172,96.99949645996094,118042000,2.2860031127929688,1.6532140459333147
2019-05-08,95.88849639892578,96.76850128173828,95.5,95.94349670410156,81572000,1.2685012817382812,1.6865713936941964
2019-05-09,94.99349975585938,95.47000122070312,93.80000305175781,95.0,106166000,1.6699981689453125,1.7653568812779017
2019-05-10,94.4990005493164,95.18949890136719,92.80000305175781,94.9000015258789,114360000,2.389495849609375,1.7832494463239397
2019-05-13,91.13400268554688,92.3270034790039,90.9000015258789,91.8280029296875,115668000,1.427001953125,1.7434637887137276
2019-05-14,92.00599670410156,92.62200164794922,90.7874984741211,91.9749984741211,92582000,1.834503173828125,1.761892591203962
2019-05-15,93.55750274658203,93.72149658203125,91.1500015258789,91.39749908447266,93852000,2.5714950561523438,1.866499764578683
2019-05-16,95.37850189208984,95.87550354003906,94.114501953125,94.2969970703125,94156000,1.7610015869140625,1.802999768938337
2019-05-17,93.44999694824219,95.52649688720703,93.36650085449219,94.65249633789062,94732000,2.1599960327148438,1.8778206961495536
2019-05-20,92.94850158691406,93.38899993896484,91.7770004272461,92.6344985961914,75964000,1.61199951171875,1.890249524797712
2019-05-21,92.8759994506836,93.94999694824219,92.30000305175781,93.739501953125,80102000,1.649993896484375,1.8899274553571428
2019-05-22,92.98400115966797,93.57450103759766,92.55000305175781,92.58899688720703,58732000,1.0244979858398438,1.8213915143694197
2019-05-23,90.77400207519531,92.19999694824219,90.20999908447266,91.82949829101562,88486000,1.9899978637695312,1.8621057782854353
2019-05-24,91.16400146484375,92.08799743652344,90.89250183105469,91.79450225830078,67394000,1.19549560546875,1.7742843627929688
2019-05-28,91.82150268554688,92.4635009765625,91.36750030517578,91.63749694824219,64000000,1.0960006713867188,1.689284188406808
2019-05-29,90.95950317382812,91.5,90.37650299072266,91.15599822998047,85580000,1.1234970092773438,1.678926740373884
2019-05-30,90.81600189208984,91.47350311279297,90.3915023803711,91.27449798583984,62938000,1.082000732421875,1.6369269234793526
2019-05-31,88.75350189208984,89.77950286865234,88.63500213623047,89.50050354003906,92376000,1.144500732421875,1.5479987008231026
2019-06-03,84.6344985961914,88.31449890136719,83.5999984741211,88.00050354003906,181974000,4.714500427246094,1.7828200204031808
2019-06-04,86.47799682617188,86.54100036621094,84.04450225830078,84.96199798583984,113582000,2.4964981079101562,1.8301053728376115
2019-06-05,86.92500305175781,87.5999984741211,85.76249694824219,87.4800033569336,84796000,1.8375015258789062,1.777677263532366
2019-06-06,87.71800231933594,88.0,86.30650329589844,86.885498046875,73786000,1.6934967041015625,1.772855486188616
2019-06-07,90.20149993896484,90.3125,87.97450256347656,88.18499755859375,96164000,2.3379974365234375,1.7855698721749442
2019-06-10,93.03150177001953,94.24349975585938,90.9000015258789,91.0999984741211,107420000,3.3434982299804688,1.9092483520507812
2019-06-11,93.18499755859375,94.68499755859375,92.9000015258789,94.1624984741211,80854000,1.7849960327148438,1.918891361781529
2019-06-12,92.76599884033203,93.25,92.21900177001953,92.6989974975586,53566000,1.0309982299804688,1.9193556649344308
2019-06-13,93.51499938964844,94.15450286865234,93.11100006103516,93.33599853515625,55916000,1.0435028076171875,1.8517488752092635
2019-06-14,93.4834976196289,93.80000305175781,92.94999694824219,93.19999694824219,57024000,0.850006103515625,1.827071053641183
2019-06-17,94.30149841308594,94.78450012207031,93.77249908447266,93.82499694824219,52686000,1.0120010375976562,1.8210710797991072
2019-06-18,95.06849670410156,96.08350372314453,94.989501953125,95.06749725341797,77914000,1.0940017700195312,1.8189642769949776
2019-06-19,95.43949890136719,95.97899627685547,94.62349700927734,95.39199829101562,57906000,1.355499267578125,1.8384998866489954
2019-06-20,95.90950012207031,96.76000213623047,95.29000091552734,96.66649627685547,64344000,1.470001220703125,1.8617499215262276
2019-06-21,95.56500244140625,96.29750061035156,95.37899780273438,95.80500030517578,78672000,0.9185028076171875,1.5906072344098772
2019-06-24,95.69499969482422,95.84300231933594,95.06500244140625,95.63300323486328,45660000,0.7779998779296875,1.4678573608398438
2019-06-25,93.91349792480469,95.81950378417969,93.62100219726562,95.59200286865234,60246000,2.1985015869140625,1.493643079485212
2019-06-26,94.8915023803711,95.19000244140625,94.36599731445312,94.6240005493164,48838000,0.824005126953125,1.4315365382603236
2019-06-27,95.21399688720703,95.56199645996094,94.9020004272461,95.0999984741211,42834000,0.6599960327148438,1.3116792951311385
2019-06-28,94.68150329589844,95.64700317382812,94.19999694824219,95.45500183105469,60748000,1.4470062255859375,1.176215580531529
2019-07-01,96.1094970703125,96.49099731445312,95.73300170898438,96.14900207519531,63842000,0.75799560546875,1.102858407156808
2019-07-02,96.71549987792969,96.739501953125,95.33149719238281,95.96900177001953,52918000,1.4080047607421875,1.1297874450683594
2019-07-03,96.94999694824219,97.07949829101562,96.5250015258789,96.79450225830078,33806000,0.5544967651367188,1.0948584420340401
2019-07-05,97.14550018310547,97.29499816894531,96.26499938964844,96.43000030517578,52568000,1.029998779296875,1.107715061732701
2019-07-08,97.61599731445312,97.80000305175781,96.4124984741211,96.70600128173828,57668000,1.3875045776367188,1.1345367431640625
2019-07-09,99.41500091552734,99.50050354003906,97.17400360107422,97.38999938964844,86914000,2.3264999389648438,1.2225723266601562
2019-07-10,100.87049865722656,101.24700164794922,99.7699966430664,99.82550048828125,98638000,1.4770050048828125,1.2312513078962053
2019-07-11,100.05349731445312,101.79000091552734,99.76499938964844,101.28099822998047,86356000,2.0250015258789062,1.2708941868373327
2019-07-12,100.55000305175781,100.8499984741211,100.19349670410156,100.41349792480469,50186000,0.6565017700195312,1.2521798270089286
2019-07-15,101.04949951171875,101.1449966430664,100.07749938964844,101.06999969482422,59626000,1.0674972534179688,1.2728582109723772
2019-07-16,100.49500274658203,101.31600189208984,100.06099700927734,100.52899932861328,52364000,1.2550048828125,1.205465589250837
2019-07-17,99.60150146484375,100.5999984741211,99.60150146484375,100.35250091552734,51176000,0.9984970092773438,1.2179292951311385
2019-07-18,98.8949966430664,99.375,97.57749938964844,99.00050354003906,69738000,1.7975006103515625,1.2991796221051897
2019-07-19,98.22599792480469,99.80000305175781,98.11150360107422,99.56050109863281,63712000,1.6884994506835938,1.3164291381835938
2019-07-22,99.28150177001953,99.44999694824219,97.91300201416016,98.55699920654297,58000000,1.5369949340820312,1.3720719473702567
2019-07-23,99.72450256347656,99.8895034790039,98.65650177001953,99.79949951171875,54070000,1.233001708984375,1.3595717293875558
2019-07-24,100.04049682617188,100.06500244140625,98.29350280761719,98.46499633789062,52626000,1.7714996337890625,1.446500505719866
2019-07-25,98.69100189208984,100.05999755859375,98.63600158691406,100.05000305175781,82730000,1.4239959716796875,1.4746431623186385
2019-07-26,97.15249633789062,97.54499816894531,96.22550201416016,97.0999984741211,98542000,1.3194961547851562,1.469785417829241
2019-07-29,95.62249755859375,96.61150360107422,94.5270004272461,96.5,89864000,2.084503173828125,1.4524999346051897
2019-07-30,94.92649841308594,95.49449920654297,94.17400360107422,94.55599975585938,58218000,1.32049560546875,1.4413206917898995
2019-07-31,93.33899688720703,94.97750091552734,92.47200012207031,94.90550231933594,89414000,2.5055007934570312,1.4756420680454798
2019-08-01,92.76599884033203,94.89600372314453,92.20050048828125,93.58599853515625,94266000,2.6955032348632812,1.6212850298200334
2019-08-02,91.16200256347656,92.31800079345703,90.4010009765625,92.25350189208984,99124000,1.9169998168945312,1.6819637843540736
2019-08-05,88.25650024414062,89.43350219726562,87.43900299072266,88.51100158691406,121164000,1.9944992065429688,1.7347848074776786
2019-08-06,89.3915023803711,89.6884994506836,87.66999816894531,89.61150360107422,101406000,2.0185012817382812,1.8076422555106026
2019-08-07,89.66999816894531,89.94650268554688,87.8499984741211,88.69950103759766,90538000,2.0965042114257812,1.8289996555873327
2019-08-08,91.64450073242188,91.71299743652344,89.90550231933594,90.30000305175781,74024000,1.8074951171875,1.8374993460518974
2019-08-09,90.37899780273438,91.55449676513672,90.11100006103516,91.44750213623047,57596000,1.4434967041015625,1.8308209010532923
2019-08-12,89.24600219726562,90.04900360107422,88.8499984741211,89.79949951171875,58110000,1.199005126953125,1.828392573765346
2019-08-13,91.21700286865234,91.58699798583984,89.0,89.1500015258789,79880000,2.5869979858398438,1.8866424560546875
2019-08-14,88.14800262451172,89.78250122070312,87.86100006103516,89.65049743652344,97872000,1.9215011596679688,1.9221785409109933
2019-08-15,88.80599975585938,89.4000015258789,88.0979995727539,89.09950256347656,75182000,1.302001953125,1.920928955078125
2019-08-16,89.62850189208984,90.14550018310547,89.22750091552734,89.64450073242188,60360000,0.917999267578125,1.8376072474888392
2019-08-19,90.80599975585938,91.30000305175781,90.63050079345703,90.90399932861328,56326000,0.6695022583007812,1.7911077226911272
2019-08-20,90.06900024414062,90.84100341796875,89.99400329589844,90.7249984741211,38590000,0.8470001220703125,1.6726433890206474
2019-08-21,91.177001953125,91.47899627685547,90.75,90.96949768066406,40636000,0.7289962768554688,1.5321786063058036
2019-08-22,90.23300170898438,91.47049713134766,90.00499725341797,91.4000015258789,53070000,1.4654998779296875,1.4999286106654577
2019-08-23,87.48100280761719,90.24500274658203,87.2614974975586,89.65149688720703,105416000,2.9835052490234375,1.5705718994140625
2019-08-26,88.44349670410156,88.5,87.17549896240234,88.34549713134766,61600000,1.3245010375976562,1.5210004534040178
2019-08-27,88.09149932861328,88.97000122070312,87.33399963378906,88.7864990234375,60394000,1.6360015869140625,1.488107408796038
2019-08-28,88.2125015258789,88.39299774169922,87.20249938964844,87.75,48394000,1.1904983520507812,1.4440362112862724
2019-08-29,89.31999969482422,89.92749786376953,88.86250305175781,89.1500015258789,60302000,1.0649948120117188,1.4170003618512834
2019-08-30,88.81449890136719,89.98699951171875,88.22850036621094,89.87449645996094,61174000,1.7584991455078125,1.4569642203194755
2019-09-03,89.49199676513672,90.04000091552734,88.4000015258789,88.5,70860000,1.6399993896484375,1.3893214634486608
2019-09-04,90.03099822998047,90.38150024414062,89.8115005493164,90.25,46482000,0.5699996948242188,1.29278564453125
2019-09-05,92.03600311279297,92.0999984741211,90.77899932861328,91.09750366210938,66216000,1.3209991455078125,1.294142586844308
2019-09-06,91.67549896240234,92.03250122070312,91.31999969482422,91.91100311279297,49938000,0.7125015258789062,1.2794641767229353
2019-09-09,91.56749725341797,92.5,91.23049926757812,92.05000305175781,59990000,1.269500732421875,1.3223212105887276
2019-09-10,91.02749633789062,91.29049682617188,90.26699829101562,91.13749694824219,52278000,1.02349853515625,1.334928240094866
2019-09-11,91.14949798583984,91.6709976196289,90.4540023803711,90.60700225830078,48656000,1.2169952392578125,1.3697853088378906
2019-09-12,92.17749786376953,92.68299865722656,91.71399688720703,91.88150024414062,56470000,0.9690017700195312,1.3343211582728796
2019-09-13,91.96700286865234,92.30599975585938,91.75849914550781,92.10050201416016,39426000,0.5475006103515625,1.160320826939174
2019-09-16,90.39199829101562,91.28450012207031,90.01000213623047,91.20099639892578,73510000,1.2744979858398438,1.1567491803850447
2019-09-17,91.12750244140625,91.19950103759766,90.20500183105469,90.35399627685547,39648000,0.9944992065429688,1.1109275817871094
2019-09-18,90.87300109863281,91.10299682617188,89.7750015258789,90.85199737548828,50112000,1.3279953002929688,1.120748792375837
2019-09-19,91.07499694824219,91.62850189208984,90.8949966430664,91.0510025024414,40630000,0.7335052490234375,1.0970709664481026
2019-09-20,89.70800018310547,91.53150177001953,89.0459976196289,91.08550262451172,106838000,2.485504150390625,1.1489998953683036
2019-09-23,89.26499938964844,89.63500213623047,88.36599731445312,88.8499984741211,58446000,1.2690048217773438,1.122500283377511
2019-09-24,87.08049774169922,89.7854995727539,86.77749633789062,89.53050231933594,92320000,3.0080032348632812,1.2966433933803014
2019-09-25,88.41649627685547,88.6500015258789,86.1500015258789,87.36799621582031,69864000,2.5,1.3808577401297433
2019-09-26,86.99199676513672,88.16850280761719,86.57499694824219,88.1395034790039,70736000,1.593505859375,1.44378662109375
2019-09-27,86.27249908447266,87.45600128173828,85.69100189208984,87.4000015258789,78144000,1.7649993896484375,1.4791793823242188
2019-09-30,86.79550170898438,86.87300109863281,85.46099853515625,86.34950256347656,52894000,1.4120025634765625,1.506929670061384
2019-10-01,86.78250122070312,87.77999877929688,86.42050170898438,87.30000305175781,61690000,1.3594970703125,1.517108372279576
2019-10-02,85.6614990234375,86.44450378417969,85.25,86.38700103759766,66022000,1.1945037841796875,1.5332156590053014
2019-10-03,86.22100067138672,86.25,84.25299835205078,85.6500015258789,69364000,1.9970016479492188,1.636751447405134
2019-10-04,86.98249816894531,87.02899932861328,85.96150207519531,86.3010025024414,49438000,1.0674972534179688,1.6219656808035714
2019-10-07,86.63300323486328,87.3915023803711,86.18499755859375,86.58149719238281,43094000,1.2065048217773438,1.6371089390345983
2019-10-08,85.27549743652344,86.3499984741211,85.25,86.12449645996094,50840000,1.0999984741210938,1.6208234514508928
2019-10-09,86.09950256347656,86.49749755859375,85.71800231933594,85.98049926757812,40870000,0.7794952392578125,1.6241084507533483
2019-10-10,86.01300048828125,86.91449737548828,85.6875,86.26200103759766,51504000,1.2269973754882812,1.5342151096888952
2019-10-11,86.59600067138672,87.27249908447266,86.49299621582031,87.14600372314453,65100000,0.7795028686523438,1.4992506844656808
2019-10-14,86.82150268554688,87.09449768066406,86.0999984741211,86.44550323486328,38204000,0.9944992065429688,1.355428968157087
2019-10-15,88.36900329589844,88.82250213623047,87.03099822998047,87.10700225830078,62234000,1.79150390625,1.3048221043178014
2019-10-16,88.87149810791016,89.31199645996094,88.5260009765625,88.66649627685547,55268000,0.7859954833984375,1.2471427917480469
2019-10-17,89.3740005493164,89.94249725341797,89.10099792480469,89.82450103759766,52948000,0.8414993286132812,1.1811785016741072
2019-10-18,87.87550354003906,89.6989974975586,87.45999908447266,89.38999938964844,67250000,2.2389984130859375,1.2402496337890625
2019-10-21,89.28299713134766,89.29399871826172,88.25,88.48300170898438,42608000,1.0439987182617188,1.2177140372140067
2019-10-22,88.2864990234375,89.48899841308594,88.0999984741211,89.40750122070312,42234000,1.3889999389648438,1.2316066196986608
2019-10-23,88.1084976196289,88.50250244140625,87.0999984741211,88.06500244140625,42764000,1.4025039672851562,1.1891424996512276
2019-10-24,89.03900146484375,89.41699981689453,88.01349639892578,88.55449676513672,88922000,1.40350341796875,1.2131429399762834
2019-10-25,88.06649780273438,88.21050262451172,84.75,84.87750244140625,192528000,3.4605026245117188,1.374142783028739
2019-10-28,88.85399627685547,88.93499755859375,87.125,87.40299987792969,74178000,1.80999755859375,1.4248570033482142
2019-10-29,88.135498046875,88.8499984741211,87.79049682617188,88.7405014038086,45538000,1.0595016479492188,1.444857461111886
2019-10-30,88.99949645996094,89.11900329589844,87.95600128173828,88.01200103759766,48988000,1.1630020141601562,1.440286363874163
2019-10-31,88.83300018310547,89.5999984741211,88.5739974975586,88.79949951171875,55624000,1.0260009765625,1.4578933715820312
2019-11-01,89.5719985961914,89.87249755859375,89.260498046875,89.40049743652344,55808000,0.61199951171875,1.4305719648088728
2019-11-04,90.23300170898438,90.75299835205078,90.05049896240234,90.05049896240234,55438000,0.7024993896484375,1.352785927908761
2019-11-05,90.08550262451172,90.51249694824219,89.69999694824219,90.45800018310547,37710000,0.8125,1.3546791076660156
2019-11-06,89.78849792480469,90.125,89.42900085449219,90.05000305175781,40596000,0.6959991455078125,1.3442862374441964
2019-11-07,89.41000366210938,90.29499816894531,89.17400360107422,90.18800354003906,53022000,1.1209945678710938,1.2644288199288505
2019-11-08,89.29399871826172,89.49400329589844,88.7020034790039,89.39450073242188,42466000,0.7919998168945312,1.2464288984026228
2019-11-11,88.5824966430664,89.0,88.35649871826172,88.9000015258789,38920000,0.6435012817382812,1.193178994315011
2019-11-12,88.9000015258789,89.31099700927734,88.59549713134766,88.73300170898438,40752000,0.7154998779296875,1.1441072736467635
2019-11-13,87.65550231933594,88.75,87.36599731445312,88.66950225830078,59790000,1.384002685546875,1.142714364188058
2019-11-14,87.7300033569336,88.32949829101562,87.47799682617188,87.57150268554688,45296000,0.85150146484375,0.9563571384974888
2019-11-15,86.97450256347656,88.08399963378906,86.64299774169922,88.00250244140625,78552000,1.4410018920898438,0.9300003051757812
2019-11-18,87.62650299072266,87.68499755859375,86.135498046875,86.91500091552734,56790000,1.54949951171875,0.9650001525878906
2019-11-19,87.6395034790039,88.03399658203125,87.15149688720703,87.84950256347656,45416000,0.8824996948242188,0.9449642726353237
2019-11-20,87.27649688720703,88.1259994506836,86.70600128173828,87.45700073242188,55800000,1.4199981689453125,0.973106929234096
2019-11-21,86.7354965209961,87.34349822998047,86.51799774169922,87.1500015258789,53258000,0.82550048828125,0.9883569989885602
2019-11-22,87.28600311279297,87.32150268554688,86.55000305175781,86.95099639892578,49582000,0.7714996337890625,0.9932855878557477
2019-11-25,88.69200134277344,88.87100219726562,87.66200256347656,87.6624984741211,69724000,1.2089996337890625,1.0216069902692522
2019-11-26,89.84700012207031,89.85150146484375,88.9175033569336,88.99600219726562,63624000,0.9339981079101562,1.038606916155134
2019-11-27,90.92549896240234,91.2249984741211,89.8655014038086,90.05000305175781,60512000,1.3594970703125,1.055642809186663
2019-11-29,90.04000091552734,91.2344970703125,90.03949737548828,90.88899993896484,38468000,1.1949996948242188,1.0844285147530692
2019-12-02,89.08000183105469,90.27749633789062,88.13400268554688,90.22000122070312,78512000,2.14349365234375,1.191570826939174
2019-12-03,88.49800109863281,88.64350128173828,87.36150360107422,88.0,67618000,1.2819976806640625,1.2320349557059151
2019-12-04,88.03450012207031,89.45449829101562,88.01100158691406,88.70050048828125,53402000,1.4434967041015625,1.2362845284598214
2019-12-05,87.02400207519531,88.17500305175781,87.0,88.17500305175781,56476000,1.1750030517578125,1.2593917846679688
2019-12-06,87.58000183105469,87.72000122070312,87.00650024414062,87.55999755859375,62348000,0.7135009765625,1.2074274335588728
2019-12-09,87.47550201416016,88.34449768066406,87.28050231933594,87.53299713134766,48856000,1.063995361328125,1.1727485656738281
2019-12-10,86.96050262451172,87.53350067138672,86.75,87.37000274658203,50286000,0.7835006713867188,1.165677206856864
2019-12-11,87.43599700927734,87.5,86.7854995727539,87.08350372314453,41952000,0.7145004272460938,1.1152845110212053
2019-12-12,88.0165023803711,88.19999694824219,87.27200317382812,87.5,61918000,0.9279937744140625,1.122605460030692
2019-12-13,88.0469970703125,88.44950103759766,87.75,88.25,54914000,0.6995010375976562,1.1174627031598772
2019-12-16,88.46050262451172,88.4749984741211,87.85250091552734,88.3499984741211,62904000,0.62249755859375,1.0755696977887834
2019-12-17,89.53299713134766,89.5999984741211,88.86949920654297,88.90049743652344,72888000,0.730499267578125,1.0610340663364954
2019-12-18,89.20149993896484,89.91000366210938,89.11799621582031,89.7509994506836,67028000,0.7920074462890625,1.0204990931919642
2019-12-19,89.61399841308594,89.64949798583984,88.7030029296875,89.0250015258789,53056000,0.9464950561523438,1.002748761858259
2019-12-20,89.32499694824219,90.14849853515625,89.12249755859375,89.98100280761719,103016000,1.0260009765625,0.9229278564453125
2019-12-23,89.6500015258789,89.6500015258789,89.22550201416016,89.41300201416016,42728000,0.42449951171875,0.861677987234933
2019-12-24,89.46050262451172,89.77850341796875,89.37899780273438,89.69049835205078,17626000,0.399505615234375,0.7871071951729911
2019-12-26,93.4384994506836,93.52300262451172,89.9749984741211,90.05049896240234,120108000,3.548004150390625,0.9566072736467633
2019-12-27,93.48999786376953,95.06999969482422,93.30049896240234,94.14600372314453,123732000,1.769500732421875,1.0320358276367188
2019-12-30,92.34449768066406,94.19999694824219,92.03099822998047,93.69999694824219,73494000,2.1689987182617188,1.110964638846261
2019-12-31,92.39199829101562,92.66300201416016,91.61150360107422,92.0999984741211,50130000,1.0514984130859375,1.1301073346819197
2020-01-02,94.90049743652344,94.90049743652344,93.2074966430664,93.75,80580000,1.6930007934570312,1.200000217982701
2020-01-03,93.74849700927734,94.30999755859375,93.2249984741211,93.2249984741211,75288000,1.0849990844726562,1.211214882986886
2020-01-06,95.14399719238281,95.18450164794922,93.0,93.0,81236000,2.1845016479492188,1.3172863551548548
2020-01-07,95.34300231933594,95.69450378417969,94.60199737548828,95.2249984741211,80898000,1.0925064086914062,1.350858415876116
2020-01-08,94.59850311279297,95.55000305175781,94.3219985961914,94.9020004272461,70160000,1.2280044555664062,1.3863945007324219
2020-01-09,95.05249786376953,95.89099884033203,94.79000091552734,95.49449920654297,63346000,1.1009979248046875,1.4084652491978236
2020-01-10,94.15799713134766,95.34700012207031,94.0,95.26850128173828,57074000,1.3470001220703125,1.43707275390625
2020-01-13,94.56500244140625,94.9000015258789,94.04000091552734,94.56549835205078,55616000,0.8600006103515625,1.425215584891183
2020-01-14,93.47200012207031,94.35549926757812,92.92749786376953,94.29399871826172,68818000,1.4280014038085938,1.496894291469029
2020-01-15,93.10099792480469,93.94300079345703,92.75450134277344,93.61250305175781,57932000,1.1884994506835938,1.553250994001116
2020-01-16,93.89700317382812,94.27950286865234,93.3010025024414,94.14949798583984,53190000,0.9785003662109375,1.3697150094168526
2020-01-17,93.23600006103516,94.33200073242188,92.86250305175781,94.29450225830078,79946000,1.4694976806640625,1.3482862200055803
2020-01-21,94.5999984741211,94.7135009765625,93.0,93.25,74156000,1.7135009765625,1.3157506670270647
2020-01-22,94.37300109863281,95.125,94.16699981689453,94.80449676513672,64326000,0.9580001831054688,1.3090722220284599
2020-01-23,94.22899627685547,94.4990005493164,93.63800048828125,94.25550079345703,49692000,0.8610000610351562,1.2496435982840401
2020-01-24,93.08200073242188,94.74949645996094,92.37200164794922,94.56849670410156,75324000,2.3774948120117188,1.3419647216796875
2020-01-27,91.41699981689453,92.05000305175781,90.76699829101562,91.0,70570000,1.2830047607421875,1.2775720868791853
2020-01-28,92.6624984741211,92.90550231933594,91.5009994506836,92.0250015258789,56160000,1.4045028686523438,1.2998575483049666
2020-01-29,92.9000015258789,93.73750305175781,92.7509994506836,93.19999694824219,41760000,0.9865036010742188,1.2826074872698103
2020-01-30,93.53399658203125,93.64350128173828,92.53050231933594,92.9000015258789,126548000,1.1129989624023438,1.2834647042410714
2020-01-31,100.43599700927734,102.78600311279297,100.1135025024414,102.57350158691406,311346000,2.6725006103515625,1.378143310546875
2020-02-03,100.20999908447266,102.42500305175781,100.01249694824219,100.52999877929688,117834000,2.412506103515625,1.4890365600585938
2020-02-04,102.4834976196289,102.98999786376953,100.76850128173828,101.49400329589844,105786000,2.22149658203125,1.5457147870744978
2020-02-05,101.99349975585938,103.5510025024414,101.5999984741211,103.5510025024414,87524000,1.9510040283203125,1.6001793997628349
2020-02-06,102.5114974975586,102.81500244140625,101.23999786376953,102.0510025024414,63660000,1.5750045776367188,1.6427868434361048
2020-02-07,103.96399688720703,104.92649841308594,101.90499877929688,102.09950256347656,101906000,3.0214996337890625,1.7536441258021764
2020-02-10,106.69550323486328,106.77999877929688,104.24800109863281,104.25050354003906,101124000,2.5319976806640625,1.8121081760951452
2020-02-11,107.54000091552734,109.29750061035156,106.80000305175781,107.54499816894531,114920000,2.49749755859375,1.922072274344308
2020-02-12,108.0,109.01249694824219,107.7645034790039,108.16000366210938,66686000,1.2479934692382812,1.9497146606445312
2020-02-13,107.49349975585938,108.51399993896484,107.0999984741211,107.24949645996094,60636000,1.41400146484375,1.8808937072753906
2020-02-14,106.74349975585938,107.9520034790039,106.29450225830078,107.78399658203125,52124000,1.657501220703125,1.9076434544154577
2020-02-18,107.78350067138672,108.30349731445312,106.20549774169922,106.2509994506836,58912000,2.0979995727539062,1.9571789332798548
2020-02-19,108.51100158691406,109.25499725341797,108.05599975585938,108.38999938964844,51224000,1.1989974975585938,1.9723570687430245
2020-02-20,107.65499877929688,108.8395004272461,106.37249755859375,108.65350341796875,62626000,2.4670028686523438,2.0690716334751675
2020-02-21,104.79850006103516,107.22750091552734,104.4000015258789,107.10749816894531,92926000,2.8274993896484375,2.0801429748535156
2020-02-24,100.4645004272461,101.96499633789062,99.39849853515625,100.15899658203125,130940000,2.566497802734375,2.091142381940569
2020-02-25,98.63700103759766,101.7300033569336,97.9209976196289,101.32099914550781,124382000,3.8090057373046875,2.204535893031529
2020-02-26,98.97949981689453,100.7334976196289,98.02249908447266,98.51399993896484,104492000,2.71099853515625,2.2588212149483815
2020-02-27,94.21499633789062,98.75,94.13800048828125,96.71900177001953,162880000,4.61199951171875,2.4757494245256697
2020-02-28,94.1875,94.48799896240234,90.55650329589844,90.73149871826172,189620000,3.9314956665039062,2.5407491411481584
2020-03-02,97.69750213623047,97.72550201416016,93.5,95.32450103759766,135234000,4.225502014160156,2.6617137363978793
2020-03-03,95.44950103759766,99.81649780273438,94.40450286865234,98.76850128173828,150690000,5.411994934082031,2.869892120361328
2020-03-04,98.79149627685547,98.9000015258789,96.0999984741211,97.32849884033203,95458000,2.8000030517578125,2.980749947684152
2020-03-05,96.20149993896484,98.03600311279297,95.5,96.6500015258789,94964000,2.5360031127929688,3.0608929225376675
2020-03-06,95.05449676513672,95.54350280761719,93.4749984741211,93.75,105472000,2.0685043334960938,3.0902502877371654
2020-03-09,90.03050231933594,93.13849639892578,88.06449890136719,88.69300079345703,156264000,5.073997497558594,3.302821568080357
2020-03-10,94.59100341796875,94.7135009765625,90.90850067138672,93.54399871826172,142666000,3.8050003051757812,3.488964625767299
2020-03-11,91.04299926757812,93.56600189208984,90.07499694824219,92.89250183105469,112496000,3.4910049438476562,3.562107631138393
2020-03-12,83.83049774169922,88.25,83.75,86.0989990234375,226924000,4.5,3.6815719604492188
2020-03-13,89.25,89.31549835205078,84.03099822998047,87.75,176194000,5.2845001220703125,3.8757149832589284
2020-03-16,84.4574966430664,87.97250366210938,81.30149841308594,82.07550048828125,178346000,6.6710052490234375,4.080143519810268
2020-03-17,90.39199829101562,92.88899993896484,84.46199798583984,88.77349853515625,218342000,8.427001953125,4.488429478236607
2020-03-18,91.5,92.08300018310547,87.25,87.5,192904000,4.833000183105469,4.504215240478516
2020-03-19,94.04650115966797,97.25,91.63249969482422,93.0,207998000,5.617500305175781,4.6246441432407925
2020-03-20,92.30449676513672,97.8499984741211,91.0364990234375,96.31549835205078,196358000,6.813499450683594,4.809501102992466
2020-03-23,95.1415023803711,95.97000122070312,90.5999984741211,91.38749694824219,156170000,5.370002746582031,4.8065016610281805
2020-03-24,97.00499725341797,97.75,95.01699829101562,97.57499694824219,142942000,2.733001708984375,4.801715850830078
2020-03-25,94.29199981689453,97.51300048828125,94.28900146484375,96.03450012207031,129582000,3.2239990234375,4.850858415876116
2020-03-26,97.77449798583984,97.82450103759766,94.4645004272461,95.0999984741211,124426000,3.3600006103515625,4.943108149937221
2020-03-27,95.00499725341797,96.989501953125,94.99600219726562,96.54299926757812,107758000,1.993499755859375,4.723072596958706
2020-03-30,98.19750213623047,98.68150329589844,95.61699676513672,96.1415023803711,122522000,3.0645065307617188,4.670180184500558
2020-03-31,97.48600006103516,99.6510009765625,97.20050048828125,98.21749877929688,102472000,2.45050048828125,4.595858437674386
2020-04-01,95.38500213623047,97.24800109863281,94.6500015258789,96.64849853515625,82438000,2.5979995727539062,4.460001264299665
2020-04-02,95.94149780273438,96.37650299072266,94.5,95.08200073242188,86720000,1.8765029907226562,4.2165728977748325
2020-04-03,95.32949829101562,96.31649780273438,94.4574966430664,95.55750274658203,72198000,1.8590011596679688,3.872858319963728
2020-04-06,99.87950134277344,99.9260025024414,96.5009994506836,96.80000305175781,115464000,3.4250030517578125,3.5155726841517856
2020-04-07,100.58000183105469,101.78600311279297,99.88099670410156,100.85549926757812,102280000,1.9050064086914062,3.3064302716936385
2020-04-08,102.1500015258789,102.19999694824219,100.55750274658203,101.05000305175781,79546000,1.6424942016601562,3.0225012642996654
2020-04-09,102.13800048828125,102.6500015258789,100.88300323486328,102.21499633789062,92930000,1.766998291015625,2.662036895751953
2020-04-13,108.44349670410156,109.0,101.9000015258789,102.0,134334000,7.099998474121094,2.7856080191476003
2020-04-14,114.16600036621094,114.5999984741211,109.31050109863281,110.02349853515625,161744000,5.289497375488281,2.968214852469308
2020-04-15,115.38400268554688,116.66850280761719,112.25,112.88400268554688,137332000,4.4185028076171875,3.0535365513392856
2020-04-16,120.40950012207031,123.05000305175781,116.75,117.30000305175781,240764000,6.3000030517578125,3.2635367257254466
2020-04-17,118.75,120.0,115.8010025024414,118.61650085449219,158600000,4.198997497558594,3.4210722787039622
2020-04-20,119.68049621582031,122.2490005493164,119.30249786376953,119.49749755859375,115414000,2.946502685546875,3.4126434326171875
2020-04-21,116.40599822998047,121.41549682617188,113.98300170898438,120.83049774169922,149534000,7.4324951171875,3.768500191824777
2020-04-22,118.17449951171875,119.69999694824219,117.55000305175781,118.44999694824219,84244000,2.149993896484375,3.736499786376953
2020-04-23,119.97250366210938,121.21099853515625,119.10399627685547,119.9990005493164,101332000,2.1070022583007812,3.7529640197753906
2020-04-24,120.51100158691406,121.02149963378906,119.0999984741211,120.8499984741211,76498000,1.9215011596679688,3.757428305489676
2020-04-27,118.80000305175781,122.24400329589844,118.1500015258789,122.16000366210938,112912000,4.094001770019531,3.8052139282226562
2020-04-28,115.7040023803711,118.67500305175781,115.30000305175781,118.6050033569336,105388000,3.375,3.9102134704589844
2020-04-29,118.635498046875,119.59449768066406,115.5,116.50050354003906,91832000,4.0944976806640625,4.085356576102121
2020-04-30,123.69999694824219,123.75,119.80049896240234,120.99199676513672,190692000,3.9495010375976562,4.241249629429409
2020-05-01,114.302001953125,118.12200164794922,112.90950012207031,116.83999633789062,195452000,5.212501525878906,4.1064284188406805
2020-05-04,115.79949951171875,116.3489990234375,112.81900024414062,112.81900024414062,97318000,3.529998779296875,3.980749947684152
2020-05-05,115.88999938964844,117.55000305175781,115.35649871826172,117.0,64850000,2.1935043334960938,3.821821485246931
2020-05-06,117.56300354003906,117.87249755859375,116.0,116.47200012207031,62356000,1.87249755859375,3.505571092878069
2020-05-07,118.38050079345703,118.80000305175781,117.15550231933594,118.73899841308594,67928000,1.644500732421875,3.3231070382254466
2020-05-08,118.98049926757812,119.36199951171875,117.8499984741211,118.60700225830078,64132000,1.5120010375976562,3.220642634800502
2020-05-11,120.44999694824219,120.9834976196289,118.60549926757812,118.73500061035156,65184000,2.3779983520507812,2.859607151576451
2020-05-12,117.84750366210938,120.94999694824219,117.75,120.59249877929688,61498000,3.1999969482421875,2.934607369559152
2020-05-13,118.39600372314453,120.38500213623047,116.88999938964844,118.33999633789062,95658000,3.4950027465820312,3.033750261579241
2020-05-14,119.44249725341797,119.56849670410156,117.6604995727539,118.05049896240234,72962000,1.9079971313476562,3.0327856881277904
2020-05-15,120.48899841308594,120.55000305175781,117.81849670410156,118.4260025024414,84700000,2.73150634765625,2.9354645865304128
2020-05-18,121.31300354003906,121.6500015258789,119.20050048828125,120.21749877929688,87144000,2.4495010375976562,2.8693575177873885
2020-05-19,122.46649932861328,124.25,121.44850158691406,121.49150085449219,86410000,2.8014984130859375,2.7770004272460938
2020-05-20,124.89700317382812,125.00050354003906,123.3635025024414,123.89350128173828,79962000,1.6370010375976562,2.611821855817522
2020-05-21,122.33699798583984,126.27249908447266,122.12699890136719,125.0,102288000,4.145500183105469,2.535607474190848
2020-05-22,121.84400177001953,123.49250030517578,121.50650024414062,122.75050354003906,57342000,1.9860000610351562,2.4253218514578685
2020-05-26,121.09300231933594,123.0999984741211,120.7030029296875,122.9000015258789,71364000,2.3969955444335938,2.439856937953404
2020-05-27,120.51950073242188,120.67900085449219,116.5,120.24949645996094,101138000,4.1790008544921875,2.604607173374721
2020-05-28,120.05500030517578,121.84850311279297,118.9114990234375,119.21649932861328,63804000,2.9370040893554688,2.6969288417271207
2020-05-29,122.11849975585938,122.11849975585938,119.91000366210938,120.7969970703125,70198000,2.20849609375,2.746678488595145
2020-06-01,123.552001953125,123.84649658203125,122.20850372314453,122.4000015258789,58578000,1.6379928588867188,2.6938209533691406
2020-06-02,123.62049865722656,123.67649841308594,122.2655029296875,123.3499984741211,50598000,1.4109954833984375,2.56603513445173
2020-06-03,123.91999816894531,124.4000015258789,123.05850219726562,123.40049743652344,53420000,1.3414993286132812,2.412213461739676
2020-06-04,123.02999877929688,125.37699890136719,122.50050354003906,123.87149810791016,58974000,2.876495361328125,2.4813919067382812
2020-06-05,124.1500015258789,124.43250274658203,121.85649871826172,122.22550201416016,66128000,2.5760040283203125,2.4702845982142856
2020-06-08,126.2030029296875,126.5,124.36699676513672,125.01000213623047,79414000,2.1330032348632812,2.4476776123046875
2020-06-09,130.04299926757812,131.32150268554688,126.25,126.47200012207031,103520000,5.071502685546875,2.609820774623326
2020-06-10,132.37249755859375,136.11749267578125,131.31300354003906,132.25,98920000,4.8044891357421875,2.8360699244907925
2020-06-11,127.89800262451172,133.56900024414062,126.8115005493164,130.1750030517578,116002000,6.757499694824219,3.0226413181849887
2020-06-12,127.2509994506836,131.07400512695312,125.1675033569336,130.0605010986328,108722000,5.906501770019531,3.3026771545410156
2020-06-15,128.63400268554688,129.1999969482422,125.4000015258789,126.33000183105469,77302000,3.7999954223632812,3.4028914315359935
2020-06-16,130.7635040283203,131.0,128.8000030517578,131.0,71712000,2.1999969482421875,3.2615340096609935
2020-06-17,132.0489959716797,132.75,131.59100341796875,132.375,59186000,1.15899658203125,3.134533473423549
2020-06-18,132.69900512695312,132.98199462890625,131.8054962158203,132.35049438476562,49756000,1.1764984130859375,3.060819353376116
2020-06-19,133.75050354003906,134.8715057373047,132.9499969482422,133.9040069580078,115540000,1.9215087890625,3.0810704912458147
2020-06-22,135.6909942626953,135.75,133.4499969482422,134.22500610351562,64176000,2.3000030517578125,3.1445710318429128
2020-06-23,138.2205047607422,139.15550231933594,135.90199279785156,136.30099487304688,84634000,3.253509521484375,3.2811431884765625
2020-06-24,136.72000122070312,139.8000030517578,136.0500030517578,139.0,90532000,3.75,3.343536376953125
2020-06-25,137.72900390625,137.81149291992188,135.60699462890625,136.9774932861328,59374000,2.204498291015625,3.317000252859933
2020-06-26,134.64349365234375,139.1284942626953,134.39999389648438,138.7530059814453,130016000,4.7285003662109375,3.502392905099051
2020-06-29,134.0189971923828,134.83999633789062,131.50399780273438,134.50050354003906,84468000,3.33599853515625,3.3784283229282925
2020-06-30,137.9409942626953,138.48150634765625,133.75149536132812,134.2534942626953,75394000,4.730010986328125,3.373108455113002
2020-07-01,143.93499755859375,144.75,137.6999969482422,137.89950561523438,127268000,7.0500030517578125,3.3940015520368303
2020-07-02,144.51499938964844,147.7779998779297,143.55499267578125,145.60049438476562,131868000,4.2230072021484375,3.2737519400460378
2020-07-06,152.8520050048828,152.99400329589844,146.5,146.74850463867188,137612000,6.4940032958984375,3.466181073869978
2020-07-07,150.00599670410156,153.4774932861328,149.5,152.92750549316406,105150000,3.9774932861328125,3.593145098005022
2020-07-08,154.0554962158203,154.19850158691406,150.6215057373047,151.1304931640625,100752000,3.576995849609375,3.7658593314034596
2020-07-09,159.13150024414062,159.69400024414062,153.6999969482422,155.79949951171875,127774000,5.9940032958984375,4.1099668230329245
2020-07-10,160.0,160.75,156.78500366210938,159.58799743652344,109720000,3.964996337890625,4.25593021937779
2020-07-13,155.1999969482422,167.21449279785156,153.41949462890625,162.55299377441406,154408000,13.794998168945312,5.077001299176898
2020-07-14,154.1999969482422,156.36900329589844,147.5,154.4499969482422,144638000,8.869003295898438,5.478107997349331
2020-07-15,150.44349670410156,154.91749572753906,148.65899658203125,154.01150512695312,115778000,6.2584991455078125,5.657286507742746
2020-07-16,149.9949951171875,151.60000610351562,145.9114990234375,148.55299377441406,127884000,5.688507080078125,5.906144278390067
2020-07-17,148.09849548339844,151.1999969482422,147.42250061035156,150.4499969482422,95226000,3.777496337890625,5.838215419224331
2020-07-20,159.8419952392578,160.0679931640625,149.7010040283203,150.00999450683594,151964000,10.366989135742188,6.340429033551898
2020-07-21,156.9145050048828,162.0290069580078,155.28599548339844,161.62449645996094,122426000,6.743011474609375,6.484214782714844
2020-07-22,154.99549865722656,157.5,153.26300048828125,156.25,82084000,4.23699951171875,6.283285958426339
2020-07-23,149.32749938964844,154.9134979248047,148.5,154.9134979248047,113138000,6.4134979248046875,6.439749581473214
2020-07-24,150.44549560546875,151.57899475097656,144.39999389648438,146.5,112648000,7.1790008544921875,6.488677978515625
2020-07-27,152.760498046875,154.89999389648438,150.7884979248047,153.10000610351562,83410000,4.1114959716796875,6.498249598911831
2020-07-28,150.01649475097656,153.85450744628906,149.78799438476562,152.7135009765625,62534000,4.0665130615234375,6.5332151140485495
2020-07-29,151.67649841308594,151.95799255371094,149.8385009765625,151.54949951171875,59482000,2.1194915771484375,6.256464276994977
2020-07-30,152.593994140625,154.60000610351562,150.25,150.6999969482422,122566000,4.350006103515625,6.283964974539621
2020-07-31,158.23399353027344,162.34100341796875,157.5500030517578,162.1999969482422,161710000,4.7910003662109375,5.640822274344308
2020-08-03,155.59449768066406,159.1999969482422,155.1999969482422,159.02549743652344,101494000,4.0,5.293036324637277
2020-08-04,156.94149780273438,158.36199951171875,155.0605010986328,155.0605010986328,93886000,3.3014984130859375,5.081821986607143
2020-08-05,160.25149536132812,160.67950439453125,156.36500549316406,157.18850708007812,78330000,4.3144989013671875,4.983678545270648
2020-08-06,161.25,162.37350463867188,158.27149963378906,159.71800231933594,78812000,4.1020050048828125,5.006857735770089
2020-08-07,158.3730010986328,162.04049682617188,157.0334930419922,161.20050048828125,78722000,5.0070037841796875,4.624001639229911
2020-08-10,157.4080047607422,158.62550354003906,155.0760040283203,158.5155029296875,63346000,3.54949951171875,4.395893641880581
2020-08-11,154.0334930419922,157.96099853515625,153.64999389648438,155.66000366210938,74362000,4.311004638671875,4.401179722377232
2020-08-12,158.11199951171875,158.71949768066406,155.0709991455078,155.39999389648438,70442000,3.64849853515625,4.203679765973773
2020-08-13,158.05099487304688,160.87600708007812,157.75,159.14950561523438,62980000,3.126007080078125,3.914180210658482
2020-08-14,157.4010009765625,158.91200256347656,156.0,158.90899658203125,55034000,2.9120025634765625,3.8285021100725447
2020-08-17,159.12049865722656,159.74850463867188,157.70899963378906,158.656005859375,53824000,2.0395050048828125,3.6837158203125
2020-08-18,165.62449645996094,166.0,160.29100036621094,160.60000610351562,106920000,5.7089996337890625,3.9401092529296875
2020-08-19,163.0240020751953,165.7949981689453,162.8000030517578,165.15049743652344,83702000,2.9949951171875,3.84332275390625
2020-08-20,164.86849975585938,165.63099670410156,161.89999389648438,162.60000610351562,66650000,3.7310028076171875,3.767608642578125
2020-08-21,164.23599243164062,165.72000122070312,163.76950073242188,164.75,71518000,1.95050048828125,3.6212158203125
2020-08-24,165.3730010986328,169.01600646972656,162.8780059814453,165.50750732421875,93326000,6.13800048828125,3.8238231113978793
2020-08-25,167.32449340820312,167.8699951171875,163.35000610351562,164.74949645996094,79856000,4.519989013671875,3.8385009765625
2020-08-26,172.09249877929688,172.58700561523438,167.22850036621094,167.5554962158203,130174000,5.3585052490234375,3.928250994001116
2020-08-27,170.0,172.64999389648438,168.89999389648438,172.50250244140625,85296000,3.75,3.838465009416853
2020-08-28,170.08999633789062,171.6685028076172,169.3249969482422,171.14999389648438,57940000,2.343505859375,3.7523226056780135
2020-08-31,172.54800415039062,174.75,170.25,170.44949340820312,83718000,4.5,3.765822274344308
2020-09-01,174.95599365234375,175.69349670410156,173.35000610351562,174.47900390625,68644000,2.3434906005859375,3.672607421875
2020-09-02,176.57249450683594,177.6125030517578,174.33450317382812,177.35000610351562,78630000,3.2779998779296875,3.6834640502929688
2020-09-03,168.39999389648438,174.42050170898438,165.14999389648438,174.25,163222000,9.2705078125,4.137642996651786
2020-09-04,164.7310028076172,169.0749969482422,155.55650329589844,165.89999389648438,175636000,13.51849365234375,4.95757075718471
2020-09-08,157.49200439453125,162.54249572753906,156.5,157.1999969482422,121884000,6.0424957275390625,4.981391906738281
2020-09-09,163.4304962158203,165.15899658203125,159.25,160.14950561523438,103774000,5.90899658203125,5.189534868512835
2020-09-10,158.7554931640625,167.4945068359375,158.52749633789062,165.36099243164062,106614000,8.967010498046875,5.563535417829241
2020-09-11,155.81100463867188,160.86700439453125,154.19900512695312,160.4344940185547,101880000,6.667999267578125,5.900499616350446
2020-09-14,155.14849853515625,159.3695068359375,154.8000030517578,158.64700317382812,90592000,4.5695037841796875,5.7884641374860495
2020-09-15,157.80650329589844,158.75100708007812,155.4459991455078,156.80799865722656,80430000,3.3050079345703125,5.701679774693081
2020-09-16,153.90499877929688,159.36199951171875,153.70750427246094,158.99949645996094,90244000,5.6544952392578125,5.722821916852679
2020-09-17,150.43649291992188,151.47149658203125,148.62750244140625,150.46249389648438,128982000,2.843994140625,5.658107212611607
2020-09-18,147.74549865722656,151.88999938964844,145.27699279785156,151.58700561523438,177852000,6.613006591796875,5.963071550641741
2020-09-21,148.02349853515625,148.10000610351562,143.5500030517578,145.3249969482422,122358000,4.5500030517578125,5.966643197195871
2020-09-22,156.44949340820312,156.69949340820312,150.00999450683594,151.69200134277344,138976000,6.6894989013671875,6.277072361537388
2020-09-23,149.9929962158203,156.35000610351562,149.61900329589844,156.02149963378906,113054000,6.7310028076171875,6.523715427943638
2020-09-24,150.989501953125,153.46499633789062,148.25,148.88949584960938,110588000,5.214996337890625,6.234036036900112
2020-09-25,154.75650024414062,155.07699584960938,149.9499969482422,152.7429962158203,92304000,5.1269989013671875,5.6346435546875
2020-09-28,158.70249938964844,158.7519989013672,155.85850524902344,157.4425048828125,84484000,2.89349365234375,5.409714835030692
2020-09-29,157.24400329589844,159.41299438476562,156.6269989013672,158.76950073242188,69916000,2.7859954833984375,5.186643327985491
2020-09-30,157.43649291992188,160.6439971923828,156.69949340820312,157.0570068359375,97922000,3.9445037841796875,4.8278928484235495
2020-10-01,161.06300354003906,161.1999969482422,158.60000610351562,160.39999389648438,99438000,2.5999908447265625,4.537320818219866
2020-10-02,156.25,159.7899932861328,156.14999389648438,157.68150329589844,112262000,3.6399993896484375,4.470927647181919
2020-10-05,159.9600067138672,160.12649536132812,157.04249572753906,157.29200744628906,75506000,3.0839996337890625,4.455141339983259
2020-10-06,154.9980010986328,159.10000610351562,154.5,158.25,101738000,4.600006103515625,4.379820687430246
2020-10-07,159.7845001220703,160.0,156.6195068359375,156.75,86188000,3.3804931640625,4.41814204624721
2020-10-08,159.52749633789062,161.6645050048828,158.74949645996094,161.24949645996094,63482000,2.915008544921875,4.153999328613281
2020-10-09,164.33250427246094,164.44949340820312,159.89149475097656,160.5,98158000,4.5579986572265625,4.154570443289621
2020-10-12,172.14649963378906,174.81199645996094,166.9774932861328,167.4969940185547,167284000,7.834503173828125,4.236356462751116
2020-10-13,172.18150329589844,174.61900329589844,171.21099853515625,173.39950561523438,114894000,3.4080047607421875,3.998999459402902
2020-10-14,168.1855010986328,173.24400329589844,167.0,172.35000610351562,116254000,6.2440032958984375,4.07249995640346
2020-10-15,166.9324951171875,167.79400634765625,164.0,164.60049438476562,104468000,3.79400634765625,3.9772862025669644
2020-10-16,163.635498046875,169.98300170898438,158.0,168.1614990234375,129488000,11.983001708984375,4.626536778041294
2020-10-19,160.36050415039062,166.4499969482422,159.63699340820312,164.98049926757812,104472000,6.8130035400390625,4.914180210658482
2020-10-20,160.85049438476562,163.3000030517578,159.60049438476562,161.11399841308594,90194000,3.6995086669921875,4.896680559430804
2020-10-21,159.2469940185547,161.69400024414062,158.0,160.625,91854000,3.694000244140625,4.974824087960379
2020-10-22,158.82000732421875,159.9375,156.0970001220703,159.49349975585938,84240000,3.8404998779296875,4.98914555140904
2020-10-23,160.22000122070312,160.26649475097656,157.0,159.5500030517578,69334000,3.2664947509765625,5.002180916922433
2020-10-26,160.3520050048828,164.1490020751953,157.6649932861328,159.93699645996094,118024000,6.4840087890625,5.136752537318638
2020-10-27,164.31649780273438,164.58299255371094,160.56500244140625,161.2469940185547,85820000,4.0179901123046875,5.182288033621652
2020-10-28,158.13900756835938,163.2010040283203,158.12350463867188,162.46499633789062,111766000,5.0774993896484375,5.336751665387835
2020-10-29,160.55050659179688,162.8625030517578,158.1999969482422,160.06350708007812,131930000,4.662506103515625,5.344216482979911
2020-10-30,151.8074951171875,158.35000610351562,150.9499969482422,157.8874969482422,167728000,7.4000091552734375,5.31318119594029
2020-11-02,150.2239990234375,153.98550415039062,147.50599670410156,153.08700561523438,145148000,6.4795074462890625,5.5325742449079245
2020-11-03,152.42050170898438,153.7449951171875,149.0489959716797,150.92649841308594,97958000,4.6959991455078125,5.422002519880023
2020-11-04,162.05799865722656,162.24249267578125,156.9864959716797,157.99949645996094,136780000,5.2559967041015625,5.526430402483259
2020-11-05,166.10000610351562,168.33999633789062,164.44400024414062,165.99850463867188,115786000,3.89599609375,4.948787144252232
2020-11-06,165.56849670410156,166.10000610351562,161.60000610351562,165.23199462890625,92946000,4.5,4.783572605678013
2020-11-09,157.18699645996094,164.4499969482422,155.60549926757812,161.55149841308594,143808000,8.844497680664062,5.15107182094029
2020-11-10,151.75100708007812,155.6999969482422,150.9739990234375,154.75100708007812,131820000,4.7259979248046875,5.224785940987723
2020-11-11,156.8695068359375,156.95750427246094,152.5,153.08900451660156,87338000,4.4575042724609375,5.268857683454241
2020-11-12,155.51400756835938,158.79400634765625,154.30250549316406,157.99749755859375,87240000,4.4915008544921875,5.356358119419643
2020-11-13,156.4405059814453,157.08599853515625,154.26950073242188,156.10000610351562,75124000,2.816497802734375,5.094393048967634
2020-11-16,156.55299377441406,157.13499450683594,153.63450622558594,154.66000366210938,76174000,3.50048828125,5.057428632463727
2020-11-17,156.7830047607422,159.46249389648438,156.76300048828125,159.177001953125,68894000,2.699493408203125,4.887571062360491
2020-11-18,155.2729949951172,157.0,155.2550048828125,156.6999969482422,58336000,1.7449951171875,4.679177420479911
2020-11-19,155.8509979248047,156.25,154.04600524902344,155.2655029296875,60206000,2.2039947509765625,4.308033534458706
2020-11-20,154.97000122070312,156.64450073242188,154.90249633789062,155.8509979248047,67488000,1.74200439453125,3.969640459333147
2020-11-23,154.91949462890625,156.9875030517578,153.2729949951172,155.8350067138672,94178000,3.714508056640625,3.899533952985491
2020-11-24,155.9029998779297,156.71249389648438,154.31300354003906,155.02499389648438,72042000,2.3994903564453125,3.695497785295759
2020-11-25,159.2534942626953,159.89999389648438,157.01300048828125,157.093505859375,75808000,2.886993408203125,3.6234261648995534
2020-11-27,159.76699829101562,160.8094940185547,159.50250244140625,160.56300354003906,47858000,1.3069915771484375,3.3953541346958707
2020-11-30,158.40199279785156,161.41949462890625,156.27749633789062,160.4239959716797,81278000,5.141998291015625,3.130889892578125
2020-12-01,161.00399780273438,162.44749450683594,157.85899353027344,159.4250030517578,90740000,4.5885009765625,3.121068681989397
2020-12-02,160.17649841308594,161.60000610351562,158.66299438476562,161.08250427246094,62586000,2.93701171875,3.0124620710100447
2020-12-03,159.3365020751953,161.4320068359375,159.0655059814453,160.2729949951172,57840000,2.3665008544921875,2.8606763567243303
2020-12-04,158.12899780273438,159.91050720214844,157.93800354003906,159.91050720214844,58272000,1.972503662109375,2.800391060965402
2020-12-07,157.89999389648438,159.03799438476562,157.08450317382812,157.82400512695312,55026000,1.9534912109375,2.6898912702287947
2020-12-08,158.864501953125,159.2064971923828,156.00100708007812,157.94500732421875,65726000,3.2054901123046875,2.7260338919503346
2020-12-09,155.2100067138672,158.72149658203125,154.39999389648438,158.39450073242188,82016000,4.321502685546875,2.910070146833147
2020-12-10,155.07449340820312,157.10499572753906,153.8000030517578,154.44949340820312,60604000,3.30499267578125,2.988712855747768
2020-12-11,155.8209991455078,155.93350219726562,153.64100646972656,154.83299255371094,61294000,2.2924957275390625,3.028033665248326
2020-12-14,157.84849548339844,159.52349853515625,156.3000030517578,157.14999389648438,83116000,3.2234954833984375,2.9929613385881697
2020-12-15,158.25599670410156,159.4250030517578,156.52450561523438,159.05050659179688,66390000,2.9004974365234375,3.02874755859375
2020-12-16,162.04800415039062,162.35000610351562,158.1840057373047,158.80050659179688,88552000,4.1660003662109375,3.120105198451451
2020-12-17,161.8040008544922,163.17550659179688,161.0500030517578,162.5,69486000,2.1255035400390625,3.178570338657924
2020-12-18,160.08250427246094,162.4709930419922,158.5800018310547,162.19949340820312,119914000,3.8909912109375,3.0892126900809154
2020-12-21,160.3090057373047,161.34849548339844,158.3000030517578,160.00050354003906,76736000,3.048492431640625,2.979212079729353
2020-12-22,160.3260040283203,161.10000610351562,159.00399780273438,160.14199829101562,47388000,2.09600830078125,2.919140407017299
2020-12-23,159.2635040283203,160.50650024414062,159.20849609375,160.25,41876000,1.298004150390625,2.8428192138671875
2020-12-24,158.63450622558594,160.10000610351562,158.4499969482422,159.69500732421875,29038000,1.6500091552734375,2.8197838919503346
2020-12-28,164.197998046875,165.1999969482422,158.63450622558594,159.6999969482422,113736000,6.56549072265625,3.149212428501674
2020-12-29,166.10000610351562,167.53250122070312,164.06100463867188,165.4969940185547,97458000,3.47149658203125,3.168212890625
2020-12-30,164.29249572753906,167.10499572753906,164.12350463867188,167.0500030517578,64186000,2.9814910888671875,3.072497776576451
2020-12-31,162.84649658203125,164.14599609375,162.05999755859375,163.75,59144000,2.08599853515625,2.985426766531808
2021-01-04,159.3314971923828,163.60000610351562,157.2010040283203,163.5,88228000,6.3990020751953125,3.2787486485072543
2021-01-05,160.92550659179688,161.16900634765625,158.2530059814453,158.30050659179688,53110000,2.9160003662109375,3.2567847115652904
2021-01-06,156.91900634765625,159.87550354003906,156.55799865722656,157.32400512695312,87896000,3.3175048828125,3.2865709577287947
2021-01-07,158.10800170898438,160.427001953125,157.75,157.85000610351562,70290000,2.677001953125,3.1802139282226562
2021-01-08,159.13499450683594,159.53199768066406,157.11000061035156,159.0,70754000,2.4219970703125,3.201392037527902
2021-01-11,155.7104949951172,157.81900024414062,155.5,157.40049743652344,73668000,2.319000244140625,3.089106968470982
2021-01-12,156.04150390625,157.10699462890625,154.3000030517578,156.0,70292000,2.8069915771484375,3.071856907435826
2021-01-13,158.29449462890625,159.49749755859375,156.10400390625,156.4219970703125,66424000,3.39349365234375,3.164534432547433
2021-01-14,156.37350463867188,158.89999389648438,156.0294952392578,158.37600708007812,61418000,2.8704986572265625,3.27685546875
2021-01-15,155.21249389648438,157.12750244140625,154.7584991455078,156.1510009765625,84880000,2.3690032958984375,3.328212193080357
2021-01-19,156.03799438476562,157.25,154.8000030517578,155.35000610351562,66102000,2.4499969482421875,3.0342483520507812
2021-01-20,163.16900634765625,163.99000549316406,158.75,159.09950256347656,106196000,5.2400054931640625,3.1605704171316966
2021-01-21,165.34950256347656,167.42750549316406,164.47850036621094,164.64999389648438,98722000,2.949005126953125,3.158249991280692
2021-01-22,164.6114959716797,166.0955047607422,164.1580047607422,165.2154998779297,56438000,1.9375,3.1476429530552457
2021-01-25,164.6999969482422,168.1945037841797,162.15750122070312,166.4250030517578,74996000,6.0370025634765625,3.1217858450753346
2021-01-26,166.30650329589844,166.89999389648438,164.14349365234375,164.8179931640625,59104000,2.756500244140625,3.1103929792131697
2021-01-27,161.62899780273438,167.3260040283203,160.35400390625,167.07449340820312,93204000,6.9720001220703125,3.3714283534458707
2021-01-28,161.88099670410156,165.08399963378906,161.4344940185547,161.7519989013672,62984000,3.649505615234375,3.440892900739397
2021-01-29,160.30999755859375,161.84950256347656,159.2274932861328,161.5,85872000,2.62200927734375,3.4551794869559154
2021-02-01,167.1439971923828,167.51300048828125,161.75149536132812,162.1179962158203,83204000,5.761505126953125,3.7010726928710938
2021-02-02,169.0,171.38699340820312,168.05650329589844,169.0,141972000,3.3304901123046875,3.7384654453822543
2021-02-03,165.62649536132812,171.6999969482422,165.43099975585938,171.25050354003906,141776000,6.2689971923828125,3.9438585553850447
2021-02-04,166.5500030517578,167.35000610351562,163.8874969482422,166.5,73414000,3.4625091552734375,3.98614501953125
2021-02-05,167.6074981689453,168.85000610351562,165.135498046875,165.9499969482422,72416000,3.714508056640625,4.082252502441406
2021-02-08,166.14700317382812,168.25,165.1999969482422,167.9250030517578,65148000,3.0500030517578125,4.1251100812639505
2021-02-09,165.25,166.89999389648438,164.89199829101562,165.62449645996094,44070000,2.00799560546875,3.894252232142857
2021-02-10,164.32899475097656,165.8975067138672,162.6999969482422,165.6999969482422,63032000,3.197509765625,3.9120025634765625
2021-02-11,163.10650634765625,164.60000610351562,162.4029998779297,164.60000610351562,46028000,2.1970062255859375,3.9305387224469865
2021-02-12,163.885498046875,164.0124969482422,161.66549682617188,162.5,46706000,2.3470001220703125,3.666967119489397
2021-02-16,163.44749450683594,165.4149932861328,162.67950439453125,162.70249938964844,51494000,2.7354888916015625,3.66546630859375
2021-02-17,165.4320068359375,166.04550170898438,162.97500610351562,163.17999267578125,65950000,3.07049560546875,3.3867874145507812
2021-02-18,166.4114990234375,166.89999389648438,163.69700622558594,164.12100219726562,60548000,3.2029876708984375,3.354893275669643
2021-02-19,162.4949951171875,166.6750030517578,162.28750610351562,166.4114990234375,86104000,4.3874969482421875,3.480999537876674
2021-02-22,159.03700256347656,161.61599731445312,158.61300659179688,160.406494140625,70314000,3.00299072265625,3.2839627947126115
2021-02-23,159.72500610351562,160.2364959716797,154.67999267578125,156.35150146484375,93544000,5.5565032958984375,3.4429637363978793
2021-02-24,157.97650146484375,158.56149291992188,156.2689971923828,158.33749389648438,60226000,2.2924957275390625,3.1589279174804688
2021-02-25,152.85800170898438,158.91299438476562,152.38800048828125,156.83700561523438,90676000,6.524993896484375,3.3776768275669644
2021-02-26,154.64649963378906,156.1219940185547,151.8350067138672,154.75999450683594,85518000,4.2869873046875,3.4185682024274553
2021-03-01,157.3070068359375,157.47799682617188,154.89950561523438,156.39450073242188,54582000,2.5784912109375,3.3848887852260043
2021-03-02,154.72650146484375,158.17599487304688,154.3560028076172,157.17349243164062,51916000,3.8199920654296875,3.514317103794643
2021-03-03,150.25,155.38900756835938,149.75,154.0590057373047,79774000,5.639007568359375,3.6887098039899553
2021-03-04,148.8784942626953,152.906494140625,147.27149963378906,150.60000610351562,109632000,5.6349945068359375,3.9342803955078125
2021-03-05,150.0229949951172,150.4499969482422,144.0500030517578,150.25,107772000,6.399993896484375,4.223779950823102
2021-03-08,147.59750366210938,153.22950744628906,147.5655059814453,150.75,83700000,5.66400146484375,4.432959420340402
2021-03-09,153.1425018310547,154.54800415039062,150.25750732421875,150.89950561523438,80600000,4.290496826171875,4.520102364676339
2021-03-10,152.8820037841797,155.822998046875,151.50250244140625,154.92250061035156,60250000,4.32049560546875,4.59992436000279
2021-03-11,155.67950439453125,156.58900451660156,154.14649963378906,155.20050048828125,55528000,2.4425048828125,4.460996355329241
2021-03-12,154.47450256347656,154.94900512695312,152.27499389648438,153.75,48438000,2.67401123046875,4.437497820172991
2021-03-15,154.08399963378906,154.11199951171875,151.60450744628906,153.72850036621094,58272000,2.5074920654296875,4.2197113037109375
2021-03-16,154.59300231933594,156.44549560546875,153.79299926757812,155.24850463867188,50776000,2.652496337890625,4.245425633021763
2021-03-17,156.7864990234375,158.65249633789062,153.51100158691406,153.66099548339844,62372000,5.1414947509765625,4.146604265485491
2021-03-18,151.39950561523438,155.8314971923828,151.25,155.0500030517578,72992000,4.5814971923828125,4.167640686035156
2021-03-19,153.7480010986328,153.864501953125,150.8314971923828,151.4615020751953,92508000,3.0330047607421875,4.200105939592634
2021-03-22,155.5435028076172,156.32899475097656,153.00250244140625,153.3925018310547,58044000,3.3264923095703125,4.16485595703125
2021-03-23,156.875,159.10000610351562,156.04249572753906,156.35000610351562,76346000,3.0575103759765625,3.980463300432478
2021-03-24,154.35350036621094,158.0155029296875,154.25750732421875,157.552001953125,59180000,3.75799560546875,3.8463919503348216
2021-03-25,152.31300354003906,155.48899841308594,151.85699462890625,153.64950561523438,71270000,3.6320037841796875,3.6486783708844865
2021-03-26,152.60150146484375,152.83299255371094,149.8000030517578,152.2030029296875,66258000,3.032989501953125,3.460748944963728
2021-03-29,153.7864990234375,154.5625,151.42250061035156,152.77200317382812,54920000,3.1399993896484375,3.378570556640625
2021-03-30,152.76449584960938,153.64999389648438,151.6999969482422,153.50050354003906,46752000,1.9499969482421875,3.2092492239815846
2021-03-31,154.70399475097656,155.9665069580078,153.125,153.2030029296875,61878000,2.8415069580078125,3.2377493722098216
2021-04-01,158.0500030517578,158.1219940185547,155.77749633789062,155.89700317382812,58806000,2.3444976806640625,3.2142126900809154
2021-04-05,161.3365020751953,161.79800415039062,158.06199645996094,158.64999389648438,66698000,3.7360076904296875,3.3019638061523438
2021-04-06,161.1909942626953,162.36549377441406,160.8520050048828,161.1875,50756000,1.51348876953125,3.220606122698103
2021-04-07,163.96949768066406,165.1804962158203,161.1824951171875,161.69000244140625,66924000,3.9980010986328125,3.138928004673549
2021-04-08,164.96499633789062,166.22500610351562,164.60000610351562,165.5449981689453,56242000,1.625,2.9277496337890625
2021-04-09,168.61000061035156,168.61000061035156,164.44500732421875,165.23500061035156,86830000,4.1649932861328125,3.00860595703125
2021-04-12,168.96949768066406,169.7519989013672,167.5574951171875,167.760498046875,65636000,2.1945037841796875,2.9277496337890625
2021-04-13,170.0,171.60000610351562,169.781494140625,170.04249572753906,66316000,1.818511962890625,2.839249747140067
2021-04-14,166.64999389648438,170.2064971923828,166.3000030517578,170.20199584960938,62904000,3.906494140625,2.8498567853655135
2021-04-15,168.95449829101562,169.85000610351562,167.60000610351562,168.5500030517578,64672000,2.25,2.7511422293526784
2021-04-16,169.9720001220703,170.33999633789062,167.7794952392578,169.0,63720000,2.5605010986328125,2.717393057686942
2021-04-19,168.60049438476562,171.79649353027344,168.00799560546875,169.51649475097656,54508000,3.7884979248046875,2.763714381626674
2021-04-20,166.7344970703125,169.14950561523438,165.8000030517578,168.67999267578125,52460000,3.3495025634765625,2.8636790684291293
2021-04-21,168.1009979248047,168.14300537109375,165.1905059814453,165.8000030517578,44224000,2.9524993896484375,2.871607099260603
2021-04-22,165.45199584960938,168.64349365234375,165.07249450683594,168.58399963378906,51612000,3.5709991455078125,2.959214346749442
2021-04-23,167.04400634765625,168.75,165.4250030517578,165.9550018310547,63856000,3.3249969482421875,2.929856436593192
2021-04-26,170.4499969482422,171.42250061035156,166.5469970703125,167.39999389648438,97614000,4.8755035400390625,3.1700003487723216
2021-04-27,170.8715057373047,173.0,169.90049743652344,172.17349243164062,76542000,3.0995025634765625,3.1058218819754466
2021-04-28,172.9250030517578,174.49400329589844,171.25,171.74000549316406,92638000,3.2440032958984375,3.2214649745396207
2021-04-29,173.5655059814453,175.72250366210938,171.75,175.2550048828125,153648000,3.972503662109375,3.2077157156808034
2021-04-30,173.37100219726562,177.6999969482422,173.125,176.25599670410156,140186000,4.5749969482421875,3.377750941685268
2021-05-03,169.32449340820312,174.33250427246094,168.63499450683594,174.2364959716797,117510000,5.697509765625,3.654822213309152
2021-05-04,165.593505859375,168.3990020751953,163.60650634765625,167.8094940185547,108788000,4.7924957275390625,3.7181080409458707
2021-05-05,163.52699279785156,167.73500061035156,163.21800231933594,166.9429931640625,74226000,4.516998291015625,3.8800364903041293
2021-05-06,165.31849670410156,165.72000122070312,162.36000061035156,163.5,88954000,3.3600006103515625,3.9371435982840404
2021-05-07,164.58050537109375,166.54449462890625,164.45350646972656,165.95449829101562,94206000,2.0909881591796875,3.815892900739397
2021-05-10,159.52450561523438,164.14999389648438,159.5,164.11599731445312,116772000,4.649993896484375,3.908785138811384
2021-05-11,161.19549560546875,161.89999389648438,156.36849975585938,156.81399536132812,92396000,5.531494140625,4.0929990495954245
2021-05-12,157.5970001220703,160.39700317382812,156.65499877929688,159.25,98728000,3.74200439453125,4.105213710239956
2021-05-13,158.07350158691406,160.19200134277344,156.64999389648438,159.27349853515625,67018000,3.5420074462890625,4.120714460100446
2021-05-14,161.14500427246094,161.4429931640625,159.14999389648438,159.2779998779297,66500000,2.292999267578125,3.9362498692103793
2021-05-17,163.51950073242188,164.6374969482422,161.72950744628906,162.29649353027344,74478000,2.907989501953125,3.922570364815848
2021-05-18,161.61399841308594,165.60000610351562,161.51849365234375,164.62899780273438,56568000,4.081512451171875,3.9823924473353793
2021-05-19,161.58999633789062,161.7375030517578,159.1999969482422,159.75,53594000,2.537506103515625,3.8798926217215404
2021-05-20,162.38400268554688,162.98399353027344,161.8090057373047,162.22000122070312,52664000,1.17498779296875,3.6370348249162947
2021-05-21,160.1540069580078,162.83450317382812,159.85049438476562,162.5,82098000,2.9840087890625,3.443213326590402
2021-05-24,162.24949645996094,162.8975067138672,160.52499389648438,160.77499389648438,48456000,2.3725128173828125,3.270357404436384
2021-05-25,162.95249938964844,163.99099731445312,160.68800354003906,163.33349609375,65222000,3.3029937744140625,3.183642796107701
2021-05-26,163.25799560546875,164.7864990234375,162.92550659179688,163.72950744628906,47680000,1.860992431640625,3.076570783342634
2021-05-27,161.5054931640625,163.01800537109375,161.5019989013672,162.8000030517578,51224000,1.5160064697265625,3.0355006626674106
2021-05-28,161.15350341796875,162.39950561523438,160.98500061035156,162.10000610351562,46596000,1.4145050048828125,2.804394313267299
2021-06-01,160.9324951171875,162.5489959716797,160.4530029296875,162.1750030517578,48600000,2.0959930419921875,2.5590013776506697
2021-06-02,161.69949340820312,161.75,160.39999389648438,161.15499877929688,40290000,1.350006103515625,2.3881443568638394
2021-06-03,159.35049438476562,160.7220001220703,159.20150756835938,160.2115020751953,47966000,1.5204925537109375,2.243750435965402
2021-06-04,160.31100463867188,161.0500030517578,159.9405059814453,160.60000610351562,44994000,1.1094970703125,2.159214564732143
2021-06-07,159.90049743652344,160.39999389648438,158.61000061035156,159.8665008544922,44316000,1.7899932861328125,2.079357692173549
2021-06-08,163.20550537109375,163.97650146484375,160.90049743652344,161.1304931640625,68334000,3.0760040283203125,2.007535661969866
2021-06-09,164.0574951171875,164.87899780273438,163.53500366210938,163.64349365234375,49110000,1.343994140625,1.9222848074776786
2021-06-10,167.4824981689453,167.5500030517578,164.0574951171875,164.10049438476562,69530000,3.4925079345703125,2.0878219604492188
2021-06-11,167.3415069580078,168.32899475097656,166.67250061035156,167.4824981689453,56348000,1.656494140625,1.992999485560826
2021-06-14,169.19349670410156,169.25,166.77499389648438,167.3415069580078,51394000,2.475006103515625,2.0003204345703125
2021-06-15,169.156494140625,169.84950256347656,168.15550231933594,169.1999969482422,48524000,1.694000244140625,1.885392325265067
2021-06-16,170.7624969482422,171.3175048828125,168.02650451660156,169.60000610351562,84056000,3.2910003662109375,1.9875357491629464
2021-06-17,174.46200561523438,174.86000061035156,170.0500030517578,170.15899658203125,102730000,4.80999755859375,2.222820826939174
2021-06-18,174.34500122070312,175.35000610351562,173.6855010986328,173.99949645996094,104954000,1.6645050048828125,2.240677969796317
2021-06-21,172.697998046875,174.10000610351562,171.6999969482422,173.8209991455078,65542000,2.4000091552734375,2.2623934064592635
2021-06-22,175.27200317382812,176.18899536132812,172.80450439453125,172.9029998779297,66902000,3.384490966796875,2.4077137538364957
2021-06-23,175.1909942626953,176.0500030517578,174.16000366210938,175.25,56266000,1.8899993896484375,2.434107099260603
2021-06-24,172.45399475097656,176.2429962158203,171.54249572753906,175.3820037841797,76640000,4.70050048828125,2.690607343401228
2021-06-25,170.072998046875,173.24099731445312,169.70899963378906,173.1999969482422,78820000,3.5319976806640625,2.8150362287248885
2021-06-28,172.1945037841797,172.39999389648438,170.67550659179688,170.8000030517578,44856000,1.7244873046875,2.718499319893973
2021-06-29,172.40699768066406,172.80149841308594,171.15150451660156,171.9409942626953,41968000,1.649993896484375,2.7403564453125
2021-06-30,172.00799560546875,173.5800018310547,171.75,172.05299377441406,48080000,1.8300018310546875,2.621606009347098
2021-07-01,171.64849853515625,172.85000610351562,170.4709930419922,171.73049926757812,40742000,2.3790130615234375,2.6732145036969865
2021-07-02,175.5489959716797,175.58599853515625,171.8459930419922,172.58200073242188,63388000,3.7400054931640625,2.7635716029575894
2021-07-06,183.78700256347656,184.2740020751953,176.4499969482422,176.5054931640625,134896000,7.824005126953125,3.2014290945870534
2021-07-07,184.82899475097656,186.7100067138672,183.94549560546875,185.86900329589844,106562000,2.7645111083984375,3.163822719029018
2021-07-08,186.57049560546875,187.99949645996094,181.05599975585938,182.17799377441406,103612000,6.9434967041015625,3.3162155151367188
2021-07-09,185.9669952392578,187.39999389648438,184.6699981689453,186.12600708007812,74964000,2.7299957275390625,3.392321995326451
2021-07-12,185.92750549316406,187.864501953125,184.83949279785156,187.1999969482422,51432000,3.0250091552734375,3.436964852469308
2021-07-13,183.8679962158203,188.6540069580078,183.5659942626953,185.10499572753906,76918000,5.0880126953125,3.5586449759347096
2021-07-14,184.08399963378906,185.88299560546875,183.04150390625,185.4425048828125,65932000,2.84149169921875,3.6266087123325894
2021-07-15,181.55999755859375,184.77000427246094,181.04600524902344,184.7100067138672,63706000,3.7239990234375,3.556858607700893
2021-07-16,178.68150329589844,182.30299377441406,178.5229949951172,181.66549682617188,80874000,3.779998779296875,3.574572971888951
2021-07-19,177.47950744628906,177.510498046875,174.95799255371094,176.62899780273438,75692000,2.5525054931640625,3.6337171282087053
2021-07-20,178.6595001220703,179.60000610351562,175.89999389648438,178.36599731445312,65114000,3.70001220703125,3.780147007533482
2021-07-21,179.25999450683594,179.32249450683594,177.1820068359375,178.81900024414062,46380000,2.1404876708984375,3.8023245675223216
2021-07-22,181.90150451660156,182.00100708007812,179.11349487304688,179.3614959716797,65308000,2.88751220703125,3.8386459350585938
2021-07-23,182.83200073242188,183.3054962158203,181.1020050048828,182.0,48726000,2.2034912109375,3.7288949148995534
2021-07-26,184.99099731445312,185.60400390625,182.3625030517578,183.6584930419922,58002000,3.2415008544921875,3.4015731811523438
2021-07-27,181.3195037841797,184.9250030517578,179.3074951171875,184.9250030517578,82638000,5.6175079345703125,3.605358668736049
2021-07-28,181.51600646972656,182.92100524902344,180.0500030517578,181.68899536132812,59988000,2.871002197265625,3.3144662039620534
2021-07-29,179.99600219726562,181.8975067138672,179.00050354003906,181.3874969482422,110400000,2.897003173828125,3.3263953072684154
2021-07-30,166.37950134277344,168.40699768066406,165.3489990234375,167.3975067138672,199312000,3.0579986572265625,3.328751700265067
2021-08-02,166.57400512695312,167.9459991455078,165.85000610351562,167.65499877929688,67078000,2.0959930419921875,3.1150360107421875
2021-08-03,168.31199645996094,169.5500030517578,164.98849487304688,167.03599548339844,83146000,4.5615081787109375,3.2378943307059154
2021-08-04,167.73599243164062,169.44400024414062,167.2779998779297,168.96749877929688,43678000,2.1660003662109375,3.1266087123325894
2021-08-05,168.79949951171875,169.4499969482422,167.04600524902344,167.81100463867188,48670000,2.40399169921875,3.028322492327009
2021-08-06,167.2469940185547,168.75,166.45199584960938,168.75,52752000,2.298004150390625,3.010143824986049
2021-08-09,167.093505859375,167.74400329589844,166.42599487304688,167.1804962158203,42964000,1.3180084228515625,2.840000697544643
2021-08-10,166.03399658203125,167.89999389648438,165.75,167.25050354003906,48252000,2.149993896484375,2.840679713657924
2021-08-11,164.60549926757812,166.88499450683594,163.88949584960938,166.57249450683594,58944000,2.9954986572265625,2.848393031529018
2021-08-12,165.1750030517578,165.72549438476562,163.48350524902344,164.5,46282000,2.2419891357421875,2.8511428833007812
2021-08-13,164.69850158691406,165.30349731445312,164.14999389648438,165.2834930419922,41134000,1.15350341796875,2.702000209263393
2021-08-16,164.94949340820312,165.0,160.55650329589844,164.14999389648438,66394000,4.4434967041015625,2.6181422642299106
2021-08-17,162.09800720214844,164.02450561523438,161.28399658203125,163.875,67758000,2.740509033203125,2.608821323939732
2021-08-18,160.06100463867188,162.7050018310547,160.0,162.09950256347656,56086000,2.7050018310546875,2.595106942313058
2021-08-19,159.3874969482422,161.64999389648438,159.1230010986328,159.7010040283203,75658000,2.5269927978515625,2.557177952357701
2021-08-20,159.99749755859375,160.3905029296875,158.78799438476562,160.19349670410156,67168000,1.602508544921875,2.5219290597098216
2021-08-23,163.2935028076172,164.0449981689453,160.50050354003906,160.59500122070312,65362000,3.54449462890625,2.449285234723772
2021-08-24,165.28900146484375,165.77450561523438,163.72900390625,164.0,51036000,2.045501708984375,2.440678187779018
2021-08-25,164.95899963378906,166.0500030517578,164.3074951171875,165.49349975585938,33606000,1.7425079345703125,2.3934293474469865
2021-08-26,165.8000030517578,166.60000610351562,164.8000030517578,164.9499969482422,41976000,1.8000030517578125,2.3578578404017856
2021-08-27,167.48150634765625,167.61599731445312,165.6875,166.6614990234375,48048000,1.928497314453125,2.401464189801897
2021-08-30,171.07850646972656,172.25,167.76100158691406,167.8715057373047,63844000,4.4889984130859375,2.568535940987723
2021-08-31,173.5395050048828,173.62899780273438,169.7794952392578,171.24000549316406,87128000,3.8495025634765625,2.6295362200055803
2021-09-01,173.9499969482422,176.35000610351562,173.76199340820312,174.82000732421875,72598000,2.5880126953125,2.654252188546317
2021-09-02,173.156005859375,175.59800720214844,172.75,174.73800659179688,58474000,2.8480072021484375,2.7752881731305803
2021-09-03,173.90249633789062,174.1334991455078,171.82200622558594,172.60000610351562,51514000,2.311492919921875,2.623002188546317
2021-09-07,175.46449279785156,176.4044952392578,173.8470001220703,173.89999389648438,54758000,2.5574951171875,2.609929765973772
2021-09-08,176.27499389648438,177.281494140625,174.7834930419922,175.58250427246094,61068000,2.4980010986328125,2.5951439993722096
2021-09-09,174.20799255371094,177.49949645996094,174.01849365234375,176.30099487304688,54384000,3.4810028076171875,2.663287571498326
2021-09-10,173.45750427246094,175.42250061035156,173.14549255371094,175.0915069580078,47946000,2.277008056640625,2.7114661080496654
2021-09-13,172.85850524902344,174.8979949951172,171.89999389648438,174.13999938964844,51380000,2.9980010986328125,2.672430855887277
2021-09-14,172.5,174.3404998779297,171.885498046875,173.77749633789062,38738000,2.4550018310546875,2.7016808646065846
2021-09-15,173.7895050048828,174.27099609375,170.10049438476562,172.12600708007812,59150000,4.170501708984375,2.8751089913504466
2021-09-16,174.41200256347656,174.62750244140625,172.3070068359375,172.9980010986328,51672000,2.32049560546875,2.912287030901228
2021-09-17,173.12600708007812,174.87049865722656,172.60650634765625,174.42050170898438,92332000,2.2639923095703125,2.936250959123884
2021-09-20,167.7864990234375,170.9499969482422,165.25050354003906,169.8000030517578,93382000,5.699493408203125,3.0227148873465404
2021-09-21,167.18150329589844,168.98500061035156,166.6195068359375,168.75,55618000,2.3654937744140625,2.9167142595563615
2021-09-22,169.00250244140625,169.4499969482422,167.05250549316406,167.5500030517578,48228000,2.397491455078125,2.9031055995396207
2021-09-23,170.8000030517578,171.447998046875,169.00250244140625,169.00250244140625,47588000,2.44549560546875,2.874354771205357
2021-09-24,171.2760009765625,171.46299743652344,169.6699981689453,170.10049438476562,42324000,1.792999267578125,2.8373195103236606
2021-09-27,170.2899932861328,170.77850341796875,166.98049926757812,168.5749969482422,72690000,3.798004150390625,2.925927298409598
2021-09-28,165.79800415039062,168.45950317382812,164.5050048828125,167.885498046875,88616000,3.954498291015625,3.029962812151228
2021-09-29,165.05599975585938,167.56500244140625,164.89349365234375,166.10549926757812,51246000,2.6715087890625,2.972141810825893
2021-09-30,164.2519989013672,166.3925018310547,163.69949340820312,165.8000030517578,56848000,2.6930084228515625,3.001856122698103
2021-10-01,164.16299438476562,165.45849609375,162.7969970703125,164.45050048828125,56712000,2.6614990234375,2.977820260184152
2021-10-04,159.48899841308594,163.99949645996094,158.8125,163.96949768066406,90462000,5.1869964599609375,3.1729627336774553
2021-10-05,161.0500030517578,163.0364990234375,160.1230010986328,160.22500610351562,65384000,2.9134979248046875,3.083176749093192
2021-10-06,163.10049438476562,163.2169952392578,159.93099975585938,160.67649841308594,50660000,3.2859954833984375,3.1521410260881697
2021-10-07,165.1215057373047,166.28750610351562,164.1529998779297,164.57699584960938,48182000,2.1345062255859375,3.1428920200892856
2021-10-08,164.43099975585938,166.07150268554688,164.41000366210938,165.85000610351562,39964000,1.6614990234375,2.854463849748884
2021-10-11,162.31500244140625,164.62950134277344,161.90499877929688,163.75,40684000,2.7245025634765625,2.8801073346819197
2021-10-12,162.3665008544922,163.37649536132812,161.81399536132812,162.85000610351562,36392000,1.5625,2.820465087890625
2021-10-13,164.21400451660156,164.41900634765625,163.05450439453125,163.48550415039062,48402000,1.364501953125,2.743251255580357
2021-10-14,164.9929962158203,165.6300048828125,164.53900146484375,165.12249755859375,42190000,1.09100341796875,2.693108694893973
2021-10-15,170.4510040283203,170.52099609375,165.1999969482422,165.5709991455078,103598000,5.3209991455078125,2.801894051688058
2021-10-18,172.33700561523438,172.45849609375,169.2550048828125,169.41799926757812,63482000,3.2034912109375,2.7482506888253346
2021-10-19,172.20750427246094,172.7344970703125,171.10000610351562,171.71449279785156,47722000,1.634490966796875,2.674177987234933
2021-10-20,170.7530059814453,173.14300537109375,170.01849365234375,172.63299560546875,42796000,3.12451171875,2.7049996512276784
2021-10-21,171.75050354003906,172.01400756835938,170.14999389648438,170.71249389648438,37628000,1.864013671875,2.648036411830357
2021-10-22,166.77749633789062,171.49200439453125,166.56500244140625,171.0500030517578,62782000,4.927001953125,2.6294653756277904
2021-10-25,166.01849365234375,167.38999938964844,164.88499450683594,166.75,44520000,2.5050048828125,2.600287301199777
2021-10-26,168.80349731445312,170.80599975585938,167.19900512695312,167.47549438476562,53966000,3.60699462890625,2.623215811593192
2021-10-27,169.62449645996094,171.85000610351562,168.57249450683594,169.39999389648438,54044000,3.2775115966796875,2.704859052385603
2021-10-28,172.32850646972656,173.9499969482422,169.3000030517578,170.10499572753906,114174000,4.649993896484375,2.918322971888951
2021-10-29,168.6215057373047,168.74099731445312,163.66600036621094,165.00100708007812,129722000,5.0749969482421875,3.0862154279436385
2021-11-01,165.90550231933594,168.79299926757812,164.6009979248047,168.08999633789062,72178000,4.1920013427734375,3.2740369524274553
2021-11-02,165.6374969482422,166.55599975585938,164.17750549316406,165.75050354003906,52552000,2.3784942626953125,3.3464649745396207
2021-11-03,169.1999969482422,169.74600219726562,164.87600708007812,165.4499969482422,67944000,4.8699951171875,3.6163929530552457
2021-11-04,173.85000610351562,174.93150329589844,168.25,168.5,107060000,6.6815032958984375,3.7135718209402904
2021-11-05,175.94949340820312,178.3125,173.8489990234375,173.85000610351562,99940000,4.4635009765625,3.803572518484933
2021-11-08,174.44900512695312,178.9499969482422,174.39300537109375,176.16200256347656,61480000,4.5569915771484375,4.012322562081473
2021-11-09,178.81149291992188,179.68850708007812,175.07150268554688,175.7624969482422,85898000,4.61700439453125,4.118929181780134
2021-11-10,174.1024932861328,180.2725067138672,173.1544952392578,178.19349670410156,80548000,7.118011474609375,4.494214739118304
2021-11-11,173.625,177.16200256347656,173.37350463867188,175.64999389648438,45288000,3.7884979248046875,4.41289302280971
2021-11-12,176.25750732421875,177.0364990234375,172.3524932861328,174.25,53788000,4.6840057373046875,4.568535940987723
2021-11-15,177.28399658203125,179.69400024414062,176.29049682617188,176.85000610351562,58594000,3.40350341796875,4.5540008544921875
2021-11-16,177.03500366210938,178.8249969482422,176.25750732421875,176.9499969482422,44342000,2.5674896240234375,4.503284999302456
2021-11-17,177.4499969482422,179.3625030517578,177.2675018310547,178.23599243164062,51206000,2.095001220703125,4.3207855224609375
2021-11-18,184.80299377441406,185.2100067138672,178.0500030517578,178.3175048828125,114070000,7.160003662109375,4.4697145734514505
2021-11-19,183.82850646972656,188.1074981689453,183.78599548339844,185.63450622558594,98734000,4.321502685546875,4.478964669363839
2021-11-22,178.6284942626953,185.67300415039062,178.375,183.81900024414062,96844000,7.298004150390625,4.830358232770648
2021-11-23,179.0019989013672,181.05250549316406,176.385498046875,179.2519989013672,73804000,4.6670074462890625,4.815859113420759
2021-11-24,179.02049255371094,180.6820068359375,176.84249877929688,178.1334991455078,46560000,3.839508056640625,4.612859453473773
2021-11-26,175.22799682617188,181.6750030517578,175.20750427246094,180.10499572753906,59826000,6.467498779296875,4.756002153669085
2021-11-29,178.07850646972656,179.8000030517578,176.5749969482422,177.3820037841797,65312000,3.225006103515625,4.660860334123884
2021-11-30,175.35350036621094,179.2884979248047,174.60049438476562,178.1750030517578,80022000,4.6880035400390625,4.665931701660156
2021-12-01,172.18600463867188,177.99400329589844,172.0800018310547,177.25,74916000,5.91400146484375,4.579930986676898
2021-12-02,171.8679962158203,174.63499450683594,171.1875,173.0,64726000,3.4474945068359375,4.555573599679129
2021-12-03,169.489501953125,173.49349975585938,166.92999267578125,172.75,80712000,6.563507080078125,4.689823695591518
2021-12-06,171.36849975585938,173.69549560546875,166.9344940185547,169.64999389648438,68860000,6.7610015869140625,4.9296449933733255
2021-12-07,176.1645050048828,177.49949645996094,173.33450317382812,174.60000610351562,66410000,4.1649932861328125,5.04375239780971
2021-12-08,176.1580047607422,177.17999267578125,174.75050354003906,176.15049743652344,45254000,2.4294891357421875,5.067644391741071
2021-12-09,174.17100524902344,176.96949768066406,174.13949584960938,175.75,46062000,2.8300018310546875,4.758358546665737
2021-12-10,172.21200561523438,175.927001953125,170.5,175.41700744628906,60690000,5.427001953125,4.8373227800641745
2021-12-13,169.5675048828125,172.10000610351562,169.1300048828125,172.0,62170000,2.970001220703125,4.5281797136579245
2021-12-14,169.0915069580078,169.49899291992188,166.44000244140625,167.5500030517578,55976000,3.058990478515625,4.413321358816964
2021-12-15,173.31500244140625,173.60000610351562,165.19500732421875,168.59800720214844,75794000,8.404998779296875,4.739427839006696
2021-12-16,168.87100219726562,174.16600036621094,168.16050720214844,173.36849975585938,60876000,6.0054931640625,4.706427437918527
2021-12-17,170.0175018310547,170.89849853515625,165.61349487304688,167.7104949951172,85542000,5.285003662109375,4.853570120675223
2021-12-20,167.07899475097656,167.87449645996094,165.60000610351562,166.85000610351562,57372000,2.2744903564453125,4.681176321847098
2021-12-21,170.41700744628906,170.7165069580078,165.6475067138672,167.85049438476562,55956000,5.069000244140625,4.620819091796875
2021-12-22,171.03700256347656,172.0500030517578,168.50050354003906,169.27000427246094,55036000,3.54949951171875,4.628105163574219
2021-12-23,171.06849670410156,171.97500610351562,170.14999389648438,170.42799377441406,36788000,1.82501220703125,4.289641244070871
2021-12-27,169.66949462890625,172.9429931640625,169.2154998779297,171.03700256347656,58688000,3.7274932861328125,4.072962079729352
2021-12-28,170.66099548339844,172.17599487304688,169.135498046875,170.1824951171875,54638000,3.040496826171875,3.992640904017857
2021-12-29,169.2010040283203,171.21200561523438,168.60049438476562,170.83999633789062,35754000,2.61151123046875,4.005642482212612
2021-12-30,168.64450073242188,170.88800048828125,168.5240020751953,169.6999969482422,37584000,2.3639984130859375,3.972356523786272
2021-12-31,166.7169952392578,169.35000610351562,166.55850219726562,168.95599365234375,47830000,2.79150390625,3.784106663295201
2022-01-03,170.4044952392578,170.70350646972656,166.16050720214844,167.5500030517578,63520000,4.542999267578125,3.8964636666434154
2022-01-04,167.52200317382812,171.39999389648438,166.34950256347656,170.43800354003906,70726000,5.0504913330078125,4.038713727678571
2022-01-05,164.35699462890625,167.12649536132812,164.35699462890625,166.88299560546875,64302000,2.769500732421875,3.6361781529017856
2022-01-06,163.25399780273438,164.8000030517578,161.93699645996094,163.45050048828125,51958000,2.863006591796875,3.411714826311384
2022-01-07,162.5540008544922,165.24349975585938,162.031005859375,163.83900451660156,46606000,3.212493896484375,3.263678414481027
2022-01-10,161.48599243164062,161.6614990234375,156.30450439453125,160.5854949951172,87798000,5.35699462890625,3.4838572910853793
2022-01-11,165.36199951171875,166.35000610351562,160.70150756835938,161.5,62806000,5.64849853515625,3.525250026157924
2022-01-12,165.20700073242188,166.8780059814453,164.41700744628906,166.5749969482422,50030000,2.46099853515625,3.4474999564034596
2022-01-13,161.21400451660156,166.22149658203125,161.09100341796875,165.25050354003906,52188000,5.1304931640625,3.683605739048549
2022-01-14,162.13800048828125,162.25,159.80050659179688,160.14999389648438,45974000,2.449493408203125,3.592320033482143
2022-01-18,158.91749572753906,159.7344970703125,157.6645050048828,159.10499572753906,67292000,2.0699920654296875,3.522998264857701
2022-01-19,156.2989959716797,159.25,156.25,158.76199340820312,53242000,3.0,3.5507474626813615
2022-01-20,151.66749572753906,158.0,151.3509979248047,156.76600646972656,71974000,6.6490020751953125,3.8568191528320312
2022-01-21,142.64300537109375,150.89999389648438,142.07049560546875,149.9499969482422,163972000,8.829498291015625,4.2881044660295755
2022-01-24,144.54400634765625,144.94500732421875,135.3520050048828,139.0,155624000,9.593002319335938,4.6488189697265625
2022-01-25,139.98599243164062,143.60000610351562,138.14500427246094,142.24249267578125,90824000,5.4550018310546875,4.677712576729911
2022-01-26,138.87249755859375,145.18499755859375,137.31849670410156,144.75,95602000,7.8665008544921875,5.041784014020648
2022-01-27,139.6374969482422,144.24349975585938,139.35000610351562,140.8000030517578,77516000,4.89349365234375,5.18681880405971
2022-01-28,143.97799682617188,143.9980010986328,137.92950439453125,140.86050415039062,74392000,6.0684967041015625,5.390819004603794
2022-01-31,149.57350158691406,150.36050415039062,144.30050659179688,144.75,78308000,6.05999755859375,5.441033499581473
2022-02-01,151.19349670410156,151.70799255371094,147.62750244140625,150.0,59220000,4.0804901123046875,5.329032897949219
2022-02-02,150.6125030517578,155.0749969482422,148.86349487304688,155.05050659179688,87330000,6.2115020751953125,5.596926007952009
2022-02-03,138.8455047607422,144.24749755859375,138.33299255371094,141.7375030517578,225532000,5.9145050048828125,5.652926853724888
2022-02-04,157.63949584960938,161.1999969482422,150.60800170898438,155.60650634765625,253456000,10.591995239257812,6.234534127371652
2022-02-07,157.9355010986328,162.6909942626953,157.25,158.52000427246094,102624000,5.4409942626953125,6.475319998604911
2022-02-08,161.4134979248047,161.79249572753906,155.55050659179688,156.75050354003906,76040000,6.2419891357421875,6.7068906511579245
2022-02-09,161.1894989013672,163.83450317382812,160.25,162.87350463867188,68786000,3.584503173828125,6.487997872488839
2022-02-10,159.0034942626953,160.7165069580078,157.75,158.35000610351562,68268000,2.9665069580078125,6.069212777273996
2022-02-11,153.2935028076172,159.0,152.73399353027344,158.13450622558594,77100000,6.2660064697265625,5.831570216587612
2022-02-14,155.16700744628906,158.44850158691406,151.64999389648438,151.75100708007812,83230000,6.7985076904296875,5.927534920828683
2022-02-15,156.510498046875,158.0070037841797,154.6374969482422,157.60549926757812,56440000,3.3695068359375,5.606321062360491
2022-02-16,158.10049438476562,158.83399963378906,154.7344970703125,155.79049682617188,52704000,4.0995025634765625,5.549607413155692
2022-02-17,154.65249633789062,160.3489990234375,154.5,158.14599609375,64032000,5.8489990234375,5.533929007393973
2022-02-18,152.60150146484375,155.49949645996094,150.89300537109375,155.49949645996094,63604000,4.6064910888671875,5.430107116699219
2022-02-22,150.19749450683594,152.9824981689453,148.48550415039062,150.47850036621094,66128000,4.4969940185546875,5.4598573957170755
2022-02-23,144.82699584960938,151.76300048828125,144.6510009765625,151.65049743652344,64244000,7.11199951171875,5.524178641183036
2022-02-24,151.35800170898438,151.74899291992188,139.5,139.83749389648438,100786000,12.248992919921875,5.9766420636858255
2022-02-25,153.7884979248047,153.99000549316406,149.2135009765625,150.5500030517578,62396000,4.7765045166015625,5.561249869210379
2022-02-28,153.56300354003906,154.4499969482422,150.85000610351562,152.4250030517578,57684000,3.5999908447265625,5.429749625069754
2022-03-01,151.14199829101562,154.0989990234375,149.9770050048828,152.7324981689453,44874000,4.1219940185546875,5.278321402413504
2022-03-02,152.05250549316406,152.99949645996094,148.75,150.8489990234375,47334000,4.2494964599609375,5.3258209228515625
2022-03-03,147.89849853515625,153.9290008544922,146.8560028076172,153.531494140625,65198000,7.072998046875,5.619141714913504
2022-03-04,145.64100646972656,147.85000610351562,143.8070068359375,147.15899658203125,60934000,4.042999267578125,5.460355486188616
2022-03-07,137.4530029296875,146.09449768066406,137.41650390625,145.44349670410156,86934000,8.677993774414062,5.5946044921875
2022-03-08,136.01449584960938,140.69949340820312,133.57249450683594,136.68350219726562,91662000,7.1269989013671875,5.862996782575335
2022-03-09,139.2790069580078,140.25,136.8280029296875,139.5,82656000,3.4219970703125,5.814603533063616
2022-03-10,146.8175048828125,148.67449951171875,143.97799682617188,145.68499755859375,135062000,4.696502685546875,5.732282366071429
2022-03-11,145.52450561523438,149.6750030517578,145.36900329589844,149.57449340820312,68900000,4.305999755859375,5.710818699428013
2022-03-14,141.85299682617188,147.4499969482422,140.88400268554688,145.9810028076172,74086000,6.5659942626953125,5.858604431152344
2022-03-15,147.3665008544922,147.98500061035156,142.0,142.85000610351562,75584000,5.9850006103515625,5.778104509626116
2022-03-16,153.10400390625,153.14999389648438,147.35350036621094,148.5,84958000,5.7964935302734375,5.3172116960797995
2022-03-17,157.23899841308594,157.49850463867188,152.13999938964844,152.6405029296875,72934000,5.3585052490234375,5.3587831769670755
2022-03-18,161.25050354003906,161.593994140625,156.01100158691406,156.81300354003906,102962000,5.5829925537109375,5.500426156180246
2022-03-21,161.4915008544922,163.08399963378906,159.55299377441406,161.12100219726562,66538000,3.531005859375,5.458212716238839
2022-03-22,164.88900756835938,166.16700744628906,161.69900512695312,161.8054962158203,64086000,4.4680023193359375,5.473820277622768
2022-03-23,163.4080047607422,166.3699951171875,162.68699645996094,163.7050018310547,55812000,3.6829986572265625,5.2316774640764505
2022-03-24,163.64950561523438,164.11849975585938,160.0500030517578,163.74949645996094,56798000,4.0684967041015625,5.233498709542411
2022-03-25,164.77349853515625,165.36849975585938,162.25,164.0,49032000,3.118499755859375,4.836391993931362
2022-03-28,168.99049377441406,169.03750610351562,164.89999389648438,164.97500610351562,59854000,4.13751220703125,4.622857230050223
2022-03-29,169.31500244140625,170.8314971923828,167.86849975585938,170.38400268554688,66154000,2.9629974365234375,4.590071541922433
2022-03-30,166.30099487304688,168.95050048828125,165.5,168.50950622558594,56168000,3.45050048828125,4.501071384974888
2022-03-31,162.99749755859375,166.4949951171875,162.95350646972656,166.44500732421875,59966000,3.5414886474609375,4.446463448660714
2022-04-01,163.55999755859375,165.82699584960938,162.3195037841797,164.14950561523438,57090000,3.5074920654296875,4.227999005998884
2022-04-04,168.34649658203125,168.39450073242188,163.20550537109375,164.125,49882000,5.188995361328125,4.171141488211496
2022-04-05,164.05499267578125,168.11050415039062,163.26600646972656,167.7415008544922,53728000,4.8444976806640625,4.103141784667969
2022-04-06,158.75599670410156,162.1999969482422,157.25450134277344,161.65049743652344,79056000,4.94549560546875,4.073641095842634
2022-04-07,157.7845001220703,160.07899475097656,154.51150512695312,158.39999389648438,68136000,5.5674896240234375,4.072533743722098
2022-04-08,154.4604949951172,157.36849975585938,154.2310028076172,156.75,46002000,3.1374969482421875,4.044425964355469
2022-04-11,151.1219940185547,154.13650512695312,150.5345001220703,152.71299743652344,52112000,3.6020050048828125,3.982569013323103
2022-04-12,150.78750610351562,155.0989990234375,150.38299560546875,153.6925048828125,55178000,4.71600341796875,4.056355067661831
2022-04-13,155.54100036621094,156.02499389648438,149.60000610351562,150.01849365234375,53390000,6.42498779296875,4.224675859723773
2022-04-14,151.7064971923828,155.89700317382812,151.4720001220703,155.38999938964844,51598000,4.4250030517578125,4.317997523716518
2022-04-18,152.78500366210938,154.0395050048828,150.25050354003906,151.52349853515625,46514000,3.78900146484375,4.293103899274554
2022-04-19,158.11549377441406,158.6490020751953,151.55050659179688,152.0294952392578,54926000,7.0984954833984375,4.588496616908482
2022-04-20,153.9980010986328,157.6024932861328,153.60350036621094,157.6024932861328,59630000,3.998992919921875,4.627674647739956
2022-04-21,148.29600524902344,156.73800659179688,147.58949279785156,154.71400451660156,63970000,9.148513793945312,5.028176443917411
2022-04-22,144.35000610351562,149.61500549316406,143.69749450683594,148.25,73078000,5.917510986328125,5.200320652553013
2022-04-25,146.07400512695312,146.22149658203125,142.30650329589844,144.0229949951172,61874000,3.9149932861328125,5.109320504324777
2022-04-26,139.39100646972656,144.8560028076172,138.92950439453125,144.8000030517578,77530000,5.9264984130859375,5.186606270926339
2022-04-27,138.16700744628906,141.94850158691406,135.7834930419922,140.19149780273438,71336000,6.165008544921875,5.273714338030134
2022-04-28,144.59649658203125,145.9375,140.3000030517578,142.17799377441406,117316000,5.6374969482421875,5.278714861188616
2022-04-29,124.28150177001953,130.76100158691406,121.625,129.8489990234375,272662000,9.136001586914062,5.707179478236607
2022-05-02,124.5,124.66799926757812,118.375,122.4010009765625,148788000,6.292999267578125,5.899393354143415
2022-05-03,124.25350189208984,126.22049713134766,122.82499694824219,124.05349731445312,79134000,3.3955001831054688,5.805071694510324
2022-05-04,125.92849731445312,126.0,119.18299865722656,123.5999984741211,110746000,6.8170013427734375,5.833072662353516
2022-05-05,116.40699768066406,123.4990005493164,115.07250213623047,123.0,144392000,8.426498413085938,6.118893759591239
2022-05-06,114.77249908447266,119.05049896240234,113.08149719238281,114.8499984741211,124260000,5.969001770019531,6.274608067103794
2022-05-09,108.78900146484375,114.0,107.95700073242188,111.3125,128124000,6.042999267578125,6.199215480259487
2022-05-10,108.85900115966797,112.64250183105469,107.1709976196289,111.25,105434000,5.471504211425781,6.304394858224051
2022-05-11,105.37200164794922,110.15599822998047,104.42849731445312,108.10350036621094,109704000,5.727500915527344,6.060036795479911
2022-05-12,106.93049621582031,110.78050231933594,102.40550231933594,102.75,132026000,8.375,6.235571725027902
2022-05-13,113.05500030517578,113.18399810791016,107.80000305175781,109.06900024414062,93684000,5.383995056152344,6.34050042288644
2022-05-16,110.81050109863281,113.99250030517578,110.35399627685547,113.0999984741211,74566000,3.6385040283203125,6.177072252546038
2022-05-17,115.36849975585938,115.80000305175781,111.27649688720703,113.2750015258789,76448000,4.523506164550781,6.059822082519531
2022-05-18,107.11250305175781,112.85299682617188,106.2490005493164,111.43949890136719,108380000,6.603996276855469,6.128857748849051
2022-05-19,107.31900024414062,110.03399658203125,106.19300079345703,106.28050231933594,88142000,3.8409957885742188,5.750643048967634
2022-05-20,107.59100341796875,109.89800262451172,105.0094985961914,109.56849670410156,99500000,4.8885040283203125,5.650321960449219
2022-05-23,107.55699920654297,108.81900024414062,103.94999694824219,108.46099853515625,107798000,4.8690032958984375,5.755572182791574
2022-05-24,104.0999984741211,105.4000015258789,101.26000213623047,104.0250015258789,102934000,4.1399993896484375,5.564357757568359
2022-05-25,106.7750015258789,108.17500305175781,103.6500015258789,103.65550231933594,93120000,4.525001525878906,5.285679408482143
2022-05-26,111.07749938964844,112.66549682617188,107.45349884033203,107.97000122070312,93002000,5.211997985839844,5.231607709612165
2022-05-27,115.14649963378906,115.18699645996094,112.62799835205078,113.55000305175781,93660000,2.5589981079101562,4.982750483921596
2022-05-31,120.20950317382812,121.99449920654297,115.67500305175781,116.27999877929688,144634000,6.319496154785156,5.0433213370186945
2022-06-01,121.68399810791016,125.17900085449219,120.62249755859375,122.25599670410156,127528000,4.5565032958984375,4.959678649902344
2022-06-02,125.51100158691406,125.61000061035156,120.04499816894531,121.68399810791016,100560000,5.56500244140625,4.758964538574219
2022-06-03,122.3499984741211,124.4000015258789,121.04650115966797,124.19999694824219,97604000,3.3535003662109375,4.613929203578404
2022-06-06,124.79000091552734,128.99000549316406,123.80999755859375,125.25,135269000,5.1800079345703125,4.724036625453404
2022-06-07,123.0,124.0999984741211,120.62999725341797,122.01000213623047,85156700,3.470001220703125,4.648786272321429
2022-06-08,121.18000030517578,123.75,120.75,122.61000061035156,64926600,3.0,4.391357966831753
2022-06-09,116.1500015258789,121.30000305175781,116.0999984741211,119.98999786376953,67029800,5.200004577636719,4.488430023193359
2022-06-10,109.6500015258789,114.5,109.05000305175781,113.41999816894531,87266000,5.4499969482421875,4.528536660330636
2022-06-13,103.66999816894531,106.54000091552734,101.86000061035156,104.19000244140625,99277700,4.680000305175781,4.515036446707589
2022-06-14,102.30999755859375,104.87999725341797,101.43000030517578,104.19000244140625,69728800,3.4499969482421875,4.465750558035714
2022-06-15,107.66999816894531,109.05999755859375,103.52999877929688,103.86000061035156,85011100,5.529998779296875,4.537536076136997
2022-06-16,103.66000366210938,104.58000183105469,102.01000213623047,104.47000122070312,82186300,2.5699996948242188,4.348821912493024
2022-06-17,106.22000122070312,106.9800033569336,102.51000213623047,102.80000305175781,99772100,4.470001220703125,4.485322134835379
2022-06-21,108.68000030517578,111.62999725341797,103.55999755859375,108.19999694824219,70901200,8.069999694824219,4.610358101981027
2022-06-22,108.94999694824219,112.12999725341797,107.0199966430664,107.43000030517578,60040100,5.1100006103515625,4.649893624441964
2022-06-23,112.44000244140625,113.0,107.93000030517578,110.38999938964844,64345300,5.069999694824219,4.614536285400391
2022-06-24,116.45999908447266,116.70999908447266,111.43000030517578,112.37999725341797,69867600,5.279998779296875,4.752143314906529
2022-06-27,113.22000122070312,117.9800033569336,112.69999694824219,117.08999633789062,62133200,5.280006408691406,4.759286063058036
2022-06-28,107.4000015258789,114.8499984741211,107.04000091552734,113.5,74942900,7.80999755859375,5.069285801478794
2022-06-29,108.91999816894531,110.98999786376953,106.91000366210938,107.37999725341797,66375300,4.079994201660156,5.14642824445452
2022-06-30,106.20999908447266,108.18000030517578,102.5199966430664,108.11000061035156,97679400,5.660003662109375,5.179285321916852
2022-07-01,109.55999755859375,109.75,105.8499984741211,106.29000091552734,73021200,3.9000015258789062,5.068571363176618
2022-07-05,113.5,114.08000183105469,106.31999969482422,107.5999984741211,76583700,7.760002136230469,5.288571493966239
2022-07-06,114.33000183105469,115.4800033569336,112.01000213623047,113.20999908447266,66958900,3.470001220703125,5.290000370570591
2022-07-07,116.33000183105469,116.98999786376953,113.48999786376953,113.8499984741211,57872300,3.5,5.145000457763672
2022-07-08,115.54000091552734,116.58000183105469,113.69000244140625,114.5999984741211,45719700,2.8899993896484375,5.167857578822544
2022-07-11,111.75,114.30000305175781,110.87000274658203,114.08000183105469,53487600,3.4300003051757812,5.09357179914202
2022-07-12,109.22000122070312,113.2300033569336,108.33999633789062,112.16000366210938,54280300,4.890007019042969,4.866429465157645
2022-07-13,110.4000015258789,111.77999877929688,106.01000213623047,107.02999877929688,61353800,5.769996643066406,4.913572038922991
2022-07-14,110.62999725341797,111.18000030517578,107.58000183105469,110.23999786376953,51163100,3.5999984741210938,4.808571951729911
2022-07-15,113.55000305175781,115.58999633789062,111.58999633789062,112.5,84317800,4.0,4.717143467494419
2022-07-18,113.76000213623047,117.23999786376953,113.1500015258789,115.0,59115400,4.089996337890625,4.632142748151507
2022-07-19,118.20999908447266,118.94999694824219,114.02999877929688,115.69999694824219,60990000,4.9199981689453125,4.425714220319476
2022-07-20,122.7699966430664,123.4800033569336,118.31999969482422,118.62000274658203,71268300,5.160003662109375,4.502857753208706
2022-07-21,124.62999725341797,124.8499984741211,121.26000213623047,123.19999694824219,60239900,3.589996337890625,4.355000087193081
2022-07-22,122.41999816894531,125.5,121.3499984741211,125.01000213623047,51463800,4.150001525878906,4.372857230050223
2022-07-25,121.13999938964844,123.63999938964844,120.02999877929688,122.69999694824219,50221300,3.6100006103515625,4.076428549630301
2022-07-26,114.80999755859375,118.1500015258789,114.52999877929688,115.79000091552734,67075100,3.6200027465820312,4.0871429443359375
2022-07-27,120.97000122070312,121.9000015258789,117.16000366210938,117.30999755859375,61582000,4.739997863769531,4.175714220319476
2022-07-28,122.27999877929688,122.83999633789062,118.08000183105469,121.56999969482422,82245500,4.7599945068359375,4.3092853001185825
2022-07-29,134.9499969482422,137.64999389648438,132.41000366210938,134.89999389648438,148892900,5.239990234375,4.438570295061384
2022-08-01,135.38999938964844,138.8300018310547,133.50999450683594,134.9600067138672,76846900,5.32000732421875,4.46928460257394
2022-08-02,134.16000366210938,137.44000244140625,134.08999633789062,134.72000122070312,61922400,3.350006103515625,4.296428135463169
2022-08-03,139.52000427246094,140.49000549316406,136.0500030517578,136.2100067138672,71827800,4.44000244140625,4.3564284188406805
2022-08-04,142.57000732421875,143.55999755859375,139.5500030517578,140.5800018310547,70585000,4.0099945068359375,4.357142312186105
2022-08-05,140.8000030517578,142.86000061035156,139.60000610351562,140.10000610351562,50686900,3.2599945068359375,4.29785646711077
2022-08-08,139.41000366210938,144.22999572753906,138.2899932861328,142.0500030517578,52229000,5.94000244140625,4.3707139151436945
2022-08-09,137.8300018310547,138.9499969482422,136.2100067138672,138.0500030517578,40434700,2.739990234375,4.1978558131626675
2022-08-10,142.69000244140625,144.60000610351562,141.00999450683594,142.89999389648438,54773800,3.5900115966796875,4.197856903076172
2022-08-11,140.63999938964844,144.49000549316406,139.75999450683594,143.86000061035156,44867300,4.730010986328125,4.239286150251116
2022-08-12,143.5500030517578,143.57000732421875,140.1199951171875,142.0500030517578,47643500,3.45001220703125,4.227858407156808
2022-08-15,143.17999267578125,143.75999450683594,141.49000549316406,142.8000030517578,39014600,2.269989013671875,4.1314288548060825
2022-08-16,144.77999877929688,146.57000732421875,142.0,143.91000366210938,59102900,4.57000732421875,4.119286673409598
2022-08-17,142.10000610351562,143.3800048828125,140.77999877929688,142.69000244140625,48149800,2.600006103515625,3.965001787458147
2022-08-18,142.3000030517578,142.77000427246094,140.3800048828125,141.32000732421875,37458700,2.3899993896484375,3.7614310128348216
2022-08-19,138.22999572753906,141.11000061035156,137.91000366210938,140.47000122070312,47792800,3.1999969482421875,3.610001700265067
2022-08-22,133.22000122070312,136.32000732421875,132.85000610351562,135.72000122070312,50461500,3.470001220703125,3.618572780064174
2022-08-23,133.6199951171875,134.99000549316406,132.9499969482422,133.41000366210938,36252100,2.040008544921875,3.4471446446010043
2022-08-24,133.8000030517578,135.47000122070312,132.10000610351562,132.75,38627000,3.3699951171875,3.401430402483259
2022-08-25,137.27999877929688,137.4199981689453,134.27999877929688,135.25999450683594,37496300,3.1399993896484375,3.392859322684152
2022-08-26,130.75,137.8300018310547,130.5,136.5500030517578,53322700,7.3300018310546875,3.492144993373326
2022-08-29,129.7899932861328,131.9499969482422,128.77000427246094,129.89999389648438,48101600,3.17999267578125,3.523573739188058
2022-08-30,128.72999572753906,132.07000732421875,126.8499984741211,131.25,49203000,5.220008850097656,3.640002114432199
2022-08-31,126.7699966430664,130.58999633789062,126.73999786376953,129.4499969482422,53648700,3.8499984741210938,3.577144077845982
2022-09-01,127.81999969482422,128.02000427246094,123.66000366210938,126.0,56636100,4.3600006103515625,3.6421432495117188
2022-09-02,127.51000213623047,131.3800048828125,126.38999938964844,129.5,57429800,4.9900054931640625,3.836430140904018
2022-09-06,126.11000061035156,128.6199951171875,124.73999786376953,127.91999816894531,43888600,3.8799972534179688,3.7871437072753906
2022-09-07,129.47999572753906,129.82000732421875,125.4000015258789,126.12000274658203,47900300,4.420005798339844,3.9171436854771207
2022-09-08,129.82000732421875,130.27999877929688,127.0999984741211,127.72000122070312,43988500,3.1800003051757812,3.973572322300502
2022-09-09,133.27000427246094,133.69000244140625,130.75999450683594,130.91000366210938,49387600,2.9300079345703125,3.9542873927525113
2022-09-12,136.4499969482422,136.49000549316406,134.0,134.10000610351562,53826900,2.4900054931640625,3.8842876979282925
2022-09-13,126.81999969482422,131.39999389648438,126.2699966430664,131.00999450683594,72694000,5.129997253417969,4.105001177106585
2022-09-14,128.5500030517578,128.83999633789062,126.33000183105469,127.36000061035156,45316800,2.5099945068359375,4.043572562081473
2022-09-15,126.27999877929688,130.3699951171875,125.5,127.37999725341797,52887200,4.8699951171875,4.167143685477121
2022-09-16,123.52999877929688,123.87000274658203,120.69999694824219,122.77999877929688,115667800,3.1700057983398438,3.8700011117117747
2022-09-19,124.66000366210938,124.70999908447266,121.80000305175781,122.16000366210938,47279700,2.9099960327148438,3.8507156372070312
2022-09-20,122.19000244140625,124.4000015258789,121.13999938964844,123.3499984741211,47698400,3.2600021362304688,3.7107151576450894
2022-09-21,118.54000091552734,123.76000213623047,118.44999694824219,122.48999786376953,58498900,5.310005187988281,3.8150013514927457
2022-09-22,117.30999755859375,118.79000091552734,116.26000213623047,117.08000183105469,55229200,2.529998779296875,3.6842869349888394
2022-09-23,113.77999877929688,116.05000305175781,112.05999755859375,116.0,65126700,3.9900054931640625,3.612858363560268
2022-09-26,115.1500015258789,117.33999633789062,113.12999725341797,113.30000305175781,62723300,4.209999084472656,3.636429922921317
2022-09-27,114.41000366210938,118.31999969482422,113.05000305175781,117.19999694824219,60094700,5.269996643066406,3.6971435546875
2022-09-28,118.01000213623047,118.69999694824219,113.80000305175781,114.37999725341797,55763800,4.899993896484375,3.820000239780971
2022-09-29,114.80000305175781,116.06999969482422,113.05999755859375,115.5999984741211,58969700,3.0100021362304688,3.825714111328125
2022-09-30,113.0,116.91999816894531,112.83999633789062,114.08000183105469,59479600,4.0800018310546875,3.9392852783203125
2022-10-03,115.87999725341797,116.91000366210938,112.44999694824219,113.58000183105469,50941900,4.4600067138671875,3.8914288112095425
2022-10-04,121.08999633789062,123.0,119.79000091552734,119.88999938964844,62812600,3.2099990844726562,3.9414291381835938
2022-10-05,120.94999694824219,121.75,117.69000244140625,118.58000183105469,48217500,4.05999755859375,3.8835721697126115
2022-10-06,120.30000305175781,121.52999877929688,119.5,120.7699966430664,42253800,2.029998779296875,3.802143096923828
2022-10-07,114.55999755859375,118.16999816894531,113.87999725341797,118.0,54678000,4.290000915527344,3.900714874267578
2022-10-10,113.66999816894531,116.25,112.43000030517578,115.0999984741211,42339700,3.8199996948242188,3.9407146998814175
2022-10-11,112.20999908447266,115.4800033569336,110.38999938964844,112.70999908447266,56432200,5.090003967285156,3.925000326974051
2022-10-12,112.9000015258789,113.83000183105469,111.4000015258789,112.48999786376953,45728700,2.4300003051757812,3.9178575788225447
2022-10-13,112.52999877929688,113.44000244140625,105.3499984741211,107.87999725341797,86868100,8.090003967285156,4.210714612688337
2022-10-14,106.9000015258789,114.95999908447266,106.5999984741211,114.0999984741211,67737300,8.360000610351562,4.507143293108259
2022-10-17,113.79000091552734,114.19000244140625,110.08999633789062,110.11000061035156,62782000,4.100006103515625,4.423572540283203
2022-10-18,116.36000061035156,119.5199966430664,114.79000091552734,119.05999755859375,65607400,4.7299957275390625,4.411429813929966
2022-10-19,115.06999969482422,116.58999633789062,113.22000122070312,114.70999908447266,47198100,3.3699951171875,4.43714359828404
2022-10-20,115.25,118.23999786376953,113.51000213623047,113.83000183105469,48795100,4.7299957275390625,4.48357173374721
2022-10-21,119.31999969482422,119.58999633789062,114.5,114.79000091552734,55660500,5.089996337890625,4.528570992606027
2022-10-24,119.81999969482422,120.38999938964844,116.56999969482422,119.9800033569336,49531500,3.8199996948242188,4.572142464773996
2022-10-25,120.5999984741211,121.31999969482422,118.94999694824219,119.6500015258789,50934600,2.3700027465820312,4.451428549630301
2022-10-26,115.66000366210938,119.3499984741211,114.76000213623047,116.0,68802300,4.589996337890625,4.634285518101284
2022-10-27,110.95999908447266,114.12000274658203,109.7699966430664,113.91999816894531,129605400,4.350006103515625,4.638571602957589
2022-10-28,103.41000366210938,103.95999908447266,97.66000366210938,97.91000366210938,223133400,6.299995422363281,4.815714154924665
2022-10-31,102.44000244140625,104.87000274658203,100.73999786376953,103.55999755859375,99251400,4.1300048828125,4.747142791748047
2022-11-01,96.79000091552734,104.58000183105469,96.05999755859375,103.98999786376953,153370000,8.520004272460938,5.182143075125558
2022-11-02,92.12000274658203,97.73999786376953,92.01000213623047,97.31999969482422,135761800,5.7299957275390625,5.013571058000837
2022-11-03,89.30000305175781,93.5,89.0199966430664,92.47000122070312,136683300,4.480003356933594,4.736428397042411
2022-11-04,90.9800033569336,92.44000244140625,88.04000091552734,91.48999786376953,129101300,4.400001525878906,4.7578566414969305
2022-11-07,90.52999877929688,92.0999984741211,89.04000091552734,91.94999694824219,77495700,3.05999755859375,4.638571058000837
2022-11-08,89.9800033569336,91.72000122070312,88.2300033569336,90.79000091552734,88703400,3.4899978637695312,4.647142682756696
2022-11-09,86.13999938964844,89.4800033569336,85.87000274658203,89.47000122070312,90796200,3.6100006103515625,4.567143031529018
2022-11-10,96.62999725341797,98.69000244140625,91.6500015258789,92.94000244140625,173414900,7.040000915527344,4.706429072788784
2022-11-11,100.79000091552734,101.19000244140625,96.66000366210938,97.87999725341797,111590500,4.529998779296875,4.757143293108259
2022-11-14,98.48999786376953,100.12000274658203,97.29000091552734,98.7699966430664,99533100,2.8300018310546875,4.790000370570591
2022-11-15,98.94000244140625,103.79000091552734,97.33999633789062,103.20999908447266,111336300,6.450004577636719,4.922858101981027
2022-11-16,97.12000274658203,98.48999786376953,95.54000091552734,96.8499984741211,87958800,2.9499969482421875,4.8228574480329245
2022-11-17,94.8499984741211,96.97000122070312,94.02999877929688,95.37000274658203,82617900,2.94000244140625,4.582857949393136
2022-11-18,94.13999938964844,95.98999786376953,92.4800033569336,95.94999694824219,72428200,3.5099945068359375,4.538571493966239
2022-11-21,92.45999908447266,95.0199966430664,90.58999633789062,93.97000122070312,84330300,4.430000305175781,4.246428353445871
2022-11-22,93.19999694824219,93.3499984741211,90.87000274658203,92.62000274658203,62192000,2.4799957275390625,4.014285496303013
2022-11-23,94.12999725341797,94.58000183105469,92.83000183105469,93.23999786376953,59414700,1.75,3.8192852565220425
2022-11-25,93.41000366210938,94.43000030517578,93.06999969482422,93.79000091552734,35088600,1.3600006103515625,3.602142333984375
2022-11-28,93.94999694824219,96.4000015258789,93.43000030517578,93.93000030517578,74943100,2.970001220703125,3.5957140241350447
2022-11-29,92.41999816894531,94.41000366210938,91.44000244140625,94.04000091552734,65567300,2.970001220703125,3.5585714067731584
2022-11-30,96.54000091552734,96.54000091552734,91.52999877929688,92.47000122070312,102805800,5.010002136230469,3.658571515764509
2022-12-01,95.5,97.2300033569336,94.91999816894531,96.98999786376953,68488000,2.3100051879882812,3.320714678083147
2022-12-02,94.12999725341797,95.36000061035156,93.77999877929688,94.4800033569336,72496400,1.5800018310546875,3.1100006103515625
2022-12-05,91.01000213623047,94.05999755859375,90.81999969482422,93.05000305175781,71535500,3.2399978637695312,3.1392860412597656
2022-12-06,88.25,91.04000091552734,87.9000015258789,90.5,75503600,3.1399993896484375,2.902857099260603
2022-12-07,88.45999908447266,89.88999938964844,87.4800033569336,88.33999633789062,68086900,2.4099960327148438,2.8642856052943637
2022-12-08,90.3499984741211,90.86000061035156,87.87999725341797,89.23999786376953,73305900,2.9800033569335938,2.867142813546317
2022-12-09,89.08999633789062,90.30000305175781,88.62999725341797,88.9000015258789,67398500,1.6700057983398438,2.7357150486537387
2022-12-12,90.55000305175781,90.58000183105469,87.87000274658203,89.20999908447266,61999800,2.7099990844726562,2.6128578186035156
2022-12-13,92.48999786376953,96.25,90.5199966430664,95.2300033569336,100212000,5.730003356933594,2.845001220703125
2022-12-14,91.58000183105469,93.45999908447266,89.87000274658203,92.5,70298000,3.589996337890625,2.9764295305524553
2022-12-15,88.44999694824219,89.97000122070312,87.47000122070312,89.88999938964844,84802900,2.5,3.0578580583844865
2022-12-16,87.86000061035156,89.3499984741211,86.7300033569336,88.2699966430664,146144100,2.6199951171875,3.0328576224190846
2022-12-19,84.91999816894531,87.62999725341797,84.51000213623047,87.51000213623047,83531500,3.1199951171875,3.0435714721679688
2022-12-20,85.19000244140625,86.61000061035156,84.33000183105469,85.33000183105469,74348300,2.279998779296875,2.848571232386998
2022-12-21,86.7699966430664,87.2300033569336,85.20999908447266,86.18000030517578,59267200,2.0200042724609375,2.827856881277902
2022-12-22,83.79000091552734,85.68000030517578,82.25,85.5199966430664,81431300,3.4300003051757812,2.9599996294294084
2022-12-23,85.25,85.77999877929688,82.93000030517578,83.25,57433700,2.8499984741210938,2.932142530168806
2022-12-27,83.04000091552734,85.3499984741211,83.0,84.97000122070312,57284000,2.3499984741210938,2.875713893345424
2022-12-28,81.81999969482422,83.4800033569336,81.69000244140625,82.80000305175781,58228600,1.7900009155273438,2.8314285278320312
2022-12-29,84.18000030517578,84.55000305175781,82.55000305175781,82.87000274658203,54995900,2.0,2.7614282880510603
2022-12-30,84.0,84.05000305175781,82.47000122070312,83.12000274658203,62401200,1.5800018310546875,2.754999433244978
2023-01-03,85.81999969482422,86.95999908447266,84.20999908447266,85.45999908447266,76706000,2.75,2.757856641496931
2023-01-04,85.13999938964844,86.9800033569336,83.36000061035156,86.55000305175781,68885100,3.6200027465820312,2.607142312186105
2023-01-05,83.12000274658203,85.41999816894531,83.06999969482422,85.33000183105469,67930800,2.3499984741210938,2.518571036202567
2023-01-06,86.08000183105469,86.4000015258789,81.43000030517578,83.02999877929688,83303400,4.970001220703125,2.6949996948242188
2023-01-09,87.36000061035156,89.4800033569336,87.08000183105469,87.45999908447266,65266100,2.4000015258789062,2.679285866873605
2023-01-10,89.87000274658203,90.19000244140625,87.29000091552734,87.56999969482422,67756600,2.9000015258789062,2.663572038922991
2023-01-11,95.08999633789062,95.26000213623047,90.93000030517578,90.93000030517578,103126200,4.3300018310546875,2.8100008283342635
2023-01-12,95.2699966430664,97.19000244140625,93.5,96.93000030517578,85254800,3.69000244140625,2.929286411830357
2023-01-13,98.12000274658203,98.37000274658203,94.12000274658203,94.18000030517578,85549400,4.25,2.9878578186035156
2023-01-17,96.05000305175781,98.88999938964844,95.7300033569336,98.68000030517578,72755000,3.1599960327148438,3.0100005013602122
2023-01-18,95.45999908447266,99.31999969482422,95.37999725341797,97.25,79570400,3.94000244140625,3.123572213309152
2023-01-19,93.68000030517578,95.44000244140625,92.86000061035156,94.73999786376953,69002700,2.5800018310546875,3.1800008501325334
2023-01-20,97.25,97.3499984741211,93.19999694824219,93.86000061035156,67481500,4.150001525878906,3.3335723876953125
2023-01-23,97.5199966430664,97.77999877929688,95.86000061035156,97.55999755859375,76501100,1.9199981689453125,3.3578578404017856
2023-01-24,96.31999969482422,98.08999633789062,96.0,96.93000030517578,66929500,2.089996337890625,3.3107147216796875
2023-01-25,97.18000030517578,97.23999786376953,91.5199966430664,92.55999755859375,94261600,5.720001220703125,3.4607146126883372
2023-01-26,99.22000122070312,99.48999786376953,96.91999816894531,98.23999786376953,68523600,2.5699996948242188,3.476428985595703
2023-01-27,102.23999786376953,103.48999786376953,99.52999877929688,99.52999877929688,87775600,3.9599990844726562,3.4042859758649553
2023-01-30,100.55000305175781,101.73999786376953,99.01000213623047,101.08999633789062,70691900,2.7299957275390625,3.427856990269252
2023-01-31,103.12999725341797,103.3499984741211,101.13999938964844,101.16000366210938,66527300,2.2099990844726562,3.378571101597377
2023-02-01,105.1500015258789,106.23999786376953,101.23999786376953,102.52999877929688,80450100,5.0,3.4264281136648997
2023-02-02,112.91000366210938,114.0,108.87999725341797,110.25,158154200,5.120002746582031,3.528570992606027
2023-02-03,103.38999938964844,108.77999877929688,102.5199966430664,105.26000213623047,144374800,6.260002136230469,3.672142573765346
2023-02-06,102.18000030517578,103.94999694824219,100.6500015258789,102.93000030517578,81945200,3.2999954223632812,3.682142530168806
2023-02-07,102.11000061035156,102.41000366210938,98.08000183105469,101.16999816894531,119501300,4.3300018310546875,3.7099996294294084
2023-02-08,100.05000305175781,102.66999816894531,98.77999877929688,102.04000091552734,75878300,3.8899993896484375,3.803570883614676
2023-02-09,98.23999786376953,101.77999877929688,97.56999969482422,101.31999969482422,64622500,4.209999084472656,3.80785642351423
2023-02-10,97.61000061035156,98.81999969482422,96.2300033569336,97.55999755859375,52740100,2.589996337890625,3.855713435581752
2023-02-13,99.54000091552734,99.68000030517578,96.91000366210938,97.8499984741211,52841500,2.7699966430664062,3.904284885951451
2023-02-14,99.69999694824219,100.91999816894531,97.5199966430664,98.41000366210938,56202900,3.4000015258789062,3.7385706220354353
2023-02-15,101.16000366210938,101.16999816894531,98.44999694824219,99.08999633789062,47957600,2.720001220703125,3.7492850167410716
2023-02-16,98.1500015258789,100.62999725341797,98.0999984741211,99.20999908447266,56339200,2.529998779296875,3.647142137799944
2023-02-17,97.19999694824219,97.94000244140625,95.6500015258789,97.80000305175781,60029400,2.2900009155273438,3.6157139369419644
2023-02-21,94.58000183105469,95.61000061035156,94.2699966430664,95.33999633789062,56580400,1.3400039672851562,3.5535714285714284
2023-02-22,95.79000091552734,97.01000213623047,94.80000305175781,95.0999984741211,59534100,2.2099990844726562,3.354285648890904
2023-02-23,95.81999969482422,96.43000030517578,93.66999816894531,96.12000274658203,48467000,2.7600021362304688,3.1857141767229353
2023-02-24,93.5,94.13999938964844,92.31999969482422,93.52999877929688,57053800,1.8199996948242188,2.8685711451939175
2023-02-27,93.76000213623047,94.77999877929688,93.13999938964844,94.27999877929688,47470300,1.6399993896484375,2.75
2023-02-28,94.2300033569336,94.69000244140625,92.91999816894531,93.13999938964844,43959300,1.7700042724609375,2.567143031529018
2023-03-01,92.16999816894531,94.68000030517578,91.58999633789062,93.87000274658203,52299500,3.0900039672851562,2.5100005013602122
2023-03-02,92.12999725341797,92.2300033569336,90.38999938964844,91.41000366210938,55509400,1.8400039672851562,2.340715135846819
2023-03-03,94.9000015258789,94.94000244140625,92.66000366210938,92.73999786376953,55759600,2.279998779296875,2.318572453090123
2023-03-06,93.75,96.55000305175781,93.73999786376953,95.19000244140625,52112400,2.8100051879882812,2.321430206298828
2023-03-07,93.55000305175781,95.08999633789062,92.77999877929688,94.05999755859375,49100700,2.30999755859375,2.243572780064174
2023-03-08,93.91999816894531,94.16999816894531,92.18000030517578,93.5999984741211,44899100,1.9899978637695312,2.191429683140346
2023-03-09,92.25,96.20999908447266,92.18000030517578,93.68000030517578,56218700,4.029998779296875,2.298572540283203
2023-03-10,90.7300033569336,93.56999969482422,90.25,92.66999816894531,69827500,3.3199996948242188,2.372143881661551
2023-03-13,92.43000030517578,94.0199966430664,88.12000274658203,89.97000122070312,72397100,5.899993896484375,2.697857448032924
2023-03-14,94.87999725341797,95.06999969482422,92.70999908447266,93.83000183105469,60912700,2.3600006103515625,2.7085718427385603
2023-03-15,96.19999694824219,96.66999816894531,93.06999969482422,93.22000122070312,70731800,3.5999984741210938,2.768571581159319
2023-03-16,100.04000091552734,100.98999786376953,95.61000061035156,95.75,84446900,5.379997253417969,3.022857121058873
2023-03-17,98.94999694824219,100.66000366210938,97.45999908447266,99.79000091552734,87300200,3.2000045776367188,3.1342860630580356
2023-03-20,97.70999908447266,98.4800033569336,95.69999694824219,98.41000366210938,62388900,2.7800064086914062,3.2064290727887834
2023-03-21,100.61000061035156,100.8499984741211,98.0,98.13999938964844,58597300,2.8499984741210938,3.1892858232770647
2023-03-22,98.69999694824219,102.0999984741211,98.61000061035156,100.44999694824219,57475400,3.4899978637695312,3.307142530168806
2023-03-23,98.70999908447266,101.05999755859375,97.62000274658203,100.43000030517578,57559300,3.4399948120117188,3.3899993896484375
2023-03-24,98.12999725341797,98.30000305175781,96.4000015258789,98.06999969482422,56095400,1.9000015258789062,3.3249991280691966
2023-03-27,98.04000091552734,99.33999633789062,97.08000183105469,99.06999969482422,46721300,2.2599945068359375,3.321427481515067
2023-03-28,97.23999786376953,98.44000244140625,96.29000091552734,98.11000061035156,38720100,2.1500015258789062,3.3328563145228793
2023-03-29,100.25,100.41999816894531,98.55999755859375,98.69000244140625,49783300,1.8600006103515625,3.1778564453125
2023-03-30,102.0,103.04000091552734,101.01000213623047,101.55000305175781,53633400,2.029998779296875,3.0857135227748325
2023-03-31,103.29000091552734,103.48999786376953,101.94999694824219,102.16000366210938,56750300,1.5400009155273438,2.774285452706473
2023-04-03,102.41000366210938,103.29000091552734,101.43000030517578,102.30000305175781,41135700,1.8600006103515625,2.7385711669921875
2023-04-04,103.94999694824219,104.19999694824219,102.11000061035156,102.75,48662500,2.089996337890625,2.630713871547154
2023-04-05,101.0999984741211,103.91000366210938,100.75,103.91000366210938,45175400,3.160003662109375,2.472142900739397
2023-04-06,102.05999755859375,102.37999725341797,99.80000305175781,100.75,43808000,2.5799942016601562,2.4278564453125
2023-04-10,102.16999816894531,102.19999694824219,99.56999969482422,100.95999908447266,37261200,2.6299972534179688,2.4171415056501115
2023-04-11,99.91999816894531,101.0,99.01000213623047,100.80000305175781,60417800,1.9899978637695312,2.355712890625
2023-04-12,97.83000183105469,100.51000213623047,97.70999908447266,100.4000015258789,56735000,2.8000030517578125,2.306427546909877
2023-04-13,102.4000015258789,102.56999969482422,98.70999908447266,98.94999694824219,67925100,3.8600006103515625,2.336427961077009
2023-04-14,102.51000213623047,103.19999694824219,101.11000061035156,102.06999969482422,51450500,2.089996337890625,2.349999019077846
2023-04-17,102.73999786376953,103.7300033569336,101.58999633789062,103.16000366210938,39919500,2.1400070190429688,2.341428484235491
2023-04-18,102.30000305175781,104.19999694824219,101.5199966430664,103.94999694824219,39790500,2.6800003051757812,2.3792855398995534
2023-04-19,104.30000305175781,105.12000274658203,101.38999938964844,101.58000183105469,58398900,3.7300033569335938,2.5128571646554128
2023-04-20,103.80999755859375,105.25,103.20999908447266,103.52999877929688,57696900,2.0400009155273438,2.5135716029575894
2023-04-21,106.95999908447266,108.1500015258789,105.08000183105469,106.0999984741211,86774200,3.0699996948242188,2.622857230050223
2023-04-24,106.20999908447266,109.2300033569336,105.06999969482422,107.66000366210938,69575600,4.160003662109375,2.7871431623186385
2023-04-25,102.56999969482422,105.44999694824219,102.44999694824219,104.91000366210938,65026800,3.0,2.8521434238978793
2023-04-26,104.9800033569336,106.62000274658203,104.0999984741211,105.04000091552734,73803800,2.5200042724609375,2.806429181780134
2023-04-27,109.81999969482422,110.86000061035156,106.80000305175781,108.16000366210938,149961200,4.05999755859375,2.9121437072753906
2023-04-28,105.44999694824219,109.4800033569336,104.33000183105469,107.7300033569336,130715900,5.150001525878906,3.092144012451172
2023-05-01,102.05000305175781,105.2300033569336,101.81999969482422,104.94999694824219,74728100,3.410003662109375,3.193572998046875
2023-05-02,103.62999725341797,103.9000015258789,101.1500015258789,101.47000122070312,73469400,2.75,3.1900013514927457
2023-05-03,103.6500015258789,105.95999908447266,103.27999877929688,103.73999786376953,65051900,2.6800003051757812,3.1057156154087613
2023-05-04,104.0,105.38999938964844,103.30999755859375,104.04000091552734,45345500,2.0800018310546875,3.1050017220633372
2023-05-05,105.66000366210938,105.76000213623047,103.55000305175781,104.2699966430664,56951700,2.2099990844726562,3.1100011553083147
2023-05-08,105.83000183105469,106.0999984741211,104.69999694824219,105.04000091552734,49430900,1.4000015258789062,3.018572671072824
2023-05-09,106.62000274658203,106.79000091552734,105.16000366210938,105.4800033569336,44089400,1.6299972534179688,2.868572235107422
2023-05-10,110.19000244140625,110.66999816894531,108.05000305175781,108.0999984741211,78627600,2.6199951171875,2.9100003923688615
2023-05-11,112.18000030517578,113.27999877929688,110.48999786376953,111.02999877929688,74924800,2.7900009155273438,2.890000479561942
2023-05-12,110.26000213623047,112.63999938964844,109.31999969482422,112.16000366210938,49852700,3.3199996948242188,2.830000196184431
2023-05-15,111.19999694824219,112.29000091552734,109.25,111.1500015258789,53011100,3.0400009155273438,2.832857404436384
2023-05-16,113.4000015258789,114.79000091552734,111.05000305175781,111.05000305175781,71472900,3.7399978637695312,2.919999803815569
2023-05-17,115.5,115.83000183105469,114.22000122070312,114.88999938964844,65655200,1.6100006103515625,2.74500002179827
2023-05-18,118.1500015258789,118.5999984741211,116.33999633789062,116.69000244140625,73174100,2.2600021362304688,2.5385714939662387
2023-05-19,116.25,118.30999755859375,115.69999694824219,118.16000366210938,55056300,2.6100006103515625,2.481428418840681
2023-05-22,115.01000213623047,116.7699966430664,114.25,116.7699966430664,70741100,2.5199966430664062,2.4649996076311385
2023-05-23,114.98999786376953,117.13999938964844,113.77999877929688,114.2699966430664,67576300,3.3600006103515625,2.5135710580008372
2023-05-24,116.75,117.33999633789062,115.0199966430664,115.3499984741211,63487900,2.3199996948242188,2.5307137625558034
2023-05-25,115.0,116.87000274658203,114.30999755859375,116.62999725341797,66496700,2.5600051879882812,2.5557141985212053
2023-05-26,120.11000061035156,121.5,116.0199966430664,116.04000091552734,96779900,5.480003356933594,2.847142900739397
2023-05-30,121.66000366210938,122.91999816894531,119.86000061035156,122.37000274658203,64314800,3.05999755859375,2.9492857796805247
2023-05-31,120.58000183105469,122.04000091552734,119.16999816894531,121.44999694824219,72800800,2.8700027465820312,2.9671434674944197
2023-06-01,122.7699966430664,123.48999786376953,119.93000030517578,120.69000244140625,54375100,3.55999755859375,3.022143227713449
2023-06-02,124.25,126.38999938964844,124.0199966430664,124.91999816894531,61264400,2.3700027465820312,2.9542863028390065
2023-06-05,125.30000305175781,125.80000305175781,123.02999877929688,123.36000061035156,47950100,2.7700042724609375,2.9350008283342635
2023-06-06,126.61000061035156,127.4000015258789,125.0,125.06999969482422,45695200,2.4000015258789062,2.8392868041992188
2023-06-07,121.2300033569336,127.37000274658203,120.62999725341797,127.01000213623047,95663300,6.7400054931640625,3.2057157244001115
2023-06-08,124.25,125.62999725341797,122.26000213623047,123.01000213623047,62159300,3.3699951171875,3.2850009373256137
2023-06-09,123.43000030517578,125.80000305175781,123.19000244140625,124.08000183105469,51396000,2.6100006103515625,3.2850009373256137
2023-06-12,126.56999969482422,126.77999877929688,123.52999877929688,124.0199966430664,51338000,3.25,3.337144034249442
2023-06-13,126.66000366210938,128.41000366210938,125.18000030517578,128.1199951171875,50564800,3.2300033569335938,3.3278585161481584
2023-06-14,126.41999816894531,126.94999694824219,124.12000274658203,126.69999694824219,52422500,2.8299942016601562,3.3642866952078685
2023-06-15,127.11000061035156,127.69000244140625,124.31999969482422,125.20999908447266,60458500,3.3700027465820312,3.4221436636788503
2023-06-16,125.48999786376953,127.9000015258789,125.30000305175781,127.70999908447266,84247100,2.5999984741210938,3.2164290291922435
2023-06-20,125.77999877929688,127.25,124.5,124.97000122070312,56930100,2.75,3.194286346435547
2023-06-21,124.83000183105469,126.7300033569336,123.8499984741211,125.63999938964844,52137700,2.8800048828125,3.195000784737723
2023-06-22,130.14999389648438,130.3300018310547,125.13999938964844,125.30999755859375,90354600,5.19000244140625,3.311429704938616
2023-06-23,129.3300018310547,130.83999633789062,128.27999877929688,129.11000061035156,71927800,2.55999755859375,3.325000762939453
2023-06-26,127.33000183105469,131.49000549316406,127.0999984741211,129.3300018310547,59989300,4.390007019042969,3.4407152448381697
2023-06-27,129.17999267578125,130.08999633789062,127.55000305175781,128.6300048828125,46801000,2.5399932861328125,3.450714656284877
2023-06-28,129.0399932861328,131.47999572753906,128.44000244140625,128.94000244140625,52149500,3.0399932861328125,3.1864280700683594
2023-06-29,127.9000015258789,129.25999450683594,127.26000213623047,128.77000427246094,40761000,1.9999923706054688,3.0885707310267856
2023-06-30,130.36000061035156,131.25,128.9499969482422,129.47000122070312,54350700,2.3000030517578125,3.0664280482700894
2023-07-03,130.22000122070312,131.85000610351562,130.07000732421875,130.82000732421875,28264800,1.779998779296875,2.961427961077009
2023-07-05,130.3800048828125,131.39999389648438,129.63999938964844,130.24000549316406,35895400,1.7599945068359375,2.856427328927176
2023-07-06,128.36000061035156,128.72999572753906,127.37000274658203,128.25,40639900,1.3599929809570312,2.751427241734096
2023-07-07,129.77999877929688,130.97000122070312,128.1300048828125,128.58999633789062,41992300,2.839996337890625,2.7135696411132812
2023-07-10,127.12999725341797,129.27999877929688,125.91999816894531,129.07000732421875,61889300,3.3600006103515625,2.7678555079868863
2023-07-11,128.77999877929688,129.77000427246094,127.3499984741211,127.75,49951500,2.4200057983398438,2.7442844935825894
2023-07-12,130.8000030517578,131.25999450683594,128.8300018310547,130.30999755859375,54022800,2.42999267578125,2.7121407645089284
2023-07-13,134.3000030517578,134.6699981689453,132.7100067138672,134.0399932861328,61170900,1.959991455078125,2.4814256940569197
2023-07-14,134.67999267578125,136.64999389648438,134.05999755859375,134.05999755859375,54487100,2.589996337890625,2.4835684640066966
2023-07-17,133.55999755859375,135.6199951171875,133.2100067138672,134.55999755859375,48450200,2.4099884033203125,2.3421385628836497
2023-07-18,132.8300018310547,133.86000061035156,131.35000610351562,132.7100067138672,54882900,2.5099945068359375,2.339995792933873
2023-07-19,135.36000061035156,135.99000549316406,132.52999877929688,133.38999938964844,54531000,3.4600067138671875,2.3699967520577565
2023-07-20,129.9600067138672,134.7899932861328,129.3300018310547,134.07000732421875,59820600,5.459991455078125,2.6171395438058034
2023-07-21,130.0,131.3699951171875,128.4199981689453,131.33999633789062,133307300,2.9499969482421875,2.663567679268973
2023-07-24,128.8000030517578,131.66000366210938,128.35000610351562,130.30999755859375,45591100,3.30999755859375,2.772853306361607
2023-07-25,129.1300048828125,129.5800018310547,128.52999877929688,129.30999755859375,39236700,1.0500030517578125,2.722139630998884
2023-07-26,128.14999389648438,129.0800018310547,126.11000061035156,126.51000213623047,53910100,2.970001220703125,2.837140219552176
2023-07-27,128.25,132.6300048828125,127.79000091552734,131.0,52610700,4.840003967285156,2.9799979073660716
2023-07-28,132.2100067138672,133.00999450683594,129.3300018310547,129.69000244140625,46317400,3.67999267578125,3.002854483468192
2023-07-31,133.67999267578125,133.8699951171875,132.3800048828125,133.1999969482422,41901500,1.489990234375,2.936424800327846
2023-08-01,131.69000244140625,133.69000244140625,131.6199951171875,133.5500030517578,42098500,2.07000732421875,2.9107115609305247
2023-08-02,128.2100067138672,130.22999572753906,126.81999969482422,130.14999389648438,51027600,3.4099960327148438,3.0142833164760043
2023-08-03,128.91000366210938,129.83999633789062,126.41000366210938,127.4800033569336,88585200,3.42999267578125,3.0742830548967635
2023-08-04,139.57000732421875,143.6300048828125,139.32000732421875,141.05999755859375,153128500,4.30999755859375,3.209997994559152
2023-08-07,142.22000122070312,142.5399932861328,138.9499969482422,140.99000549316406,71213100,3.589996337890625,3.2871409824916293
2023-08-08,139.94000244140625,140.83999633789062,138.4199981689453,140.6199951171875,51710500,2.4199981689453125,3.212854657854353
2023-08-09,137.85000610351562,140.32000732421875,137.10000610351562,139.97000122070312,50017300,3.220001220703125,3.0528553553989957
2023-08-10,138.55999755859375,140.41000366210938,137.49000549316406,139.07000732421875,58928400,2.9199981689453125,3.0507125854492188
2023-08-11,138.41000366210938,139.3300018310547,137.0,137.39999389648438,42905800,2.3300018310546875,2.980712890625
2023-08-14,140.57000732421875,140.58999633789062,137.75,138.3000030517578,47148700,2.839996337890625,3.108569553920201
2023-08-15,137.6699981689453,141.27999877929688,137.22999572753906,140.0500030517578,42781500,4.0500030517578125,3.1857125418526784
2023-08-16,135.07000732421875,137.27000427246094,135.00999450683594,137.19000244140625,41675900,2.260009765625,3.001427241734096
2023-08-17,133.97999572753906,136.08999633789062,133.52999877929688,135.4600067138672,48354100,2.55999755859375,2.9214275905064175
2023-08-18,133.22000122070312,134.07000732421875,131.14999389648438,131.6199951171875,48497700,2.920013427734375,3.023572104317801
2023-08-21,134.67999267578125,135.19000244140625,132.7100067138672,133.74000549316406,41442500,2.4799957275390625,3.052856990269252
2023-08-22,134.25,135.64999389648438,133.72999572753906,135.0800018310547,32905400,1.9199981689453125,2.9464285714285716
2023-08-23,135.52000427246094,135.9499969482422,133.22000122070312,134.5,42801000,2.7299957275390625,2.896428789411272
2023-08-24,131.83999633789062,136.77999877929688,131.8300018310547,136.39999389648438,43646300,4.9499969482421875,2.942143031529018
2023-08-25,133.25999450683594,133.8699951171875,130.5800018310547,132.47000122070312,44147500,3.2899932861328125,2.9207142421177457
2023-08-28,133.13999938964844,133.9499969482422,131.85000610351562,133.77999877929688,34108400,2.0999908447265625,2.8978565761021207
2023-08-29,134.91000366210938,135.13999938964844,133.25,133.3800048828125,38646100,1.8899993896484375,2.8028564453125
2023-08-30,135.07000732421875,135.67999267578125,133.9199981689453,134.92999267578125,36137000,1.7599945068359375,2.719999040876116
2023-08-31,138.00999450683594,138.7899932861328,135.0,135.05999755859375,58781300,3.7899932861328125,2.824284144810268
2023-09-01,138.1199951171875,139.9600067138672,136.8800048828125,139.4600067138672,40991500,3.0800018310546875,2.8414273943219865
2023-09-05,137.27000427246094,137.8000030517578,135.82000732421875,137.72999572753906,40636700,1.9799957275390625,2.6935697283063615
2023-09-06,135.36000061035156,137.4499969482422,134.61000061035156,136.32000732421875,41785500,2.839996337890625,2.734997340611049
2023-09-07,137.85000610351562,138.02999877929688,133.16000366210938,133.89999389648438,48498900,4.8699951171875,2.8999971662248885
2023-09-08,138.22999572753906,138.85000610351562,136.75,136.86000061035156,38348200,2.100006103515625,2.841425214494978
2023-09-11,143.10000610351562,143.6199951171875,138.63999938964844,138.75,56764500,4.9799957275390625,3.0199966430664062
2023-09-12,141.22999572753906,143.0,140.61000061035156,142.32000732421875,42668500,2.3899993896484375,3.0535681588309154
2023-09-13,144.85000610351562,144.97999572753906,140.8699951171875,140.9499969482422,60465200,4.1100006103515625,3.1521399361746654
2023-09-14,144.72000122070312,145.86000061035156,142.9499969482422,145.0800018310547,64033600,2.910003662109375,3.0064261300223216
2023-09-15,140.38999938964844,143.57000732421875,140.08999633789062,142.69000244140625,102909300,3.480010986328125,3.0199988228934154
2023-09-18,139.97999572753906,141.75,139.22000122070312,140.47999572753906,42823500,2.529998779296875,3.050713675362723
2023-09-19,137.6300048828125,138.83999633789062,135.55999755859375,138.6999969482422,61482500,3.279998779296875,3.149999346051897
2023-09-20,135.2899932861328,139.3699951171875,135.1999969482422,138.5500030517578,46263700,4.1699981689453125,3.3221424647739957
2023-09-21,129.3300018310547,132.24000549316406,129.30999755859375,131.94000244140625,70343300,2.9300079345703125,3.2607149396623885
2023-09-22,129.1199951171875,132.02999877929688,128.52000427246094,131.11000061035156,59904300,3.5099945068359375,3.291428702218192
2023-09-25,131.27000427246094,131.77999877929688,128.77000427246094,129.36000061035156,46017800,3.0099945068359375,3.3650000435965404
2023-09-26,125.9800033569336,130.38999938964844,125.27999877929688,130.1199951171875,73048200,5.1100006103515625,3.5271432059151784
2023-09-27,125.9800033569336,127.4800033569336,124.12999725341797,125.76000213623047,66553400,3.350006103515625,3.418572562081473
2023-09-28,125.9800033569336,126.58000183105469,123.04000091552734,124.04000091552734,54555000,3.5400009155273438,3.5214293343680247
2023-09-29,127.12000274658203,129.14999389648438,126.31999969482422,128.1999969482422,62411700,2.8299942016601562,3.3678577968052457
2023-10-02,129.4600067138672,130.47000122070312,126.54000091552734,127.27999877929688,48029700,3.9300003051757812,3.477857862200056
2023-10-03,124.72000122070312,128.52000427246094,124.25,128.05999755859375,51565000,4.2700042724609375,3.4892866952078685
2023-10-04,127.0,127.36000061035156,125.68000030517578,126.05999755859375,44203900,1.6800003051757812,3.4014293125697543
2023-10-05,125.95999908447266,126.7300033569336,124.33000183105469,126.70999908447266,39660600,2.4000015258789062,3.3242857796805247
2023-10-06,127.95999908447266,128.4499969482422,124.12999725341797,124.16000366210938,46836700,4.319999694824219,3.452142987932478
2023-10-09,128.25999450683594,128.7899932861328,124.76000213623047,126.22000122070312,38773700,4.029991149902344,3.505713871547154
2023-10-10,129.47999572753906,130.74000549316406,128.0500030517578,128.82000732421875,42178600,2.69000244140625,3.3999998910086497
2023-10-11,131.8300018310547,132.0500030517578,129.61000061035156,129.74000549316406,40741800,2.44000244140625,3.3649994986397878
2023-10-12,132.3300018310547,134.47999572753906,131.22999572753906,132.1699981689453,55528600,3.25,3.346428462437221
2023-10-13,129.7899932861328,133.30999755859375,128.9499969482422,132.97999572753906,45786600,4.3600006103515625,3.442857469831194
2023-10-16,132.5500030517578,133.07000732421875,130.42999267578125,130.69000244140625,42832900,2.6400146484375,3.266429901123047
2023-10-17,131.47000122070312,132.5800018310547,128.7100067138672,130.38999938964844,49344600,3.8699951171875,3.303571973528181
2023-10-18,128.1300048828125,130.6699981689453,127.51000213623047,129.89999389648438,42699500,3.1599960327148438,3.276428767613002
2023-10-19,128.39999389648438,132.24000549316406,127.47000122070312,130.57000732421875,60961400,4.7700042724609375,3.4150009155273438
2023-10-20,125.16999816894531,128.1699981689453,124.97000122070312,128.0500030517578,56406400,3.1999969482421875,3.3628578186035156
2023-10-23,126.55999755859375,127.87999725341797,123.9800033569336,124.62999725341797,48260000,3.899993896484375,3.3364285060337613
2023-10-24,128.55999755859375,128.8000030517578,126.33999633789062,127.73999786376953,46477400,2.4600067138671875,3.3921432495117188
2023-10-25,121.38999938964844,126.33999633789062,120.79000091552734,126.04000091552734,74577500,5.549995422363281,3.617142813546317
2023-10-26,119.56999969482422,121.63999938964844,118.3499984741211,120.62999725341797,100419500,3.2900009155273438,3.5435714721679688
2023-10-27,127.73999786376953,130.02000427246094,125.5199966430664,126.19999694824219,125309300,4.500007629394531,3.577144077845982
2023-10-30,132.7100067138672,133.0,128.55999755859375,129.72000122070312,72485500,4.44000244140625,3.702144077845982
2023-10-31,133.08999633789062,133.57000732421875,131.7100067138672,132.75,51589400,1.8600006103515625,3.6607153756277904
2023-11-01,137.0,137.35000610351562,133.7100067138672,133.9600067138672,61529400,3.6399993896484375,3.688572474888393
2023-11-02,138.07000732421875,138.80999755859375,136.47000122070312,138.72999572753906,52236700,2.339996337890625,3.544286455426897
2023-11-03,138.60000610351562,139.49000549316406,137.4499969482422,138.99000549316406,44059800,2.040008544921875,3.501428876604353
2023-11-06,139.74000549316406,140.72999572753906,138.36000061035156,138.75999450683594,44970400,2.3699951171875,3.3942860194614957
2023-11-07,142.7100067138672,143.3699951171875,140.5,140.5500030517578,53553500,2.8699951171875,3.3735716683523997
2023-11-08,142.0800018310547,143.1199951171875,141.22000122070312,142.97000122070312,44521700,1.899993896484375,3.1685709272112166
2023-11-09,140.60000610351562,142.64999389648438,139.83999633789062,142.02000427246094,36235400,2.80999755859375,3.1407138279506137
2023-11-10,143.55999755859375,143.64999389648438,139.91000366210938,140.4600067138672,49287800,3.739990234375,3.129284994942801
2023-11-13,142.58999633789062,143.22999572753906,140.6699981689453,142.0800018310547,35680600,2.55999755859375,3.136427198137556
2023-11-14,145.8000030517578,147.25999450683594,144.67999267578125,145.0,56674600,2.5800018310546875,2.9242847987583707
2023-11-15,143.1999969482422,147.2899932861328,142.58999633789062,147.05999755859375,63875700,4.6999969482421875,3.024998801095145
2023-11-16,142.8300018310547,143.32000732421875,139.52000427246094,140.91000366210938,49653500,3.8000030517578125,2.9749984741210938
2023-11-17,145.17999267578125,145.22999572753906,142.5399932861328,142.66000366210938,49636700,2.69000244140625,2.8499984741210938
2023-11-20,146.1300048828125,146.6300048828125,144.72999572753906,145.1300048828125,41951200,1.9000091552734375,2.852856227329799
2023-11-21,143.89999389648438,144.0500030517578,141.5,143.91000366210938,71226000,2.5500030517578125,2.774999346051897
2023-11-22,146.7100067138672,147.74000549316406,144.57000732421875,144.57000732421875,45669100,3.1699981689453125,2.834285191127232
2023-11-24,146.74000549316406,147.1999969482422,145.32000732421875,146.6999969482422,22378400,1.8799896240234375,2.8228552682059154
2023-11-27,147.72999572753906,149.25999450683594,146.8800048828125,147.52999877929688,53762400,2.3799896240234375,2.8235691615513394
2023-11-28,147.02999877929688,147.60000610351562,145.52999877929688,146.97999572753906,42711700,2.07000732421875,2.7664271763392856
2023-11-29,146.32000732421875,148.5399932861328,145.97000122070312,147.85000610351562,40610900,2.5699920654296875,2.814284188406808
2023-11-30,146.08999633789062,146.92999267578125,144.3300018310547,144.75999450683594,65814000,2.5999908447265625,2.799283708844866
2023-12-01,147.02999877929688,147.25,145.5500030517578,146.0,39951800,1.6999969482421875,2.653569902692522
2023-12-04,144.83999633789062,145.35000610351562,142.80999755859375,145.25,48294200,2.540008544921875,2.652142116001674
2023-12-05,146.8800048828125,148.57000732421875,143.1300048828125,143.5500030517578,46822400,5.44000244140625,2.8564278738839284
2023-12-06,144.52000427246094,147.85000610351562,144.27999877929688,147.5800018310547,39679000,3.57000732421875,2.775714329310826
2023-12-07,146.8800048828125,147.9199981689453,145.33999633789062,146.14999389648438,52352800,2.5800018310546875,2.6885713849748885
2023-12-08,147.4199981689453,147.83999633789062,145.39999389648438,145.47999572753906,41906000,2.44000244140625,2.6707142421177457
2023-12-11,145.88999938964844,146.19000244140625,143.63999938964844,145.66000366210938,50907300,2.5500030517578125,2.7171423775809154
2023-12-12,147.47999572753906,147.5,145.3000030517578,145.52000427246094,44944300,2.1999969482421875,2.6921419416155135
2023-12-13,148.83999633789062,149.4600067138672,146.82000732421875,148.1199951171875,52766200,2.6399993896484375,2.654284885951451
2023-12-14,147.4199981689453,150.5399932861328,145.52000427246094,149.92999267578125,58400800,5.019989013671875,2.878570556640625
2023-12-15,149.97000122070312,150.57000732421875,147.8800048828125,148.3800048828125,110089300,2.69000244140625,2.900714329310826
2023-12-18,154.07000732421875,154.85000610351562,150.0500030517578,150.55999755859375,62512800,4.8000030517578125,3.0957140241350447
2023-12-19,153.7899932861328,155.1199951171875,152.69000244140625,154.39999389648438,43171300,2.42999267578125,3.0857140677315846
2023-12-20,152.1199951171875,155.6300048828125,151.55999755859375,152.89999389648438,50322100,4.07000732421875,3.1907152448381697
2023-12-21,153.83999633789062,153.97000122070312,152.10000610351562,153.3000030517578,36305700,1.8699951171875,3.2028579711914062
2023-12-22,153.4199981689453,154.35000610351562,152.7100067138672,153.77000427246094,29514100,1.6399993896484375,3.1385716029575894
2023-12-26,153.41000366210938,153.97999572753906,153.02999877929688,153.55999755859375,25067200,0.9499969482421875,2.817856924874442
2023-12-27,153.33999633789062,154.77999877929688,153.1199951171875,153.55999755859375,31434700,1.660003662109375,2.6814280918666293
2023-12-28,153.3800048828125,154.0800018310547,152.9499969482422,153.72000122070312,27057000,1.1300048828125,2.577856881277902
2023-12-29,151.94000244140625,153.88999938964844,151.02999877929688,153.10000610351562,39823200,2.8600006103515625,2.6078567504882812
