Date,Close,High,Low,Open,Volume,High_Low,ATR
2014-01-02,27.646963119506836,27.761959942649845,27.52625308563333,27.70508150341573,72783144,0.23570685701651684,
2014-01-03,27.44528579711914,27.741594735566185,27.443547981399643,27.69365903878065,66601332,0.2980467541665419,
2014-01-06,27.751277923583984,27.78952690196279,27.481047613532215,27.644230003298677,70701228,0.3084792884305756,
2014-01-07,28.286277770996094,28.30689303514756,27.84665584318205,27.942031255347263,102001896,0.46023719196551127,
2014-01-08,28.34514045715332,28.496400453558117,28.14793246589555,28.463614802484507,89610300,0.34846798766256626,
2014-01-09,28.07217788696289,28.41940402967519,27.95593923052602,28.400030604761504,83296620,0.46346479914916827,
2014-01-10,28.070688247680664,28.29174103404883,27.873726355107376,28.29174103404883,85654260,0.4180146789414536,
2014-01-13,27.891860961914062,28.4862166155718,27.747554117017994,27.978541614163127,96659244,0.7386624985538042,
2014-01-14,28.548063278198242,28.587803979856808,28.01877914827277,28.2636748568786,99204696,0.5690248315840378,
2014-01-15,28.528690338134766,28.68715338349022,28.40872615732504,28.637229989882513,77929992,0.2784272261651779,
2014-01-16,28.71745491027832,28.75992538343145,28.51329185883674,28.540612289794883,67288644,0.24663352459471,
2014-01-17,28.576126098632812,28.826982976674916,28.418906805886518,28.733097402464463,107943948,0.408076170788398,
2014-01-21,28.90323829650879,28.910689323111157,28.595254958096096,28.834437455340996,79116804,0.3154343650150615,
2014-01-22,28.936023712158203,29.007306335230343,28.783025893028913,28.975514531436065,62793144,0.2242804422014295,0.37949690115963947
2014-01-23,28.813825607299805,28.873185834312117,28.67150644836286,28.8113419316344,77886036,0.20167938594925872,0.3770663675119782
2014-01-24,27.9129695892334,28.65113604078191,27.892354327607485,28.58804841828923,155544300,0.7587817131744252,0.4099760074411127
2014-01-27,27.351646423339844,27.979287493327416,26.88073057566881,27.969352791470705,173969856,1.0985569176586054,0.4664101238145434
2014-01-28,27.892602920532227,27.960657894958352,27.567977852951824,27.577416576247753,88319592,0.3926800420065284,0.4615846131031875
2014-01-29,27.492969512939453,27.86130688408122,27.306690082002678,27.795985467403668,95100804,0.5546168020785416,0.4763095284186143
2014-01-30,28.200092315673828,28.624812207069763,27.997916954504653,28.43878073751053,203452344,0.6268952525651095,0.48798313223403866
2014-01-31,29.332178115844727,29.470521864674147,28.5910300664748,29.093241727096075,222429348,0.8794917981993464,0.5209457836096024
2014-02-03,28.151412963867188,29.35080871428735,28.116143633670404,29.2882189518325,182581236,1.2346650806169457,0.5563745394712554
2014-02-04,28.268890380859375,28.687151160061855,28.24032811389547,28.264666996872332,112363524,0.44682304616638646,0.5476458405128517
2014-02-05,28.39406967163086,28.582088818972945,28.017039421235335,28.398541044512946,95684220,0.5650493977376101,0.5681188527680254
2014-02-06,28.810346603393555,28.815313954469303,28.50211338252559,28.591031617045005,77786136,0.31320057194371387,0.5728736418643828
2014-02-07,29.2445011138916,29.25592564189888,28.825246492135246,29.000847261395066,105342552,0.430679149763634,0.574488140362614
2014-02-10,29.13248634338379,29.36769532513186,29.035371227989234,29.104418161165995,77730192,0.33232409714262445,0.5756945498002971
2014-02-11,29.560930252075195,29.602904745468045,29.114603176071995,29.312309040905912,81949968,0.4883015693960502,0.59455320174277
2014-02-12,29.4742488861084,29.5564600605969,29.34236230796896,29.531623305294122,68911020,0.21409775262794284,0.5954402279341046
2014-02-13,29.802349090576172,29.802349090576172,29.29963957413697,29.326712013828022,73382544,0.5027095164392001,0.5771493567387314
2014-02-14,29.87437629699707,29.91386900719858,29.6260030798286,29.695795872451995,87380532,0.28786592736998173,0.5192428574324011
2014-02-18,30.075063705444336,30.124491120280553,29.804833370689256,29.839854710194047,84271644,0.3196577495912969,0.5140269794027417
2014-02-19,29.86295509338379,30.03383652188247,29.742741026893427,29.93647340726218,84059856,0.29109549498904386,0.495204028896349
2014-02-20,29.906917572021484,29.975964513154356,29.81030031639996,29.882824782094467,67963968,0.16566419675439548,0.46225895348129803
2014-02-21,29.89896583557129,30.04997784591155,29.875370918847615,29.998812617316595,74417508,0.17460692706393388,0.41191003411448285
2014-02-24,30.115549087524414,30.305554044736954,29.931503436930438,29.93796061446408,66905028,0.37405060780651667,0.35043757177088075
2014-02-25,30.30158042907715,30.413347716481173,30.06363788651056,30.20073979912974,57490452,0.34970982997061384,0.3435009134711827
2014-02-26,30.305801391601562,30.52213481832575,30.146594391820933,30.400928809182524,79208712,0.37554042650481634,0.329964558383126
2014-02-27,30.281957626342773,30.40664115609507,30.227314876338216,30.261590352921708,50349600,0.17932627975685378,0.3204021089412074
2014-02-28,30.193538665771484,30.405648712286645,29.959321636265223,30.310025315144195,92451456,0.4463270760214222,0.32151981795962087
2014-03-03,29.871644973754883,29.999558043392717,29.609609645957498,29.972485602828996,84107808,0.38994839743521936,0.32563583940909197
2014-03-04,30.17515754699707,30.20222998812004,30.040789190175303,30.177393233520128,58649292,0.16144079794473498,0.3022886414482837
2014-03-05,30.25836181640625,30.378079892522138,30.08822626553199,30.178634321684527,49362588,0.2898536269901477,0.30769977533129833
2014-03-06,30.291893005371094,30.454329539393214,30.266806369678655,30.3582082736281,50673276,0.1875231697145594,0.2851864648509669
2014-03-07,30.17218017578125,30.4751961770005,30.088975148532896,30.470476814660497,60543396,0.386221028467606,0.2922118292150829
2014-03-10,30.092205047607422,30.242967190125714,29.906419670549564,30.194533621362147,48535416,0.3365475195761505,0.2934182413568581
2014-03-11,29.80458641052246,30.160505456626964,29.721381384123198,30.146845240703204,68451480,0.43912407250376617,0.3039917111793383
2014-03-12,29.986146926879883,29.999807142132994,29.412154752945423,29.71541872513682,78493428,0.5876523891875713,0.33413372492456517
2014-03-13,29.533113479614258,30.065627149500376,29.426313537509866,30.002291529687437,93730176,0.6393136119905094,0.3673270595621777
2014-03-14,29.129255294799805,29.57806793847997,29.122550128366182,29.357511124246543,91664244,0.4555178101137862,0.3731461454412684
2014-03-17,29.608617782592773,29.73205947966193,29.26114174799836,29.289457919400032,86397516,0.4709177316635724,0.3818038527050511
2014-03-18,30.084503173828125,30.091210233770532,29.63246285668235,29.672451548249782,72527400,0.4587473770881836,0.3877472063181488
2014-03-19,29.786205291748047,30.10263350047984,29.665993126181853,30.097914138432085,64451484,0.43664037429798697,0.4061267844996583
2014-03-20,29.73429298400879,30.043518122842418,29.689584936748744,29.803587901650907,67320612,0.3539331860936734,0.39952722093339055
2014-03-21,29.383590698242188,30.04401549666234,29.368936635070707,29.961556339229656,128211660,0.6750788615916328,0.41989368265884863
2014-03-24,28.759923934936523,29.42978747497197,28.462373183678775,29.412153758123456,121362516,0.9674142912931956,0.4774632178980244
2014-03-25,28.779544830322266,29.055734435413488,28.488451280935525,28.96035903575684,96311592,0.5672831544779626,0.4972796127185826
2014-03-26,28.11514663696289,29.098706697722736,28.103474119886787,28.86126013765582,103096800,0.9952325778359494,0.5549731418701105
2014-03-27,27.6757755279541,28.11440170140781,27.373255527112757,28.087329260247703,152735112,0.7411461742950536,0.5803249380006424
2014-03-28,27.821571350097656,28.145450593463668,27.76245722158799,27.79300718815183,90265644,0.3829933718756777,0.5836424988791801
2014-03-31,27.681486129760742,28.190402955929855,27.640255603698424,28.0761519945231,77614308,0.5501473522314306,0.5915727331454418
2014-04-01,28.18767547607422,28.252499030652935,27.768170930172644,27.824551502144082,87152760,0.4843281004802904,0.5841924268092075
2014-04-02,28.192888259887695,28.43381045048212,27.91719272098594,28.361781971536853,83360556,0.5166177294961791,0.5754284352024696
2014-04-03,28.3607177734375,29.194418792549527,28.08827634590641,28.454508712152368,80366000,1.1061424466431156,0.6219016235259931
2014-04-04,27.05805778503418,28.768632468033704,27.020342643093077,28.710570874976657,107274000,1.7482898249406276,0.7131424873314971
2014-04-07,26.82878875732422,27.286332125314548,26.327576620533286,27.035229132529874,79232000,0.9587555047812621,0.7488573535952884
2014-04-08,27.666458129882812,27.784069242371828,27.030762191811622,27.048130881566433,69650000,0.7533070505602062,0.7714764018997327
2014-04-09,28.139385223388672,28.177100364159948,27.560757008353338,28.07983569855596,60632000,0.6163433558066096,0.7902199854506566
2014-04-10,27.1295166015625,28.197447836564983,27.070463052448453,28.18702662201545,65890000,1.1269847841165301,0.8224989799167207
2014-04-11,26.686363220214844,27.174176340849925,26.469997626983574,26.695294607142227,63494000,0.7041787138663516,0.8036964386719462
2014-04-14,27.05557632446289,27.44364304781426,26.82332994947197,26.979154083923103,50824000,0.6203130983422902,0.8074842918051124
2014-04-15,27.22926139831543,27.437191591838115,26.333033215431087,27.343398773547026,79956000,1.1041583764070282,0.8152647059887609
2014-04-16,27.983564376831055,27.98852794175641,27.447614840659654,27.67588960804663,91644000,0.5409131010967556,0.8009623436174539
2014-04-17,26.963272094726562,27.64115077796785,26.767748915297492,27.607405353206246,112294000,0.8734018626703595,0.8359915215313597
2014-04-21,26.76626205444336,26.99602664569986,26.49977616980865,26.99602664569986,48502000,0.49625047589120896,0.8321417446499153
2014-04-22,27.07046127319336,27.194523883879896,26.599022973975476,26.599022973975476,46622000,0.5955009099044197,0.8400826596087817
2014-04-23,26.67395782470703,27.035724450351385,26.208475036125403,26.97964866407468,39114000,0.8272494142259816,0.8622706370894819
2014-04-24,26.521610260009766,26.921588017979126,26.350899219826882,26.881391093815324,41348000,0.5706887981522435,0.8240239479115624
2014-04-25,25.9588623046875,26.492827906904377,25.9290865955217,26.41342790884086,47400000,0.5637413113826781,0.7394133398002803
2014-04-28,25.952909469604492,26.09781452838994,25.358400431816627,26.092852856204892,75056000,0.7394140965733129,0.7237460963568554
2014-04-29,26.615402221679688,26.686366814056885,25.953900228159167,25.998066870055087,50704000,0.7324665858977184,0.7222574917381063
2014-04-30,26.543445587158203,26.6158981129729,26.256117266392103,26.555356628686855,40770000,0.35978084658079723,0.7039315982219768
2014-05-01,26.72457504272461,26.79305784518903,26.44320037921561,26.512179159517427,40086000,0.34985746597341816,0.6484225040688975
2014-05-02,26.493322372436523,26.91662430967263,26.463546664970426,26.86898393494494,35616000,0.4530776447022049,0.6304867134143155
2014-05-05,26.56577491760254,26.585127518387075,26.181180074543985,26.313182114327375,24568000,0.4039474438430908,0.6150320238072299
2014-05-06,25.93256187438965,26.527070885986177,25.917178987552774,26.47049722451436,36700000,0.6098918984334034,0.5797272753805424
2014-05-07,25.705772399902344,26.024862205017346,25.36286430013706,25.96630463798371,61486000,0.6619979048802875,0.5883761899365089
2014-05-08,25.813457489013672,26.169766444857295,25.53009892060172,25.592626201504466,49040000,0.6396675242555752,0.5716808800497386
2014-05-09,26.133541107177734,26.169768314568785,25.521169357013438,25.738030944362375,45224000,0.6485989575553468,0.5825629144543198
2014-05-12,26.719614028930664,26.735494786469264,26.177708970669034,26.39258476357537,38968000,0.55778581580023,0.5798689791611634
2014-05-13,26.873947143554688,26.995527976500107,26.693312763178632,26.77668247719835,40240000,0.3022152133214746,0.542366536239413
2014-05-14,26.520122528076172,26.88784279671846,26.455609436383796,26.88784279671846,25618000,0.43223336033466353,0.5324768621095858
2014-05-15,26.257604598999023,26.499776209735813,26.068532909945432,26.45709750262894,36658000,0.43124329979038123,0.5230127184244218
2014-05-16,26.2169132232666,26.342959752178004,25.982185070071097,26.28142442133585,38154000,0.3607746821069071,0.49596704596253566
2014-05-19,26.739463806152344,26.76526979984977,26.085903163394118,26.2456951182063,39530000,0.6793666364556508,0.4921741924309594
2014-05-20,26.816879272460938,27.11264298606333,26.627311612326466,26.797524777636596,48506000,0.48533137373686586,0.5011420872278214
2014-05-21,27.27889060974121,27.28137049925023,26.90223514727535,26.94144011806295,31294000,0.379135351974881,0.5032333647993544
2014-05-22,27.56422996520996,27.688790446928454,27.34339866937888,27.402950085569103,42994000,0.3453917775495725,0.495541517145595
2014-05-23,27.978601455688477,28.038150980816294,27.500711641946154,27.6972267786087,53450000,0.53743933887014,0.5050766525046699
2014-05-27,28.527950286865234,28.527950286865234,27.995970484136034,28.17610888832404,43716000,0.5319798027292002,0.4995115028115126
2014-05-28,28.308609008789062,28.66640595429711,28.2837968622711,28.513065487962482,31632000,0.3826090920260121,0.4795551590362072
2014-05-29,28.31406593322754,28.45897097570194,28.209357813804658,28.454505281933525,28222000,0.24961316189728322,0.45169413315347207
2014-05-30,28.3681583404541,28.414308891713844,28.07735440129056,28.36766236258667,37434000,0.3369544904232846,0.4294338140726105
2014-06-02,28.005399703979492,28.30662487736569,27.626264353270972,28.273871405501787,33210000,0.6803605240947164,0.4381891503793595
2014-06-03,27.5175838470459,27.909126179567178,27.41932533400383,27.834687854746058,40626000,0.489800845563348,0.4515881241109219
2014-06-04,27.48036766052246,27.71956152433893,27.222317171055238,27.369208032150564,34582000,0.49724435328369054,0.4562317664644238
2014-06-05,28.034679412841797,28.038153151185192,27.544384435478097,27.64661078113566,35868000,0.4937687157070947,0.4606978676013319
2014-06-06,28.089265823364258,28.226727416318802,27.769184041317637,28.194967794964818,34804000,0.4575433750011655,0.46760991709377897
2014-06-09,28.3225040435791,28.385527308173216,28.049068792332463,28.12499505378689,30594000,0.3364585158407536,0.4431164799070006
2014-06-10,28.201915740966797,28.385527888865056,28.09422796303086,28.225734037594965,29676000,0.2912999258341955,0.4292570907710956
2014-06-11,28.162214279174805,28.235162780509512,27.97264661406111,28.083806235142568,22580000,0.26251616644840325,0.4209271489477757
2014-06-12,27.765213012695312,28.13740084961336,27.64859385424042,28.13740084961336,30930000,0.4888069953729399,0.43117109307801627
2014-06-13,27.807395935058594,27.82228284387894,27.478382756029433,27.79399695990213,27066000,0.34390008784950865,0.41734686086225686
2014-06-16,27.407915115356445,27.69028177335537,27.293777726574405,27.65355858484289,39436000,0.39650404678096507,0.40767002115166867
2014-06-17,27.324542999267578,27.479373279282036,27.168224785666805,27.410890473405903,29552000,0.31114849361523156,0.40256569269375575
2014-06-18,27.82278060913086,27.85950190315429,27.372184699629145,27.432726183501874,41212000,0.4873172035251443,0.41954455281003156
2014-06-19,28.037654876708984,28.03815085456807,27.62477413251862,27.847095261330843,52548000,0.4133767220494491,0.42500328364047185
2014-06-20,28.11358070373535,28.125985829157464,27.758761556284817,28.11010696572992,63212000,0.36722427287264736,0.4026364085531812
2014-06-23,28.499168395996094,28.506611850088408,27.963712962672616,28.005895690937894,34456000,0.5428988874157916,0.4064291258283558
2014-06-24,28.412324905395508,28.894182546695795,28.244591627426882,28.495694619991053,56886000,0.6495909192689133,0.41731102339872883
2014-06-25,29.076801300048828,29.144788125263318,28.44805284041084,28.462443770000426,42294000,0.6967352848524797,0.43180863548054205
2014-06-26,29.019237518310547,29.25892543543845,28.762674996331103,29.24403852803969,40248000,0.4962504391073459,0.4345734257738406
2014-06-27,29.06489372253418,29.173571560133613,28.912545222920404,29.05298268150968,40426000,0.26102633721320956,0.42918541301473034
2014-06-30,29.0142765045166,29.16513707530981,28.945793695589543,29.11799267367559,29578000,0.21934337972026796,0.4240456597208784
2014-07-01,29.352720260620117,29.46040804378851,29.094671663868425,29.16216062701817,32864000,0.36573637992008656,0.4314185321117129
2014-07-02,29.31748390197754,29.48472119860557,29.234610166969876,29.390930271634154,23916000,0.2501110316356936,0.4143688204161953
2014-07-03,29.431623458862305,29.48968505406204,29.22915468207014,29.363140648782892,17978000,0.26053037199190143,0.4084138407120805
2014-07-07,29.31649398803711,29.559159689600428,29.176550608094615,29.452963629701692,26734000,0.3826090815058123,0.40742134319242673
2014-07-08,28.703126907348633,29.178038964759853,28.484777384731593,29.09863896625863,42504000,0.6932615800282598,0.4347151350790716
2014-07-09,28.94926643371582,28.985989619377044,28.633652243139174,28.730420932485558,27456000,0.35233737623786965,0.42507371884426626
2014-07-10,28.78451156616211,29.043058002140466,28.39048745651083,28.435150072207744,28724000,0.6525705456296365,0.4421589919571368
2014-07-11,29.112533569335938,29.190941611165563,28.81130842068403,28.832150849051303,30232000,0.37963319048153465,0.44304534321491446
2014-07-14,29.490182876586914,29.51995858941079,29.114521246482724,29.308556518193235,39032000,0.4054373429280673,0.4332266614657913
2014-07-15,29.43062973022461,29.541789348911752,29.046034865583657,29.534345894881135,33476000,0.4957544833280956,0.42223834461287574
2014-07-16,29.309545516967773,29.62615356045035,29.291184870420505,29.620694017750864,28816000,0.3349686900298465,0.3963978735541162
2014-07-17,28.82322120666504,29.25396664538121,28.62621008096624,29.227664672877257,58706000,0.6277565644149732,0.40579116821894673
2014-07-18,30.028614044189453,30.107516175553187,29.324433345267302,29.924400003073696,97432000,0.7830828302858848,0.4430809177241378
2014-07-21,29.697614669799805,29.981469248352887,29.499609698021043,29.84202184848923,44758000,0.48185955033184413,0.46183207276782184
2014-07-22,29.95218849182129,30.216194480818277,29.738304662931235,29.76014094033553,37632000,0.47788981788704277,0.46984303262260446
2014-07-23,30.03258514404297,30.124888147891728,29.842023615311216,29.876762892647267,22120000,0.28286453258051125,0.4721825684043771
2014-07-24,29.924402236938477,30.217190122215797,29.82465577546919,30.049458717003812,27100000,0.3925343467466078,0.481611423743999
2014-07-25,29.679746627807617,29.824651670199447,29.564121316436015,29.73780821894497,27200000,0.26053035376343203,0.47289151461954326
2014-07-28,29.726396560668945,29.829616751707384,29.40730672863931,29.66337329470314,27162000,0.42231002306807497,0.45353783197953007
2014-07-29,29.474796295166016,29.700093292192715,29.386463016656442,29.66089021764266,27332000,0.31363027553627276,0.4507730390722732
2014-07-30,29.548736572265625,29.698109201643742,29.412764810291357,29.567099111299004,24302000,0.28534439135238543,0.42454259948104095
2014-07-31,28.76019859313965,29.377533956762004,28.667399613479198,29.22716935884622,46190000,0.7101343432828067,0.4481498246811318
2014-08-01,28.464929580688477,28.952742787472125,28.301166003587422,28.710573053294596,44266000,0.6515767838847033,0.4657312133208915
2014-08-04,28.895177841186523,28.972096061280347,28.39843137382238,28.609337453239416,30388000,0.573664687457967,0.4712962279015966
2014-08-05,28.44209861755371,28.7924520803726,28.301659267098515,28.751759178956114,32876000,0.49079281327408353,0.4824265224190421
2014-08-06,28.509092330932617,28.71503482591747,28.159730838047725,28.26146308745241,26456000,0.5553039878697454,0.47725133838009726
2014-08-07,28.3760986328125,28.69866220267958,28.257991533243228,28.58650873074527,23260000,0.4406706694363507,0.45279332689084484
2014-08-08,28.6802978515625,28.760691696533748,28.23764329855042,28.386518054839247,29866000,0.5230483979833274,0.45573538743737935
2014-08-11,28.64605712890625,28.767143877086617,28.54928844037076,28.732902474092956,24068000,0.21785543671585827,0.43716150306800905
2014-08-12,28.3914794921875,28.579061330308566,28.281807817854006,28.534398717463773,27890000,0.2972535124545601,0.4381892873447268
2014-08-13,29.008819580078125,29.086729756843795,28.544328707727498,28.606360019620237,37988000,0.5424010491162967,0.4488940517997046
2014-08-14,29.013282775878906,29.169600986891805,28.828180811932906,29.11451715638556,25458000,0.3414201749588983,0.45467189617080933
2014-08-15,28.96663475036621,29.252475120866613,28.82024177356872,29.154714477048064,34468000,0.43223334729789187,0.4553807050443677
2014-08-18,29.412765502929688,29.52938466594524,29.107570631781638,29.134864558999972,29320000,0.42181403416360297,0.46310811637489124
2014-08-19,29.631610870361328,29.666348251563456,29.499112843925406,29.556180587452342,20864000,0.16723540763804934,0.45467176039529583
2014-08-20,29.5472469329834,29.625654970129574,29.42765001942238,29.623669165765243,19346000,0.19800495070719393,0.41809108949703777
2014-08-21,29.39887046813965,29.53930981984459,29.333365421607965,29.521941129212905,22640000,0.2059443982366247,0.3862602048078893
2014-08-22,29.404827117919922,29.526407957010917,29.268853454856817,29.44105243418065,17544000,0.25755450215410036,0.3636809058576131
2014-08-25,29.30706214904785,29.555683349499844,29.242053083271117,29.51548832041981,25912000,0.3136302662287278,0.3510264382115163
2014-08-26,29.185482025146484,29.380509227188558,29.152232578162153,29.378027444849884,29434000,0.2282766490264052,0.32766734257984914
2014-08-27,28.93140411376953,29.247516200918806,28.82719196186717,29.170100107330306,27292000,0.4203242390516344,0.32621402612379796
2014-08-28,28.79840850830078,29.016262059448714,28.67732175596437,28.783519706676024,28116000,0.33894030348434256,0.31306344794529906
2014-08-29,28.899642944335938,28.926440894261717,28.69518836777237,28.89914696645514,24122000,0.2312525264893459,0.3140203829291196
2014-09-02,29.210790634155273,29.244040081693825,28.901627942014624,28.928919976013898,31660000,0.34241213967920103,0.31724599915945106
2014-09-03,29.25495719909668,29.501594497601047,29.105090482713532,29.364628884861474,31580000,0.3965040148875154,0.30682478242882383
2014-09-04,29.434600830078125,29.675778595844854,29.308554297403504,29.384480560958018,32616000,0.36722429844135007,0.30866793410614185
2014-09-05,29.66486167907715,29.70059101765434,29.45494755558404,29.533355602343004,35982000,0.24564346207029786,0.29534008516131366
2014-09-08,29.855915069580078,29.949707889216562,29.67676862600282,29.732350327398425,31984000,0.2729392632137433,0.2847061729506094
2014-09-09,29.37653923034668,29.80480477654949,29.30259877139483,29.788428041087943,31424000,0.5022060051546582,0.30863264420179576
2014-09-10,29.448495864868164,29.46338466671605,29.136851377517868,29.36512614670149,23202000,0.32653328919818136,0.31781323980829485
2014-09-11,29.333860397338867,29.375545253430822,29.08226143418656,29.278776567068032,30028000,0.2932838192442624,0.324051769880269
2014-09-12,29.025691986083984,29.352223384855602,28.94529813459675,29.298133399018155,37030000,0.4069252502588512,0.3347211090306083
2014-09-15,28.86391258239746,28.97705611265589,28.63414799770236,28.893686398551665,30908000,0.3429081149535307,0.33681238393952284
2014-09-16,29.21823501586914,29.286221846705534,28.829672312638753,28.829672312638753,31592000,0.4565495340667809,0.35311759001383536
2014-09-17,29.44204330444336,29.58000087397111,29.13585837098711,29.254461445333295,34390000,0.4441425029840005,0.354818894580433
2014-09-18,29.639551162719727,29.653942092567032,29.428643207425335,29.529383502446933,29890000,0.22529888514169727,0.34670165041310114
2014-09-19,30.043004989624023,30.043004989624023,29.663869647184573,29.749721148173055,83832000,0.3791353424394508,0.3572647086952515
2014-09-22,29.639551162719727,29.9636026453903,29.43360677202145,29.899089556957477,35644000,0.5299958733688506,0.37066354681594077
2014-09-23,29.33733367919922,29.60878311047336,29.29068525922434,29.526901333117898,28074000,0.31809785124902135,0.3650631065560483
2014-09-24,29.69662094116211,29.780488529790862,29.29366541257252,29.35669057177657,35160000,0.4868231172183428,0.3736058793258335
2014-09-25,29.043060302734375,29.679252271580854,29.01775028623927,29.62565826432633,33420000,0.6615019853415838,0.4033100595594968
2014-09-26,29.174564361572266,29.25743809571901,29.030651276979462,29.07680182667939,25782000,0.22678681873954787,0.40001345638276853
2014-09-29,29.170095443725586,29.244533764923755,28.860436798014977,28.873337900679275,22874000,0.38409696690877837,0.3915770965080628
2014-09-30,29.199871063232422,29.328399362977876,29.00583772252531,29.15421649360342,31430000,0.32256164045256597,0.39129340731194745
2014-10-01,28.76416778564453,29.21525967813286,28.684269911993788,29.119978917658297,28954000,0.5309897661390721,0.4082724035187196
2014-10-02,28.826196670532227,28.943311806655355,28.487256387546985,28.6832755418505,30726000,0.45605541910837033,0.41178170129368524
2014-10-03,29.092683792114258,29.193918176168733,28.956214155700717,28.98598986538512,24290000,0.23770402046801564,0.40426712311614843
2014-10-06,29.168609619140625,29.397878226292857,29.05050252399462,29.27629550000904,25722000,0.3473757022982369,0.39646899227553817
2014-10-07,28.489742279052734,29.07283626147586,28.489742279052734,29.025693749344196,30914000,0.5830939824231258,0.4063940979497614
2014-10-08,28.96812629699707,29.01527069919325,28.169162707384867,28.52398188249074,44158000,0.8461079918083811,0.45073760556881026
2014-10-09,28.326475143432617,28.908079269760442,28.238141858674815,28.862424693692038,48234000,0.6699374110856269,0.47150918190068
2014-10-10,27.55133056640625,28.54581542593111,27.54239728551155,28.16072646652394,59574000,1.0034181404195586,0.5053250581185876
2014-10-13,27.03324317932129,27.83369655322949,27.01736431549761,27.54835215876894,55116000,0.8163322377318813,0.5409132285816491
2014-10-14,27.228769302368164,27.72204205777121,27.02084097224716,27.300725854346798,52198000,0.7012010855240476,0.5562259406034852
2014-10-15,26.83375358581543,26.99205571974081,26.222867841250885,26.900746568816345,76720000,0.7691878784899266,0.563917790114081
2014-10-16,26.64468002319336,26.84665280685335,26.050667033781625,26.152399285439557,76100000,0.7959857730717239,0.604574858280665
2014-10-17,25.952409744262695,26.968730813709268,25.726118907172395,26.81985416701843,119930000,1.2426119065368724,0.6658973539683861
2014-10-20,26.419382095336914,26.458091085985213,25.762347712696553,25.82735488889288,54964000,0.6957433732886606,0.6925531920281072
2014-10-21,26.699766159057617,26.736487453959764,26.3112015508341,26.662051015314166,49190000,0.4252859031256655,0.6850029160985781
2014-10-22,26.93101692199707,27.33149065256402,26.80893821749789,26.849631118997618,59474000,0.5225524350661317,0.6897527029527039
2014-10-23,27.47490882873535,27.661002759890835,27.070463473475073,27.208421047194218,43026000,0.5905392864157619,0.7149552219489715
2014-10-24,27.23918914794922,27.541902250344773,27.05359119171773,27.540910294559854,43508000,0.48831105862704405,0.7250220331153149
2014-10-27,27.287818908691406,27.49227536381268,27.15482491033866,27.18261481405686,31934000,0.3374504534740197,0.7074760667618073
2014-10-28,27.7374267578125,27.750327862763935,27.31511670673535,27.378637847842523,34774000,0.4352111560285863,0.6781262927775362
2014-10-29,27.71310806274414,28.036663580736104,27.590533379036284,27.83220711526609,41066000,0.44613020169981965,0.6621400635356929
2014-10-30,27.80342674255371,27.914090391105365,27.399479247836236,27.70318430898165,32250000,0.5146111432691285,0.6272252780249479
2014-10-31,28.180574417114258,28.223253123041566,28.028721896614584,28.201914716600555,46810000,0.19453122642698162,0.5828109200745979
2014-11-03,27.97711181640625,28.144845093873375,27.870913868969556,27.965202668519044,30834000,0.27393122490381927,0.5522916443160101
2014-11-04,27.997953414916992,28.027729123320146,27.705663445506104,27.847590725441872,27726000,0.3220656778140416,0.5203543442677326
2014-11-05,27.58904457092285,28.132437530290044,27.499719337840116,28.12697988083941,32906000,0.6327181924499286,0.5086923742233187
2014-11-06,27.377641677856445,27.631226456779,27.322557845127125,27.5667133653094,33014000,0.30866861165187487,0.44198213887439025
2014-11-07,27.384092330932617,27.571676078972935,27.26151954327418,27.571676078972935,31782000,0.3101565356987557,0.4144402219036828
2014-11-10,27.702190399169922,27.821289449665706,27.374167299831008,27.41287628963515,26090000,0.4471221498346978,0.4159999538114708
2014-11-11,27.85404396057129,27.914089465926768,27.603436938424494,27.716582365758004,21966000,0.310652527502274,0.4008642461283381
2014-11-12,27.703182220458984,27.852056979378904,27.56671258717265,27.847095307734524,21882000,0.2853443922062553,0.3790646108276591
2014-11-13,27.613361358642578,27.830718925890668,27.496742196546137,27.83022294802447,30220000,0.33397672934453126,0.3680407301646224
2014-11-14,27.55133056640625,27.690776071230438,27.418334667008686,27.690776071230438,28502000,0.2724414042217518,0.3633972266466033
2014-11-17,27.127037048339844,27.551330982867764,27.017861336632535,27.551330982867764,33612000,0.5334696462352291,0.3704156902327921
2014-11-18,27.021331787109375,27.432226696620816,26.986098431251058,27.191048961661583,36440000,0.446128265369758,0.37041555192350195
2014-11-19,27.154827117919922,27.205443364924278,26.75732923799319,27.03324438622339,30346000,0.4481141269310882,0.3656657650422134
2014-11-20,26.984113693237305,27.06450564371883,26.871962123446,26.90123996049941,35016000,0.19254352027283161,0.36552378603120267
2014-11-21,27.089818954467773,27.345387659662094,27.045652311546906,27.345387659662094,50120000,0.2997353481151883,0.36736693768915757
2014-11-24,27.16872215270996,27.35283028036462,27.003470650005877,27.123563555360708,33076000,0.3493596303587445,0.3693165057280649
2014-11-25,27.255565643310547,27.41783938584784,27.14043630277683,27.15532321160096,38072000,0.277403083071011,0.34393685505814225
2014-11-26,27.18112564086914,27.287819564650622,27.05706302684627,27.255563966500965,29604000,0.23075653780435346,0.3383717069261764
2014-11-28,27.248119354248047,27.2739234530618,27.019844608480625,27.14489917290266,24202000,0.25407884458117636,0.33436615756063504
2014-12-01,26.7801570892334,27.23373075251692,26.729042972028395,27.05011671288202,39888000,0.5046877804885241,0.3384779883216226
2014-12-02,26.727554321289062,26.88933207859524,26.532527116536443,26.77023113427202,41480000,0.35680496205879564,0.3417745907899456
2014-12-03,26.64716148376465,26.867496819328178,26.559822049981445,26.673463455999162,32476000,0.30767476934673255,0.3433696177285511
2014-12-04,26.92555809020996,26.93101763296319,26.543940973677113,26.68041061205447,32598000,0.3870766592860768,0.347162469867233
2014-12-05,26.205995559692383,26.708201577190437,26.165304548549404,26.63376324547775,61402000,0.5428970286410326,0.36648072875432447
2014-12-08,26.337501525878906,26.490841978710346,26.152399559534146,26.262567221974315,64566000,0.3384424191762001,0.35255021253582236
2014-12-09,26.604482650756836,26.631280598842636,25.974244358119872,26.096819035892942,43322000,0.6570362407227641,0.36761506791817994
2014-12-10,26.204011917114258,26.765767469922277,26.17671798807576,26.59406446314953,46222000,0.5890494818465157,0.37768187898356764
2014-12-11,26.40598487854004,26.65063639250037,26.259591888316027,26.301772726884426,41426000,0.3910445041843431,0.39186052069153277
2014-12-12,25.879961013793945,26.412436845532667,25.877479231173748,26.174236826221478,47314000,0.5349576143589196,0.40866211113751355
2014-12-15,25.598583221435547,26.071509464616042,25.57674883753637,25.991613489892206,52352000,0.49476062707967117,0.41904789661757974
2014-12-16,24.721214294433594,25.5856810058417,24.67307793837915,25.48742438225157,86998000,0.9126030674625483,0.4644193240741181
2014-12-17,25.132604598999023,25.262622733522704,24.76835618840761,24.8055753512577,72788000,0.4942665451150958,0.48324146745345686
2014-12-18,25.538043975830078,25.61893191334169,25.138064303268315,25.606028915797186,77534000,0.48086761007337486,0.4994406649886139
2014-12-19,25.8070125579834,25.845223681010822,25.25220446764364,25.655655999621516,97442000,0.5930192133671817,0.5057500530513751
2014-12-22,26.4154109954834,26.448660441694745,25.834301011826863,25.835294860566385,66390000,0.6143594298678821,0.5241468007520241
2014-12-23,26.736486434936523,26.91166317155097,26.48588130675543,26.52508438269855,57544000,0.4257818647955389,0.5325830218555103
2014-12-24,26.645177841186523,26.811917278195367,26.55436277520531,26.738968774504,14754000,0.25755450299005744,0.5233314392629376
2014-12-26,26.872955322265625,26.95880681907359,26.573715974623337,26.645176541159994,22270000,0.38509084445025366,0.5120595689635962
2014-12-29,26.66403579711914,26.99255490864077,26.656592342316195,26.82233983181941,44300000,0.3359625663245751,0.5118824366170516
2014-12-30,26.563295364379883,26.690335743430015,26.480421625923686,26.547414607106617,20972000,0.2099141175063295,0.47994514210159195
2014-12-31,26.334028244018555,26.718125242586957,26.311200010731373,26.685371772785576,24648000,0.4069252318555847,0.46693626710223973
2015-01-02,26.27894401550293,26.58910055297391,26.196068386511584,26.430298664187116,26480000,0.3930321664623264,0.4670782429792385
2015-01-05,25.778226852416992,26.201528827300333,25.693369202116152,26.159843968967568,41182000,0.5081596251841809,0.4651641008953286
2015-01-06,25.14203643798828,25.865071897808562,25.087944557186944,25.829838535819537,54456000,0.7771273406216181,0.48533315186261056
2015-01-07,25.06808853149414,25.38271072322641,24.993652107682298,25.355914670759365,46918000,0.38905861554411203,0.44793711958272225
2015-01-08,25.155433654785156,25.184711493728862,24.56539035849883,24.887457945151546,73054000,0.619321135230031,0.4568695903052176
2015-01-09,24.848251342773438,25.239297689143015,24.745529031241983,25.218455261522696,42000000,0.4937686579010325,0.45779109372147886
2015-01-12,24.666629791259766,24.82642176729379,24.36143487852159,24.774811666089956,57138000,0.4649868887722022,0.4486459276789803
2015-01-13,24.90184783935547,25.239298298247874,24.6765508458732,24.94005895758154,60958000,0.5627474523746727,0.4449593578580368
2015-01-14,25.10679817199707,25.222425374457995,24.7212132549497,24.83336482637398,52800000,0.5012121195082955,0.45034723319466224
2015-01-15,25.011520385742188,25.296366913259128,24.912269913281328,25.25369009983225,51068000,0.38409699997779967,0.459385982979501
2015-01-16,25.331602096557617,25.350954698690078,24.965863850974774,24.968841611236375,49658000,0.3850908477153041,0.4593859832127189
2015-01-20,25.305797576904297,25.58717227494788,25.277511692339537,25.446236936976952,46796000,0.3096605826083412,0.45750727009013076
2015-01-21,25.82438087463379,25.896833403261784,25.288429418122846,25.35046073153131,46356000,0.6084039851389385,0.4859708320638885
2015-01-22,26.663537979125977,26.739960219628923,25.899809658931048,25.95389964352086,56068000,0.8401505606978752,0.5169154984097665
2015-01-23,26.8942928314209,27.065995819308014,26.58661808424548,26.69976350422547,45966000,0.4793777350625348,0.523083039024067
2015-01-26,26.634756088256836,26.871964134717718,26.403999540318267,26.871964134717718,30932000,0.4679645943994508,0.5202119653965863
2015-01-27,25.864076614379883,26.439231075430026,25.847699880264702,26.370748271898552,39148000,0.5915311951653237,0.5069550978639938
2015-01-28,25.42936134338379,26.087389533644764,25.42539162760177,26.0531481320877,35822000,0.6619979060429948,0.5264507614710568
2015-01-29,25.46906280517578,25.566327469471204,24.98521747991436,25.4526860708274,79018000,0.5811099895568432,0.523721393922972
2015-01-30,26.67594337463379,26.951362524844825,25.714706120113835,25.755399020333343,121108000,1.23665640473099,0.5767848044108261
2015-02-02,26.410449981689453,26.623837830082405,25.890379335094725,26.515654079262152,75378000,0.7334584949876799,0.5959613477119318
2015-02-03,26.465038299560547,26.67098080454053,26.142970716833847,26.29829697662218,47062000,0.5280100877066829,0.5934801073785039
2015-02-04,26.107736587524414,26.636242637507667,26.05463666846763,26.4570961940132,33896000,0.5816059690400373,0.5992225252021998
2015-02-05,26.29283905029297,26.33551586305348,26.08490884993802,26.198550251057004,33176000,0.2506070131154594,0.5896875261406039
2015-02-06,26.49382209777832,26.80844435635436,26.23428367532672,26.351398824329213,42938000,0.5741606810276423,0.6031925142343424
2015-02-09,26.265546798706055,26.493821571229567,26.17969529680108,26.353878190084156,30314000,0.3141262744284887,0.6035114922214958
2015-02-10,26.805463790893555,26.847148647053242,26.260085029759082,26.40796783077355,47430000,0.5870636172941595,0.601987180232583
2015-02-11,26.69827651977539,26.89429569442898,26.599026041172312,26.784128022858194,38306000,0.29526965325666765,0.5630671154153539
2015-02-12,27.09577178955078,27.211397099891595,26.648649647734146,26.78065169246417,48590000,0.5627474521574491,0.5690220952078479
2015-02-13,27.351343154907227,27.419825966308597,27.125052290541436,27.170210889225086,47382000,0.2947736757671606,0.5566513153055413
2015-02-17,27.0461483001709,27.442652344719843,26.95930484104793,27.35134319142639,39174000,0.4833475036719115,0.5489239087702976
2015-02-18,26.929031372070312,27.172194934591545,26.775194938373996,26.98709296463159,31164000,0.39699999621754856,0.5299954866399086
2015-02-19,27.117605209350586,27.13795165888912,26.834742613244643,26.920098127130288,30834000,0.3032090456444756,0.5101454192175966
2015-02-20,26.886850357055664,27.173682686766238,26.703238214977,27.173682686766238,38234000,0.4704444717892393,0.455415995436043
2015-02-23,26.549400329589844,26.76278818461709,26.400525566163825,26.747901276188085,32906000,0.3622626184532649,0.4289020042550134
2015-02-24,26.730531692504883,26.76774896233429,26.350898502837588,26.378192429409328,28406000,0.41685045949670396,0.42096203081144346
2015-02-25,27.16127586364746,27.27243547629072,26.69876895967286,26.72010925792435,40836000,0.573666516617859,0.42039492706700216
2015-02-26,27.75479507446289,27.79647993538524,27.050118369011518,27.082375863567233,54032000,0.7463615663737215,0.4558059665854494
2015-02-27,27.920541763305664,28.257496272497153,27.64264080539751,27.69822061837006,68328000,0.6148554670996447,0.4587127370191639
2015-03-02,28.5353946685791,28.58353102590686,27.946345210190998,28.13740270585175,50406000,0.6371858157158634,0.4817884185396907
2015-03-03,28.72248077392578,28.824707110269166,28.311087967098647,28.601394027793887,50526000,0.5136191431705193,0.47654238467371635
2015-03-04,28.69965362548828,28.863415296793082,28.411331465319172,28.63216277381895,37964000,0.4520838314739102,0.4877433974035194
2015-03-05,28.853492736816406,28.94132814890123,28.694692732976936,28.763671520139305,35918000,0.2466354159242954,0.4651639662440084
2015-03-06,28.430191040039062,28.920486009485398,28.388506180591467,28.8817789104334,37592000,0.531979828893931,0.4821072628959206
2015-03-09,28.489742279052734,28.556735266316416,28.239135236386144,28.33193421993055,23478000,0.31760002993027214,0.47026815762866064
2015-03-10,27.782581329345703,28.274366078259387,27.78109150276836,28.21084494636263,40080000,0.4932745754910286,0.4771449132910521
2015-03-11,27.576143264770508,27.99745944103969,27.562248311796857,27.78010186536099,40524000,0.435211129242834,0.48657363354807764
2015-03-12,27.84808921813965,27.881336774494798,27.568204348837554,27.714597335688122,35602000,0.3131324256572441,0.4753370588243637
2015-03-13,27.442651748657227,28.006393093425856,27.31015371576543,27.751816349465276,35428000,0.6962393776604259,0.4991925416248752
2015-03-16,27.871414184570312,27.976122314552086,27.359282919594186,27.63767986274413,36856000,0.6168393949578999,0.5134774655863892
2015-03-17,27.671422958374023,27.821785652820942,27.512622961063546,27.7051664906924,28892000,0.30916269175739686,0.49458433523921336
2015-03-18,28.095718383789062,28.113087075267696,27.467463944064626,27.67737806853234,35324000,0.6456231312030702,0.487388732727024
2015-03-19,27.972150802612305,28.13541649704707,27.89523258478781,28.014331638642165,24660000,0.24018391225926194,0.4606264788098538
2015-03-20,28.035667419433594,28.14236133725009,28.01234510315994,28.123008736660356,44320000,0.1300162340901494,0.4244000801223028
2015-03-23,28.05651092529297,28.26841083558369,27.94187757170114,28.087774567181647,30234000,0.3265332638825491,0.41103680303030493
2015-03-24,28.660449981689453,28.875821743222122,28.191491553551952,28.213823808722918,79156000,0.6843301896701703,0.42762582861575205
2015-03-25,28.137401580810547,28.786000541047912,28.137401580810547,28.661937925517922,53070000,0.648598960237365,0.4563375103523999
2015-03-26,27.97066307067871,28.146833668317576,27.70616297135463,28.02078523561912,49842000,0.4406706969629468,0.4498154295001867
2015-03-27,27.66844367980957,27.99199917716184,27.637676016377597,27.88083767070832,34552000,0.35432316078424364,0.4524385102754704
2015-03-30,27.846599578857422,27.897217720141064,27.630731824384306,27.802434829384836,24788000,0.26648589575675885,0.4362393188658797
2015-03-31,27.527015686035156,27.911608685545964,27.52552585929373,27.68779960529353,34932000,0.38608282625223467,0.4327301543665512
2015-04-01,27.26846694946289,27.71558720175403,27.096763958564374,27.533464889761103,38902000,0.6188232431896559,0.45456521276172346
2015-04-02,26.862533569335938,27.194524486830748,26.819358886342425,27.165246649010005,47760000,0.37516560048832304,0.4316313715351447
2015-04-06,26.993545532226562,27.07244955672539,26.58413850086125,26.739960745254912,33718000,0.48831105586414125,0.4224507758855905
2015-04-07,27.038700103759766,27.301712217563566,26.975676846340836,27.04515160145542,27318000,0.32603537122272996,0.42365596727597143
2015-04-08,27.236209869384766,27.368213810191627,27.09527454092067,27.09527454092067,28386000,0.2729392692709567,0.3970356914236776
2015-04-09,27.19551658630371,27.262511458019304,26.894293331648246,27.254572026203107,32366000,0.3682181263710582,0.40618099243166306
2015-04-10,27.221323013305664,27.28633208158112,27.04465834778427,27.272437129158597,26104000,0.24167373379684776,0.41415652812499865
2015-04-13,27.22628402709961,27.456048607430134,27.110162738822524,27.14738190135355,29326000,0.34588586860760984,0.41553885703393156
2015-04-14,26.786609649658203,27.123564161220745,26.586124782012064,27.123564161220745,47206000,0.5374393792086813,0.40504665628668235
2015-04-15,26.849136352539062,26.955830282800797,26.418886893232866,26.69629186913152,46962000,0.5369433895679308,0.39707125838172275
2015-04-16,26.97220802307129,27.057065678117738,26.70324034038023,26.71564546717092,31722000,0.3538253377375078,0.39086801843704855
2015-04-17,26.43724822998047,26.787601718463403,26.251652163734775,26.66403507156954,49234000,0.5359495547286279,0.40384133229021885
2015-04-20,27.022327423095703,27.085352583011485,26.467519361562132,26.487369835441832,38508000,0.6178332214493523,0.42893756983968984
2015-04-21,26.94243049621582,27.183112277676983,26.907197136796636,27.110659754302254,29128000,0.27591514088034685,0.42106844945598354
2015-04-22,27.253082275390625,27.343399464948178,26.86302976391744,26.94937723755585,31806000,0.48036970103073884,0.4111789107303466
2015-04-23,27.663978576660156,27.8480885959411,27.297746235723558,27.31412297111057,78184000,0.5503423602175417,0.4236915364252908
2015-04-24,28.467905044555664,29.015765609295876,28.204395030107936,28.78500906484416,92168000,0.8113705791879404,0.446767216662705
2015-04-27,28.093730926513672,28.56020567953115,27.90416326507903,28.423737938239924,48062000,0.65604241445212,0.4703391483219472
2015-04-28,28.00688934326172,28.178592347834297,27.837668121218687,28.004407560732176,37178000,0.34092422661560917,0.47519521670370807
2015-04-29,27.859004974365234,28.079836281035774,27.74040190009841,27.815334312291217,33622000,0.3394343809373659,0.47313923488701576
2015-04-30,27.232738494873047,27.845112195264498,27.131008125443344,27.71856778607811,47240000,0.714104069821154,0.5068842588887519
2015-05-01,27.351343154907227,27.354320915365385,26.98858264564082,27.31908566081503,36572000,0.365738269724563,0.5083022875399629
2015-05-04,27.43471336364746,27.62576897686198,27.164255851590532,27.342906337895023,35260000,0.4615131252714484,0.5028789836873033
2015-05-05,26.94838523864746,27.42329728942022,26.915135791679393,27.30171456447311,28528000,0.5081614977408258,0.5008231342710816
2015-05-06,26.55337142944336,26.992554181439914,26.41243609076203,26.928537064377405,39034000,0.5801180906778853,0.5169869023382514
2015-05-07,26.898757934570312,27.055574011374908,26.472480127393222,26.59406095422119,31844000,0.5830938839816859,0.5203543544277556
2015-05-08,27.241670608520508,27.432726212356606,27.19601603336356,27.237700892382342,28226000,0.23671017899304658,0.49313127996659084
2015-05-11,27.0843563079834,27.461011727885403,27.07542492066937,27.2188401329465,21858000,0.38558680721603267,0.5009649704191398
2015-05-12,26.73450469970703,26.944418835395656,26.549402711307728,26.936973487467913,35282000,0.3950161240879275,0.4948682863517962
2015-05-13,26.772218704223633,26.988086458791862,26.746908687047952,26.82085104089104,24238000,0.24117777174391009,0.4727851014608225
2015-05-14,27.254074096679688,27.278392156024342,26.92158720028717,26.994535699185377,31736000,0.3568049557371715,0.44031612835719613
2015-05-15,27.119592666625977,27.323553166515275,26.92158958068065,27.31313195146552,33440000,0.40196358583462555,0.4221676405988037
2015-05-18,27.128524780273438,27.21139851920367,26.909181402723792,26.987093469815747,26706000,0.30221711647987703,0.41940284701767994
2015-05-19,27.258045196533203,27.46249975938141,27.150855297066023,27.194524064190848,47126000,0.31164446231538534,0.4174178528303956
2015-05-20,27.418333053588867,27.594997712177225,27.050610913643407,27.339429035987404,30840000,0.544386798533818,0.4052951905955859
2015-05-21,27.63172149658203,27.671422441690996,27.25903767703205,27.30370029375701,34170000,0.41238476465894536,0.40862708309089896
2015-05-22,27.518081665039062,27.702687662834755,27.47341904576884,27.515103904681666,24266000,0.22926861706591595,0.39203818964764664
2015-05-26,27.154333114624023,27.459030146760327,26.94491495574782,27.42181097910686,37474000,0.5141151910125075,0.39246345345276673
2015-05-27,27.504680633544922,27.55629072544195,27.124057388957606,27.228269528448177,34844000,0.4322333364843445,0.38190025672465666
2015-05-28,27.50120735168457,27.57961539304968,27.33347597002123,27.481854750055476,23544000,0.24613942302844904,0.35783208094228264
2015-05-29,27.06153106689453,27.489298724900063,27.0476361144687,27.452575539326666,43446000,0.441662610431365,0.37247154033073393
2015-06-01,27.25457191467285,27.32206087092486,26.97518304517786,27.230751726276477,33210000,0.34687782574700066,0.36970661308294595
2015-06-02,27.489797592163086,27.729983417665323,27.122571376966583,27.166242043343033,31842000,0.6074120406987404,0.38487774998371826
2015-06-03,27.556291580200195,27.690279432149282,27.400469343979207,27.54686232165517,26710000,0.2898100881700749,0.3883514868713015
2015-06-04,27.377641677856445,27.589541598826578,27.2501053215843,27.40195784499536,26866000,0.3394362772422781,0.3871108669788091
2015-06-05,27.27045249938965,27.45902821399386,27.163758569250536,27.39302718714373,24396000,0.29526964474332473,0.37948987118657335
2015-06-08,26.97022247314453,27.287326518365866,26.943920499505314,27.27442352050169,27336000,0.3434060188605521,0.38243193564233585
2015-06-09,26.904714584350586,27.037710479211373,26.74045504699281,26.967241869344562,30016000,0.297255432218563,0.3814041477782771
2015-06-10,27.422800064086914,27.5309838172219,27.051110083522598,27.080387922221867,30316000,0.47987373369930353,0.3767960717186689
2015-06-11,27.29576301574707,27.53346704816425,27.2525883291866,27.51659433446611,25872000,0.28087871897765027,0.36740278274143356
2015-06-12,27.16822624206543,27.236707158567324,27.076915198320613,27.15234548440035,25468000,0.15979196024671083,0.3624401643972046
2015-06-15,26.946401596069336,26.998507671064868,26.758323748187195,26.933002620635428,27150000,0.24018392287767298,0.3428736452447164
2015-06-16,27.039199829101562,27.129517023268125,26.87543815406977,27.019847226377504,32526000,0.25407886919835576,0.3301483261528601
2015-06-17,27.125051498413086,27.212390932771665,26.887347470103844,27.066493925900485,24440000,0.32504346266782136,0.3357843289842438
2015-06-18,27.60045623779297,27.653554261069072,27.194522995139465,27.194522995139465,41192000,0.45903126592960675,0.33702494723411824
2015-06-19,27.666955947875977,27.68631044333799,27.40592960634912,27.617331657574606,59290000,0.28038083698887206,0.33227516232282334
2015-06-22,27.774145126342773,28.068422801398977,27.73593400734135,27.760748044887578,34752000,0.3324887940576282,0.3126377875627439
2015-06-23,27.9582576751709,28.033191986382317,27.648597086060615,27.7796071896807,31396000,0.3845949003217015,0.3194081312878601
2015-06-24,27.71906280517578,27.921037496370687,27.631723370276966,27.913098064028627,28924000,0.2893141260937213,0.31582797763439174
2015-06-25,27.688291549682617,27.945846019979392,27.663975384872124,27.804910702425758,26684000,0.28187063510726773,0.31487090551753055
2015-06-26,27.445629119873047,27.790027076584188,27.385583614019517,27.77563614573837,43676000,0.40444346256467156,0.3192307229249676
2015-06-29,26.859556198120117,27.33843796864444,26.809434038337013,27.132493573025446,37756000,0.5290039303074252,0.33578418707417207
2015-06-30,26.799509048461914,27.090311073773982,26.774695012503482,27.050114152844674,34510000,0.3156160612705001,0.3240514961864004
2015-07-01,26.96129035949707,27.08584896140911,26.78561763845942,26.979155029034807,30760000,0.30023132294968846,0.325433825041546
2015-07-02,27.161771774291992,27.194523348774002,26.974684013209828,27.032745601611524,28124000,0.21983933556417412,0.32972292327850766
2015-07-06,27.076416015625,27.223306854243315,26.901735274166082,26.909178727706223,25614000,0.32157158007723297,0.33553632736419053
2015-07-07,27.29526138305664,27.343397734990603,26.790079569709086,27.166237105143974,33578000,0.5533181652815173,0.35691056279870204
2015-07-08,26.881887435913086,27.208420719320955,26.857075290667094,27.07542671214066,27662000,0.3513454286538611,0.3587892746548477
2015-07-09,27.028282165527344,27.238196282799034,27.026794231899636,27.226783112517296,29766000,0.21140205089939812,0.3411014735812614
2015-07-10,27.59698486328125,27.75479290618487,27.393026268831992,27.477883917775127,43436000,0.3617666373528792,0.34691474503583336
2015-07-13,28.37213134765625,28.42771116398039,27.725516218872148,27.76571314734036,41792000,0.7021949451082428,0.3733223272537344
2015-07-14,28.989959716796875,29.264386924519492,28.493213266804048,28.50959000185922,74832000,0.771173657715444,0.4009350956390017
2015-07-15,28.979042053222656,29.213768310697166,28.792948129203957,28.968124861045165,41466000,0.4208201814932089,0.4103283853103937
2015-07-16,29.863359451293945,29.998339251931398,29.175555559098566,29.253963597506527,112642000,0.8227836928328323,0.44896503229079116
2015-07-17,34.71867370605469,34.88640887561023,33.645782724786116,33.74503130241583,257162000,1.240626150824113,0.5086923671664655
2015-07-20,34.3822135925293,34.62835489975829,33.83286702399274,34.1906639223663,102436000,0.7954878757655521,0.5277269346991889
2015-07-21,34.50677490234375,35.01542855589257,33.950973066852185,33.98719837840989,75604000,1.064455489040384,0.5812154652541806
2015-07-22,34.49436950683594,35.39903309921943,34.321674563923004,34.440773610668714,83100000,1.0773585352964261,0.6367245518503761
2015-07-23,33.4835090637207,34.542508940945176,33.32768492588079,34.33308890215859,76232000,1.2148240150643872,0.7077948861003913
2015-07-24,32.49299240112305,33.63536201134379,32.41409026848371,33.58474576320294,82622000,1.2212717428600754,0.772059183442023
2015-07-27,32.666683197021484,33.10338227144955,32.333200530759136,32.33419248655619,58382000,0.7701817406904112,0.7875494388283725
2015-07-28,32.73565673828125,32.95599204481494,32.42550022733136,32.83986887162959,34364000,0.5304918174835791,0.8003456094590666
2015-07-29,32.8234977722168,32.917786584716175,32.39721799032966,32.8646866571823,36756000,0.5205685943865177,0.822428933993861
2015-07-30,32.97882080078125,33.15201172457455,32.340145194478964,32.625491477128705,39606000,0.8118665300955854,0.8545789263326257
2015-07-31,32.62847137451172,33.000659260913,32.613584464830225,32.985772351231496,34922000,0.3870747960827714,0.8320703442593776
2015-08-03,32.986759185791016,33.083527869788135,32.636405740388554,32.636405740388554,31348000,0.44712212939958107,0.8089238065225304
2015-08-04,32.8160514831543,33.149534143632,32.777842255176175,32.96790401146846,26188000,0.37169188845582823,0.805414642734146
2015-08-05,33.412044525146484,33.740559777578305,33.02943361727613,33.03786902603292,36448000,0.7111261603021717,0.7974391046962417
2015-08-06,33.256229400634766,33.484504193093656,32.78876072890009,33.4467909393547,40660000,0.6957434641935691,0.75851891279406
2015-08-07,32.97038650512695,33.18923011555317,32.69645527607679,33.1386138699598,27544000,0.49277483947638245,0.7368965530591193
2015-08-10,32.908355712890625,33.3291759066055,32.76394664192577,33.10437298600329,34458000,0.5652292646797292,0.7012375370333582
2015-08-11,34.256168365478516,34.93603285306355,33.95941080486726,34.71668948520077,109880000,0.9766220481962904,0.6940420736690628
2015-08-12,34.314231872558594,34.53903099700302,33.77034103934489,34.46409669349137,58498000,0.7686899576581254,0.6621753552829013
2015-08-13,34.068092346191406,34.44127216369703,33.85321655369994,34.2015823326534,36354000,0.5880556099970917,0.6169456315069739
2015-08-14,34.210018157958984,34.353435276018715,33.88894630307991,33.94551807124381,27598000,0.46448897293880265,0.5951104338104304
2015-08-17,34.445247650146484,34.476509404706796,33.896889139580516,34.14402245278991,24680000,0.5796202651262803,0.5986196086420519
2015-08-18,34.178253173828125,34.52711486084849,34.00903009705548,34.29437633893672,27710000,0.5180847637930128,0.5984421921710873
2015-08-19,34.44176483154297,34.74745376656821,34.08248000149398,34.24673953141806,50194000,0.6649737650742367,0.5879498518124195
2015-08-20,33.7192268371582,34.546972279030975,33.51080254303716,34.19662258819019,57798000,1.0361697359938162,0.6343137760917799
2015-08-21,31.960020065307617,33.39219975881739,31.913867619028245,33.30039084414729,91880000,1.4783321397891456,0.7079716339767488
2015-08-24,30.673738479614258,31.148650547042262,29.43211844491522,29.804804171606992,129788000,1.7165321021270437,0.8040316492389784
2015-08-25,30.39385414123535,32.10740472630289,30.35415319394515,32.08110654016158,71430000,1.7532515323577371,0.878469175814376
2015-08-26,32.739627838134766,32.87560149596297,31.28214007968239,31.913866333792097,87740000,1.5934614162805794,0.9425918866777339
2015-08-27,33.147544860839844,33.44629012428268,32.310868061452695,33.34753373754855,58974000,1.1354220628299885,0.98849525977442
2015-08-28,32.737152099609375,33.09990884431476,32.44237840634722,33.038373505981795,38836000,0.6575304379675444,0.9950882007235496
2015-08-31,32.14809799194336,32.97137964220778,32.07515138121788,32.471653522435325,38936000,0.8962282609899006,0.9893457873516647
2015-09-01,31.241943359375,31.980363499722568,31.018630282603905,31.452849417919012,51458000,0.9617332171186632,1.0031345915988459
2015-09-02,32.00368118286133,32.01112463550179,31.29553283080378,31.660773132315704,37630000,0.7155918046980076,1.0122443197917685
2015-09-03,31.613637924194336,32.31831270130379,31.452852116514986,32.153557177503835,34572000,0.8654605847888028,1.0408851492096256
2015-09-04,31.212167739868164,31.487090908648536,31.090090933844944,31.248890923766382,40478000,0.3969999748035917,1.027840842758005
2015-09-08,31.95257568359375,32.01013940573219,31.40769287650366,31.809654547905513,39092000,0.6024465292285299,1.0338666831462562
2015-09-09,31.929256439208984,32.6215242495034,31.804694045057182,32.34958069069667,40978000,0.8168302044462195,1.0447135716728264
2015-09-10,32.309879302978516,32.49944509107438,31.84439456425328,31.953570283071958,27850000,0.6550505268210962,1.0174907710176322
2015-09-11,32.51929473876953,32.519790716672205,32.12775236638235,32.26670568703855,34892000,0.3920383502898517,0.9398983574819683
2015-09-14,32.37885665893555,32.55006368439517,32.23146793062689,32.53567275330777,29942000,0.3185957537682782,0.8400457611706279
2015-09-15,33.00413131713867,33.19171317376884,32.42202746623192,32.58926287221055,35546000,0.7696857075369223,0.7697910593977125
2015-09-16,33.026458740234375,33.15300123364897,32.861703238231875,33.027946673690735,26252000,0.29129799541709644,0.6767793864788924
2015-09-17,33.33165740966797,33.84378677726277,33.00065841537542,33.12422506309319,47752000,0.8431283618873522,0.6559012649829897
2015-09-18,32.798187255859375,33.240841823898094,32.75401872297474,33.0036318898315,72544000,0.48682310092335257,0.6437078837655476
2015-09-21,33.098915100097656,33.1991594282224,32.65328463180673,33.02596848718911,39094000,0.5458747964156743,0.6186826362959599
2015-09-22,32.415077209472656,32.69397197422478,32.00963995089988,32.626977107571385,54362000,0.6843320233248988,0.598868265310691
2015-09-23,32.419551849365234,32.766429725790395,32.29250956399379,32.400197351888885,29160000,0.473920161796606,0.5816060051034481
2015-09-24,32.49993896484375,32.59224385638462,31.86771860742162,32.205169086426785,38692000,0.7245252489630012,0.571539195401605
2015-09-25,31.76747703552246,32.68206790350873,31.743160865822908,32.68206790350873,48480000,0.9389070376858228,0.6102468427503359
2015-09-28,30.978435516357422,31.901463595584158,30.66033953743914,31.71288599202819,47646000,1.2411240581450187,0.6558666662443707
2015-09-29,30.897052764892578,31.496025580997067,30.66976994799176,31.040467991405453,42130000,0.8262556330053066,0.6565399111414484
2015-09-30,31.679141998291016,31.725788527579894,31.221598627910975,31.354592632564238,52954000,0.5041898996689191,0.64576415205915
2015-10-01,31.859275817871094,31.95058874334657,31.319356626795713,31.65779902339487,42506000,0.6312321165508585,0.6628494210777934
2015-10-02,32.60315704345703,32.60365302130808,31.437465222072603,31.66127428083231,48788000,1.1661877992354732,0.7233917100397359
2015-10-05,33.332149505615234,33.39914437575399,32.54757691649381,32.83193123815367,37960000,0.8515674592601812,0.7292404065913972
2015-10-06,33.33016586303711,33.685479094380334,32.90537408567345,33.216522571807786,42774000,0.780105008706883,0.7641551932549534
2015-10-07,33.248779296875,33.68250245164468,32.65873604281736,33.61600356034712,44354000,1.0237664088273206,0.7770579108935226
2015-10-08,33.09990310668945,33.342572572435444,32.47909407372532,33.22148582848524,39308000,0.8634784987101227,0.8039618678782919
2015-10-09,33.31031799316406,33.45174741332424,32.869647317985795,33.12422406036488,32124000,0.582100095338447,0.8065493892299186
2015-10-12,33.567867279052734,33.64478549121892,33.11181376229365,33.208582446323746,26684000,0.5329717289252685,0.795737939629945
2015-10-13,33.902347564697266,34.1648637575576,33.403117389258895,33.460188925252325,42446000,0.7617463682987022,0.8162969543800946
2015-10-14,33.765377044677734,34.24326495582343,33.69044274212037,33.93013255751556,31292000,0.5528222137030596,0.8040324518615274
2015-10-15,34.39114761352539,34.44771937396022,33.962884015507356,34.00556082474449,47156000,0.4848353584528624,0.7715987604877446
2015-10-16,34.505287170410156,34.54995168230745,34.196622340628124,34.5092587795464,36316000,0.35332934167932706,0.7081848521687666
2015-10-19,34.735050201416016,34.74944113070617,34.35095133888369,34.439780589871695,30172000,0.39848979182247746,0.6776301492271359
2015-10-20,33.745033264160156,34.638285659118345,33.431401077098116,34.632826116230504,52434000,1.2068845820202299,0.7278226265379438
2015-10-21,33.338104248046875,33.9881911038774,33.2835163975171,33.9043254167443,31952000,0.7046747063603007,0.7330685258100468
2015-10-22,33.801605224609375,34.14451525353218,33.33314463900608,33.51874259561277,88632000,0.8113706145260977,0.7077244411879485
2015-10-23,35.69678497314453,37.342848475277144,35.627806186980585,37.221761723035236,126726000,1.7150422882965586,0.769401214690547
2015-10-26,36.28186798095703,36.471933536493665,35.731029597756994,35.731029597756994,48776000,0.7409039387366718,0.7666011382641033
2015-10-27,36.3662223815918,36.52204649870805,35.935478891922564,36.056065866924456,38778000,0.5865676067854864,0.7353726524039723
2015-10-28,36.56969451904297,36.5920248841065,36.09081079149791,36.3751651604529,39604000,0.501214092608592,0.70949662339672
2015-10-29,36.96321487426758,37.05948758220971,36.482347312405736,36.55529770318083,36520000,0.5771402698039765,0.7091423501442579
2015-10-30,36.593013763427734,37.035668348417275,36.550336948603395,36.99845107644041,39984000,0.4853313998138802,0.7057394694934445
2015-11-02,37.106632232666016,37.12846661643491,36.2982375527312,36.45108581129445,39914000,0.8302290637037117,0.7106310905938023
2015-11-03,37.16022872924805,37.30314607480245,36.780097667248654,36.991997582369684,36306000,0.5230484075537944,0.708504390154569
2015-11-04,37.48229217529297,37.710070952023145,37.179083117508384,37.21382049785643,41840000,0.530987834514761,0.7118009955875618
2015-11-05,37.748287200927734,38.030157876822436,37.58948719341855,37.65598230659319,45486000,0.44067068340388715,0.7180396628536018
2015-11-06,37.79443359375,37.8649003049128,37.468394434509456,37.68476191836568,33544000,0.3965058704033453,0.7178979541808067
2015-11-09,37.45549392700195,37.87879777209568,37.17461901933125,37.64158784582532,35538000,0.7041787527644274,0.6819903949482493
2015-11-10,37.62868881225586,37.74481200531657,37.139885550539496,37.3914826470953,29798000,0.6049264547770719,0.6748655198351615
2015-11-11,37.97556686401367,38.165628607680326,37.70262759905492,37.83314171116004,41866000,0.4630010086254046,0.6499819765565407
2015-11-12,37.5428352355957,38.00286037201333,37.50958578909172,37.72396558975158,35452000,0.4932745829216074,0.5627128547440441
2015-11-13,36.72601318359375,37.48328815650851,36.69623557860425,37.419272931440176,48188000,0.7870525779042552,0.5660091861131572
2015-11-16,37.239627838134766,37.30364305864444,36.44116025300422,36.732958044576314,50704000,0.8624828056402194,0.585717414602781
2015-11-17,37.01929473876953,37.46443301410853,36.92351799812337,37.341362344406825,38864000,0.5409150159851563,0.5885531948439642
2015-11-18,37.71553421020508,37.769626090524056,37.08926556043931,37.197449321077265,36266000,0.680360530084748,0.595926070578305
2015-11-19,37.71205520629883,37.87531898598288,37.57756949788648,37.70411198915266,28078000,0.2977494880964002,0.582527362598485
2015-11-20,38.558658599853516,38.67378982538205,37.918498848634584,38.17654741775388,55478000,0.7552909767474674,0.5771746421016104
2015-11-23,38.54377365112305,38.85145030994505,38.38546962775917,38.581986664320496,34648000,0.4659806821858794,0.5730983760039022
2015-11-24,38.19292068481445,38.50853674673381,37.62123997574422,38.3581721693589,47880000,0.8872967709895931,0.598549014323533
2015-11-25,38.174560546875,38.360158474103706,38.039082881588186,38.29514751944256,23612000,0.32107559251551976,0.5900065078315068
2015-11-27,38.309051513671875,38.40979182524156,38.06241418217068,38.16960599294792,14434000,0.34737764307088526,0.5864973487363311
2015-11-30,37.856468200683594,38.46089862651932,37.77061481137449,38.304082542033804,33586000,0.6902838151448236,0.5855048531920737
2015-12-01,38.89561080932617,38.955658200896075,38.010301750967244,38.05943005821888,40398000,0.9453564499288305,0.6098212814171993
2015-12-02,38.60084533691406,39.355144399320814,38.53037483087038,38.96806963136928,46876000,0.824769568450435,0.6356618928332729
2015-12-03,38.1219596862793,38.92985460677863,37.8366171899541,38.735325277091654,41950000,1.093237416824536,0.6785163809691964
2015-12-04,38.668331146240234,38.82762712082141,37.98847043502684,38.19689472082552,49800000,0.8391566857945705,0.6822381029613618
2015-12-07,38.35966491699219,38.757158978996884,38.048512647230574,38.71051055881591,36626000,0.7086463317663103,0.6712497833989397
2015-12-08,38.46636199951172,38.640544898694394,37.84009334102144,37.93834997275619,31082000,0.8004515576729503,0.6897881078052107
2015-12-09,37.841575622558594,38.513500651174375,37.31852723913321,38.265871411087964,46550000,1.1949734120411648,0.7265461708020976
2015-12-10,37.717018127441406,38.01625935999546,37.46690899092913,37.89318870314611,32458000,0.5493503690663317,0.7445176622999499
2015-12-11,37.239627838134766,37.58799739602195,37.151790535329916,37.1691611191777,43184000,0.43620686069203174,0.7217259397245616
2015-12-14,37.84107971191406,37.92097757695225,36.53693438198663,37.28131003707964,53864000,1.3840431949656136,0.7873018334945426
2015-12-15,37.719505310058594,38.447006447791104,37.61578913805301,38.101616526371046,49386000,0.8312173097380935,0.783296157690864
2015-12-16,38.5383186340332,38.7819801003116,37.5686476926527,38.04107614273922,53120000,1.2133324076588963,0.8470287873439624
2015-12-17,38.202850341796875,38.78643834356853,38.176548370547955,38.765099937068044,36510000,0.6098899730205716,0.8657796680546542
2015-12-18,37.558719635009766,38.41673872805929,37.54581663678754,38.07382867759426,67794000,0.8709220912717512,0.8786824020637205
2015-12-21,37.75473403930664,38.03015318243674,37.424727045387485,37.86638963006958,34848000,0.6054261370492569,0.8544016654294653
2015-12-22,38.0688591003418,38.22815506908267,37.77458522169027,37.92693371449257,36338000,0.45356984739239437,0.8278873996396052
2015-12-23,38.13734436035156,38.30557551334191,37.59841706950993,38.24552811525875,30594000,0.7071584438319789,0.8003103301401369
2015-12-24,38.00484085083008,38.17158026005116,37.93288620795436,38.13783483874354,10412000,0.23869405209679684,0.7574201420188673
2015-12-28,38.818702697753906,38.84748456341987,38.09864493378642,38.21129250668294,31156000,0.7488396296334514,0.7602910918665202
2015-12-29,39.40030288696289,39.635029139645496,39.015212050102186,39.05441323113152,38430000,0.6198170895433108,0.7473886298572603
2015-12-30,39.21867370605469,39.5243664463715,39.064837273207026,39.40030382992259,28566000,0.4595291731644764,0.6948568985089254
2015-12-31,38.60878372192383,39.12091305153029,38.57454231863726,39.095603035943086,32752000,0.5463707328930241,0.6946440673536891
2016-01-04,37.6872444152832,37.824210024536455,37.09670516636444,37.824210024536455,67382000,0.7275048581720185,0.7154510671736881
2016-01-05,37.79096221923828,38.17158548404012,37.4991682131678,37.91850046873212,45216000,0.6724172708723231,0.6646206440241674
2016-01-06,37.68178939819336,37.999389422453824,37.119539749828014,37.23715087866509,48206000,0.8798496726258094,0.6680943842304329
2016-01-07,36.77216339111328,37.482297775980804,36.48830878555639,37.04460671819461,63132000,0.9939889904244126,0.6524269972851126
2016-01-08,36.27144241333008,37.22473832224059,36.172686032042485,37.10960710009006,47506000,1.0520522901981053,0.6840100199406507
2016-01-11,36.378631591796875,36.478379931981,35.708198259104066,36.32305178332868,50896000,0.7701816728769373,0.6768142757695925
2016-01-12,36.98753356933594,37.13641023577878,36.54537494336249,36.759754768498375,46816000,0.5910352924162936,0.6757863582958095
2016-01-13,35.70869445800781,37.36766088488102,35.570240913835114,37.186030764434825,51728000,1.7974199710459047,0.7717756528424887
2016-01-14,36.295265197753906,36.71707736447285,34.985660161842596,35.95037125256661,55558000,1.7314172026302543,0.8449369927566514
2016-01-15,35.25809860229492,35.93647133507565,34.8124644135605,35.23328456634881,76676000,1.1240069215151536,0.908173626286534
2016-01-19,35.68437194824219,35.995524186522566,35.22633456052304,35.73747186114245,48724000,0.7691896259995232,0.9096271974555391
2016-01-20,35.65857696533203,36.07492958595087,34.13111648772049,35.03032062799834,82440000,1.943813098230379,1.0041983409331867
2016-01-21,36.06103515625,36.60690995150858,35.28886949590144,35.738471572568294,51938000,1.3180404556071394,1.065520575393377
2016-01-22,36.993492126464844,37.147332370706046,36.7473545506431,36.82178910388264,47146000,0.3999778200629436,1.055063938762657
2016-01-25,36.40592575073242,37.340862943566755,36.3503459419092,36.9130952923349,45340000,0.9905170016575582,1.0738505204401956
2016-01-26,36.414363861083984,36.695738557165015,36.075921418373206,36.48483436914604,30940000,0.6198171387918094,1.0700933681487304
2016-01-27,35.609947204589844,36.518578776715614,35.404994735783035,36.518578776715614,42428000,1.1135840409325795,1.0867886801706423
2016-01-28,37.13442611694336,37.27635151969848,36.2560606047953,36.632716069974045,62104000,1.0202909149031782,1.088667389061983
2016-01-29,37.78202819824219,37.9686180905342,36.93095672738148,37.167174692399655,75808000,1.037661363152722,1.0876394657015982
2016-02-01,38.2495002746582,38.587942710930236,37.78351958612073,38.273814549313805,111522000,0.8044231248095031,1.0900852836967816
2016-02-02,38.75270080566406,40.21366244835608,38.73731413192457,39.72485538639474,135846000,1.4763483164315119,1.1533219282692972
2016-02-03,37.188018798828125,39.274749109661,36.5369361647275,39.01918042516304,131114000,2.737812944933502,1.220492854975554
2016-02-04,36.22776794433594,36.9825666672435,35.85905576678328,36.95030917897262,104922000,1.123510900460225,1.1770709762491234
2016-02-05,34.92412567138672,36.06351566279018,34.7444832288079,36.00297606877494,109556000,1.3190324339822794,1.1910013699967752
2016-02-08,34.9439697265625,34.961836286392035,33.84477307843579,34.126147732686995,89410000,1.1170632079562424,1.215849482993684
2016-02-09,34.78814697265625,35.777671983621644,34.16684196822003,34.387673262133276,84300000,1.6108300154016177,1.1920649770773437
2016-02-10,35.07746124267578,35.8898237302454,35.00501061670168,35.322610596345456,60314000,0.8848131135437214,1.1611201669299567
2016-02-11,35.05314636230469,35.34891195345928,34.30033530375536,34.55590397378592,65004000,1.048576649703918,1.207448654761455
2016-02-12,35.07944869995117,35.5315306076555,34.815936809625555,35.34345278202596,46538000,0.7155937980299427,1.1878112830737682
2016-02-16,35.612918853759766,35.872955130987954,35.24271491113473,35.663039121631215,43444000,0.6302402198532207,1.188555788863869
2016-02-17,36.32404327392578,36.4128725279846,35.5618048286677,36.07740598396101,49154000,0.8510676993169,1.169804621605606
2016-02-18,35.60647201538086,36.52403877387243,35.509207334150055,36.422806269133254,47276000,1.0148314397223714,1.1694146590926913
2016-02-19,35.834739685058594,35.93002043559576,35.38860951106208,35.526567072377865,34918000,0.5414109245336789,1.133968199191331
2016-02-22,36.179141998291016,36.46696819616972,35.90124293059618,36.201968339968566,37516000,0.5657252655735334,1.1169183521030475
2016-02-23,35.595542907714844,36.27093972886918,35.51515285729935,36.03274165832613,41332000,0.7557868715698319,1.0654496774700704
2016-02-24,35.77469253540039,35.79057518465841,34.837775244974566,35.264051163916164,37092000,0.9527999396838425,0.937948748523666
2016-02-25,36.182621002197266,36.201971714286856,35.39407664497816,35.87544027931004,36146000,0.8078950693086924,0.9154047605842709
2016-02-26,35.97121810913086,36.531979878730375,35.8263130365307,36.40494137100885,42474000,0.7056668421996761,0.8715929325997992
2016-02-29,35.592071533203125,36.25605330157172,35.57321301832496,35.77965336810352,45068000,0.6828402832467617,0.8405770094062649
2016-03-01,36.830223083496094,36.83816251564413,35.66254349977129,35.79454555119767,60112000,1.1756190158728401,0.8094905094399236
2016-03-02,36.69672775268555,36.87736213117078,36.387563173386724,36.864958898642634,36292000,0.48979895778405336,0.7812752125999474
2016-03-03,36.30519104003906,36.77216373044568,36.20792635963346,36.69673343742424,40534000,0.5642373708122221,0.746679549821969
2016-03-04,36.23719787597656,36.47440398949342,36.00891936278648,36.464480647484734,48516000,0.4654846267069388,0.7288146090131831
2016-03-07,35.37273406982422,36.08783195977834,34.99260677267381,35.98560372350222,61690000,1.095225187104532,0.7620278209597053
2016-03-08,35.408958435058594,35.84168966543364,34.93603406638649,35.15388572215254,52530000,0.9056555990471509,0.7659269566547232
2016-03-09,35.99850082397461,36.0396896984708,35.36578080015068,35.490339379252646,39544000,0.6739088983201214,0.7415753465545626
2016-03-10,36.33396911621094,36.5508287971323,35.89329849255441,36.11660967136832,44616000,0.6575303045778895,0.7498695879862919
2016-03-11,36.964210510253906,36.96569844394858,36.5587731880446,36.72005687114784,35380000,0.4069252559039853,0.7385267301527527
2016-03-14,37.23069381713867,37.43018670484356,36.904158667056194,36.96916962480573,32824000,0.5260280377873627,0.7221153848825763
2016-03-15,37.247066497802734,37.368153233005174,36.86346362981525,37.02127165339016,29832000,0.5046896031899237,0.6901075037044393
2016-03-16,37.58402633666992,37.66541214221778,37.04509904299183,37.171641552241276,29306000,0.6203130992259531,0.6767087915556722
2016-03-17,37.63959884643555,37.980025125104724,37.5840190458365,37.5984099737709,44564000,0.3960060792682256,0.6545901656319971
2016-03-18,37.48725891113281,37.82123376858197,37.30910440753043,37.79592753753153,56222000,0.5121293610515423,0.6423965283323386
2016-03-21,37.822227478027344,37.880783155524995,37.28180847539839,37.412818569052284,28774000,0.5989746801266023,0.6012076472076073
2016-03-22,37.7175178527832,37.96316321303674,37.60983385690874,37.63762376372678,22096000,0.3533293561279933,0.5914598185178888
2016-03-23,37.59394836425781,37.982514838530285,37.518022104148095,37.88127856302047,24678000,0.4644927343821905,0.5843352016300294
2016-03-24,37.45896911621094,37.5939470259952,37.243597362316855,37.27833474197719,31116000,0.35034966367834386,0.5761112756994154
2016-03-28,37.381553649902344,37.63067081926585,37.32001832430483,37.52496696426327,21676000,0.310652494961019,0.520070369117736
2016-03-29,38.00732421875,38.07134322257798,37.13392615162235,37.40140208535203,40062000,0.9374170709556324,0.5223390456826275
2016-03-30,38.128910064697266,38.574048330382446,38.0911968143954,38.12245856600091,40396000,0.48285151598704346,0.5086920898016933
2016-03-31,37.858951568603516,38.16563250350385,37.628193114475955,38.12891120788648,32554000,0.5374393890278952,0.5001141672624081
2016-04-01,38.194915771484375,38.21327452703637,37.47683816878253,37.57410663421584,31674000,0.7364363582538402,0.523650674573112
2016-04-04,37.969120025634766,38.33237652432182,37.80386851280769,38.18697170039065,26924000,0.5285080115141341,0.5238278155535957
2016-04-05,37.64406967163086,37.85745750617435,37.49668096293258,37.62223528895822,24478000,0.36077654324176933,0.5135483112715846
2016-04-06,38.11550521850586,38.132875800348394,37.53141751100556,37.607839741714265,25312000,0.6014582893428368,0.5122015391370763
2016-04-07,37.72099304199219,38.17952649911455,37.590974897734576,37.97904163283596,25498000,0.5885516013799759,0.5259547907164871
2016-04-08,37.6887321472168,38.06885941560105,37.505121904215606,38.006332131636086,23434000,0.5637375113854404,0.5296410871689083
2016-04-11,37.59295654296875,38.07332814288153,37.58303319957296,37.98549084155288,31774000,0.4902949433085695,0.5218782488247632
2016-04-12,37.929412841796875,37.959186656338254,37.29669278016015,37.63712288040206,27388000,0.6624938761781038,0.5439614288283424
2016-04-13,38.30607223510742,38.49662996850048,37.94281575837545,38.22667033995892,35426000,0.5538142101250259,0.550341534238545
2016-04-14,38.4787712097168,38.688187482985256,38.371083419353496,38.47728327589783,26992000,0.3171040636317599,0.5479668485209318
2016-04-15,38.70753860473633,38.75369105173666,38.4559377259045,38.48422739645302,31712000,0.2977533258321614,0.5470454792974421
2016-04-18,39.08865737915039,39.131833958236626,38.58893504514366,38.716965490459344,33540000,0.5428989130929693,0.5188656108786803
2016-04-19,38.521446228027344,39.25093509087372,38.22468863206956,39.22860472635988,43952000,1.0262464588041595,0.5576795353656172
2016-04-20,38.455440521240234,38.690666549805485,38.27431015647353,38.66585251141412,34262000,0.4163563933319523,0.5490307499587642
2016-04-21,38.70753860473633,38.79090832442027,38.288206330743826,38.5740486148809,77628000,0.5027019936764461,0.532335438203236
2016-04-22,36.61186981201172,37.413313231947384,36.2446455376091,36.91656680205609,140798000,1.168667694338282,0.5780611298335323
2016-04-25,36.83220291137695,36.9647009259917,36.479369588197805,36.4917766059682,49442000,0.4853313377938946,0.5869579008729698
2016-04-26,35.996524810791016,36.99994113915142,35.74591587809046,36.94188143430849,55864000,1.25402526106096,0.6335698274242644
2016-04-27,35.802490234375,36.08485310247026,35.18812884738829,35.994039927794645,66262000,0.8967242550819705,0.6555821598315497
2016-04-28,34.98863220214844,36.18956115519242,34.89633110362463,35.893299579266916,62590000,1.2932300515677895,0.7076887698445746
2016-04-29,35.12857437133789,35.338486564419085,34.925109889686766,34.94198449323569,58278000,0.4133766747323193,0.7021946078034139
2016-05-02,35.45263671875,35.50226101686384,35.05315487188302,35.329070058374526,33476000,0.44910614498082424,0.6869526270036082
2016-05-03,35.1563720703125,35.40102169426937,35.10128823331741,35.35784889935185,38620000,0.2997334609519555,0.6688040020626745
2016-05-04,35.30177307128906,35.48439138120511,34.93851657701335,35.07349829084855,34172000,0.5458748041917545,0.6851447692455314
2016-05-05,35.4675178527832,35.60845129080285,35.206489619631846,35.48190878330955,29668000,0.40196167117100146,0.69258822248402
2016-05-06,35.987091064453125,36.02728798925841,35.33055265090552,35.34295967008108,39952000,0.6967353383528945,0.7035765385740146
2016-05-09,36.1831169128418,36.43918161805032,35.903726099833975,36.06252612246436,38074000,0.5354555182163452,0.6685200428177421
2016-05-10,36.691768646240234,36.722534418331186,36.30618182282669,36.472425274308534,32634000,0.4163525955044989,0.6685197715443526
2016-05-11,36.253578186035156,36.76223567428409,36.12207211455834,36.74834072172119,29834000,0.6401635597257496,0.6783384548335886
2016-05-12,36.13050842285156,36.492772940327086,35.941934602821846,36.325533741452375,27094000,0.5508383375052404,0.6342077864883713
2016-05-13,35.96971893310547,36.290294756073784,35.90421200178227,36.05854817959171,25244000,0.3860827542915146,0.627118601952487
2016-05-16,36.24116897583008,36.35927606547364,35.73003162913223,35.944411425153625,22538000,0.6292444363414091,0.5824914001868048
2016-05-17,35.739463806152344,36.51659303766892,35.63078785303237,36.278890892855266,33404000,0.8858051846365456,0.5817114665835602
2016-05-18,35.81836700439453,36.00644484152183,35.48290044592236,35.655595396902456,32536000,0.5235443955994654,0.5267339197286799
2016-05-19,35.497291564941406,35.75484795221574,35.24916632942593,35.645672242814435,30598000,0.5056816227898082,0.5333271303042147
2016-05-20,35.81489562988281,36.11214921116047,35.48240868520377,35.554367131884064,34798000,0.6297405259566986,0.5462295860882058
2016-05-23,35.59356689453125,35.90372346173018,35.578184007171274,35.72904458549902,24816000,0.325539454558907,0.5480728713458453
2016-05-24,36.376644134521484,36.43470382660454,35.712658578664616,35.72258570697513,37884000,0.7220452479399242,0.5606564744707144
2016-05-25,36.62824249267578,36.717071742392676,36.35530703180964,36.47440607316776,32216000,0.3617647105830386,0.5577852630001457
2016-05-26,36.5701904296875,36.77712680829582,36.37516509352758,36.524037979768266,27202000,0.40196171476824105,0.5367300041726705
2016-05-27,37.09968566894531,37.11506855492321,36.5741535815596,36.598967619142456,34802000,0.5409149733636127,0.5371199652546181
2016-05-31,37.16171646118164,37.391479150204965,36.99894485773948,37.15724887437336,42484000,0.3925342924654842,0.5354186578946886
2016-06-01,37.142364501953125,37.286773576253076,36.93790802797835,37.142860479844515,20788000,0.3488655482747234,0.514611657076758
2016-06-02,36.93444061279297,37.08480522591563,36.573663979670506,37.025253796989375,33916000,0.5111412462451241,0.5117761505581784
2016-06-03,36.517086029052734,36.79647679788827,36.420317339719354,36.79647679788827,24608000,0.37615945816891383,0.5110673436922782
2016-06-06,36.22926712036133,36.64810347568195,36.14143358718995,36.64810347568195,29992000,0.5066698884919987,0.5023120188458918
2016-06-07,36.28037643432617,36.55926744362353,36.26598550377393,36.388560188496065,24314000,0.2932819398495994,0.45998892993253854
2016-06-08,36.86793899536133,36.911607768374644,36.5126257180091,36.697723918446755,32314000,0.39898205036554657,0.4510916195586872
2016-06-09,36.847591400146484,36.91756214481762,36.54884990302641,36.57713578763428,19180000,0.368712241791215,0.44130809234450197
2016-06-10,36.384586334228516,36.70466620393204,36.251592336250305,36.52155194105118,29050000,0.45307386768173785,0.4286890453248619
2016-06-13,36.319580078125,36.672909402759835,36.21735184827314,36.21735184827314,23354000,0.45555755448669544,0.43797605246256105
2016-06-14,36.38756561279297,36.52403525456602,36.05259880417631,36.1920443132939,26584000,0.47143645038971016,0.4200754240661172
2016-06-15,36.33496856689453,36.581106134974924,36.29129600613086,36.470442478402624,23234000,0.2898101288440671,0.41493581108476213
2016-06-16,35.940940856933594,36.24563784997621,35.50870561856141,36.125047080754804,45002000,0.736932231414805,0.43886227655951665
2016-06-17,34.94844055175781,35.799012305008986,34.79311239929035,35.799012305008986,82262000,1.0058999057186355,0.4720754860134469
2016-06-20,35.04173278808594,35.525080245589145,35.006003452044006,35.24916511436183,45654000,0.519076793545139,0.4811142360905651
2016-06-21,35.178199768066406,35.500763296017745,34.968783546156665,35.23625946149615,30318000,0.5319797498610797,0.49419382191816197
2016-06-22,35.25710678100586,35.44270473513689,35.02932798994833,35.43476530285658,29058000,0.4133767451885646,0.48721064327126484
2016-06-23,35.475460052490234,35.4759560304029,34.74994280463064,35.26108022540139,42500000,0.726013225772256,0.512200198100075
2016-06-24,34.00307846069336,34.98565599713085,33.98868753111872,34.24971574700766,95436000,0.9969684660121274,0.5472215250657985
2016-06-27,33.801605224609375,33.91028496073053,33.380785019414105,33.86860010113485,58146000,0.5294999413164234,0.5640942394562859
2016-06-28,34.303810119628906,34.37725649246694,33.98571414010763,34.30926966236989,38246000,0.3915423523593091,0.5635628324558404
2016-06-29,34.498836517333984,34.71272035796615,34.37427791659481,34.45268785675434,43124000,0.33844244137134183,0.5614007038544209
2016-06-30,34.91270446777344,34.92461550775341,34.484440867222176,34.62091049089605,42250000,0.44017464053123234,0.5604793304865276
2016-07-01,35.246192932128906,35.35933647243899,34.92263739032194,34.9906242245258,30984000,0.4366990821170518,0.5591322967458388
2016-07-05,34.980194091796875,35.14048200374515,34.694355644887416,34.986149611578966,28440000,0.44612635885773244,0.5573244330649832
2016-07-06,35.182674407958984,35.38266330533006,34.687911825710025,34.72959668732177,28902000,0.694751479620038,0.5862488152632669
2016-07-07,35.097816467285156,35.24222556358442,34.77078904077515,35.239249695782746,21174000,0.4714365228092703,0.5672848360771573
2016-07-08,35.619869232177734,35.6258247532372,35.13999356293206,35.26157630150959,29946000,0.48583119030513444,0.5301370706904786
2016-07-11,36.087337493896484,36.173187105195424,35.67396073048072,35.70125465982379,28822000,0.4992263747147021,0.5287191836311617
2016-07-12,36.3508415222168,36.5041819726617,36.102220318805394,36.3215636845513,26468000,0.4019616538563042,0.5194321767736777
2016-07-13,36.20048141479492,36.50021866280845,36.17765507248144,36.50021866280845,20436000,0.32256359032700743,0.5129455228549951
2016-07-14,36.51411437988281,36.53098520149089,36.25556600986612,36.421809480689575,21408000,0.2754191916247706,0.48076023470160323
2016-07-15,36.505672454833984,36.77215642408673,36.45654036036793,36.77215642408673,32342000,0.31561606371879947,0.43209220596636555
2016-07-18,37.377586364746094,37.47385907995491,36.54934494165479,36.61881970664149,38698000,0.9245141383001254,0.46030750575091567
2016-07-19,37.388004302978516,37.54580854299281,37.1438469174209,37.212329717166064,30436000,0.4019616255719072,0.46105173955181555
2016-07-20,37.57012939453125,37.74679594911789,37.419764810599816,37.419764810599816,22502000,0.3270311385180733,0.46023664649086776
2016-07-21,37.4376335144043,37.62323146708686,37.29421639831904,37.566159935728116,19062000,0.3290150687678235,0.45229667707919574
2016-07-22,37.67930603027344,37.68774144010022,37.35078695008061,37.582041363105596,20920000,0.33695449001960753,0.44517206335794973
2016-07-25,37.59196853637695,37.706107820917374,37.42076150261181,37.59990796914576,21466000,0.2853463183055638,0.43368777474708053
2016-07-26,37.59841537475586,37.67831324263924,37.35525371220503,37.59196387653886,23792000,0.32305953043421454,0.407138349805236
2016-07-27,37.81279373168945,37.93586438487268,37.513060316302855,37.663920872715174,32172000,0.42280406856982466,0.403664603073847
2016-07-28,38.00484085083008,38.16016898440646,37.669870312877634,38.153717486828974,73464000,0.49029867152882645,0.4039837088755393
2016-07-29,39.270286560058594,39.895559434781816,39.203787663469804,39.58639862865845,101810000,0.6917717713120126,0.4177369514896329
2016-08-01,39.74668884277344,40.07173231791235,38.95764857072008,39.03853840259753,60594000,1.114083747192268,0.4686028152993446
2016-08-02,39.70599365234375,39.81516936298048,39.428590574848876,39.567540102535375,39928000,0.38657878813160096,0.47317532942824414
2016-08-03,39.64643859863281,39.677208154709525,39.353652661568205,39.52485966609494,29206000,0.3235554931413205,0.4766136366794263
2016-08-04,39.56357192993164,39.70996492459635,39.398320415988366,39.612700246767346,21520000,0.31164450860798354,0.47632995417151086
2016-08-05,40.043941497802734,40.05833242894976,39.59135977524195,39.70549905471827,36146000,0.4669726537078134,0.4436484195577743
2016-08-08,39.95957946777344,40.07719059147321,39.78390485601482,39.997788695830934,24426000,0.2932857354583902,0.43588585597823737
2016-08-09,40.071231842041016,40.36153790067214,39.90151276473938,39.92285117060353,32154000,0.46002513593276007,0.4453854272221435
2016-08-10,40.12135314941406,40.23995622241922,40.022104571371635,40.04989447611076,18370000,0.21785165104758164,0.4374451830992691
2016-08-11,40.106964111328125,40.388834781018886,39.99778839867648,40.21961166919068,25646000,0.3910463823424095,0.441308889693755
2016-08-12,40.049896240234375,40.056843716725176,39.88067312893573,39.952631569363106,17946000,0.17617058778944283,0.4335106232283178
2016-08-15,39.99580001831055,40.26377570503471,39.90002329149805,40.057831322105294,18596000,0.363752413536659,0.4364172577356352
2016-08-16,39.759090423583984,39.911438914089175,39.551158340317876,39.873721881796804,21158000,0.3602805737712984,0.4319512938214548
2016-08-17,39.9690055847168,39.97942869228269,39.51642388031734,39.70003791868389,21322000,0.46300481196534804,0.4300017324240635
2016-08-18,39.836509704589844,40.09704197469958,39.780929890816125,39.966031872791405,17292000,0.31611208388345347,0.40316889760773783
2016-08-19,39.682674407958984,39.761084359345034,39.54521657623412,39.68962188554437,22416000,0.21586778311091592,0.3390106144590698
2016-08-22,39.54867935180664,39.66529851012099,39.41866121935832,39.626093543419316,17056000,0.2466372907626706,0.3290147932184319
2016-08-23,39.53081512451172,39.74966252422521,39.5010413073855,39.72385653013412,18350000,0.24862121683970884,0.32366234491117396
2016-08-24,39.3824348449707,39.62361258679487,39.24149763143552,39.544210699830195,25672000,0.3821149553593486,0.3286959482505572
2016-08-25,39.26830291748047,39.43802202162598,39.06633010355701,39.30304030299668,24054000,0.3716919180689757,0.3218901814192116
2016-08-26,39.36357879638672,39.67026349279013,39.17450900429268,39.32735348158125,24978000,0.49575448849744674,0.3363522352077157
2016-08-29,39.49260711669922,39.62659308399478,39.21966783097945,39.35514551804993,15474000,0.40692525301532356,0.3325593864278988
2016-08-30,39.2990608215332,39.60078190113506,39.17747811524833,39.34670119126454,23348000,0.42330378588673057,0.34723453891640943
2016-08-31,39.19633865356445,39.281692269609195,39.06483259875173,39.18393163618605,21428000,0.21685967085746682,0.3347926309531992
2016-09-01,39.273258209228516,39.347200552139654,39.02166115272705,39.302040067436934,26070000,0.32553939941260523,0.3454618317834251
2016-09-02,39.544708251953125,39.55612331483358,39.365561807404355,39.46531014791795,26998000,0.19056150742922284,0.3330910527757511
2016-09-06,40.0980339050293,40.240455284688544,39.473253192283245,39.62014215915034,39790000,0.7672020924052987,0.36215687553532255
2016-09-07,40.09654235839844,40.22606072875652,39.88464244456871,40.093562705164736,22906000,0.3414182841878102,0.3534721235512127
2016-09-08,39.840972900390625,40.11788379533845,39.75015972648589,39.95908378895613,23554000,0.36772406885256004,0.3571586939061489
2016-09-09,39.128360748291016,39.786886914104414,39.107022339417924,39.63900219966454,37752000,0.6798645746864906,0.3903013218758328
2016-09-12,39.64148712158203,39.70847821783294,38.88122866671199,38.93184870496646,37274000,0.8272495511209499,0.43177362618713844
2016-09-13,39.1402702331543,39.491119699933996,38.922414779621576,39.402786414339865,36180000,0.5687049203124204,0.4546367478637607
2016-09-14,39.22661209106445,39.517913893274326,39.081211071931776,39.081211071931776,25842000,0.4367028213425499,0.4585358811482751
2016-09-15,39.76107406616211,39.8811650658805,39.137285392761214,39.20428026145244,31144000,0.743879673119288,0.48512072079472596
2016-09-16,39.59929656982422,39.65140453409231,39.38342883090761,39.65140453409231,42612000,0.2679757031846961,0.46885080755810093
2016-09-19,39.47126388549805,39.898039560421246,39.38045072268415,39.755118436304606,22990000,0.5175888377370939,0.47675534932394165
2016-09-20,39.689117431640625,39.836506149440616,39.61368715023783,39.70003651669637,20984000,0.22281899920278647,0.46243500741794563
2016-09-21,39.949649810791016,39.9933223650681,39.503023641281096,39.76256393328359,26970000,0.49029872378700645,0.4819663683414842
2016-09-22,40.49155807495117,40.645890488382086,40.082648925777185,40.196288436832035,35186000,0.563241562604901,0.498945094283791
2016-09-23,40.44243240356445,40.54366490214864,40.33176875253905,40.451363792006376,28234000,0.21189614960959346,0.5004689972966746
2016-09-26,39.831546783447266,40.20026281965237,39.722371065743566,40.18735982180474,29454000,0.477891753908807,0.4798039731183538
2016-09-27,40.23250961303711,40.36947521453538,39.79084703903281,39.79084703903281,27346000,0.5786281755025655,0.4967475367836935
2016-09-28,40.19926452636719,40.20869567824468,39.83799575392633,39.902506952979145,29406000,0.37069992431835175,0.4969600978883929
2016-09-29,39.831050872802734,40.390324651932666,39.74271758545197,40.05882967497996,27000000,0.6476070664806954,0.49465599015940753
2016-09-30,39.90150833129883,40.101497179652284,39.774469865931145,39.87868199441793,33204000,0.327027313721139,0.4589258303451353
2016-10-03,39.718894958496094,39.87570725530058,39.51295056512413,39.826578944823616,29784000,0.36275669017645384,0.44421524247828054
2016-10-04,39.8384895324707,40.02259953976899,39.683661148855165,39.9481612150694,25174000,0.3389383909138246,0.43723206887622873
2016-10-05,39.76107406616211,40.121846829243104,39.735268074356554,39.997784220750646,24276000,0.3865787548865498,0.41171057471674743
2016-10-06,39.852882385253906,40.04493183353091,39.725347921671634,39.90250667541786,21998000,0.3195839118592758,0.41539687533636027
2016-10-07,39.73527145385742,39.99481175531273,39.54223004891363,39.994315777435084,23262000,0.45258170639910134,0.41075350881221795
2016-10-10,40.40322494506836,40.562520923946174,39.8111977329862,39.89506342743224,29922000,0.7513231909599725,0.44850380822344554
2016-10-11,40.174949645996094,40.685591046230755,40.065773936868496,40.403224407767155,34432000,0.6198171093622591,0.45775512147882075
2016-10-12,40.28412628173828,40.4196001794308,40.124334323432066,40.29355364759973,18158000,0.29526585599873556,0.4386139995783803
2016-10-13,39.90250778198242,40.025578448100006,39.63155619702256,40.001264173264374,27380000,0.3940222510774447,0.451623006826084
2016-10-14,39.92831039428711,40.20075367592646,39.81516686771628,40.06974358859108,22238000,0.3855868082101779,0.44502979641903906
2016-10-17,40.03947067260742,40.369477678691865,39.89010183027704,39.997289838368275,21128000,0.4793758484148256,0.4379403444842005
2016-10-18,40.7664794921875,41.12973215836576,40.361538183600246,40.40520695133663,45786000,0.7681939747655164,0.46633277665899797
2016-10-19,41.03197479248047,41.178867543125165,40.83546153588317,40.83546153588317,30002000,0.3434060072419953,0.44460412957051937
2016-10-20,40.773433685302734,41.11286811211373,40.719837779466495,41.067707617283645,27878000,0.3930303326472355,0.44931863092238344
2016-10-21,40.89401626586914,40.905431329349284,40.608673753681884,40.69253944892191,32316000,0.29675757566739946,0.444604408457451
2016-10-24,41.473636627197266,41.58281233923913,41.14114971222664,41.19325767882507,28952000,0.4416626270124908,0.45194185389307
2016-10-25,41.11683654785156,41.61060336870445,40.95555286485629,41.61060336870445,37814000,0.655050503848166,0.4711184073903283
2016-10-26,40.7967529296875,41.07515176062275,40.51141040816944,41.04587013414104,35898000,0.563741352453313,0.48855822457561665
2016-10-27,40.56103515625,41.019072643956065,40.4250614886426,40.84191387983384,59470000,0.594011155313467,0.49866032806949995
2016-10-28,40.67070770263672,41.63541882161264,40.54366542073676,41.18581673495188,87098000,1.0917534008758807,0.522976771634922
2016-10-31,40.191322326660156,40.823050443143075,40.097037317012415,40.81312331407042,44854000,0.7260131261306597,0.5305622014040934
2016-11-01,39.97198486328125,40.39280887520307,39.61369192991004,40.23946461851519,47118000,0.7791169452930333,0.5651229934965433
2016-11-02,39.12538146972656,40.03550466138214,38.95566238328915,40.03550466138214,47014000,1.0798422780929897,0.6141101382833679
2016-11-03,38.81621170043945,39.20378239229927,38.63954516118791,38.930843152347194,43504000,0.5642372311113562,0.6268708827763092
2016-11-04,38.76212692260742,39.12835927731055,38.260912856665115,38.27579976591544,39412000,0.867446420645436,0.65459020936421
2016-11-07,39.80077362060547,39.94815854049249,39.3476959906743,39.44942823474963,39852000,0.6004625498181895,0.6426093932965438
2016-11-08,40.2945442199707,40.49602103004838,39.68117861597495,39.80077743122523,35382000,0.814842414073432,0.6762834223559321
2016-11-09,39.977439880371094,40.28114491967384,39.30502262707691,39.79084997995276,61970000,0.9761222925969335,0.7179328480666248
2016-11-10,38.721923828125,40.19926003135776,38.12344518339161,40.19628416441805,118192000,2.07581484796615,0.8450083675165355
2016-11-11,38.29813003540039,38.57304942295509,37.98995741521665,38.549231127786086,71852000,0.5830920077384363,0.8551104661398173
2016-11-14,37.378578186035156,38.29962047581752,36.90069024300515,38.298628520048524,73766000,1.3989302328123685,0.9082447324944033
2016-11-15,38.467350006103516,38.71944684458934,37.974079200334565,37.98648243293769,58878000,0.7453676442547774,0.9212180390516507
2016-11-16,38.70654296875,38.88122182394265,38.02916216767748,38.232126904638434,35968000,0.8520596562651761,0.9396500748339156
2016-11-17,39.01322555541992,39.14919921380259,38.70009314493386,38.831599216389655,30674000,0.44910606886872984,0.893746693976262
2016-11-18,38.50754928588867,39.267803884664836,38.47678351229251,39.06335119699981,36126000,0.7910203723723228,0.8983900687078094
2016-11-21,38.94573974609375,39.032581309353134,38.523923804782555,38.61324904356612,32616000,0.5086575045705786,0.879071537227634
2016-11-22,38.955657958984375,39.39086903200431,38.89313067868055,39.15366290632493,27884000,0.4977383533237614,0.8374926854584034
2016-11-23,38.65790939331055,39.17996581678805,38.34278930902145,39.17996581678805,26260000,0.8371765077665998,0.8569883480766352
2016-11-25,38.71895217895508,38.85145020792031,38.61771590062323,38.837059277296895,12270000,0.23373430729707678,0.8117231971231809
2016-11-28,38.99486541748047,39.68713313158166,38.61324642739143,38.62565344589951,51508000,1.0738867041902296,0.8455392081497551
2016-11-29,39.175994873046875,39.52336866675731,38.972530375237625,39.123390933103416,31240000,0.5508382915196819,0.8266817708244873
2016-11-30,38.503082275390625,39.27872355867141,38.36760837343348,39.15912852164099,45582000,0.9111151852379322,0.82203840601313
2016-12-01,37.929908752441406,38.638059090940125,37.38552196581087,38.63557920176285,57342000,1.2525371251292583,0.7632328543819236
2016-12-02,37.93636703491211,38.23610428910649,37.66541543077381,37.809328536690124,34376000,0.5706888583326801,0.7623469151386553
2016-12-05,38.619205474853516,38.70753875994642,38.06092366581583,38.211288263024024,33770000,0.6466150941305884,0.708610119518528
2016-12-06,38.51796340942383,38.96955311114852,38.3760380299774,38.71696031343343,34682000,0.5935150811711196,0.6977635078696954
2016-12-07,39.276737213134766,39.303035398386605,38.386460726976026,38.705056464199906,40588000,0.9165746714105794,0.7023717232372242
2016-12-08,39.460350036621094,39.65041558282734,39.10007320456806,39.35018236538926,32250000,0.5503423782592805,0.7096028881936921
2016-12-09,40.16899108886719,40.193805124916956,39.60326589896358,39.665297202997664,38090000,0.5905392259533784,0.6952828063066246
2016-12-12,40.09207534790039,40.26328236335778,39.92483994144819,39.93923087169484,32572000,0.3384424219095905,0.683124586116554
2016-12-13,40.461280822753906,40.90592305519874,40.29255749404697,40.31488785471283,42564000,0.6133655611517739,0.6913836723899836
2016-12-14,40.58782958984375,40.903941647693976,40.33424481733955,40.49006894588856,35994000,0.5696968303544239,0.6722779811462567
2016-12-15,40.47666931152344,40.84141369647383,40.29553517063618,40.561526957518716,35394000,0.5458785258376508,0.6945739967562977
2016-12-16,40.188350677490234,40.652839656835134,40.1029932600866,40.60867490748878,51978000,0.549846396748535,0.6571425462247481
2016-12-19,40.32034683227539,40.50495280725989,39.92334497979842,40.16055489285455,25272000,0.5816078274614682,0.6593403702205899
2016-12-20,40.4543342590332,40.51835326157836,40.2459099826058,40.36352109473915,25438000,0.2724432789725597,0.6137209483444919
2016-12-21,40.30546188354492,40.48014073835432,39.953124520746776,40.48014073835432,29192000,0.5270162176075459,0.5618980263786553
2016-12-22,40.1804084777832,40.24938726157445,39.999274333530465,40.15162661739674,22632000,0.25011292804398266,0.5389997456437483
2016-12-23,40.08710861206055,40.24442066269139,39.95361864139527,40.09753171856805,15310000,0.2908020212961162,0.5135845261555717
2016-12-27,40.192813873291016,40.49403904001457,39.98786520842909,40.13078256232712,19520000,0.5061738315854782,0.5073458654708831
2016-12-28,39.926822662353516,40.36153778224822,39.82112258904492,40.36153778224822,24296000,0.5404151932033017,0.4804773313132204
2016-12-29,39.842960357666016,39.98538173439257,39.607738109925165,39.81566642926072,21148000,0.37764362446740307,0.468141706042372
2016-12-30,39.32537078857422,39.86330612904933,39.184929539720855,39.85933451989293,34718000,0.6783765893284723,0.4744158034263073
2017-01-03,40.0975341796875,40.26774545030832,39.545703917091544,39.73080209555945,39180000,0.7220415332167747,0.501815739948249
2017-01-04,40.08562469482422,40.366503401669846,39.903998354295574,40.19082879563864,30306000,0.4625050473742718,0.49103998896414175
2017-01-05,40.34615707397461,40.38188641152178,39.993819691175254,40.07222584262852,26810000,0.38806672034652934,0.47806640967786357
2017-01-06,40.951087951660156,41.13718188276882,40.27072744913276,40.44391838306494,40342000,0.8664544336360649,0.5009646888063217
2017-01-09,41.04884719848633,41.210127085503736,40.772932060539,41.0086502746762,28178000,0.43719502496473694,0.49291816225033613
2017-01-10,40.990779876708984,41.159506988128165,40.84835852025762,41.04338381446413,23948000,0.3111484678705452,0.4735996365652702
2017-01-11,41.18183898925781,41.18382290062114,40.765486415377445,41.02105508874969,26508000,0.4183364852436924,0.4840205798703511
2017-01-12,41.165462493896484,41.20764332521419,40.742654652897116,41.10839096968114,26990000,0.46498867231707663,0.47959004092103186
2017-01-13,41.235435485839844,41.419541705821715,41.16496877051085,41.2384113529282,25804000,0.2545729353108612,0.47990861286866604
2017-01-17,41.062740325927734,41.19771823560679,40.851336394965074,41.18878684829836,28818000,0.34638184064171895,0.4838785999647805
2017-01-18,41.14015579223633,41.179360759784444,40.89500642973119,41.17886478192362,20554000,0.2843543300532545,0.468034349855336
2017-01-19,40.909400939941406,41.33766839501273,40.88905827368643,41.139167436687345,21410000,0.44861012132629696,0.4614768447212642
2017-01-20,41.09797668457031,41.15107660663391,40.92081414245824,41.14362936622756,26124000,0.23026246417566654,0.45094961898614017
2017-01-23,41.90488052368164,41.959964358364125,41.12427947209764,41.26868854642984,49148000,0.8356848862664847,0.4621859259102839
2017-01-24,42.15796661376953,42.256719213077204,41.79818200283484,42.03142032387728,33768000,0.45853721024236194,0.44336418855496873
2017-01-25,42.60062026977539,42.61749108882122,42.16838503962544,42.357458610615055,33108000,0.4491060491957768,0.4424071172565048
2017-01-26,42.52766799926758,42.72716088235843,42.20709216284259,42.630392200820424,69866000,0.5200687195158409,0.4518358314828842
2017-01-27,41.934654235839844,43.02491586305554,41.7793298621954,42.62791774368355,75050000,1.2455860008601434,0.4789166577131755
2017-01-30,40.882606506347656,41.547580358366034,40.74365318616884,41.53914494795873,70338000,0.8039271721971915,0.5051118110869223
2017-01-31,40.701969146728516,40.844890292997185,40.36501462672483,40.667727740416986,40404000,0.4798756662723562,0.5171637538299088
2017-02-01,40.45632553100586,40.89104068285953,40.30794484909522,40.89104068285953,45020000,0.5830958337643111,0.5289322787242386
2017-02-02,40.60618591308594,40.91882610719877,40.298017091638854,40.444410059881044,33784000,0.6208090155599137,0.5400623032415842
2017-02-03,40.69898986816406,40.996739391700366,40.660280877807196,40.84786652297752,30562000,0.33645851389317016,0.5459112731403205
2017-02-06,40.77293395996094,40.81114318799051,40.40918150334489,40.738196577165525,27018000,0.4019616846456202,0.549881261997742
2017-02-07,41.150577545166016,41.284071319426445,40.855807662616314,40.965479353787416,33332000,0.428263656810131,0.5601604996232332
2017-02-08,41.182830810546875,41.39969428117468,40.946120654169825,41.215088300547556,26044000,0.45357362700485737,0.5605150357431304
2017-02-09,41.19176483154297,41.287045588029244,41.01510205722818,41.27463856907488,23884000,0.27194353080106737,0.5634922547878018
2017-02-10,41.42947006225586,41.54360554813792,41.21409830101388,41.33518126306503,28302000,0.32950724712404167,0.5273367091347703
2017-02-13,41.6334342956543,41.7713918757338,41.498948560926706,41.570903218410955,25914000,0.2724433148070915,0.5140442880322509
2017-02-14,41.686527252197266,41.784287897768046,41.47810296426607,41.67362425540763,27266000,0.3061849335019744,0.503835636911265
2017-02-15,41.55204391479492,41.77287521421095,41.49745606225699,41.62598247577518,27144000,0.2754191519539617,0.4863606677997022
2017-02-16,41.792728424072266,41.81853063238226,41.54906698310284,41.610602315701875,20102000,0.2694636492794231,0.41663764268679365
2017-02-17,42.01008224487305,42.02943673981585,41.674119712939536,41.75004597303008,29224000,0.35531702687631395,0.38459406087815956
2017-02-21,42.14506530761719,42.29046633418327,42.010083602609015,42.081546064238914,25206000,0.28038273157425664,0.370344565542581
2017-02-22,42.248783111572266,42.36937010447496,42.01802466163737,42.08204367146442,24488000,0.35134544283759084,0.3537909661906724
2017-02-23,42.230918884277344,42.31131274138539,41.80910669560517,42.23489049377656,27734000,0.5022060457802198,0.34531932549212285
2017-02-24,42.07261276245117,42.09990669139501,41.83193096706205,42.064673329936916,26924000,0.26797572433296324,0.34042769766639375
2017-02-27,42.164920806884766,42.214545103373645,41.83441776746308,41.93069049280978,20206000,0.380127335910565,0.3388681013281755
2017-02-28,41.9296875,42.12322865919275,41.756496577131536,42.04978228999186,27662000,0.3667320820612119,0.3344729888461099
2017-03-01,42.516265869140625,42.57829718567798,42.13266290525827,42.24977806116953,36374000,0.44563428041971065,0.33390589266145654
2017-03-02,42.17384338378906,42.50335439848353,42.11776759972527,42.49441922527507,25018000,0.3855867987582613,0.3420232689441133
2017-03-03,42.13563919067383,42.22198857118506,41.91877946265514,42.128691713441484,20100000,0.30320910852992,0.34014483047310456
2017-03-06,42.045814514160156,42.128688256208726,41.74310140841063,42.02546806207148,20958000,0.3855868477980948,0.3482265114010334
2017-03-07,42.23835372924805,42.34653747252494,41.95896677020723,42.04531234482657,20774000,0.38757070231770996,0.35403978060215735
2017-03-08,42.36192321777344,42.525190799363294,42.243320146074254,42.33611722477396,20576000,0.28187065328904026,0.3545006021260915
2017-03-09,42.57034683227539,42.71277198330302,42.31378619815778,42.364406227644714,26954000,0.39898578514524274,0.36375218325936437
2017-03-10,42.74750900268555,42.887450477189084,42.55893519659828,42.81152421968965,26732000,0.3285152805908069,0.3618377728103996
2017-03-13,42.904815673828125,43.031358158410924,42.71822580255104,42.71872178033521,23332000,0.3131323558598851,0.36417703168794446
2017-03-14,42.9708251953125,43.0536989311068,42.68399097612587,42.86363339999027,21234000,0.3697079549809317,0.36548863969818307
2017-03-15,43.09389114379883,43.16783349042689,42.74204975761626,43.07156078228258,26658000,0.4257837328106291,0.36002990305749805
2017-03-16,43.17379379272461,43.30827952674878,43.05072312269309,43.20009576604366,22090000,0.25755640405568414,0.35928566589483524
2017-03-17,43.291404724121094,43.39313698551303,43.09290376645389,43.3564119041769,37366000,0.3002332190591446,0.35357894326259093
2017-03-20,43.07007598876953,43.19066297862106,42.909292073603915,43.147986163876745,30844000,0.28137090501714823,0.3474817163308721
2017-03-21,42.188236236572266,43.34598864129953,42.066653511858306,43.17676553963307,50760000,1.2793351294412219,0.40703177697526577
2017-03-22,42.17136764526367,42.44678681434154,42.03241432992479,42.15548499471337,27334000,0.41437248441675223,0.4090878973794437
2017-03-23,41.667667388916016,41.76890366239411,41.33766417006349,41.754016754607136,65754000,0.43123949233061865,0.4182329247937793
2017-03-24,41.44386672973633,41.883545486797864,41.1441332572461,41.784293109148955,42114000,0.7394122295517676,0.4435061663476131
2017-03-27,41.6110954284668,41.75352057965877,40.90592472069504,41.094002550739496,38692000,0.8475958589637287,0.476365106108043
2017-03-28,41.716304779052734,41.95301494948104,41.301436329331494,41.669656356765074,30384000,0.651578620149543,0.5027728180266503
2017-03-29,42.17483901977539,42.26019264790651,41.75352284968886,41.82150967990313,29146000,0.5066697982176436,0.5104645332461075
2017-03-30,42.15549087524414,42.28054546901213,42.021008914280195,42.27955351310637,18988000,0.2595365547319375,0.5055374813990454
2017-03-31,42.07211685180664,42.159458181784736,41.94507835919382,42.023980492651866,28820000,0.2143798225909137,0.49848372902269034
2017-04-03,42.516265869140625,42.62792148168965,42.05872054612897,42.1192639288651,39388000,0.56920093556068,0.5127332276355295
2017-04-04,42.3088264465332,42.3301648523948,42.05772156861287,42.08203962767055,26970000,0.27244328378193217,0.501780338419194
2017-04-05,42.127197265625,42.70681744000787,42.05821848190618,42.41502344136857,37104000,0.6485989581016867,0.5297119494224799
2017-04-06,41.938133239746094,42.35944945398474,41.88354537870284,42.15648089782802,30672000,0.47590407528189616,0.542259867724105
2017-04-07,41.78925323486328,41.97683510195683,41.55105512029424,41.93316633104035,22232000,0.42577998166259334,0.5525748017702082
2017-04-10,41.769405364990234,42.01951832279848,41.72424865758679,41.76146593215507,20924000,0.2952696652116913,0.4822844114680989
2017-04-11,41.679080963134766,41.91479916222082,41.417060794388895,41.76939814842842,19486000,0.4977383678319214,0.48823911742632525
2017-04-12,41.75749588012695,41.86964746185861,41.565446424204374,41.60861921761759,22716000,0.3042010376542379,0.47916494209229804
2017-04-13,41.6939697265625,41.87014030447037,41.57834630822357,41.73664653888498,21474000,0.2917939962467955,0.4471922111419429
2017-04-17,42.43586730957031,42.46117732575149,41.73615231922237,41.753522903252176,20982000,0.7250250065291226,0.4384371502537568
2017-04-18,42.379295349121094,42.54801869331661,42.2433216891391,42.30733691002721,18724000,0.30469700417750545,0.4136598919700398
2017-04-19,42.50434875488281,42.68746302464382,42.35646405774925,42.54801752336051,21606000,0.330998966894569,0.40111197544696303
2017-04-20,42.68151092529297,42.872564625316954,42.553476702041586,42.66463631982733,23776000,0.3190879232753687,0.4053656446286367
2017-04-21,42.62543487548828,42.79862960082511,42.56489528300526,42.708308617818545,23458000,0.23373431781985232,0.40674810857356086
2017-04-24,43.616939544677734,43.66805555194461,42.980747620740054,43.096374823312495,33930000,0.6873079312045576,0.4151843225481236
2017-04-25,44.108726501464844,44.277945815648785,43.634310433362856,43.78219134157877,40760000,0.6436353822859289,0.44169804386983763
2017-04-26,44.12361526489258,44.31467275702346,43.92561029643131,44.23527086405299,26466000,0.3890624605921502,0.42315972261915646
2017-04-27,44.23774719238281,44.33401989750991,44.02634705224293,44.16628852333417,46846000,0.30767284526697836,0.41114320618951944
2017-04-28,45.879356384277344,46.44408595173862,45.81484139135341,46.101675655667776,76918000,0.6292445603852101,0.4256763903839921
2017-05-01,46.29123306274414,46.4401097113339,45.69474208486865,45.86098553034263,46556000,0.7453676264652529,0.4578262447592465
2017-05-02,46.50313186645508,46.795921592091,46.200914775828366,46.31356610833287,35026000,0.5950068162626323,0.46477399107572587
2017-05-03,47.06687545776367,47.15371701656006,46.40984109093424,46.45152594781824,36496000,0.7438759256258152,0.4961793402165528
2017-05-04,47.378028869628906,47.59737226194874,47.01328444098065,47.15818949939638,38752000,0.5840878209680938,0.5170574705537884
2017-05-05,47.15768814086914,47.56262945078794,47.04950439079089,47.477272040361875,32310000,0.5131250599970514,0.5019217600872119
2017-05-08,47.575035095214844,47.68917057626963,47.01476565243741,47.017249327736685,37534000,0.6744049238322205,0.5283294686339772
2017-05-09,47.476776123046875,47.74921941001433,47.36214466069312,47.70604661993539,33758000,0.3870747493212079,0.5323348816644514
2017-05-10,47.38397979736328,47.476776877223294,47.13585456579633,47.45246260358555,22920000,0.34092231142696505,0.5338944808181368
2017-05-11,47.43608093261719,47.54029685494925,47.07481219364583,47.207806188550954,20622000,0.4654846613034138,0.5504480767812484
2017-05-12,47.39886474609375,47.53979817562925,47.24602027611878,47.53335046365582,24298000,0.2937778995104736,0.5223387888030996
2017-05-15,47.60133361816406,47.77402856059207,47.283733637007025,47.40630831442589,26754000,0.4902949235850471,0.5113858988958937
2017-05-16,47.868812561035156,47.93282777685968,47.65741241963593,47.81621240764918,22030000,0.2754153572237499,0.5032682486552937
2017-05-17,46.75522994995117,47.68917138623922,46.650518046111664,47.62515616874931,48982000,1.0386533401275528,0.5554811411453348
2017-05-18,47.168609619140625,47.351227917804934,46.71056836665466,46.806345103008915,36010000,0.6406595511502715,0.5562964976285534
2017-05-19,47.374549865722656,47.61821130278275,47.243043792492934,47.28373669498251,27206000,0.3751675102898133,0.5298536321874506
2017-05-22,47.842018127441406,47.8792391845147,47.46933429537857,47.49116868009444,27748000,0.4099048891361292,0.5166320659641289
2017-05-23,48.1635856628418,48.360098894756774,47.86335248663909,48.134307826405326,30908000,0.4967464081176871,0.4989799575706912
2017-05-24,48.51394271850586,48.53924894808386,48.21718515109815,48.39732355580964,22660000,0.3220637969857094,0.48026395585766374
2017-05-25,49.22109603881836,49.41562915476303,48.52436073468418,48.582920196436895,39082000,0.8912684200788519,0.5072741958635066
2017-05-26,49.291072845458984,49.445901237505566,48.997787117442726,49.22804579399912,32728000,0.44811412006284,0.4911105670228366
2017-05-30,49.43497848510742,49.50693691913104,49.19628441623343,49.25285617889685,30324000,0.3106525028976108,0.4856518351354368
2017-05-31,48.9843864440918,49.60519549656907,48.7159147636656,49.43696813545812,34482000,0.8892807329034653,0.5248202938123298
2017-06-01,49.0439338684082,49.28461562464684,48.69655630325718,49.17643188227209,26128000,0.5880593213896574,0.5335756266756329
2017-06-02,49.43250274658203,49.45036930865034,48.98339666636543,49.058826951613746,34710000,0.4669726422849081,0.5459466797309496
2017-06-05,49.81760025024414,49.99227914070832,49.39925988734779,49.520346656639795,27578000,0.5930192533605307,0.5532841318577698
2017-06-06,49.46029281616211,50.052320036613125,49.366999754627315,49.78930788618503,31042000,0.6853202819858097,0.5825630550550598
2017-06-07,49.69948196411133,49.81907698658337,49.42009121166414,49.57988315554893,27482000,0.3989857749192254,0.5368725146830364
2017-06-08,49.83744430541992,49.902947461120334,49.4573170101493,49.83496062990177,33758000,0.4456304509710307,0.5229418646702335
2017-06-09,48.142250061035156,49.89798518514761,47.311029027469736,49.89748920728695,72958000,2.586956157677875,0.6809267680550951
2017-06-12,47.729862213134766,48.037042863135326,46.488740167416154,47.57652177009396,84042000,1.5483026957191726,0.762240897096741
2017-06-13,48.16110610961914,48.52882634832214,47.73978618989683,48.237528343240285,40108000,0.7890401584253084,0.783119022118714
2017-06-14,48.03357696533203,48.617664805687994,47.61573259742856,48.40924049271094,30110000,1.0019322082594329,0.8316810514954085
2017-06-15,47.64897918701172,47.67379322634323,46.66590934347437,47.04554067148325,48552000,1.0078838828688603,0.8400107274089805
2017-06-16,47.57155990600586,47.63756282047895,47.07928106997453,47.5363265484606,51184000,0.5582817505044204,0.8478798438690934
2017-06-19,48.39533996582031,48.59780873424229,48.046970409023714,48.11892506137631,29376000,0.550838325218578,0.8650359740348768
2017-06-20,48.086181640625,48.67175742361029,48.04697666708339,48.399810070684495,25946000,0.6247807565268957,0.8461431185794075
2017-06-21,48.56257629394531,48.610216673197506,48.10900262833196,48.1755015253506,23232000,0.5012140448655487,0.8399398845419712
2017-06-22,48.464813232421875,48.65735865136736,48.30055369567204,48.477216464930635,20190000,0.356804955695317,0.8320707640712861
2017-06-23,48.93476104736328,48.96106301777214,48.35762077628013,48.40923276139795,31280000,0.6034422414920115,0.8328152632235347
2017-06-26,48.24000549316406,49.32679509290765,48.15266417994646,49.12879015126935,30358000,1.1741309129611892,0.8677303082932047
2017-06-27,47.049007415771484,47.99833551486356,46.999383128579524,47.71944452202506,48872000,0.9989523862840386,0.9105850662478342
2017-06-28,47.69015884399414,47.80082247159869,46.45697629236426,47.17654164678567,54912000,1.3438461792344327,0.9747433325523629
2017-06-29,46.53935623168945,47.22616815296676,46.13143907875821,47.210785268156336,64134000,1.0947290742085443,0.868155683733125
2017-06-30,46.13541030883789,46.89566480314065,46.131934677988745,46.84554454041628,45754000,0.763730125151902,0.8121147858354628
2017-07-03,45.62824630737305,46.36170672945465,45.42230190340284,46.31108669671117,33896000,0.9394048260518133,0.822855119237356
2017-07-05,46.26344680786133,46.463435693270874,45.587057909915366,45.86346903704223,41882000,0.8763777833555082,0.8138869460299328
2017-07-06,46.036659240722656,46.455991500775355,45.647600561797674,45.90316925530482,40298000,0.8083909389776807,0.7996374500377057
2017-07-07,46.68773651123047,46.87879398349058,46.14086606341336,46.20041747694762,33266000,0.7379279200772189,0.8124693192929057
2017-07-10,47.193424224853516,47.299128100765195,46.74431810498376,46.74431810498376,29030000,0.554809995781433,0.8127530100473953
2017-07-11,47.318973541259766,47.38646439846364,46.90162895018833,47.169604681257134,29224000,0.4848354482753052,0.8027569166008531
2017-07-12,48.02017593383789,48.117936586972256,47.49315965271021,47.682725437992914,32042000,0.6247769342620444,0.8115828372720314
2017-07-13,48.079227447509766,48.56803445929512,47.878246614600265,48.175996136913994,30492000,0.6897878446948553,0.835367329343427
2017-07-14,48.47920608520508,48.510467835780986,48.14373952231558,48.33479701526849,21592000,0.36672831346540846,0.818459191627241
2017-07-17,48.43205642700195,48.798784700658935,48.175991785220425,48.44992298688496,33210000,0.6227929154385095,0.7790779060899068
2017-07-18,48.977447509765625,49.17098491991214,48.237539278025096,48.30304244193888,28266000,0.9334456418870403,0.7743988529186926
2017-07-19,49.26625442504883,49.40669187394969,48.980412176723874,49.129288820987746,28242000,0.4262796972258158,0.708858389918077
2017-07-20,49.23747253417969,49.55953630855649,48.8618090789253,49.47616659937202,28368000,0.6977272296311909,0.680501115305409
2017-07-21,49.31935501098633,49.38237827160455,48.83947941242943,49.079169222787385,29266000,0.5428988591751249,0.6647274534499249
2017-07-24,49.54118347167969,49.9322298586571,49.14219765232108,49.33226319593974,79690000,0.7900322063360221,0.6540579806130827
2017-07-25,48.088157653808594,48.47026883727376,47.82861736411109,48.17103138870945,118672000,0.6416514731626677,0.6372918155993084
2017-07-26,47.9035530090332,48.332312625528374,47.65145995228316,48.27425292612219,44432000,0.6808526732452123,0.6281819394755607
2017-07-27,47.26835250854492,48.11247654391243,46.501646453008206,48.095601938273454,74358000,1.6108300909042228,0.6905320945346324
2017-07-28,47.55717086791992,47.728873861858474,46.9110517937302,47.04404958365928,36276000,0.8178220681282724,0.7093186711308351
2017-07-31,46.92048263549805,47.69909973051806,46.73339297067391,47.640044290025756,45670000,0.9657067598441458,0.7436666219571809
2017-08-01,46.973079681396484,47.36660590772958,46.89368158160399,47.03511098495856,28052000,0.472924326125586,0.732820007090291
2017-08-02,47.026676177978516,47.09913058907893,46.27634500557477,47.06290149048355,40788000,0.8227855835041638,0.7423198455766702
2017-08-03,46.66242980957031,47.143793358053344,46.61975299724924,47.09913263430074,22478000,0.5240403608041007,0.7535564203865768
2017-08-04,46.93487548828125,47.02171705092121,46.63762193437322,46.843562552511514,25092000,0.38409511654798933,0.7365065776086824
2017-08-07,46.932884216308594,47.09218397084506,46.82122862365179,47.02072151411599,28916000,0.2709553471932722,0.6891858422734133
2017-08-08,46.85547637939453,47.26736521233886,46.77061872324248,46.86043994461183,30102000,0.4967464890963811,0.6942191845498823
2017-08-09,46.651512145996094,46.83413042679429,46.34581942696124,46.57062232617494,28018000,0.4883109998330468,0.6792608824214434
2017-08-10,45.83319854736328,46.46393096744499,45.743377331854624,46.39941976819309,54148000,0.7205536355903632,0.6919505093082462
2017-08-11,46.15576171875,46.3180335642897,45.71558703292893,45.83915367368673,32334000,0.6024465313607692,0.6785515325242996
2017-08-14,46.59444046020508,46.69914857390887,46.37410514833401,46.60138793592993,23012000,0.32504342557486154,0.6559366719823133
2017-08-15,46.55226135253906,46.79989059865185,46.48080268131924,46.69865432601505,22130000,0.31908791733260955,0.6300963322742703
2017-08-16,46.85944747924805,47.138834484661764,46.64953145566643,46.70957885726091,26906000,0.4893030289953373,0.5499872564236357
2017-08-17,46.0351676940918,46.83661109376019,46.034175738409836,46.793934282893545,33914000,0.8024353553503545,0.5488882055109272
2017-08-18,45.96173095703125,46.20191679555569,45.82625704234026,46.001431909170584,26748000,0.3756597532154302,0.5067419907517332
2017-08-21,45.69821548461914,46.06444781218914,45.585567931692054,45.941380937995106,26024000,0.4788798804970824,0.5071673874925544
2017-08-22,46.667396545410156,46.74481074349614,45.96123003833307,46.00043500831304,35502000,0.7835807051630681,0.504367039039619
2017-08-23,46.77558135986328,46.91701078397568,46.41133291639971,46.4986704603811,22690000,0.5056778675759688,0.5030554323804667
2017-08-24,46.49320983886719,46.96067464247233,46.18801308649525,46.83165225161101,25892000,0.7726615559770735,0.5308101780539728
2017-08-25,46.17610549926758,46.683767221680185,46.15625502710338,46.60833694189239,23746000,0.5275121945768078,0.5491356671527967
2017-08-28,46.05849838256836,46.39197725724702,45.958254057354154,46.24459231590403,20988000,0.43372319989286723,0.54463400363826
2017-08-29,46.4366340637207,46.55772080838012,45.62079972213167,45.652561234887216,23172000,0.9369210862484465,0.57667758123936
2017-08-30,46.82767868041992,46.938342313979845,46.35227067894128,46.43266452050314,22406000,0.5860716350385644,0.5670717240570886
2017-08-31,47.40383529663086,47.50109997367631,46.95770505315194,46.96018494273795,33866000,0.5433949205243707,0.5628537518544887
2017-09-01,47.242549896240234,47.5571740445362,47.15769224238034,47.51449722865663,20858000,0.3994818021558544,0.568170778753131
2017-09-05,46.72098922729492,47.2127720964175,46.42919144524409,46.987969186022546,29148000,0.7835806511734091,0.6013488311703311
2017-09-06,46.74778747558594,46.870854348551845,46.28428669963663,46.83959259897241,27830000,0.5865676489152136,0.6082963040217508
2017-09-07,47.13833236694336,47.16860594579651,46.52496679139255,46.85844942007741,22332000,0.6436391544039566,0.5969537182398652
2017-09-08,46.717506408691406,47.178523435364646,46.6480316584372,47.128899154624484,19998000,0.5304917769274482,0.6080131485050094
2017-09-11,46.81081008911133,47.27678696180678,46.69716679707367,47.004843440445214,26748000,0.5796201647331074,0.6152088830932969
2017-09-12,46.97755432128906,47.049013000440326,46.52348465670868,46.990953296891284,25696000,0.5255283437316436,0.5967765715624809
2017-09-13,47.16563034057617,47.28522916054444,46.88276771628767,46.92048475210786,21908000,0.40246144425677244,0.589403969896824
2017-09-14,46.65399169921875,47.046029991411984,46.56615440428135,46.94528970073551,28548000,0.4798755871306355,0.5684906864077927
2017-09-15,46.4138069152832,46.73438654606956,46.21332207136566,46.652008791571085,39886000,0.5210644747038984,0.5680301349882991
2017-09-18,46.13888168334961,46.49171500229546,45.92301396387781,46.399909886858524,29474000,0.5687010384176503,0.5776714091686408
2017-09-19,46.49172592163086,46.545321827246,45.985552044165146,46.32052266816866,24854000,0.5597697830808528,0.5507320303709555
2017-09-20,47.02171325683594,47.14379195587361,46.523478903822635,46.53489396639547,40080000,0.6203130520509745,0.5531778458718419
2017-09-21,47.02220916748047,47.28274140618764,46.61677567697785,47.05099481279299,27414000,0.6659657292097876,0.5619329036350861
2017-09-22,46.809326171875,47.14380081946071,46.68923514772174,46.78501189471896,21496000,0.454565671738969,0.5658674657481656
2017-09-25,46.36368942260742,46.63513697475437,45.8788502316786,46.62025006648833,37468000,0.7562867430757692,0.5639179008840485
2017-09-26,46.52000427246094,46.850011277574154,46.40537281078783,46.4832829808281,33454000,0.4446384667863228,0.5537801021605563
2017-09-27,47.63508224487305,47.90950945539698,46.74431354698791,46.783518515945815,46692000,1.1651959084090677,0.5910341560180642
2017-09-28,47.87874221801758,47.946725260130066,47.419213048362934,47.45395042925969,28018000,0.5275122117671316,0.5908213299351844
2017-09-29,48.32090377807617,48.424619949286125,47.93779682281616,47.93779682281616,40622000,0.4868231264699645,0.5841929700592458
2017-10-02,48.010746002197266,48.5203954571342,47.73681476802177,48.416679288555535,30782000,0.7835806891124264,0.6026252804435873
2017-10-03,48.23950958251953,48.25737614186964,47.774524708600396,48.015202672433226,21666000,0.4828514332692464,0.6083674225159069
2017-10-04,47.976505279541016,48.354648665548986,47.91844179177288,48.22363856726776,21156000,0.4362068737761078,0.6052482287048692
2017-10-05,48.89010238647461,48.95560933140772,48.14969823411217,48.27475281688531,35618000,0.8059110972955494,0.6255944160328443
2017-10-06,49.30942916870117,49.34019872609693,48.558601991850274,48.63254433908038,31060000,0.781596734246655,0.6408012514492017
2017-10-09,49.243431091308594,49.64787264414547,49.203234167739055,49.37692107258531,25910000,0.44463847640641774,0.6325775866867421
2017-10-10,49.019622802734375,49.49949845019626,48.6876318609449,49.391810670282275,23268000,0.8118665892513661,0.6462599822010558
2017-10-11,49.905433654785156,50.000714418875944,49.02657215563427,49.08116001451772,36300000,0.9741422632416743,0.668272591774762
2017-10-12,49.905433654785156,50.19772365989416,49.67963876450277,49.815612433800894,30614000,0.5180848953913895,0.6728096791785063
2017-10-13,50.01559829711914,50.35751257519346,49.975401372258496,50.07713362911123,26552000,0.3821112029349649,0.6460828548827345
2017-10-16,50.08904266357422,50.22054874228806,49.70047994830035,50.10293761690179,21420000,0.5200687939877113,0.6514707353971195
2017-10-17,50.17091751098633,50.34758405662642,49.925275972236825,49.994254751436536,20260000,0.42230808438959144,0.5984073193957283
2017-10-18,50.25727081298828,50.434429564257954,49.88905078577245,50.17340512014817,25596000,0.5453787784855066,0.5996835027327551
2017-10-19,49.71635437011719,49.98830167758808,49.49105926962207,49.86076343345676,34284000,0.49724240796601293,0.60042773712533
2017-10-20,49.876651763916016,50.05430650805293,49.73769844114107,49.974908395415305,32120000,0.3166080669118614,0.5670725498252897
2017-10-23,48.907470703125,49.91237869206528,48.78638394924235,49.88210511054925,32786000,1.1259947428229324,0.6130113576505529
2017-10-24,49.053863525390625,49.09207653905142,48.48764229958939,48.95511092107929,28902000,0.6044342394620301,0.6250275980566903
2017-10-25,49.20125198364258,49.3486369224814,48.51940355088725,48.94369559147272,30574000,0.8292333715941496,0.6266934747923045
2017-10-26,49.19926071166992,49.94810396498932,49.152116313676444,49.549118183641085,47396000,0.7959876513128776,0.6277213974398919
2017-10-27,51.295921325683594,52.78219286366731,50.95747889494824,51.162927318854706,103682000,1.8247139687190739,0.7262982183193673
2017-10-30,51.26912307739258,51.601609961020664,50.73317169757723,51.07211007918639,46804000,0.8684382634434371,0.7303390521902295
2017-10-31,51.26466369628906,51.65967792551335,50.93018906168293,51.26267978462052,30326000,0.7294888638304187,0.7128638093751398
2017-11-01,51.73907470703125,52.00010293707846,51.31229900287452,51.42743023180678,43262000,0.6878039342039415,0.7249865978617507
2017-11-02,51.7574348449707,51.883981140435175,51.04730052943399,51.60955392842729,26694000,0.8366806110011851,0.7574558412950522
2017-11-03,52.105796813964844,52.139046257621935,51.493423235573914,51.74651200352491,27770000,0.6456230220480208,0.766424000442217
2017-11-06,51.74304962158203,52.2348363547633,51.70930419147537,52.06164540280558,18294000,0.5255321632879344,0.7737971489349559
2017-11-07,52.22489929199219,52.27551932057107,51.75892243055798,52.08892564155223,26104000,0.5165968900130906,0.7717412997583547
2017-11-08,52.51769256591797,52.73604019981871,51.959906760843886,52.108779631309304,24276000,0.7761334389748242,0.7916620876875555
2017-11-09,51.9931526184082,52.14996491013847,51.404101317421436,52.00704757013572,35892000,0.7458635927170363,0.8223231966736394
2017-11-10,51.81599044799805,51.93906110303014,51.6705894316979,51.80209549617476,19442000,0.26847167133224303,0.7610715487100188
2017-11-13,51.66959762573242,52.043769370356685,51.573324918379186,51.64974715362872,18814000,0.4704444519774995,0.7515008496039809
2017-11-14,51.691436767578125,51.72419023886882,51.08055102110331,51.49690742358137,21012000,0.6436392177655108,0.7382441243305067
2017-11-15,51.43189239501953,51.59168434353382,51.15150967877325,51.36192165694365,18106000,0.4401746647605691,0.7128289110053417
2017-11-16,52.030372619628906,52.19364020404737,51.5107998360815,51.54801710655975,23768000,0.6828403679658663,0.6312665109515413
2017-11-17,51.406089782714844,52.15592505067583,51.29890176821728,52.09637741576298,26712000,0.857023282458556,0.6304511551669069
2017-11-20,51.34505081176758,51.545535660609886,51.2467904057093,51.41154591875335,17526000,0.298745254900588,0.5996837545290619
2017-11-21,52.12118911743164,52.125656704610606,51.56737489523608,51.61203562266244,22206000,0.5582818093745274,0.5904321741841037
2017-11-22,52.20158004760742,52.37576293256396,51.96982965480921,52.16386301287419,14538000,0.4059332777547482,0.5596645075236439
2017-11-24,52.42985534667969,52.60602593101643,52.20158058272845,52.32415526773204,16492000,0.40444534828798595,0.5424375308264986
2017-11-27,53.198543548583984,53.249659556822905,52.343008243811624,52.531585840905464,35430000,0.906651313011281,0.569660327235309
2017-11-28,52.76581573486328,53.595049062712235,52.33159658736446,53.29680356950394,36424000,1.2634524753477763,0.6230071547592152
2017-11-29,51.48003387451172,52.541513664144034,51.0964309354443,52.412983451889076,55866000,1.445082728699731,0.6707892468824228
2017-11-30,51.41998291015625,51.81549686363573,51.117273609217705,51.607072576658794,45092000,0.6982232544180249,0.6673863655753506
2017-12-01,50.86914825439453,51.473082707312884,50.463710958450505,51.13414430633142,37762000,1.0093717488623781,0.7203077996846459
2017-12-04,50.21409606933594,51.18029885308843,50.082589993697184,51.00462424291862,38778000,1.097708859391247,0.7651124002141992
2017-12-05,50.59769821166992,51.445294117772754,49.74017896190089,50.170426520421735,38998000,1.7051151558718658,0.840932110078939
2017-12-06,51.248775482177734,51.58920178969037,50.384801038586986,50.444848430425395,28710000,1.2044007511033854,0.8955196876748543
2017-12-07,51.83683395385742,52.05270168945246,51.37978846771622,51.41502182585161,30866000,0.6729132217362448,0.89481060580131
2017-12-08,52.07553482055664,52.42489255494484,51.90085216727183,52.196121809743886,31170000,0.5240403876730113,0.8710261133166283
2017-12-11,52.204063415527344,52.40405230745998,51.814508739827055,52.16138659924124,23254000,0.5895435676329228,0.8917974213689378
2017-12-12,52.04526138305664,52.726613841709394,51.85172399748962,52.10630073768928,33882000,0.8748898442197728,0.9144122810007411
2017-12-13,52.17527389526367,52.3782386248321,51.936576045308975,52.2095152960661,27680000,0.4416625795231255,0.9169643739841966
2017-12-14,52.47700119018555,52.95389718238637,52.284951736355865,52.37874456276735,30962000,0.6689454460305058,0.9358572381086623
2017-12-15,53.19804763793945,53.35933130860984,52.60701618899297,52.7901304576841,63760000,0.7523151196168669,0.9248332242947755
2017-12-18,53.84764099121094,53.917115750781115,53.11716027393845,53.41887760717587,30292000,0.799955476842662,0.8917262958301245
2017-12-19,53.58413314819336,53.84168954201535,53.21144930757319,53.74492084914787,26350000,0.6302402344421623,0.8335232605260126
2017-12-20,53.27546691894531,53.65609018183929,53.02932559511545,53.64070729562258,28728000,0.6267645867238372,0.8284190699764277
2017-12-21,53.1409797668457,53.471978731006146,53.04917464379209,53.36627865572526,25640000,0.42280408721405394,0.7865213798586902
2017-12-22,53.04222869873047,53.18415409225254,52.98168532339537,53.098800464990056,17788000,0.20246876885717313,0.7225756591062564
2017-12-26,52.89285659790039,53.04222923320552,52.535059671069966,53.03131014770581,18376000,0.5071695621355516,0.6370081166965197
2017-12-27,52.61246871948242,53.01294620728233,52.5221515353247,52.93007247665864,22324000,0.49079467195763016,0.5860362539003943
2017-12-28,52.40156936645508,52.84273600720423,52.27403111683675,52.714205801835746,19884000,0.5687048903674778,0.5785928016597681
2017-12-29,52.27501678466797,52.50577519590617,52.24027940713741,52.37873672553444,23606000,0.2654957887687601,0.5601253303094644
2018-01-02,53.258094787597656,53.39555637599077,52.25616650977731,52.25616650977731,31766000,1.1393898662134632,0.5994000659223602
2018-01-03,54.16672897338867,54.394011768856736,53.269012854206274,53.29382310488846,31318000,1.1249989146504618,0.6172649995245523
2018-01-04,54.377140045166016,54.79002080218762,54.30270550308476,54.44314296338079,26052000,0.4873152991028604,0.6205259080659619
2018-01-05,55.09819030761719,55.2614578852317,54.67687416456261,54.758755942293035,30250000,0.5845837206690874,0.6145000705401463
2018-01-08,55.292724609375,55.53836996467042,55.08380433455561,55.133428626287504,24644000,0.4545656301148142,0.5932322498614282
2018-01-09,55.22225570678711,55.50263843382941,54.99447692283552,55.50263843382941,26808000,0.5081615109938937,0.5723898237293733
2018-01-10,55.09075164794922,55.2217617465006,54.78506268002627,54.93492751056001,20734000,0.43669906647432555,0.5585654545888136
2018-01-11,55.1855354309082,55.324484959266414,54.90912430783334,55.19843842798299,22424000,0.4153606514330761,0.5434651734966164
2018-01-12,56.10856246948242,56.14081617656425,54.985051398298886,55.08876756824838,38586000,1.1557647782653646,0.59581950857171
2018-01-16,56.11104202270508,57.01322579553875,55.9105571605299,56.587938010459986,36462000,1.102668635008854,0.6601194990111158
2018-01-17,56.52789306640625,56.538808365710146,55.7532437778964,56.39191940730114,27830000,0.7855645878137452,0.6800048579881296
2018-01-18,56.37256622314453,56.60183294694647,55.80138143213378,56.54029761440659,27498000,0.8004515148126927,0.7021232039063483
2018-01-19,56.74624252319336,56.76013747627442,56.200367743826874,56.474794960223306,30552000,0.559769732447549,0.7014849783406392
2018-01-22,57.77149200439453,57.90647370048914,56.662867934442154,56.76212029512655,29550000,1.2436057660469828,0.771349976717655
2018-01-23,58.367488861083984,58.483612044433706,57.92483429799457,58.092069703809194,39138000,0.5587777464391337,0.7298776824480601
2018-01-24,58.12531661987305,58.90740931133954,57.932275229255815,58.80468510693005,37128000,0.9751340820837271,0.7191730515504362
2018-01-25,58.66374969482422,58.805678869563444,58.15261233236536,58.592787000499854,29984000,0.6530665371980859,0.7310124257000952
2018-01-26,58.93272018432617,58.93272018432617,57.96354533212695,58.931232250686385,42170000,0.9691748521992238,0.7584832208093906
2018-01-29,58.879127502441406,59.45080826013059,58.75903270702499,58.954557786460356,31494000,0.6917755531056002,0.7754267867373039
2018-01-30,58.42704391479492,58.95108431301713,58.28511472940525,58.44441449933271,37338000,0.6659695836118757,0.7866987919243026
2018-01-31,58.667720794677734,58.871185296619764,58.165514824076666,58.746622920105196,36022000,0.7056704725430976,0.8059110352149291
2018-02-01,58.63645935058594,58.927265193905875,58.02954521955925,58.35856029058407,73514000,0.8977199743466215,0.8403652725658967
2018-02-02,55.540348052978516,56.14081062798635,55.14185825504949,55.94826521593821,117842000,0.9989523729368557,0.8291643864710032
2018-02-05,52.721153259277344,55.33143180962722,52.440774316330746,54.61782187208808,83550000,2.890657493296473,0.9568778763486903
2018-02-06,53.81488800048828,53.961280974732674,51.11429238235661,51.31130538623033,76630000,2.8469885923760643,1.1041224481031418
2018-02-07,52.37477111816406,53.91910234091689,52.335566149712285,53.84168814584848,51942000,1.5835361912046082,1.1600570678454214
2018-02-08,50.00765609741211,52.79757316754465,49.858283469667874,52.59609636260182,66792000,2.9392896978767737,1.3300227796617945
2018-02-09,51.921199798583984,52.19165540867319,49.476172649737094,50.909344316180636,98360000,2.7154827589360977,1.4351568505824457
2018-02-12,52.33259201049805,52.878962767049636,51.8824939696113,52.43730013636036,56240000,0.9964687974383324,1.4664204970823884
2018-02-13,52.31174850463867,52.66309393318882,51.953455599699886,52.106300080249994,31586000,0.7096383334889325,1.447456515039903
2018-02-14,53.232784271240234,53.370245858338976,52.0963740689642,52.320677213428844,41304000,1.2738717893747733,1.4917997473382378
2018-02-15,54.158790588378906,54.294764243227036,52.96133723775234,53.76625629569793,37396000,1.3334270054746966,1.5178177582864858
2018-02-16,54.36423873901367,54.99993469208462,54.1682176895131,54.25903085622459,39948000,0.8317170025715228,1.5278135761054803
2018-02-20,54.76570510864258,55.39594152717007,54.09130015779495,54.2282657694196,33754000,1.3046413693751262,1.573432989374284
2018-02-21,55.2698974609375,56.38398115658834,54.960236887413046,55.03914280401336,41486000,1.4237442691752946,1.6247239748480122
2018-02-22,55.07883834838867,55.85100395495353,54.843120133455834,55.53886350117299,28010000,1.0078838214976997,1.6325928210730893
2018-02-23,55.98151779174805,56.0266782802514,55.00638744491953,55.51355320929471,25292000,1.0202908353318705,1.6341169969584475
2018-02-26,56.75617218017578,56.78098243401619,56.0435541460171,56.16860872931463,30912000,0.7374282879990872,1.4803149108657772
2018-02-27,55.456485748291016,56.78346128607395,55.4207564112541,56.75616735890439,42964000,1.3627048748198547,1.3742946453260478
2018-02-28,54.78207778930664,55.95968063001899,54.73642511129295,55.67929791953784,49292000,1.2232555187260346,1.3485603115775784
2018-03-01,53.168766021728516,55.14682023908377,52.96430957522401,55.060970642319035,55338000,2.182510663859766,1.2945046662906492
2018-03-02,53.800498962402344,53.936968598314685,52.11175868044733,52.50230528478262,50162000,1.8252099178673546,1.2309137490714532
2018-03-05,54.327510833740234,54.646102760477916,53.211443348408906,53.50224915841977,28648000,1.43465941206901,1.2622130786879302
2018-03-06,54.63220977783203,54.86693981283799,54.31460979530824,54.69176119433916,23382000,0.5523300175297479,1.2509767704051313
2018-03-07,55.33391189575195,55.391479404261325,54.08683420927705,54.23124327929116,30748000,1.3046451949842748,1.25317487080581
2018-03-08,56.04553985595703,56.14776430734299,55.44110560536582,55.44110560536582,33862000,0.7066587019771688,1.2084057062702722
2018-03-09,57.60673904418945,57.61467847617771,56.28919465974288,56.547739214637446,42662000,1.3254838164348257,1.2436747644033654
2018-03-12,57.859336853027344,58.46625101462743,57.525358200223764,57.815664294190796,44306000,0.9408928144036679,1.2176927247625469
2018-03-13,56.568084716796875,58.458305561520525,56.30308866796422,58.15211684765045,43140000,2.1552168935563074,1.2699407693611906
2018-03-14,57.01372146606445,57.553144739239166,56.68917398475328,56.86038100642698,41870000,0.8639707544858837,1.2596612645746323
2018-03-15,57.09907150268555,57.68911477146329,56.35717950356119,57.04746330353441,33382000,1.3319352679020966,1.2819215811867914
2018-03-16,56.2956428527832,57.40674679593542,56.14379033991324,57.33429617046719,58656000,1.2629564560221809,1.3194593074741552
2018-03-19,54.591026306152344,55.548786060621794,54.03770431650665,55.468891977817584,63656000,1.5110817441151454,1.3300576552809618
2018-03-20,54.379127502441406,54.86297095428456,53.715141858503905,54.508149898872496,54598000,1.1478290957806578,1.3246700536420062
2018-03-21,54.28980255126953,55.01929135299701,53.95284805576338,54.21883985425081,44898000,1.0664432972336257,1.2449509560258534
2018-03-22,52.26261520385742,53.78957571607382,52.08842854679746,53.59554237358972,69312000,1.7011471692763607,1.2360893311264967
2018-03-23,50.94259262084961,52.93900961222988,50.85922290334337,52.17428743778185,49880000,2.079786708886509,1.2821698523277465
2018-03-26,52.30926513671875,52.56632555070059,50.15008032860988,52.13607420386283,65984000,2.4162452220907085,1.4153066526535294
2018-03-27,49.96944808959961,52.827852036652054,49.506943016228995,52.79609052042724,60816000,3.320909020423059,1.5593254973277284
2018-03-28,49.882102966308594,50.8651765277223,48.83104636258187,49.719831124387454,77698000,2.034130165140425,1.6541448875536753
2018-03-29,51.46812057495117,52.00953154308469,49.825532702903686,50.181345719506616,69338000,2.1839988401810047,1.7154673892498309
2018-04-02,50.25181198120117,51.58672696755063,49.33970488229298,50.99569171418106,65068000,2.2470220852576546,1.8087623371679729
2018-04-03,50.552040100097656,50.86567226945512,49.48857648250298,50.42648955121837,51322000,1.3770957869521396,1.753182258124818
2018-04-04,51.099403381347656,51.249767958339014,49.45185210452574,49.53720572466153,50724000,1.7979158538132722,1.8198926223624885
2018-04-05,51.24481201171875,51.943035319833584,50.81605236379516,51.92715645467816,35836000,1.1269829560384252,1.8052531715150835
2018-04-06,50.11882019042969,51.411550611883996,49.93520614397591,50.77138701791852,40134000,1.4763444679080848,1.8204951723640765
2018-04-09,50.62202072143555,51.837832983258025,50.57785218370761,50.61953704573269,33220000,1.2599807995504122,1.8025593906094528
2018-04-10,51.43636703491211,51.67010136246143,50.389774115194186,51.12670643855783,36620000,1.2803272472672447,1.8120235442870662
2018-04-11,50.868648529052734,51.40509591777414,50.57784648349582,51.213046472913256,34060000,0.8272494342783219,1.7949382683616872
2018-04-12,51.47556686401367,51.84080726653926,50.91778480903561,51.1867524922895,32896000,0.9230224575036488,1.7393579318064936
2018-04-13,51.41353225708008,52.254180681132055,51.121242272639556,51.951967353092115,25410000,1.1329384084924996,1.6717259103497786
2018-04-16,51.91276931762695,52.17726943200579,51.308335008640206,51.885475386469984,29776000,0.8689344233655802,1.561203710440841
2018-04-17,53.563289642333984,53.84317639363368,52.45814113987707,52.66210162928209,54584000,1.3850352537566053,1.4229270128218086
2018-04-18,53.366275787353516,53.69429508064003,53.124602069942384,53.545918200934835,31126000,0.5696930106976481,1.3183243589330387
2018-04-19,54.06401062011719,54.46398840232525,53.050171211161896,53.050171211161896,39884000,1.4138171911633535,1.2633113840032064
2018-04-20,53.46205520629883,54.32701787255593,53.20301089344784,53.80694912151603,42434000,1.1240069791080884,1.1830960192782374
2018-04-23,53.28786849975586,53.99205104578485,52.93404319728805,53.74293007635519,69590000,1.0580078484967999,1.1603040236742845
2018-04-24,50.748558044433594,52.825365050270115,50.263226659685515,52.56284888476104,128220000,2.5621383905846002,1.2148913477293795
2018-04-25,50.765926361083984,51.415021280640595,50.4691650191451,51.101389119640196,57860000,0.9458562614954928,1.2019537266905986
2018-04-26,51.77430725097656,52.20654249096749,50.63987715748192,51.27358920536428,50926000,1.5666653334855738,1.2084052170889907
2018-04-27,51.18574905395508,52.19065693422967,50.99419938611895,51.88496800135182,40746000,1.1964575481107218,1.2038678419861557
2018-04-30,50.54708480834961,51.52916271055921,50.53318985478102,51.333145426878986,34492000,0.9959728557781915,1.1835568140226518
2018-05-01,51.64726638793945,51.69589872220166,50.15156749478104,50.43393413466236,35326000,1.5443312274206207,1.2347769421042447
2018-05-02,50.91777801513672,51.80755468977172,50.774360911179585,51.3122962059113,34698000,1.0331937785921355,1.2426463221819937
2018-05-03,50.93018341064453,51.14803884700509,50.01658840256139,50.88403475292571,39282000,1.1314504444437006,1.242540039035651
2018-05-04,52.155921936035156,52.1995944899327,50.5207775994612,50.59819179187933,36892000,1.6788168904715022,1.300388786686074
2018-05-07,52.575748443603516,52.850671610105714,52.11969492746306,52.29933734358387,34400000,0.7309766826426554,1.2536703173207917
2018-05-08,52.53257751464844,52.862088543844074,52.18768359971397,52.83181496413261,26030000,0.674404944130103,1.2611497411373958
2018-05-09,54.0391960144043,54.28980493760383,52.70726062410294,52.806017016910786,47160000,1.5825443135008896,1.2732016784472198
2018-05-10,54.85900115966797,55.05452624445205,54.283848541119106,54.3394283533808,36414000,0.770677703332943,1.2479638730347093
2018-05-11,54.75528335571289,55.03467412844142,54.449594397395124,54.60789841925767,30504000,0.5850797310462923,1.214183293216816
2018-05-14,54.91508102416992,55.48824973417262,54.825755784553216,54.86396501263832,39338000,0.6624939496194031,1.0784944045764446
2018-05-15,53.836727142333984,54.54388561127285,53.534510015766045,54.43371794094132,35738000,1.0093755955068033,1.0830314998629669
2018-05-16,53.79801559448242,54.30866078186636,53.67594067435831,53.84764367043649,25628000,0.6327201075080495,1.0163211265788579
2018-05-17,53.65757751464844,54.14092498301683,53.41739171406392,53.66750464416077,25738000,0.723533268952913,0.9825408209247287
2018-05-18,53.0809326171875,53.28390114509069,52.83479508491653,52.90029823739565,35482000,0.44910606017415944,0.9434789069530122
2018-05-21,53.794044494628906,54.25506157797582,53.495799009653055,53.54542329649362,25180000,0.7592625683227681,0.8874025741603084
2018-05-22,53.36231231689453,54.180630431635564,53.21095576102281,54.08138184480761,22226000,0.9696746706127541,0.8828654950189241
2018-05-23,53.89081573486328,53.99205201080423,52.94793909581521,53.09879966095015,23740000,1.0441129149890216,0.8766271000578756
2018-05-24,53.86550521850586,53.948378954377326,53.212938438795966,53.937463655345056,20604000,0.7354405155813595,0.8092430732800082
2018-05-25,53.797515869140625,54.069959145675114,53.72407328825128,53.92009054468926,22224000,0.3458858574238306,0.7817365857643779
2018-05-29,53.003021240234375,53.661547311615664,52.755391993922906,53.396547482289485,36076000,0.9061553176927575,0.798290183875996
2018-05-30,53.46950149536133,53.544931780637256,52.927594545512974,53.27149652325068,28686000,0.6173372351242818,0.7293468211348098
2018-05-31,54.58755111694336,55.083801581642845,53.495801609040726,53.69429876604806,79368000,1.5879999726021197,0.7877269832254653
2018-06-01,56.32442855834961,56.48124464641408,55.18354693646333,55.22622753620622,63202000,1.2976977099507536,0.8386282674329267
2018-06-04,57.219661712646484,57.45885554772864,56.42367406068971,56.4981123846296,44754000,1.0351814870389262,0.8652488058200356
2018-06-05,57.11941909790039,57.61964116647464,56.94275632709376,57.30005726377672,32964000,0.6768848393808824,0.8414994660967555
2018-06-06,56.917442321777344,57.30253313604701,56.38993014955206,57.206260432479596,34934000,0.912602986494953,0.8614911003101058
2018-06-07,56.2956428527832,56.86384793840168,55.88375408059004,56.79983272229504,36108000,0.9800938578116458,0.8798168566571581
2018-06-08,56.210784912109375,56.512006260969756,55.740336682529886,56.136346589586196,27284000,0.7716695784398695,0.9028571079618517
2018-06-11,56.617218017578125,56.956656208456494,56.14578155460053,56.22220379881585,24796000,0.8108746538559615,0.9065436854999369
2018-06-12,56.97898483276367,57.0067747389026,56.62317180973507,56.62317180973507,26092000,0.38360292916753025,0.8646814182538495
2018-06-13,56.78246307373047,57.34868804339596,56.7402822401383,57.18194483432741,34302000,0.6084058032576607,0.8335594817016094
2018-06-14,57.570518493652344,57.86231252034413,57.09858226130343,57.17848013784783,35422000,0.763730259040706,0.8355801776629913
2018-06-15,57.528831481933594,57.759090164402316,57.2519243750655,57.56108518921858,44438000,0.5071657893368169,0.8471001727996332
2018-06-18,58.7352180480957,58.76251197728145,57.11843229945147,57.20229799863214,33038000,1.6440796778299784,0.8998090556665775
2018-06-19,58.49254608154297,58.69699875352033,57.64495021983217,58.06676234623113,47282000,1.0520485336881649,0.930859862706855
2018-06-20,58.759525299072266,59.62399575518171,58.658292813107096,58.721316074434654,51686000,0.9657029420746142,0.886410074812033
2018-06-21,58.03351974487305,59.070185515221375,57.737754107827364,58.83099543488243,44966000,1.3324314073940116,0.8888910532008373
2018-06-22,58.02606964111328,58.30942822572552,57.54768196307027,58.13524534654444,34220000,0.7617462626552509,0.8693599657448604
2018-06-25,56.53681945800781,57.366052741938326,55.575084371794794,57.31692443418572,57682000,1.7909683701435313,0.9489373607993353
2018-06-26,56.206321716308594,56.91347637029559,56.026679286981775,56.77800247453239,34688000,0.8867970833138159,0.9470940820006827
2018-06-27,55.42820358276367,56.88072976850631,55.41629254092233,56.37405615934633,34538000,1.4644372275839856,0.9816900369844213
2018-06-28,55.9165153503418,56.274808277139556,54.888780973909924,55.20240938628969,29726000,1.386027303229632,1.0255727316122614
2018-06-29,56.036109924316406,56.64004821016823,55.928425927662815,56.19094211063061,31562000,0.7116222825054166,1.0184832765157938
2018-07-02,56.6772575378418,56.7209300899571,54.915074792602226,55.34929392194769,23216000,1.8058552973548743,1.1200727313863186
2018-07-03,55.39544677734375,57.06433659696129,55.30364165172733,57.040022322930085,16448000,1.7606949452339578,1.2023790986703398
2018-07-05,56.636566162109375,56.77799935679493,55.73487843376797,55.80832480232201,28594000,1.0431209230269616,1.222335574669358
2018-07-06,57.320899963378906,57.37647977280669,56.435587049351156,56.66038996246997,21820000,0.9408927234555335,1.253316069963552
2018-07-09,57.92631912231445,57.95857661209418,57.42758879881518,57.56505038114294,21584000,0.5309878132789976,1.1738095082099105
2018-07-10,57.919376373291016,58.23499246278271,57.69209356495777,58.060809575937924,21334000,0.5428988978249336,1.1374416770768225
2018-07-11,58.13376235961914,58.579392820643186,57.33529473733857,57.347697970846205,33252000,1.244098083304614,1.157327044307537
2018-07-12,59.61258316040039,59.64880847515142,58.215140910265625,58.302482234052356,44148000,1.4336675648857948,1.164558198414093
2018-07-13,59.7693977355957,60.06813920593165,59.316320072410456,59.68900389007117,32612000,0.7518191335211952,1.1638491177616603
2018-07-16,59.376869201660156,59.98229541887789,59.222532993849015,59.739129947312826,26784000,0.7597624250288746,1.0901915502534705
2018-07-17,60.19915008544922,60.481020740249086,58.656802808962865,58.69352788722529,40162000,1.8242179312862206,1.1571501822514993
2018-07-18,60.19071578979492,60.621459318789775,59.77634710269954,59.97335632772588,38948000,0.8451122160902358,1.1129126814305172
2018-07-19,59.50539779663086,60.36788062933353,59.43741096490853,59.88006555184665,38338000,0.9304696644249972,1.080372850087329
2018-07-20,59.444854736328125,60.084522345305295,59.38083572737768,59.51234559052119,37938000,0.703686617927616,1.0798060169032004
2018-07-23,60.09592819213867,60.29939269211473,59.15354756632844,59.334681704918964,65446000,1.1458451257862876,1.03266243321973
2018-07-24,62.43575668334961,63.271937548420865,61.74050926143322,63.07343659497237,107600000,1.5314282869876479,1.0162862433449935
2018-07-25,63.31858444213867,63.43271993200098,61.9841654210931,62.161327962628526,51104000,1.4485545109078757,1.0452457853364874
2018-07-26,63.79300308227539,63.88729188851827,62.676439460901314,62.88387180576298,54686000,1.210852427616956,1.0645286213480176
2018-07-27,62.17472839355469,64.08777191306355,61.75787601301977,63.97264446474513,48362000,2.3298959000437804,1.1930220561169307
2018-07-30,61.040794372558594,62.17472856308017,60.7494963335451,61.78566608778071,43896000,1.4252322295350695,1.2560458655247975
2018-07-31,60.90085220336914,61.59510766309867,60.353489492325785,61.123667429745005,39382000,1.2416181707728882,1.2558687289153885
2018-08-01,61.18718719482422,61.8278429337004,60.7877054234707,61.490892233737846,36994000,1.0401375102297052,1.2277594392970965
2018-08-02,61.59113693237305,61.75390854796121,60.44628743859756,60.4681218242297,34704000,1.3076211093636516,1.2674595804287005
2018-08-03,61.443748474121094,61.85861313566656,61.01002529538977,61.79211424069517,21264000,0.8485878402767923,1.2738042529464089
2018-08-06,61.419429779052734,61.65713568765559,61.065108495658905,61.61495485292469,22114000,0.5920271919966851,1.1857906287114421
2018-08-07,62.32112121582031,62.82928274626681,62.1206363514822,62.131055673270545,42506000,0.7086463947846156,1.1760430700467548
2018-08-08,62.593563079833984,63.10916426676246,62.136513785255126,62.364788550559744,34344000,0.9726504815073369,1.1790559855526364
2018-08-09,62.74888610839844,63.12107395854261,62.53252238899547,62.663036504089156,27326000,0.5885515695471426,1.1708320535254597
2018-08-10,62.15586471557617,62.58710799135155,61.89037269412618,62.48686367419553,26602000,0.6967352972253735,1.138752780056823
2018-08-13,61.96381759643555,62.82382050483645,61.88392351252076,62.09085986663556,27500000,0.9398969923156884,1.0965005447231115
2018-08-14,62.43525695800781,62.55683589780346,61.512230798050766,62.155370213974635,28080000,1.0446050997526939,1.0676470153548843
2018-08-15,61.14897537231445,62.12956526957245,60.85221780377346,61.747454074193485,37052000,1.2773474657989894,1.0723966609393152
2018-08-16,60.74403381347656,61.718671972483435,60.52419446273991,61.63381053775664,32176000,1.1944775097435212,0.9912953473464395
2018-08-17,60.336612701416016,60.88745102381948,59.74855710834635,60.64379337671935,33092000,1.1388939154731332,0.9708426106277298
2018-08-20,60.63932418823242,60.835841215995266,59.98179384989175,60.57530896994104,22218000,0.8540473661035151,0.9431589817227746
2018-08-21,60.414024353027344,61.17577060671646,60.29591726151543,60.692423155818,23082000,0.8798533452010346,0.9317101127921552
2018-08-22,60.62940216064453,60.86660830823275,60.20609830233034,60.25572259168166,22296000,0.6605100059024096,0.8854878911163523
2018-08-23,60.60012435913086,61.295371790049586,60.510303140328496,60.53660511331029,24666000,0.7850686497210901,0.8809508060766592
2018-08-24,61.373783111572266,61.40603682006108,60.6130287200367,60.840311543641825,24454000,0.7930081000243803,0.8953065852214946
2018-08-27,62.34246063232422,62.42186252915623,61.56880704656464,61.740510051677575,28580000,0.8530554825915857,0.9056215200648496
2018-08-28,61.825862884521484,62.35685075793018,61.682445765832874,62.3240972866056,27330000,0.6744049920973083,0.8843182708212761
2018-08-29,62.75831604003906,62.883374403694425,62.170260424315934,62.279436137263346,36926000,0.7131139793784911,0.8932155858092296
2018-08-30,62.251644134521484,62.998499729534956,61.89285525641738,62.69628261755369,30104000,1.1056444731175787,0.9224233840872442
2018-08-31,61.12813186645508,62.15785005739838,60.827898672018804,62.14097923791253,42308000,1.329951385379573,0.950284412163236
2018-09-04,60.1113166809082,60.93311040296844,59.87559845454381,60.667614572557156,41458000,1.0575119484246258,0.9512063299255169
2018-09-05,59.50539779663086,60.28798275608987,58.32630312437928,60.0076000189941,53988000,1.961679631710588,1.0000871989192024
2018-09-06,58.75556182861328,59.49993755136597,57.74420234710536,59.479095121995066,46854000,1.7557352042606098,1.0401770342418517
2018-09-07,58.43796157836914,58.98185243735843,58.02508081574689,58.16055471304496,32658000,0.9567716216115372,1.0271682989660234
2018-09-10,58.312408447265625,58.888060833037734,58.09157713064064,58.7659821220933,27670000,0.7964837023970972,1.0230566087012793
2018-09-11,59.05331039428711,59.1004547950646,57.86032458865066,58.115893279726976,29254000,1.2401302064139372,1.0487906702164866
2018-09-12,58.14071273803711,59.08805328450782,57.87074930514094,58.65680994705495,35716000,1.217303979366882,1.0885616683210917
2018-09-13,58.66374969482422,58.947608044302676,58.02259419835304,58.542666734402324,40068000,0.9250138459496355,1.0985577537659879
2018-09-14,58.457313537597656,58.95455976983742,58.23598624293688,58.95455976983742,24176000,0.7185735269005349,1.093240998542856
2018-09-17,57.556617736816406,58.64787125247181,57.48863090914022,58.44689042269163,34096000,1.1592403433315894,1.1151113457385706
2018-09-18,57.91788864135742,58.62355915123923,57.636017976925245,57.69705733073759,32314000,0.9875411743139821,1.1374782158969043
2018-09-19,58.27320098876953,58.37244956165492,57.49656784392959,58.009692885303814,25962000,0.8758817177253277,1.1491044829216785
2018-09-20,59.13172149658203,59.252312279981524,58.37146685816614,58.59081025226573,29244000,0.8808454218153869,1.1330474078286648
2018-09-21,58.166507720947266,59.38033591795316,58.163531853788456,59.29795816013988,91222000,1.2168040641647053,1.1249654563133171
2018-09-24,58.53572082519531,58.81510780926661,57.14324213348181,57.53577643530643,31150000,1.6718656757847938,1.168847865410472
2018-09-25,59.246849060058594,59.39423400008724,58.26427143492876,58.768465137754866,33152000,1.129962565158479,1.1094395035138926
2018-09-26,59.255287170410156,59.90934573249935,58.825535563980054,59.23692841561244,37650000,1.0838101685192925,1.0614448581037987
2018-09-27,59.91529083251953,60.386727217816066,59.453281811936435,59.55005049254321,36274000,0.9334454058796311,1.0597786998372338
2018-09-28,59.90140151977539,59.969388348728856,59.442368322917595,59.75302084296328,35612000,0.527020025811261,1.040531294366817
2018-10-01,59.97335433959961,60.75097946474196,59.708358294227565,60.19518138123791,33164000,1.0426211705143942,1.0264235060882783
2018-10-02,59.929195404052734,60.766868005530505,59.53318923116429,59.88105904493324,40180000,1.2336787743662114,1.027593134302516
2018-10-03,60.12223434448242,60.25374041879871,59.6567496374838,60.14555666318422,26246000,0.5969907813149078,1.0041629154000355
2018-10-04,58.41215133666992,59.84283918498589,57.75610894677724,59.79966639591437,46576000,2.086730238208652,1.1018883947791867
2018-10-05,57.953617095947266,58.65680391963335,57.283183742164695,58.359054395460255,31852000,1.373620177468652,1.1172012400746911
2018-10-08,57.362586975097656,58.35210828288025,56.34428001970252,57.565055747605335,46190000,2.0078282631777284,1.1900788892792444
2018-10-09,56.82911682128906,57.641975370596384,56.779492529239974,57.133813836283075,33690000,0.8624828413564103,1.1891218266814647
2018-10-10,54.19849395751953,56.42467363442066,54.16623646486712,56.3939040754082,58980000,2.258437169553538,1.2875212372341898
2018-10-11,54.12802505493164,55.38453393886742,53.391092769622325,53.547412886533635,67696000,1.993441169245095,1.3429953161685033
2018-10-12,55.60685348510742,55.86936966423178,54.340917228377016,55.56218897171443,49370000,1.528452435854767,1.3327515133163585
2018-10-15,54.70863723754883,55.669376642024666,54.499217211619204,55.48080283059739,30074000,1.1701594304054623,1.3356227179768574
2018-10-16,56.22914505004883,56.39241262856869,55.170645026111025,55.25649462708818,38378000,1.2217676024576676,1.345476820401027
2018-10-17,55.95671081542969,56.91993017765602,55.28230581823897,56.57255634610747,35652000,1.6376243594170532,1.3957753170822715
2018-10-18,54.48383331298828,56.19291998316856,53.909672693570016,56.07630082458417,46152000,2.283247289598542,1.5212201216385057
2018-10-19,54.844608306884766,55.62719702430532,54.44016674849358,54.77166169889283,41286000,1.1870302758117361,1.531535057731173
2018-10-22,55.15178680419922,55.66391611788438,54.58754952735813,55.208358568020756,27116000,1.0763665905262556,1.5202984731711762
2018-10-23,55.32746124267578,55.48080548899434,53.54592382682703,54.155317844664424,37686000,1.9348816621673137,1.6158621075177766
2018-10-24,52.459632873535156,55.41232567743511,52.35740463248994,55.331931822749944,49286000,3.054921044945175,1.6850185937132427
2018-10-25,54.76570510864258,55.4718677869976,53.374218394302666,53.6099366056621,72956000,2.097649392694933,1.7367349662294056
2018-10-26,53.78114700317383,55.431178372571914,51.720714750948105,52.023427853576415,106438000,3.710463621623809,1.8583517775469827
2018-10-29,51.3485221862793,55.025739808415615,49.982345526254335,54.415846071811124,81290000,5.04339428216128,2.156988309033045
2018-10-30,52.08197784423828,52.15095662471598,50.318307152589625,50.61804056902731,59768000,1.8326494721263558,2.1265749020739606
2018-10-31,54.12008285522461,54.98455335098819,53.009474823109436,53.009474823109436,70916000,1.9750785278787575,2.125263284833508
2018-11-01,53.891807556152344,54.58258735240126,53.486866239489316,54.16077521616879,40132000,1.0957211129119457,2.0943539046233064
2018-11-02,53.17274475097656,54.48830528379817,52.98267920811792,54.04167908584754,43438000,1.5056260756802473,2.1183158078572193
2018-11-05,52.390647888183594,53.26504169765376,51.312297384741356,53.22434879721173,45358000,1.952744312912401,2.1705284300325576
2018-11-06,53.07746124267578,53.586118725505045,52.28544516893846,52.35541590887822,28660000,1.3006735565665863,2.1464605155432386
2018-11-07,54.996463775634766,55.080329473469874,53.62433145586528,53.76824455416379,43388000,1.4559980176045926,2.087371281829385
2018-11-08,54.32106018066406,54.995465098387285,53.81141077108752,54.94981242081507,33694000,1.1840543272997621,2.0871587140785297
2018-11-09,53.44717025756836,54.00941986361557,52.813954168357405,53.79454407480447,34860000,1.1954656952581644,2.0956657929879516
2018-11-12,52.07453918457031,53.30226618062105,51.62742080099039,53.2541298232068,34002000,1.6748453796306535,2.0770917728067615
2018-11-13,52.00556564331055,52.93355550284148,51.629905898089035,52.34500385496019,25750000,1.3036496047524437,1.952000955650138
2018-11-14,52.333580017089844,52.88987786161632,51.66513060074401,52.60254766997012,34666000,1.224747260872313,1.8896508033770938
2018-11-15,53.150909423828125,53.538976148928775,51.67406523636363,52.178754913456274,41584000,1.8649109125651435,1.7578256098729033
2018-11-16,53.0129508972168,53.21988725316844,52.34946122960992,52.862090329691156,35366000,0.8704260235585153,1.4597564485441343
2018-11-19,50.98576354980469,52.99955105177673,50.759972466189616,52.77077652878864,45684000,2.239578585587111,1.4888228137913313
2018-11-20,51.136131286621094,51.47854533930505,49.734721132277805,49.986814202643885,54458000,1.7438242070272452,1.4723046480162232
2018-11-21,51.780269622802734,52.340039396577424,51.58325658958547,51.87356269205299,29698000,0.7567828069919571,1.4480947690219383
2018-11-23,51.11876678466797,51.75893040553306,51.04035684050967,51.28749014301997,14178000,0.7185735650233838,1.391876732546448
2018-11-26,52.40106964111328,52.453669794744776,51.59863050188676,51.80854649684427,31558000,0.8550392928580166,1.313469231113992
2018-11-27,52.219444274902344,52.938017791479,51.88298953671863,52.17279963719587,33048000,1.0550282547603658,1.2959231381278333
2018-11-28,54.18013000488281,54.233229925381984,51.75644139831833,52.4765028229212,46042000,2.476788527063654,1.3688367459463378
2018-11-29,54.31858444213867,54.59499556224132,53.69429974090994,53.77022600281001,31004000,0.9006958213313823,1.348596852662882
2018-11-30,55.06643295288086,55.06643295288086,53.752860137267156,54.370693350743345,59668000,1.3135728156137034,1.3570330755454205
2018-12-03,55.399417877197266,56.32442795943838,55.169651397195935,56.183494523091724,57532000,1.1547765622424464,1.3198853028748343
2018-12-04,52.725120544433594,55.29421000393414,52.64125485736481,55.23217869984245,45630000,2.652955146569333,1.4162642701474693
2018-12-06,53.4997673034668,53.56626619579473,51.7331169309723,51.858171497904195,47436000,1.8331492648224312,1.4597215561439063
2018-12-07,51.93657684326172,53.84466038045058,51.57877994479323,53.2094604264824,42682000,2.265880435657344,1.4883622363647777
2018-12-10,52.26410675048828,52.582698700226054,51.26267443502636,51.755945245640824,33652000,1.3200242651996916,1.5204763964820047
2018-12-11,52.68442916870117,53.11864830989718,52.11126050809692,52.94694532203114,33852000,1.007387801800263,1.4324627690686584
2018-12-12,53.28390121459961,54.1771497714117,53.1965598917563,53.45014466445555,28960000,0.9805898796553976,1.3779460313992407
2018-12-13,53.274471282958984,54.0128952559157,52.850179249932424,53.38017514737877,24986000,1.1627160059832775,1.4069412598986208
2018-12-14,52.19115447998047,53.18415134992261,52.075031300119655,52.603539236708976,36358000,1.1091200498029536,1.4348374373828758
2018-12-17,50.897926330566406,52.72065242512178,50.45030823274266,51.957914245591056,49932000,2.2703441923791203,1.535930644491526
2018-12-18,51.77927017211914,52.587165091175336,51.13761491426649,51.31229755726115,43640000,1.4495501769088435,1.564110781787846
2018-12-19,51.38474655151367,53.382155317002606,50.58925867627678,51.9718101519405,58264000,2.7928966407258287,1.5866899327637154
2018-12-20,50.795204162597656,51.979258518056454,50.01509915562534,50.915295165612314,53674000,1.9641593624311113,1.662651614270839
2018-12-21,49.190826416015625,51.494420183045044,48.69160009322577,51.21503320586026,104656000,2.8028200898192708,1.7690264195712366
2018-12-24,48.864295959472656,50.22650106276477,48.516422384460746,48.84692537587462,36360000,1.710078678304022,1.8086908564327777
2018-12-26,51.99960708618164,52.02938090270089,49.26030238369198,49.525302223421406,46318000,2.7690785190089144,1.816985383035605
2018-12-27,52.25021743774414,52.27205182444912,49.97242559383326,50.92522946478652,45996000,2.299626230615864,1.8503051663065644
2018-12-28,51.94154357910156,52.812461786743754,51.70929720929407,52.57773552759089,34398000,1.1031645774496823,1.7672540335774458
2018-12-31,51.85619354248047,52.75093389414254,51.26466227780044,52.49486542452971,33110000,1.4862716163421013,1.7791288443733322
2019-01-02,52.33854293823242,52.64175198957034,50.87956542245332,50.97484617397945,31868000,1.7621865671170198,1.8330430418959576
2019-01-03,50.88899612426758,52.91320299775853,50.73515968820897,52.13954944438551,41960000,2.1780433095495653,1.918575429745541
2019-01-04,53.499271392822266,53.59504812257249,51.45422221619562,51.73708481873224,46022000,2.1408259063768753,1.9884404226307981
2019-01-07,53.392581939697266,53.72903666857893,52.73355986232169,53.643187063810046,47446000,0.995476806257237,1.9803230480918184
2019-01-08,53.86153793334961,54.25754407753233,53.01691791637938,53.89279968326611,35414000,1.240626161152953,1.9067717601470922
2019-01-09,53.67693328857422,54.17268778759912,53.31566073031168,53.991557423634816,26998000,0.8570270572874463,1.8644486801741351
2019-01-10,53.536991119384766,53.585623453477346,52.83479624922909,53.34394971663049,26598000,0.7508272042482531,1.718586577568594
2019-01-11,52.824371337890625,53.26603393870883,52.42538554915279,53.09383497073162,30864000,0.840648389556037,1.638335793791803
2019-01-14,52.18122863769531,52.525626551911934,52.034339693960845,52.27204179862051,28490000,0.4912868579510885,1.47322627722979
2019-01-15,53.918113708496094,54.00545503857425,52.32663798715181,52.50380053682224,37518000,1.6788170514224348,1.4709933038811052
2019-01-16,54.066986083984375,54.70466978962712,53.99255153834507,54.09130414535982,38280000,0.7121182512820496,1.3240675704720435
2019-01-17,54.54388427734375,54.62229042996936,53.75682795333171,53.99155800550626,24896000,0.8654624766376529,1.2216273023307427
2019-01-18,54.9498176574707,55.48080552292405,54.551823800800285,55.01383287939406,44892000,0.9289817221237655,1.2091856698074628
2019-01-22,53.527061462402344,54.53643696175892,53.14296258651769,54.38904824673365,39632000,1.393474375241233,1.2025572954431152
2019-01-23,53.81389236450195,54.237688372658695,52.97820760191297,53.93547129346902,25194000,1.259480770745725,1.1666497385594512
2019-01-24,53.79355239868164,53.99205334645868,53.09979293026308,53.71961004788179,29114000,0.8922604161956045,1.0748081033198826
2019-01-25,54.66248321533203,54.75428833604682,54.18062370038267,54.301210680536336,23260000,0.5736646356641515,0.962868012554688
2019-01-28,53.588104248046875,54.25853761526493,53.32757198939038,54.094777834646884,29334000,0.9309656258745491,0.9582600710987818
2019-01-29,53.10177993774414,53.82978085263334,52.90129506676685,53.646662780575326,19704000,0.9284857858664921,0.9359643300068916
2019-01-30,54.48780822753906,54.563734490383474,53.42831239288675,53.46404173079753,29452000,1.135422097496722,0.95584969002184
2019-01-31,55.87234115600586,55.96067443398866,54.84808251474567,55.19496034233582,40232000,1.1125919192429876,0.9816900268071781
2019-02-01,55.511566162109375,56.29465080584644,55.29470647780534,55.693688467254056,33116000,0.9999443280410958,0.9930683081275394
2019-02-04,56.64301681518555,56.6886732791878,55.45648258987159,55.53092091301186,78408000,1.2321906893162122,1.0459900103679054
2019-02-05,57.16160202026367,57.20626653202553,55.75870397938561,56.057941442436395,82296000,1.4475625526399227,1.0294718318834402
2019-02-06,55.72346878051758,57.267303996040056,55.49866586767106,57.032577739846545,48256000,1.7686381283689983,1.1049375373896508
2019-02-07,54.88084030151367,55.18255766508734,54.26945856973418,55.174122254739345,38298000,0.9130990953531608,1.1083401530121872
2019-02-08,54.70566177368164,54.84064348388017,54.30171617106462,54.33347390092957,21766000,0.5389273128155523,1.0804791237758862
2019-02-11,54.6927604675293,55.25402194749618,54.58755635843922,54.77365030057027,18498000,0.6664655890569549,1.0285499247627234
2019-02-12,55.95621109008789,56.21823127293412,55.13392144104267,55.13392144104267,35036000,1.0843098318914457,1.0160377148445607
2019-02-13,56.00831604003906,56.713986537578684,55.87780192468007,56.22716343531917,28042000,0.836184612898613,1.012032300323347
2019-02-14,56.03660202026367,56.38050398884658,55.43564342956175,55.82817773205907,21106000,0.9448605592848267,1.038546294867681
2019-02-15,55.56168746948242,56.5378135213202,55.417278407818245,56.5378135213202,27826000,1.1205351135019583,1.052086972555353
2019-02-19,55.90311050415039,56.05843486725791,55.41331154725843,55.41331154725843,21980000,0.6451233199994775,1.0318467964219948
2019-02-20,55.60933303833008,56.1224581378499,55.17065005604538,56.02072587815568,24090000,0.9518080818045149,1.0187315095868372
2019-02-21,54.79647445678711,55.53787432825052,54.48730985473035,55.5195117878996,33272000,1.0505644735201685,1.014300977749493
2019-02-22,55.409339904785156,55.443581307322496,54.612364067156655,55.06891357692749,29436000,0.8312172401658415,1.0022490429012605
2019-02-25,55.44755172729492,55.84802544199223,55.28775978091062,55.67582647728541,26208000,0.5602656610816084,0.9542543980273602
2019-02-26,55.67980194091797,55.89964131160998,54.92004328499551,55.30066657982733,35026000,0.9795980266144753,0.920828360454114
2019-02-27,55.72346878051758,55.86440221537003,55.01234253576699,55.282798128536434,22092000,0.8520596796030375,0.8553584712565454
2019-02-28,55.905094146728516,56.27430611915208,55.501148580147834,55.53042641790857,27422000,0.7731575390042451,0.8453626458030514
2019-03-01,56.995357513427734,57.0688038851908,56.12592723769561,56.12592723769561,34086000,0.94287664749519,0.8742161697087398
2019-03-04,57.23851776123047,57.83898031923312,56.485702930902185,57.29508952199313,35490000,1.3532773883309375,0.9232741553711671
2019-03-05,58.02111053466797,58.38337505906222,57.21867509583672,57.36655601573174,40094000,1.1646999632254946,0.9290163076093135
2019-03-06,57.810203552246094,58.29652688981277,57.716410729812935,58.148645977068384,23602000,0.5801161599998323,0.9107257038308292
2019-03-07,57.110984802246094,57.74271295204904,56.657411146398836,57.58986847386412,30086000,1.0853018056502037,0.920757221428356
2019-03-08,57.067317962646484,57.24001291977249,56.08622826804049,56.26984231087346,23694000,1.1537846517319963,0.9231321884447874
2019-03-11,58.520835876464844,58.55308958341536,57.14671589208721,57.16805429945581,30032000,1.4063736913281488,0.9775072149682639
2019-03-12,59.4135856628418,59.833413885860075,58.67169364703401,58.67169364703401,42220000,1.1617202388260637,0.9925009404698031
2019-03-13,59.5034065246582,59.90338427255776,59.4463387821069,59.84433261856899,25888000,0.4570454904508594,0.9501067273934238
2019-03-14,59.17934799194336,59.78328615086959,59.11483680308999,59.50141553059,27302000,0.6684493477795996,0.9384804493658352
2019-03-15,59.068695068359375,59.63541227841048,58.90542747630522,59.450810064896196,51886000,0.7299848021052568,0.9506032451532386
2019-03-18,58.98184585571289,59.29944582442967,58.63099644221069,59.038417616585576,24442000,0.6684493822189808,0.9283783419821319
2019-03-19,59.67213439941406,59.71927879928031,59.02700728161701,59.139158856692326,29788000,0.6922715176633005,0.9169649018435793
2019-03-20,60.86164474487305,61.03831130394564,59.52970943386916,59.619530647007004,41508000,1.5086018700764825,0.9694966397773105
2019-03-21,61.34300231933594,61.35838520389944,60.37283184484426,60.54255091113227,28150000,0.9855533590551815,0.9725449763173099
2019-03-22,59.929691314697266,61.21894990135531,59.847809527886746,60.98174373742814,34422000,1.3711403734685632,0.9738209038271403
2019-03-25,59.420040130615234,60.018518852319644,59.05380778714615,59.52822388744899,27576000,0.9647110651734963,0.9595359825377118
2019-03-26,59.045867919921875,59.92968914990324,58.64489819685758,59.80761044094921,30752000,1.2847909530456576,1.0098698963266994
2019-03-27,58.45880126953125,59.14908507905514,57.7749651721613,59.14908507905514,29428000,1.3741199068938386,1.0304997607012447
2019-03-28,58.173954010009766,58.421087295493514,57.73527103686355,58.33424573270985,22402000,0.6858162586299628,0.9970734469082423
2019-03-29,58.403221130371094,58.75456654246122,57.881660661688244,58.566484924810155,30890000,0.8729058807729757,0.9589686032971585
2019-04-01,59.499446868896484,59.55998646477324,58.8731781901747,58.93173387434167,27706000,0.6868082745985404,0.9250463201380497
2019-04-02,59.82497787475586,59.83837684908402,59.115339571492136,59.55253458747691,18288000,0.7230372775918852,0.9440457335052658
2019-04-03,60.08650588989258,60.572333269355546,59.802155329903904,60.18029493005075,22180000,0.7701779394516421,0.9513120614818403
2019-04-04,60.51526641845703,60.569854275755624,59.99866947179568,60.110325075873405,21022000,0.5711848039599445,0.9399692044714608
2019-04-05,60.118263244628906,60.56191357032855,60.04779652395437,60.50782169206307,20012000,0.5141170463741815,0.9289454661968323
2019-04-08,59.96095275878906,60.24232365326811,59.78329424387949,60.101390217094846,21750000,0.45902940938862,0.9122853156057837
2019-04-09,59.68354415893555,59.90487143626524,59.469660335491206,59.6438470002438,19668000,0.43521110077403335,0.8356145463698945
2019-04-10,59.870140075683594,59.99370672313107,59.58281364020274,59.80265300607698,15510000,0.4108930829283324,0.7945673837894053
2019-04-11,60.02595901489258,60.18227912083499,59.77535389639726,59.99171761210864,16998000,0.40692522443772816,0.7256948731443457
2019-04-12,60.67803192138672,60.693910784644096,60.20957138048004,60.32519479607786,24312000,0.48433940416405363,0.6913826116436711
2019-04-15,60.86661148071289,61.004073078896056,60.27260033895646,60.74552472518107,23796000,0.7314727399395977,0.6518598821360955
2019-04-16,61.13359069824219,61.33556348231489,60.79266460655032,61.03880592245281,22622000,0.5428988757645712,0.5924869513411478
2019-04-17,61.5420036315918,61.78814494660802,61.18271878833548,61.386179505244,30366000,0.6054261582725431,0.5867448013156178
2019-04-18,61.608009338378906,61.829832604219995,61.50578110439343,61.783184181163996,24750000,0.32405149982656667,0.5475409169623029
2019-04-22,62.217899322509766,62.24668118372701,61.206043876380306,61.369807441901315,19084000,1.0406373073467066,0.5728144193014576
2019-04-23,63.05308532714844,63.24364683367848,62.12906722658227,62.360817611550296,31868000,1.1145796070962106,0.6007817285517666
2019-04-24,62.53003692626953,63.22230842796126,62.51812967167921,63.053085327430686,23396000,0.7041787562820474,0.5960675011825097
2019-04-25,62.891807556152344,63.16275913114883,62.428310556744194,63.038696513815154,31344000,0.7344485744046381,0.6077291990714164
2019-04-26,63.392024993896484,63.465967342647225,62.77568352459379,63.19154014016387,27228000,0.6902838180534374,0.620312539905649
2019-04-29,64.32398986816406,64.36220667068653,63.10867358862171,63.54537268247443,72368000,1.2535330820648198,0.6770628022396633
2019-04-30,59.49844741821289,59.59868795220461,58.70643134530683,59.08507069125952,133178000,0.8922566068977744,0.7097089098199305
2019-05-01,58.22605895996094,59.512837545398035,58.14467315811743,59.42599220102296,74340000,1.3681643872806077,0.7780854315593787
2019-05-02,57.888118743896484,58.52679442258354,57.482185432841945,58.19033588006245,45098000,1.0446089897415973,0.8236342719382266
2019-05-03,59.031471252441406,59.12327637113165,58.237471315699175,58.429020984533544,41588000,0.8858050554324777,0.8523103898859711
2019-05-06,59.22551727294922,59.32327793267678,58.11887690300116,58.16056176662381,31774000,1.2044010296756227,0.8860909820099729
2019-05-07,58.50098419189453,59.2905166064631,57.813180247113,58.84587812003669,36604000,1.4773363593500974,0.9528365165517962
2019-05-08,58.10002136230469,58.76946284676968,57.94370123284473,58.423077157848894,25520000,0.8257616139249464,0.9685747633841107
2019-05-09,57.96056365966797,58.26327674387024,57.299061704059284,57.694079675982636,29556000,0.9642150398109592,1.0143007305258531
2019-05-10,57.944190979003906,58.3729506059401,56.88866675392275,58.00374239955809,31650000,1.4842838520173487,1.0459897694308988
2019-05-13,56.4033317565918,57.166565996341326,55.85299318344786,56.83259114889159,45626000,1.3135728128934687,1.0602035698449888
2019-05-14,55.821231842041016,56.81422878558775,55.755228922522,56.68768627545845,40392000,1.0589998630657504,1.0855479346152532
2019-05-15,58.10100555419922,58.473193404251774,55.64952703697073,55.706594780540094,59302000,2.8236663672810423,1.234777776963568
2019-05-16,58.78086471557617,59.26024434993122,57.98438485774405,58.152612216792654,35308000,1.2758594921871733,1.2766046108302633
2019-05-17,58.000762939453125,58.86969725966883,57.88364779556979,58.35062043745472,25362000,0.9860494640990396,1.2574986381184219
2019-05-20,56.80381393432617,57.217686687846395,56.480258382035665,57.217686687846395,30602000,0.7374283058107309,1.2464394737550617
2019-05-21,57.28914260864258,57.46580917920083,56.73681631931188,57.29112652024029,20562000,0.7289928598889546,1.2007843646556577
2019-05-22,57.35911178588867,57.752638056558965,57.11842999806387,57.130837017392196,18826000,0.6342080584950978,1.171470012423765
2019-05-23,56.83755111694336,57.071285427584336,56.23312066384092,56.873780219049515,25214000,0.8381647637434142,1.1680671344459748
2019-05-24,56.50357437133789,57.28516734129185,56.4092855711958,57.16805220096117,18554000,0.8758817700960506,1.1446014730474339
2019-05-28,56.550716400146484,57.390868798082145,56.50654786913404,56.64599715202882,20948000,0.8843209289481067,1.1022432280187202
2019-05-29,55.57707977294922,56.32443138552182,55.180573838980145,56.21029210538045,36230000,1.1438575465416747,1.1249643660627722
2019-05-30,55.650028228759766,55.91750798232078,55.37659295413161,55.5875009366912,18088000,0.5409150281891684,1.09472865094693
2019-05-31,54.91011428833008,55.25252453201234,54.753794181505,54.86743747559679,31582000,0.49873035050733705,1.0243319722676436
2019-06-03,51.547523498535156,52.94992559155208,50.96641535794812,52.946453746323435,96890000,1.9835102336039583,1.0721846451755357
2019-06-04,52.3291130065918,52.52513405659916,51.41303433315086,51.83286255141034,60512000,1.1120997234482957,1.0759774923457175
2019-06-05,51.84031295776367,52.44425126628497,51.26268040962608,52.35443004300591,46988000,1.1815708566588938,0.9586849558727069
2019-06-06,51.995140075683594,52.10629969708444,51.38723400310241,51.918221858095734,29020000,0.7190656939820315,0.9189139702866252
2019-06-07,53.01791000366211,53.269014889801966,52.16336664116216,52.318694793669955,43828000,1.1056482486398025,0.9274567406109655
2019-06-10,53.732017517089844,54.331488188465315,53.36082161243836,53.446175241234826,28510000,0.9706665760269573,0.9441166170549816
2019-06-11,53.64665985107422,54.78654953180274,53.573713241851216,54.43817996962721,33508000,1.2128362899515253,0.9786768620594509
2019-06-12,53.550392150878906,53.72010745580406,53.07895191409723,53.59257298816466,23670000,0.64115554170683,0.979173110860289
2019-06-13,54.14141845703125,54.418325537388,53.72258599159079,53.828782041481766,20814000,0.6957395457972098,0.9689998810069886
2019-06-14,53.907684326171875,54.32751253464041,53.66849427776035,54.07839535714609,24582000,0.65901825688006,0.9535096300629894
2019-06-17,54.28434371948242,54.651072036648614,53.99205373152484,54.04664158720511,19770000,0.659018305123773,0.9374165855041083
2019-06-18,54.847591400146484,55.519512730861265,54.62676007865396,55.158243941161516,34526000,0.8927526522073066,0.919480521623082
2019-06-19,54.81135559082031,55.055512988219405,54.390535429495536,54.94683326342811,26714000,0.6649775587238693,0.9283421309469893
2019-06-20,55.24260330200195,55.71503548558903,54.934926641298766,55.664415452935344,24018000,0.7801088442902611,0.9484405947886267
2019-06-21,55.84653854370117,55.906086175008376,55.06990537261878,55.07685284867732,50774000,0.8361808023895989,0.8664884925590296
2019-06-24,55.416290283203125,55.75721639286306,55.24806291493411,55.580053850531634,24236000,0.5091534779289475,0.8234209035933618
2019-06-25,53.97120666503906,55.3666611379772,53.82332197509087,55.335895367610604,31644000,1.5433391628863262,0.8492614968953214
2019-06-26,53.61092758178711,54.34537991528839,53.28191631927332,54.140923457310606,34698000,1.063463596015069,0.8738613470405383
2019-06-27,53.427818298339844,54.01488197038169,53.38910930568577,53.930024316591016,24078000,0.6257726646959156,0.8395845196159749
2019-06-28,53.73400115966797,53.73400115966797,53.28737497218664,53.45759003713629,33672000,0.44662618748132843,0.8021530632912872
2019-07-01,54.58755111694336,55.01383084160599,54.35580072635864,54.6391593176599,29196000,0.6580301152473496,0.7625240508124175
2019-07-02,55.21282958984375,55.22722052062033,54.571178081216495,54.82724275399014,20630000,0.6560424394038336,0.7635874006479177
2019-07-03,55.728431701660156,55.9765569294655,55.32448234664557,55.50561270283813,20154000,0.6520745828199352,0.7604684747209696
2019-07-05,56.208805084228516,56.30706171494862,55.45599391646255,55.54879100412245,29794000,0.8510677984860635,0.7741862991213984
2019-07-08,55.42076110839844,55.9378540487476,55.171147919762866,55.871355147729915,29888000,0.7667061289847368,0.7818782865400387
2019-07-09,55.792945861816406,55.97010840456372,54.94237029434849,55.09968236348599,29472000,1.0277381102152248,0.7915201049691757
2019-07-10,56.617713928222656,56.68867662457347,56.109056440518735,56.19143420006635,30710000,0.5796201840547326,0.785423149635666
2019-07-11,56.775020599365234,57.22958619761573,56.549229519899086,56.87824078481194,26004000,0.6803566777166452,0.7782979948804076
2019-07-12,56.83755111694336,56.944742917427156,56.5010963789597,56.71795608325862,21878000,0.44364653846745483,0.7502598331716831
2019-07-15,57.094112396240234,57.10254780589926,56.57255192568418,56.837547972746464,21164000,0.5299958802150826,0.7517485761921213
2019-07-16,57.24051284790039,57.49459362920326,56.90653418810381,56.90653418810381,25352000,0.5880594410994462,0.6835143103502013
2019-07-17,56.90702819824219,57.48764033962764,56.901072677692355,57.11446053129008,19538000,0.586567661935284,0.649450315058788
2019-07-18,56.93183517456055,56.97798761659845,56.21822906892103,56.67179891335898,25450000,0.7597585476774142,0.6590207352717522
2019-07-19,56.15321731567383,57.147206118280955,56.138330408411804,57.035054549889345,23184000,1.0088757098691516,0.699181415442311
2019-07-22,56.533348083496094,56.57354500725381,55.838600460858665,56.34775013685135,28914000,0.7349445463951483,0.7046753033814396
2019-07-23,56.9720344543457,57.01223137784008,56.217735417813536,56.74375969610451,20648000,0.7944959600265449,0.714564840568776
2019-07-24,56.55915451049805,56.84350506009228,56.00236066629564,56.206321153848776,27192000,0.8411443937966467,0.7280698270671125
2019-07-25,56.37107849121094,56.75070980948168,55.76416435986441,56.52044734299529,54762000,0.9865454496172674,0.7377468021479129
2019-07-26,61.794105529785156,62.943914803544715,60.93956211935694,60.93956211935694,121216000,2.004352684187772,0.8261501275195583
2019-07-29,61.626365661621094,61.9811867062708,61.04872940416391,61.65911913065302,41382000,0.93245730210689,0.81934435551182
2019-07-30,60.9395637512207,61.38172237730634,60.8065659499865,60.889935671666564,28616000,0.5751564273198397,0.819025515745042
2019-07-31,60.45323181152344,61.28246516162188,59.95598938818582,60.78423078254611,39960000,1.3264757734360586,0.8651768797250001
2019-08-01,60.1346435546875,61.35144771638082,59.89743360552147,60.42494964174165,35426000,1.4540141108593474,0.9373459920387067
2019-08-02,59.3674430847168,60.0214978667021,59.053810883468195,59.69893806301809,34910000,0.9676869832339037,0.9686096422543368
2019-08-05,57.30451583862305,58.40272051952001,56.70901685585186,58.20868339690882,47840000,1.6937036636681526,1.047584229580673
2019-08-06,58.114898681640625,58.627027996258406,57.64097859212836,57.83898355195478,36014000,0.9860494041300427,1.0761186397374414
2019-08-07,58.35459518432617,58.55110844702212,57.110493282827946,57.45588321236518,30686000,1.4406151641941776,1.1247512552029246
2019-08-08,59.85723876953125,59.86170257050078,58.25980758304627,58.87664505680203,30116000,1.6018949874545143,1.1671097750304504
2019-08-09,58.99921798706055,59.77138359606932,58.800221064268946,59.549560332952176,20418000,0.971162531800374,1.183982488273681
2019-08-12,58.28461456298828,58.83594885008432,57.997784131552514,58.5575538283192,22064000,0.8381647185318073,1.1871016853097711
2019-08-13,59.387779235839844,59.81951849658045,58.209684163982665,58.27717122757567,28434000,1.609834332597785,1.2420081095098523
2019-08-14,57.775962829589844,58.69600935885796,57.61815478543299,58.36253049488311,35430000,1.0778545734249647,1.2485301897818306
2019-08-15,58.02756118774414,58.37989857697073,57.71393279011932,57.9833964394035,28506000,0.6659657868514088,1.1529311256863761
2019-08-16,58.51835250854492,58.74811899803839,58.21018365174988,58.596762448028,24916000,0.5379353462885135,1.1247509859850635
2019-08-19,59.57189178466797,60.016038082984736,59.07365739481806,59.144620092536506,24450000,0.9423806881666721,1.150981290331266
2019-08-20,58.732730865478516,59.45080839192116,58.70891256914688,59.31930231899427,20206000,0.7418958227742749,1.10922557956971
2019-08-21,59.13221740722656,59.57785167184377,58.95059105154985,59.342629412494915,14152000,0.6272606202939173,1.0501717588150363
2019-08-22,59.12923812866211,59.489514951734854,58.50346547821643,59.242381664473136,17352000,0.9860494735184275,1.0514833652639308
2019-08-23,57.246463775634766,59.33518186625509,57.06880525553756,58.81411734731172,36254000,2.266376610717529,1.0923885757674578
2019-08-26,58.1198616027832,58.153607029039634,57.30948675302142,57.537761518563784,21166000,0.8441202760182165,1.0822507809023274
2019-08-27,58.101993560791016,58.805676311330274,57.791341062327135,58.70642773916501,23460000,1.014335249003139,1.051802215531539
2019-08-28,58.24739456176758,58.483112760177534,57.577457234569145,57.80672393504161,16810000,0.9056555256083882,1.0020708253996726
2019-08-29,59.264217376708984,59.5098589340244,58.81957511202527,58.87614687758333,19636000,0.690283821999131,0.9820080604138697
2019-08-30,59.08010482788086,59.56742388475068,58.84140697094788,59.56742388475068,18064000,0.7260169138028019,0.9739975029332264
2019-09-03,58.038970947265625,59.00814572148851,57.749160872894805,58.64935686645036,25908000,1.2589848485937054,0.9489368255043635
2019-09-04,58.670204162597656,58.799726325309585,58.13723238922379,58.53026267829021,21312000,0.6624939360857951,0.9192682085515658
2019-09-05,60.15498352050781,60.24480472982278,59.18729288191303,59.235429235615214,26394000,1.0575118479097512,0.9472357843414473
2019-09-06,59.86368942260742,60.19270070231351,59.711833111701424,60.00363090615744,18972000,0.4808675906120854,0.9431595160788453
2019-09-09,59.81157684326172,60.56984745309452,59.21111426670487,59.9013980515206,31854000,1.3587331863896495,0.9728989802376294
2019-09-10,59.832916259765625,60.0463041034778,59.352048698117684,59.356020306997124,27922000,0.6942554053601171,0.9694960932794753
2019-09-11,60.54256057739258,60.66513526783259,59.663203122517,59.74310099718435,23522000,1.0019321453155925,0.9962583450667378
2019-09-12,61.28544235229492,61.65514651270272,60.66959309336393,60.71475358026939,31644000,0.9855534193387925,0.9962229126253354
2019-09-13,61.53654861450195,61.58716864809238,60.89390513944056,61.143518317793806,23676000,0.6932635086518175,0.8838576910492131
2019-09-16,61.119693756103516,61.48642204264582,60.80010608090249,61.06063831833136,28218000,0.6863159617433325,0.8725859543152927
2019-09-17,61.032859802246094,61.2869405890703,60.70880826602466,61.119705159622505,20806000,0.5781323230456366,0.8414286024611854
2019-09-18,61.170310974121094,61.34846545986885,60.367379629726905,61.050715949239574,17440000,0.981085830141943,0.8468164813564394
2019-09-19,61.47303009033203,61.75043317818672,61.153446164718,61.15394214261464,16554000,0.5969870134687199,0.8401524236042671
2019-09-20,61.03086853027344,61.67400795973817,60.7202160078767,61.219442346351414,37692000,0.9537919518614686,0.8564220691798862
2019-09-23,61.271549224853516,61.51917847820748,60.73013827416754,60.86859182001114,20798000,0.7890402040399422,0.8228545945689031
2019-09-24,60.459686279296875,61.88789437739682,60.07807104425178,61.53506100453413,35804000,1.8098233331450402,0.9048066943588492
2019-09-25,61.829833984375,61.93305417641819,60.00660791020394,60.34455437030646,26798000,1.9264462662142492,0.9668734385234562
2019-09-26,61.64869689941406,61.76680778075008,61.129124118688836,61.64125344535884,23166000,0.6376836620612423,0.9780745864841103
2019-09-27,60.837825775146484,61.78268631820922,60.30435425876705,61.675494522635425,34122000,1.4783320594421738,0.9866173631307191
2019-09-30,60.5991325378418,60.91028105495529,60.21602936438333,60.57233458690206,24470000,0.69425169057196,0.9866170977887079
2019-10-01,59.847808837890625,61.180739967134514,59.82547847431544,60.666126932569135,24504000,1.355261492819075,1.0118549083246708
2019-10-02,58.45433807373047,59.488523921057975,58.19182189569117,59.37637233927797,33030000,1.2967020253668053,1.0340798087552432
2019-10-03,59.02552032470703,59.10343049789209,57.720878923332165,58.72330321156918,28368000,1.3825515745599262,1.0833146706058225
2019-10-04,60.09394836425781,60.16838669335828,59.10194338370747,59.26669890627173,24282000,1.0664433096508077,1.110466624027785
2019-10-07,59.95946502685547,60.48846899773662,59.76642361303443,59.89743371448087,17040000,0.7220453847021844,1.120746128431824
2019-10-08,59.06025695800781,59.89097823911531,59.027999466165745,59.48901657316592,20086000,0.8629787729495675,1.1123099100609402
2019-10-09,59.66915512084961,59.96988429727848,59.45675922423016,59.6160589862627,15948000,0.5131250730483217,1.1063197714594832
2019-10-10,60.02000427246094,60.32519724822251,59.443859724165584,59.48058101672487,12842000,0.8813375240569243,1.10114445518773
2019-10-11,60.32966613769531,60.97677718184017,60.22694192579406,60.74254689680836,22330000,0.7498352560461115,1.0983441017595992
2019-10-14,60.43189239501953,60.834350033369816,60.13960241921279,60.239346974498716,13296000,0.6947476141570235,1.018695836117598
2019-10-15,61.646217346191406,61.88888303633193,60.58821326185716,60.61699512250634,27584000,1.3006697744747697,0.9739975152790638
2019-10-16,61.68393325805664,62.239235368386765,61.46210621454887,61.62487781814139,22986000,0.7771291538378975,0.9839579075488248
2019-10-17,62.170257568359375,62.71365243260032,62.024856545768664,62.10078280623721,20958000,0.6887958868316559,0.9275624666480736
2019-10-18,61.753910064697266,62.433770833812865,61.542010129709624,62.26405552353277,31624000,0.8917607041032412,0.9416702533288793
2019-10-21,61.74745559692383,62.20549306480344,61.534563716358846,61.96679897605688,18094000,0.6709293484445951,0.8927893858735594
2019-10-22,61.594608306884766,61.96828408455127,61.527613434843985,61.75737612513315,22862000,0.4406706497072861,0.8316442876121651
2019-10-23,62.40994644165039,62.430292892111794,61.54547975119606,61.54547975119606,21282000,0.8848131409157318,0.7960915423518655
2019-10-24,62.48339080810547,62.67146863481019,62.147924268223605,62.48339080810547,20224000,0.5235443665865844,0.7573130464187068
2019-10-25,62.7409553527832,62.924569413905374,61.989136094411066,62.130565528256845,27104000,0.9354333194943081,0.7725550417610013
2019-10-28,63.9656982421875,64.47485176987017,63.13845248679969,63.2719424859002,65428000,1.3363992830704774,0.8063707924839234
2019-10-29,62.56031036376953,63.55975874289798,62.30970146264001,63.32155686027525,52654000,1.2500572802579768,0.859008807284613
2019-10-30,62.56229782104492,62.92555429284906,62.0635674519653,62.286878653382274,29204000,0.861986840883759,0.857626615629387
2019-10-31,62.46800994873047,62.85111689975829,62.00550488853947,62.52756137017092,31904000,0.8456120112188188,0.8644678124274375
2019-11-01,63.13546371459961,63.17268477057608,62.51316673112723,62.8153838353089,28812000,0.6595180394488551,0.8619514142339969
2019-11-04,63.99695587158203,64.14037298375169,63.32701849705497,63.32701849705497,30632000,0.8133544866967171,0.8271431793927074
2019-11-05,64.08776092529297,64.37558706892311,63.98553649186562,64.07584988575361,25148000,0.3900505770574867,0.7994947096226781
2019-11-06,64.06643676757812,64.16469340040145,63.63271733055178,64.02078408267586,24626000,0.5319760698496694,0.7882932941239648
2019-11-07,64.8569564819336,65.6365655154242,64.20240201673944,64.22870020115927,45140000,1.4341634986847538,0.8270363508797871
2019-11-08,64.95919036865234,65.36165184435728,64.58799443261223,64.58799443261223,30392000,0.7736574117450488,0.8343740696869624
2019-11-11,64.42720794677734,64.75572703245952,64.30761291533182,64.71105873497332,17234000,0.44811411712770166,0.8349057459312778
2019-11-12,64.37410736083984,64.97655770642851,64.22672241687813,64.44159821603563,28852000,0.7498352895503757,0.8252644708337523
2019-11-13,64.322998046875,64.63762220937356,64.12300914781964,64.17412137638439,20538000,0.5146130615539164,0.8246265204742761
2019-11-14,64.96663665771484,65.29267968644248,64.21184151851725,64.26444546948038,28948000,1.0808381679252363,0.8350125810764852
2019-11-15,66.1769790649414,66.1769790649414,65.10259268766069,65.25941254214587,39286000,1.0743863772807174,0.8162973735200738
2019-11-18,65.49711608886719,66.19583908399201,65.31449780142827,66.11742915048329,27984000,0.8813412825637386,0.7899605165419139
2019-11-19,65.13734436035156,65.83407592862483,65.09665145673138,65.83407592862483,21864000,0.7374244718934477,0.7810632044711774
2019-11-20,64.60486602783203,65.16810758563217,63.97710948579548,65.07630246017649,28892000,1.1909980998366905,0.8057336393724539
2019-11-21,64.51951599121094,65.06439503980536,64.05353150343402,64.47534745553108,25546000,1.010863536371346,0.830829746295489
2019-11-22,64.19844818115234,64.85498670079717,63.98456431159745,64.6614492858728,27776000,0.8704223891997174,0.8349060250457033
2019-11-25,64.79244995117188,65.02916393054878,64.29471528841627,64.32697278344668,23590000,0.7344486421325058,0.8595058868367761
2019-11-26,65.1576919555664,65.20781222608903,64.71305344747026,65.00434770441765,21910000,0.49475877861877393,0.8568475088917121
2019-11-27,65.11450958251953,65.38794861074426,64.98251132326297,65.27778094932138,18808000,0.40543728748129126,0.783367065234322
2019-11-29,64.71552276611328,65.006324800764,64.67284595465377,64.8400851416472,12802000,0.33347884611023915,0.7519257391175499
2019-12-02,63.95975112915039,64.78253692871222,63.53892707582164,64.63961198032571,26538000,1.2436098528905788,0.8087468631006125
2019-12-03,64.25152587890625,64.37509629118345,63.37366028625145,63.45355436186496,25270000,1.0014360049320032,0.8267183427707288
2019-12-04,65.45245361328125,65.71695745819278,64.66390942910238,64.81526974961815,35506000,1.0530480290904052,0.8651779833090494
2019-12-05,65.85044860839844,65.90106863745048,65.22319186246219,65.85243251978387,24408000,0.6778767749882917,0.8363950266706962
2019-12-06,66.46728515625,66.62012962490077,66.06234764572054,66.13777413827592,32968000,0.5577819791802341,0.7994947125206616
2019-12-09,66.64594268798828,67.3684878249975,66.3025366818837,66.44099402177967,30842000,1.0659511431138071,0.8126811311313809
2019-12-10,66.64098358154297,66.89456837249547,66.19981313481495,66.49459059389076,17606000,0.6947552376805248,0.8096333286876006
2019-12-11,66.7084732055664,66.98835617819118,66.55215309066824,66.90945404695505,20480000,0.4362030875229408,0.7557193992366186
2019-12-12,66.91888427734375,67.22109762614981,66.40824662381249,66.65686406966326,29114000,0.8128510023373252,0.741575646805617
2019-12-13,66.83848571777344,67.06080496049667,66.57994115975089,66.88959794149217,33170000,0.48086380074578017,0.7137500333446215
2019-12-16,67.52481079101562,67.66524447622663,67.02409269178868,67.24194436457637,28128000,0.6411517844379517,0.7070859720807248
2019-12-17,67.23648834228516,67.70494897121948,67.03203184854294,67.60966820159027,32948000,0.6729171226765374,0.7198115680848508
2019-12-18,67.08859252929688,67.46177232689692,67.01664166516937,67.34118534402695,23330000,0.44513066172754634,0.7226468091024404
2019-12-19,67.31340026855469,67.36749593369899,66.93178503391336,67.08859734207033,28922000,0.43571089978563293,0.7299490986506828
2019-12-20,67.05435180664062,67.68855983506695,67.03003753311336,67.64389911091128,50090000,0.658522301953596,0.6881571307266127
2019-12-23,67.02507781982422,67.58186786917857,66.89456370617594,67.42703948197932,19936000,0.6873041630026222,0.6657191420173711
2019-12-24,66.71739959716797,67.09356285074838,66.70450417230641,67.00423382720653,13468000,0.3890586784419696,0.6182913312567686
2019-12-26,67.61263275146484,67.64886563760956,66.77099240410861,66.82260438988969,23662000,0.8778732335009494,0.6325767925791013
2019-12-27,67.22407531738281,67.83992081252498,67.14268951409021,67.6885604829738,23212000,0.6972312984347724,0.6425374582401397
2019-12-30,66.48316192626953,67.34118084559142,66.39036485397101,67.33175348084139,19994000,0.9508159916204164,0.6343135188477547
2019-12-31,66.46728515625,66.53030841671966,66.10700836784599,66.28863469556742,19514000,0.4233000488736707,0.6149238625044079
2020-01-02,67.92080688476562,67.92080688476562,66.81963000871814,66.91491076451707,27278000,1.1011768760474894,0.6624219902561614
2020-01-03,67.56549072265625,68.17240862427808,66.86081596073402,66.89456517269056,23408000,1.3115926635440616,0.6980463946280712
2020-01-06,69.36638641357422,69.3916926420359,67.0434381998988,67.07469616252293,46768000,2.3482544421371045,0.8314314404417372
2020-01-07,69.23239135742188,69.64874769049442,69.05622458304828,69.49788714263947,34330000,0.5925231074461408,0.8279579635137507
2020-01-08,69.72517395019531,70.06312039428155,69.10932845842892,69.21800440208847,35314000,0.9537919358526352,0.8480204501691863
2020-01-09,70.45714569091797,70.8983085315508,69.98173387535881,70.56333795807842,33200000,0.9165746561919832,0.8816950212023603
2020-01-10,70.91219329833984,71.20895460356724,70.44770820676389,70.93750709598153,26258000,0.7612463968033438,0.9049475567036254
2020-01-13,71.46154022216797,71.53349106903862,70.73403553221374,71.22432656399947,30730000,0.7994555368248797,0.9150142163372885
2020-01-14,70.99309539794922,71.5905783300735,70.85314635097474,71.46006422047215,26076000,0.7374319790987585,0.9185947746298696
2020-01-15,71.42037200927734,71.49878195184972,71.04620021765285,71.11369107406499,21550000,0.452581734196869,0.9231321357552196
2020-01-16,71.9642562866211,71.991054234151,71.46006263409811,71.73051821248909,26080000,0.5309916000528858,0.8983548762232151
2020-01-17,73.4212417602539,73.47235397966993,72.28135597328935,72.57860949705164,52424000,1.1909980063805818,0.9336239267907729
2020-01-21,73.5567398071289,73.93537921396435,72.95924918566347,73.39545232281576,48930000,0.9761300283008865,0.9354320722679493
2020-01-22,73.63711547851562,74.46635262161918,73.57707565322256,73.92792510020561,28458000,0.8892769683966151,0.9687161379481596
2020-01-23,73.67780303955078,74.1150056100475,73.46094335586837,73.81973599499418,26650000,0.6540622541791379,0.9367793792432774
2020-01-24,72.75875854492188,74.1497455459025,72.61037407881075,74.08126273759932,29786000,1.5393714670917547,0.9530492937823983
2020-01-27,71.04967498779297,71.29035678349074,70.44275705144024,71.04024762156224,34132000,0.8475997320504973,0.845859671633355
2020-01-28,71.98114013671875,72.19452422773547,70.98168782396866,71.54642116350121,29724000,1.212836403766815,0.8901677642276888
2020-01-29,72.28880310058594,72.65801507586868,71.72754546979097,72.37614063669027,21566000,0.9304696060777076,0.8885018835294797
2020-01-30,72.16722869873047,72.2168492041988,71.21194499533239,71.36578143499277,27110000,1.0049042088664066,0.8948111372919385
2020-01-31,71.10177612304688,72.93244183951124,70.81791775939544,72.8426206238996,43822000,2.1145240801157996,0.9914738289571139
2020-02-03,73.57408142089844,73.75769921758885,72.28432711867222,72.53443622934418,71636000,1.4733720989166272,1.0396107262493817
2020-02-04,71.7285385131836,72.81681238861734,70.56830620024466,72.17913629710675,95880000,2.248506188372673,1.1475445983403756
2020-02-05,71.76029205322266,72.67984253452366,70.94793336208039,72.63170618173763,36376000,1.7319091724432667,1.2389251296436896
2020-02-06,73.24507904052734,73.52248589418377,71.980138619887,72.05457315984722,37822000,1.5423472742967732,1.3111648206611102
2020-02-07,73.4009017944336,73.70559879869327,72.7210410665216,72.81929769136995,28360000,0.9845577321716803,1.2964190867890457
2020-02-10,74.86732482910156,74.87824391485704,73.206874148299,73.30761445127459,38302000,1.671369766558044,1.3460790680931285
2020-02-11,74.93679809570312,75.92037145053452,74.7080273521206,75.09609407520617,34852000,1.2123440984139222,1.3691552916657932
2020-02-12,75.36209106445312,75.44496101891976,74.86782448844302,75.22462568128545,31042000,0.5771365304767357,1.3636605971156217
2020-02-13,75.10205078125,75.72533972486248,74.63606632799268,74.93381963355475,22914000,1.0892733968697996,1.3315107349569106
2020-02-14,75.3670425415039,75.43254947654793,74.71298029109376,75.15861826834625,23198000,0.7195691854541764,1.3223656959143162
2020-02-18,75.40228271484375,75.95411300380982,74.98394241111538,75.14919769716833,25642000,0.9701705926944442,1.3050324236948612
2020-02-19,75.67174530029297,75.9630471132219,75.47870768352672,75.7873725080763,22746000,0.48433942969518284,1.2731659825246808
2020-02-20,75.28070068359375,75.78091896387954,74.64896876279927,75.38094121635825,25962000,1.1319502010802722,1.2822406962542428
2020-02-21,73.61676788330078,74.98096446759392,73.37013437097549,74.66484862101126,42520000,1.6108300966184288,1.246262554575859
2020-02-24,70.46060943603516,71.28041914029299,69.81201430720242,70.61891344354642,49560000,1.468404833090574,1.245907749873998
2020-02-25,68.79619598388672,71.30374648103692,68.50341002838334,71.0134442009436,51580000,2.800336452653582,1.2853241973226344
2020-02-26,69.00213623046875,70.15344093186029,68.31135643850625,69.22594718689604,49776000,1.8420844933540366,1.293193863101975
2020-02-27,65.25444793701172,67.95653516579354,65.21921458048752,67.44738173946918,62290000,2.7373205853060227,1.3785490996026357
2020-02-28,66.46034240722656,66.61913861220282,62.93497730501943,63.23769037956694,80198000,3.6841613071833876,1.5713779263891863
2020-03-02,68.79619598388672,68.85325994086891,65.76311339989533,67.06279499656021,55430000,3.0901465409735778,1.6727191245617246
2020-03-03,66.38440704345703,69.881481998235,65.96358314946141,69.35992539597444,56602000,3.9178988487735893,1.8659730353017008
2020-03-04,68.56195831298828,68.6205139833395,66.34867815746905,67.4384436314038,47598000,2.271835825870454,1.9870229849726806
2020-03-05,65.2450180053711,67.17394765388372,64.5939392228994,66.77297041597613,54380000,2.5800084309843214,2.0935040588380036
2020-03-06,64.3011703491211,64.64903640634674,62.389114797465055,63.021339018534746,64640000,2.259921608881683,2.203529231939968
2020-03-09,60.33363342285156,62.16678266927018,59.45278813467974,59.79619410549362,69252000,2.7139945345904337,2.328088084932539
2020-03-10,63.280372619628906,63.3141180465607,60.27011622097382,62.249166437969265,54872000,3.044001825586882,2.5109211132105176
2020-03-11,60.09096908569336,62.37521226684703,59.11037916246386,61.9454606818698,54732000,3.2648331043831718,2.6632698920178677
2020-03-12,55.16072463989258,58.991779169436185,55.007880149700426,55.71007507321957,94326000,3.983899019735759,2.8327748150976766
2020-03-13,60.25820541381836,60.26465691209083,55.19744041947914,58.308932915533035,79400000,5.067216492611685,3.089832790777756
2020-03-16,53.247676849365234,56.8440010306716,52.95389514808521,54.071946637182414,96520000,3.89010588258639,3.1676734643443853
2020-03-17,55.48378372192383,55.877805985985816,52.06164218525907,54.1230664454336,83194000,3.8161638007267484,3.308679129156722
2020-03-18,54.15035629272461,54.83518057354146,51.461171864578795,52.59957358482276,93044000,3.3740087089626627,3.3541568522750533
2020-03-19,55.16667175292969,57.19832190247575,52.381714567339266,54.00296388264597,74064000,4.8166073351364815,3.435045854271703
2020-03-20,53.009971618652344,56.49712392196647,52.70676254783707,56.12096445623993,82878000,3.7903613741293967,3.4850611994971183
2020-03-23,52.31125259399414,52.94546064378,50.06522244779054,52.422412216355276,83672000,2.880238195989463,3.4109425814411094
2020-03-24,56.07680130004883,56.24155682605298,53.9141408183896,54.78506285069466,72468000,2.3274160076633805,3.4149125944263186
2020-03-25,54.667945861816406,56.87873884091762,53.74442370156079,55.807335766211146,90324000,3.134315139356829,3.4545059307386405
2020-03-26,57.7099609375,58.13475274319394,54.19204281681304,55.318033766714024,76562000,3.9427099263809,3.574705096274299
2020-03-27,55.096702575683594,57.12090932887696,54.78605006867187,55.950749927564374,62794000,2.334859260205093,3.5476240052467745
2020-03-30,56.885684967041016,57.1184273116547,54.51261641318761,56.207312192064094,58736000,2.605810898467091,3.5163246533096464
2020-03-31,57.66182327270508,58.23002839559108,56.40978203312284,57.00578084729468,65228000,1.8202463624682395,3.4131398860300086
2020-04-01,54.6917610168457,56.04751835147688,54.26448935397661,55.77855070150848,51970000,1.7830289975002742,3.2559348844417597
2020-04-02,55.43266677856445,55.717513301749904,54.24662847795809,54.58755078840877,56410000,1.4708848237918133,2.999054050954626
2020-04-03,54.225284576416016,55.52000256570381,53.35089456161916,55.317533807276405,51374000,2.1691080040846558,2.8761256310616448
2020-04-06,58.71586608886719,59.09102985081632,55.82818415780754,56.2251860929217,63320000,3.262845693008778,2.83660290908179
2020-04-07,58.684593200683594,60.581265562426175,58.42108508282757,60.39417589671466,61620000,2.1601804795986084,2.7499008926986432
2020-04-08,59.897430419921875,60.28946874689685,58.75357293120654,59.703893038845585,40334000,1.53589581569031,2.515564355595345
2020-04-09,59.87609100341797,60.64130912701154,59.17389614347068,60.45223933607273,54028000,1.4674129835408607,2.349639470553307
2020-04-13,60.066650390625,60.270610868569676,58.67317980519801,59.62449181891167,38702000,1.5974310633716655,2.2580103896520356
2020-04-14,62.78710174560547,63.30915444171393,60.96635555655687,61.53357252929676,63358000,2.342798885157059,2.2591091666158696
2020-04-15,62.39357376098633,63.277394976794355,61.2373092479215,61.858118318287886,42236000,2.040085728872853,2.1809499230098717
2020-04-16,62.400020599365234,63.19054874433473,61.44573267770072,62.881880136039015,57896000,1.7448160666340087,2.023957504456522
2020-04-17,63.470436096191406,64.01631085791675,62.825308968458316,63.60442205768856,51050000,1.191001889458434,1.9422534065460464
2020-04-20,62.584632873535156,63.362258099804826,62.350898546918685,63.01835609786825,35292000,1.011359552886141,1.8283640247188357
2020-04-21,60.15349578857422,62.031305781008385,59.798178772892086,61.66954105330568,49648000,2.2331270081162984,1.8578554994079828
2020-04-22,62.44866180419922,63.51410943261754,61.396113387503334,61.590146760430514,46296000,2.1179960451142037,1.881781717094692
2020-04-23,63.081871032714844,63.92450716957352,62.553862820825465,62.812407383951104,34202000,1.3706443487480584,1.8746216831629954
2020-04-24,63.35133743286133,63.40642126585509,61.73355982484232,62.27943458992633,37402000,1.6728614410127705,1.839175500086432
2020-04-27,63.06648635864258,64.21977499252665,62.77866017804189,64.11555906230626,44186000,1.441114814484763,1.7090518659061453
2020-04-28,61.16733932495117,63.75627571988888,61.05766763555547,63.678865309374004,80700000,2.698608084333415,1.7475109805300602
2020-04-29,66.60575866699219,67.49751946749758,65.83905246213541,66.74570017363355,108358000,1.6584670053621693,1.7562660655066213
2020-04-30,66.83004760742188,66.99381116559951,65.57949434545334,66.06880110856797,55842000,1.414316820146169,1.7524734824070005
2020-05-01,65.37205505371094,67.06477049960726,64.99193160873368,65.70801754388526,48872000,2.0728388908735838,1.7864311843714233
2020-05-04,65.64896392822266,65.72688166442003,64.31454886708369,64.91600715534007,30806000,1.4123327973363473,1.7199693209556581
2020-05-05,66.94517517089844,68.03643246348844,66.25092732812242,66.37349822196448,39666000,1.785505135366023,1.7017849928480275
2020-05-06,66.76703643798828,67.92131719996914,66.75214952747407,67.39082524839009,31732000,1.169167672495064,1.6606672504095314
2020-05-07,67.95057678222656,68.28406319438015,67.1198555493269,67.55506663759755,30652000,1.1642076450532528,1.6587533758091613
2020-05-08,68.69794464111328,69.3083306365863,68.08606692584334,68.57289006017024,33326000,1.2222637107429648,1.6738179585132202
2020-05-11,69.6532211303711,70.24574435202634,68.25925819267765,68.32327341716166,32718000,1.9864861593486864,1.6562007550298194
2020-05-12,68.24337768554688,70.18619502601786,68.21012823629849,69.88298973182424,33918000,1.9760667897193684,1.6460629510730453
2020-05-13,66.91093444824219,68.74706720442754,65.90255466644857,68.29200183826535,40368000,2.8445125379789715,1.751339250303825
2020-05-14,67.33423614501953,67.35954237194446,65.66881835817256,66.17598785756756,36660000,1.6907240137718986,1.7526151483580483
2020-05-15,68.1381607055664,68.21358719606583,66.44792885100179,66.90746177228863,41544000,1.7656583450640397,1.775796829113711
2020-05-18,68.7396240234375,69.11577969209408,67.20223652116248,67.56847263256927,47094000,1.9135431709316038,1.7197207638707244
2020-05-19,68.20465850830078,69.10237078740617,68.17290078356297,68.7545048182942,31586000,0.9294700038432069,1.667649549476513
2020-05-20,69.92964172363281,70.07206690165037,68.85079504182879,68.93714063728491,38262000,1.2212718598215844,1.6538606237390425
2020-05-21,69.81004333496094,70.29189913641048,69.19667387656828,70.02045155614233,30894000,1.095225259842195,1.584031078665372
2020-05-22,70.13209533691406,70.31868143198587,69.27407644138323,69.66859460782679,28544000,1.044604990602636,1.5577648067558212
2020-05-26,70.5355453491211,71.713647949531,70.43778849540769,71.55732784975878,44590000,1.2758594541233066,1.5213615438099128
2020-05-27,70.48146057128906,70.73306143347727,69.20709277694024,70.46756561892757,31684000,1.5259686565370316,1.5468473283843391
2020-05-28,70.38023376464844,71.68139961305472,69.42941762074975,69.4750703044291,35170000,2.2519819923049766,1.6245454960451764
2020-05-29,71.13850402832031,71.297800014484,70.26808174332169,70.48890927787944,37044000,1.0297182711623094,1.6107922503608438
2020-06-01,71.20549011230469,71.53847677860361,70.580709445191,70.75043231360314,25162000,0.9577673334126047,1.5373123342225523
2020-06-02,71.57469177246094,71.60893317070718,70.54744982507383,71.21193134216848,23442000,1.0614833456333486,1.4719849453592653
2020-06-03,71.42284393310547,71.9071833180926,71.0442046165178,71.59405093550622,27732000,0.8629787015748036,1.330446814187539
2020-06-04,70.1846923828125,71.52556651332753,69.77330339463913,71.30026385813214,26982000,1.7522631186884041,1.334842464538718
2020-06-05,71.4610595703125,71.7727078334822,69.85320532299941,70.25119916881421,42642000,1.9195025104827863,1.3458313334971999
2020-06-08,71.85904693603516,71.90668352390114,70.68987954193727,70.77920855593423,33878000,1.2168039819638636,1.2960642485709326
2020-06-09,72.05953216552734,72.8396409679758,71.57717666408816,71.72010158033224,33624000,1.26246430388764,1.3198495557169636
2020-06-10,72.68580627441406,73.08627622015612,72.17268498934844,72.52750225479329,31762000,0.9135912308076826,1.2978723679302564
2020-06-11,69.56935119628906,72.03571651726546,69.39616027535422,71.51117640380802,47144000,2.6395562419112366,1.4081817237923306
2020-06-12,70.1162338256836,71.18763702753917,68.77039959704454,70.75837759159938,36676000,2.417237430494623,1.5062268980703297
2020-06-15,70.50428009033203,70.71568021113178,68.83985435235826,68.9534976295616,30468000,1.8758258587735241,1.549081641259631
2020-06-16,71.78114318847656,72.31212725295,70.91369682317725,71.90668995328939,30648000,1.398430429772759,1.5399717679193259
2020-06-17,72.08236694335938,72.56174660860705,71.21839618065276,72.10222120320456,30610000,1.3433504279542916,1.4750695133228484
2020-06-18,71.16828155517578,72.10371106870679,70.77723135590205,71.94888266167098,34862000,1.3264797128047405,1.4962667591544505
2020-06-19,70.69784545898438,71.68339536326549,70.41795485929522,71.46008411484321,52784000,1.265440503970268,1.5182434141942838
2020-06-22,71.98906707763672,72.00346179403014,70.42737286211982,70.71619099609049,29442000,1.57608893191032,1.5550009560712101
2020-06-23,72.65007019042969,73.20686779381253,71.70818932914503,72.05556312633793,37752000,1.4986784646675062,1.6004080820064033
2020-06-24,71.09779357910156,73.2361317269333,70.96380385720279,72.6153265644653,31592000,2.2723278697305034,1.637555564223696
2020-06-25,71.5146484375,71.57518802053703,70.44472962264075,71.02434975061476,23958000,1.1304583978962768,1.5811952704675167
2020-06-26,67.6161117553711,71.31218435810231,67.24193998415596,71.09433269950638,97640000,4.070244373946352,1.7850124413234087
2020-06-29,69.33463287353516,69.37582554444442,67.07569949381947,67.50694283958305,45074000,2.3001260506249537,1.8591311375189312
2020-06-30,70.37079620361328,70.66606584717748,68.82646494071054,69.32023932105565,40286000,1.8396009064669414,1.925274685780307
2020-07-01,71.55931854248047,71.8808939458053,70.17875084186853,70.42638389298779,42182000,1.7021431039367627,1.858316604496416
2020-07-02,72.94534301757812,73.86787699730431,72.00941384931251,72.04763064781929,57218000,1.8584631479917988,1.818404155746214
2020-07-06,74.42020416259766,74.93382524567807,73.2952051310002,73.84951911840722,44712000,1.6386201146778632,1.8014608883108099
2020-07-07,73.9373550415039,75.4955812741531,73.9264359557316,74.24552768558216,42364000,1.5691453184214907,1.8136548089285764
2020-07-08,74.61622619628906,74.99188970628182,74.05546070282946,74.47727666073511,31766000,0.9364290034523606,1.784588992892724
2020-07-09,75.36357879638672,75.88365139172461,74.21873304696575,74.93035155493966,41836000,1.6649183447588598,1.8087631808894469
2020-07-10,76.37344360351562,76.48907081040657,74.47330317027439,75.09510040151585,35918000,2.0157676401321822,1.8623579763295837
2020-07-13,75.04448699951172,78.22693841771529,74.76311232191661,76.91584554850776,42954000,3.46382609579868,1.9971963451787522
2020-07-14,75.4727554321289,75.56902815362085,73.73935425344632,74.07978441018965,38108000,1.8296739001745266,2.0208388762863967
2020-07-15,75.27523803710938,76.24044119944688,74.32988156049042,75.59035433858878,31026000,1.9105596389564568,1.9949982883739648
2020-07-16,75.177978515625,75.2271068276227,73.85546677030331,74.51200517404082,26484000,1.3716400573193965,2.01222554976133
2020-07-17,75.27374267578125,75.60027781001833,74.34327315151225,75.27671854266795,34264000,1.2570046585060766,1.8112798558013108
2020-07-20,77.60563659667969,77.86219724741542,74.5715619416608,75.18194791342034,30166000,3.29063530575462,1.882030516882001
2020-07-21,77.21260070800781,78.75743169114544,77.04883714436846,78.65719115591367,27486000,1.708594546776979,1.8726729197612895
2020-07-22,77.65575408935547,77.76145416596226,76.58285931506369,77.20218043875396,24482000,1.1785948508985769,1.8352766159728477
2020-07-23,75.26879119873047,77.92869400834472,74.86384609206827,77.70935063528133,33910000,3.064847916276449,1.9214469565646084
2020-07-24,74.84498596191406,75.2032788343059,73.82171932813185,74.39737164643127,29902000,1.3815595061740567,1.9030854845286223
2020-07-27,75.89804077148438,76.30149420568685,75.04945661282869,75.09560906269758,27124000,1.2520375928581586,1.88043493270267
2020-07-28,74.61870574951172,75.7283180610167,74.46337759336177,75.67819779262315,30910000,1.2649404676549239,1.9039000372885673
2020-07-29,75.60425567626953,76.0915709811105,74.58694068015295,74.68569706970071,22676000,1.504630300957544,1.8924508913027591
2020-07-30,76.34169006347656,76.46674464281898,74.19788429386662,74.33683382646932,36042000,2.2688603489523587,1.9105289419327716
2020-07-31,73.83958435058594,74.68668422705532,72.1548119628586,74.2911740746664,91468000,2.5318722641967213,1.8439608111040602
2020-08-03,73.58203887939453,74.32492290209571,73.03417639444977,73.99095183151731,45482000,1.2907465076459346,1.805465997352018
2020-08-04,73.11258697509766,74.0956606075538,72.65256179297857,73.77806059086923,37212000,1.4430988145752224,1.772075938467644
2020-08-05,73.39990234375,73.94131325306674,73.00935198752862,73.28725858588993,29134000,0.9319612655381206,1.7406703104832673
2020-08-06,74.68321228027344,74.74871922040799,73.04310810672321,73.25401607153279,33306000,1.7056111136847818,1.7727136287103176
2020-08-07,74.35668182373047,75.4345363524977,73.7562154445595,74.88618172279968,27718000,1.6783209079382004,1.6575483145805734
2020-08-10,74.2797622680664,74.79238376648463,73.32050325505837,73.98101701743722,20546000,1.4718805114262636,1.6406401691983794
2020-08-11,73.47187805175781,74.95566989594944,73.35525887168711,74.13982782730596,31098000,1.6004110242623284,1.6707698958672188
2020-08-12,74.7968521118164,75.01669524033613,73.69319159902035,73.79839948066032,22512000,1.3235036413157815,1.5463881619414568
2020-08-13,75.26382446289062,76.27221184265196,74.84499197246967,74.84499197246967,22388000,1.4272198701822845,1.5496496165134732
2020-08-14,74.6673355102539,75.41965445670148,74.38794473023643,75.1129659624535,21942000,1.0317097264650528,1.5339119117711084
2020-08-17,75.24348449707031,75.6176638667911,74.68570243226462,75.23008930724868,19990000,0.9319614345264853,1.5101276951190772
2020-08-18,77.20565032958984,77.28455245125708,75.51294236568772,75.73376986800842,28378000,1.771610085569364,1.529197679734207
2020-08-19,76.6513442993164,77.85475322202173,76.42257355605528,77.04238688913141,30472000,1.4321796659664443,1.4694347738066418
2020-08-20,78.22148132324219,78.41601066185866,76.14765015883633,76.42108162701231,26382000,2.268360503022336,1.4506125051513286
2020-08-21,78.187744140625,78.99712707798484,77.52971397251127,78.00065067341802,34838000,1.4674131054735682,1.4632315478533024
2020-08-24,78.66314697265625,79.83579016442737,78.16143693431773,79.02639966986824,25638000,1.6743532301096309,1.4797497203914745
2020-08-25,79.69038391113281,79.84074471193138,78.30236524817361,78.41253291150737,25150000,1.5383794637577637,1.523065305978592
2020-08-26,81.59003448486328,82.01979367743536,79.44871983787391,79.7127239652464,52188000,2.57107383956145,1.5848840721126396
2020-08-27,80.81538391113281,81.78157909214075,80.33352058616987,81.71309628506668,31350000,1.4480585059708773,1.5684367576864022
2020-08-28,81.35678100585938,81.45206175495011,80.67096860459195,80.86252205843827,22418000,0.78109315035816,1.5190948033243947
2020-08-31,80.8655014038086,81.60838536257283,80.65707712251383,81.56223291953953,26422000,0.9513082400590065,1.4727303187384433
2020-09-01,82.1334228515625,82.33887127868402,80.86550650072458,80.99602062020955,22652000,1.4733647779594463,1.4834346856415621
2020-09-02,85.22555541992188,85.65779065315286,82.38700223432284,82.77506893604762,49522000,3.2707884188300227,1.6151181534021148
2020-09-03,80.86451721191406,84.36258498681123,79.7826871845487,84.33876290318153,63726000,4.579897802262522,1.8685601588162197
2020-09-04,78.4676284790039,81.13645913479783,76.3218387159225,79.84670453576004,55850000,4.814620418875336,2.145892943412566
2020-09-08,75.60872650146484,77.19424291181993,75.25638531461833,75.67820126859465,54032000,1.9378575972015994,2.157767765672012
2020-09-09,76.78136444091797,77.35154968410572,75.68663149054102,76.8642343918004,39242000,1.6649181935647022,2.1743919462147443
2020-09-10,75.73030090332031,78.09295018003152,75.43007148898609,76.92775807382651,33024000,2.662878691045435,2.202571816787823
2020-09-11,75.21965789794922,76.35805197313077,74.09118337949273,75.83451139910771,30706000,2.266868593638037,2.259675780228142
2020-09-14,74.8757553100586,77.26619442098949,74.69115310887393,76.00819769874438,42660000,2.575041312115559,2.3240106432285654
2020-09-15,76.1803970336914,76.96794929706259,75.53428554034802,75.82161195068608,23042000,1.4336637567145658,2.316530949868337
2020-09-16,75.03754425048828,77.13568986155084,75.01273021019952,76.54565029872481,22128000,2.122959651351323,2.284522793567614
2020-09-17,73.79441833496094,74.3710625832818,72.5746385228818,73.73337898935782,40008000,1.7964240603999997,2.309406047455408
2020-09-18,72.01040649414062,74.19937265583256,71.0442113083804,73.85695861877808,63056000,3.1551613474521645,2.478982347247837
2020-09-21,70.97076416015625,71.46303920509229,69.6080593619409,71.04420674157839,56908000,1.8549798431513835,2.5435303188972926
2020-09-22,72.44363403320312,72.64958222034359,70.93900374694141,71.97219759731894,33950000,1.7105784734021796,2.560474154286059
2020-09-23,69.94104766845703,72.10916776182562,69.60806854673329,72.0600394464178,37726000,2.5010992150923244,2.5054963540190807
2020-09-24,70.60948944091797,71.3603166157109,69.58175518077466,69.608060937413,34552000,1.7785614349362362,2.3054008992100603
2020-09-25,71.4134292602539,71.7548437978997,69.85619490752299,70.71818180664128,30326000,1.8986488903767054,2.097117218603015
2020-09-28,72.38607788085938,73.09720421814794,71.77172403077225,73.04758370886539,30784000,1.325480187375689,2.053375975044022
2020-09-29,72.75130462646484,73.04805837164085,72.15480612490222,72.64659651755203,31816000,0.8932522467386264,1.9982569788421591
2020-09-30,72.73047637939453,73.75275125843862,72.2421690690562,72.49922193651871,40924000,1.5105821893824185,1.9159500858662295
2020-10-01,73.83710479736328,74.19292159737675,73.28626646757014,73.62669659515059,32884000,0.9066551298066088,1.8187919813068416
2020-10-02,72.23422241210938,73.39693849816092,71.82481725926408,72.4342113053677,31222000,1.572121238896841,1.7471548332197904
2020-10-05,73.58551025390625,73.67830733435456,72.45703566376906,72.58407414754559,21602000,1.2212716705854945,1.7319839699248567
2020-10-06,72.0069351196289,73.66936958012764,71.708689629658,73.2217552492913,26096000,1.9606799504696397,1.7203925627190222
2020-10-07,72.40989685058594,72.89771194466147,71.12411009707938,72.41833226107926,36108000,1.7736018475820856,1.7187624046605998
2020-10-08,73.61529541015625,73.84356641938679,72.72303487470637,72.72303487470637,26076000,1.1205315446804178,1.5734317044626178
2020-10-09,74.95616149902344,75.02563627135926,73.79245338326162,74.0832554711946,32966000,1.2331828880976445,1.5290176362444936
2020-10-12,77.64285278320312,78.82541548276977,75.89158140633867,76.32332446809873,55344000,2.933834076431097,1.616393036460845
2020-10-13,77.76592254638672,78.66364249122451,77.34709005860579,78.2591971477664,39072000,1.316552432618721,1.5317825519984447
2020-10-14,77.58578491210938,78.59863235974427,76.7153626294545,78.13960670707321,33174000,1.8832697302897685,1.5392617159522684
2020-10-15,77.19026947021484,77.9807976103411,76.47865102987744,76.64588265062753,31210000,1.5021465804636591,1.5109401223870509
2020-10-16,77.79718780517578,78.29393046378365,77.29895342687239,77.50588599458379,34194000,0.9949770369112656,1.487332754496735
2020-10-19,75.92383575439453,78.60260079245475,75.57497780370291,78.20559891498712,29734000,3.027622988751844,1.639787807497679
2020-10-20,76.97241973876953,78.10188630763496,75.45488644834482,75.58440861018742,41670000,2.6469998592901334,1.720960498205373
2020-10-21,78.70482635498047,80.15140068876588,77.76939696227232,77.90387889868303,60322000,2.3820037264935507,1.8263425408258687
2020-10-22,79.73057556152344,80.06603832391136,78.28251710135257,78.65569689727067,30512000,1.7835212225587895,1.8414425396588652
2020-10-23,81.03671264648438,81.09328441349074,79.99110798217251,80.14693590256121,30548000,1.1021764313182274,1.8329357368540602
2020-10-26,78.62046813964844,80.86798245629929,77.80115810817524,80.1444529478215,35826000,3.066824348124044,1.911946050972232
2020-10-27,79.34449005126953,79.49931843074643,78.25820014746962,78.8507232899388,25902000,1.2411182832768048,1.873911510664712
2020-10-28,74.97352600097656,77.10789684447866,74.85839855107197,76.91932680468821,45174000,2.2494982934066883,1.9545519927165884
2020-10-29,77.26024627685547,78.84129503159711,75.25886573393818,75.28218805257592,55406000,3.5824292976589334,2.1223553076852517
2020-10-30,80.19952392578125,83.43557859087133,79.47797841043996,82.74678275654098,99878000,3.9576001804313705,2.1954814579709856
2020-11-02,80.6069564819336,82.29023716014902,80.10673063697057,80.56824749297716,44228000,2.183506523178451,2.2574067501538235
2020-11-03,81.66595458984375,82.32795255609419,80.00103633038269,80.92654621228101,31432000,2.3269162257115,2.28909578554109
2020-11-04,86.63789367675781,87.83782697800774,84.5114585454135,84.63948898890001,71342000,3.3263684325942364,2.41939734640756
2020-11-05,87.46414184570312,88.91915155799254,86.39869055413503,87.85866004494117,39758000,2.5204610038575055,2.5283604869037197
2020-11-06,87.3266830444336,87.76189413906489,86.18282183232226,86.91032668013082,28622000,1.5790723067426313,2.424892581045919
2020-11-09,87.4105453491211,90.16324512356621,87.21849969739831,89.12559131535588,53440000,2.9447454261678985,2.4461601215371878
2020-11-10,86.23443603515625,87.30931470732818,85.1625332301368,85.83991783029099,43022000,2.1467814771913822,2.4293585323013187
2020-11-11,86.70637512207031,87.4839927088133,86.49943497923725,86.76443103612137,31838000,0.9845577295760535,2.3722897113739805
2020-11-12,86.4875259399414,87.58721871168564,86.24684415165065,86.44683303667651,26474000,1.340374560034988,2.3893038634251775
2020-11-13,87.94847869873047,88.19015241863731,86.14808672166791,86.74457768582197,29744000,2.042065696969402,2.316106816914132
2020-11-16,88.03632354736328,89.0442111765779,87.40608331966793,87.54553261179751,25468000,1.6381278569099749,2.3444646436022154
2020-11-17,87.4224624633789,88.19066026800272,87.3147784714661,87.73013533866205,21314000,0.8758817965366177,2.2463491795400676
2020-11-18,86.37933349609375,87.58820185881903,86.2766092924887,87.1733372217032,20108000,1.311592566330333,2.084146555873739
2020-11-19,87.26911926269531,87.51327668318758,85.85232624194083,86.01162222429092,20106000,1.6609504412467544,1.9201001459319806
2020-11-20,86.16793060302734,87.75493847570979,86.09944780281101,87.43932242132932,27694000,1.6554906728987788,1.8823847280548611
2020-11-23,85.73023986816406,86.64483058529487,84.86776089950195,86.35849613940775,22530000,1.7770696857929238,1.8431099752035343
2020-11-24,87.53362274169922,87.66165318603427,85.39130873171393,85.72727127928064,27984000,2.2703444543203375,1.767679691041113
2020-11-25,87.54503631591797,87.85519287716374,86.76245134021605,87.72766219346009,19600000,1.092741536947699,1.665699729118984
2020-11-27,88.68095397949219,89.1767122831429,87.56538232050816,87.56538232050816,14790000,1.6113299626347413,1.6680038473969918
2020-11-30,87.06218719482422,88.34945805842784,86.73664396560041,88.1167194862883,32418000,1.6128140928274348,1.57286589501553
2020-12-01,89.09481811523438,90.40293508256026,87.49043957012618,87.67058175377963,37350000,2.9124955124340772,1.6275597546757226
2020-12-02,90.56421661376953,90.94980721667606,88.58914191662642,89.09481973864247,29424000,2.3606653000496465,1.7258531525666936
2020-12-03,90.40889739990234,91.50014714254405,90.16870781369849,90.34438241647054,24728000,1.331439328845562,1.7252149217674488
2020-12-04,90.50418090820312,90.7890236553359,89.99948744675892,90.32850630008762,20544000,0.7895362085769762,1.6357485297394183
2020-12-07,90.17019653320312,90.77859855213794,89.4759411272012,90.09674637845352,22288000,1.30265742493674,1.6117863560270445
2020-12-08,89.8873291015625,90.11759154794318,88.89235211475021,89.74788739186799,19936000,1.225239433192968,1.6367404729310695
2020-12-09,88.22637939453125,90.73294542075456,87.43932691550214,89.83919334116746,31728000,3.293618505252425,1.7783137542826475
2020-12-10,87.71971130371094,88.08395592677938,86.0265034805042,87.46910240104222,28688000,2.057452446275178,1.806635326070392
2020-12-11,88.07452392578125,88.19908629682062,86.97979863058944,87.34007541184674,18628000,1.2192876662311818,1.775477968451278
2020-12-14,86.95597839355469,88.8189014511486,86.80065024940325,87.87206082320614,33050000,2.0182512017453575,1.7927052195907376
2020-12-15,87.3936767578125,87.53857801501006,86.43045746319423,87.33312959787565,21352000,1.10812055181583,1.7096892265547012
2020-12-16,87.20063018798828,87.7921613925864,86.79718438631407,87.7921613925864,24676000,0.9949770062723218,1.7027060457921743
2020-12-17,86.37288665771484,87.67306801784623,85.90840149530362,87.53511044992315,34880000,1.764666522542612,1.713658657214165
2020-12-18,85.66374969482422,86.7624505284676,85.10695960958034,86.65377457814161,85256000,1.6554909188872529,1.7167070019327235
2020-12-21,86.07762908935547,86.19871585469966,84.06483705363522,84.81566435051904,33974000,2.1338788010644407,1.661091522549178
2020-12-22,85.36599731445312,85.98085084047112,84.64941153653486,85.81807923743065,20370000,1.3314393039362642,1.5875753799696508
2020-12-23,85.76348876953125,86.55153319563468,85.41462325656956,85.55010471511076,22974000,1.13690993906512,1.573680423556762
2020-12-24,86.05777740478516,86.46718255529909,85.5709542680901,85.80170893464756,9312000,0.8962282872089844,1.5813012863161913
2020-12-28,88.03284454345703,88.67995556645543,86.43790089801071,86.5912375649003,27650000,2.242054668444723,1.6484010894239043
2020-12-29,87.22892761230469,88.75291246047898,87.0974215338382,88.69138091250761,19726000,1.6554909266407805,1.679133338955891
2020-12-30,86.16149139404297,87.72517717388291,85.75208625390715,87.58821155391553,21026000,1.9730909199757605,1.5848099400075577
2020-12-31,86.97483825683594,87.21601220762274,86.15353683692419,86.21210008136327,21070000,1.0624753706985501,1.5137401488949414
2021-01-04,85.65928649902344,87.4636464411681,84.71690581732847,87.34008358640446,37324000,2.746740623839628,1.622843931581259
2021-01-05,86.3500747680664,86.68652953356218,85.20125359457019,85.60768289448738,20360000,1.4852759389919896,1.5847742699560183
2021-01-06,85.49800109863281,86.54459773705904,84.16904538419314,84.37548576847148,46588000,2.3755523528658955,1.675305112888166
2021-01-07,88.05170440673828,88.22439556368579,85.69053939531456,85.69053939531456,41936000,2.53385616837123,1.785225053038088
2021-01-08,89.2174072265625,89.29333349352545,87.40062879035135,88.1916567626547,35484000,1.892704703174104,1.7943706373689088
2021-01-11,87.1559829711914,88.54995355275499,86.95004233364375,88.18470934743415,34796000,1.5999112191112346,1.7904006588134789
2021-01-12,86.22003936767578,87.73211302288776,85.17543429898133,86.6135656079174,29528000,2.5566787239064297,1.8206006533021923
2021-01-13,86.7073745727539,87.16094827201765,85.71834159853628,85.71834159853628,23432000,1.4426066734813645,1.8285411796982711
2021-01-14,85.89698791503906,87.71475825531489,85.65630612320594,86.78775664072327,29212000,2.058452132108954,1.894365622058545
2021-01-15,85.73323059082031,86.72573164848349,84.9437018754626,85.80270536196944,31444000,1.782029773020895,1.9576371567593955
2021-01-19,88.5544204711914,89.51565598079557,85.99178203469376,86.49646797023269,41660000,3.5238739461018156,2.049195676592045
2021-01-20,93.2985610961914,94.27369142216018,90.29326846427877,90.63369100589752,64152000,3.980422957881416,2.2152622502520907
2021-01-21,93.50102996826172,95.87955813281762,93.26580772759824,93.97247397752348,58634000,2.6137504052193776,2.261023642055206
2021-01-22,93.91836547851562,94.50542904418803,93.1213859308549,93.86377763080789,32744000,1.384043113333135,2.283992766529105
2021-01-25,94.00372314453125,95.37040330733852,92.26089490963317,94.919805555433,50586000,3.109508397705355,2.3099047503766568
2021-01-26,94.6821060180664,95.06918077277226,93.10304122733542,93.59234042721772,31462000,1.9661395454368318,2.344252150837003
2021-01-27,90.26497650146484,93.31840541043215,89.19009786238911,93.04249028584238,82512000,4.12830754804304,2.469448950492513
2021-01-28,91.96514129638672,93.69159105835183,90.86346464048778,90.86346464048778,55278000,2.8281264178640555,2.4904682540277148
2021-01-29,90.68282318115234,91.68425930662701,89.40250361723265,91.0133261797353,44530000,2.281755689394359,2.5182576101863043
2021-02-01,93.94368743896484,95.0587592331075,91.53786168051741,91.53786168051741,40252000,3.5208975525900854,2.655470919720508
2021-02-02,95.23641967773438,96.7375742923494,94.60369579708804,94.93916613642043,66332000,2.1338784952613565,2.625270903388717
2021-02-03,102.17201232910156,104.54111299416813,99.92250668912237,102.50599093974508,97882000,4.618606305045759,2.852128019929031
2021-02-04,101.91149139404297,102.68910899646727,100.99193325022927,102.25836545435277,48596000,1.6971757462380026,2.8263225637953915
2021-02-05,103.65828704833984,104.01112041342323,101.73134861128602,102.20576092112387,29866000,2.279771802137205,2.861875565875128
2021-02-08,103.44439697265625,104.95697040723631,102.39384015907453,104.21259473058925,28828000,2.5631302481617837,2.7932510160222686
2021-02-09,102.9913330078125,104.13866240440814,102.72385326200276,102.96205138124002,21892000,1.4148091424053746,2.6099928863454087
2021-02-10,103.54167175292969,104.1570250983957,101.84251204141984,103.37592426780195,25102000,2.314513056975869,2.5886187900423008
2021-02-11,103.65431213378906,103.91484058963358,102.66727078205419,103.76597151325437,20480000,1.2475698075793957,2.578870696774177
2021-02-12,103.96595764160156,104.18777710286646,102.90099857654532,103.20867899470525,18990000,1.286778526321143,2.4486757059610187
2021-02-16,104.74359130859375,106.45267806427309,103.80319453901487,103.80319453901487,31004000,2.649483525258219,2.497485990233975
2021-02-17,105.13661193847656,105.3261814870926,103.63446540978451,103.91384859595338,20294000,1.6917160773080866,2.3234437423243355
2021-02-18,104.50092315673828,105.30386215822301,103.8816019889264,104.46073001635577,22546000,1.4222601692966066,2.2230247245695174
2021-02-19,103.65728759765625,105.13462765654127,103.39030764472844,104.59917603105531,37938000,1.7443200118128317,2.184636461885123
2021-02-22,101.9427490234375,103.23647893744953,101.63210028023519,101.9099993387489,29466000,1.6043786572143404,2.0477422550725697
2021-02-23,102.2335433959961,102.84790471803919,98.7652498236748,99.94434439439259,34658000,4.082654894364396,2.186940569294215
2021-02-24,103.40917205810547,103.63298302888079,100.61627889516991,100.74083370987653,22608000,3.016704133710874,2.0725189856274375
2021-02-25,100.04161834716797,103.36897879825909,99.57216580668543,102.02562835554662,41548000,3.7968129915736597,2.2224930745799845
2021-02-26,100.33738708496094,102.05490942560124,99.30022530470565,100.73637293122968,40042000,2.7546841208955897,2.2564153830627265
2021-03-01,102.70697784423828,103.03301325641854,100.95819013474573,101.63209913010583,26060000,2.0748231216728072,2.2215363025992283
2021-03-02,102.44992065429688,103.95157512845779,102.06235368431534,102.46778343065205,25564000,1.88922144414245,2.255422895580448
2021-03-03,99.81631469726562,103.02109639925452,98.95233642673433,101.82811444002907,33892000,4.0687599725201835,2.380726246690756
2021-03-04,100.93386840820312,102.95161985010066,99.51955162533255,99.98801216184687,49216000,3.432068224768102,2.5367618479185206
2021-03-05,104.06719207763672,104.52026594581169,100.62867233193391,102.28466284780541,53100000,3.891593613877774,2.72282006845828
2021-03-08,99.6222915649414,104.89445355872637,99.50765630191395,103.42158844138253,36868000,5.3867972568124145,2.9183424778550084
2021-03-09,101.25296020507812,102.42212772357182,101.01674600755987,101.71894467377746,33920000,1.405381716011945,2.8978900234767124
2021-03-10,101.0460205078125,102.2970659351344,100.20933995964218,102.2970659351344,27100000,2.0877259754922193,2.9454232953478274
2021-03-11,104.23939514160156,104.77187091897011,102.05142854718905,102.13926584834769,27702000,2.7204423717810613,3.015146321059844
2021-03-12,101.73133850097656,103.1014867304404,100.85893242281475,103.04193910173277,33818000,2.242554307625653,3.0607302960892233
2021-03-15,101.95167541503906,101.97896555456512,100.62917132551493,101.48222292330844,26168000,1.3497942290501896,2.8655259628524945
2021-03-16,103.41313934326172,104.89146380814894,102.19235989786293,102.52484679250944,31900000,2.699103910286013,2.8428402326078617
2021-03-17,103.33026123046875,104.16296639587709,101.4395482280668,102.64791686191691,26382000,2.723418167810294,2.7661691737676213
2021-03-18,100.30909729003906,102.66181951662611,100.2019054886591,101.64102887234584,31700000,2.4599140279670166,2.745114167129866
2021-03-19,100.58798217773438,101.08820045745158,99.39549239049998,100.72544755239356,46072000,1.692708066951596,2.7178202346497793
2021-03-22,100.77308654785156,101.64896832220467,99.94484136557821,100.62123402558689,33536000,1.7041269566264532,2.704599199827208
2021-03-23,101.30109405517578,102.43155255458386,100.6395958801365,101.23261124865263,28510000,1.7919566744473627,2.5419703928220065
2021-03-24,100.86439514160156,102.60473976614479,100.68921273652307,101.81867923928972,25218000,1.915527029621714,2.4336460217401217
2021-03-25,100.86093139648438,101.51498617081897,99.05606400581422,100.6917082778307,35616000,2.4589221650047506,2.3313123468206203
2021-03-26,100.47733306884766,101.20483044037542,99.44115570408202,100.82768277882265,27978000,1.763674736293396,2.072517881069262
2021-03-29,101.52243041992188,101.69215330390179,99.52055755994432,100.3497947664904,26492000,2.171595743957468,2.127247454493942
2021-03-30,101.55616760253906,102.36009090991652,101.04403828817071,101.87922713070152,27312000,1.3160526217458113,2.0721279292263413
2021-03-31,102.35264587402344,103.5307484849651,101.58246421687518,101.94969227085818,42570000,1.948284268089921,2.0169737789626887
2021-04-01,105.69043731689453,105.98669892569983,103.78732089156456,103.82801379599191,39880000,2.1993780341352647,2.0138897594276606
2021-04-05,110.11599731445312,110.61373952658637,106.45614993329092,106.55242264996384,48510000,4.157589593295455,2.2144465711594656
2021-04-06,109.6346206665039,110.56459803705717,109.26392456117935,109.71699842015165,35240000,1.3006734758778151,2.114558682987451
2021-04-07,111.11196899414062,111.38341654754359,109.82519037364484,109.82519037364484,24134000,1.5582261738987455,2.0313306834223406
2021-04-08,111.67769622802734,112.73768803911382,111.30947619166977,112.35110546289924,28664000,1.4282118474440466,1.9576376705278429
2021-04-09,112.68211364746094,112.8458772221366,111.02413902052781,111.43007611188524,26146000,1.821738201608781,1.9668541087176419
2021-04-12,111.38937377929688,111.99826800652428,110.5556690671648,111.86081020287733,25024000,1.4425989393594847,1.9481735360557155
2021-04-13,111.87619018554688,112.32480405880901,111.31145691408278,111.7054829333092,25682000,1.0133471447262252,1.8925585696470628
2021-04-14,111.2548828125,112.52131494179199,110.96259662557597,112.52131494179199,21002000,1.5587183162160159,1.8670722329752272
2021-04-15,113.40563201904297,113.93910731506152,111.71441568076216,112.24937512425728,29174000,2.2246916342993615,1.8503414807819851
2021-04-16,113.28157043457031,113.85176324145186,112.69450680826098,113.60363801209377,26282000,1.1572564331908808,1.8070258877032341
2021-04-19,113.62944030761719,114.34056652546512,112.65778563629343,112.65778563629343,30290000,1.6827808891716955,1.7721105409328217
2021-04-20,113.09597778320312,114.08797894990056,112.00968781654448,114.01304464501652,22288000,2.0782911333560747,1.8265561489049833
2021-04-21,113.06322479248047,113.14510278510481,111.39929103374098,112.75058458537109,23204000,1.7458117513638314,1.8120938262816912
2021-04-22,111.78141784667969,113.58578546454932,111.17599162675704,112.91683621189621,24146000,2.4097938377922787,1.8271235265429067
2021-04-23,114.1341323852539,114.44131306155018,112.21463744660008,112.49997995220494,29066000,2.2266756149500964,1.689201099518238
2021-04-26,114.63038635253906,115.35491539207553,114.0046137037265,114.36191465854154,32038000,1.3503016883490204,1.6927459718376099
2021-04-27,113.69000244140625,115.05319961841374,113.45080478980682,115.01250671329818,44386000,1.6023948286069185,1.6959008757453364
2021-04-28,117.0674819946289,120.65735491910743,116.77866383870929,118.72793272307838,81106000,3.8786910803981414,1.870935106670629
2021-04-29,118.74083709716797,119.30656237368818,117.80242417545801,118.56566224276878,41234000,1.5041381982301658,1.848249392143585
2021-04-30,116.79254150390625,118.19940722981916,116.4481435849962,117.51309506724209,44856000,1.7512636448229557,1.8702968711052617
2021-05-03,116.27545928955078,118.18453498753864,115.89930359845003,117.35877344421958,28242000,2.285231389088608,1.9611457457025747
2021-05-04,114.47653198242188,115.37771987447906,111.98783649396945,114.8100108020987,44818000,3.389883380509602,2.0919432502949737
2021-05-05,114.87057495117188,115.87448718948492,114.54850735953089,115.55837890460862,26636000,1.3259798299540364,2.0277495499845934
2021-05-06,115.99110412597656,115.99110412597656,113.7922184104356,114.45173268147272,25190000,2.1988857155409676,2.102151641581028
2021-05-07,116.71463012695312,117.67338940045705,116.42829567342216,117.30815282057624,28898000,1.2450937270348987,2.0708882728569713
2021-05-10,113.72819519042969,115.67597966626334,113.37039450678947,115.534046710745,30914000,2.3055851594738783,2.0871235604368144
2021-05-11,112.65184020996094,113.15900979976799,110.85839167705417,111.31246512837205,34186000,2.3006181227138143,2.126752586961813
2021-05-12,109.18750762939453,111.5561162328278,108.85849635134446,110.47478602478672,46376000,2.697619881483348,2.147311590082604
2021-05-13,110.61621856689453,111.13231572556356,109.50858260758544,110.47130973397276,33204000,1.6237331179781194,2.10424426887032
2021-05-14,113.0647201538086,113.37934430353187,111.65636250684874,112.08016237235324,31996000,1.7229817966831291,2.13086427660847
2021-05-17,113.5877685546875,113.63044537074181,111.92979393864978,112.32977172034265,21598000,1.7006514320920303,2.1378826054288353
2021-05-18,112.2751693725586,114.5187232263612,112.26127442093457,114.25421938157729,22204000,2.257448805426634,2.0220795857880134
2021-05-19,112.7232894897461,112.89648041648023,110.43756603914663,110.58594292832795,23684000,2.458914377333599,2.0902778842954013
2021-05-20,114.48249816894531,114.73309949048301,113.3197822443816,113.69097811635923,32352000,1.413317246101414,2.0661388558152916
2021-05-21,113.84630584716797,115.07502854849963,113.60661602300084,115.00157839071795,40632000,1.4684125254987919,2.0077946512731617
2021-05-24,117.16673278808594,117.390536195804,114.73113291341008,114.87653394991712,31832000,2.6594032823939244,1.9556175014077561
2021-05-25,117.25753021240234,118.30610310206922,116.86697983991921,117.71060408228924,22440000,1.4391232621500052,1.9636991751360395
2021-05-26,118.12299346923828,118.55373698083459,117.4356817515522,117.4386576186535,21572000,1.1180552292823904,1.8864969975461412
2021-05-27,117.24810791015625,118.55671711942162,116.92951595867764,118.55671711942162,35224000,1.6272011607439794,1.9137903856682184
2021-05-28,116.95877838134766,117.91257022947067,116.76028124331418,117.83069224238149,21482000,1.152288986156492,1.8314120875741193
2021-06-01,118.16617584228516,118.39097877485312,116.83126077261825,117.83170500105437,23354000,1.5597180022348738,1.7784906503970521
2021-06-02,117.64064025878906,118.7844939306939,116.73596907023163,118.5616749306312,21158000,2.0485248604622655,1.7321267203241177
2021-06-03,116.49877166748047,116.96723225649065,115.60254339356483,116.4069665373418,18696000,1.3646888629258171,1.7136235592489533
2021-06-04,118.7810287475586,119.05198412649423,117.23471351595569,117.57514366228743,24458000,1.817270610538543,1.72035847452434
2021-06-07,119.21424865722656,119.32392413070295,118.15724030193509,118.57607279219508,24120000,1.1666838287678587,1.6822179314297563
2021-06-08,119.02268981933594,120.06878661423825,118.84106348764917,119.69610658561207,24240000,1.2277231265890833,1.608666097227074
2021-06-09,119.494140625,119.73928242428627,118.94627815938065,119.66733155702187,17942000,0.793004264905619,1.4896725177679326
2021-06-10,120.84343719482422,120.88661377093757,119.287694745619,119.44351508642232,25904000,1.5989190253185654,1.502929787712015
2021-06-11,120.5987777709961,121.17045467404697,120.04098824678405,121.08510105666892,21958000,1.129466427262912,1.4787193521237378
2021-06-14,121.52727508544922,121.52776727722208,119.99336321142542,120.7010138258984,22098000,1.5344040657966644,1.3983622652239336
2021-06-15,120.50897216796875,121.85479867979801,120.1481955864892,121.5317391337335,21562000,1.7066030933088143,1.4174679674495627
2021-06-16,119.8668212890625,120.97197359175446,118.57409090880724,120.66032532200343,26472000,2.397882682947227,1.5088842141399081
2021-06-17,120.83053588867188,121.603693441412,119.59636123311135,119.7923822856336,25842000,2.007332208300653,1.5360364318225277
2021-06-18,119.21028137207031,120.69108957521395,119.1150006147533,120.45685929101408,46116000,1.5760889604606518,1.5663078585585393
2021-06-21,120.8990249633789,121.08511889610858,118.99937664421553,119.59686719825068,27414000,2.085742251893052,1.603881019248409
2021-06-22,121.41313171386719,121.48211428370058,120.15613450667915,120.83698717040798,22390000,1.3259797770214306,1.5522706561454922
2021-06-23,121.21116638183594,122.17240182650191,120.92086408491839,121.17791693257503,19148000,1.251537741583519,1.544188433192471
2021-06-24,121.58136749267578,122.13269801966713,121.38287032972356,121.779864655628,21362000,0.7498276899435723,1.4679425102928303
2021-06-25,121.58980560302734,121.71337603387175,120.65338419848014,121.08511970218902,34594000,1.0599918353916138,1.4603216536230985
2021-06-28,121.61709594726562,121.86422922179605,120.49507286854836,121.758521573653,28526000,1.3691563532476891,1.470424026955856
2021-06-29,121.35556030273438,122.09845179914902,120.77842384012449,121.75057824921645,23108000,1.3200279590245287,1.5080685765357782
2021-06-30,121.17394256591797,121.34018980324502,120.44445377750469,121.07965376613676,24474000,0.8957360257403337,1.4578412194230472
2021-07-01,121.52629089355469,121.66771652938495,120.62013549310655,120.81218116296395,18110000,1.0475810362784017,1.4519922629241537
2021-07-02,124.31818389892578,124.46358492049245,122.13666881147289,122.22649002373326,25982000,2.326916109019564,1.5086002660115037
2021-07-06,125.24369812011719,125.4799123179405,123.64824707773293,124.70625497523152,26404000,1.8316652402075704,1.517533276504272
2021-07-07,125.52556610107422,126.32948945977284,125.20697413933541,126.208410278611,24060000,1.1225153204374294,1.426435607753572
2021-07-08,124.10629272460938,124.65365544647669,123.09196113332287,123.09592895650106,23790000,1.5616943131538221,1.3946043295287984
2021-07-09,124.57721710205078,124.79159310217479,123.61746594922265,124.08741818318458,18632000,1.1741271529521384,1.365892771849619
2021-07-12,126.02330780029297,126.11660464739363,124.66903830023149,125.23178767794647,17668000,1.4475663471621374,1.3203087786545535
2021-07-13,126.38655853271484,127.09718503011685,125.72456058354896,126.08582935283354,19240000,1.3726244465678832,1.3236405407650145
2021-07-14,127.27534484863281,128.3566826384462,126.95526116951177,126.99843774774149,23742000,1.4014214689344158,1.3343465212900785
2021-07-15,126.05257415771484,127.73486288138461,125.58113774435483,127.6842504239584,24218000,2.153725137029781,1.434624910367665
2021-07-16,126.01786041259766,126.85304938566976,125.20748548038574,126.70566443257152,20424000,1.6455639052840212,1.4764514867885512
2021-07-19,123.6437759399414,125.25857376045805,122.57881687574903,125.14393851701688,27968000,2.679756884709022,1.5700658104643606
2021-07-20,125.2630615234375,126.09030725252616,123.41800096318075,124.58616903831472,26312000,2.672306289345414,1.6666571197729954
2021-07-21,126.5925064086914,126.6391510453154,125.0784411915478,125.18761690110053,20746000,1.5607098537676052,1.7141552503463717
2021-07-22,127.45844268798828,127.51948960821602,126.54286761164278,126.88528161966792,14302000,0.9766219965732432,1.709086747510289
2021-07-23,132.01751708984375,132.3986401311124,128.82712984161756,129.4523951600972,41506000,3.5715102894948245,1.7979863318299505
2021-07-26,133.02987670898438,133.23035779403736,131.30937099591478,132.32867753093342,30572000,1.920986798122584,1.8043664431095945
2021-07-27,130.91085815429688,133.39112593555546,129.12833653384382,133.2437410108282,54710000,4.262789401711643,2.028671734629181
2021-07-28,135.0734100341797,137.25989239813106,134.26303523992692,135.28977752970368,95130000,2.9968571582041363,2.1311833664184894
2021-07-29,134.75930786132812,135.63618169208738,134.52656927251087,135.1290120798476,31716000,1.1096124195765071,2.1265751711773726
2021-07-30,133.7161865234375,134.2898550052644,133.24822569744882,134.0223752606491,25576000,1.0416293078155832,2.0975796683669046
2021-08-02,133.8432159423828,134.32159603083082,132.79066767952273,134.10374439184372,21634000,1.5309283513080914,2.108887090134062
2021-08-03,134.61289978027344,134.71412469345836,132.31972539676443,134.12160154439192,20762000,2.3943992966939334,2.1798140778311708
2021-08-04,134.11219787597656,134.63227046149845,133.4784819870635,134.33451713154457,19676000,1.153788474434947,2.108390030502968
2021-08-05,135.22975158691406,135.3275236015208,133.8347890656251,134.66303433806044,17870000,1.4927345358956927,2.0974736469752306
2021-08-06,134.7205810546875,135.4490854531946,134.19605607043894,135.02181756289275,20488000,1.2530293827556704,1.9955645396928483
2021-08-09,135.8862762451172,136.15525526849018,134.32457443388773,134.92306449777362,17760000,1.8306808346024468,1.9354484357826363
2021-08-10,135.78106689453125,136.73932631810774,135.34188043410109,136.31204332519133,19414000,1.3974458840066575,1.9237867236568544
2021-08-11,135.2570343017578,136.6499975345085,135.2495832758659,136.15276271111506,15352000,1.4004142586425985,1.954057599518951
2021-08-12,136.16517639160156,136.27038427949398,134.4099447510758,134.95580816135285,16506000,1.8604395284181692,1.8318382594420473
2021-08-13,136.69467163085938,136.82271722045272,136.00539109097147,136.22075907791498,15948000,0.8173261294812448,1.7530053545390945
2021-08-16,137.2722930908203,137.32490460237238,134.28437116129226,136.49367603744454,22384000,3.040533441080129,1.665701357351129
2021-08-17,135.6366729736328,137.22864843735246,135.06152034652905,136.71701126967452,21716000,2.167128090823411,1.606434995395363
2021-08-18,134.4332733154297,136.0763610262698,134.30672701456993,135.47638678008008,19258000,1.7696340116998783,1.6535793948327466
2021-08-19,134.66250610351562,135.32996352122413,133.2432371779156,133.4273471733115,21782000,2.086726343308527,1.7282291830822427
2021-08-20,136.39892578125,136.52248864700474,134.23576540706904,134.98014118566647,31194000,2.2867232399356965,1.7822145322699288
2021-08-23,138.99131774902344,139.81806360283056,136.57556488005156,136.93484971886602,28454000,3.242498722779004,1.8427930627045765
2021-08-24,140.2021942138672,141.01455306399217,139.28611161205026,139.55705943531208,19268000,1.7284414519419045,1.8838397039550736
2021-08-25,141.0135498046875,141.12322528868177,140.31583381143977,140.56295954298056,15848000,0.8073914772419926,1.834886628336952
2021-08-26,140.37982177734375,141.34948492640603,140.29693668933822,140.6869948524426,20610000,1.0525482370678105,1.820566546502105
2021-08-27,142.924072265625,143.42875803635704,140.43586919149138,140.59020535621846,28780000,2.9928888448656608,1.9035814043780488
2021-08-30,143.50619506835938,144.8758510974579,143.08189549994657,143.31711771847773,24434000,1.7939555975113421,1.9319035267712406
2021-08-31,143.6123809814453,144.08282539771352,143.19901566010742,144.05851869902338,22448000,0.8838097376061,1.8950032038400622
2021-09-01,144.12652587890625,145.15723608656572,143.79701482675657,143.91264203896188,21936000,1.3602212598091512,1.8592733275108466
2021-09-02,142.2124786376953,144.4282350739372,142.11123857880438,144.1270137169677,32342000,2.316996495132827,1.9663926393431024
2021-09-03,142.6615753173828,143.07395626316057,141.33261222025337,142.00752066125906,19850000,1.7413440429072011,1.8735933966164648
2021-09-07,143.19851684570312,143.48088345011595,142.5419785225867,142.75586232811756,20124000,0.9389049275292507,1.785863170666882
2021-09-08,142.6134490966797,143.3171319106359,141.92763663073742,143.01939373948818,18344000,1.3894952798984832,1.7587104041096393
2021-09-09,142.46458435058594,143.22831458600484,142.10381533079317,142.76183791118086,15314000,1.1244992552116742,1.689979897817007
2021-09-10,139.81956481933594,143.63324834342055,139.6825992095329,143.13103101123474,36840000,3.9506491338876515,1.8088317473850037
2021-09-13,141.26515197753906,141.87801407207704,140.19076541104684,140.8850133140272,22094000,1.6872486610301962,1.697742457260089
2021-09-14,141.47555541992188,142.2879293728358,140.6870186953344,141.92317737522325,19674000,1.6009106775014175,1.6886331162286257
2021-09-15,143.34642028808594,143.3672589310745,140.28753163392904,141.70084898830657,27408000,3.0797272971454674,1.8509428176503024
2021-09-16,142.53305053710938,143.21787856046222,141.33361711274972,142.87099696216728,26190000,1.884261447712504,1.9103509041249234
2021-09-17,139.744140625,142.37426215695461,139.4166134851855,141.95791332781604,53384000,2.957648671769107,1.907833748903741
2021-09-20,137.6792449951172,137.95764383732217,135.2997322450259,137.12543075040233,46518000,2.657911592296273,1.9695448913883788
2021-09-21,137.99038696289062,138.961549489437,137.24104391217074,138.70150564295537,25332000,1.720505577266266,2.0293088799355337
2021-09-22,139.23147583007812,139.83045041240044,137.5124698153063,138.2593290730193,25056000,2.3179805970941345,2.097720261170175
2021-09-23,140.15701293945312,140.63390890331934,139.34862203265052,139.9302261163697,20952000,1.2852868706688128,2.024026716565603
2021-09-24,141.1485137939453,141.26315661492927,139.18931795972466,139.48458758729717,22984000,2.073838655204611,2.0477763317297035
2021-09-27,140.0140838623047,140.87408668323022,139.0171154416389,139.7485880718307,21882000,1.8569712415913102,2.1133524970198505
2021-09-28,134.81141662597656,138.0534160284958,134.3449399306605,137.61522900485204,45772000,3.7084760978353017,2.2789939840153375
2021-09-29,133.34597778320312,136.1224998181307,132.86114615387476,135.952776944704,30848000,3.2613536642559495,2.4316264418042146
2021-09-30,132.67356872558594,134.52607283172716,132.5544734426817,133.2546882825037,37996000,1.9715993890454513,2.2902657457440574
2021-10-01,135.51907348632812,135.8838255062705,133.06759462080367,133.43928275970532,35360000,2.8162308854668368,2.3709073332038173
2021-10-04,132.6571807861328,134.94092038251742,130.06725246602704,134.94092038251742,51202000,4.873667916490376,2.6046757074173144
2021-10-05,135.00296020507812,136.195457682752,133.03582852986017,133.03582852986017,32404000,3.1596291528918243,2.6103829828277685
2021-10-06,136.53338623046875,136.71699647050733,133.54099667756023,133.73949382505162,24364000,3.1759997929470956,2.702650007487382
2021-10-07,138.18093872070312,138.99181325854707,137.61123813678714,137.85042817938296,25110000,1.3805751217599322,2.590001896772441
2021-10-08,138.7372589111328,139.2786547710328,138.17350997032952,138.53031118041213,26526000,1.1051448007032718,2.479089983087227
2021-10-11,137.87228393554688,139.6568048342749,137.81768850604507,138.2474552462398,17954000,1.839116328229835,2.4875621795846246
2021-10-12,135.42576599121094,138.46083253617908,134.74192230236443,138.43402701454784,36332000,3.718910233814654,2.5876285822075187
2021-10-13,136.55026245117188,136.96512710925458,135.49523045857015,136.37210417426144,19654000,1.4698966506844329,2.6008149950657775
2021-10-14,140.0924835205078,140.27757789553945,137.78392262648904,138.4280577151178,31894000,2.4936552690504072,2.630801896054763
2021-10-15,140.30787658691406,140.65525799212097,139.69948208035825,140.55253377590688,30274000,0.9557759117627143,2.566430801067006
2021-10-18,141.70729064941406,141.7251609960852,140.01160677138375,140.01855803335158,20396000,1.7135542247014541,2.4239363815574455
2021-10-19,142.16287231445312,142.58518805329703,141.53065568841217,142.3122411781201,20164000,1.0545323648848637,2.2663062887452248
2021-10-20,140.7058563232422,142.46953840645264,140.31629790538835,142.26309046678062,23288000,2.153240501064289,2.2792806538894275
2021-10-21,140.8219757080078,141.08995517513137,139.44636796925485,140.70584874819411,26292000,1.6435872058765142,2.1955203910615473
2021-10-22,136.53488159179688,139.52875553803523,135.03571082515822,138.10650299028052,50588000,4.493044712877008,2.168333019374878
2021-10-25,136.41627502441406,136.9651218337323,134.40843556139117,136.51849946532073,34412000,2.5566862723411248,2.125265670764114
2021-10-26,138.26382446289062,139.0325068979377,137.267355663292,138.21916373627255,49236000,1.7651512346457139,2.024490773742587
2021-10-27,145.12100219726562,147.5352558412774,138.35958967330268,138.35958967330268,85782000,9.175666167974725,2.5812829913293576
2021-10-28,144.75527954101562,146.0544690636937,143.54244317975258,146.03114674370437,36206000,2.5120258839411065,2.6817744972749176
2021-10-29,146.93577575683594,147.13030506172618,143.5647472193949,143.9900311384239,43320000,3.5655578423312875,2.805091748282164
2021-11-01,142.42088317871094,146.93578052178322,142.15141957153645,146.93578052178322,46924000,4.784360950246764,2.8811953708844578
2021-11-02,144.3418731689453,145.5095488289708,143.25309962931374,143.49527310478769,33482000,2.2564491996570553,2.9373776958110733
2021-11-03,145.49868774414062,145.56915447625724,143.50673422124586,144.806408513856,27494000,2.062420255011375,2.9065751948082856
2021-11-04,147.1556396484375,148.61064946538178,145.2108308442372,146.02120570689476,38412000,3.3998186211445898,3.081149674049848
2021-11-05,147.73577880859375,149.20020860954875,147.08569179918513,148.0508876098975,38354000,2.114516810363625,3.1097898587400032
2021-11-08,147.9134063720703,149.48552742281953,147.31740001470018,148.70144323665562,23052000,2.1681274081193465,3.1893323618281806
2021-11-09,147.80177307128906,148.71090441297886,146.14081490134637,148.1139135667592,19530000,2.5700895116324887,3.2191072911544802
2021-11-10,144.79945373535156,146.9596459608255,143.45363459409407,146.39391306139473,29970000,3.5060113667314283,3.352137588358403
2021-11-11,144.67337036132812,146.42911672786738,144.50861485628576,145.39095562609714,16518000,1.920501871581621,3.168384528265875
2021-11-12,147.56304931640625,147.73377171558494,144.3205504253786,145.5160161174187,22360000,3.4132212902063372,3.2295656009705334
2021-11-15,147.3387451171875,148.42801853120432,146.46832288502367,147.78388336285937,23508000,1.9596956461806485,3.2434616303658856
2021-11-16,146.76707458496094,147.64691660374896,146.20779328379493,147.03852213551875,18904000,1.4391233199540352,2.6908514269358363
2021-11-17,146.936767578125,147.44542122499766,146.13582776741984,146.9174130849966,19594000,1.3095934575778188,2.604963396481316
2021-11-18,148.71485900878906,149.45129909726722,146.77551730421044,147.1298348231303,35608000,2.6757817930567853,2.54140796439028
2021-11-19,147.80967712402344,149.83438735066673,147.78238698513604,148.85080652363035,33682000,2.052000365530688,2.3462393511962745
2021-11-22,145.20486450195312,148.7059076930002,145.05152784228244,148.2126406962462,30594000,3.65437985071776,2.4460915405577532
2021-11-23,144.6887664794922,145.56018822180644,143.03427520363064,145.05698650074015,27218000,2.5259130181757996,2.4791981664980693
2021-11-24,145.0242462158203,145.15277643240424,143.2903528463246,144.38259466091938,18040000,1.8624235860796432,2.3693842354220016
2021-11-26,141.1167755126953,143.47346574331712,140.7788290261977,143.26603338725357,30470000,2.6946367171194083,2.4108213716188436
2021-11-29,144.4391632080078,145.2004097478787,142.81443053508832,142.92013818734432,32596000,2.3859792127903745,2.4263822148096312
2021-11-30,140.83340454101562,144.90513286079363,140.53961906199348,143.92106736043897,42068000,4.365513798800151,2.5546268067501785
2021-12-01,139.99375915527344,144.85602381982557,139.85530937917687,142.92015005272097,34020000,5.000714440648693,2.6613913120299832
2021-12-02,141.8938751220703,142.78563565182435,139.1629985850342,140.1907403286436,29194000,3.622637066790162,2.782972397402022
2021-12-03,140.93663024902344,143.31714251294005,139.24888176478848,142.603540088609,41230000,4.068260748151573,2.829760930112396
2021-12-06,142.0814666748047,142.77373060812116,139.09899659163847,141.96782338203911,30618000,3.674734016482688,2.952263670848256
2021-12-07,146.1651153564453,146.4246594362263,144.13842108192705,144.50465719357044,32240000,2.2862383542992575,3.0127718875872
2021-12-08,147.0752410888672,147.28020490132727,145.30810591665517,146.48966913877248,24270000,1.972098984672101,3.0600937109510773
2021-12-09,146.5313720703125,147.98191443235714,146.0117992181077,146.48422766408322,23270000,1.9701152142494323,3.0096889553219808
2021-12-10,146.89161682128906,147.86029563658596,145.60384630237746,147.58488027246938,24458000,2.2564493342084972,3.0242924530846813
2021-12-13,144.73297119140625,146.86039102890186,144.42628265294329,146.67329754195447,27070000,2.434108375958573,2.937130204887597
2021-12-14,142.8278350830078,143.3965362015146,140.15602113354242,142.88838224618928,38446000,3.240515067972183,2.9881732084444814
2021-12-15,145.34280395507812,145.6207029675227,140.61552216017054,142.33354383149216,36370000,5.005180807352161,3.212655867106804
2021-12-16,143.36178588867188,146.56954315606276,142.53005761489555,146.0668412565775,33650000,4.03948554116721,3.3087164973959324
2021-12-17,140.66220092773438,142.75587874027252,140.24038500191537,141.43138309383306,50416000,2.5154937383571507,3.317967534936417
2021-12-20,140.54507446289062,140.7113292733153,138.27622180996892,138.95013079239632,27192000,2.435107463346384,3.1800813681182905
2021-12-21,142.39659118652344,142.79011743592406,139.4488622569165,140.9882260878411,28756000,3.341255179007561,3.0615485637153523
2021-12-22,145.3170166015625,145.4013858438992,141.9946312572679,141.9946312572679,26322000,3.40675458663128,3.0461283865611466
2021-12-23,145.81475830078125,147.1318028392247,145.35373364931638,145.40137781045914,26384000,1.778069189908308,2.882543275258056
2021-12-27,146.79734802246094,147.23156722380827,146.06587524675373,146.15172864562504,15976000,1.1656919770545358,2.703325986727474
2021-12-28,145.58697509765625,147.18688605386762,144.95922615738593,147.12435498406532,18200000,2.227659896481697,2.699141811169077
2021-12-29,145.55520629882812,146.31150052438304,144.5552695994406,145.54478697871397,17788000,1.7562309249424288,2.6837226640455287
2021-12-30,145.10414123535156,146.19539861632148,144.89969233180167,145.59394023080418,15688000,1.2957062845198095,2.63555059763627
2021-12-31,143.76576232910156,145.59841206525712,143.76576232910156,144.95477660937993,18136000,1.8326497361555596,2.605279197775346
2022-01-03,143.90419006347656,144.7572416495097,142.63527431481612,143.9672057510473,28646000,2.1219673346935792,2.5829834091135604
2022-01-04,143.316650390625,145.38650621065128,142.6387735560891,144.30566816404834,28400000,2.747732654562185,2.5477846652985607
2022-01-05,136.7418212890625,143.41589690893608,136.65548327199204,143.3369947744093,54618000,6.760413636944037,2.6731584388408374
2022-01-06,136.71450805664062,138.89057101080056,135.53442915294616,135.97113194890792,37348000,3.3561418578543964,2.6243481757470652
2022-01-07,135.98948669433594,137.41025492629657,134.74836087315734,137.10951820455404,29760000,2.6618940531392354,2.6348053410886427
2022-01-10,137.6295928955078,137.77847711136317,132.16588595061782,134.0650342896381,44408000,5.612591160745353,2.861768462331426
2022-01-11,138.6881103515625,139.1645217290707,135.66744595665384,136.9720874131419,28730000,3.4970757724168777,2.872898504717806
2022-01-12,140.36988830566406,141.53856351346735,139.63941518856805,140.09148951411504,26108000,1.8991483248993006,2.765212343165522
2022-01-13,137.5477294921875,141.77876136551572,137.37105536435357,140.47857244926956,31436000,4.407706001162154,2.953043543969368
2022-01-14,138.4345245361328,139.68656954146815,135.97114257121223,136.05102908212427,29662000,3.715426970255919,3.1351674720551808
2022-01-18,134.9781494140625,136.10314842718847,134.42285105215512,135.15382402606036,34872000,1.6802973750333479,3.0960701490945843
2022-01-19,134.10325622558594,136.92493874451395,134.00301568869605,135.49970276827796,28648000,2.9219230558178992,3.1793338727285465
2022-01-20,132.30780029296875,136.59392702460264,131.96737020442174,135.22823884786024,29908000,4.626556820180895,3.41725176813291
2022-01-21,129.37399291992188,133.85413470989914,129.11098076605415,131.59918447816986,55652000,4.7431539438449875,3.625144925825012
2022-01-24,129.82310485839844,130.21911482681233,123.56637755178818,125.03329091598978,76622000,6.652737275024151,3.9487713501343387
2022-01-25,125.98310852050781,128.42863539946603,125.55187278454918,127.77458065092937,46960000,2.8767626149168564,3.9579877758739577
2022-01-26,128.2638702392578,132.00261942561787,126.18854746933454,130.13572850778058,49130000,5.814071956283328,3.89039194154105
2022-01-27,128.03759765625,131.65773660980562,127.9656316406239,130.3193534803954,31950000,3.6921049691817274,3.9143893066358593
2022-01-28,132.35101318359375,132.35648029937687,127.52150545782725,128.68669776042165,34362000,4.834974841549624,4.069609362950887
2022-01-31,134.2888641357422,134.45710287849602,131.2180716800117,133.15592938853976,39986000,3.2390311984843265,3.900069365646528
2022-02-01,136.61178588867188,136.75967057677127,133.36085185882231,136.56265758061303,68644000,3.3988187179489557,3.8930510046131053
2022-02-02,146.89015197753906,150.41005044814193,144.43123734697568,150.11578031488366,123200000,5.978813101166253,4.184455631489316
2022-02-03,142.0169677734375,148.55259367465578,141.5956515737135,144.61286316505112,71518000,6.956942100942285,4.366543924330754
2022-02-04,142.2184295654297,143.78856670322708,139.46126220909318,142.36879793327233,57998000,4.327304494133898,4.41024946175061
2022-02-07,138.1571044921875,143.16823691116105,137.85835170281248,143.16823691116105,54974000,5.309885208348561,4.669505735558839
2022-02-08,138.3536376953125,138.95012868811895,135.98652845498887,137.98393352600814,54284000,2.96360023313008,4.672482676795424
2022-02-09,140.53018188476562,141.45569926676154,139.13571933998102,139.90640076704875,40144000,2.319979926780519,4.507727184409682
2022-02-10,137.58045959472656,140.42348014805845,136.92243712049645,138.65584550663925,39330000,3.501043027561991,4.419004976103754
2022-02-11,133.2755126953125,138.11295539537267,132.39962332012644,137.5606404788322,39958000,5.713332075246228,4.351904604691045
2022-02-14,134.50967407226562,135.27787180639476,132.25719261759903,132.25719261759903,34302000,3.020679188795725,4.362184359968107
2022-02-15,135.58409118652344,137.07284283056677,134.80299027969542,136.53886766966463,26680000,2.2698525508713487,4.109025831010109
2022-02-16,136.70509338378906,137.05047569540287,133.91218535408186,135.62177176243202,25022000,3.13829034132101,4.069467643305772
2022-02-17,131.5450897216797,136.08527894268366,131.48504232159402,135.22130816652052,38950000,4.6002366210896355,4.05270062755863
2022-02-18,129.42510986328125,133.06461847926178,129.2201611900481,132.46612837230094,45620000,3.8444572892136932,4.095945348325013
2022-02-22,128.84002685546875,131.18926578040976,127.2619388627428,128.86433355708314,44990000,3.92732691766696,4.133695934019157
2022-02-23,126.6312026977539,131.06073168464098,126.5711553027141,130.6612537057356,32786000,4.489576381926881,4.027321882644915
2022-02-24,131.6959228515625,132.00261130443673,124.01645216954687,124.01645216954687,54456000,7.98615913488986,4.100837385069743
2022-02-25,133.45118713378906,134.25709440677767,130.76348675698117,132.55049129326056,36406000,3.493607649796502,4.041287610474214
2022-02-28,134.04421997070312,134.73350055558737,131.59819315726125,132.05226662425127,38864000,3.1353073983261197,3.8859606240440394
2022-03-01,133.05616760253906,135.23371506860198,132.21950209052739,133.86704226332247,26496000,3.014212978074596,3.889575820111505
2022-03-02,133.56231689453125,134.24812921619397,132.0735657745416,133.6183964578992,23520000,2.174563441652367,3.879188928316637
2022-03-03,132.89537048339844,135.41631592852903,132.02791664044642,134.99003246039214,24604000,3.38839928808261,3.8711429469252527
2022-03-04,130.91732788085938,132.84774960311327,129.3600935631288,131.93068267344398,30430000,3.487656039984472,3.712166087263699
2022-03-07,125.43077087402344,130.74710041867155,125.34789335760998,130.5019586446771,45112000,5.399207061061574,3.882060935282688
2022-03-08,126.15132904052734,130.26574165683814,124.73205246663608,125.30323721276812,40428000,5.533689190202068,4.1151921238063105
2022-03-09,132.4194793701172,132.73261936692816,128.92637143258065,130.26575405375206,37026000,3.8062479343475104,4.162903380451061
2022-03-10,131.4364013671875,132.27258215796604,129.93077920872005,130.28162863784974,27102000,2.341802949245988,4.001586689605086
2022-03-11,128.89659118652344,132.7921603804447,128.659385038366,132.48745580910284,31526000,4.132775342078702,4.0221808362383005
2022-03-14,125.00647735595703,129.43104655251307,124.33555183566477,129.27324230165655,38812000,5.095494716848293,4.105621393322681
2022-03-15,128.2291259765625,128.8807121292498,124.77770327867377,126.02378891344858,30920000,4.103008850576018,4.07800942679762
2022-03-16,132.28102111816406,132.33311772405185,127.76910672795162,129.75262441968042,35576000,4.564010996100222,3.8335702740269317
2022-03-17,132.8353271484375,133.0750169543275,131.19372381937578,132.15049913160888,28264000,1.8812931349517328,3.7184049515380195
2022-03-18,135.10467529296875,135.22228639905342,131.26667022049563,132.42392655212842,44566000,3.95561617855779,3.7769984358402815
2022-03-21,135.0808868408203,136.02227568775655,133.08694951089777,135.14241839412708,26832000,2.93532617685878,3.7713636643248662
2022-03-22,138.819091796875,139.99223447355533,135.08084291411075,135.08084291411075,35496000,4.911391559444581,3.96685138702431
2022-03-23,137.2385711669922,138.5417285094916,136.80138367889504,137.66237103767637,25154000,1.7403448305965696,3.849133211489593
2022-03-24,140.5103759765625,140.55702062189502,136.71753024768287,138.1561540914224,26396000,3.839490374212147,3.874264235362998
2022-03-25,140.61058044433594,140.9698652761117,138.68959391227574,140.8517544009212,24126000,2.280271363835965,3.651483114132598
2022-03-28,140.39471435546875,140.93760943218095,138.7630305417239,139.84386848888616,35050000,2.174578890457042,3.41154666415081
2022-03-29,141.4368438720703,142.71519472589625,140.97335063207385,141.57779246166834,34318000,1.741844093822408,3.2640892469704457
2022-03-30,140.87408447265625,141.65021781088518,140.53812197630958,141.39167328610918,19884000,1.112095834575598,3.176253024493989
2022-03-31,138.02462768554688,141.04232360786241,137.98195087256153,140.9877281817403,37524000,3.060372735300888,3.0996528382955737
2022-04-01,139.0994873046875,139.41757946432682,137.27030594315084,138.4538680484704,25942000,2.1472735211759755,2.8890656100332657
2022-04-04,141.8993682861328,142.63432431956434,139.25832732948422,139.305971501773,25942000,3.375996990080125,2.837136191426416
2022-04-05,139.53668212890625,141.91817820617155,139.32974959089583,141.7975988101207,21418000,2.588428615275717,2.6960231642246657
2022-04-06,135.52401733398438,138.31542612185672,134.50074308822178,137.7095002017028,32468000,3.8146830336349353,2.834122442702037
2022-04-07,134.8694610595703,136.13589316323527,133.2209064212302,134.99004046750798,26234000,2.9149867420050555,2.759791768662556
2022-04-08,132.28797912597656,134.65260481245758,131.96838763466556,134.56675141890017,25142000,2.6842171777920214,2.7418554115863594
2022-04-11,127.8574447631836,131.10192750746063,127.70360833102498,130.83494754462106,36884000,3.398319176435649,2.633778812800007
2022-04-12,126.75675964355469,130.6131276162825,125.83820106848967,130.6131276162825,32710000,4.77492654779283,2.8505346497425967
2022-04-13,128.91990661621094,129.35660942683415,126.78305234113374,127.04011273465291,27928000,2.573557085700415,2.7601108434203305
2022-04-14,125.7796630859375,129.50104988153464,125.65162505737587,129.50104988153464,31598000,3.849424824158774,2.872193233443388
2022-04-18,126.71905517578125,127.25103124090627,125.23576318572876,126.04762980933042,20808000,2.015268055177515,2.860813888066279
2022-04-19,129.03404235839844,129.35560256968233,126.04710494815332,126.7339168514141,26490000,3.308497621529014,2.972717711473894
2022-04-20,127.0798110961914,130.41363040865102,126.54386726306718,129.91042868655606,31696000,3.869763145583832,3.169693947974482
2022-04-21,123.87850952148438,129.12288118231135,123.59266724701,128.2807486036101,36446000,5.530213935301347,3.3461111765459433
2022-04-22,118.73834228515625,124.46160122256957,118.03317534641822,124.06261542731319,56884000,6.428425876151351,3.651907773329899
2022-04-25,122.15106201171875,122.35303480833002,117.62228414008575,118.20785607828329,46128000,4.730750668244269,3.748675893198766
2022-04-26,117.76023864746094,121.59129290122091,117.62228107667312,121.37740906871237,73054000,3.969011824547792,3.847288979575343
2022-04-27,113.4374008178711,116.36279188370548,111.89108568755887,113.61108393889343,91820000,4.471706196146613,3.8942192054690343
2022-04-28,117.63369750976562,118.75224503349594,113.25924819107051,115.54200349366656,48884000,5.492996842425427,4.07836278407049
2022-04-29,113.2537841796875,117.03571013783196,112.96099821693325,115.85909917190497,42676000,4.074711920898707,4.177683837149538
2022-05-02,115.70874786376953,115.87002776684969,111.75561456164147,112.55457819437993,35534000,4.114413205208223,4.228833410633293
2022-05-03,116.4541015625,117.55379426838414,115.16434711289088,115.55737359680728,24968000,2.389447155493258,4.058442025469039
2022-05-04,121.34416198730469,121.93320955294836,114.25273835602403,116.15387837554545,49916000,7.68047119692433,4.423221604842175
2022-05-05,115.63182067871094,120.13132441982566,114.14306924777586,119.30258703193357,45840000,5.988255172049804,4.575995201120106
2022-05-06,114.8785171508789,116.68983605123141,113.1605026751049,114.32073509250367,39710000,3.529333376126516,4.684142724045034
2022-05-09,111.66727447509766,114.21403375682236,111.16060468534064,112.40073109237771,40802000,3.053429071481716,4.665923541898799
2022-05-10,113.53713989257812,115.37823243873659,112.05384804886181,114.64130019962774,39900000,3.32438438987478,4.62696791649101
2022-05-11,112.75059509277344,115.49188386833971,112.38734239433477,112.38734239433477,37534000,3.1045414740049466,4.453705597826981
2022-05-12,111.9977798461914,113.43789516198555,109.00092247698522,110.54227785783269,53836000,4.4369726850003275,4.311458941316194
2022-05-13,115.18023681640625,116.9910559293026,112.75307997098307,113.67411472444665,35038000,4.237975958319538,4.2762607477501415
2022-05-16,113.58677673339844,115.29883944533803,113.03544618325748,114.09344655582711,25990000,2.2633932620805552,4.154430850431053
2022-05-17,115.59957122802734,116.0233711033276,114.00859523818337,115.96431565686771,23054000,2.0147758651442302,3.9789358267880255
2022-05-18,111.06035614013672,114.53460916918733,110.71893406247878,114.13760728159772,35126000,3.8156751067085537,3.8591271313796773
2022-05-19,109.55622863769531,112.16253561354502,109.17510560363476,110.59587399910443,34144000,2.9874300099102555,3.7814641377376454
2022-05-20,108.0912857055664,111.34222744755039,105.00312313802856,111.11146523229964,48962000,6.339104309521829,3.9403706451886173
2022-05-23,110.65194702148438,111.3065015318097,107.92554522357145,108.76570147382164,37184000,3.380956308238254,4.011192727527545
2022-05-24,105.17533111572266,105.66017033298499,101.12046571648337,104.9788178581926,76780000,4.5397046165016235,3.786852257497352
2022-05-25,105.01156616210938,105.70135403815657,103.07767643363695,104.19820785575082,40258000,2.6236776045196137,3.546525288388053
2022-05-26,106.98416137695312,107.83472935545615,104.43591035610642,104.88452423587293,37948000,3.3988189993497286,3.5372028329039966
2022-05-27,111.47422790527344,111.47571962495518,108.32005857394647,108.66198041267312,37914000,3.155661051008707,3.5445051171559245
2022-05-31,112.90889739990234,114.86710140737668,111.23801982101067,111.90100974803613,50012000,3.629081586366013,3.566269202619584
2022-06-01,113.03791809082031,116.22335308466774,112.40073416812857,113.99370154703936,36606000,3.82261891653917,3.617560448514886
2022-06-02,116.74044036865234,117.01536355537438,112.09951102289412,113.14510810652334,37992000,4.915852532480258,3.651766151906309
2022-06-03,113.68204498291016,115.4491951222644,112.66721372995826,115.19213472594434,26136000,2.781981392306136,3.547766540048209
2022-06-06,115.94445037841797,118.45200072153771,115.2928718045409,115.82931537143588,33542000,3.1591289169968206,3.611747658256514
2022-06-07,116.27098083496094,116.80842394302496,114.18921415892557,114.61449812422804,31590000,2.6192097840993966,3.654921509610454
2022-06-08,116.31515502929688,117.68133553709298,115.72560771609342,115.88589564814693,26108000,1.9557278209995559,3.5220681320598115
2022-06-09,113.97433471679688,117.41186240268544,113.91527928024134,115.45514278415996,25798000,3.4965831224441075,3.5584362115265153
2022-06-10,110.32789611816406,112.42951723475551,109.53835989670536,111.60177178540827,41452000,2.8911573380501494,3.312154284992824
2022-06-13,105.59465789794922,107.97566213644032,105.32321034517643,105.98570048108614,47252000,2.6524517912638856,3.260118248066083
2022-06-14,105.91522979736328,107.11516302340985,105.0065983723719,105.73608714050434,33706000,2.108564651037952,3.0864653933901067
2022-06-15,108.94137573242188,110.58793144263325,106.8620849971601,107.73101553417992,39698000,3.7258464454731524,3.1651917391725024
2022-06-16,105.23834228515625,107.83372995527769,104.34955756910561,106.416937075221,51684000,3.4841723861720766,3.171288409659813
2022-06-17,106.34002685546875,107.88435809204175,104.25825247727627,105.23835019470714,51376000,3.6261056147654784,3.204891592785297
2022-06-21,110.70751953125,111.6459323463121,107.78559662841934,108.11262398002309,47416000,3.8603357178927524,3.2214097450372066
2022-06-22,110.65145874023438,112.49651168592568,109.55474179877777,109.72744054758711,30774000,2.941769887147913,3.1584919572235455
2022-06-23,111.40028381347656,111.89703403190568,109.67185020461025,111.38986449241077,28362000,2.2251838272954245,2.9663013354246286
2022-06-24,117.09028625488281,117.19351022023095,112.10545164482099,112.14763626270204,41164000,5.08805857540996,3.1310211342177587
2022-06-27,114.9648666381836,117.69026895389891,114.31576408761653,117.38607170273899,36420000,3.374504866282379,3.1464051305952987
2022-06-28,111.16754913330078,116.42979107455284,111.0092451116475,114.93408839680073,35792000,5.4205459629053365,3.3465005719385803
2022-06-29,110.86385345458984,112.3119120901415,110.04106774033188,110.7154765500455,24716000,2.2708443498096216,3.3690088954250137
2022-06-30,108.1458740234375,110.05644130249395,105.94947205566056,109.17510001051674,43170000,4.106969246833387,3.412607904309962
2022-07-01,107.92207336425781,108.43072706417608,105.93012023346462,107.12360200109673,35476000,2.5006068307114617,3.3847114395000557
2022-07-05,112.41362762451172,112.52677114978636,104.93860549214357,106.29734246766435,39342000,7.58816565764279,3.737262429955692
2022-07-06,113.71282196044922,114.72269353445351,110.6400382310177,112.45234903571333,37432000,4.082655303435814,3.878268905126968
2022-07-07,117.8922348022461,118.2956881859461,113.97235893217574,114.21700853285823,40936000,4.323329253770368,3.9209462485767688
2022-07-08,118.45845794677734,118.78746921249528,116.02484225798968,116.37073191522165,38238000,2.762626954505606,3.869407289172021
2022-07-11,114.80903625488281,117.11312990957636,114.4656302547842,117.11312990957636,31196000,2.6474996547921563,3.7995068634596407
2022-07-12,113.16545867919922,116.09680918580032,112.83743934520429,115.34349827319495,29960000,3.2593698405960367,3.7565807293670184
2022-07-13,110.51846313476562,113.33964608381699,110.36760255508183,110.86335330305643,43722000,2.9720435287351563,3.7587431323375355
2022-07-14,109.53985595703125,110.25991744168836,107.56031347226879,109.3840355997886,37004000,2.69960396941957,3.792630285346403
2022-07-15,110.93927764892578,112.29206306351027,110.06836316457388,111.16061252157375,46770000,2.2236998989363883,3.5880332370268624
2022-07-18,108.21236419677734,112.82749456702116,107.55731758703521,111.7952927959853,43164600,5.270176979985948,3.7234383880056887
2022-07-19,112.95653533935547,113.16495963876075,108.73840612847393,110.01873331526212,36530900,4.426553510286823,3.6524389271043662
2022-07-20,113.04586791992188,114.53461945291772,111.63651828600943,112.32133884210387,35600400,2.8981011669082903,3.6972429854685567
2022-07-21,113.48255157470703,113.69098343145679,110.2767778430608,113.4230039425963,32676200,3.414205588395987,3.6477598670087423
2022-07-22,107.09085845947266,111.49755771109314,105.70135555742696,110.16761001759993,48901200,5.796202153666172,3.883159532934079
2022-07-25,106.70377349853516,109.04607621995325,105.50284832248128,107.59702581978459,34690900,3.543227897471965,3.5942354072075915
2022-07-26,104.23245239257812,106.39610489008601,103.28957946507946,105.80060580049833,47991000,3.106525425006552,3.524511844462644
2022-07-27,112.21214294433594,113.0557747190653,107.20001822791012,108.44064428229976,59858500,5.8557564911551765,3.6339709328472733
2022-07-28,113.36346435546875,113.48255962814197,110.62415950126018,111.52733903733414,32816600,2.85840012688179,3.6408118737312867
2022-07-29,115.44771575927734,115.83479054263834,112.21216038629261,112.23201464667002,37223400,3.6226301563457355,3.710464052413685
2022-08-01,113.9986572265625,115.84470955891426,113.48255250344202,114.4353600580981,26034300,2.362157055472238,3.646377424904842
2022-08-02,114.26663208007812,115.4774844552109,112.86720967281481,113.14510872831781,20236000,2.6102747823960897,3.6205368001663376
2022-08-03,117.19450378417969,117.73045515915321,114.61400305341066,114.84227401160379,28499000,3.116452105742553,3.6503116670465507
2022-08-04,117.3036880493164,117.88925996691131,116.01343380363976,116.59901329341588,21602900,1.8758261632715545,3.625463543070491
2022-08-05,116.5890884399414,117.22428844560957,115.13011082398499,115.35838937548199,19159500,2.0941776216245813,3.398606446044679
2022-08-08,116.42036437988281,119.24899057090587,116.00350822632574,117.50218677995531,19138300,3.2454823445801395,3.3142442199227733
2022-08-09,115.75537872314453,116.44020677601095,114.84227970077666,116.26155630883628,19086500,1.5979270752342956,3.2213746419460594
2022-08-10,118.80235290527344,120.01320519651877,117.52203342714638,117.88925390839957,30930400,2.491171769372386,3.1554436548729448
2022-08-11,117.94881439208984,120.57894353839131,117.67091532555504,120.37051923849022,24293700,2.908028212836271,2.9491455162422375
2022-08-12,120.76751708984375,120.76751708984375,118.56416374756623,119.35816754426888,19096300,2.2033533422775236,2.8534401908712064
2022-08-15,121.16452026367188,121.38287168867272,119.70554262587667,120.22163979863927,19494800,1.6773290627960478,2.7513547364275985
2022-08-16,120.78736114501953,121.511890161635,119.73531257366949,120.60871067326374,19041200,1.7765775879655052,2.4599848147711936
2022-08-17,118.65348815917969,120.3804376418693,118.48475724771684,119.21921338138048,22847000,1.895680394152464,2.391219119576242
2022-08-18,119.26882934570312,119.9139564343755,117.82970609358695,118.5343808121679,17987700,2.0842503407885573,2.2813348470364434
2022-08-19,116.3310317993164,118.25648600514175,115.8844094146696,118.16715698490374,21809500,2.3720765904721475,2.2820433852507227
2022-08-22,113.38330841064453,114.76288414973949,112.99623363908157,114.33610843081347,21456600,1.766650510657925,2.2217845086979966
2022-08-23,113.00615692138672,114.14753450962371,112.57938121699137,112.62900929255083,15870400,1.5681532926323456,2.1111917363329815
2022-08-24,112.8374252319336,113.91924753502663,112.02357482936523,112.64884764537656,17734600,1.8956727056613971,2.112609346503685
2022-08-25,115.77523803710938,115.84471280114529,113.2542847000928,113.38330709839337,16956800,2.5904281010524954,2.148055809319964
2022-08-26,109.5125503540039,114.25671121949163,109.36368127038317,113.85970932808003,37245700,4.893029949108467,2.2657377810719876
2022-08-29,108.59945678710938,110.11798209415639,107.98411101792682,109.16518204997358,21191200,2.1338710762295676,2.304019495428793
2022-08-30,108.12305450439453,109.67135354308121,106.99160404194176,109.34382641653404,27513300,2.6797495011394545,2.317489333412155
2022-08-31,107.408447265625,110.01872187397939,107.31911824820861,109.82022472533541,28627000,2.699603625770777,2.3026018629074767
2022-09-01,108.91704559326172,109.62172031679033,106.55489620007366,107.46799520192643,28360900,3.066824116716674,2.3642783467959876
2022-09-02,107.04122924804688,109.90955647633426,106.45565730411391,109.7606798148013,24160700,3.4538991722203463,2.491176211754866
2022-09-06,106.00901794433594,107.21987024518616,104.98674323622889,106.49534883381243,25068300,2.2331270089572683,2.523786884682849
2022-09-07,108.62922668457031,109.15525855226639,106.09835378823291,106.25715000377444,23167000,3.056904764033476,2.606731482531493
2022-09-08,107.5672607421875,108.77811323101261,106.35641582554445,107.22981402087272,24238300,2.4216974054681657,2.630834844294322
2022-09-09,109.82022857666016,110.15767525562512,108.20244722697193,108.25207530196377,23197700,1.9552280286531953,2.6010599470215396
2022-09-12,110.02865600585938,110.78295884863972,109.10562981877511,110.15767840347152,22966800,1.6773290298646089,2.5946798412505885
2022-09-13,103.5376968383789,107.48785387625672,103.30941829244654,106.991603410664,38172900,4.1784355838101845,2.7811285763347198
2022-09-14,104.21259307861328,104.49049211527398,102.88264552539968,103.78581739454697,26395100,1.607846589874299,2.760569568064213
2022-09-15,102.13827514648438,104.48057039335076,101.5824694722177,103.2498713506553,34188300,2.8981009211330644,2.782546198069968
2022-09-16,102.02909088134766,102.35661040850711,100.18303868602453,101.30456192573307,42797200,2.1735717224825777,2.5882991818824044
2022-09-19,102.29707336425781,102.55512573336215,100.78847524094766,100.98697240353168,23036800,1.7666504924144846,2.5620691401813267
2022-09-20,100.38154602050781,101.60232552737466,99.76619270219214,101.31449934165514,26517100,1.836132825182517,2.5018108061844027
2022-09-21,98.53549194335938,102.10849380682069,98.52556481376558,100.90756858013354,31487300,3.5829289930551056,2.5649054752761407
2022-09-22,99.38904571533203,100.48079525894666,98.0491709312513,98.07894474855821,34298600,2.43162432769536,2.519534061774618
2022-09-23,97.99954223632812,98.9126488703435,96.73906935446827,98.88286748104298,31625400,2.1735795158752325,2.4280826577499672
2022-09-26,97.4338150024414,99.13099069316641,97.06659450257123,97.36434023985667,27072700,2.0643961905951755,2.416030456438389
2022-09-27,96.76883697509766,99.25008920522836,96.14356413908983,98.6843639996458,30072800,3.1065250661385306,2.419574763731607
2022-09-28,99.29971313476562,99.94483262993302,96.381758210805,96.91770957880883,32466300,3.5630744191280144,2.501101693278739
2022-09-29,96.68943786621094,97.90029020087542,95.24038743081641,97.90029020087542,31047200,2.6599027700590057,2.5514356033791543
2022-09-30,94.9327163696289,98.15834442273268,94.84338734754718,96.32221919924832,32941500,3.3149570751855038,2.6684090351877896
2022-10-03,97.90028381347656,98.54541088420336,95.79617927312808,96.03438493049775,27982000,2.749231611075288,2.566323037135297
2022-10-04,100.87779235839844,101.07628951245434,99.62723908573932,99.68679428970093,28850800,1.4490504267150186,2.554980454052491
2022-10-05,100.66937255859375,101.16562303801653,98.05909776281518,99.0813725388771,22176900,3.1065252752013492,2.5698679079145115
2022-10-06,100.6594467163086,102.15812530354549,99.83566909260647,99.92499811757948,22324000,2.3224562109390234,2.5805025142328293
2022-10-07,97.93998718261719,99.77611229695586,97.56283957404312,99.10121139538383,27502800,2.213272722912734,2.6124041021255615
2022-10-10,97.12614440917969,98.35684347756712,96.28252010885105,98.2575948961487,18225100,2.0743233687160796,2.6294177123779585
2022-10-11,96.45124816894531,98.50572495067155,95.58776956681797,96.69937342071023,26507100,2.917955383853581,2.5819195974349927
2022-10-12,96.82838439941406,98.00946288154012,96.0145339725508,96.57033961999998,21876400,1.9949289089893227,2.5507270675274185
2022-10-13,98.317138671875,99.03174054553159,93.67223406528825,94.43646401379698,34574500,5.35950648024334,2.7782932792679977
2022-10-14,95.83588409423828,99.93491764089593,95.64731407308213,99.24016247039046,25410700,4.287603567813804,2.9370938062121854
2022-10-17,99.2203140258789,100.17311396048777,98.08886363026959,98.11863744507288,28419200,2.0842503302181825,2.8640741822178746
2022-10-18,100.0143051147461,102.69406189389402,99.22030899558331,102.35660767481004,24060700,3.473752898310707,2.857694073588067
2022-10-19,98.88285827636719,100.26243387046496,98.17818357214449,99.26001345058543,23811100,2.0842502983204696,2.8165760398924573
2022-10-20,99.2203140258789,101.55268957569878,98.64466169907956,99.25008784068218,25323200,2.908027876619215,2.787509668566294
2022-10-21,100.37162780761719,100.55027829834238,96.98720318666686,97.11622559634205,32458700,3.5630751116755164,2.845641347180596
2022-10-24,101.75118255615234,101.97946108059824,99.23023709174201,101.03658831359142,27176400,2.7492239888562295,2.9385108873335395
2022-10-25,103.69650268554688,104.03394937421807,101.94969889168885,102.12834936574457,40611400,2.084250482529214,2.86549125928553
2022-10-26,94.2181167602539,97.57276729062485,93.97991864924414,95.70686820538242,88114100,3.592848641380712,2.9562335757456504
2022-10-27,91.52843475341797,94.71436175268728,91.11158619026445,93.81118229367367,60710900,3.602775562422835,3.0554837785678006
2022-10-28,95.56790924072266,95.82596158594453,91.4391020058955,91.57805152128097,43697300,4.38685958004902,3.2206649365201536
2022-10-31,93.80126190185547,95.30985993363518,93.27523763795979,94.70443378065085,31675000,2.0346222956753905,3.157569715935997
2022-11-01,89.79156494140625,95.30986797136448,89.692316357766,94.7342155851969,47161400,5.617551613598479,3.416328480550937
2022-11-02,86.31780242919922,90.4962302100432,86.22847341279218,90.25803211992569,57038300,4.26775679725101,3.338346360337199
2022-11-03,82.80435943603516,85.87118391743043,82.71503040774212,85.67268674461754,61288000,3.156153509688309,3.257528499042521
2022-11-04,85.93073272705078,85.99028036002329,83.08225231902676,84.75958132144375,51124900,2.908028040996527,3.3163697640981167
2022-11-07,87.82640838623047,88.23333741705386,86.19870740729978,86.62548312568902,34078900,2.034630009754082,3.2135752720583577
2022-11-08,88.23333740234375,89.64268695690804,86.93315598764553,88.23333740234375,30429000,2.7095309692625023,3.2582381771256457
2022-11-09,86.66517639160156,88.769280979615,86.62547544780726,87.78669965811274,31769100,2.143805531807743,3.2036508667819694
2022-11-10,93.23554229736328,93.68216469901468,90.92301325088243,91.55821325740865,51620100,2.7591514481322434,3.14622774795745
2022-11-11,95.68701171875,96.20310883511553,93.21567912095048,93.97990902494139,33090500,2.987429714165046,3.1632424426223653
2022-11-14,94.98234558105469,96.06417564173266,93.80127450395435,94.37691934673201,30179500,2.2629011377783144,3.176003203711587
2022-11-15,97.70178985595703,99.38903833699794,95.98475998763868,97.52313939319663,41640800,3.4042783493592594,3.162533897138626
2022-11-16,98.10871124267578,98.89278785268415,96.90778607712295,97.16583842815655,29105200,1.9850017755612015,3.0469786266485093
2022-11-17,97.62239837646484,98.5354974736292,96.06417211875853,96.24282260056737,26052600,2.4713253548706717,2.910154753421484
2022-11-18,96.6993637084961,98.15834125388724,95.64731516977584,98.02931128973258,28342300,2.511026084111407,2.9441835954526283
2022-11-21,94.88310241699219,97.66210848988187,94.64490427628753,96.56043167737208,21647400,3.01720421359434,2.758444495452333
2022-11-22,96.32221221923828,96.49093554938902,93.34470961675402,95.23045520724949,23438500,3.146225932635005,2.678335147979761
2022-11-23,97.72164154052734,98.01939485108537,96.36191252817821,96.36191252817821,18868100,1.657482322907157,2.5712872060668213
2022-11-25,96.7291488647461,97.90030037564303,96.66960122642008,97.50329845171186,9701400,1.2306991492229429,2.451477999511565
2022-11-28,95.32971954345703,96.84824478966246,94.8930167011355,96.31229336649913,26237500,1.9552280885269653,2.4458064337096284
2022-11-29,94.4761734008789,95.39919964146274,93.40427049461734,95.01212485400968,20061700,1.9949291468454078,2.394763446394122
2022-11-30,100.23265838623047,100.2822864574368,93.71192812641526,94.10892997952428,43647500,6.570358331021538,2.710945789195107
2022-12-01,100.23265838623047,101.48321157326066,99.49820987989614,100.26243220008205,28687100,1.9850016933645236,2.65564937814027
2022-12-02,99.6867904663086,100.01431000072103,98.15833820772113,98.30721485364356,21480700,1.8559717929998953,2.5748309551999022
2022-12-05,98.73400115966797,100.6197469703689,98.25759735587957,98.65459926367298,24405100,2.3621496144893257,2.5819201321078316
2022-12-06,96.25274658203125,99.03174473103793,95.69694089448478,98.55534850991971,24910700,3.3348038365531494,2.576957666907395
2022-12-07,94.2280502319336,96.15349708147154,94.00969879373666,95.6870279579022,31045400,2.1437982877348816,2.5883002749198005
2022-12-08,93.00726318359375,94.8632426874311,92.74921081619499,94.66473795397769,32213300,2.114031871236108,2.562779311803046
2022-12-09,92.13386535644531,93.55314202323372,92.05446346281963,93.0668111039124,28225400,1.498678560414092,2.490468774396095
2022-12-12,92.61026000976562,92.85838524401936,90.92301144571273,92.0147609619929,29420000,1.9353737983066281,2.4131951733041155
2022-12-13,94.91285705566406,98.78361202768082,94.31735803816476,97.02688879023073,40593700,4.466253989516062,2.5074828916527627
2022-12-14,94.35706329345703,96.14356799976107,92.89808571200558,94.48608568861964,28733600,3.245482287755493,2.620911460570501
2022-12-15,90.17862701416016,92.93777814044215,89.33500281379186,92.43160059134897,40107000,3.6027753266502884,2.7903454732438826
2022-12-16,89.58313751220703,90.64511322161134,88.84868136014701,90.07938798524047,58011800,1.7964318614643275,2.7790028855965514
2022-12-19,87.77677917480469,89.88087616842834,87.54850064344215,89.58313045138497,29493000,2.3323755249861904,2.803106198320893
2022-12-20,88.35242462158203,88.51122839633814,86.78427899285954,87.44925276224407,23453800,1.7269494034785993,2.4571484177821117
2022-12-21,88.90823364257812,89.54343362140024,87.6576803714429,88.41198318586204,24745600,1.8857532499573466,2.4500592432530275
2022-12-22,87.10188293457031,87.87603244128935,85.67267918543912,87.49888481734911,27658300,2.2033532558502316,2.4748722048851945
2022-12-23,88.56085968017578,88.8784596690233,86.41705407631922,86.45675502144779,23003000,2.4614055927040823,2.48196191761482
2022-12-27,86.73464965820312,88.27302902200118,86.35750205691602,88.13407950720169,20097300,1.9155269650851636,2.3805849982242497
2022-12-28,85.37492370605469,87.37977975554813,85.29552938926575,86.32773122933094,19523200,2.084250366282376,2.3763315752633565
2022-12-29,87.78670501708984,88.18370690708726,85.96050692415548,85.97043405375527,23333500,2.2231999829317743,2.3841292975273327
2022-12-30,87.568359375,87.63783413641092,85.9208042155681,86.32773322681854,23986300,1.717029920842819,2.3997258232722416
2023-01-03,88.45169067382812,90.36721788133093,87.8561840239744,88.91815977701387,28131200,2.511033857356537,2.4408443989186637
2023-01-04,87.41948699951172,89.97021418207204,86.61555606707714,89.67246086306939,34854800,3.354658114994905,2.361444693595724
2023-01-05,85.55357360839844,86.9133025524005,85.25582788498791,86.81405397793031,27194400,1.6574746674125862,2.2480155778569446
2023-01-06,86.68502807617188,87.03240946135887,84.2236299964327,86.13915710492884,41381500,2.808779464926161,2.191301587733793
2023-01-09,87.35992431640625,89.37470746783313,87.20112811279385,87.69737855387638,29003900,2.17357935503928,2.218240694417718
2023-01-10,87.7569351196289,88.00506036543571,85.18636120771751,85.33523786963791,30467800,2.8186991577182,2.2529780967557187
2023-01-11,90.83367919921875,90.91308108868463,88.34250738771924,88.51123072369855,26862000,2.5705737009653973,2.3132369751476327
2023-01-12,90.44660949707031,91.18106565731547,89.07696090221926,90.79399088981015,30258100,2.104104755096216,2.328833511228981
2023-01-13,91.42918395996094,91.49865871880165,89.45410175315347,90.1687035996184,26329200,2.0445569656481837,2.3174909190716915
2023-01-17,90.60541534423828,91.5582153760755,89.37471624963791,91.36963776683697,32602400,2.1834991264375816,2.297640457195513
2023-01-18,90.43668365478516,92.10408544977494,89.96027989671057,91.44903122894499,29116700,2.143805553064368,2.313946070622599
2023-01-19,92.35221099853516,92.90800907477109,89.9503530858423,90.03968210362642,37000400,2.957655988928792,2.3763321865259144
2023-01-20,97.28494262695312,97.56284926169742,94.30743969004087,94.38684158568209,63191100,3.255409571656557,2.4500614428633987
2023-01-23,99.04166412353516,99.28978934453644,96.76883619050167,97.21545855943167,40005100,2.520953154034771,2.5074845309485383
2023-01-24,96.96733856201172,98.86301898722769,96.47108809327639,97.36434045143623,33078500,2.3919308939512973,2.4989771764195927
2023-01-25,94.50594329833984,95.43889663050726,93.05689279504284,94.85331712238681,42330000,2.382003835464417,2.4295018707388434
2023-01-26,96.78868865966797,96.83831673570589,94.66473724676266,95.77634102925325,30114000,2.1735794889432327,2.466366500848175
2023-01-27,98.62481689453125,99.56768971813064,96.58025989693051,96.58025989693051,33879800,2.9874298212001236,2.47912724058203
2023-01-30,96.21305084228516,97.55292569844815,95.67709938538358,96.74900229918671,27226200,1.8758263130645645,2.4578591661552642
2023-01-31,98.09879302978516,98.1384939775665,96.09394438600727,96.14357246377932,29870700,2.0445495915592318,2.402562768572481
2023-02-01,99.67686462402344,100.4311674201682,96.84823860370668,97.96976188272887,35531100,3.582928816461518,2.4748738482507755
2023-02-02,106.93205261230469,107.04122832500863,104.81802826774744,105.00660587554181,69883800,2.223200057261195,2.483380655548274
2023-02-03,103.99424743652344,107.001524077653,101.81074839414418,102.15812220922525,65309300,5.190775683508818,2.7081105639668905
2023-02-06,102.12834930419922,103.57739978303069,101.11599409443309,101.6320988290303,31999600,2.461405688597594,2.7279610326926056
2023-02-07,106.83280944824219,107.36876090901447,102.34670815863325,102.44595674643955,49010200,5.022052750381221,2.933550118215238
2023-02-08,98.62481689453125,102.36654194573852,97.30478888374736,101.28471960228619,94743500,5.061753061991155,3.083842766291121
2023-02-09,94.29751586914062,99.27986722656759,92.92785973388537,99.25009341009356,119455000,6.352007492682219,3.305028332078668
2023-02-10,93.8608169555664,96.02446938516859,93.54321694627534,94.7342150880715,54980700,2.48125243889325,3.3021925667114167
2023-02-13,93.90050506591797,94.48607692679491,93.13627517879665,94.02952744911616,50076100,1.3498017479982565,3.227754770571914
2023-02-14,93.96998596191406,94.13870929839328,91.56813558981159,93.7218607357337,54726100,2.5705737085816907,3.241224047223148
2023-02-15,96.21305084228516,96.39170132791901,93.44397210105132,93.78141881159203,50169000,2.9477292268676933,3.296520457074895
2023-02-16,94.79376220703125,96.94748732289182,94.02953228064146,94.65481268808418,42462600,2.9179550422503553,3.2915579728641973
2023-02-17,93.6424560546875,94.84338120494091,92.51100566280641,94.13870649225572,34284100,2.3323755421345,3.3241686320834782
2023-02-21,91.10165405273438,92.40182774488592,91.03217929602812,92.3025791741885,33629300,1.3696484488578022,3.2759614076048047
2023-02-22,90.96270751953125,91.41925701744177,89.9305056916628,91.0123280204154,30884000,1.4887513257789635,3.1263773011274796
2023-02-23,90.20841217041016,91.25054121331061,89.08688880510833,91.23068695357419,41206400,2.1636524082022817,3.1221238976232715
2023-02-24,88.46161651611328,89.21591943991449,87.91574547787702,88.76929699297735,36585100,1.3001739620374622,2.8442237746610317
2023-02-27,89.1960678100586,89.48389400941119,88.67003591816348,89.1960678100586,27502300,0.8138580912477096,2.726541803421754
2023-02-28,89.38463592529297,90.54586782791486,88.65018731956766,88.66011444958845,30142000,1.8956805083471977,2.503229500419324
2023-03-01,89.68238830566406,90.34736213861636,88.99756021287892,89.30524066283623,31111200,1.349801925737438,2.2380901335440586
2023-03-02,91.3100814819336,91.58798051837316,88.91815071281441,88.98763304410512,32204400,2.6698298055587486,1.9750774416066679
2023-03-03,92.94771575927734,93.02711765283779,91.75671007241478,91.78649146163595,35160100,1.2704075804230115,1.8885885231445079
2023-03-06,94.41661071777344,95.25031543626798,93.29508739318105,93.31493408001563,32639300,1.955228043086933,1.9318332585079847
2023-03-07,93.15614318847656,94.95256755074698,92.8286160456438,94.26774701922037,27835500,2.1239515051031788,1.899931672545234
2023-03-08,93.543212890625,95.24038857658361,93.29508765749337,93.41419049538177,34103300,1.9453009190902435,1.8283296505611304
2023-03-09,91.62767791748047,94.81360472856946,91.21082937894857,93.34470771502453,28813500,3.6027753496208845,1.8772453868018826
2023-03-10,89.95035552978516,92.09416114868083,89.72208455892081,91.47880785314275,35941000,2.372076589760013,1.8800811759179905
2023-03-13,90.42676544189453,91.87581597281934,88.74943635242563,89.41441019573425,37335600,3.126379620393706,2.005561973884841
2023-03-14,93.26531219482422,93.65238694590275,91.74678700641138,91.86588227001643,36050200,1.905599939491367,2.0353368748642984
2023-03-15,95.38926696777344,96.20311744437676,91.94528745764846,92.52093982631897,50622100,4.2578299867282965,2.1849209876161564
2023-03-16,99.56768035888672,100.43115878439056,94.78382678627801,95.47857432023729,65492000,5.6473319981125485,2.495432275907234
2023-03-17,100.85794067382812,102.06878536905513,99.34933511791077,99.50813889103078,61028500,2.719450251144366,2.631546001614138
2023-03-20,100.4609375,100.98696174026774,99.12106286358244,99.3691880767035,32960400,1.865898876685307,2.6294187422097175
2023-03-21,104.13319396972656,104.31184443694538,100.46094362067213,100.49071743651176,42110300,3.8509008162732528,2.8080686629622753
2023-03-22,102.5948257446289,105.79067243730059,102.55512479803791,103.4880705402918,43427400,3.235547639262677,2.8484770796554133
2023-03-23,104.80809020996094,105.50284536129094,103.67663982552884,104.27213883225404,40797800,1.8262055357620994,2.888176933608205
2023-03-24,104.64929962158203,104.69892012436522,103.06129208889809,104.20266966344676,30393300,1.6376280354671309,2.8654912187782196
2023-03-27,101.69164276123047,103.97439789278444,101.16561848824847,103.83544837056961,31120900,2.8087794045359686,2.9144074973091327
2023-03-28,100.27235412597656,101.68170343781581,98.99202719152649,101.67178388183366,32057900,2.6896762462893236,2.9675771635376385
2023-03-29,100.62966918945312,101.7214187034689,99.89522061779614,101.5129944157898,28779600,1.8261980856727575,2.8406787875413437
2023-03-30,100.1334228515625,100.40140235547389,99.03174616255232,100.15327711150191,33086200,1.3696561929215676,2.769077330624312
2023-03-31,102.95213317871094,103.11092940289926,100.28230303664719,100.54035541965774,36863400,2.8286263662520668,2.7478092410427664
2023-04-03,103.57740020751953,103.74612355244493,101.16562258542722,101.62217211579193,25035400,2.580500967017713,2.796016457294648
2023-04-04,103.9346923828125,104.78824373731965,103.25979148790408,103.54761764904539,24420100,1.5284522494155652,2.601060904629453
2023-04-05,103.68658447265625,105.30435843582173,102.88266105636043,104.98675840709654,28290500,2.4216973794612926,2.370658431868649
2023-04-06,107.60694885253906,108.35132454892715,103.54762368954962,104.4706498559581,48711500,4.803700859377528,2.519533475313875
2023-04-10,105.64179992675781,106.78316992246287,104.33169902046775,106.17775133008297,27067400,2.4514709019951226,2.5613600485502905
2023-04-11,104.55997467041016,105.92963084204611,103.89500084422305,105.75098036627539,26311800,2.0346299978230604,2.431626418660991
2023-04-12,103.85529327392578,105.94947077272556,103.5575399759029,105.78074743753035,24370300,2.3919307968226633,2.3713680727724187
2023-04-13,106.62437438964844,106.68392202189075,105.04629398559699,105.04629398559699,24843600,1.637628036293762,2.357898251381823
2023-04-14,108.05357360839844,108.12304836716059,106.0387904599343,106.0884185328419,26578000,2.084257907226288,2.389800385078906
2023-04-17,105.17533111572266,105.3639087269098,103.73620013699751,103.87515724199652,37571200,1.627708589912288,2.305438184034357
2023-04-18,103.71634674072266,105.74104953791142,103.28957103976354,105.69142146275153,26596400,2.4514784981478783,2.288424059167111
2023-04-19,103.39874267578125,104.19274641398663,102.2970660858072,102.80324365821765,20905700,1.8956803281794237,2.2933870764890156
2023-04-20,104.50043487548828,105.45323496035056,103.09108522322421,103.13078617328289,27820800,2.3621497371263445,2.3642794725036427
2023-04-21,104.6195297241211,105.20510165529122,103.99424927374733,104.67907735856379,25800100,1.2108523815438872,2.24872418788163
2023-04-24,105.17533111572266,105.83037783155005,103.91485061807437,104.69892730879049,23542800,1.9155272134756842,2.2012260626286277
2023-04-25,103.07122802734375,105.88993482379647,103.06130089706625,105.03638335229317,46664100,2.8286339267302196,2.2940961824368173
2023-04-26,102.93228149414062,105.55248362236856,101.86037855836139,104.13320683856327,53347600,3.6921050640071655,2.3848395884758085
2023-04-27,106.78317260742188,107.55732970203324,102.76354833968519,103.6667202584599,50089200,4.7937813623480565,2.384131052973703
2023-04-28,106.53504180908203,106.54496893818438,104.30191480844489,106.23729608563893,36139800,2.243054129739491,2.3692441406697293
2023-05-01,106.3960952758789,107.18017190898796,106.01894765339576,106.03879433997653,26681700,1.1612242555922023,2.3068580162246684
2023-05-02,104.53020477294922,106.3961039226054,102.93227756090715,106.33655628584265,30997200,3.4638263616982528,2.383421985144353
2023-05-03,104.6195297241211,106.68392596400858,104.17289974925679,104.73862499300647,21795400,2.5110262147517943,2.445807569319927
2023-05-04,103.90493774414062,104.8081097655528,103.19033577386429,104.69893404386158,23419500,1.6177739916885088,2.412487289638657
2023-05-05,104.77832794189453,105.08600082196858,103.32927742271336,104.03395220841355,26639300,1.7567233992552218,2.4217026331631524
2023-05-08,106.96182250976562,107.15040011064862,104.37140203396783,104.3912487209223,26511400,2.778998076680793,2.445096888772646
2023-05-09,106.54496765136719,109.32397313635732,106.3861714485516,107.57716947230122,36360100,2.937801687805731,2.5195341287459536
2023-05-10,110.91197204589844,112.09305050241566,107.1206190314225,107.16031997482098,63153400,4.972431470993158,2.7059828240221546
2023-05-11,115.69583892822266,117.0357137366996,113.55204074909585,114.53461459902141,78900000,3.4836729876037538,2.868327153026431
2023-05-12,116.6287841796875,117.14488132168266,115.23928138975758,115.8050066061785,41102300,1.9055999319250816,2.8676180614871023
2023-05-15,115.63628387451172,117.59151189110723,115.14003341637807,115.2392819935686,36266800,2.451478474729157,2.840678386344169
2023-05-16,118.6137924194336,119.84449149553303,115.55688763062979,115.6164352654177,45035600,4.287603864903247,2.8832140149796035
2023-05-17,119.93380737304688,120.75758495283628,117.99843361058363,118.71303548354885,33323600,2.7591513422526504,2.737883299258503
2023-05-18,121.90888977050781,122.38528597148938,119.92388793132871,120.04298319548356,35234200,2.461398040160674,2.7534792928600162
2023-05-19,121.83941650390625,125.02534358621601,121.233990329754,122.62349314866378,41353400,3.791353256462017,2.941345650065003
2023-05-22,124.11225128173828,125.48189991592048,121.81956885585257,122.01807359628725,35253000,3.6623310600679133,2.9555245570914073
2023-05-23,121.64092254638672,123.69539935419489,121.29354870394221,123.22893023558761,34046300,2.4018506502526833,2.9477263024843277
2023-05-24,119.99337005615234,120.99579816666204,118.96116812777687,120.21172148341005,34182600,2.034630038885169,2.9775017344269465
2023-05-25,122.55401611328125,124.38021415921419,121.04541048455478,123.58621039965489,42317000,3.334803674659412,3.0902217540986743
2023-05-26,123.67555236816406,124.32067954382788,121.53174653620708,122.24634848019274,35635900,2.7889330076207983,3.09093139202296
2023-05-30,122.74258422851562,124.71766646734785,121.08510954631166,124.69781220896813,35076700,3.6325569210361977,3.1405567658251363
2023-05-31,121.94859313964844,123.12966410835033,121.58136506611656,121.82949030094537,37325800,1.548299042233765,2.8959758780566083
2023-06-01,122.79222106933594,123.4869687186112,121.70047151811134,121.89896868299529,30772700,1.786497200499852,2.7747490361206153
2023-06-02,123.73509216308594,125.20399690730267,122.8319202321501,123.060191211232,26980100,2.37207667515257,2.8080688034940073
2023-06-05,125.0650405883789,126.47439004972225,122.91130787950246,123.0800387874398,32305500,3.5630821702197863,2.8874690674576238
2023-06-06,126.35530090332031,127.32794765072265,124.41992696662459,125.06505413625041,26638300,2.9080206840980622,2.788927411685825
2023-06-07,121.58136749267578,128.07231710182637,121.20421985419401,126.01784799150856,52539000,6.868097247632363,3.082423547784376
2023-06-08,121.22406768798828,122.30589768119812,120.33081530189335,121.31339671268852,29389200,1.9750823793047658,3.0476867148660967
2023-06-09,121.31339263916016,122.83191785844093,120.99579264278889,121.33323932610408,23778300,1.8361252156520464,2.908027569093956
2023-06-12,122.71281433105469,123.11974334684123,120.74766673085075,121.86919005532346,28306400,2.37207661599048,2.815866537374139
2023-06-13,122.9013900756836,124.22141810946202,122.25626296673931,124.04276764194177,22278300,1.9651551427227076,2.7846740011219984
2023-06-14,122.74258422851562,123.11973941592123,120.53923102358297,122.17685901958812,30592300,2.5805083923382597,2.8236653120829334
2023-06-15,124.15194702148438,124.51917511914434,121.48212446839356,122.21657309153177,35246300,3.0370506507507713,2.8023972389466016
2023-06-16,122.6036376953125,125.1642918916508,122.35551246478781,124.98564142278578,45535600,2.8087794268629978,2.8038148403210448
2023-06-20,122.1768569946289,123.63583450194002,121.22405705707857,122.00813366210225,26097500,2.411777444861457,2.716616306308563
2023-06-21,119.64599609375,121.74017376602716,119.19936610971777,121.48212139117618,30306300,2.540807656309383,2.787509778742536
2023-06-22,122.22649383544922,122.31581528654226,117.93889002281252,119.10011432011007,26952200,4.3769252637297456,2.972540354687528
2023-06-23,121.42256164550781,121.86919161284854,120.15216165092147,120.46976164956806,34913600,1.717029961927068,2.9257513037428495
2023-06-26,117.45254516601562,121.08510185635282,117.38307041046068,119.85440294130206,33969900,3.702031445892146,2.935676252005161
2023-06-27,117.44263458251953,118.18701026555762,115.22935421985997,116.20200844412273,39535900,2.9576560456976466,2.9392216349765596
2023-06-28,119.27877044677734,119.48719474805245,115.97374030045428,116.2119384201713,27091400,3.513454447598164,2.699604292116974
2023-06-29,118.20684814453125,119.15964803916606,117.41285201842581,118.34579765590422,24090900,1.7467960207402484,2.68329812364808
2023-06-30,118.80235290527344,120.17200897276508,118.79243334839367,119.26882953277098,29532200,1.3795756243714123,2.650687438556606
2023-07-03,119.0008544921875,119.28868064991963,117.9289517472914,118.34580029069079,14467900,1.3597289026282198,2.578376887602159
2023-07-05,120.83698272705078,121.69053409377197,118.33588382905948,118.3458033859375,27584800,3.3546502647124896,2.677626539172858
2023-07-06,119.20928955078125,119.39786715412697,117.5121138372137,118.90161667979092,24745200,1.8857533169132665,2.6280011766425013
2023-07-07,118.58401489257812,120.14224105563065,118.50461300055707,119.1993606252883,21709500,1.6376280550735771,2.5280424198084157
2023-07-10,115.57673645019531,117.42278888448908,115.2690635685402,117.41286932662906,35315200,2.1537253159488756,2.4812528404574072
2023-07-11,116.26156616210938,116.8272914274114,114.48498846913382,115.41794182924588,23078800,2.342302958277571,2.476290377129987
2023-07-12,118.03813171386719,119.4276344809341,117.52203458036395,117.90910932353661,30404400,1.9055999005701523,2.4309183945771844
2023-07-13,123.60607147216797,123.89389766157021,119.54673857522506,120.02314237165878,44297900,4.347159086345144,2.428792239049713
2023-07-14,124.47946166992188,125.82926350630274,122.56393462065938,123.86411595510596,33283100,3.265328885643356,2.539385019315162
2023-07-17,123.71524810791016,126.14687246896142,123.26861812563564,124.99557527494002,25716200,2.8782543433257786,2.480543797703279
2023-07-18,122.83191680908203,123.74501584432612,122.03791303884648,123.66561395286634,26193600,1.7071028054796358,2.391218566259135
2023-07-19,121.11488342285156,124.24126276731612,120.88661245663589,123.6656104289081,37224000,3.3546503106802277,2.37987541362214
2023-07-20,118.30610656738281,123.1594354576292,117.33345990676118,120.50945982007009,37906800,5.825975550868023,2.6712453800598377
2023-07-21,119.11994934082031,120.08267638216759,117.83962990079293,119.71545591184214,72937900,2.2430464813746624,2.7329218698457844
2023-07-24,120.61863708496094,122.07761466691946,120.0727661155314,120.74766705234958,29686100,2.004848551388065,2.7790018447572016
2023-07-25,121.29354095458984,122.22649427656242,120.11246239355489,120.44991665621404,52509600,2.1140318830075273,2.6903862460639902
2023-07-26,128.30059814453125,129.99776623656712,127.35772529958219,129.09460190925336,61682100,2.6400409369849314,2.744263933211966
2023-07-27,128.4296112060547,132.24082619562287,127.82418504749104,130.6825925035767,44952100,4.416641148131831,2.942764868430413
2023-07-28,131.5857696533203,132.73707431896543,129.59084831881933,129.799265024623,36591200,3.1462260001461004,3.0136577744445003
2023-07-31,131.72470092773438,132.52862411321212,130.79174779838897,131.73462048327818,28055500,1.7368763148231494,2.970413014197756
2023-08-01,130.5635223388672,131.63542534094805,129.70003608631143,129.7992922537571,23166800,1.9353892546366183,2.9725408252025036
2023-08-02,127.4172592163086,129.11442712565903,126.60340128037357,128.47922721112755,26273300,2.5110258452854595,2.8413884508410976
2023-08-03,127.48673248291016,128.4196857147357,126.46445780829997,127.01033631036397,20089500,1.9552279064357236,2.747809809469124
2023-08-04,127.14929962158203,130.52379685517826,126.9508024568463,128.31052393686713,26147200,3.572994398331957,2.7974340991124222
2023-08-07,130.5436248779297,130.62302675673814,128.05245340079873,128.19140290262357,22746300,2.570573355939416,2.8591105670024066
2023-08-08,130.41461181640625,130.52378752085772,128.56855954209357,129.64046232824563,23535200,1.9552279787641567,2.7591518290084016
2023-08-09,128.6876678466797,131.04980964495556,128.0326136306667,130.67266960839547,24912900,3.0171960142888565,2.558524719252747
2023-08-10,128.71743774414062,131.0597403574535,128.47923208801416,130.33521897689877,20857800,2.580508269439349,2.5826291326859385
2023-08-11,128.5884246826172,128.955645199412,127.2088489247228,127.69517985741135,19591100,1.7467962746892027,2.5641968272074487
2023-08-14,130.3451385498047,130.38483192031686,127.99291637965989,128.41968447620044,24695600,2.391915540656967,2.5840456598966943
2023-08-15,128.8067626953125,130.43446352895285,128.31051225646652,130.1168711231594,19770700,2.123951272486323,2.547182112432508
2023-08-16,127.73487091064453,129.30302424952546,126.91110086620327,127.73487091064453,25216100,2.391923383322194,2.402559414946105
2023-08-17,128.94570922851562,131.0001932670892,128.32042884384344,128.82661397214423,33446300,2.679764423245757,2.369240730881795
2023-08-18,126.50416564941406,128.2807431949733,125.4322628444653,127.54628706629671,30504800,2.848480350507998,2.4486410191449983
2023-08-21,127.4073486328125,127.76464959889275,125.61092424437363,126.22627759088554,25248700,2.1537253545191106,2.464236454850891
2023-08-22,128.11199951171875,129.30299739106866,127.35770438848107,127.54626681102073,22054900,1.94529300258759,2.4238269660867573
2023-08-23,131.37733459472656,132.40954397470435,128.89608243334328,129.20375527825698,27819700,3.5134615413610675,2.535129368581425
2023-08-24,128.8067626953125,133.24324283014445,128.59834599183964,132.94548953796456,28500700,4.644896838304817,2.611693828579486
2023-08-25,128.90602111816406,129.77941160779702,126.2957389175236,128.5685593040722,26762900,3.4836726902734227,2.6769152096033437
2023-08-28,130.02752685546875,131.54605189710958,129.1640559890661,130.32528013006436,20543300,2.3819959080434785,2.707398633123295
2023-08-29,133.5608673095703,135.54586931655962,131.24833815410415,131.24833815410415,43075600,4.297531162455471,2.798851143706625
2023-08-30,134.8610382080078,135.25803254284958,133.06461385464962,133.76928107064825,28315800,2.193418688199955,2.771201887903811
2023-08-31,135.14886474609375,136.9651434659,134.77170950484623,134.9900609451091,30053800,2.1934339610537847,2.8031045797869956
2023-09-01,134.64268493652344,136.4291897075704,133.83876157564302,136.4291897075704,21543700,2.590428131927382,2.817284050592025
2023-09-05,134.75186157226562,135.3969811480602,133.57078298930236,134.42433443329878,19403100,1.8261981587578475,2.796015971039991
2023-09-06,133.45169067382812,135.5061598618362,132.66760640562674,134.99998980551268,18684500,2.8385534562094676,2.827918119103368
2023-09-07,134.24566650390625,134.56327406172488,131.9529918442149,132.58819181549026,18844300,2.6102822175099902,2.822955104407956
2023-09-08,135.35728454589844,135.6351836006342,133.8387593023914,133.8983069363544,23558300,1.7964242982428118,2.747808243531871
2023-09-11,135.8932342529297,136.4490323863561,134.77170328374638,135.51607902909177,20763400,1.6773291026097183,2.7137799398240574
2023-09-12,134.3250732421875,135.84359846496358,134.17620415931236,135.23817228733398,18405500,1.6673943056512144,2.6939300329000306
2023-09-13,135.684814453125,135.87337691641153,133.1439992452725,134.07695258141447,20749500,2.7293776711390194,2.6379240421698844
2023-09-14,137.0643768310547,137.65986826915892,135.21832459864476,136.56812639378708,24751000,2.4415436705141644,2.4805416730419805
2023-09-15,136.36961364746094,137.48122492138967,135.45651466326473,136.94526597009013,38919600,2.0247102581249408,2.3763300707456603
2023-09-18,137.17356872558594,138.11644163882283,135.58556108112978,135.58556108112978,21861300,2.5308805576930524,2.386964688577773
2023-09-19,137.00482177734375,137.3720574197808,135.59547227341233,136.38947604665375,20353700,1.7765851463684612,2.206897116000129
2023-09-20,132.73709106445312,137.0445418305698,132.61798064460575,137.0445418305698,29927500,4.4265611859640615,2.366407294411851
2023-09-21,129.46182250976562,131.23839249416972,129.09460201532931,130.45432343039326,31503900,2.143790478840401,2.3628613313966094
2023-09-22,129.27322387695312,131.03987401665944,128.62810444126117,129.77939381214097,26397300,2.4117695753982673,2.350100005930244
2023-09-25,130.12681579589844,130.18636343695547,127.99294455474431,128.8564156388002,20094600,2.193418882211162,2.376330057605481
2023-09-26,127.60584259033203,129.38241246274418,126.26596037420376,128.79684059113427,25718700,3.116452088540427,2.3961799599148352
2023-09-27,129.56106567382812,129.91836661698156,127.60585276042912,127.60585276042912,22746500,2.3125138565524423,2.3749107912750103
2023-09-28,131.31781005859375,132.3003915392616,128.81670319967085,128.86633128049803,22513100,3.483688339590742,2.4954296513712912
2023-09-29,129.878662109375,133.04474225061801,129.38241168333343,132.28051235409288,30859800,3.6623305672845845,2.637215470276639
2023-10-02,133.1638641357422,133.41198939838114,130.18636098407492,130.2260695069411,22288000,3.2256284143062146,2.7485179066091385
2023-10-03,131.4368896484375,133.2531681504959,130.85131773991853,132.93557573096578,22989400,2.4018504105773673,2.7251231022833062
2023-10-04,134.225830078125,134.55335719954957,131.53614591729064,131.79419070491505,26752300,3.017211282258927,2.766242217407932
2023-10-05,134.05711364746094,134.47396223865763,132.44925177357314,134.05711364746094,19832600,2.024710465084496,2.766242232190758
2023-10-06,136.54827880859375,137.123931161278,133.00504324406194,133.00504324406194,27597600,4.118887917216057,2.8796713292995437
2023-10-09,137.38198852539062,137.89809329303546,134.59306309945669,135.9130912652546,19278100,3.305030193578773,2.9888459755288515
2023-10-10,137.02467346191406,138.67222861017186,136.30015203671138,137.46137628621005,27786600,2.3720765734604754,2.8420970746357384
2023-10-11,139.49598693847656,140.05178494931263,137.54075920041106,137.54075920041106,25884300,2.5110257489015737,2.8683281653543937
2023-10-12,137.9278564453125,140.16098355386808,137.2231741164266,139.9922602118785,24765500,2.937809437441473,2.9059024412146224
2023-10-13,136.32992553710938,138.9501273324613,135.59546941209604,138.33478161475625,23420500,3.3546579203652698,2.988848086797059
2023-10-16,138.056884765625,138.58290904447986,136.9552081327783,137.13385103003665,28501900,1.6277009117015666,2.8825087170228545
2023-10-17,138.67222595214844,138.85086884355698,136.1512652036196,137.5904036136543,23515800,2.6996036399373793,2.9101579872646357
2023-10-18,136.92543029785156,139.66472731928488,136.34977796075492,138.40424694073948,23375000,3.314949358529958,2.898105202903151
2023-10-19,136.71701049804688,138.61269101146914,136.3497899802919,137.4613862357858,26066000,2.2629010311772504,2.7981459503240558
2023-10-20,134.5831298828125,136.83609605175457,134.06702516754572,136.30015222216522,26335700,2.769070884208844,2.7655346981742435
2023-10-23,135.4763641357422,136.62766874033358,132.94548397466383,134.02730625143084,26317900,3.6821847656697457,2.8569871521094137
2023-10-24,137.76905822753906,138.31493679389348,136.38948247495046,136.79641151026584,44814300,1.925454318943025,2.7790045118725635
2023-10-25,124.66804504394531,127.34779458240867,124.13209362181638,127.19892549752396,84366200,3.2157009605922866,2.864075261551691
2023-10-26,121.3630142211914,123.39764418527096,120.36058614753718,122.34558803554405,57061100,3.037058037733786,2.786801698731529
2023-10-27,121.25382995605469,122.38528034661036,119.30852915172775,121.9585046679144,44566500,3.076751194882604,2.770496055967517
2023-10-30,123.52666473388672,124.45961803038976,121.82948905369454,122.2860385724438,28940100,2.630128976695218,2.7889283704842844
2023-10-31,123.14952087402344,124.42984802046038,121.76994514607122,124.12216757392719,26292300,2.659902874389161,2.799562450876255
2023-11-01,125.50174713134766,125.54144807960145,122.79222366961514,123.13959750160885,30082400,2.7492244099863115,2.7860920917723146
2023-11-02,126.5339584350586,128.01278289910795,125.97816026273019,127.45698472677952,27124600,2.0346226363777618,2.6918038572017786
2023-11-03,128.1318817138672,128.55864986310226,126.90117505497481,127.05997884535377,26393100,1.6574748081274464,2.6939305640893414
2023-11-06,129.27322387695312,129.36254531062866,127.70507086020127,128.08222599486658,19052700,1.6574744504273866,2.6194927648386277
2023-11-07,129.9878387451172,130.92079197589274,128.9060164432014,129.729793973687,29757300,2.0147755326913455,2.526623205850155
2023-11-08,130.851318359375,131.21855399990926,129.7992698016351,129.98784740054361,26425800,1.4192841982741697,2.466364860642792
2023-11-09,129.26333618164062,131.55601107722748,129.09461282832507,130.97043911965648,23747800,2.4613982489024124,2.44438824383519
2023-11-10,131.59571838378906,131.80415028016188,128.43957212703685,129.12440031522104,26913300,3.3645781531250236,2.4217020572248527
2023-11-13,131.09942626953125,131.5956766666248,130.26572923706053,130.79175344643087,18324800,1.329947429564271,2.379165850840656
2023-11-14,132.6179656982422,134.68236939202447,132.3202275430886,133.1836984817578,32395200,2.362141848935863,2.318197342865197
2023-11-15,133.61045837402344,134.01738735349468,132.5683446064248,133.85858358428234,23861500,1.449042747069882,2.204767679246347
2023-11-16,135.9031524658203,136.1909862320152,133.3127394362453,134.17621044610362,28013200,2.878246795769911,2.1905887935954405
2023-11-17,134.29530334472656,135.03967906955006,132.64774810580346,134.98013143466227,37240600,2.391930963746603,2.1735746498133963
2023-11-20,135.228271484375,135.6352005598195,132.61798881062674,132.68747115517974,27815500,3.017211749192768,2.1990967122993683
2023-11-21,135.94285583496094,136.15127255285424,134.9404353311043,135.2679473163652,22635300,1.2108372217499266,2.0892119131396263
2023-11-22,137.45147705078125,138.37449576593937,136.43912173063663,136.43912173063663,17813900,1.9353740353027433,2.082122727348554
2023-11-24,135.6649627685547,137.09416661748833,134.97021510431284,136.9949104607267,12514300,2.1239515131754843,2.115442491994842
2023-11-27,135.38706970214844,137.38199132880567,134.9801406435023,135.0099144629775,23436500,2.4018506853033728,2.1686122230574125
2023-11-28,136.17111206054688,136.22074013136128,134.40446177895313,135.0595159672369,18730000,1.8162783524081476,2.154433853037184
2023-11-29,133.97772216796875,137.25296351690287,133.82883792387636,136.53837669384325,23967200,3.4241255930265027,2.297636809805208
2023-11-30,131.5361328125,134.533489537284,130.29550678420406,134.0372391259656,38988300,4.237982753079933,2.4245357029607453
2023-12-01,130.87118530273438,131.1193105581131,129.6901066640334,130.87118530273438,31442300,1.4292038940797056,2.2862946844575083
2023-12-04,128.30059814453125,129.05489339161807,126.94086915840347,128.90602431139112,36669900,2.114024233214593,2.342300170432531
2023-12-05,130.00772094726562,131.14909112296962,127.28826255646621,127.98301027838883,27384800,3.8608285665034145,2.4493492216873562
2023-12-06,129.0449676513672,130.85131136380824,128.90601813502556,130.45431707264976,23576200,1.945293228782674,2.4847956846668415
2023-12-07,135.9031524658203,137.52093391588886,133.68987951198724,134.02732621189014,56767100,3.831054403901618,2.552853370961963
2023-12-08,133.97772216796875,135.3771371385065,133.02491449661565,133.19363785776235,32260100,2.3522226418908474,2.550017062257981
2023-12-11,132.29043579101562,132.3400638639477,130.37491635960205,131.3872714988426,31138000,1.9651475043456514,2.4748696161974726
2023-12-12,131.52622985839844,132.00262607297714,130.2756689716308,130.82154752185775,29032800,1.7269571013463292,2.51173532188293
2023-12-13,131.57583618164062,132.49885464130972,130.5833353978106,132.37975939344534,30104800,1.9155192434991193,2.5103171224683853
2023-12-14,130.95057678222656,132.71722724840416,128.71744966150473,132.37978056258655,38722400,3.9997775868994268,2.6443046991629524
2023-12-15,131.6056365966797,132.5088009828191,130.19627187171184,130.63297472797083,50847100,2.312529111107267,2.6379245867203736
2023-12-18,134.7816162109375,136.12148324947407,131.43687810405666,131.6353903862347,32258000,4.684605145417407,2.8428050719353206
2023-12-19,135.62525939941406,136.43911751155446,135.05954168860268,135.8138370178058,25476800,1.3795758229517787,2.696765802644269
2023-12-20,137.30258178710938,140.63738568200563,137.03461742674637,137.9278622500159,49107200,3.6027682552592637,2.651393338514221
2023-12-21,139.3669891357422,139.63496864718894,138.13628243906402,138.44397047150616,27488300,1.4986862081249228,2.6563563609460226
2023-12-22,140.42897033691406,140.9252208312421,139.65482077731141,139.71436841353267,26532200,1.270400053930672,2.596097490997171
2023-12-26,140.458740234375,141.6100298393638,140.13121309993724,140.52820742657298,16780300,1.4788167394265486,2.425953789063109
2023-12-27,139.31736755371094,141.01455101287016,138.8409712900939,140.52822004635922,19628600,2.173579722776253,2.4422599672055076
2023-12-28,139.1783905029297,140.08156991463156,138.70199433347554,139.72426900145066,16045700,1.3795755811560184,2.2671543370093934
2023-12-29,138.64247131347656,139.30744518629933,137.7392917414662,138.58292367477063,18733000,1.5681534448331433,2.2111493943624145
