Date,Close,High,Low,Open,Volume,High_Low,ATR
2014-01-02,54.33048629760742,54.83695064668258,53.81409298344089,54.44965660811654,43195500,1.0228576632416946,
2014-01-03,54.1815299987793,55.263969047159264,54.15173552653556,54.63833816533787,38246200,1.112233520623704,
2014-01-06,56.80321502685547,56.862796393576275,53.67506447400874,54.04249679231693,68852600,3.1877319195675327,
2014-01-07,57.518218994140625,58.14384987376699,56.8230777814841,57.299747665120925,77207400,1.320772092282887,
2014-01-08,57.826072692871094,58.00482438123894,56.83300944115446,57.20044178358363,56682400,1.1718149400844808,
2014-01-09,56.82307434082031,58.55100209084754,56.2570286515112,58.24315494052151,92253300,2.293973439336341,
2014-01-10,57.53807830810547,57.89558165295065,56.66418545207871,56.73369957043913,42449500,1.2313962008719415,
2014-01-13,55.52215576171875,57.84592348321776,54.995833549986465,57.5082818898979,63010900,2.8500899332312954,
2014-01-14,57.33946990966797,57.37918955796815,55.71084310582759,56.068346458177054,37503600,1.668346452140554,
2014-01-15,57.200435638427734,58.16370810134201,56.87272677045021,57.577800694244964,33663400,1.2909813308918032,
2014-01-16,56.793277740478516,57.61752193785781,56.435778203982146,56.86279185492796,34541800,1.1817437338756633,
2014-01-17,55.90945816040039,57.41891469945459,55.68105407589183,56.90252137386482,40849200,1.73786062356276,
2014-01-21,58.104129791259766,58.17364770477478,56.10807430151626,56.20737911241935,48669200,2.0655734032585187,
2014-01-22,57.111053466796875,58.89856996009587,56.70389777404207,58.44175808501121,61352900,2.1946721860538005,1.737860531358784
2014-01-23,56.23716354370117,56.28681594028602,55.30368181967194,55.97896502028393,47951800,0.983134120614082,1.7350231354568117
2014-01-24,54.07228469848633,56.028616362403056,54.022632302835945,55.760492668244005,55200700,2.005984059567112,1.798862459667055
2014-01-27,53.178531646728516,54.55888883784862,51.49032351116476,54.35034648269422,73924100,3.06856532668386,1.7903505601753642
2014-01-28,54.75749969482422,54.89652792516165,53.625408346950664,53.645270063889605,48191200,1.2711195782109854,1.7868039520273713
2014-01-29,53.158668518066406,54.56882014266624,52.82102689991449,54.23117852451433,92995600,1.7477932427517473,1.8279452593607475
2014-01-30,60.65630340576172,62.066451362361505,60.04060148071749,61.68908627737239,150178900,2.025849881644014,1.8087935766684384
2014-01-31,62.13595962524414,62.93040937011656,59.752606602391694,60.05052857142465,87794600,3.177802767724863,1.9478226171579327
2014-02-03,61.05352783203125,63.32764357166256,60.2789397133694,62.59277510373123,74866600,3.048703858293166,1.9620093260909235
2014-02-04,62.3147087097168,62.70200270753209,61.39115973574107,61.61956379116458,45985500,1.3108429717910184,1.9364733632088138
2014-02-05,61.75859069824219,62.721863084301894,60.84497449606038,62.304778415019314,51685100,1.8768885882415134,1.978323881590936
2014-02-06,61.72880554199219,62.344503637174064,61.03366057608475,61.03366057608475,42086500,1.3108430610893151,1.9875452621061969
2014-02-07,63.87381362915039,64.12207938603864,61.78838278658301,61.838035180313696,60704300,2.333696599455628,2.0301049746699733
2014-02-10,63.109161376953125,64.04263935868843,63.02971829615459,63.853962515321314,43666100,1.0129210625338416,1.9549155217610676
2014-02-11,64.400146484375,64.54910747846563,62.91055169641041,63.30777848849514,45675600,1.6385557820552208,1.9151929214754548
2014-02-12,64.00291442871094,64.60868353211595,63.60569524576427,64.46965530279057,47282100,1.0029882863516804,1.9166110761709976
2014-02-13,66.86295318603516,66.86295318603516,63.6057068045383,63.73480230480888,61911700,3.2572463814968557,2.005986956308836
2014-02-14,66.6246109008789,67.11121735643644,66.25718234128126,67.03177047677748,36694900,0.8540350151551763,1.8478062197710732
2014-02-18,66.83314514160156,67.0714781480748,65.61167427754559,66.47564184365687,43809900,1.459803870529214,1.8612836692223753
2014-02-19,67.58787536621094,68.6008040190623,66.53523085477022,66.58488704271275,62087100,2.0655731642920756,1.8839822350466844
2014-02-20,69.14698791503906,69.62366158486944,65.27404749472771,67.26017389549084,130928900,4.349614090141728,2.0499653927965213
2014-02-21,68.11420440673828,69.47470378129404,67.97517615841537,69.2065800385202,70932400,1.4995276228786736,1.930088596736079
2014-02-24,70.28899383544922,70.94441901399485,68.06453496637151,68.26314452422045,76620300,2.879884047623335,1.9180300388310911
2014-02-25,69.3654556274414,70.50747970127725,68.9682288743937,70.45782351596998,52077000,1.5392508268835456,1.9343448856234144
2014-02-26,68.7795639038086,70.72596699540443,68.37240432816522,69.70311304396864,55322700,2.353562667239217,1.9683930341232505
2014-02-27,68.46177673339844,69.524354012448,68.39226261519784,68.8589959365615,41653700,1.1320913972501643,1.9556250581347396
2014-02-28,67.98509979248047,69.39524759429051,66.91258981231356,68.98809565781083,66783700,2.482657781976954,1.9662651426005486
2014-03-03,66.94239044189453,67.57795025048273,66.04863209342032,66.49550747942216,56824100,1.5293181570624057,2.003150649352589
2014-03-04,68.32273864746094,68.42204343393574,67.15092398353137,68.18371043110231,42013500,1.2711194504043704,1.976905197091814
2014-03-05,71.07353210449219,71.47075889522328,69.13706191732554,69.20657603746817,74567700,2.3336969778977448,2.0719558179165327
2014-03-06,70.34859466552734,71.39131407411331,69.76269100412057,71.38138132053,46026500,1.6286230699927415,1.9556255813805248
2014-03-07,69.31581115722656,70.68623558177109,68.98809849816028,70.58693078169753,38927000,1.6981370836108027,2.0159185862702125
2014-03-10,71.53033447265625,71.64950477317161,70.02088188181288,70.2790728348908,59871600,1.6286228913587308,2.027977087758035
2014-03-11,69.61371612548828,72.0864409217023,69.4746879089281,71.9970688866863,59408300,2.6117530127742015,2.0669899340781868
2014-03-12,70.3883285522461,70.85506954582327,68.52137215440956,69.37540725404607,46340500,2.3336973914137076,1.9229958841690424
2014-03-13,68.35253143310547,70.85504698118442,67.67724825720006,70.79546562275651,57091000,3.1777987239843526,2.0428723913908766
2014-03-14,67.25023651123047,68.94837355777288,66.99203797549892,68.01489178922297,48227000,1.9563355822739652,1.9769046438659217
2014-03-17,68.2631607055664,68.47170306368211,66.15787161803412,67.7070477505912,52197000,2.313831445647992,2.032231830920525
2014-03-18,68.71004486083984,69.1171968308728,67.82621922373785,68.2830273840906,40827000,1.2909776071349484,1.9563328980559345
2014-03-19,67.76663970947266,68.80935923951087,67.0019842768574,68.6901889120439,43981000,1.8073749626534692,2.004567438441885
2014-03-20,66.50543975830078,67.75670143724638,66.35647877187169,67.53822633401312,44439000,1.4002226653746845,1.9272506443988655
2014-03-21,66.77355194091797,67.44883506316745,65.7209076178261,67.06154111121973,59999900,1.7279274453413507,1.941437022133076
2014-03-24,63.65534973144531,66.8927378913029,62.92048508339404,66.72391896531981,85696000,3.972252807908859,2.1343751190976823
2014-03-25,64.43986511230469,65.73085019612057,63.33756444535413,64.43986511230469,68786000,2.393285750766438,2.1386314600168745
2014-03-26,59.9710807800293,64.49944615024054,59.95121906318371,64.29090380571452,97503900,4.548227087056837,2.3471746040928814
2014-03-27,60.54705810546875,61.47060708674155,57.57779778503259,60.09024620277737,112650000,3.892809301708965,2.5039369053856073
2014-03-28,59.59372329711914,61.52026840497686,58.928372745436555,60.914499223155026,67052000,2.591895659540306,2.5727421031128626
2014-03-31,59.822120666503906,61.09324017670549,59.45468460514536,60.35837184222335,53011000,1.6385555715601328,2.5032280001690004
2014-04-01,62.185611724853516,62.22533515896484,59.82212421875731,60.04059552989924,59291000,2.4032109402075292,2.5081932536542735
2014-04-02,62.2849235534668,63.46666736805132,61.77845921276245,62.771522387845856,66277000,1.6882081552888692,2.4017939273188817
2014-04-03,59.077327728271484,62.73179658981096,58.71982439258382,62.11609850514622,83859000,4.011972197227145,2.548625114101252
2014-04-04,56.35633087158203,59.78239932098162,55.92931343592798,59.5242007938147,125214400,3.8530858850536376,2.6585718597730836
2014-04-07,56.55494689941406,57.597662444644186,55.055419428150365,55.51223135418393,108488000,2.5422430164938206,2.7479479604415746
2014-04-08,57.78634262084961,58.302735907058384,56.77341776577493,57.27988208742989,78836000,1.5293181412834542,2.7280867589151447
2014-04-09,61.97706985473633,62.02672225363973,58.77940536065239,59.21635556276684,100215000,3.2473168929873424,2.8600220608874776
2014-04-10,58.74961471557617,62.74172895930849,58.27294486698302,62.642424161439784,114988000,4.468784092325471,3.0557975356720575
2014-04-11,58.12398910522461,59.891644214371524,56.912454551764654,57.20044000675763,91452000,2.9791896626068706,2.984864453864773
2014-04-14,58.481483459472656,60.03066320908069,57.37918284804338,59.67315989853769,72325000,2.651480361037315,3.0033069260269785
2014-04-15,58.68009948730469,59.26600687539032,55.492367804370126,58.878712867513144,108623000,3.7736390710201917,2.9479792105957894
2014-04-16,59.30573272705078,59.772469833099734,57.33946813811365,59.37524684472265,78774000,2.433001694986082,2.843707238687012
2014-04-17,58.5311393737793,60.15976608507182,58.31266806171917,58.88864270581338,88040000,1.8470980233526504,2.7905074075307508
2014-04-21,60.81519317626953,60.81519317626953,58.73969089778482,59.04753807109213,60364000,2.075502278484713,2.8217178865967925
2014-04-22,62.592769622802734,62.999925365964195,61.78839088946942,62.215408350374766,60631000,1.2115344764947764,2.7365981391887386
2014-04-23,60.934356689453125,63.03964954818451,60.835048099557326,63.00985886533344,95908700,2.20460144862718,2.7734833744271894
2014-04-24,60.447757720947266,63.208476075048274,59.355389683755575,63.15881988298317,138769000,3.853086391292699,2.7621343882890144
2014-04-25,57.30967330932617,59.59371778998367,57.170645074851365,59.55399814315892,92502000,2.4230727151323066,2.659990590437491
2014-04-28,55.75056838989258,57.90551754041885,54.28083528348877,57.64731898261645,107758000,3.624682256930079,2.737307679040081
2014-04-29,57.74662399291992,57.87571947557264,55.452646740534135,55.700912529345935,75557000,2.4230727350385024,2.801147292879727
2014-04-30,59.36531066894531,59.434824782609205,56.76348641803031,57.180574888248714,76093000,2.6713383645788937,2.760005969421981
2014-05-01,60.72581100463867,61.84796959719047,59.79232925195912,60.010804349519894,82429000,2.055640345231353,2.587638558915258
2014-05-02,60.040592193603516,61.460672684174305,59.76253574674544,60.874765322412685,54189000,1.6981369374288633,2.4961347928311146
2014-05-05,60.795326232910156,60.9244217127099,58.76947653180007,59.256075345705746,46057000,2.1549451809098272,2.46066799425058
2014-05-06,58.12398910522461,60.72581747143087,58.08426945544887,60.55699475400066,55901000,2.6415480159820035,2.3798043474621378
2014-05-07,56.991886138916016,58.88863635649299,55.86972386507405,58.36231416787662,78587000,3.018912491418938,2.4216551186359134
2014-05-08,56.36626434326172,58.411975854679305,56.1080695836825,56.833005249379,61251000,2.303906270996805,2.454284279181924
2014-05-09,56.842933654785156,57.250089375286926,55.98889878050459,56.4556358626868,52584000,1.2611905947823345,2.3961191589174686
2014-05-12,59.41497039794922,59.48448451575905,57.57780128776496,57.57780128776496,48575000,1.9066832279940868,2.4457726411674194
2014-05-13,59.41497039794922,60.46761491806114,59.09718670308745,59.246147691671545,48525000,1.3704282149736855,2.3861888387635983
2014-05-14,58.819129943847656,60.03066819957597,58.54107347396979,59.11704813132183,47429000,1.4895947256061817,2.217368005500276
2014-05-15,57.518218994140625,58.96809415196756,57.12099598522768,58.84892383988174,56814000,1.8470981667398831,2.1762269663293883
2014-05-16,57.61751937866211,58.04453679887622,56.912445513000634,57.90550857615255,47933000,1.132091285875589,1.9981847541112105
2014-05-19,58.79927062988281,59.146845019673776,57.17064760276188,57.488427520822775,43034000,1.9761974169118943,1.9662650885307384
2014-05-20,58.153778076171875,59.77246824552135,57.7764130272366,59.087256051711556,53931000,1.9960552182847522,1.9180305780811568
2014-05-21,60.07039260864258,60.08032157348406,57.84592944885036,58.15378039423128,58992000,2.2343921246337004,1.9307985623241817
2014-05-22,60.10017776489258,61.0535174078955,59.98101125657596,60.51726243811823,54200000,1.072506151319537,1.8861106490306585
2014-05-23,60.92441940307617,61.02372798558261,59.73274671887948,59.99094145692608,38294000,1.2909812667031275,1.824398940873037
2014-05-27,63.03964614868164,63.0694368299262,61.142895748663385,61.19254814681603,55682000,1.9265410812628119,1.7733270169645234
2014-05-28,63.06943893432617,63.69506977898299,62.185613337719474,62.95027241713663,47795000,1.5094564412635165,1.6655087276677076
2014-05-29,63.38722229003906,63.85396317988193,63.06943859883192,63.397151254654005,42700000,0.7845245810500074,1.5569814641000792
2014-05-30,62.86088943481445,63.724853215616456,62.12602490942626,63.506381923648675,45253500,1.5988283061901924,1.5810984434863546
2014-06-02,62.64242172241211,63.14888223299943,61.61956416066114,62.79137891341541,35996000,1.5293180723382918,1.5541437895109407
2014-06-03,62.43387985229492,62.98006383303104,61.88769587155881,62.185614062120756,32217000,1.0923679614722275,1.5342823428322652
2014-06-04,62.90061950683594,63.148885292103174,61.63942886309015,62.01679391740222,36514000,1.5094564290130208,1.5357010359327536
2014-06-05,62.75165557861328,63.913541369077606,62.3842232943487,63.21839644527037,47352000,1.5293180747289057,1.5130024579319696
2014-06-06,62.06644821166992,63.03964966504066,61.718877616978716,62.93041211007046,42442000,1.3207720480619471,1.5264796552309952
2014-06-09,62.443809509277344,62.90061763137226,61.361370566257115,61.967139670365015,37617000,1.5392470651151484,1.4952689158169419
2014-06-10,65.31376647949219,65.36342267247477,63.05951624044948,63.089306925650504,69338000,2.303906432025286,1.51725828822698
2014-06-11,65.32369995117188,65.34356545917171,64.44980701096368,64.86689176130363,44242000,0.8937584482080325,1.421498739910861
2014-06-12,63.844024658203125,66.00890241923172,63.61561682211004,65.39320059815154,55730000,2.3932855971216753,1.515840128896728
2014-06-13,64.05258178710938,64.51932274259973,63.38723120550343,64.25119141322496,29419000,1.1320915370962936,1.5044908624962399
2014-06-16,63.744728088378906,64.42993653208053,63.307777863750594,63.714937405148945,31046000,1.1221586683299378,1.4470349758581773
2014-06-17,63.95326614379883,64.4299321963432,63.486525267349336,63.65534417860587,27715000,0.9434069289938662,1.4066028678389166
2014-06-18,65.14494323730469,65.29390422992948,63.605699850770584,64.0426424989403,35570000,1.688204379158897,1.4711514248466944
2014-06-19,63.893680572509766,65.12508435550507,63.764585088239436,65.00591404785274,34245000,1.3604992672656309,1.4541279220663685
2014-06-20,64.05258178710938,64.36042898053,62.910557495765815,64.01285834659194,46466000,1.4498714847641878,1.4484531658110755
2014-06-23,64.91654968261719,65.20453894450871,63.774525389315365,63.87383020254344,34560000,1.430013555193348,1.472570708219727
2014-06-24,65.26409912109375,66.70403738642582,64.8172162419958,64.90659584840304,57335000,1.88682114443003,1.4995253307495133
2014-06-25,66.97216796875,67.0118913960427,65.11513751927862,65.12507027021907,44308000,1.8967538767640804,1.5257707451805973
2014-06-26,66.6643295288086,67.52829723567693,66.43592923686457,67.52829723567693,47714000,1.0923679988123638,1.5094561702341984
2014-06-27,67.13106536865234,67.23037016531677,66.37633527635604,66.84307615479625,46461000,0.8540348889607259,1.4605124433660255
2014-06-30,66.8232192993164,67.448846347174,66.66432556092502,66.99203821400442,27102800,0.7845207862489758,1.3519848972391462
2014-07-01,67.58787536621094,67.96524421104482,66.92252487601617,67.11120929843311,33243000,1.04271933502865,1.362624960583476
2014-07-02,65.98904418945312,67.82621710325685,65.33362644125357,67.56801855931367,41895000,2.4925906620032805,1.3697181795035906
2014-07-03,65.83015441894531,66.53522831731053,65.30383218329735,66.39620008813824,25203200,1.2313961340131812,1.3768113649976539
2014-07-07,64.83709716796875,66.10821685037659,64.66827824250197,65.84009312031,28745000,1.4399386078746232,1.3995099321079887
2014-07-08,62.32463836669922,65.10521428358794,61.77845442041957,64.6086827345637,68926000,3.3267598631683697,1.5697494274061674
2014-07-09,64.51931762695312,64.66827862296469,62.71194289730785,62.97013766372768,51432000,1.9563357256568423,1.588901666441735
2014-07-10,64.42001342773438,64.88674677413682,62.61263489285255,62.870833449936605,44422000,2.274111881284277,1.6541597103002097
2014-07-11,65.87981414794922,66.1280799671558,64.3405706147514,64.82716949898425,39212000,1.787509352404399,1.6782767008459392
2014-07-14,67.42900085449219,67.69712461689146,66.43593753580002,66.66433785627498,38537000,1.2611870810914354,1.6662176669815167
2014-07-15,66.70404815673828,67.61766441158898,65.80036465452977,67.48856893312214,44213200,1.817299757059203,1.6612518535978862
2014-07-16,67.19066619873047,67.46872270918738,66.60475491472053,67.07149587576107,29541600,0.8639677944668449,1.5874814191480837
2014-07-17,65.94933319091797,67.37933909987319,65.58189706578166,66.56502754877673,38188000,1.7974420340915316,1.6378438502394528
2014-07-18,67.94538879394531,67.98511223490344,65.70107120334875,66.33663110573542,42456000,2.2840410315546933,1.739987146139022
2014-07-21,68.91857147216797,69.47468430959768,68.02481328596366,68.3326603814738,49539000,1.4498710236340173,1.7875121630950963
2014-07-22,68.78948211669922,69.28601369927715,68.13406436746111,69.27608852268447,40398000,1.1519493318160414,1.7953143057227672
2014-07-23,70.79546356201172,70.83518699196397,69.12711738636543,69.25621285135803,78435000,1.7080696055985385,1.7392770874081427
2014-07-24,74.45986938476562,76.2076548639562,73.9931285480436,75.4330669121493,124168000,2.214526315912593,1.8095006718295292
2014-07-25,74.66841888427734,75.14508494203521,74.14209663962076,74.4698017131529,45917000,1.002988302414451,1.7782899357252313
2014-07-28,74.4002914428711,74.97626990419671,73.33771414596316,74.64855723725586,41725000,1.6385557582335508,1.657703928229887
2014-07-29,73.19867706298828,74.40028245344992,72.9106878671218,74.20167287252745,41324000,1.4895945863281241,1.624365275420693
2014-07-30,74.16194915771484,74.66841343654303,73.61576144755995,73.69520831021336,36853000,1.0526519889830865,1.537118140256322
2014-07-31,72.14604187011719,73.65549457692882,71.93749951054609,73.48667565391472,43992000,1.717995066382727,1.532152834111917
2014-08-01,71.8580551147461,72.71209008898734,71.0536763320307,71.71902687023902,43535000,1.6584137569566337,1.5605261681022884
2014-08-04,73.00006866455078,73.3674971528561,71.85804461457293,71.85804461457293,30777000,1.5094525382831705,1.5385370810468575
2014-08-05,72.18575286865234,73.0795035195384,71.67928861040592,72.69220955042924,34986000,1.4002149091324867,1.5768404463801176
2014-08-06,71.96728515625,73.2086140499994,71.29200193499152,71.52040220861804,30986000,1.9166121150078794,1.5853525950169995
2014-08-07,72.66242218017578,73.48666633717525,72.19568133039368,72.49360327856476,38141000,1.2909850067815682,1.5144200218189192
2014-08-08,72.55318450927734,72.92062056784245,72.05665298085039,72.89082988837201,27202000,0.8639675869920609,1.4725697763444938
2014-08-11,72.93054962158203,73.39729044687056,72.55318083017285,72.9504075480654,24591000,0.8441096166977076,1.4505812252646126
2014-08-12,72.32479095458984,72.82132252905254,71.7190218276277,72.58298191825165,27419000,1.1023007014248378,1.407312017823634
2014-08-13,73.25826263427734,73.73493626295753,72.5432635559625,72.61277767092938,29266000,1.1916727069950355,1.3342510457580943
2014-08-14,73.78459930419922,73.86403860263428,73.17883014186482,73.456886627565,22207000,0.6852084607694593,1.311552485640595
2014-08-15,73.11923217773438,74.13216076665796,72.49360516208397,73.80444813044916,38846600,1.6385556045739946,1.3115524746649123
2014-08-18,74.07257080078125,74.20167384890252,73.44694379382034,73.48666722582149,23974000,0.7547300550821774,1.2590621510044875
2014-08-19,74.76771545410156,75.05570463818863,73.99312751312854,74.29104187232687,26679000,1.0625771250600877,1.259771089295702
2014-08-20,74.29105377197266,74.65848987462155,74.10237692053308,74.44994751683838,22917000,0.5561129540884764,1.1767795098461125
2014-08-21,74.05272674560547,74.66842869226043,73.89384056430599,74.40029737013998,20102000,0.7745881279544449,1.1136491077745276
2014-08-22,74.05272674560547,74.21162050337631,73.0596634889518,73.82431886292771,20897000,1.1519570144245108,1.0881137132131948
2014-08-25,74.49958038330078,74.75777887589858,74.27118014392013,74.42014110412921,19734000,0.4865987319784466,1.022855414845049
2014-08-26,75.4330825805664,75.46287326544386,74.21161904176334,74.47974278213167,23993000,1.2512542236805189,0.975329851178809
2014-08-27,74.1123046875,74.96633965482532,73.94348576003293,74.7478645362345,36323000,1.0228538947923909,0.9561776288938678
2014-08-28,73.34764862060547,73.91369434202888,73.21855313202504,73.48667686260625,21947000,0.6951412100038397,0.9441186019661377
2014-08-29,74.30097198486328,74.30097198486328,73.49659339418754,73.78458256804572,26241000,0.8043785906757392,0.9412806715359971
2014-09-02,76.14807891845703,76.16793684683816,74.3009809437343,74.48966535747087,34979000,1.8669559031038574,0.9958989002273556
2014-09-03,75.30398559570312,76.94254141974886,75.07557772204807,76.60489598605935,32389000,1.8669636977007968,1.044133970992053
2014-09-04,75.42314910888672,76.39635440562404,75.0060643716298,75.36356773969892,26676000,1.3902900339942335,1.0944969405081082
2014-09-05,76.72406768798828,76.84323042729403,75.07557908052728,75.57211069822452,29476000,1.7676513467667547,1.103718064950448
2014-09-08,77.34969329833984,77.62774978662121,76.475800395674,76.72406619970678,28183000,1.151949390947209,1.1320908746550933
2014-09-09,76.13814544677734,77.6277400848065,75.67140458129299,77.0517616730824,28882000,1.9563355035135146,1.195930758830338
2014-09-10,76.89286804199219,77.40925746598798,75.9792519045161,75.98917707941281,29909000,1.430005561471873,1.2583516593577235
2014-09-11,77.37947845458984,77.81642866294253,76.5155183672186,76.59495766071593,32219000,1.3009102957239236,1.2959460999126864
2014-09-12,76.94253540039062,77.75684687191531,76.56516655834984,77.47878282855403,26676800,1.1916803135654703,1.2987834784227548
2014-09-15,74.0626449584961,76.71412151483067,72.92062092226936,76.61481672395658,49679000,3.7935005925613012,1.5349907541786731
2014-09-16,75.55224609375,75.70120708119592,72.56312389782529,73.0099992836925,37742000,3.1380831833706253,1.6697642512993949
2014-09-17,75.89981079101562,76.71412220587027,75.04577594415954,75.43306993558615,28693000,1.6683462617107239,1.7158708489364187
2014-09-18,76.46585083007812,76.79356343770255,75.98917725749084,76.23744300693915,23031000,0.8043861802117078,1.7236740610941237
2014-09-19,77.36954498291016,77.75683896189102,75.90974110376547,76.8630807117545,76671000,1.8470978581255508,1.7981540087691101
2014-09-22,76.26725006103516,76.99218189024599,75.42314035433967,76.46585965292216,31961000,1.5690415359063223,1.7768744111121433
2014-09-23,77.74691772460938,78.08455557107169,75.51252555658378,75.80051478963914,36814000,2.5720300144879076,1.8272362908826512
2014-09-24,77.99519348144531,78.07464036480722,76.97233948169408,77.55824319942661,30680000,1.102300883113145,1.8066656372482879
2014-09-25,76.68434143066406,78.39241134499339,76.59496180299891,78.05476591760528,37533000,1.7974495419944816,1.808794079764554
2014-09-26,78.24343872070312,78.29308732738599,76.79356757498891,77.05175851326733,28872000,1.4995197523970774,1.8336205341538303
2014-09-29,78.45198059082031,78.6505901693231,77.36954550798157,77.57808783835043,34031000,1.2810446613415252,1.7853854739986883
2014-09-30,78.49170684814453,79.15705729420353,78.054756667941,78.79955397884973,35899000,1.1023006262625188,1.7619779786265914
2014-10-01,76.01898193359375,78.27323179537244,75.37348941520433,78.23350836292863,55090000,2.8997423801681066,1.8761802703726045
2014-10-02,76.5453109741211,76.94253775747838,75.11529758462314,76.03884663592878,36488000,1.827240172855241,1.9215774031790167
2014-10-03,76.9028091430664,77.51850341816382,76.72405748141581,77.22058903305964,23340000,0.794445936748005,1.707359213478067
2014-10-06,77.02197265625,77.34968530204792,76.31689875486285,76.65454415320714,25729000,1.0327865471850686,1.5569808823219558
2014-10-07,75.76078033447266,77.40926104336474,75.7111241518168,76.5155103673172,25317000,1.6981368915479322,1.559108784453185
2014-10-08,76.98225402832031,77.17093845612911,74.57904296205048,75.65155300990455,32976000,2.591895494078628,1.686788021157965
2014-10-09,75.38343048095703,77.22059586938917,75.32384153748463,76.74392220396435,32487000,1.8967543319045461,1.690334912142179
2014-10-10,72.40424346923828,75.9693368150968,72.25528246999288,75.06564564242022,52146000,3.714054345103918,1.84355011279915
2014-10-13,72.48368072509766,74.26126475929475,72.01693980964461,72.72202134775725,43938000,2.244324949650135,1.8201426081678806
2014-10-14,73.07951354980469,73.66542474789308,71.55020296655896,73.48667307788804,50299000,2.115221781334128,1.8924941008979508
2014-10-15,72.7021484375,73.28805960461784,69.83219669268338,71.19269586338908,61528000,3.45586291193446,2.0109521987508066
2014-10-16,72.12616729736328,72.84117391257138,70.09039257089178,70.29893490424917,53529000,2.7507813416795983,2.1003280265567006
2014-10-17,75.42314910888672,75.47280530085733,73.2384130386609,73.71508672157678,76342000,2.2343922621964367,2.168424283760623
2014-10-20,76.41621398925781,76.55524223801702,74.85710499119699,75.07558011823897,34701000,1.6981372468200249,2.2109840423718734
2014-10-21,78.14413452148438,78.19378312854248,76.61481650175517,77.02196841609906,32252000,1.578966626787306,2.1166429171303878
2014-10-22,77.82636260986328,79.29609184446545,77.46885926599343,78.27323800146527,41862000,1.827232578472021,2.1166423746744436
2014-10-23,79.48477172851562,80.07067532298696,78.46191794395027,78.82934644337459,35056000,1.608757379036689,2.174807477695064
2014-10-24,80.11040496826172,80.25936596066003,78.76977118961848,79.64366406110004,32248000,1.4895947710415527,2.2074366365419555
2014-10-27,79.72310638427734,80.23950345159236,79.20671689343268,80.17991451215117,30169000,1.0327865581596711,2.159911612728508
2014-10-28,80.20970153808594,80.59700310915615,79.01802887415766,79.62379795832105,74212000,1.5789742349984834,2.0875600942227837
2014-10-29,75.33377075195312,76.34669182575075,74.26126073748232,74.9266112259803,106120000,2.085431088268436,2.1010370053916327
2014-10-30,73.59590911865234,74.8273052775745,72.39430364137397,74.5293908846663,83270000,2.4330016362005296,2.0095332404699624
2014-10-31,74.46980285644531,75.17487677770329,73.93354785088209,74.41022149242845,44544000,1.2413289268211969,1.9378906674107523
2014-11-03,73.36750793457031,74.99613100855338,73.18875625198821,74.94648239345736,40727000,1.8073747565651672,1.9159015942129696
2014-11-04,75.23446655273438,75.24439172920029,73.13910269489959,73.71508114168662,39326000,2.1052890343006965,1.8194320315248436
2014-11-05,74.31090545654297,76.2672407616183,73.903745993409,75.97925158496804,35913000,2.363494768209293,1.791768704848393
2014-11-06,74.73793029785156,75.07556811185,73.79451581617866,74.37049422690906,21383000,1.2810522956713442,1.7236729929537435
2014-11-07,75.07557678222656,75.3337753369368,74.4995983049772,74.86703441835441,20774000,0.834177031959598,1.6619615490351418
2014-11-10,74.47974395751953,74.95641765249505,74.09244989505814,74.83724733463333,21575100,0.8639677574369102,1.610890201224399
2014-11-11,74.09244537353516,74.45988148216566,73.51646690372654,74.43008322216517,18715700,0.9434145784391177,1.5477603440791918
2014-11-12,74.20167541503906,74.61876009514953,73.02986066391671,73.76472523027374,26536600,1.588899431232818,1.5463419192360581
2014-11-13,73.73493957519531,74.7180699814528,73.12917044192791,74.22153840182186,26448500,1.5888995395248884,1.553435116984868
2014-11-14,74.36056518554688,74.41022137312831,73.52639578476628,73.7547960641117,19476900,0.8838255883620292,1.5427950477136076
2014-11-17,73.72500610351562,75.13516153403893,73.36750276354866,74.36056591313012,28701200,1.7676587704902715,1.5562725145344498
2014-11-18,73.82430267333984,74.28111833851618,73.38736008823379,73.93354021373378,20690500,0.8937582502823886,1.4711530261068748
2014-11-19,72.8213119506836,74.02291727715598,72.60283687742144,73.49659509691686,25441200,1.4200803997345446,1.3988015092164474
2014-11-20,73.08943939208984,73.47673337773692,72.0070042979659,72.29499349332627,19154900,1.4697290797710139,1.41511580585572
2014-11-21,73.23841094970703,73.98320834919558,72.99014514987752,73.98320834919558,23060400,0.9930631993180583,1.3569506946237837
2014-11-24,73.49661254882812,73.83425041388278,72.84118717340965,73.02987161357035,22103800,0.9930632404731341,1.277505995064672
2014-11-25,75.10535430908203,75.21459184861263,73.61575976254075,73.69520662337567,32250200,1.59883208607188,1.222887232054857
2014-11-26,77.08155822753906,77.24044437898831,74.98619454354179,75.00605247129671,32695300,2.2542498354465295,1.2924013420387988
2014-11-28,77.1610107421875,77.72705648611041,76.69427738347349,77.13122005721334,15992000,1.0327791026369226,1.3065872042300362
2014-12-01,74.57904052734375,76.77370916429551,74.28112613031273,76.7240605530256,31789900,2.4925830339827826,1.4229168668404557
2014-12-02,74.93653869628906,75.3834216257181,74.51945402333129,74.8074432241269,16773900,0.8639676023868077,1.4172420828367192
2014-12-03,74.36056518554688,75.20467491560835,73.88389912123525,74.85709675547928,16689900,1.3207757943731053,1.3980903944895968
2014-12-04,74.71807098388672,75.02592571938818,74.14210010190516,74.31091902289164,14362800,0.8838256174830263,1.3477279714866068
2014-12-05,75.83029174804688,76.22751846576051,74.83722874199752,75.27417888912946,24306400,1.39028972376299,1.383903981158104
2014-12-08,75.98918914794922,76.71412858342019,74.87696326532496,75.65155131257274,25733900,1.8371653180952308,1.3888687345584583
2014-12-09,76.30696868896484,76.39634831208859,74.26126102766132,74.67834573165068,25358600,2.1350872844272715,1.4775350941402354
2014-12-10,75.65155029296875,77.01204952202316,75.5423127414732,76.1182911809097,32210500,1.4697367805499653,1.4810819784841942
2014-12-11,77.19081115722656,77.97532447167139,75.94948207219538,75.98919793562149,33462100,2.025842399476005,1.5208043584631221
2014-12-12,77.29010009765625,78.3328117690847,76.48571386373155,76.62474966305858,28091600,1.8470979053531522,1.581806837465629
2014-12-15,76.45591735839844,78.03489144977826,76.0288999703115,77.91572116363679,29396500,2.0059914794667577,1.654158854536602
2014-12-16,74.17188262939453,76.85314986997132,74.07257026187916,75.66147722448606,31554600,2.780579608092154,1.7385693918237644
2014-12-17,75.58203125,75.87995320311019,74.38042583833685,74.48966338271259,29203900,1.4995273647733427,1.6846606439185368
2014-12-18,77.85614776611328,77.85614776611328,75.97925913225578,76.35662037890144,34222100,1.8768886338575044,1.744954181862864
2014-12-19,79.32588195800781,79.44505226393312,77.78663861627646,78.20372332230917,43335000,1.6584136476566584,1.6853706542681408
2014-12-22,80.88499450683594,81.32194473875252,79.4450558992504,79.52450277350268,31395800,1.876888839502115,1.7577221712049484
2014-12-23,80.05081176757812,81.59998767596825,79.84226943963866,81.45102670559157,19865800,1.7577182363295947,1.788932345630412
2014-12-24,80.20970153808594,80.86512680677549,80.18984361015747,80.46790005997606,7685500,0.6752831966180253,1.774036458425769
2014-12-26,80.21963500976562,80.71616655360074,79.9515113097415,80.45796802939485,10647400,0.764655243859238,1.7293482812897867
2014-12-29,79.46491241455078,80.39839422921521,79.1570652528937,79.931653321883,14134700,1.2413289763215118,1.686788542591664
2014-12-30,78.67046356201172,80.03095522177033,78.55129325707797,79.2960906158552,14370800,1.4796619646923546,1.6399724483248843
2014-12-31,77.4787826538086,79.24644140278707,77.31989649157384,78.98824286562632,19935400,1.9265449112132274,1.6726016005151172
2015-01-02,77.90579223632812,78.38246582782209,77.16099495844173,78.03489528010238,18177500,1.2214708693803544,1.6151464912225708
2015-01-05,76.65454864501953,78.70025635417153,76.32683598001827,77.43906945980858,26452200,2.3734203741532554,1.652740953279721
2015-01-06,75.62175750732422,77.05176323685461,74.83723673953054,76.69426748682473,27399300,2.214526497324073,1.6676363116981006
2015-01-07,75.62175750732422,76.82336296387801,75.29404486195402,76.22752661186782,22045300,1.529318101923991,1.578260489828946
2015-01-08,77.63768005371094,77.6873362435156,75.55224888191928,76.20766664381,23961000,2.1350873615963195,1.6236576324591587
2015-01-09,77.20072937011719,78.0746298160812,76.66447434458584,77.65753752302075,21157000,1.410155471495358,1.5903195494332911
2015-01-12,76.18781280517578,77.4589325371396,75.68134843255946,77.3000387824085,19190200,1.7775841045801428,1.5988317249278257
2015-01-13,75.919677734375,77.53837558065958,75.32384133653669,76.69427338568273,25179600,2.2145342441228877,1.6229492538293095
2015-01-14,75.75086212158203,76.66447847663105,75.50259631359233,75.88989036793856,25918600,1.1618821630387117,1.5803895343085321
2015-01-15,73.53633117675781,76.0388470453841,73.02986683583829,75.87002812390118,34134000,3.008980209545811,1.7470821780890884
2015-01-16,74.65848541259766,74.79751364281064,73.3277768965258,73.52639406573743,21791500,1.4697367462848376,1.7974451425480598
2015-01-20,75.71112823486328,75.78064234844848,74.30098045843765,75.19473875915466,22821600,1.4796618900108314,1.8144689220972967
2015-01-21,76.20765686035156,76.76377732418045,75.32383134588316,75.6316860455025,25096700,1.4399459782972883,1.8116320659262206
2015-01-22,77.1113510131836,77.21065580760997,76.14807859666051,76.63467739287881,19519500,1.0625772109494562,1.7499200873359513
2015-01-23,77.29010009765625,77.64760340685169,76.50557936783679,77.11134844305853,16746500,1.142024039014899,1.7442453137384188
2015-01-26,76.96240234375,77.92567491435236,76.75385996915641,77.43907604030063,19260800,1.1718149451959476,1.6584163545271824
2015-01-27,75.25432586669922,76.34669383922281,75.10536487579357,76.1778749185494,20110000,1.2413289634292397,1.588902244963266
2015-01-28,75.71112823486328,77.10141808303749,75.47279521349546,76.36655351421247,53306400,1.6286228695420277,1.5959954426502685
2015-01-29,77.45892333984375,77.47878126859163,73.6952132068467,76.31689923684687,61293500,3.78356806174493,1.713744064089455
2015-01-30,75.38343048095703,77.61782266116471,75.22453673365845,77.45892891386613,42649500,2.3932859275062555,1.7839676680902332
2015-02-02,74.46980285644531,75.6118269844149,73.23840668245043,75.58203630240648,41955300,2.3734203019644724,1.8265273964748283
2015-02-03,74.87696838378906,75.05572006664006,73.34765011416847,74.6684260165414,26957700,1.7080699524715897,1.7903513756425926
2015-02-04,75.10535430908203,75.82036090365699,74.48966007878555,74.56909936315081,20277400,1.3307008248714425,1.8024098514877878
2015-02-05,75.08550262451172,75.45293870406861,74.68827586378244,75.18480742057648,15062600,0.7646628402861779,1.6421014679692425
2015-02-06,73.95342254638672,75.17488611934097,73.734947415882,75.15502818769119,21211000,1.4399387034589637,1.639973036338823
2015-02-09,73.92362213134766,74.31091614755246,72.94048417347045,73.53632811514285,16194300,1.3704319740820097,1.6321708994867643
2015-02-10,74.66841888427734,74.81737229203269,73.98320290272122,74.330773481601,15811300,0.8341693893114694,1.5889011431306344
2015-02-11,75.97926330566406,76.21759633892779,74.50952651818494,74.56910788238324,20877400,1.7080698207428497,1.6350077581158768
2015-02-12,75.70118713378906,76.33674677471463,75.3635418127838,76.32681402444338,17235000,0.9732049619308327,1.622949252609872
2015-02-13,75.214599609375,75.9494717832188,74.97626657874832,75.92960627772548,18621900,0.9732052044704744,1.6087628425580525
2015-02-17,75.07557678222656,76.37649473276853,74.55918724927709,74.77766236661105,25254400,1.8173074834914473,1.6499041654196387
2015-02-18,76.17787170410156,76.3665561230516,74.92661004035207,75.41321642854213,22426400,1.439946082699521,1.6364272520737455
2015-02-19,78.86907958984375,79.28616432640685,76.41621220941086,76.45593564762703,45851200,2.8699521169959894,1.571168970305964
2015-02-20,79.34574890136719,79.7826915447347,78.65060013558173,78.99817830670982,36931700,1.1320914091529772,1.4810836475664442
2015-02-23,78.2930908203125,79.63373206054715,77.83628270551343,79.40532421491254,24139100,1.79744935503372,1.4399428656428188
2015-02-24,77.90579223632812,78.92865352885998,77.55822168860841,77.9554484187751,18897100,1.3704318402515696,1.4158258576271032
2015-02-25,79.00810241699219,79.643662231922,77.95545789410292,77.95545789410292,25593800,1.688204337819073,1.4413618228376481
2015-02-26,79.85220336914062,80.8055429865547,79.16698744118341,79.32587358918418,31111900,1.6385555453712897,1.5037827303437277
2015-02-27,78.42220306396484,80.66652804449929,78.07463245505865,80.12034024731025,30739200,2.5918955894406395,1.5860653650567045
2015-03-02,79.19678497314453,79.30602252405271,77.97531398411236,78.45198762229991,21662500,1.3307085399403462,1.5832279769037285
2015-03-03,79.04781341552734,79.14711820039781,77.97530355539972,79.05774616695523,18635000,1.1718146449980935,1.6073454951670587
2015-03-04,80.33881378173828,80.58707957984225,78.30303120669738,78.74991418916706,28126700,2.28404837314487,1.6484868203386316
2015-03-05,80.64665222167969,81.42124021572533,80.48776606784806,80.66651772620244,27825700,0.933474147877277,1.645648905049092
2015-03-06,79.45499420166016,80.76583741248616,79.27624251034428,80.33881990414662,24488600,1.4895949021418886,1.682533883454193
2015-03-09,78.8889389038086,79.35567979561701,78.084552601906,79.12727193792354,18925100,1.2711271937110098,1.6435210056127332
2015-03-10,77.01205444335938,78.71019161175653,77.01205444335938,77.95546145586746,23067100,1.6981371683971531,1.6619632260197068
2015-03-11,77.03189849853516,77.88593330562438,76.72405138544588,77.26030632779047,20215700,1.1618819201785016,1.5399582119613149
2015-03-12,78.38248443603516,78.50165475631744,77.36956323128612,77.55824010114367,16093300,1.1320915250313135,1.5399582202383388
2015-03-13,77.50858306884766,78.8293513203505,77.14114697022076,78.05476326378579,18557300,1.6882043501297375,1.53215500560234
2015-03-16,77.52843475341797,77.57809093826275,76.82336087214864,77.41919720793554,19305400,0.7547300661141065,1.4881763074496643
2015-03-17,78.80947875976562,79.22656339333503,77.79655027656077,77.81641577899889,22170000,1.430013116774262,1.469734077375035
2015-03-18,80.34873962402344,80.67644469121583,78.62080436278599,78.7002512296988,36912400,2.0556403284298455,1.4995258475935032
2015-03-19,82.17597198486328,82.4242377612526,80.43811155013807,80.55728185033423,42099500,1.9861262111145237,1.4562566062844948
2015-03-20,83.21868896484375,84.01313488134127,82.49374958427562,82.81152946616864,44466300,1.5193852970656536,1.469733517507731
2015-03-23,83.84432983398438,84.37065214006462,82.72217109793537,83.33786545909886,27357300,1.648481042129248,1.5037811173028135
2015-03-24,84.71821594238281,85.47294606706278,83.9336951350723,84.12237956035996,32576500,1.5392509319904804,1.4505813000775
2015-03-25,82.34479522705078,84.92675792205634,82.34479522705078,84.90689999254727,37436100,2.581962695005558,1.5683304820152344
2015-03-26,82.43416595458984,83.18888841801389,81.57019837300861,82.14617676072943,32794800,1.6186900450052804,1.5775515636483337
2015-03-27,82.72216033935547,83.367645301597,82.30506807379889,82.80159963027408,18372600,1.0625772277981014,1.5626551375116975
2015-03-30,82.62284851074219,83.75493986083991,81.83833531364124,83.22861761974697,24527700,1.9166045471986735,1.5782599502832346
2015-03-31,81.649658203125,82.92077789758312,81.63972544962958,82.32494148786476,19734300,1.2810524479535417,1.5867721308385947
2015-04-01,81.10346984863281,82.14618924080239,80.30902383331068,81.92771412423573,22058200,1.8371654074917103,1.6371345510143374
2015-04-02,80.99422454833984,81.98728765492163,80.87506182449098,81.67944051635175,19664100,1.1122258304306456,1.595993228178688
2015-04-06,81.86811828613281,82.23554675680428,80.23949552964575,80.23949552964575,19062900,1.9960512271585316,1.6846590253961469
2015-04-07,81.74894714355469,82.84131494545314,81.64964235728566,82.07665975706509,17467000,1.191672588167478,1.6676347019242337
2015-04-08,81.709228515625,82.52353993323763,81.27227833859921,82.05679907622735,18966700,1.2512615946384216,1.6101790780819891
2015-04-09,81.5999984741211,82.22563311719959,81.14319032726085,81.92771113702214,15927300,1.0824427899387388,1.5456302622837188
2015-04-10,81.47090911865234,82.03695486239263,81.3418136249822,81.63972805109898,12529700,0.6951412374104393,1.4867556865940605
2015-04-13,82.43416595458984,83.35771489473882,81.35172328963384,81.36165604155173,26883100,2.005991605104981,1.5122921553780415
2015-04-14,82.94062805175781,83.10945453946718,81.8681256454088,82.59305747671553,19634200,1.241328894058384,1.4910120098114632
2015-04-15,82.1362533569336,83.0796679082906,81.6993031404537,82.97043035417062,22390900,1.3803647678369089,1.405183586442274
2015-04-16,81.73902130126953,82.49375137835561,81.58013514510256,81.89791503390667,13769700,0.9136162332530517,1.3548211713171148
2015-04-17,80.21963500976562,81.54041073471984,79.81248308358528,80.91478371701683,24215000,1.7279276511345643,1.4023462015554335
2015-04-20,82.51361083984375,82.57319977892496,80.67644558679486,80.97436755278996,28796800,1.8967541921301034,1.4009283190505357
2015-04-21,83.03994750976562,83.90390764480587,82.96050063541429,83.41730879822806,27171900,0.9434070093915778,1.3768107877246811
2015-04-22,84.04293823242188,84.15217579358618,83.0697405121032,83.73509105630674,45548000,1.0824352814829865,1.3229014930097722
2015-04-23,81.83833312988281,84.99626649217471,81.83833312988281,83.51660460503358,73728100,3.1579333622918995,1.4690234595712905
2015-04-24,80.96443939208984,82.36466210462187,80.91479077925506,82.19583560686549,29660400,1.4498713253668143,1.4300106094433107
2015-04-27,81.3418197631836,82.35474101077158,81.06375567076495,81.3020963214095,25446000,1.2909853400066282,1.4371043774318213
2015-04-28,80.1203384399414,81.33187674348807,79.67346303521,81.26236262327494,23775300,1.6584137082780614,1.4661866712632243
2015-04-29,79.91178894042969,80.8254051748908,78.96837444870708,79.45498082319914,26430300,1.857030726183723,1.521514380995009
2015-04-30,78.22357940673828,80.39839008563872,77.77670402888194,79.45498314284404,28999000,2.6216860567567863,1.6591247252340335
2015-05-01,78.44204711914062,79.20670989994599,77.5681543746899,78.6903128782258,24136400,1.6385555252560948,1.6328792909591132
2015-05-04,78.26332092285156,79.13722152798768,78.08456921511664,78.77971811251784,14692000,1.0526523128710323,1.6194023923028737
2015-05-05,77.02197265625,78.2533763720112,76.68433483437599,78.00511059364374,22311300,1.569041537635215,1.6328793044313241
2015-05-06,77.55823516845703,78.2633091382237,76.51552334407154,77.42913967871532,28663000,1.7477857941521648,1.6924628444955465
2015-05-07,77.88594055175781,78.39240486272497,77.02197291263386,77.45892310848555,19749400,1.3704319500911168,1.6669274372781575
2015-05-08,77.96539306640625,78.68039977450702,77.48871940218211,78.55129671103442,19943600,1.1916803723249103,1.6165650215777865
2015-05-11,77.4688491821289,78.48177014026449,77.38940232128346,77.9355900190088,18874100,1.0923678189810317,1.6272050794056045
2015-05-12,76.92267608642578,77.34969357394253,76.25732554760026,77.32983564319642,21285300,1.092368026342271,1.6279145611812678
2015-05-13,77.8958740234375,77.98524606806659,77.1113532447661,77.1808673605233,21512300,0.8738928233004941,1.4647688083961674
2015-05-14,80.80554962158203,81.28221568119372,78.12427462450226,78.39240591244544,49438000,3.157941056691456,1.5867737892050704
2015-05-15,79.86214447021484,80.9545125261395,79.62381141245177,80.8452825393712,27069900,1.3307011136877236,1.5896106301822914
2015-05-18,80.31893920898438,80.8154707491458,79.67345426795053,79.77275906068881,21613700,1.1420164811952702,1.5527251139620921
2015-05-19,80.07068634033203,81.12333852708299,79.99124703922374,80.6863882768667,17955400,1.132091487859256,1.5009437397960588
2015-05-20,79.9912338256836,80.53741397176066,78.90879113276397,79.91178696122766,23056900,1.6286228389966908,1.4300106528131948
2015-05-21,79.92171478271484,80.35865735732577,79.52448806141165,79.63372559918177,13402700,0.8341692959141227,1.3725544935744824
2015-05-22,79.98129272460938,80.74594787988623,79.69330355337104,79.79260833533996,19567900,1.0526443265151926,1.372553923120494
2015-05-26,78.77970123291016,80.04088809536154,78.5314354462766,79.87206917880366,16321300,1.5094526490849347,1.3682975739383312
2015-05-27,79.9912338256836,80.100471370193,78.87900045271049,79.04781935732684,14160900,1.2214709174825202,1.3307036541762136
2015-05-28,79.59400939941406,80.50762563787207,79.44504841833565,79.69331419464294,11982000,1.062577219536422,1.308714030565164
2015-05-29,78.64066314697266,79.5145558789183,78.33280845811292,79.39538558873362,16134600,1.1817474208053795,1.3080045340280546
2015-06-01,79.73304748535156,79.82241953916547,78.11435715124007,78.74991701104281,18119000,1.7080623879253949,1.3519827175240806
2015-06-02,79.88200378417969,80.78568732871794,79.00810334602231,79.2067205258175,18923300,1.7775839826956314,1.4009267144064634
2015-06-03,81.86811828613281,81.95749032176546,80.6863708607482,80.78567564805212,31775000,1.271119461017264,1.4293000456719471
2015-06-04,81.48082733154297,82.37457802686747,80.94457236846632,81.57019937048746,20863900,1.430005658401143,1.3058760886512104
2015-06-05,81.57020568847656,81.88798559012032,80.94457863799774,81.30208197440578,16143100,0.9434069521225865,1.2782122199679864
2015-06-08,80.11040496826172,81.43118081693822,79.57414994151026,81.2524291413544,16915500,1.8570308754279665,1.3292846766988933
2015-06-09,80.11040496826172,80.62680206504643,78.76977118961848,80.04089084867194,16497500,1.8570308754279523,1.3810660615252286
2015-06-10,81.5900650024414,82.02700759874911,80.24942380441368,80.26928930852353,21531200,1.7775837943354276,1.3917061297637099
2015-06-11,81.26236724853516,82.32494461882709,80.7956263106223,81.7390333638499,18656800,1.5293183082047932,1.441359630641615
2015-06-12,80.96443939208984,81.52055234525226,80.63672672620311,80.80555322395948,11417900,0.8838256190491478,1.4293011515368974
2015-06-15,80.15013122558594,80.36860634526336,79.51457137369039,79.99124505084758,18805100,0.8540349715729718,1.3824856031431858
2015-06-16,80.49769592285156,80.9445788829492,79.89192679968646,80.25936289001513,13693700,1.0526520832627426,1.3704271149846303
2015-06-17,81.22264099121094,81.64965847528549,80.77575800007932,81.19285030709636,18350300,0.8739004752061703,1.3569502046753266
2015-06-18,82.33486938476562,82.61292585446806,81.00416082429896,81.07367494172456,26782600,1.6087650301690957,1.3874514624870204
2015-06-19,81.9376449584961,82.40438586450708,81.55035092509779,82.25542487247601,23353200,0.8540349394092885,1.3264495018787272
2015-06-22,84.15216827392578,84.38057612953324,82.7320876821564,82.83140005722863,29383100,1.6484884473768346,1.317228392213099
2015-06-23,87.27037811279297,87.35975772706374,84.17202624550919,84.37063582493565,50667900,3.1877314815545503,1.4541292508229051
2015-06-24,88.24359130859375,88.63088532743633,86.84336864318556,87.05191857007357,41370200,1.7875166842507753,1.4796657526693073
2015-06-25,87.36968994140625,88.77983764547928,87.23065414489942,88.6408094254422,27302000,1.5491835005798578,1.522935506130541
2015-06-26,87.39948272705078,87.72718778133972,86.22766800387319,87.50872027063707,38214600,1.4995197774665314,1.4973989991332957
2015-06-29,85.20482635498047,86.89303077953736,85.13531223341568,86.00920512972603,35957900,1.75771854612168,1.4903052613257048
2015-06-30,85.1750259399414,86.09857500392408,84.97641633377192,85.99927020083933,23016500,1.1221586701521602,1.4434891810269
2015-07-01,86.30712127685547,87.33990027686963,85.89002899924803,86.16808546667265,25260000,1.4498712776215967,1.4378143931281002
2015-07-02,86.68448638916016,86.83344738230971,85.74107181686014,86.79372394570511,16908800,1.0923755654495722,1.4527108178709878
2015-07-06,86.94267272949219,87.57823247297253,85.79071595914044,85.89002074847117,24635900,1.787516513832088,1.519388070889496
2015-07-07,86.61495971679688,87.24058670559285,84.63876638505457,87.1909380993854,33059900,2.6018203205382804,1.6300429449806058
2015-07-08,85.05584716796875,86.14821494885634,84.8572300227814,85.69140687962951,24399300,1.290984926074941,1.6598346914712323
2015-07-09,85.28426361083984,86.99233350148687,85.05586332108521,86.12837337937113,23307400,1.9364701804016562,1.6832422022021294
2015-07-10,87.33989715576172,87.60802843724696,86.16808238743977,86.74406080736264,23245900,1.4399460498071903,1.7250929958019796
2015-07-13,89.47499084472656,89.59416115364563,87.80664440221341,88.04498502005156,29976700,1.7875167514322214,1.735023588948793
2015-07-14,89.05789947509766,90.17013287917337,89.02810879421111,89.83248748402869,26627800,1.1420240849622587,1.5889016320493436
2015-07-15,89.13734436035156,90.35880770836943,88.79969897271236,89.37567737861626,30886600,1.5591087356570625,1.572586778578364
2015-07-16,90.21977996826172,90.2297127205466,89.14727001559694,89.65373431154477,21804100,1.0824427049496563,1.539248150319064
2015-07-17,94.31121063232422,94.72829534610179,91.8980668219387,91.9079995750679,54001600,2.83022852416309,1.634298775083104
2015-07-20,97.2308120727539,97.9160204619744,94.69849812896061,95.18509692812565,54860500,3.2175223330137896,1.738570474146826
2015-07-21,97.70748138427734,98.55158353492324,96.46615246377736,98.26359431619079,39453300,2.0854310711458766,1.8073756456463772
2015-07-22,96.36685180664062,96.90310683251776,95.25461831854685,96.06892982232974,28299500,1.6484885139709178,1.8215625910999
2015-07-23,94.77794647216797,96.77399788567463,94.15231185845276,96.28739907892862,29418800,2.6216860272218696,1.9307990526550642
2015-07-24,96.27747344970703,97.08185978736003,95.21489613715043,96.67470024186679,33444900,1.8669636502095983,1.9364738481106005
2015-07-27,93.51675415039062,95.93983063840301,93.17911631922588,95.91003995641442,38585400,2.7607143191771257,1.9478234194419468
2015-07-28,94.62897491455078,94.89709859298786,92.6627068256241,94.18209201519635,35236000,2.2343917673637606,2.015209622391148
2015-07-29,96.31719207763672,96.60518129816202,94.08280000682674,95.65184159045955,64648300,2.5223812913352788,2.057060416029264
2015-07-30,94.54954528808594,95.14538168601892,91.16320375434312,94.25163087735488,86211300,3.982177931675807,2.2386484075913082
2015-07-31,93.35786437988281,95.66177047443759,93.29827544173789,94.29133854415754,46509000,2.363495032699703,2.279789713396128
2015-08-03,93.4869613647461,94.42044312055941,92.15626042272913,92.88119225637409,29343100,2.264182697830279,2.3599439000295583
2015-08-04,93.40752410888672,94.07288222483326,92.68259220064365,93.13940037296132,20136000,1.3902900241896106,2.347885420639026
2015-08-05,95.77102661132812,96.41651169201575,94.5197647379932,94.58927886559671,29813200,1.8967469540225466,2.406050009858518
2015-08-06,94.46015930175781,98.05504266558745,93.76501062633476,96.50586674422307,42271300,4.290032039252694,2.5103216895077756
2015-08-07,93.64586639404297,94.73823444078265,92.96065033520543,94.71836893319451,23199100,1.777584105577219,2.4074689589765916
2015-08-10,93.49689483642578,95.23475530707879,92.98049776803691,95.0162802071043,21624200,2.2542575390418733,2.4195279923977346
2015-08-11,92.97058868408203,94.10268023765741,92.25558189730354,93.07982625297717,22491000,1.8470983403538668,2.433714408567945
2015-08-12,93.53662109375,93.78488688276497,90.55743162557037,92.05695153616195,27050500,3.227455257194592,2.476983639280282
2015-08-13,92.78189086914062,94.07287600115139,92.70244399839244,93.39759275273309,17451800,1.370432002758946,2.441517093033807
2015-08-14,93.76502227783203,94.06294425810104,92.56341675662952,92.89112941963131,15929700,1.499527501471519,2.3514323203405496
2015-08-17,93.2784194946289,93.80474173785551,92.74216449875547,93.76501830373854,18313500,1.0625772391000368,2.2677312826074263
2015-08-18,94.50981903076172,95.18510228199116,93.38766038853703,93.42738382407649,22278800,1.7974418934541347,2.2159498970444877
2015-08-19,94.64884948730469,95.43337031055424,93.50683288875474,93.97356622023361,23251300,1.9265374217994946,2.0691184320533225
2015-08-20,89.93180084228516,94.11259599928623,89.83249603771765,92.89113250781105,44598200,4.280099961568581,2.2060187841153853
2015-08-21,85.4630126953125,88.56137246645943,85.01613730614822,86.91288399244422,62778700,3.545235160311208,2.2975225314354515
2015-08-24,81.52054595947266,81.52054595947266,71.50054295194104,76.49564911537614,83710700,10.020003007531614,2.913930601674166
2015-08-25,82.42424011230469,87.06184312918627,82.42424011230469,86.34683646055511,52021200,4.6376030168815845,3.109706034735526
2015-08-26,86.5851821899414,86.8533059183045,82.68244353984392,85.3537783760203,45124300,4.170862378460583,3.101193916107518
2015-08-27,89.10755920410156,89.43526428335441,86.58517791031622,88.48192457472595,42431400,2.850086373038195,3.1778012209261592
2015-08-28,90.37867736816406,90.84541825039135,89.16713914020484,89.25651118498688,33215900,1.6782791101865087,3.1366599045793473
2015-08-31,88.80962371826172,90.41838849356694,88.27336879315999,89.9715056010808,32850700,2.145019700406948,3.157940001725996
2015-09-01,86.62490844726562,88.76992107342308,85.89996895939453,86.24753957283774,36097400,2.8699521140285498,3.1324040629284218
2015-09-02,89.2664566040039,89.2664566040039,87.02213149566482,88.1939464556148,27190500,2.2443251083390834,3.1948249990412885
2015-09-03,87.53850555419922,89.19691895700335,87.12142090974599,89.13733760107273,27048200,2.075498047257355,3.2359657523117056
2015-09-04,87.64775085449219,87.77684632926636,86.09856727485136,86.59509882217223,27328700,1.6782790544150004,3.2799444534056312
2015-09-08,88.90894317626953,89.61401710810543,88.21380199740895,89.0678369179923,27012500,1.4002151106964789,3.2515711117800845
2015-09-09,89.81263732910156,91.34195555089562,89.5445060249748,90.15027517699941,32551100,1.7974495259208254,3.242350547788751
2015-09-10,91.34195709228516,91.42139639070874,89.00825249520057,89.44520273064977,26437400,2.4131438955081705,3.1089965430701505
2015-09-11,91.41146087646484,91.4412515570637,90.497837071436,91.04402480398204,21185000,0.9434144856276987,2.9231522091641855
2015-09-14,91.6696548461914,91.97750956761935,90.96458093506486,91.6696548461914,20127900,1.012928632554491,2.2797897538086764
2015-09-15,92.25556945800781,92.60314005014048,91.15326873976515,91.72924719328253,18859400,1.449871310375329,2.052094631915373
2015-09-16,92.80175018310547,92.950711173863,91.98743868696441,92.25556998562213,16321200,0.9632724868985889,1.822981068232373
2015-09-17,93.68556213378906,94.84745163105669,92.25555652991059,92.72229736385584,27841800,2.5918951011460933,1.8045388345257944
2015-09-18,93.74516296386719,94.5296837622849,92.40452922539464,92.55348263685892,62300000,2.125154536890264,1.8364585078617768
2015-09-21,94.8871841430664,95.82065832383194,93.86432276526929,93.96363513844187,28790000,1.9563355585626425,1.8229810691586121
2015-09-22,92.31513977050781,94.02320942044797,91.28235329434702,93.11951841263112,36888900,2.740856126100951,1.8137599271637836
2015-09-23,93.3181381225586,93.66570868259303,92.15625614624204,92.75209247436823,21701400,1.5094525363509916,1.7612690291646342
2015-09-24,93.75508880615234,94.11258454378638,91.60013616933902,92.41444759002714,29106000,2.5124483744473594,1.7924797668210632
2015-09-25,92.12646484375,95.18510115586582,91.42139091832529,95.12551979149686,28961600,3.7637102375405362,1.9414391370443158
2015-09-28,88.59117126464844,91.6498078806182,87.56831733352503,91.44126550813907,41199900,4.081490547093168,2.1329588110726507
2015-09-29,86.06877136230469,89.43525444238105,85.12536451033084,88.48191483865294,42281800,4.309889932050211,2.3124188400818926
2015-09-30,89.27637481689453,89.39553754076995,87.39948615115425,87.8265035901384,36169100,1.996051389615701,2.2826265182324303
2015-10-01,90.31907653808594,90.31907653808594,87.74704701280262,89.42532590204533,29283700,2.5720295252833125,2.3989561639221173
2015-10-02,91.43132019042969,91.56041566713797,87.75698971579452,88.28331195160477,37881700,3.8034259513434563,2.5982774009784717
2015-10-05,93.35786437988281,93.61605533145337,92.01723070691033,92.2952871633526,27292500,1.5988246245430418,2.608916923419023
2015-10-06,92.15625762939453,93.51674921149208,91.69944194146021,93.4273771702463,22172800,1.8173072700318755,2.669919407928543
2015-10-07,91.75902557373047,93.01028711412064,90.73617186410209,92.46409941651828,24129300,2.2741152500185535,2.647220847133719
2015-10-08,91.82854461669922,92.57334192991809,89.8424184481156,91.25256620945716,27290500,2.730923481802492,2.6904900574845922
2015-10-09,92.59320831298828,93.08973990047434,91.60014513801616,92.25557047020372,20012900,1.4895947624581822,2.6571514291914164
2015-10-12,93.60613250732422,93.94377033392429,92.02715819504104,92.67265074312573,18449600,1.9166121388832522,2.5982768586758667
2015-10-13,93.46710968017578,94.7084386611661,92.90106396790304,93.01030152434785,19480300,1.807374693263057,2.6195570127410144
2015-10-14,93.41744232177734,94.53960085890284,92.96063422056334,93.42737507384959,19253400,1.5789666383395087,2.552879745876168
2015-10-15,95.2943344116211,95.63197980625294,94.24168994738746,94.33106198991135,27557500,1.3902898588654864,2.38334971882795
2015-10-16,96.8633804321289,96.91302904368094,94.68856971203328,95.51281394379663,25412900,2.224459331647651,2.250704632010413
2015-10-19,97.78693389892578,97.88623870300471,96.2476829180544,96.5058814698363,23729900,1.638555784950313,2.0598950500747057
2015-10-20,96.32711791992188,98.89914763798534,95.89016774406215,98.04512036698583,30881800,3.0089798939231827,2.132247086096669
2015-10-21,96.43636322021484,97.49894048895176,95.80080340955747,96.69456176094145,21917800,1.6981370793942858,2.0698261971045957
2015-10-22,98.97859954833984,99.03818848765785,96.87331057870568,97.11164360656664,26392100,2.164877908952164,1.9527870512195034
2015-10-23,101.48111724853516,102.13653493303816,99.46520043461464,101.20306080199025,42809700,2.671334498423519,2.029394899353823
2015-10-26,103.05016326904297,103.08988670557908,100.84556936481964,101.49105437323678,25961200,2.2443173407594372,2.059895618691506
2015-10-27,102.98064422607422,103.37787099597453,101.68966669448629,102.22592169738114,23795500,1.6882043014882413,2.0180448366536266
2015-10-28,103.4771728515625,103.75523688611422,102.20605328520702,103.17925846496244,24081500,1.5491836009071989,1.9336348451611056
2015-10-29,104.15245819091797,104.39079879681978,102.8018917300226,103.23884193103886,20316700,1.5889070667971765,1.9407285811853197
2015-10-30,101.26265716552734,103.99358100461288,100.94487724003805,103.78503863880469,33487100,3.0487037645748245,2.0215922687347176
2015-11-02,102.59334564208984,102.75223937356513,100.4781239829985,101.01437896202239,24003900,2.274115390566635,2.0549308899706875
2015-11-03,101.86842346191406,102.93100076812225,101.68967178533367,102.50398329498414,21242300,1.2413289827885734,2.030813914574192
2015-11-04,103.21897888183594,103.41758846709816,101.76910769530565,102.47418157239757,43469300,1.6484807717925065,2.049256122640408
2015-11-05,108.00553131103516,109.88241972816503,107.2011451490729,108.04525473922199,63232900,2.6812745790921326,2.0818857831721567
2015-11-06,106.35706329345703,107.98568627544724,105.1753232809154,107.29054509159923,35084300,2.810362994531829,2.165586298142265
2015-11-09,105.75128936767578,107.49908257764784,105.12566233054996,106.25775367952258,26383500,2.373420247097883,2.120189180511886
2015-11-10,107.16145324707031,107.3997862929876,104.50996875241574,105.22497546663851,25031700,2.8898175405718547,2.205309213453141
2015-11-11,108.25381469726562,109.10784960129386,106.36699322147138,107.51894252074894,25057100,2.740856379822489,2.2464505328010214
2015-11-12,107.27068328857422,108.63118259703732,107.2508253582662,107.72749902683903,20924700,1.3803572387711256,2.154237871397279
2015-11-13,103.2289047241211,107.49907902306168,103.10974200278233,106.96282404762705,30278400,4.389337020279356,2.307453562791559
2015-11-16,103.31829071044922,103.44738619201408,99.77305557915065,102.60328403246119,49309200,3.6743306128634288,2.4493197278897867
2015-11-17,104.40072631835938,105.4633035866798,103.41759592045761,103.8942695664991,26807200,2.045707666222185,2.484785732555143
2015-11-18,107.02241516113281,107.13165271662808,104.65892752940111,105.06608706833275,23836500,2.4727251872269704,2.5479155983001283
2015-11-19,105.52289581298828,106.9826999023798,105.21504107464906,106.61526379760691,25520600,1.7676588277307417,2.4564123885255507
2015-11-20,106.57553100585938,107.12171873845922,105.88038987025061,106.09885738682041,22129600,1.2413288682086119,2.382641922642835
2015-11-23,106.2081069946289,106.72450410527047,105.34414685318289,106.44644761945008,19897200,1.3803572520875775,2.3925725133070492
2015-11-24,105.0064926147461,105.75128995777729,103.66585891258403,105.26469114840862,23577300,2.0854310451932605,2.423783247121389
2015-11-25,104.67879486083984,105.86053490907413,104.37094011886258,105.59241118048325,15150800,1.4895947902115552,2.3386632622013477
2015-11-27,104.71852111816406,105.22498551853168,104.13261741254932,105.04623382290026,5913100,1.0923681059823593,2.2159493415906715
2015-11-30,103.51689910888672,105.36399714678059,103.0303002939703,105.10579861017435,20383200,2.3336968528102915,2.213111956284415
2015-12-01,106.37691497802734,106.40670565682575,103.77508710023402,104.1027997199559,22781900,2.6316185565917323,2.194669171714406
2015-12-02,105.33421325683594,107.17137866042367,105.0561567732405,106.25776233533271,24429100,2.115221887183168,2.1499809936687404
2015-12-03,103.65592956542969,106.10879677463384,102.6330757262974,105.53281832541371,23236500,3.475721048336439,2.29964983720912
2015-12-04,105.44344329833984,106.98269417826579,103.38780292518626,104.08294408462162,21224700,3.594891253079524,2.2429037109805603
2015-12-07,104.87739562988281,106.08893383604848,103.93398870618081,105.74136326291988,15474900,2.15494512986767,2.1343761764808633
2015-12-08,105.75128936767578,106.16838163556332,103.22890813750881,103.27856432402194,20401800,2.939473498054511,2.198216593040315
2015-12-09,103.87440490722656,105.7016450593951,102.83169313624808,105.44344651666539,23517300,2.8699519231470276,2.2265899313203192
2015-12-10,104.68871307373047,105.6619182722441,103.68572477010007,104.321284565528,17454300,1.976193502144028,2.2414852652069825
2015-12-11,101.41160583496094,103.61619953827888,101.20306349450397,103.42752270251503,26427700,2.4131360437749123,2.3251857777474325
2015-12-14,103.93399047851562,104.0134297705352,100.75618392715096,101.58042814067586,24648100,3.25724584338424,2.459249248554337
2015-12-15,103.82475280761719,105.06608171456396,103.55662152089326,104.56955015178525,21764300,1.509460193670705,2.418108473445583
2015-12-16,106.0492172241211,106.34713163033607,103.46725448790427,104.63906933587963,22680500,2.879877142431795,2.5174143557470288
2015-12-17,105.4831771850586,107.00256271014594,105.39379755486286,106.74436414971186,21675700,1.6087651552830806,2.5542998592685087
2015-12-18,103.31829071044922,105.8505971891079,103.24877659322652,105.34414043925848,35994200,2.601820595881378,2.573451555202158
2015-12-21,104.04322052001953,104.42058935735795,102.88133847935944,104.1822563282029,16138800,1.5392508779985121,2.4954252924454994
2015-12-22,104.77809143066406,104.92705241327295,104.08294270397933,104.49010221801228,14597100,0.844109709293619,2.4046315654533887
2015-12-23,103.9041976928711,105.37393453146132,103.13954237867624,105.15545941984256,19599700,2.2343921527850767,2.3159652157711483
2015-12-24,104.29149627685547,104.58941827414694,103.7751067348842,104.01343978683471,6501800,0.8143115392627323,2.117352379069949
2015-12-28,105.19517517089844,105.24483135680978,103.80488530655337,104.29148410730956,13069700,1.4399460502564096,2.0662810162405734
2015-12-29,106.51595306396484,106.99261912183532,105.5129571848431,105.68177609798596,17179900,1.4796619369922155,1.9620087618789808
2015-12-30,105.4831771850586,106.50603109664178,105.32428343203111,106.2577652898897,13115000,1.1817476646106684,1.841422743412098
2015-12-31,103.93399047851562,105.43351034479397,103.89426704427065,105.26469143160561,18391100,1.5392433005233244,1.810212014724905
2016-01-04,101.51091766357422,101.53077559317333,99.05805044043295,101.24278636692692,37912400,2.472725152740381,1.8144683796510097
2016-01-05,102.01737976074219,102.99057739564239,100.96472767977583,102.17626592346303,23258200,2.0258497158665563,1.7265115133997466
2016-01-06,102.25570678710938,103.0501527069931,100.2000665099993,100.42846677608372,25096200,2.8500861969938,1.8222705136371107
2016-01-07,97.2407455444336,100.72639945550415,96.62505121685403,99.80285038766395,45172900,4.101348238650118,1.9095184490812767
2016-01-08,96.65483093261719,99.80283906281281,96.35690897945362,99.18713722862745,35402300,3.445930083359187,2.040744515372427
2016-01-11,96.83358764648438,97.91602281833494,94.72829108946931,97.23081441262482,29932400,3.1877317288656286,2.082595310585588
2016-01-12,98.68069458007812,99.26659824127886,96.87331982857685,98.31325846233577,28395400,2.393278412702003,2.1435972773501226
2016-01-13,94.77794647216797,99.88229029611284,94.54953862122251,99.88229029611284,33410600,5.332751674890332,2.4642145606070307
2016-01-14,97.6876220703125,98.18415363147334,91.80868262805072,95.18509875923849,48658600,6.375471003422618,2.760005907081141
2016-01-15,94.31121063232422,95.71142576471196,92.89112999367808,93.32808021371405,46132800,2.8202957710338836,2.9032904950647946
2016-01-19,94.59919738769531,96.74420984279912,93.26848883259555,95.86038424917929,30998300,3.4757210102035714,3.0487029922038777
2016-01-20,93.69550323486328,94.3409957738733,88.75005317290886,92.18605063612823,59051400,5.590942600964439,3.3423658967733223
2016-01-21,93.50682830810547,95.32412808470184,91.97751017299491,94.25162565839805,30518900,3.346617911706929,3.4969994858516267
2016-01-22,97.26060485839844,97.38970033708118,94.82759565698095,95.74121948983004,30495400,2.5621046801002336,3.570061012964263
2016-01-25,96.33705139160156,98.78991840836588,96.25760452694821,98.03518834709915,32482000,2.5323138814176644,3.574317350726926
2016-01-26,96.66475677490234,97.20101174841271,94.99641807038569,97.08184902750155,26877100,2.204593678027024,3.587084776595531
2016-01-27,93.79480743408203,97.17122351348279,93.57633991475718,97.11164215152786,58699400,3.594883598725602,3.6402845910049453
2016-01-28,108.3531265258789,109.57459002094635,104.08295172867909,106.45637217423615,107475300,5.491638292267254,3.7395910234061693
2016-01-29,111.4316177368164,112.05724480829751,108.08499211616693,108.23395310741599,62739500,3.9722526921305814,3.7771854954612687
2016-02-01,114.29164123535156,114.91727590677452,111.23301230578218,111.49120328539796,46132700,3.684263600992338,3.8126520577560337
2016-02-02,113.8149642944336,116.77428813634263,112.4147416646162,114.00364871088367,59778600,4.359546471726432,3.953099776257779
2016-02-03,111.90829467773438,114.53990610232519,108.98868643886492,114.47039198123167,56919300,5.551219663460273,3.968704632584203
2016-02-04,109.72354125976562,111.16348731983648,108.49214512076767,111.0244590901014,38890200,2.6713421990688033,3.704124003701788
2016-02-05,103.34807586669922,108.81985563484255,102.464250319352,108.75034152133671,76894700,6.35560531549055,3.956646114020121
2016-02-08,99.05805969238281,101.96773533277181,96.78394392911545,99.71348507742965,71229700,5.1837914036563575,4.078651142123891
2016-02-09,98.8495101928711,101.6896715037443,96.14837712156755,96.46615703722263,62709000,5.541294382176744,4.075104840781913
2016-02-10,100.29937744140625,102.53376951312075,99.5446473313265,100.84556520063578,45179400,2.9891221817942437,4.0495694315024355
2016-02-11,101.20307922363281,104.38087858611823,98.19409121845503,98.90909796913206,43670600,6.1867873676632,4.308475337756933
2016-02-12,101.30237579345703,103.5169024131828,100.38875192164181,103.02037082965155,36176800,3.1281504915409926,4.351035095622885
2016-02-16,100.9051513671875,103.20905766550335,99.54465206901862,103.07996217830066,45687200,3.664405596484727,4.455307375512722
2016-02-17,104.47024536132812,104.98664246692557,99.70354655853008,101.31230408976839,44073400,5.283095908395495,4.575893969060571
2016-02-18,102.75224304199219,105.26469154300024,102.31529284130544,105.06608194803556,29593500,2.949398701694804,4.394305426876825
2016-02-19,103.84461212158203,104.29148750345523,101.35202152177449,101.83862791484677,32404500,2.9394659816807405,4.320534947558978
2016-02-22,106.41665649414062,107.49909174894822,104.60927419086165,104.75823518663938,35709700,2.8898175580865626,4.263788801637138
2016-02-23,104.72844696044922,106.7245061671821,104.39080910013591,106.10880423920523,25319300,2.333697067046188,4.119085272731406
2016-02-24,106.13858032226562,106.20809443550067,102.02729973614754,103.48710369055341,34412400,4.180794699353129,4.021197775295181
2016-02-25,107.3203353881836,107.3203353881836,104.87740092398673,106.36699566384853,29906300,2.442934464196867,4.004882937090043
2016-02-26,107.17137145996094,108.69075684071882,106.41664893418645,107.94595949121238,26686200,2.2741079065323646,3.713347407878744
2016-02-29,106.17830657958984,108.15450763614403,106.00948766816671,106.85358980175266,32779000,2.145019967977319,3.496292305330241
2016-03-01,109.0582046508789,109.0582046508789,106.85360304711426,107.08201092582995,26817300,2.204601603764644,3.257957106872234
2016-03-02,109.18730163574219,109.78314564871371,108.01548669415428,108.91917789108209,25670200,1.7676589545594368,3.1707097334983194
2016-03-03,108.81986236572266,109.53486904970559,107.78707577513293,109.4852128613571,21353100,1.7477932745726577,2.853638726848995
2016-03-04,107.63811492919922,109.28660340573006,107.18130678637601,109.28660340573006,24938900,2.10529661935405,2.780577735978499
2016-03-07,104.9965591430664,107.32032303302357,103.99356334561672,107.32032303302357,31436400,3.326759687406849,2.7564601710443646
2016-03-08,105.19517517089844,106.62518846867854,103.6757898302422,104.05315108316962,25617000,2.9493986384363495,2.589767508904426
2016-03-09,106.76421356201172,106.76421356201172,104.75822190304106,105.95982731739853,20493300,2.0059916589706575,2.5223812915669868
2016-03-10,106.57553100585938,107.90623949234347,105.03628017869265,107.16144217141832,24854300,2.869959313650824,2.51741652956485
2016-03-11,108.65103912353516,108.66096429963336,107.17136962610952,107.72749012289157,20697600,1.4895946735238397,2.4174006092389413
2016-03-14,109.1277084350586,109.56465864347783,108.01547498475081,108.52193931028486,17249400,1.5491836587270171,2.3613639372161432
2016-03-15,109.90229034423828,110.06118407533279,108.08498307131293,108.35311434841738,17618500,1.976201004019856,2.2038929589780523
2016-03-16,111.40181732177734,111.71959720632765,109.3362442839653,109.7235382814963,24744800,2.3833529223623486,2.199637134561301
2016-03-17,110.24987030029297,111.90829155984004,109.96188864697976,111.37203653642892,24241200,1.9464029128602789,2.176229635013295
2016-03-18,110.6768798828125,111.64015230568926,109.50506511732378,110.78611743034307,36256900,2.1350871883654747,2.175520150755306
2016-03-21,111.0740966796875,111.5904936901581,110.25978531068652,110.88541985889245,18448000,1.3307083794715737,2.1130992061629437
2016-03-22,111.4713363647461,112.0969634092416,110.39882636577916,110.58751078498734,19001100,1.698137043462438,2.108133355370301
2016-03-23,111.75933074951172,112.40482332928266,111.22307572523142,111.23300847840443,18562000,1.181747604051239,2.067701521761628
2016-03-24,112.26580047607422,112.30551633772983,110.90530113200047,111.3521765521017,17839100,1.4002152057293529,2.0173385636455783
2016-03-28,112.90135192871094,113.79510270238202,112.16647974277748,112.53391583574421,21351800,1.6286229596045416,1.8960430830882709
2016-03-29,115.3343505859375,115.5131022512709,112.85169277656831,113.04037719455089,29825300,2.6614094747025803,1.8754724285358588
2016-03-30,113.90433502197266,116.17845043978348,113.56669720324793,115.92025948774817,33235200,2.6117532365355487,1.9187411126476366
2016-03-31,113.30850982666016,114.21220097713642,112.9807971516652,113.90434623253313,21207500,1.2314038254712187,1.801701434920522
2016-04-01,115.25489807128906,115.36413561566734,112.56369804695257,112.96092479228537,24760500,2.80043756871477,1.8953330702913027
2016-04-04,111.7692642211914,113.75539058619546,110.83578240516884,113.27871692494733,48487900,2.919608181026618,1.9932205361698456
2016-04-05,111.44154357910156,112.53391148640199,111.12376368649652,111.33230603072448,22962400,1.4101477999054737,1.9527881644473897
2016-04-06,112.92120361328125,113.02050840747843,111.64015131166819,111.68980749700185,20814600,1.3803570958102398,1.8811456054079534
2016-04-07,112.85169219970703,114.09302109804635,112.28564652512311,113.00065318280181,20714500,1.807374572923237,1.8712150096981648
2016-04-08,109.8625717163086,113.53690985563026,109.13763987177778,113.45746298660839,48497800,4.399269983852477,2.0329423522329506
2016-04-11,108.23394775390625,110.1406347099374,108.01547265441006,109.93208478662167,39762300,2.1251620555273405,2.0896890433797912
2016-04-12,109.84269714355469,110.38888481473177,108.23393238374432,108.58150291246187,26248100,2.15495243098745,2.122318713917292
2016-04-13,109.743408203125,111.868562687179,105.78108087433512,111.45147799250755,88227400,6.087481812843876,2.472728300259623
2016-04-14,110.07111358642578,111.26279388715969,109.49514272969833,109.85264606227146,28473300,1.7676511574613585,2.4989737253833377
2016-04-15,108.87944793701172,110.20022380281422,108.44249770736977,110.02147212491259,20922800,1.757726095444454,2.5081953779433315
2016-04-18,109.68380737304688,110.04131066585803,108.4424785998052,108.97873353902195,21167200,1.598832066052836,2.432296991611207
2016-04-19,111.51107025146484,111.6699564274249,108.40278509012312,110.32932259128901,30210500,3.2671713373017894,2.479112570237367
2016-04-20,111.64015197753906,112.48425409795493,110.78611710470318,111.65008472995908,21027900,1.698136993251751,2.512450653650262
2016-04-21,112.653076171875,113.24891249374994,111.53091006293279,111.76925065285869,20875200,1.718002430817151,2.4351338580861466
2016-04-22,109.7930679321289,110.9748155965088,108.25382447644928,110.43856054485249,38458200,2.720991120059523,2.4209469251599254
2016-04-25,109.33624267578125,109.90228832357543,108.3133889241944,109.10784241211991,21017900,1.5888993993810345,2.433714896551037
2016-04-26,108.00553131103516,109.7334587665817,107.39976229000708,109.72352601541769,22521500,2.33369647657463,2.5018105666056365
2016-04-27,108.13463592529297,108.18429210884786,105.57253141384588,107.19122904950898,52213100,2.6117606950019763,2.559266718182689
2016-04-28,115.9202651977539,119.95209917496474,115.42373362119216,118.75049366886178,87110100,4.528365553772588,2.5684878303198397
2016-04-29,116.76435852050781,117.0225494657093,115.03642330986385,116.00962845987493,37140600,1.9861261558454544,2.5585566946282765
2016-05-02,117.74749755859375,117.90639129952383,115.76137125579115,117.01263294796854,28095200,2.1450200437326856,2.5578472383957935
2016-05-03,116.61539459228516,117.34033395446919,116.20823510393541,116.70476663033082,24117500,1.1320988505337795,2.2038913125165007
2016-05-04,117.24103546142578,117.47937607735727,115.76137345908707,115.80109689507566,23448400,1.718002618270205,2.200344988288561
2016-05-05,116.99275970458984,118.15464927300334,116.43664680105522,117.22116754795303,22056700,1.7180024719481253,2.1975075866102523
2016-05-06,118.66111755371094,118.81007854637784,116.29762990692633,116.3472860966389,26395600,2.512448639451506,2.262765913281586
2016-05-09,118.41284942626953,119.44563602489241,118.07521158757952,118.71077140573657,21138100,1.3704244373128915,2.1272839918538073
2016-05-10,119.66410827636719,119.66410827636719,118.17451356753274,118.79021544138035,23220000,1.4895947088344457,2.1123881143954284
2016-05-11,118.69090270996094,120.2400863544979,118.59159791163086,119.57473587156888,22038400,1.6484884428670483,2.1074228295418496
2016-05-12,119.44563293457031,120.0017458669522,118.07520853271332,119.14771853928164,22035500,1.926537334238887,2.050676130554661
2016-05-13,118.97889709472656,119.80314135194888,118.84980160893917,119.5449428039033,18124300,0.9533397430097068,2.0052790122424233
2016-05-16,117.8468017578125,118.78028353984266,116.53595870770255,118.55187568253743,31247800,2.2443248321401086,1.9988953233542435
2016-05-17,116.53595733642578,118.18444577665827,116.3869963509335,117.99576135660335,21328600,1.7974494257247642,1.9407302326915854
2016-05-18,116.83387756347656,117.44957184883111,115.92026131158441,115.98977542691381,21642300,1.529310537246701,1.7265120172254507
2016-05-19,115.99970245361328,116.67498568893043,115.07615343437762,116.23804306123378,20544100,1.5988322545528177,1.6988481671331195
2016-05-20,116.53595733642578,117.1715171364871,116.13873056726985,116.14866332002812,18944800,1.0327865692172509,1.6194029189534456
2016-05-23,115.16552734375,116.78421744707677,115.13573666339278,116.6054657884633,20441000,1.6484807836839934,1.6562873427498894
2016-05-24,116.88352966308594,116.91332792180557,115.3144956450268,115.43365837402311,20183600,1.5988322767787793,1.647775175500502
2016-05-25,117.07220458984375,117.84679257137266,116.56574030327872,117.31053760497497,20019800,1.2810522680939442,1.6165644466537745
2016-05-26,118.64125061035156,118.9292398205697,117.10199976385086,117.41977965504496,18481300,1.8272400567188498,1.567620976458585
2016-05-27,118.55187225341797,119.01861313093255,118.18444374884122,118.73062391764759,13493600,0.8341693820913321,1.5293170439427592
2016-05-31,117.98583984375,119.2668923186702,117.30063136756192,118.63133245806236,23547600,1.966260951108282,1.5633646326766046
2016-06-01,117.95604705810547,118.25396905216502,117.00270728417433,117.67799057110109,15029500,1.251261767990684,1.5349912987568644
2016-06-02,118.10499572753906,118.61146003398802,117.39992183009495,117.86666270305084,13228300,1.2115382038930704,1.4839199323035916
2016-06-03,117.64820098876953,118.15466535282542,117.0424318179208,118.15466535282542,14135100,1.1122335349046182,1.495269488867514
2016-06-06,117.96598052978516,118.60154038294174,117.53896304315141,117.79716160114349,12744700,1.062577339790323,1.410858953699672
2016-06-07,116.94310760498047,118.47242562051466,116.85372799016926,118.41283668515057,17103000,1.6186976303453946,1.3980909683154314
2016-06-08,117.56874084472656,117.77728318839816,116.45650743534117,116.94311381371179,14505600,1.3207757530569921,1.383195626587595
2016-06-09,117.73756408691406,117.85673439188413,116.89346192867008,117.3105466313595,13859200,0.9632724632140537,1.3377984986348264
2016-06-10,115.81103515625,117.29069722896256,115.45353179182037,116.72465149802748,18510800,1.8371654371421897,1.3952541320580363
2016-06-13,113.15953063964844,114.67892345860406,112.52397089869318,114.20224986465274,31718200,2.154952559910882,1.431430687502814
2016-06-14,114.1426773071289,114.15260248325896,112.79211085935115,113.27870966618465,17618500,1.360491623907805,1.414406355154887
2016-06-15,113.8050308227539,114.63920777442036,113.27870858700341,114.50017954522099,19819400,1.3604991874169485,1.4200811351065303
2016-06-16,113.59648895263672,113.70572650124461,112.15655046858025,113.08009946723868,19236300,1.5491760326643629,1.4002194191026385
2016-06-17,112.23599243164062,113.63621509178526,111.77918429770938,113.62628233900163,24644300,1.8570307940758823,1.4732809485301064
2016-06-20,112.58357238769531,113.92420612900544,111.96787050528098,112.98079158773491,20785400,1.9563356237244562,1.4725719965741189
2016-06-21,113.58655548095703,114.41079967833633,113.17940354674465,113.3283645281278,19166300,1.23139613159168,1.4711530225456184
2016-06-22,113.11982727050781,113.94406392847353,112.82190529434727,113.85469188150772,14846300,1.1221586341262508,1.4647687675622743
2016-06-23,114.2817153930664,114.29164057005238,112.75239714894848,113.57664142704266,16176900,1.5392434211039046,1.4952694737193661
2016-06-24,111.30252075195312,112.8914202920994,110.2300107211779,110.23994347418619,40643100,2.661409570921492,1.609471775943021
2016-06-27,108.2140884399414,110.79605101377312,107.47922385906344,110.79605101377312,36130400,3.316827154709685,1.7307667419690418
2016-06-28,111.918212890625,111.96786907823237,109.78313319997702,109.86257249309011,26813800,2.1847358782553528,1.7924781794832103
2016-06-29,113.36809539794922,113.45746744675931,112.25586191733117,112.58357458257632,20968300,1.2016055294281358,1.8095019699270734
2016-06-30,113.48725891113281,114.38101728774156,112.8814897656797,113.87455294491814,23192700,1.4995275220618538,1.7853849759927638
2016-07-01,113.39788055419922,114.33135473876075,113.02051171813761,113.40780573038056,14980000,1.310843020623139,1.7250914374722106
2016-07-05,113.40780639648438,113.40780639648438,112.18634298961166,113.14961543778615,14207000,1.221463406872715,1.7151608505411329
2016-07-06,115.89046478271484,115.97984440459771,112.18634353330505,112.57363754969974,24337600,3.7935008712926646,1.888946685103684
2016-07-07,115.04637145996094,116.1586049836259,114.55977260806358,115.820959552177,16630200,1.5988323755623242,1.8924935667392526
2016-07-08,116.42671966552734,116.68491820168322,115.04636251589741,115.6223409517565,18142600,1.6385556857858035,1.8768882018613897
2016-07-11,117.05235290527344,117.87658953832869,116.68491682264302,116.8934591690645,17711600,1.1916727156856695,1.822269422715762
2016-07-12,117.11193084716797,117.89645159972476,116.75442752761121,117.8070719816005,15217700,1.1420240721135428,1.8158857041816094
2016-07-13,115.96992492675781,117.57869011656842,115.87062011721991,117.56875736267324,16207700,1.7080699993485098,1.8577365159831996
2016-07-14,116.47637939453125,116.82394998657682,115.89046818810814,116.6849217497586,14579700,0.9334817984686765,1.8144678286521116
2016-07-15,116.04936981201172,117.45951778205816,115.77131331949226,116.9232627279973,16646000,1.688204462565892,1.7449531780552832
2016-07-18,118.54194641113281,118.7802794366095,116.0791465596394,116.5061640008732,20868400,2.7011328769701066,1.700975015359599
2016-07-19,119.77334594726562,120.01167897950512,117.83687585443752,118.1645809325904,21541300,2.174803125067598,1.700265532989045
2016-07-20,121.07424926757812,121.352305718598,119.72368286850723,120.40889882028482,20046500,1.6286228500907782,1.7307667701792337
2016-07-21,119.77334594726562,121.25300790477196,119.41584261067112,121.07425623647472,17801700,1.837165294100842,1.7548837538963045
2016-07-22,120.16063690185547,120.17056965441607,118.48235781321857,119.06826899076903,18422400,1.6882118411975,1.781838669651616
2016-07-25,120.78627014160156,121.00474525033616,116.9629784681581,120.54793710319593,18487400,4.041766782178058,1.9832889107448548
2016-07-26,120.37911224365234,121.22321437772888,119.91237136647099,121.15370026260423,17612000,1.3108430112578873,1.8059562064566563
2016-07-27,122.4843978881836,124.13288625434697,120.66709819153724,121.57078166370442,52654200,3.465788062809736,1.9393101841171858
2016-07-28,124.13289642333984,127.43979860241059,122.77239715101058,126.63541228158725,78955800,4.667401451400011,2.1556563102324864
2016-07-29,123.08023834228516,124.96705209911673,122.85183050435329,123.7853122072063,35058800,2.1152215947634403,2.2216240873094697
2016-08-01,123.44767761230469,123.71580890532472,122.00773907702272,122.9908694729982,25006900,1.7080698283020013,2.262055927037217
2016-08-02,122.23614501953125,123.93428975004903,121.22322389441364,123.19941753078804,23968400,2.711065855635397,2.333698488200566
2016-08-03,121.66017150878906,123.06038664368106,121.46155432820352,122.23614239131025,18525300,1.5988323154775372,2.38122352512977
2016-08-04,123.49734497070312,123.92436246640247,121.66017949440456,122.0871969901039,21066000,2.2641829719979114,2.4223648472320574
2016-08-05,124.28185272216797,124.96706113255514,123.75553047343925,124.11303380775884,20184000,1.211530659115894,2.3159646888138994
2016-08-08,124.3910903930664,124.57976723668853,123.68601647649741,124.38115764030616,15233900,0.8937507601911108,2.224460948465579
2016-08-09,124.19246673583984,125.21532049909734,123.66614451408365,124.47052318684537,19621000,1.5491759850136901,2.218786172388644
2016-08-10,124.01372528076172,124.60956924076093,123.67608744146813,124.20240970652618,10670100,0.9334817992928066,2.154237351330927
2016-08-11,124.03357696533203,124.51024298844982,123.88461599193153,124.33149133566319,11729500,0.6256269965182923,2.078338433853841
2016-08-12,124.01372528076172,124.13289558805569,123.31858409605688,123.83497360805609,12159000,0.8143114919988079,1.8478059131267517
2016-08-15,123.04052734375,124.05344843580932,122.84191016537615,124.04352325924363,19295100,1.2115382704331665,1.8407127173535573
2016-08-16,122.44468688964844,123.0603811809557,121.92828981951997,122.64329648494683,14222400,1.1320913614357266,1.6740200958268423
2016-08-17,123.50727081298828,123.51719598976055,121.99781053181214,122.80219686214487,13794200,1.5193854579484167,1.4491618105803
2016-08-18,123.05045318603516,123.39802375808084,122.7823219044069,123.1497579814096,12400800,0.61570185367394,1.3420532576453357
2016-08-19,122.702880859375,123.29872481283303,122.42482438854559,122.74260429470358,11688300,0.8739004242874415,1.2824697287871527
2016-08-22,123.28878784179688,123.96407106633795,122.25600128800052,122.47447638659767,14386400,1.708069778337432,1.2108271518372982
2016-08-23,123.50727081298828,124.22226994060397,123.38810050348359,123.64629905250834,13309500,0.83416943712038,1.1562083748117868
2016-08-24,122.6234359741211,123.82504142625803,122.23613439144432,123.60656633014763,12243700,1.588907034813701,1.107974379298629
2016-08-25,123.03058624267578,123.50725986195846,122.24606548839041,122.26593099311519,10730800,1.2611943735680455,1.1115217874737826
2016-08-26,124.0931625366211,124.32157038045146,123.05045084036097,123.18947906652899,17504800,1.2711195400904955,1.1384767003237388
2016-08-29,125.66220092773438,125.8508853342146,123.48739039483472,123.48739039483472,15925900,2.3634949393798763,1.1966423399213235
2016-08-30,124.96705627441406,125.72178634824506,124.28184789066462,125.72178634824506,17804300,1.439938457580439,1.2328178155132972
2016-08-31,125.24513244628906,125.34443725015025,124.23220374808054,124.72873534385741,14200600,1.1122335020697136,1.2675754230526846
2016-09-01,125.2947769165039,125.75158506033556,124.72873121909616,125.50331927065723,13536100,1.022853841239396,1.282471305141298
2016-09-02,125.6324234008789,125.97999399409645,125.12595906420722,125.97006124101289,12118800,0.8540349298892238,1.256935352245302
2016-09-06,128.830078125,129.03862805366188,125.59269771311126,125.79130731239712,26278400,3.4459303405506176,1.4222095650392228
2016-09-07,130.1409149169922,131.06445627428977,129.04853950766648,129.13791154490053,27990800,2.015916766623292,1.4576760870874281
2016-09-08,129.36631774902344,130.17069633276716,128.9095021141029,130.0118026203654,15676600,1.261194218664258,1.5037826845867366
2016-09-09,126.21832275390625,129.04855116911745,126.21832275390625,128.81022571495706,27100700,2.830228415211195,1.6435203982241475
2016-09-12,127.79730224609375,127.86680878872218,124.87769409098692,125.08623644828444,21252800,2.9891146977352605,1.735023606752564
2016-09-13,126.32756042480469,127.45965936843584,125.78138024673687,127.14187189199872,18016200,1.6782791216989636,1.7953171556510341
2016-09-14,126.88367462158203,127.90653602451091,126.0097817820722,126.0097817820722,15691100,1.8967542424387176,1.817306241909964
2016-09-15,127.45964813232422,128.2044454175082,126.78435738089553,127.09221207743768,15077200,1.4200880366126682,1.8286557892702942
2016-09-16,128.17466735839844,128.2838897574908,127.31069211851924,127.31069211851924,24119200,0.9731976389715697,1.807375653476085
2016-09-19,127.757568359375,129.03862831025728,127.37027433646804,129.0088376279522,14958800,1.6683539737892374,1.757722727362468
2016-09-20,127.74762725830078,128.27394945066874,127.14185820537588,127.75755243351817,11083800,1.1320912452928553,1.7357336407704977
2016-09-21,129.03863525390625,129.10814179871122,127.49938425590501,128.23425648250316,14068300,1.6087575428062024,1.7711996436802468
2016-09-22,129.17764282226562,129.82312774089104,128.66124579560156,129.59472748316907,15538300,1.1618819452894797,1.7811302225409673
2016-09-23,127.07235717773438,127.70792455114766,126.41693945184284,126.67513041052747,28326300,1.2909850993048195,1.8123409489277955
2016-09-26,126.42686462402344,127.27097434548742,125.92040788290954,126.48645356380833,15064900,1.3505664625778735,1.6626721005011709
2016-09-27,127.79730224609375,128.11507458214362,126.54604052583787,126.72479220016014,15637100,1.5690340563057532,1.630751906907061
2016-09-28,128.3335418701172,128.57188247233285,127.50929766784618,128.3136915179713,12047600,1.0625848044866615,1.61656552018009
2016-09-29,127.20146179199219,128.39313460272191,126.66521433069347,128.2838970444834,14532200,1.7279202720284417,1.5378292242384646
2016-09-30,127.38021850585938,127.69799084433997,126.56589942379621,127.14187788729274,18402900,1.1320914205437589,1.4051847044390715
2016-10-03,127.87673950195312,128.1945118141064,126.91346708368111,127.48944549945801,13156900,1.281044730425279,1.3768108193480941
2016-10-04,127.3007583618164,128.3831934798632,126.66519859817114,128.2739559351926,14307500,1.71799488169205,1.364042293580475
2016-10-05,127.5788345336914,127.90654721836411,126.94327467179531,127.36035941057628,12386800,0.9632725465688026,1.3314126157201989
2016-10-06,127.8469467163086,128.16471902322994,127.1915214450494,127.53908443221526,11682700,0.9731975781805318,1.3314126113779818
2016-10-07,128.09519958496094,128.35339050538778,127.43977437971752,128.14484061174176,12804400,0.9136161256702593,1.2775027650837691
2016-10-10,129.3365478515625,129.79334840693522,128.30375370795826,128.78041976880746,15138700,1.4895946989769584,1.303038726061205
2016-10-11,127.98595428466797,129.73373957299094,127.34045429336143,129.32658013811204,17537900,2.3932852796295094,1.3590764215485842
2016-10-12,128.15478515625,128.7605542017062,127.5688816139229,128.11505414999175,11073000,1.1916725877833159,1.361204324583858
2016-10-13,126.93331909179688,127.36033650751244,125.8707419284772,127.32062065269828,17139300,1.4895945790352414,1.375390715993174
2016-10-14,126.99290466308594,128.05548186165333,126.69499028327839,127.5986813279091,13345300,1.3604915783749476,1.3760996528358223
2016-10-17,126.6552734375,127.57882245822654,126.43679833506377,127.31069116833827,11351700,1.14202412316277,1.345598943325609
2016-10-18,127.67813110351562,128.4924349727669,127.12200303441516,127.78735349860231,13504000,1.3704319383517287,1.367588024315971
2016-10-19,129.2074432373047,129.56494656686576,127.70792338014219,127.84695161091925,16752300,1.8570231867235663,1.3768096610799085
2016-10-20,129.09820556640625,129.75363086214145,128.60167400653546,129.16772725819968,13167500,1.151956855605988,1.3782286207272105
2016-10-21,131.15386962890625,131.21345099894842,128.80029944164252,128.87974631934625,19088800,2.413151557305895,1.459093394075826
2016-10-24,132.35545349121094,132.48455654777095,131.2332872991209,131.79934055978467,17470200,1.2512692486500612,1.4257558488585411
2016-10-25,131.372314453125,132.5739275045425,131.30280791373795,132.5739275045425,13336800,1.2711195908045454,1.4477449234468085
2016-10-26,130.13099670410156,131.34253503563718,130.0316994746127,130.7268406928031,13084700,1.3108355610244757,1.4718619222213758
2016-10-27,128.7903594970703,130.88572330330504,128.3732748016558,130.82614194009452,16741400,2.5124485016492315,1.5860642347913025
2016-10-28,130.3792724609375,132.04762666490572,129.0287057826559,129.59475913043144,24545500,3.01892088224983,1.6953018193107934
2016-10-31,130.0813446044922,131.20349563524212,129.97210705428387,131.0942580850338,15669000,1.231388580958253,1.612309197977132
2016-11-01,128.6016845703125,131.02476120599218,127.75757478801786,130.49843892153052,22077800,3.2671864179743153,1.7605601858479178
2016-11-02,126.28783416748047,129.32660486651906,125.40400860368858,129.32660486651906,39640900,3.9225962628304814,1.9343460204047207
2016-11-03,119.1675796508789,122.42482561576762,118.67104806900024,121.15370597839355,63766300,3.753777546767381,2.105295018147037
2016-11-04,119.9123764038086,121.08419123404336,118.42278166587309,118.76041950309923,30545500,2.6614095681702707,2.2138225499332873
2016-11-07,121.30267333984375,122.35531792424753,120.50821973651983,121.97795662972776,23008900,1.8470981877276955,2.247870139174428
2016-11-08,123.35830688476562,123.74560091085122,120.69689731425888,121.18349614099989,19460800,3.048703596592347,2.3329901684507695
2016-11-09,122.32551574707031,122.95114278678994,119.67403902803474,120.65716939801426,31916000,3.277103758755203,2.48478637581857
2016-11-10,119.9620361328125,123.31858698049423,114.47039033931125,123.07032118351115,67846700,8.84819664118298,2.9444324532383623
2016-11-11,118.19437408447266,119.8627204979536,117.33041398337384,118.70083841797687,32840100,2.5323065145797585,3.0359351150904836
2016-11-14,114.2817153930664,118.30361682543885,112.76232990240543,118.30361682543885,51377000,5.541286923033425,3.340947067392546
2016-11-15,116.38700866699219,117.66806115543392,115.02651687748937,115.92027530855002,34681400,2.641544277944547,3.4359976900296942
2016-11-16,115.53296661376953,117.06228481868037,113.4177447699262,113.68587607109288,32397900,3.644540048754166,3.516861371965761
2016-11-17,116.97290802001953,116.97290802001953,115.20525684531788,115.99970281041848,18597800,1.7676511747016548,3.4274849642837486
2016-11-18,116.20825958251953,118.30362367140184,116.0295078923054,117.56875897895327,22879300,2.2741157790964337,3.5019654784364755
2016-11-21,120.92529296875,121.10404463367487,116.98283874071674,117.38005792813173,35415400,4.12120589295813,3.5629668695067482
2016-11-22,120.62738037109375,122.12690782822521,120.06133468649678,121.55092939085414,26089200,2.0655731417284358,3.4303223608566022
2016-11-23,120.00172424316406,120.46846504579582,119.10797364187755,120.38902576724907,15672100,1.3604914039182745,3.2593733506530946
2016-11-25,119.54493713378906,120.2996672357175,119.23708998725935,120.17057175605319,8658600,1.0625772484581404,3.145171042102228
2016-11-28,119.5747299194336,120.8458494583145,118.98881875845157,119.28674071508244,18101300,1.857030699862932,3.145880507254745
2016-11-29,120.03154754638672,121.25301099717773,119.56480664634746,119.73362556613635,18891000,1.6882043508302615,3.04870198970031
2016-11-30,117.59854125976562,120.94516694096225,117.13180034776067,119.48536283795816,30188900,3.813366593201579,3.0870064778750512
2016-12-01,114.30155944824219,117.62831926420661,113.20919157118267,117.55880515138837,43277000,4.419127693023938,2.7706444101494054
2016-12-02,114.5994873046875,115.67199730893768,113.50711937138252,114.31149808633492,25070400,2.1648779375551612,2.7443995117905056
2016-12-05,116.61539459228516,116.75442281355829,114.27176518158123,115.14565794050802,20201500,2.4826576319770624,2.5259259910007654
2016-12-06,116.49622344970703,116.98282979708772,115.5230259078852,116.87359225595897,19131200,1.4598038892025187,2.4415159632334777
2016-12-07,117.13178253173828,117.13178253173828,115.76135826413378,116.18837567437187,21913700,1.3704242676045055,2.2790791217227877
2016-12-08,118.08514404296875,118.6710476709142,116.82394958640408,117.16159500071369,22442800,1.8470980845101224,2.2847539009948212
2016-12-09,118.84980010986328,119.10799865465215,118.12486066442668,118.3929919622957,17464700,0.9831379902254724,2.1925412017897523
2016-12-12,116.95304107666016,118.4128450848804,116.83387835041876,118.39298715599696,17805500,1.5789667344616447,2.010952690468575
2016-12-13,119.47542572021484,120.67703122825282,116.79415823305185,117.04242402173251,29768000,3.8828729952009695,2.14075982285947
2016-12-14,119.3761215209961,120.84585833103162,118.02555501765663,119.16757916663097,25913100,2.8203033133749926,2.2450321021063786
2016-12-15,119.73361206054688,121.65022405691046,118.80013036576229,119.24701328573079,20139600,2.8500936911481745,2.3727118480128095
2016-12-16,119.03848266601562,120.65717287499854,118.44263871409844,120.06133649955193,25324300,2.214534160900101,2.3982478095154645
2016-12-19,118.41284942626953,119.52508289627971,117.68791756015477,119.01861856177402,15918100,1.83716533612494,2.4088878798936557
2016-12-20,118.26387786865234,118.93916106216075,117.97589624443066,118.67103736577607,13684400,0.9632648177300922,2.2053091816456925
2016-12-21,118.2142333984375,118.37311955610477,117.65812048189667,118.09506309783436,10767600,0.7149990742080945,1.9407285660159894
2016-12-22,116.58561706542969,118.16458386079118,116.11887616572791,118.03548837689374,16258600,2.045707695063271,1.9322164058379971
2016-12-23,116.45650482177734,116.74449402604263,115.49323999209423,116.18838112206556,10890000,1.251254033948399,1.844259005978807
2016-12-27,117.19139099121094,117.85674152047899,116.04936678970144,116.1486715949477,12051500,1.8073747307775534,1.869085494662738
2016-12-28,116.10893249511719,117.4297081984932,115.84080879947355,117.37012683867684,12087400,1.5888993990196525,1.8846908611923914
2016-12-29,115.54288482666016,116.71469953353078,115.25489563180122,116.1883773271047,9934900,1.4598039017295577,1.8570269909937795
2016-12-30,114.25191497802734,116.01956611925965,113.9738509402131,115.7911582680298,18684100,2.045715179046553,1.9329253616238569
2017-01-03,116.04936981201172,117.02256753582978,114.70873596509513,115.22512551170679,20663900,2.3138315707346493,1.9854157070719285
2017-01-04,117.86666107177734,118.82993348535967,116.47637122464214,116.73456975053857,19630900,2.3535622607175384,1.8761792260373977
2017-01-05,119.83293151855469,120.11098799534177,117.49923457241076,118.03548959613047,19492200,2.6117534229310166,1.8612828052913994
2017-01-06,122.55392456054688,123.02065786760421,119.19736633082158,120.14078085059289,28545300,3.8232915367826337,1.9307969371224323
2017-01-09,124.03357696533203,124.55989917173993,122.18647907869347,122.69294335766722,22880400,2.3734200930464624,1.942145932275744
2017-01-10,123.48741149902344,124.6294357321823,123.41789737577749,123.95415243073394,17324600,1.2115383564048159,1.8974582908671636
2017-01-11,125.21533966064453,125.24513792192946,123.19942250589109,123.4874117532089,18356500,2.0457154160383624,1.9747761907463257
2017-01-12,125.74165344238281,125.85089099036297,123.93427888917063,124.73865758205153,18653900,1.9166121011923423,2.060605692673772
2017-01-13,127.44973754882812,128.37329427752908,126.48647253274656,126.60563527724614,24884300,1.886821744782523,2.049256696225147
2017-01-17,126.98298645019531,127.44971976180004,126.51624556212009,127.15179778918635,15294500,0.9334741996799494,2.0265581366345438
2017-01-18,127.03263854980469,127.53909531009727,125.96012851070743,127.51924495686795,13145900,1.578966799389832,2.0102432843925633
2017-01-19,126.66519927978516,127.45965277685188,126.56588691029927,127.3404749028808,12195500,0.8937658665526129,1.9605908892163464
2017-01-20,126.15872955322266,127.58873517930436,125.90053104132426,127.21138152797624,19097200,1.688204137980108,1.9769051918056715
2017-01-23,128.03564453125,128.35343206199235,126.06938343184791,126.42688682746133,16593600,2.28404863014444,1.9939290097412348
2017-01-24,128.4725799560547,128.99890223416986,127.48945709649017,128.4825202858308,15162700,1.5094451376796911,1.9364728359515948
2017-01-25,130.5679473876953,130.82615352172016,128.86981777410205,129.09821807094224,18731300,1.9563357476181125,1.9080995135873502
2017-01-26,131.85891723632812,132.2164205585286,130.52821631872538,130.71690073223957,20020100,1.6882042398032127,1.842131714792507
2017-01-27,131.26307678222656,132.02773963242507,130.17071643488373,131.75960834545714,19539500,1.8570231975413378,1.7016839762752716
2017-01-30,130.0714111328125,130.6672551022605,128.70099424778869,130.6672551022605,18956100,1.9662608544718125,1.6726011735199395
2017-01-31,129.41600036621094,129.75363820933578,128.62154679484425,129.26703179805006,19790500,1.1320914144915264,1.6669263919547046
2017-02-01,132.30580139160156,132.56400751269916,129.77348728717269,131.3326037315374,50139800,2.7905202255264783,1.72012673548957
2017-02-02,129.932373046875,134.55012557779128,129.49542285611918,132.29586808617762,54366400,5.0547027216721006,1.9442760655238385
2017-02-03,130.0714111328125,131.9284495842585,129.85293602087768,130.3296172576127,24804900,2.0755135633808095,1.957754052566573
2017-02-06,131.14390563964844,131.14390563964844,129.396120104302,130.0713957135473,17058500,1.7477855353464236,2.015919147971321
2017-02-07,130.92543029785156,132.07738708507352,130.74668622032044,131.32266461393144,14596400,1.3307008647530836,1.9981858669258392
2017-02-08,133.26907348632812,133.50741410058268,131.52128777395203,131.6801815167884,22390600,1.9861263266306537,2.076211614074271
2017-02-09,133.20948791503906,133.56699124866242,132.3852436971591,133.5570660724015,16470600,1.181747551503321,2.040036143611643
2017-02-10,133.25914001464844,134.00393734077284,132.75266813500198,133.1697679722192,15061900,1.2512692057708534,1.9662661847278156
2017-02-13,133.1201171875,133.7656021684869,132.7725390266972,133.7656021684869,13526200,0.9930631417897189,1.9293817564499602
2017-02-14,132.92152404785156,133.29887778445507,131.63053877308909,133.16978986403885,14364900,1.6683390113659868,1.9088105610033799
2017-02-15,132.51437377929688,132.77256479120538,131.73978559062738,132.524298957582,13226500,1.0327792005780054,1.861994486773008
2017-02-16,132.91156005859375,132.94135073899795,132.0972562059787,132.14691239096575,12831100,0.8440945330192449,1.7896424393071442
2017-02-17,132.60372924804688,133.1598422212977,132.24622588625107,132.57393856397573,12276500,0.9136163350466404,1.714453545062489
2017-02-21,132.7924041748047,132.98108859570726,131.97808512731805,132.57392907196393,14759100,1.0030034683892097,1.705232977483752
2017-02-22,135.17575073242188,135.84110122261666,132.534214277408,132.67324251188242,27360100,3.306886945208646,1.742116314603907
2017-02-23,134.42100524902344,135.17572765691335,133.3981515943688,134.94732741489668,18422500,1.77757606254454,1.5080358389519384
2017-02-24,134.50047302246094,134.6792171128092,133.22935342573706,133.22935342573706,12625700,1.4498636870721384,1.4633465620727475
2017-02-27,135.46377563476562,136.2284235065423,134.08341818005718,134.32174368691986,14306700,2.145005326485119,1.4917194042969402
2017-02-28,134.59976196289062,135.86095630576054,133.81524880417086,135.8410908015193,16112100,2.045707501589675,1.5427913069281252
2017-03-01,136.4667510986328,136.5263324696431,135.3545250985931,135.52334403410322,16257000,1.171807371050022,1.4846256672437943
2017-03-02,135.81129455566406,136.86395409614948,135.36441922266005,136.13900717398414,12294800,1.4995348734894378,1.507324761671374
2017-03-03,136.21847534179688,136.37736908818883,135.13604010626722,135.68222788890108,11160600,1.2413289819216118,1.5066147456821426
2017-03-06,136.4667510986328,136.8739106711269,135.56305989712916,135.9305036065973,12748200,1.3108507739977426,1.52931386226843
2017-03-07,136.34754943847656,137.410118941734,136.0397023408313,136.07941819252102,13527100,1.3704166009027006,1.508033690092481
2017-03-08,136.76466369628906,137.03279500032895,136.09931317755002,136.19861040475394,10184500,0.9334818227789299,1.5009410202496898
2017-03-09,137.28103637695312,137.60874898960722,136.44685192977045,136.76463936735223,15535300,1.1618970598367753,1.5236412007366564
2017-03-10,137.82723999023438,138.52239637845958,137.26120182469788,137.94641788267032,16314100,1.2611945537616975,1.5484682163591603
2017-03-13,138.63162231445312,138.711054032159,137.70806570200432,137.74779671379844,10955500,1.0029883301546931,1.548467135056695
2017-03-14,138.3535614013672,138.49258963230034,137.55910787334605,138.49258963230034,12944000,0.9334817589542865,1.3789381931813836
2017-03-15,138.75079345703125,139.12816232725115,137.5293299467696,138.3237683955284,19344800,1.5988323804815536,1.3661707873197417
2017-03-16,139.0189208984375,139.27711187180395,138.76071477212938,139.22745568190302,13612900,0.5163970996745775,1.2994946025056302
2017-03-17,138.86993408203125,139.36646560991574,138.73090586034118,139.36646560991574,20592800,0.6355597495745542,1.1916770612977328
2017-03-20,138.96925354003906,139.21751931664969,138.28403757212322,138.74085326838062,12099500,0.9334817445264605,1.112232364364646
2017-03-21,137.54917907714844,141.32282228694692,137.43994151847468,140.1708653323767,29894800,3.8828807684722335,1.3058804641805182
2017-03-22,138.62168884277344,138.82029845274596,136.64550276707533,136.97320028941192,17055400,2.174795685670631,1.3541133793363176
2017-03-23,138.56210327148438,139.41613820610485,138.12515305103554,138.51244708226218,13022800,1.2909851550693077,1.3576602488468674
2017-03-24,139.366455078125,140.04174578454547,138.79047673095235,139.1082641581946,16664700,1.25126905359312,1.3534044116751087
2017-03-27,139.34658813476562,139.67428554479537,137.80733766735457,138.08539405661037,12800500,1.8669478774407935,1.3888709314278296
2017-03-28,140.7766571044922,140.96534156822906,139.03879621651802,139.38637445529062,14679400,1.9265453517110416,1.459804040637266
2017-03-29,141.66043090820312,141.86898080552473,140.44889283580227,141.00502084434697,16527600,1.4200879697224593,1.4782462484862435
2017-03-30,141.422119140625,141.95836654518095,140.86600623132537,141.412178811783,12404000,1.092360313855579,1.4661866599215208
2017-03-31,141.06459045410156,141.64056876457403,140.90569675060485,141.32278135758057,11478300,0.7348720139691807,1.4470354944796984
2017-04-03,141.29302978515625,141.48171421615984,139.84316601007697,140.94545160668204,13564000,1.6385482060828735,1.4973973835603118
2017-04-04,140.746826171875,141.1043294870118,140.29002564044134,140.87592922129497,12948600,0.8143038465704535,1.4413596311380903
2017-04-05,140.8660125732422,142.44497933029163,140.3098844859649,141.27315694470494,17158100,2.135094844326744,1.5569808986132452
2017-04-06,140.1907196044922,141.23343891682566,139.9325286469282,141.12420136690614,15103400,1.3009102698974573,1.604505935779167
2017-04-07,139.80343627929688,140.56809918719009,139.2671888178413,140.2205210055272,11818300,1.3009103693487987,1.6307508375521909
2017-04-10,140.06161499023438,140.4489089987398,139.6544706295578,140.02189913295152,9039400,0.7944383691819894,1.4101478090314592
2017-04-11,138.9493865966797,140.0516872395375,137.8470859538219,139.82328697024343,16638100,2.204601285715597,1.4122767804632426
2017-04-12,138.61175537109375,139.4260592691346,138.47272713713843,138.75078360504907,11612500,0.9533321319961772,1.3881587073865904
2017-04-13,138.42306518554688,139.6048127014305,138.36348382389565,138.65146545618995,10965600,1.2413288775348406,1.387448694810999
2017-04-17,140.43899536132812,140.56809842575078,138.78058164234508,138.7905068192461,11519700,1.7875167834056924,1.3817750452370632
2017-04-18,139.98219299316406,140.92559998676398,139.63461481781277,140.29004015553377,14807500,1.2909851689512095,1.3363778893256466
2017-04-19,141.28309631347656,142.04774401652003,140.29003317950136,140.36948004857229,15563900,1.7577108370186636,1.3604938084182325
2017-04-20,142.80247497558594,143.24935033425555,141.7001743426328,141.95836529025655,15968200,1.5491759916227466,1.393123499687316
2017-04-21,142.68333435058594,143.169940845427,141.28312654826948,142.90180949904973,12382000,1.886814297157514,1.4754050913436256
2017-04-24,144.46090698242188,144.65951659467416,143.33874070143042,143.95445019823723,14407200,1.3207758932437343,1.4527070689979726
2017-04-25,145.47381591796875,146.12922603396532,144.77865964022018,144.77865964022018,17767500,1.3505663937451402,1.4910115366533074
2017-04-26,145.5433349609375,146.5661888081111,145.07659406139908,146.06965722587375,12395000,1.4895947467120152,1.444904386823684
2017-04-27,146.67543029785156,146.72508648799592,145.12625414417488,145.6525764232332,11275100,1.5988323438210443,1.4661845349610831
2017-04-28,149.20773315429688,150.47885273033117,148.03592595102236,148.46293581742017,30652200,2.442926779308806,1.5477571356725122
2017-05-01,151.40237426757812,151.51161179115613,150.3695803804884,150.68736777741972,25218300,1.1420314106677267,1.5725852100643505
2017-05-02,151.72015380859375,152.37557898158465,150.60792817171549,152.27626662703287,21870400,1.767650809869167,1.5413744617896055
2017-05-03,150.7469940185547,152.53451077627304,150.29017828766047,152.53451077627304,29782500,2.244332488612571,1.6335887729764909
2017-05-04,149.8035888671875,150.468939388775,147.68835941515164,149.12829801577783,36225500,2.780579973623361,1.7435352798399566
2017-05-05,149.1977996826172,150.5781567307615,148.75090918298633,150.3993975003212,17148500,1.8272475477751584,1.7463731915806326
2017-05-08,150.01211547851562,150.03198098413574,148.701280013467,149.6645524713391,15827500,1.3307009706687438,1.7492100345604567
2017-05-09,149.43614196777344,151.53150586804554,149.16802582129333,150.43914546996686,17453900,2.3634800467522155,1.7924792638271387
2017-05-10,149.24746704101562,149.47588249536807,147.82739388723468,149.18788567133845,12080700,1.6484886081333912,1.7995730221493278
2017-05-11,148.99916076660156,149.60492978204113,148.37354140195558,149.26729201027175,11841900,1.2313883800855479,1.752756885215616
2017-05-12,149.2871856689453,149.41628872782846,148.5920444921537,149.35669221015388,9598200,0.8242442356747688,1.717290338246404
2017-05-15,149.14816284179688,150.42920768884002,148.73107812059814,149.128297335185,15064700,1.6981295682418818,1.7421162792818856
2017-05-16,148.7410125732422,149.16803765084794,147.99621513473832,149.06872526453702,14550800,1.1718225161096143,1.7194182628102854
2017-05-17,143.84519958496094,147.63869283943836,143.418174562075,146.97334236465397,28300100,4.220518277363368,1.9066815437775944
2017-05-18,146.63571166992188,147.12230292650415,143.50755358516884,143.7161035186623,23031600,3.614749341335312,1.9903831553509161
2017-05-19,147.03292846679688,148.35370428275476,146.93363124295223,147.42022249155588,16187900,1.4200730398025314,2.010243271717688
2017-05-22,147.21170043945312,147.55926348236474,146.66551262580057,147.05280668403736,12586700,0.8937508565641679,1.9478218464816166
2017-05-23,147.04286193847656,147.77771894183152,146.22854291504584,147.48973730728926,12817800,1.5491760267856876,1.8981678134939821
2017-05-24,148.99916076660156,149.18784515463102,147.39040361045713,147.4797756407011,17862400,1.7974415441738927,1.8279436399618771
2017-05-25,150.9058837890625,151.53150327307716,148.90981714846654,149.25739531409565,19891400,2.621686124610619,1.8846892525929815
2017-05-26,151.07470703125,151.19386976438898,150.1014942008095,151.17400425788526,14996200,1.0923755635794805,1.8676660092294628
2017-05-30,151.3229522705078,151.83933414592232,150.58808015911697,150.9157927836721,13226000,1.2512539868053523,1.7882212906618296
2017-05-31,150.40936279296875,152.28625168293928,150.0419190955539,151.64075149463565,18023900,2.2443325873853723,1.830781574894114
2017-06-01,150.47885131835938,151.2335738242541,149.2573879401662,150.69732641402845,14530600,1.9761858840878972,1.8839813966085674
2017-06-02,152.54443359375,152.5642990999012,150.25046010388283,150.79664787598009,16854400,2.313838996018376,1.9903810223473966
2017-06-05,152.5642852783203,153.6367952191995,152.34581018927418,152.57421045402606,12520400,1.2909850299253378,1.9612992696105007
2017-06-06,151.74998474121094,153.4481294757347,151.42227206777858,152.34582872071377,13457100,2.0258574079561242,2.0223017618852515
2017-06-07,152.0578155517578,152.68345014764515,151.2832275534879,152.20678410708064,12066700,1.400222594157242,1.820852070227671
2017-06-08,153.6367950439453,153.65664539533412,152.03796288662605,153.01116045757777,17799400,1.6186825087080763,1.678275867897154
2017-06-09,148.562255859375,154.51069453242306,145.59299153468632,153.69639061493035,35577700,8.91770299773674,2.2138208648924547
2017-06-12,147.41029357910156,148.1650161035465,143.55720378216824,147.14216229092816,33170200,4.607812321378248,2.479110969522032
2017-06-13,149.63475036621094,150.13128194850327,147.86709914548547,149.10842810121636,20483400,2.2641828030178033,2.53018288211004
2017-06-14,149.20773315429688,151.34281279216714,148.0160604458823,150.21072144623218,20808800,3.3267523462848487,2.6394193679751083
2017-06-15,148.76084899902344,148.99917443486981,145.35463483330165,146.6456198382485,18994200,3.6445396015681695,2.7124803306149334
2017-06-16,149.59503173828125,149.78371616053087,147.56918958731606,148.55231240417723,22882400,2.214526573214812,2.792633974160314
2017-06-19,151.8095703125,152.5047266921509,150.65762848807233,150.65762848807233,19026500,1.847098204078577,2.835194275394116
2017-06-20,151.19386291503906,152.77282966936713,151.15414705677247,151.81949754155963,14743900,1.6186826125946538,2.790504991480493
2017-06-21,152.8423309326172,153.01114982533142,150.82641424211238,151.3030802423019,15039800,2.1847355832190374,2.805401398561289
2017-06-22,152.3358612060547,153.47789277081242,151.8492700241382,151.9485672343742,13005500,1.6286227466742105,2.7564573807509913
2017-06-23,153.99429321289062,154.12338110436565,151.59106731640577,151.6605890027642,18027000,2.532313787959879,2.8451237206106015
2017-06-26,152.52456665039062,155.4143840740322,152.13727262526947,155.16611828477656,18049700,3.2771114487627244,2.9344990092396444
2017-06-27,149.53543090820312,152.2464887016087,149.34674651051552,151.77974787141483,19360800,2.899742191093196,3.041607551877927
2017-06-28,152.17698669433594,152.40538695219828,148.82042874836606,149.87307315314158,16719100,3.5849582038322296,3.1820558158153665
2017-06-29,149.9922637939453,151.44214277899295,147.88697459245103,151.22366765586327,23973500,3.55516818654192,2.799017615015736
2017-06-30,149.93267822265625,150.8661600584235,149.0190618937829,150.8462945515296,17666000,1.847098164640613,2.6018237466773337
2017-07-03,147.40036010742188,151.09455633856646,146.77474060983266,150.66754644581417,13862700,4.319815728733801,2.7486546699427623
2017-07-05,149.297119140625,149.80359107488172,147.10245793531936,147.9664180778391,14334300,2.7011331395623586,2.7039675837482986
2017-07-06,147.7876739501953,148.99919712375873,146.9733548458803,147.99620873831557,14951800,2.0258422778784393,2.5883463463418894
2017-07-07,150.3894805908203,150.9356683347701,148.15508858161346,148.21466994405515,13615900,2.780579753156644,2.6287787163377345
2017-07-10,152.4351806640625,152.91184669302274,150.45897970723553,150.63773893868301,13378700,2.4528669857872103,2.672047915031208
2017-07-11,154.19293212890625,154.3418855523877,151.84930229749614,152.3061028981342,13667700,2.4925832548915707,2.734469389480988
2017-07-12,157.79771423339844,158.05592032697902,155.11644700095712,155.40444377411396,22739400,2.939473326021897,2.7883792282526207
2017-07-13,158.15521240234375,158.6716094197859,157.3210430954336,157.63883053784087,13929200,1.3505663243523145,2.7685180552296282
2017-07-14,158.86032104492188,159.20789922550503,158.224761204125,159.01921479335655,16371200,0.9831380213800287,2.6578626433310677
2017-07-17,158.62196350097656,159.6646827785501,157.70834727435164,159.13836055183071,12858800,1.9563355041984494,2.5635215044336195
2017-07-18,161.7302703857422,162.59423050492242,158.31413061605534,158.55247123473407,23722900,4.280099888867085,2.66211848284604
2017-07-19,163.00140380859375,164.5505800784506,162.03813122873146,162.4552159819281,26273600,2.512448849719135,2.585510671837962
2017-07-20,163.38870239257812,163.85544335254508,161.680632316304,163.6568337245246,18523100,2.174811036241067,2.486913732530758
2017-07-21,163.2893524169922,163.90506182096115,162.61407680656535,163.02123629970262,14744000,1.290985014395801,2.4471913646561285
2017-07-24,164.84848022460938,165.01729913901661,163.17020110387625,163.4979137564106,17367000,1.8470980351403625,2.2705686722565974
2017-07-25,164.13348388671875,164.3916748627205,162.7233359662013,163.86535258087036,15383200,1.6683388965192023,2.196797654896372
2017-07-26,164.46116638183594,164.85838552632595,162.9616466855062,164.85838552632595,35236900,1.8967388408197507,2.187575980820751
2017-07-27,169.25767517089844,174.27264679670745,166.33806726723006,173.4881184714125,68910700,7.934579529477389,2.555718821986519
2017-07-28,171.2537384033203,172.22693605440938,167.87732973051428,167.8971952364789,24557600,4.349606323895102,2.69120020327994
2017-07-31,168.07591247558594,171.52184229219495,167.38077140730866,170.80683572112721,25478900,4.14107088488629,2.808949319708134
2017-08-01,168.68170166015625,169.28747076764537,167.87732295985475,168.64198580277002,14385000,1.4101478077906222,2.6997117826916144
2017-08-02,168.12557983398438,169.36690866448788,165.75215971617925,169.11864289838718,17433800,3.6147489483086304,2.861439112974208
2017-08-03,167.42051696777344,168.5228176976883,167.0828791251181,168.12559848902808,10793800,1.4399385725702132,2.894067723773507
2017-08-04,168.443359375,168.88030956658835,167.51981795882136,167.79787441657024,10777700,1.3604916077669884,2.851507445456974
2017-08-07,170.7869873046875,170.8664341708587,168.48308879748416,168.77107042853194,12787800,2.3833453733745387,2.7160249800646494
2017-08-08,170.04220581054688,171.8495880900743,169.4364366584235,170.68770597592456,14393500,2.413151431650789,2.708932307345482
2017-08-09,169.99253845214844,170.260669738703,168.38378103870247,168.80086573282028,10815000,1.876888700000535,2.687652140471158
2017-08-10,166.23873901367188,169.406612386701,165.6925664897196,168.8802902124984,20832700,3.714045896981389,2.8607279177987004
2017-08-11,166.9140625,167.64893471436662,165.6925990212719,166.7849594365857,13791200,1.9563356930947293,2.8685306076525836
2017-08-14,169.56552124023438,169.8932338756254,168.11564247331705,168.9100959694523,12954200,1.77759140230836,2.876334358066095
2017-08-15,169.81378173828125,170.31031326383177,168.83064386263294,170.30038808837904,8729200,1.4796694011988336,2.846543683807458
2017-08-16,168.82073974609375,170.19117177650332,168.06601718817015,170.062068714815,15779900,2.1251545883331744,2.431584759440014
2017-08-17,165.75218200683594,168.6817154102053,165.69260063942954,168.16531830444666,17216000,2.989114770775757,2.3344067913600606
2017-08-18,166.24871826171875,167.4999724711211,165.0570454213914,165.68266494962145,15093600,2.442927049729718,2.213110803134591
2017-08-21,166.61611938476562,166.83459447071246,164.66972426825362,166.00042513506446,11907500,2.164870202458843,2.267019545610893
2017-08-22,168.46324157714844,168.69164187159274,165.99050874036135,167.11267501153276,11391000,2.701133131231387,2.2017612729625182
2017-08-23,167.53964233398438,168.18512713395216,167.03317057582382,167.66873020221587,9856500,1.1519565581283473,2.1811911290738135
2017-08-24,166.576416015625,168.11565175525436,165.25564022537776,167.70850738541677,14030400,2.8600115298766013,2.288299694938786
2017-08-25,165.16627502441406,167.21198274645053,165.02723163268192,166.69558565111055,12614500,2.1847511137686126,2.27411439068122
2017-08-28,166.07989501953125,166.5366956058741,165.1762038708444,165.7521823451852,8553700,1.360491735029683,2.1989244123511407
2017-08-29,166.88424682617188,167.26160047720026,163.8554015249709,164.1036672848572,11121000,3.4061989522293743,2.308160858938915
2017-08-30,168.7412872314453,168.9994781932471,166.4671793040828,167.00342673334535,11138300,2.5322988891643092,2.2237503583805522
2017-08-31,170.77706909179688,170.95581318326467,168.8803148610923,169.21795269138102,17226500,2.075498322172365,2.2322619747432406
2017-09-01,170.82672119140625,171.72047193323968,170.1216397128492,171.2040748708996,11677600,1.5988322203904772,2.219493461749106
2017-09-05,169.53573608398438,171.19414966649737,168.37385405861684,170.0819238274325,13210900,2.8202956078805244,2.3152524765120837
2017-09-06,170.89622497558594,171.28351897786388,168.39371687760854,169.72441779282607,13906300,2.889802100255338,2.3698701559350956
2017-09-07,172.00848388671875,172.10778111515418,169.088875648351,170.74728937734764,18049500,3.018905466803176,2.371998062794197
2017-09-08,169.76412963867188,172.2865183347887,169.61517623859962,171.88928401302937,10998500,2.671342096189079,2.3883134232555796
2017-09-11,172.30638122558594,172.68375007048493,171.00547092714922,171.2040805260125,12372000,1.6782791433357147,2.353556919032499
2017-09-12,171.76019287109375,172.792971782269,170.55857990577417,172.55463119371794,11186300,2.23439187649484,2.3202182579798887
2017-09-13,171.8495635986328,171.96872631552955,170.86642572541584,171.80983259104082,9119300,1.102300590113714,2.3166714031217004
2017-09-14,169.7740936279297,171.0849291900706,169.31727788247716,171.06506368297906,15615700,1.7676513075934395,2.2386456729586177
2017-09-15,170.44935607910156,171.14449724380384,169.07892410230215,169.6946335507021,15660500,2.0655731415016874,2.230132960653837
2017-09-18,168.8306427001953,170.87636529984752,168.16529227889146,170.79691843795368,12954000,2.7110730209560643,2.3266030525057215
2017-09-19,171.32325744628906,171.36297330466243,169.178237423544,169.4364283853233,13168600,2.184735881118428,2.239355690283511
2017-09-20,170.97567749023438,171.84957789468197,169.51587347505074,171.3033901419022,12264100,2.333704419631232,2.2251703710311483
2017-09-21,169.92303466796875,171.07499154827082,168.830659151658,170.49901310811978,11161400,2.244332396612805,2.237229947776894
2017-09-22,169.35699462890625,170.5387422834842,168.04615905991395,169.02929710136482,12097100,2.49258322357025,2.301069305146878
2017-09-25,161.74017333984375,168.12557660068182,160.43926317496485,168.06599524243387,41251600,7.686313425716975,2.64864200642091
2017-09-26,163.07090759277344,164.3519523973377,161.65081939947848,163.3588892408583,23363300,2.7011329978592187,2.6351656419640443
2017-09-27,166.51683044433594,167.17225579438713,164.4214816348598,164.74917915694348,19242500,2.7507741595273387,2.616013405730056
2017-09-28,167.55950927734375,167.89716220053975,166.00040830707218,166.77499620492858,12178700,1.8967538934675758,2.5606856769642343
2017-09-29,169.68467712402344,170.46920541278678,167.63896968213743,167.6588351857989,15340400,2.830235730649349,2.64296829034378
2017-10-02,168.29441833496094,170.67776390589935,167.57941163309107,170.2010978223,13392300,3.0983522728082846,2.7046797472233117
2017-10-03,168.781005859375,169.5456535123196,168.02626822912126,168.1255805971883,8190300,1.5193852831983463,2.734471511015071
2017-10-04,167.25167846679688,169.48607034805556,167.12257542027234,168.65190101575786,12127900,2.363494927783222,2.7770317696000553
2017-10-05,170.05213928222656,170.12164582320582,167.43045317201788,168.00641646450137,14580600,2.691192651187947,2.821718877434788
2017-10-06,171.03526306152344,171.17429129720227,168.5724706782378,169.0690022560824,13124500,2.6018206189644673,2.8139151344353883
2017-10-09,171.3033905029297,173.66688560924453,170.80685893625454,171.50200009901158,14570400,2.8600266729899886,2.862150190997643
2017-10-10,170.39968872070312,171.99852087117313,169.61517556188588,171.79991128755583,11341100,2.3833453092872503,2.8656959688302157
2017-10-11,171.54171752929688,171.58143338419265,170.21100151972314,170.75718923041313,11283700,1.3704318644695093,2.8032745022485517
2017-10-12,171.35304260253906,172.64402767568606,171.09483649614538,171.41262396464822,10351000,1.549191179540685,2.7358893562464397
2017-10-13,172.53477478027344,173.43845061344652,171.99851226311134,172.24677801844288,13658300,1.4399383503351828,2.2897197080048834
2017-10-16,173.30938720703125,173.78605328178057,172.8525714853964,173.27959652441825,11498800,0.9334817963841715,2.1634589078995226
2017-10-17,174.88836669921875,174.90823220671732,173.1505060401822,173.49808423316648,15990100,1.7577261665351216,2.0925269084000786
2017-10-18,174.8089141845703,175.51399572507802,174.53085770032718,175.42460852068837,12752400,0.9831380247508434,2.027268632063169
2017-10-19,173.34910583496094,174.80890991807942,171.43250117585282,173.7165343616841,14048400,3.3764087422266016,2.066280990032973
2017-10-20,173.76620483398438,174.65997085893744,173.4186417850661,174.28260197153887,12602200,1.2413290738713556,1.9336364758231923
2017-10-23,170.08189392089844,174.1236522058465,170.0620284192823,173.98462400040958,13852700,4.0616237865641835,2.1152249403493237
2017-10-24,170.60826110839844,172.038274543533,170.3103391172551,171.1047927093234,12267900,1.7279354262778952,2.0698278330989432
2017-10-25,169.4165802001953,171.05512834376316,167.71843553889343,170.70755017855,15868200,3.3366928048697275,2.115934986933356
2017-10-26,169.44638061523438,171.09485402997214,169.20803998943205,170.19117802380686,11833100,1.886814040540088,2.0648630884744716
2017-10-27,176.64608764648438,176.9738003222873,172.69368518287942,172.94195098397785,30285300,4.280115139407883,2.1662979789328927
2017-10-30,178.62225341796875,179.4365724264046,176.37793628625226,178.0164843260402,24353200,3.0586361401523448,2.2145330382803996
2017-10-31,178.8109130859375,179.54578512700934,177.6986874263158,179.3173848903952,20174200,1.8470977006935527,2.248580598010688
2017-11-01,181.3929443359375,181.63126982784806,179.3174456948524,181.09502231810606,40918300,2.3138241329956486,2.3031972375431855
2017-11-02,177.6788330078125,180.6778875590136,176.10979162414938,179.37697743249862,35529900,4.568095934864232,2.526637065009546
2017-11-03,177.6788330078125,178.61231466734085,175.48417222805583,178.0462614747991,17822100,3.1281424392850283,2.683398539502465
2017-11-06,178.920166015625,179.19822245446113,177.07306815596246,177.32133391584753,13312700,2.1251542984986713,2.7096434060712897
2017-11-07,178.99960327148438,179.49613476460917,177.71855868651542,179.24786901804677,12928200,1.7775760780937446,2.7663889813100684
2017-11-08,178.31442260742188,179.09895100716585,177.86754720592984,178.5428228965504,10494100,1.231403801236013,2.6131743426678833
2017-11-09,178.0562286376953,178.15552586249888,175.8615523742399,177.07309064860945,12610300,2.2939734882589846,2.6883632294098567
2017-11-10,177.2220458984375,177.85760567060038,176.7255143529059,177.11280835230295,11070200,1.1320913176944885,2.4791109102048785
2017-11-13,177.5299072265625,177.79802337246977,176.070103153746,176.2687127572504,9523400,1.7279202187237672,2.4791098239510125
2017-11-14,176.8347625732422,177.7285133479721,175.9509218220224,176.89434393783202,9585900,1.7775915259497026,2.3677454468852965
2017-11-15,176.715576171875,177.33128559981677,175.17632533143126,175.4345314361276,10253700,2.1549602683855085,2.386898748874255
2017-11-16,178.34422302246094,178.5825636543018,177.26178773128422,177.5199787177383,15607600,1.3207759230175782,2.1755173762749473
2017-11-17,177.75830078125,178.73149840862558,177.65898840678804,178.056222751695,13018000,1.0725100018375429,2.033651223538176
2017-11-20,177.50010681152344,178.25482932463598,176.86454702339165,177.62919471260574,10052400,1.3902823012443264,2.0010215521489454
2017-11-21,180.5984649658203,180.62825564806863,177.74837857582853,177.9072571635059,14504000,2.879877072240106,2.041453904952121
2017-11-22,179.61532592773438,180.46936083731828,179.18831604941295,180.04235095899685,10376300,1.28104478790533,1.8066645373121994
2017-11-24,181.51205444335938,181.87948290546265,179.03932211127747,179.1485596477053,9426300,2.8401607941851807,1.7860944198050674
2017-11-27,181.76034545898438,182.4554866269967,180.7275664597862,181.29360457054588,12344500,1.727920167210499,1.7577205532844837
2017-11-28,181.15457153320312,182.97187885113578,180.82685888705717,182.23700669132907,14379700,2.145019964078614,1.7839665451405458
2017-11-29,173.91514587402344,180.7076938538972,172.79297972000433,180.62824698739723,41933500,7.914714133892886,2.2613458546160365
2017-11-30,175.950927734375,177.04330329836557,173.98466687213366,175.6232302181195,25307600,3.0586364262319137,2.3159646358998174
2017-12-01,173.88534545898438,176.24882520505278,171.144481753462,174.8088868185829,20182500,5.104343451590779,2.5996969311781237
2017-12-04,170.28053283691406,175.34516076364028,169.6052420419783,175.0670891518852,24459400,5.739918721661979,2.8862682528165675
2017-12-05,171.631103515625,174.16341754157304,167.83759506485077,169.26760840434804,20184900,6.325822476722266,3.211141892157465
2017-12-06,174.83868408203125,175.5437655387127,170.7075380173633,171.30338192872622,20255800,4.8362275213494,3.402660981654886
2017-12-07,178.89039611816406,179.13866190688987,174.5805056625896,174.5805056625896,20404500,4.558156244300278,3.6339024331750784
2017-12-08,177.75830078125,181.0155466447829,177.5001098217661,180.27074929514077,19883800,3.5154368230167847,3.808397206116453
2017-12-11,177.7980194091797,178.969841803735,177.55969395146352,178.05622552562704,13168600,1.4101478522714785,3.809816174046964
2017-12-12,175.73245239257812,177.9370385282187,175.37494907137742,177.36107526628345,16854100,2.562089456841278,3.7871170586613334
2017-12-13,177.06317138671875,177.91720634385308,176.02045199733095,176.07010818786216,14615700,1.8967543465221297,3.831096312848248
2017-12-14,177.1525421142578,179.10887781362325,176.44746058104343,177.05322973393743,13591000,2.661417232579822,3.818328915590722
2017-12-15,178.93011474609375,179.2379770573487,177.12274765572928,177.77817298481438,28463100,2.115229401619416,3.8459938609056445
2017-12-18,179.56568908691406,180.04235516413516,178.50310422506925,179.75435836012767,17265400,1.5392509390659086,3.8027246448333085
2017-12-19,178.26475524902344,178.83080850093938,176.98371049128104,178.70170544637455,14920600,1.847098009658339,3.3693234931022693
2017-12-20,176.65599060058594,178.5626698948132,176.12966838070267,178.5626698948132,11860500,2.4330015141105434,3.3246352850936
2017-12-21,176.2190399169922,177.44050325842102,175.8218207475171,176.70564627959814,11600700,1.6186825109039091,3.0756595036159666
2017-12-22,175.9707794189453,176.2984920624017,175.00750699352696,175.91119805703332,8509500,1.2909850688747326,2.7578785284168776
2017-12-26,174.76918029785156,175.77216857306874,173.4583297333868,175.404740075275,8897300,2.3138388396819494,2.4713082686282837
2017-12-27,176.38787841796875,177.2021975046837,175.03731187759257,175.3253086874568,9496100,2.164885627091138,2.280498133324122
2017-12-28,176.685791015625,177.6987196553159,176.44745040836216,176.71558169741525,12220800,1.2512692469537399,2.0442919192279407
2017-12-29,175.2359161376953,177.60933627074954,175.2359161376953,176.76522659940787,10261500,2.373420133054225,1.9627192985163293
2018-01-02,180.16151428222656,180.32040802242759,176.3183647528784,176.4474526579683,18151900,4.002043269549176,2.1478546854647362
2018-01-03,183.38894653320312,183.49818407178765,180.07211967500305,180.6183073679256,16886600,3.4260643967845965,2.209567181174973
2018-01-04,183.0513458251953,184.9183095345115,182.82294552659033,183.61738398311937,13880900,2.0953640079211766,2.2237535855606194
2018-01-05,185.55384826660156,185.6034892997764,183.64715375976655,184.3025790494323,13574500,1.95633554000986,2.173390607519908
2018-01-08,186.9739227294922,187.58961701399005,185.0374526791032,185.90141274321354,17994700,2.5521643348868395,2.2046002456104383
2018-01-09,186.5667724609375,187.4903290863987,185.80212473195056,187.3910167084553,12393100,1.6882043544481462,2.215239775280598
2018-01-10,186.53695678710938,186.58661296942847,184.3422959662359,185.64320611712333,10529900,2.2443170031925774,2.2436125605330437
2018-01-11,186.46746826171875,187.09308772995047,186.0801742469312,187.09308772995047,9588600,1.0129134830192754,2.1421777011693814
2018-01-12,178.12571716308594,180.22108083685907,176.16938171232874,176.82480697209243,77551300,4.05169912453033,2.315964602142697
2018-01-16,177.1525421142578,180.48923504360246,176.80496393607828,180.24096924574332,36183800,3.6842711075241823,2.486913604903372
2018-01-17,176.36802673339844,178.07609661430618,174.58050997978083,178.0165000950676,27992400,3.4955866345253526,2.571324161677901
2018-01-18,178.55274963378906,179.72455682640532,175.85161677104932,176.8943360637807,23304900,3.872940055355997,2.693328049411105
2018-01-19,180.0323944091797,181.1049043259526,178.9201686375365,179.5954593938482,26826500,2.184735688416083,2.7600042238012725
2018-01-22,184.08412170410156,184.10398721105145,179.15853668646866,179.54583073081054,21059500,4.945450524582782,2.943720680339027
2018-01-23,188.03651428222656,188.2351238824501,184.26287126621455,184.759402843244,25678800,3.9722526162355507,2.9415927765309107
2018-01-24,185.2559356689453,189.33742586575525,185.22614498635804,188.57276298915235,24334500,4.1112808793972135,2.9905368110032406
2018-01-25,186.17947387695312,187.31156525428196,185.30558861478383,186.64621476657425,17377700,2.0059766394981295,2.9841519989730227
2018-01-26,188.6820068359375,188.6820068359375,185.5141328230108,186.44761464972245,17759200,3.1678740129266885,3.070690461324225
2018-01-29,184.6898956298828,187.53005707929518,184.34233259047582,187.44068502512843,20453200,3.187724488819356,3.1160876151765473
2018-01-30,185.8219757080078,186.87462024479393,180.57860337737924,186.3185072935063,20858600,6.296016867414693,3.4452170803884434
2018-01-31,185.5935821533203,188.5131904064215,183.93516841595468,187.06331145688196,43275100,4.578021990466823,3.6119102937651753
2018-02-01,191.75054931640625,193.96509092767525,186.58662425462194,186.91433689422146,54211300,7.37846667305331,4.066592664481893
2018-02-02,188.96006774902344,192.86281407199328,188.66214575328692,190.70785355616638,26677500,4.200668318706363,4.077233321208752
2018-02-05,180.00262451171875,189.2877712006641,179.35713951321085,185.6332908601518,33128200,9.930631687453257,4.5234019340608285
2018-02-06,184.02452087402344,184.48133656790674,176.5070410768507,177.33128526926728,37758500,7.97429549105604,4.843309709527306
2018-02-07,178.93011474609375,183.7961333721886,178.70171445975492,182.87257674430663,27601900,5.094418912433667,4.930558199318568
2018-02-08,170.38978576660156,180.57860874905867,170.29047338537103,179.7543644742594,38478300,10.288135363687644,5.509372461837965
2018-02-09,174.88836669921875,175.67287998657486,166.02030414243362,173.5477252724993,39887600,9.65257584414124,5.845595698949284
2018-02-12,175.186279296875,176.31837071645086,170.64797328888466,175.83176430297976,32092100,5.670397427566201,5.966891756901473
2018-02-13,171.94886779785156,174.7493129822213,171.8992267657541,174.40173483989793,21809400,2.8500862164672185,5.876806423835045
2018-02-14,178.27468872070312,178.56267034718502,172.00846309785055,172.2467885396452,28929700,6.554207249334468,6.201680038823355
2018-02-15,178.71165466308594,179.2479021073594,175.6132872700278,179.2479021073594,20922100,3.634614837331611,6.235018669137992
2018-02-16,176.12969970703125,178.63222335521326,175.07705508004196,177.7483976634069,20645300,3.5551682751712974,6.261264653877417
2018-02-20,174.78903198242188,176.7155768341903,173.89528124742893,174.55070653465867,21204900,2.8202955867613753,6.012998848116466
2018-02-21,176.67587280273438,180.01256567121982,175.17633771313297,175.48420002533416,23200800,4.836227958086852,6.031442131517896
2018-02-22,177.7483673095703,178.95990548734832,176.17932581453093,177.46037052883577,18464200,2.780579672817396,5.703021631501045
2018-02-23,182.01852416992188,182.11783653849992,178.26474696235962,178.65204095511,19007300,3.8530895761402917,5.678194578460611
2018-02-26,183.64715576171875,184.37210275043682,181.9490263098212,183.2995927610033,17599700,2.423076440615631,5.141940632257923
2018-02-27,180.20127868652344,183.41879418065025,180.20127868652344,183.17052834793336,15849800,3.2175154941268147,4.802170632477265
2018-02-28,177.08303833007812,181.61140412912914,176.90427907330402,181.03542565076677,18783000,4.7071250558251165,4.774506785576654
2018-03-01,174.71954345703125,178.87054039821555,173.2001579591392,177.76823962984855,23201600,5.670382439076349,4.444667290961561
2018-03-02,175.39479064941406,175.881396997883,171.78998208998286,172.08788888196426,20025900,4.091414907900145,4.047441509801483
2018-03-05,179.14857482910156,179.89337214433274,174.66986576190308,174.97771289439487,16189300,5.223506382429662,4.015520720863159
2018-03-06,178.5329132080078,181.11488376741968,177.86756263643127,180.51903974511143,15086800,3.2473211309884107,4.043894643328959
2018-03-07,182.4356231689453,182.54486071271018,176.83474806296604,177.50009850119213,19097300,5.710112649744133,3.983602171929649
2018-03-08,181.07513427734375,183.12084197738199,180.1913086646202,182.28667255360858,17225900,2.9295333127617766,3.9332392058889463
2018-03-09,183.945068359375,184.22312480696067,181.9390918664985,182.63423298546263,18526300,2.2840329404621684,3.8424438248382944
2018-03-12,183.47833251953125,184.80904858699967,182.94208511393975,183.9450733877962,15301200,1.8669634730599114,3.774348673859618
2018-03-13,180.61830139160156,184.69979088484433,179.85363864681122,184.32242209986805,18067500,4.846152238033113,3.775057550998637
2018-03-14,182.91229248046875,182.97187384123836,180.58852849281348,181.3333258083138,16821700,2.383345348424882,3.746683670684886
2018-03-15,182.5845947265625,182.7236229640044,180.92618105388345,181.9689004111685,15614300,1.7974419101209378,3.5998516945406465
2018-03-16,183.80604553222656,184.04438613127203,182.13770679772932,183.21021676402341,24403400,1.9066793335427121,3.562966186892581
2018-03-19,171.36297607421875,175.9409978374931,168.88031817988215,175.78210409554964,88140100,7.060679657610933,3.837477912855732
2018-03-20,166.9835662841797,169.0193488170456,160.82657764934302,166.30829060073853,129851800,8.192771167702574,4.0864526351326935
2018-03-21,168.21495056152344,172.19712796367182,162.16720018316943,163.65679476815947,106598800,10.02992778050239,4.397848730948839
2018-03-22,163.74620056152344,169.0888857566469,162.58431836407127,164.97760446068423,73743000,6.5045673925756375,4.570216765568517
2018-03-23,158.28433227539062,165.44432413670978,157.91690376486022,164.29236726490421,53609700,7.5274203718495585,4.734782050527081
2018-03-26,158.94969177246094,159.98248597574425,147.98628082177376,159.70442949476993,126116600,11.996205153970493,5.359702337882944
2018-03-27,151.1640625,161.72032783697745,149.70425856740601,155.22568684034707,79117000,12.016069269571432,5.810127810727751
2018-03-28,151.96844482421875,154.7986807174794,149.75391835632328,150.59801289868955,60029200,5.044762361156131,5.961215599898777
2018-03-29,158.68153381347656,160.30023139027026,153.07073379344348,154.0737219918404,59434300,7.229497596826775,6.314463075353392
2018-04-02,154.31207275390625,158.09564069755277,153.04095321254837,156.71528361031537,36796000,5.0546874850043935,6.542157647635141
2018-04-03,155.027099609375,156.29821931651807,149.76386152198518,155.4640498498821,42543900,6.534357794532895,6.662743758813696
2018-04-04,154.02410888671875,154.4809094745706,149.46593726752195,150.97539757930008,49885600,5.0149722070486575,6.850717105858251
2018-04-05,158.23468017578125,160.4492219312727,155.56333785263115,160.43928160179667,41449600,4.8858840786415385,7.0713201178954375
2018-04-06,156.10952758789062,160.30025538543117,155.7222335569777,156.63584985674814,41644800,4.578021828453473,7.262130296103349
2018-04-09,156.83447265625,159.41644318153854,154.95758370960976,156.725250244978,34915200,4.4588594719287755,7.076285997126051
2018-04-10,163.89511108398438,164.82859272977186,155.92081639496672,156.83443253790327,57889300,8.907776334805135,7.127357794776235
2018-04-11,165.16627502441406,167.48009889436995,162.11756379479976,164.21292770632033,56144600,5.362535099570181,6.793972603281077
2018-04-12,162.73326110839844,166.28842916906106,161.96861335746112,165.82168825462307,38263000,4.319815811599938,6.63791891892567
2018-04-13,163.3787384033203,164.5505455373332,162.6339411104661,163.4383197622783,19990600,1.9166044268670817,6.237146351426921
2018-04-16,163.68661499023438,164.63002203374216,162.25660150608084,164.5704406640595,18119400,2.373420527661324,5.549804592404838
2018-04-17,167.4900360107422,167.8276738480501,164.51084653414958,164.67966545280353,22743000,3.316827313900518,4.928430166999773
2018-04-18,165.20599365234375,166.9537794197021,164.62009000426215,165.72239075633624,20969600,2.333689415439949,4.7347820994486165
2018-04-19,166.93392944335938,167.1623297357998,164.05403708087252,165.0471002776731,22235000,3.1082926549272827,4.440410317884367
2018-04-20,165.1265411376953,167.26162087187814,164.65980023996286,166.62606105519114,19119400,2.601820631915274,4.265205542663716
2018-04-23,164.68959045410156,167.281485902097,163.94479308574589,166.10967864929586,23088100,3.3366928163511034,4.036800901365017
2018-04-24,158.5822296142578,164.94776694929445,157.0926351450695,164.2824014184711,35079900,7.855131804224953,4.239669444020466
2018-04-25,158.5822296142578,159.94272104717615,155.10650918615175,159.0291049244266,41083600,4.836211861024395,4.236121428476385
2018-04-26,172.95187377929688,175.04723753424813,169.61518114470482,172.01839203733653,77556900,5.432056389543305,4.297123897125658
2018-04-27,172.38583374023438,175.87149519912316,171.4027108901409,175.58349839134146,29804700,4.468784308982265,4.29783281405805
2018-04-30,170.80686950683594,174.50106580375402,170.51888784763625,172.5844459582464,20750500,3.9821779561177664,3.946004358437524
2018-05-01,172.65394592285156,172.81283965072635,169.04912213050952,170.80684800689198,26025900,3.7637175202168294,3.8318031027694275
2018-05-02,174.84864807128906,176.8446996844626,172.99160954957935,173.0412657410691,30424500,3.853090134883246,3.798465554432521
2018-05-03,172.81285095214844,174.89827444336046,170.92602190435747,173.9151516378394,24026100,3.9722525390029944,3.945297562442229
2018-05-04,175.3848876953125,175.75231622060258,171.85951039845025,171.87937590474584,17677800,3.892805822152326,4.0538250834773
2018-05-07,176.73544311523438,178.25482846315865,175.94098959567398,176.11974883522183,18697200,2.3138388674846624,3.9821830515904537
2018-05-08,177.6788330078125,177.79799572079432,175.8813913732879,177.0134826054323,15577200,1.9166043475064214,3.9523912610237733
2018-05-09,181.3929443359375,181.7405073959548,177.53985391865547,178.42367964135804,23282800,4.2006534772993405,4.030417034050349
2018-05-10,184.24302673339844,184.83887075483747,181.23404624631155,181.87953130875138,21071400,3.6048245085259225,4.102060168093966
2018-05-11,185.69287109375,187.0136468107041,182.9023511058294,183.56771670512563,21207800,4.111295704874692,4.157388945845652
2018-05-14,185.3452911376953,186.55682929767724,184.90834096157855,186.4078758980647,15646700,1.6484883360986942,3.7140572695509184
2018-05-15,183.04141235351562,184.0046696960543,181.92917128948,183.59752530906263,15429400,2.0754984065742974,3.5168634513759116
2018-05-16,181.9291534423828,183.04139439730852,181.39290604583692,182.42568498297499,16975500,1.648488351471599,3.2466085915136467
2018-05-17,182.48526000976562,182.7831819543688,180.95594958511393,181.41275010095788,14840700,1.8272323692548866,3.0579263101045484
2018-05-18,181.41278076171875,182.9123159135816,181.3432742162297,182.21717469398067,13130500,1.5690416973519064,2.8855594344784157
2018-05-21,183.21022033691406,184.01459903908622,181.85965388853225,182.49521367877423,13532900,2.1549451505539707,2.77064712235964
2018-05-22,182.5250244140625,184.1337819951603,182.15758071554657,183.64717555817558,12731400,1.9762012796137185,2.6365836326975307
2018-05-23,185.60350036621094,185.613440695791,180.91624099272752,181.23402848046132,16628100,4.6971997030634896,2.6883655729875664
2018-05-24,184.64022827148438,185.5042035350073,183.7464774779823,184.5905872352443,12354700,1.7577260570249962,2.5358598754784714
2018-05-25,183.63723754882812,185.0374602397614,183.17049665185036,184.7296130849338,10965100,1.8669635879110444,2.5039402126517842
2018-05-29,184.45155334472656,185.51412302653,182.43563637985392,183.0612558549565,16398900,3.078486646676083,2.586931805449617
2018-05-30,186.3681640625,186.69587672830158,183.96495299956314,185.24599782684075,13736900,2.7309237287384462,2.481951109123839
2018-05-31,190.4496307373047,191.383112429856,186.17945658677192,186.5667505706028,30782600,5.2036558430840785,2.5961533473065646
2018-06-01,192.6443328857422,193.2004458453696,190.73765338718755,191.73071657307693,17307200,2.4627924581820366,2.478403115399946
2018-06-04,191.93927001953125,192.634411286657,190.14182790276925,190.5092564683336,18939800,2.4925833838877622,2.5386956188134513
2018-06-05,191.6016082763672,193.64731595895012,191.28382079215095,192.95217477840367,15544300,2.3634951667991686,2.5592668159723706
2018-06-06,190.0126953125,191.1944428595249,187.7981687794442,189.70484816722947,22558900,3.396274080080701,2.6841086537301635
2018-06-07,186.87460327148438,189.6452577525621,185.4743958437912,189.42678266255095,21503200,4.170861908770888,2.8515107636955923
2018-06-08,187.7882537841797,188.16560748935305,185.136761753555,186.22913731497124,12677100,3.0288457357980576,2.95578248072746
2018-06-11,190.2113037109375,191.26396334867428,187.49032045467757,187.5002456308384,12928900,3.7736428939967084,3.0714037481162273
2018-06-12,191.0653533935547,191.93925385746576,190.23118394324425,190.83695310064772,11562700,1.708069914221511,3.0522515077310692
2018-06-13,191.07528686523438,193.1507852395862,190.5787552836416,191.40299952743857,15853800,2.5720299559446005,2.900453668651149
2018-06-14,195.4447479248047,195.91148879795227,191.57180786351674,191.7604922785688,19120900,4.339680934435535,3.0848790170376157
2018-06-15,194.4914093017578,195.70294746550442,193.2897963137029,194.43181278878768,21860900,2.4131511518015145,3.1238924144583637
2018-06-18,196.93434143066406,198.19553581365187,192.78334493566004,193.44869539597664,16826000,5.412190877991833,3.2905855738380603
2018-06-19,196.1200408935547,196.58678177187983,192.4456952296434,194.87871199437944,19994000,4.1410865422364225,3.3913114890879155
2018-06-20,200.5987548828125,202.13800578502625,197.43088103222226,197.71887782933467,28230900,4.707124752803992,3.3558449826393377
2018-06-21,200.1022186279297,201.97910731812365,198.7019959923883,201.35347270374544,19045700,3.2771113257353477,3.414010616036003
2018-06-22,200.340576171875,200.83710777373088,197.92742470732554,199.76459769536913,17420200,2.9096830664053357,3.443803450501544
2018-06-25,194.9879608154297,198.61263534937925,191.7704306677108,198.61263534937925,25275100,6.8422046816684485,3.763711272992207
2018-06-26,197.61956787109375,197.71888024778335,194.868778688557,196.22928551508667,17897600,2.8501015592263457,3.7246989500740386
2018-06-27,194.4814910888672,199.35743497834366,194.44177522864408,197.79831849987062,18734400,4.915659749699586,3.77789879585466
2018-06-28,194.86878967285156,195.97109044329886,191.91939072362615,193.8260702706,18172400,4.051699719672712,3.8509597947028493
2018-06-29,192.9720458984375,196.22929194170896,192.6145425447642,195.95123546140104,15811600,3.6147493969447737,3.83961025919914
2018-07-02,195.99095153808594,196.08032358836755,190.8866073540216,192.028623959909,13961600,5.193716234345942,4.0885849963508845
2018-07-03,191.39305114746094,194.0445278632857,191.1845163776106,193.2004333018475,13489500,2.860011485675102,4.109155105617349
2018-07-05,197.0733642578125,197.27197384227958,192.68402728344807,193.3891087341872,19684200,4.587946558831504,4.126888364502776
2018-07-06,201.8202362060547,202.22739576749657,196.32859775051318,197.0733951738102,19740100,5.898798016983392,4.375863140587195
2018-07-09,203.3197479248047,204.37239240381143,200.7179122556066,203.5084171884673,18149400,3.65448014820484,4.250312374173839
2018-07-10,202.1280517578125,203.48855847550138,200.85693223316977,203.08139897776456,13190100,2.631626242331606,4.142493781323495
2018-07-11,201.135009765625,203.08142026529077,200.35049652089202,200.81723742762458,12927400,2.7309237443987513,4.0013365664374065
2018-07-12,205.48463439941406,205.64352814724924,201.7805129265396,202.01883839535054,15454700,3.8630152207096558,4.043186844649857
2018-07-13,205.8818817138672,206.98416738230793,205.0179063762794,206.36847301191196,11486800,1.9662610060285317,3.975799554622942
2018-07-16,205.79246520996094,207.27213470731385,205.40517120098139,206.0605964940054,11078200,1.8669635063324677,3.6204251849560865
2018-07-17,208.53334045410156,209.00008135608186,203.41905603853525,203.4786374042448,15349900,5.581025317546619,3.815491167693249
2018-07-18,207.90771484375,209.52641272960082,206.99409850630147,208.3645305889453,15334900,2.532314223299352,3.6452522015218034
2018-07-19,206.64651489257812,208.53334403915423,206.31880222260003,207.3218057390928,11350400,2.2145418165542026,3.5140266370133384
2018-07-20,208.4836883544922,210.03286450509455,207.0536749376464,207.40125311502538,16163900,2.9791895674481452,3.468629506335008
2018-07-23,209.44692993164062,210.15199620617375,207.35156630583543,209.1192173092609,16732000,2.8004299003383153,3.2976804824773205
2018-07-24,213.1808624267578,214.70024781858933,211.12522960666732,213.61781263279005,28468700,3.575018211922014,3.348752391494957
2018-07-25,215.99122619628906,217.10345202937037,212.7836365972089,214.22357507459606,58954200,4.319815432161477,3.3296001681613836
2018-07-26,175.03729248046875,178.88045689209585,172.54470961249203,173.67680091404776,169803700,6.335747279603822,3.3608108297771286
2018-07-27,173.67681884765625,178.68185060478314,171.79993004461596,178.62226923848687,60073700,6.881920560167174,3.591342287774438
2018-07-30,169.8733673095703,174.08396020571564,165.40458346879407,174.08396020571564,65280800,8.679376736921569,4.023324465959435
2018-07-31,171.38282775878906,173.03131610438982,168.82072320010525,169.4860736437764,40356500,4.210592904284567,4.129015120236994
2018-08-01,170.45928955078125,173.86550415299672,169.7144921624389,172.72347239910673,34042100,4.1510119905578335,4.149586318083292
2018-08-02,175.1465606689453,175.56364541586697,169.0888839317201,169.4960283482519,32400000,6.474761484146882,4.471622066520317
2018-08-03,176.54676818847656,177.60935304799912,174.9280703812545,176.45739614036944,24763400,2.6812826667446075,4.52978772083547
2018-08-06,184.4019012451172,184.5011984696972,177.14261194478343,177.7285155745118,49716200,7.358586524913761,4.656756378504552
2018-08-07,182.53492736816406,186.9937861759724,182.44555532519328,185.20626955185432,33398600,4.548230850779106,4.800750423324534
2018-08-08,183.89541625976562,185.55384495940547,182.48526848627748,183.46840640325328,22205200,3.0685764731279903,4.86175289879409
2018-08-09,181.81993103027344,185.27580175054516,181.214161894215,184.56079506034698,19732100,4.061639856330146,4.939070776571376
2018-08-10,179.00958251953125,180.83683048241875,178.17541299581015,180.77723395677305,21500400,2.661417486608599,4.929141318447825
2018-08-13,178.80104064941406,181.34328013721313,177.659008823621,178.85069684235162,17423300,3.68427131359212,4.936945111424261
2018-08-14,179.85366821289062,180.7275686363112,177.38093550731628,179.4564490129401,19102000,3.3466331289949096,4.8674320897695065
2018-08-15,178.2846221923828,179.6153231474566,173.56757233346266,178.09593777355548,33020200,6.047750813993929,4.846860913654514
2018-08-16,173.48814392089844,179.24791370774693,172.80292786507948,179.1684668306868,31351800,6.44498584266745,4.815651290975962
2018-08-17,172.5943603515625,174.99757110350183,170.8465596934688,173.28950145287726,24893200,4.151011410033021,4.492196624769638
2018-08-20,171.3033905029297,173.35903846237647,169.7244237576085,172.8327010609952,21518000,3.6346147047679835,4.451055324804167
2018-08-21,171.4225616455078,172.96181260835425,170.201098174346,171.61124607457785,19578500,2.760714434008264,4.351748356479198
2018-08-22,172.4354705810547,173.03131448323677,170.9359508029143,171.01539766673457,16894100,2.095363680322464,4.038934227634597
2018-08-23,171.7006072998047,174.33223365823537,171.63110076096905,171.88929171697956,18053600,2.7011328972663193,4.040352101243291
2018-08-24,173.43846130371094,173.60729536232932,171.72046641374712,172.4950544058899,14631600,1.886828948582206,3.649512274362465
2018-08-27,176.22900390625,177.43060190465033,174.57057501103293,174.76919977537796,17921900,2.860026893617402,3.528926277422343
2018-08-28,175.03729248046875,177.0035682828603,174.6102826308102,176.864540058211,15910700,2.3932856520501105,3.480691218773923
2018-08-29,174.67979431152344,175.56361986988395,173.53777780062114,175.0770286457498,18494100,2.025842069262808,3.335277091126256
2018-08-30,176.40771484375,178.54279428255865,174.4811701541776,174.67977972823945,24216500,4.061624128381055,3.43529185125286
2018-08-31,174.51100158691406,176.38789053305382,173.76620414554205,175.92114959089196,18065200,2.6216863875117724,3.3593929279614065
2018-09-04,169.9727020263672,172.68376033673212,167.62907225339043,172.29646629239426,29809000,5.054688083341688,3.481396853271891
2018-09-05,166.02029418945312,169.9429058498989,165.51383742566972,168.3142828503275,31226700,4.429068424229172,3.3657766825744084
2018-09-06,161.40252685546875,165.82165413867713,158.8900786982872,165.82165413867713,41514800,6.931575440389935,3.400533082411729
2018-09-07,161.9090118408203,163.48799379024945,159.0490002280922,159.19795364174527,24300600,4.438993562157236,3.4211032361348868
2018-09-10,163.0410919189453,163.8653361074386,161.03511537402179,162.37574146260647,20197700,2.830220733416809,3.3636465238955173
2018-09-11,164.78890991210938,166.03023891270928,162.58430839480857,162.80278351114953,20457100,3.445930517900706,3.4125905298878343
2018-09-12,160.876220703125,163.34895325417597,160.67761111556104,162.11754956657504,24078100,2.671342138614932,3.4537318483372963
2018-09-13,160.2406768798828,162.18708739879207,159.7441452850831,160.87623671510877,25453800,2.442942113708966,3.435289649511771
2018-09-14,161.19398498535156,161.7103668081724,159.22770943828667,160.59814115540377,21770400,2.482657369885743,3.477848822462024
2018-09-17,159.46609497070312,160.9358243053203,158.66171618049336,160.7967960595179,21005300,2.274108124826938,3.4359974818341334
2018-09-18,159.18801879882812,160.6378824468161,157.76793067882136,158.28432773636385,22465200,2.869951767994735,3.470045061544464
2018-09-19,161.9288787841797,162.30624763937197,158.37371080167262,158.96955476745606,19629000,3.9325368376993595,3.6062375450042174
2018-09-20,164.8683319091797,165.29534174754156,163.32908115010815,163.358871829392,18936000,1.9662605974334042,3.4565687213650995
2018-09-21,161.79974365234375,166.08978298859876,161.68058094398285,165.48401396619994,45994800,4.40920204461591,3.5842484111582524
2018-09-24,164.2625732421875,164.55055487781118,159.76399855022814,159.91295195607822,19222800,4.7865563275830425,3.565096142889778
2018-09-25,163.76605224609375,164.44132793341424,160.03212500063188,160.86630958600753,27622800,4.409202932782364,3.5636771792150057
2018-09-26,165.79188537597656,168.12558977650852,163.07090211648224,163.1602741608582,25252200,5.054687660026275,3.429613766331887
2018-09-27,167.6687774658203,170.57846035500611,166.05009484635943,166.38773267835091,27266900,4.5283655086466865,3.435997476795419
2018-09-28,163.31918334960938,167.6191337450119,161.43235414537662,167.16233315079896,34265600,6.186779599635287,3.6757516815253104
2018-10-01,161.3131866455078,164.72932643590048,160.14136420441187,161.89909028958493,26407700,4.5879622314886035,3.7573253753530174
2018-10-02,158.22476196289062,161.15429538134754,157.56933661216087,160.45915416978957,36031000,3.5849587691866702,3.8225837061081416
2018-10-03,161.30322265625,162.52470110815972,158.42334589531154,158.89008673733764,23109500,4.101355212848176,3.9410417846180854
2018-10-04,157.74807739257812,160.33997265513239,156.25848276244213,160.33997265513239,25739600,4.081489892690257,4.05524410767555
2018-10-05,156.2386016845703,159.78382867138936,155.11643565944723,158.10556495052265,25744000,4.667393011942124,4.226193028183778
2018-10-08,156.1591796875,157.24161487978859,153.3190184842043,154.4610350407743,24046000,3.922596395584293,4.301381930154461
2018-10-09,156.8046417236328,159.47598361954783,156.32797572619788,156.59610697916577,18844400,3.1480078933499556,4.245344148415218
2018-10-10,150.3299102783203,156.5961365713776,150.26038858173445,155.7321764465869,30610000,6.335747989643153,4.557450390715914
2018-10-11,152.28627014160156,153.73613414083985,148.12533229817402,149.08860495584815,35338900,5.610801842665836,4.64327894771948
2018-10-12,152.67352294921875,155.80166558133405,150.25044661629414,155.64277185227078,25293500,5.551218965039908,4.697897707537828
2018-10-15,152.45506286621094,154.49084540551436,151.49179037424213,152.25645326180265,15433500,2.999055031272235,4.597172857429961
2018-10-16,157.6785430908203,158.35383381532952,153.93469131038233,154.3219852771215,19180100,4.419142504947189,4.5517767749243125
2018-10-17,158.31411743164062,159.37670222103174,156.85431346380702,158.45314565938952,17592000,2.522388757224718,4.4084927212513145
2018-10-18,153.84535217285156,157.55941406947483,152.2167290987112,157.41044549475907,21675100,5.342684970763628,4.348200247760482
2018-10-19,152.9813690185547,156.25848018130944,152.4848374833779,154.77881075142426,19761300,3.7736426979315354,4.29003456679212
2018-10-22,153.70631408691406,156.24855334202624,153.38854175649567,153.6864485809688,15424700,2.8600115855305717,4.238252625102398
2018-10-23,153.31903076171875,153.69639963630817,149.80359361113565,150.1710221555881,19095000,3.8928060251725185,4.223356254554138
2018-10-24,145.02694702148438,153.57722201311554,144.5900119300226,153.20979346802224,27744600,8.987210083092947,4.573764839582901
2018-10-25,149.90289306640625,151.154162446848,145.9802962984977,146.70522822096567,22105700,5.1738661483502995,4.609941492183485
2018-10-26,144.36158752441406,147.9664116642357,142.80248623405868,144.80847807125647,31303300,5.1639254301770166,4.6986078517972505
2018-10-29,141.10433959960938,147.7975906976604,138.0655687796354,147.46987803922033,31336800,9.732021918024998,5.168894567845468
2018-10-30,145.2056884765625,145.6227731624568,138.7706437967156,138.9692533871976,50528300,6.852129365741206,5.205778951852472
2018-10-31,150.737060546875,155.31508262909338,147.92670494928095,153.92480017258245,60101300,7.388377679812436,5.3327486545058
2018-11-01,150.6973419189453,151.6904051276369,148.31399627926237,150.46894162377004,25640800,3.376408848374524,5.177405074743987
2018-11-02,149.3070526123047,153.0608301560605,147.92669542190708,150.74699116800932,24708700,5.134134734153406,5.329910767806928
2018-11-05,147.6486053466797,149.14814023326375,146.41721687635462,149.05876819647037,15971200,2.7309233569091305,5.209323685804209
2018-11-06,148.89990234375,149.9227562530089,146.97335726326082,148.27426766321486,16667100,2.94939898974809,5.239824416698736
2018-11-07,150.47885131835938,151.94858047318192,148.79064706786775,150.51858232826675,21877400,3.157933405314168,5.083770733452346
2018-11-08,146.84423828125,149.8929493242543,145.72208726289136,149.4460739521334,24145800,4.170862061362925,5.112143545126017
2018-11-09,143.95443725585938,146.73500188328592,143.0706116807972,145.73201358217426,17326900,3.664390202488704,5.169599160623027
2018-11-12,140.568115234375,144.03389650499133,139.51547054520407,143.47778347319866,18542100,4.518425959787265,5.214286298809794
2018-11-13,141.17385864257812,143.87499157692912,140.6375960650406,141.0149649045714,15141700,3.237395511888508,4.803585258009477
2018-11-14,143.2195587158203,144.57012511173735,140.56808210861098,142.70316167101495,22068400,4.002043003126374,4.719883604779197
2018-11-15,142.85215759277344,143.83528053316786,139.85310227156623,141.34269717804793,30320300,3.982178261601632,4.635473092738097
2018-11-16,138.56210327148438,140.78657023334137,136.81431754263056,140.09142904305526,37250600,3.9722526907108033,4.224061005072798
2018-11-19,130.637451171875,136.79443923574522,130.29981336146517,136.65541101069763,44362700,6.494625874280047,4.198525041397001
2018-11-20,131.51133728027344,133.22934733014625,125.97005101536298,126.14880267400333,41939500,7.2592963147832705,4.189304943894918
2018-11-21,133.88478088378906,136.23833569555546,133.19956488721374,133.4676810270502,25469700,3.0387708083417238,4.165187941035432
2018-11-23,130.81622314453125,133.56701270476958,130.34948218529772,132.7229028458298,11886100,3.2175305194718646,4.02828763998675
2018-11-26,135.4339599609375,136.04965427733893,131.85892648809363,132.07740159770862,24263600,4.190727789245301,4.13255938515362
2018-11-27,134.0635223388672,135.66235458176686,132.78247757047865,134.80831968519422,20750300,2.8798770112882153,4.127593529549343
2018-11-28,135.81129455566406,135.84108523433505,130.93536659359546,135.33462854398906,29847500,4.905718640739593,4.25243533207973
2018-11-29,137.71798706054688,139.01891248426867,134.71894732970262,134.97713828744196,24238700,4.299965154566053,4.26165698159424
2018-11-30,139.63461303710938,139.99211638467614,136.40715773236062,137.30090852480677,25732600,3.584958652315521,4.255983299439012
2018-12-03,140.1112823486328,142.68331238335657,139.78356967639107,142.0080366851191,24819200,2.8997427069654975,4.1403630670946
2018-12-04,136.97320556640625,142.3953375299049,136.20855778090638,139.75378567197114,30307400,6.186779748998532,4.351033369745316
2018-12-06,138.66140747070312,138.730914009161,132.74274464337415,132.8917132022535,28218100,5.9881693657868595,4.492899538506779
2018-12-07,136.4667510986328,139.89281630821017,135.7120284775977,138.28405867916092,21195500,4.1807878306124735,4.507085936293268
2018-12-10,140.8660125732422,142.0576853115259,138.04570173734353,138.6316205066074,26422200,4.011983574182352,4.509923856541236
2018-12-11,141.0944061279297,142.88192272662894,140.12120853922576,142.88192272662894,20300300,2.760714187403181,4.243215878907174
2018-12-12,143.49761962890625,146.16896182363112,141.52141858172638,142.08747182876053,23696900,4.647543241904742,4.056662087987279
2018-12-13,144.00408935546875,144.83827396073877,142.19672220875788,144.5602174766294,18148600,2.6415517519808986,4.028289298247221
2018-12-14,143.0606689453125,144.99713897574813,141.5214180969876,142.34566229516082,21785800,3.4757208787605407,4.04673146676784
2018-12-17,139.217529296875,143.9147138842566,137.45980322964053,142.0874812741174,24334000,6.4549106546160715,4.208458814294324
2018-12-18,142.66346740722656,144.91771003155802,138.86003341400857,140.1013624528026,24709100,6.057676617549447,4.43544450045584
2018-12-19,132.3157501220703,143.90479618921722,131.5808778773564,140.23046527153232,57404900,12.323918311860837,4.965315905535929
2018-12-20,132.47462463378906,134.62958510936798,129.09821581968183,129.7933570281225,40297900,5.531369289686154,5.053273343758794
2018-12-21,124.08323669433594,133.96421193716105,122.5638512976946,132.46469204620433,56901500,11.400360639466456,5.611516342841003
2018-12-24,123.19941711425781,128.84002392156424,122.16663048591093,122.24607735958473,22066000,6.67339343565331,5.881062823461561
2018-12-26,133.2492218017578,133.3088183262092,125.01673399123808,125.1259715566513,39723400,8.292084334971122,6.031441722459603
2018-12-27,133.58685302734375,134.05359389857932,128.77049091052587,131.52127995213837,31202500,5.283102988053457,5.981079838335789
2018-12-28,132.2760009765625,134.97713380215694,131.2829378834157,134.40115538977898,22627600,3.6941959187412294,5.946323273202128
2018-12-31,130.18064880371094,133.70602612801716,129.04855738311358,133.517341699094,24625300,4.657468744903582,5.992429356825073
2019-01-02,134.73878479003906,136.55609195535607,127.66818085734813,128.09520584026163,28146200,8.887911098007933,6.430086279011127
2019-01-03,130.82614135742188,136.21846684512943,130.21043191679348,133.75567454143803,22717900,6.008034928335945,6.527264256613356
2019-01-04,136.9930877685547,137.04274396724765,132.82222467840123,133.08041569748247,29002100,4.220519288846418,6.640047652103751
2019-01-07,137.0923614501953,137.90666529760657,134.96720706161565,136.6057550851361,20089300,2.9394582359909123,6.601743177620206
2019-01-08,141.54127502441406,142.14704408983394,138.57201105572653,138.91958918371517,26263800,3.575033034107406,6.396037633298158
2019-01-09,143.22950744628906,143.69624838322724,140.29004872955338,141.9583877061424,22205900,3.406199653673866,6.206646421592759
2019-01-10,143.19970703125,143.55721038093398,139.86301415184678,142.08748112242944,16125000,3.694196229087197,5.590237701394642
2019-01-11,142.80247497558594,144.35165096720868,141.58101162110495,142.15697487711634,12908000,2.770639346103735,5.393042705424469
2019-01-14,144.38145446777344,145.5532768942952,140.2900390339963,141.01497090922715,20520300,5.263237860298915,4.954676792626787
2019-01-15,147.916748046875,149.63474299414236,144.97728971017003,144.99714006236596,24069000,4.65745328397233,4.810681067506718
2019-01-16,146.5165252685547,148.61188904658937,145.98027785393614,147.9664040832414,18025700,2.6316111926532244,4.406361557341154
2019-01-17,147.27127075195312,147.9664119385257,145.48375402009407,145.93062941482347,15787900,2.4826579184316415,4.206329766653881
2019-01-18,148.99916076660156,151.37258064946704,147.5195066449906,148.71117917372496,31029600,3.85307400447644,4.217678201349253
2019-01-22,146.54635620117188,150.4788783230586,145.3546681371401,148.1650390512821,22378700,5.124210185918514,4.251016875707463
2019-01-23,143.29901123046875,147.76779526996606,142.06760750674863,147.25139820480075,20098400,5.7001877632174285,4.023322351793856
2019-01-24,144.81838989257812,145.42415897380562,141.53135354227183,143.63664241010645,20955500,3.8928054315337874,3.872234530593701
2019-01-25,147.97634887695312,148.79066801233625,145.52348144634266,146.4569633223408,22237200,3.2671865659935975,3.804139336104214
2019-01-28,146.44703674316406,147.92670642105566,145.19578251985507,147.0230152388613,15508500,2.7309239012005833,3.789244026476333
2019-01-29,143.1897735595703,147.07265399174207,142.43503589121408,147.06271366266958,17632100,4.6376181005279875,3.865142959792089
2019-01-30,149.37655639648438,149.90287865090156,144.68929714160828,145.20569421963796,44613200,5.213581509293277,3.994241663764904
2019-01-31,165.53367614746094,170.48905088702503,163.85539723014855,164.45124109943382,77233600,6.633653656876476,4.204202908606995
2019-02-01,164.5605010986328,167.92698456784095,164.5108449105914,164.6895890040111,30806500,3.416139657249545,4.250310073688839
2019-02-04,168.07591247558594,168.12556865609264,162.48496294577373,164.55053580075398,20036000,5.6406057103189085,4.277264920118839
2019-02-05,169.9727020263672,170.78700597600024,167.51983469458017,167.97663528382893,22557000,3.267171281420076,4.177959062793677
2019-02-06,169.30734252929688,171.27360333079847,168.0958042695481,170.0124088827765,13281200,3.1777990612503686,4.216972481979188
2019-02-07,165.22586059570312,168.06602196294438,164.10369432715694,167.03322774597922,17517600,3.9623276357874317,4.32266317607603
2019-02-08,166.16925048828125,166.20896634502262,163.07089846248257,163.32908941365235,12561400,3.1380678825400423,4.27159131022343
2019-02-11,164.6399383544922,167.13253664037583,163.93487198058543,166.73530227562264,12811200,3.197664659790405,4.133980915499994
2019-02-12,163.89511108398438,167.17222201919657,163.35886373052074,165.70249301994548,16292300,3.813358288675829,3.9992073816041653
2019-02-13,162.93185424804688,165.06693364427042,162.59420131064323,164.23276435808495,14205100,2.4727323336271922,3.8977735888965515
2019-02-14,162.81271362304688,163.72632997682763,161.1245091616489,162.0579910228651,12755200,2.6018208151787405,3.8502474638383473
2019-02-15,161.3727569580078,163.55749279085117,159.74413404774924,163.36880837362978,15504400,3.8133587431019293,3.927564238259872
2019-02-19,161.16421508789062,163.01131318901503,159.21781976159522,159.3866386820332,14345400,3.793493427419804,3.8672696187521445
2019-02-20,161.43235778808594,162.58431478260812,160.13144736881628,161.12451060831282,11770700,2.452867413791836,3.670075754787756
2019-02-21,158.92982482910156,161.11457594978071,158.48294942821414,160.80671363518204,15607800,2.6316265215665737,3.3842166736941914
2019-02-22,160.76698303222656,161.28338008184417,159.19794153169087,159.4660728088112,15858500,2.085438550153299,3.2891665946158883
2019-02-25,163.47804260253906,164.91799621927018,161.76997285904065,161.93880692055532,18737100,3.14802336022953,3.111124998180933
2019-02-26,162.99143981933594,165.08680341690865,162.66372720137176,163.19997456980633,13784100,2.423076215536895,3.0508324934749913
2019-02-27,161.68060302734375,162.79282886512982,159.297257616962,161.76997507082143,12697500,3.4955712481678063,3.073530506826237
2019-02-28,160.33006286621094,162.3658456124294,159.74415917012624,161.2436792617014,11114200,2.6216864423031723,2.977770421577361
2019-03-01,161.15428161621094,161.9983913278936,160.56837801315342,161.47206908746014,11097800,1.4300133147401652,2.85576652387737
2019-03-04,166.20896911621094,166.3380721704185,162.69353234778373,162.76303888647507,18894700,3.6445398226347834,2.887686178366254
2019-03-05,170.07199096679688,170.68770042869457,165.39467197873768,166.20897588868576,28187900,5.293028449956893,2.9933769041720444
2019-03-06,171.31332397460938,172.36598367540338,170.08193532751034,171.70061800925208,21531700,2.284048347893048,2.979899476619605
2019-03-07,167.95675659179688,170.54865172903757,166.44729653008218,170.3103111446807,18306500,4.101355198955389,3.0870090754607946
2019-03-08,168.4235382080078,168.44338856347213,164.8187136556875,165.047113967072,13184800,3.624674907784623,3.0735316586524157
2019-03-11,170.87637329101562,173.09089974046447,170.38976692151172,170.40963242614907,18884000,2.7011328189527433,2.995505900904768
2019-03-12,170.7274169921875,172.59438058568327,170.0322758093778,170.89623591137405,12155300,2.5621047763054605,3.0033085696557413
2019-03-13,172.1673583984375,172.82278373291857,170.92602942537857,171.12465418342126,11973300,1.896754307539993,2.9508176972252715
2019-03-14,168.98956298828125,169.96276068181822,166.99351141060052,168.58240343942427,18037400,2.9692492712177057,3.0139470344441577
2019-03-15,164.82862854003906,166.41753574865888,161.3826979642868,166.00045101580815,37135400,5.034837784372087,3.148719493311483
2019-03-18,159.35684204101562,162.76304131114932,158.17509448919265,162.43534381210173,37524200,4.5879468219566775,3.303353108055753
2019-03-19,160.44920349121094,162.6835953429783,159.70440620728849,160.3598163009062,25611500,2.9791891356898077,3.266468671450182
2019-03-20,164.29237365722656,164.96764934100926,160.12151136396588,160.37970233371666,20211500,4.846137977043384,3.4253580667887684
2019-03-21,164.92791748046875,165.23576460955843,162.61407869503546,163.7461699955581,16223000,2.6216859145229705,3.510477538201826
2019-03-22,163.1999969482422,166.25863331571065,162.95173115691787,164.50090727031096,16389200,3.3069021587927807,3.4863605622131115
2019-03-25,165.13645935058594,165.38472513027486,160.87622523841802,161.86928835717367,12631200,4.508499891856843,3.430322808063108
2019-03-26,166.51683044433594,168.27455655476712,165.19606972021415,166.18913292225227,15437900,3.0784868345529617,3.487068414253102
2019-03-27,164.71939086914062,167.76810221715652,163.64688077698563,166.68566694789587,10620300,4.121221440170899,3.488487431482781
2019-03-28,164.401611328125,165.56349342223425,162.19700987173064,163.42841366136489,10443000,3.3664835505036024,3.470045191676994
2019-03-29,165.53367614746094,166.03020765421897,163.66671283311027,165.2357542128183,13455500,2.363494821108702,3.445928191830991
2019-04-01,167.52975463867188,167.728364243139,166.11960674813125,166.665794525122,10381500,1.608757495007751,3.377831957452583
2019-04-02,172.99159240722656,173.6867335603725,168.37385496216956,168.95975856603962,23946500,5.3128785982029285,3.621840835357079
2019-04-03,172.33616638183594,176.72551868655825,171.7502627804468,173.28951363992826,27391100,4.9752559061114425,3.765127023563774
2019-04-04,174.79896545410156,176.765226085715,174.31235909577353,174.79896545410156,17847700,2.4528669899414695,3.5807005382473016
2019-04-05,174.5010528564453,175.77217243925097,173.8853585702884,175.6530097136569,9594100,1.8868138689625766,3.3877624701762943
2019-04-08,173.71652221679688,174.2825754617936,173.0213810717539,173.99459382775456,7297400,1.2611943900397193,3.2650485597727164
2019-04-09,176.34814453125,177.9469767049302,174.33222768003674,174.40173421648885,19751000,3.614749024893456,3.1770922060477216
2019-04-10,176.58648681640625,177.54974407779716,175.3153521141725,176.94397498376352,11701500,2.2343919636246596,3.149428352412128
2019-04-11,176.2786407470703,177.16246637676977,175.77218397711053,177.00358778319563,8071000,1.3902823996592417,3.0125269410454467
2019-04-12,177.8576202392578,178.38394250839818,176.71558849922496,176.7652446884336,12329800,1.668354009173214,2.809659377996616
2019-04-15,178.40380859375,179.24791842590784,175.64309394324846,177.2617919059532,10834800,3.6048244826593816,2.8472549242899317
2019-04-16,177.6292266845703,178.92021199834548,177.0631884860883,177.75832976183082,11215200,1.8570235122571717,2.6855265008675224
2019-04-17,177.539794921875,179.48620499236088,177.12271029668622,178.35411382315183,9973700,2.3634946956746603,2.6138844398083125
2019-04-18,177.0432891845703,177.6391331088724,176.1098074412026,177.55968624210274,11655600,1.5293256676697808,2.5543009288483893
2019-04-22,180.181396484375,180.40979678649038,177.01352232792067,177.01352232792067,13389900,3.3962744585697067,2.681980711959958
2019-04-23,182.50514221191406,182.94209241691908,180.22109396489566,181.47236321612658,19954800,2.720998452023423,2.4968464158042787
2019-04-24,181.31346130371094,183.85570039683563,180.38990474786817,183.21021544768485,37289900,3.4657956489674575,2.38902782600828
2019-04-25,191.9193878173828,197.1031789131023,190.78729637998094,195.61358411899766,54148800,6.315882533121368,2.664957507663987
2019-04-26,190.1616668701172,191.56187438670477,187.77830623312232,191.1646551903428,22075000,3.7835681535824506,2.8004399565654063
2019-04-29,193.42884826660156,194.0544829295468,189.32749241474613,189.62541440438395,19641300,4.7269905148006615,3.0479968226197593
2019-04-30,192.0583953857422,196.02072256661867,190.94616957480432,192.8429237118389,23494700,5.0745529918143575,3.152268534542681
2019-05-01,191.6909637451172,194.8191063635022,191.67109824083647,193.42882412265106,15996600,3.148008122665715,3.2175268316170422
2019-05-02,191.19442749023438,192.65423138357187,188.43371342800393,191.66116833520294,13209500,4.220517955567942,3.4196865141819495
2019-05-03,194.11402893066406,194.7992448361069,192.36624347773403,193.0315938800359,14575400,2.433001358372877,3.474304181981925
2019-05-06,192.5350799560547,192.93229913751748,189.22817799273233,189.91339396075503,13994900,3.704121144785148,3.4813968007051943
2019-05-07,188.45359802246094,191.56187537473048,186.5469185947955,191.2043720349844,16253000,5.014956779934977,3.70696346268218
2019-05-08,188.22518920898438,189.39701164551522,187.2420663548067,188.07623579257614,12505700,2.1549452907085254,3.6920670766131707
2019-05-09,187.3413543701172,188.4535953853974,184.96793408341324,185.90141585485125,12967000,3.485661301984152,3.8318053362070543
2019-05-10,187.03350830078125,188.68199675120817,183.30952152279687,186.94413625481548,12578500,5.372475228411304,3.9729625340528827
2019-05-13,180.28067016601562,184.14368505445333,179.5855290202056,182.22708052722422,16833300,4.55815603424773,4.104188075640333
2019-05-14,179.47630310058594,182.2171671572789,176.86455725832838,181.25389466676603,17628100,5.352609898950533,4.238960522067695
2019-05-15,184.97787475585938,185.98086306908414,178.77123015014467,179.16844934373407,16746900,7.209632918939462,4.302799835340417
2019-05-16,185.69287109375,187.271837756876,183.76632629086865,183.76632629086865,12953100,3.5055114660073627,4.282938643370768
2019-05-17,184.0146026611328,186.2787854054957,183.00167401667332,183.5577869499637,10485400,3.277111388822391,4.179375848658034
2019-05-20,181.45248413085938,182.95200390132163,180.11184293428423,180.61831479442765,10352000,2.8401609670374057,4.019776418316823
2019-05-21,183.53793334960938,184.41181859234194,182.61437676728363,183.28966756928773,7502800,1.7974418250583142,3.9233073970591517
2019-05-22,184.0344696044922,185.44461745433554,182.33632495648288,183.44855083175287,9213800,3.108292497852659,3.84386272150806
2019-05-23,179.61532592773438,182.6243060405023,178.4236531860441,181.15457683084898,12768800,4.200652854458184,3.9701235426570105
2019-05-24,179.80401611328125,182.35619574746875,179.5756158257631,181.06521058886167,8807700,2.7805799217056517,3.9041563124370464
2019-05-28,183.03146362304688,183.4286979680207,180.1913024564827,180.280674501749,14843300,3.2373955115380113,3.777187650408692
2019-05-29,180.92616271972656,183.27971734111765,180.09199337960567,182.22707291387843,12797700,3.1877239615119777,3.8509575554660813
2019-05-30,181.74046325683594,182.2072041023949,179.63517444057135,181.8099849437207,8581500,2.5720296618235636,3.785698152597468
2019-05-31,176.2388916015625,179.28758712821696,175.93104449641817,179.02939620359822,15226500,3.3565426317987885,3.6417029671251453
2019-06-03,163.01132202148438,173.83572024575662,159.89310410686156,173.7860640540099,56059600,13.942616138895062,4.312021546028526
2019-06-04,166.3380889892578,167.11267708694257,159.72428432169525,162.57438606091483,46044300,7.388392765247318,4.457434607906868
2019-06-05,167.00343322753906,167.5496210073409,163.48799623625894,166.31821720860052,19758300,4.061624771081966,4.232576883059904
2019-06-06,167.1623077392578,168.52279929090898,166.06993230534383,167.13251705950924,12446400,2.4528669855651515,4.157387991599746
2019-06-07,172.1475067138672,172.66388865254888,167.66878211581948,168.98955795129433,16917300,4.995106536729395,4.2801019307359605
2019-06-10,173.60731506347656,176.6262205096806,172.5943863615185,173.5377933663984,14767900,4.0318341481620905,4.3652214436734385
2019-06-11,176.8645782470703,178.7315269307695,175.56365260695551,177.24193199377433,15266600,3.167874323813976,4.463109479298843
2019-06-12,173.82577514648438,178.0264433753427,171.6807701595337,177.14261773709185,17699800,6.345673215809001,4.6943509591528665
2019-06-13,176.2388916015625,176.79500445639596,173.39873081900117,174.31234695950457,12253600,3.396273637394785,4.6368953007911955
2019-06-14,180.0721435546875,180.57860030822917,178.75136774135675,179.25782449489844,16773700,1.827232566872425,4.5687990611602505
2019-06-17,187.6988525390625,188.18545891691414,183.13077133521833,183.7266001080986,29459900,5.054687581695816,4.698605637600094
2019-06-18,187.16261291503906,193.1805731738549,185.98086534319046,192.6542509170899,37571400,7.199707830664437,4.985175913968127
2019-06-19,186.17947387695312,186.79518332984497,183.2698061402787,185.70280781095704,21417100,3.525377189566285,5.05327216594975
2019-06-20,188.2152557373047,189.83395350466373,186.33836700856963,189.62540357794163,14635700,3.4955864960940914,5.063203870542272
2019-06-21,189.8140869140625,190.66812181581346,187.44066662882705,187.44066662882705,22751200,3.2274551869864183,4.297835231120225
2019-06-24,191.2639617919922,192.63437858512927,190.24110799694424,191.085202551967,15509000,2.3932705881850325,3.9410407899014905
2019-06-25,187.53004455566406,191.80021919834294,186.82497819373347,191.5420282303452,16750300,4.975241004609472,4.006299092296312
2019-06-26,186.35824584960938,189.43673271254946,186.01066766451422,188.22519438265587,12808600,3.426065048035241,4.075813239615605
2019-06-27,188.1854705810547,197.50040795796585,186.9640071256477,188.56283943432734,11159000,10.53640083231815,4.471619975014802
2019-06-28,191.66116333007812,191.85977290397742,188.62239290589534,189.22816195569865,16378900,3.2373799980820763,4.414873250009086
2019-07-01,191.66116333007812,193.92534580899624,190.5985786226612,193.85583927695413,14181800,3.326767186335047,4.4262227401891625
2019-07-02,193.64730834960938,193.64730834960938,191.37320047269503,191.66118211012622,9050000,2.274107876914343,4.13539664455383
2019-07-03,195.83206176757812,196.03067137877287,192.81315627976903,192.81315627976903,10246100,3.2175150990038333,4.122628177525905
2019-07-05,195.03759765625,195.70296330494557,192.82307106256712,194.8191225498302,11164100,2.879892242378446,4.197818154347764
2019-07-08,194.40203857421875,195.31565486225594,192.29674952582613,193.83600045304996,9723900,3.0189053364298104,4.052405136828763
2019-07-09,197.82810974121094,198.07637551987906,193.53806981241408,193.61751667994074,14698600,4.5383057074649855,3.8623049851716593
2019-07-10,201.3236846923828,201.55210012306995,198.2849139301433,198.61262658235708,20571700,3.2671861929266584,3.843862771125972
2019-07-11,199.83409118652344,202.38627072676124,198.82117769502122,201.85000814613915,13678500,3.5650930317400196,3.8488275236721097
2019-07-12,203.44886779785156,203.87589288457733,197.77848499725377,198.2948669888595,15366300,6.0974078873235555,4.0538241451247625
2019-07-15,202.49551391601562,203.90566179408077,200.42001553475404,202.83315175591684,16030300,3.485646259326728,4.131850978777741
2019-07-16,202.4259796142578,204.0446773237711,201.69112261470192,202.47563580007818,12132700,2.3535547090691864,3.9445876719534345
2019-07-17,200.40016174316406,202.9424011735208,200.19161179871563,202.76364191357328,12083700,2.75078937480518,3.8963536952941444
2019-07-18,199.38720703125,201.0654860865178,197.99692475922123,198.7615724323669,11937900,3.068561327296578,3.3629365877926034
2019-07-19,196.98402404785156,200.9264863059817,196.69604237678112,200.777517728855,12098300,4.2304439292005895,3.43386972572964
2019-07-22,200.91653442382812,201.16480019976527,197.43087323178867,198.5232487070883,13589000,3.7339269679766005,3.4629525672754653
2019-07-23,200.9562225341797,202.82318576039194,199.5659404420674,201.4328885153413,14583700,3.25724531832455,3.5331766702333374
2019-07-24,203.24032592773438,203.38927935225882,195.85193301247276,196.25909257676287,32532500,7.537346339786069,3.8417360445749256
2019-07-25,199.3177032470703,207.21255193193846,196.884686508005,205.2661415712743,39889900,10.327865423933474,4.373734128971713
2019-07-26,198.36436462402344,201.472657138913,194.88864359181278,198.80131483540052,24434000,6.584013547100227,4.628384715448171
2019-07-29,194.580810546875,198.24521626812881,193.94525068959402,197.6195815880292,16530800,4.299965578534795,4.611360420524586
2019-07-30,195.6731414794922,197.33157014804775,192.15770486400248,194.03459346818443,11903600,5.173865284045263,4.747551784175916
2019-07-31,192.88265991210938,197.3812349683282,191.3434089309462,195.58379301180506,14593500,6.03782603738199,4.924175570293199
2019-08-01,191.39305114746094,197.09323891944084,189.5558934646079,192.82306446676884,17777000,7.537345454832945,5.027028253686727
2019-08-02,187.70880126953125,191.28381952564587,186.7653943055402,189.7743744444367,15297000,4.518425220105655,5.100798179456651
2019-08-05,180.4693603515625,184.38203155114934,178.09594005094718,183.4088339158982,23086700,6.286091500202161,5.381693664537577
2019-08-06,183.23007202148438,184.50119161121094,181.81992420016087,182.41576813725678,18035700,2.6812674110500723,5.376727809983641
2019-08-07,183.86563110351562,185.0771693254237,179.96290030478437,182.3263953857101,15833200,5.114269020639341,5.522849788079553
2019-08-08,188.84088134765625,189.01962543093387,182.77326524504144,185.32542951379364,14828900,6.246360185892428,5.6668438064146835
2019-08-09,186.54693603515625,189.65521367802012,185.82198895851644,188.6820159438704,11058800,3.8332247195036757,5.673936502952332
2019-08-12,184.08412170410156,186.28872323433745,183.18044570259855,185.55386615955348,10930900,3.1082775317389064,5.663295946767643
2019-08-13,187.1427459716797,190.05242885559556,184.0841096777259,184.23307824070483,13577000,5.96831917786966,5.5512225780593285
2019-08-14,178.46340942382812,184.69984563472454,178.06617501848694,184.51116118630537,18903700,6.633670616237595,5.287351520366765
2019-08-15,181.32339477539062,181.92916389583752,178.7811555659548,179.694771834787,12925900,3.148008329882714,5.0419225762798
2019-08-16,182.4257049560547,183.81600251369508,181.09500391828004,182.4753611461386,12654600,2.7209985954150397,4.929139220342675
2019-08-19,184.87857055664062,186.1993464054966,183.56773503747556,184.71967681100196,9691200,2.631611368021055,4.747549654912374
2019-08-20,182.53492736816406,184.709737998096,181.12477957384328,184.16355025837376,10083400,3.5849584242527044,4.57234482540314
2019-08-21,182.27671813964844,184.61040711656548,181.86955866968395,183.71665647058686,8398200,2.740848446881529,4.229737896263752
2019-08-22,180.77720642089844,182.8328543836781,178.66199224743258,182.15756357237575,10821400,4.170862136245518,4.204911961702314
2019-08-23,176.51695251464844,181.85963643266808,175.43451745520215,179.58551362207953,17323400,6.425118977465928,4.214842495792583
2019-08-26,179.10887145996094,179.24789969571253,177.00358241773918,178.15552416270623,8773600,2.2443172779733516,4.183631772001389
2019-08-27,180.0423583984375,182.76334182635685,179.75436158925638,180.6679779007347,14399600,3.0089802371004737,4.033254001748612
2019-08-28,180.4991455078125,180.6878299232763,177.67884991072336,179.27768212473174,9386100,3.0089800125529393,3.802012560795792
2019-08-29,184.28273010253906,184.7891868377205,182.19729149331533,182.49521345933883,10128700,2.5918953444051738,3.7133461768601848
2019-08-30,184.3820343017578,185.50420051664787,182.18737321329252,185.48433501071017,10774500,3.3168273033553533,3.7282425891185023
2019-09-03,181.12478637695312,184.3820322797158,180.84672990863982,182.72361864622525,9779400,3.5353023710759715,3.554455674347525
2019-09-04,185.84182739257812,186.44759648795088,182.6143723268746,183.36909482564212,11308000,3.833224161076288,3.3544237846931457
2019-09-05,189.57574462890625,190.03256033400763,186.63628626257486,187.22218987001338,13876700,3.396274071432771,3.372157051946721
2019-09-06,186.18942260742188,188.89055569151398,185.05733117901133,188.89055569151398,15226800,3.833224512502653,3.451601760310122
2019-09-09,187.4506072998047,187.66908241967977,184.5608048558974,186.42775339899964,14722400,3.108277563782366,3.485649345721644
2019-09-10,184.87857055664062,186.79519037517085,183.26981305263845,186.1397650391175,15455900,3.5253773225323926,3.481393552741622
2019-09-11,187.18247985839844,188.12588682665984,184.78919401408444,185.1665628625655,11761700,3.336692812575393,3.523953864576898
2019-09-12,186.1695556640625,189.60554578300966,185.93121504567904,188.54297605938436,11419800,3.674330737330621,3.4884873360829767
2019-09-13,185.8914794921875,186.66606747869594,185.2459794014705,186.03050771661364,11441100,1.4200880772254436,3.130985128922942
2019-09-16,184.92822265625,186.48732393614006,184.48134726534857,185.6332890133977,8444800,2.0059766707914832,3.113960799838523
2019-09-17,186.7753143310547,187.01365493606576,184.25292550841158,185.36516651218918,9671100,2.7607294276541836,3.096228599163788
2019-09-18,186.8348846435547,187.7683663501272,184.7196554638932,186.78522845966341,9681900,3.048710886234005,3.0990665187124358
2019-09-19,188.821044921875,189.77439230499425,186.84484360797111,187.35131556113615,10392700,2.9295486970231366,3.1231846153280043
2019-09-20,188.61248779296875,191.7605114964327,186.8150458112364,189.3374348448153,19934200,4.945465685196325,3.2395159283166453
2019-09-23,185.52406311035156,188.781308997705,183.92523084864314,188.0265713133327,13327600,4.856078149061858,3.333857055315637
2019-09-24,180.02249145507812,186.73559307432984,179.13866583395665,186.6760117082001,18546600,7.596927240373191,3.60269298955113
2019-09-25,181.53195190429688,182.14764622549615,176.63614255897195,180.191310553298,18068300,5.511503666524192,3.753780817771946
2019-09-26,178.86058044433594,180.14162506787224,176.43750426046725,180.0721185362703,16083300,3.7041208074049905,3.744559124550684
2019-09-27,175.87149047851562,179.5060901026951,174.44147711355396,179.2379739614707,14656200,5.064612989141153,3.884297369219169
2019-09-30,176.84469604492188,177.43059969479307,175.62323255471168,176.63614610613385,10740000,1.8073671400813964,3.7615823561869552
2019-10-01,174.5904083251953,178.59245111114657,173.66686698364006,177.90723519815307,17073000,4.925584127506511,3.8750745929677493
2019-10-02,173.38880920410156,175.30541355764294,171.88927434730977,173.62713463081562,16151700,3.4161392103331707,3.85663234103936
2019-10-03,178.1356658935547,178.59246643946403,172.4255529991042,174.35209786100668,16086300,6.166913440359821,4.195691295548959
2019-10-04,179.19822692871094,179.72454914057343,176.86453781928694,178.30447623198512,10430200,2.8600113212864926,4.256693770584316
2019-10-07,178.43356323242188,179.92315782146213,176.85459660474476,178.7513506848282,9178300,3.06856121671737,4.278681755517401
2019-10-08,176.51695251464844,179.11877278856798,176.4871618361638,177.02340920182644,9466900,2.6316109524041735,4.248888903100984
2019-10-09,178.60240173339844,179.4663617676093,176.7056476060954,177.91718578091115,7556900,2.760714161513903,4.236829293421754
2019-10-10,178.78115844726562,180.35020004933247,177.92712352849358,179.069155247645,8605000,2.4230765208388902,4.056658638824794
2019-10-11,182.91229248046875,185.19634061192434,180.8765101208466,180.88643529666146,14930500,4.319830491077738,4.018355234683071
2019-10-14,182.0086212158203,183.33932226076854,181.30355483283003,182.9222375371105,7006000,2.0357674279385094,3.6211295337948792
2019-10-15,187.5797119140625,189.05938157397676,182.3859954915227,182.52502373686787,15039100,6.673386082454073,3.704121134932728
2019-10-16,188.23512268066406,188.38407609164543,185.6034962474449,187.01365925179357,10516900,2.780579844200531,3.6381539232752664
2019-10-17,189.0692901611328,189.51616554246363,187.46053272716543,188.97991811545484,9603000,2.055632815298196,3.4232267680007697
2019-10-18,184.56080627441406,190.1616822526529,182.6441863722231,188.91041289230722,16874200,7.517495880429806,3.8310931065970846
2019-10-21,188.44363403320312,188.59260257860936,185.45451978516436,185.74250139491366,8122600,3.138082793444994,3.703414439878405
2019-10-22,181.07513427734375,189.32748677261512,180.24096485357035,188.68200177508743,19537600,9.08652191904477,4.108441776214947
2019-10-23,184.8586883544922,185.0871037755713,180.73748258743825,180.74740776329116,12300400,4.349621188133057,3.978635186770179
2019-10-24,185.08712768554688,185.43469072058065,181.53195954164897,183.33932672147424,11413500,3.902731178931674,4.0531151766019775
2019-10-25,186.58663940429688,187.68894013501702,183.80605948281945,184.54093168761338,8061200,3.8828806521975707,4.111280850564849
2019-10-28,188.0861358642578,188.21523890987382,183.79611136196027,185.90140018187873,13657900,4.419127547913547,4.2389606073869475
2019-10-29,187.99679565429688,191.194460433241,187.1626261866442,190.36029096558832,13574900,4.031834246596816,4.3297548991785835
2019-10-30,186.9441375732422,189.1288734678127,184.68987998491397,188.24504787238885,28734600,4.438993482898724,4.473748967897143
2019-10-31,190.32054138183594,196.71587031574032,186.94413282623037,195.33551318146772,42286500,9.771737489509945,4.8631708963565865
2019-11-01,192.27685546875,192.76346179952165,188.5926001811357,191.51220785988758,21711800,4.170861618385942,5.015677624245689
2019-11-04,193.3692626953125,196.00087404852658,192.46557156913653,193.20044377387438,16371300,3.5353024793900545,4.791528795455402
2019-11-05,192.9720458984375,194.39211898337143,192.2570391910909,194.01475012312136,9942000,2.1350797922805214,4.745421648889687
2019-11-06,190.22125244140625,193.02168268945965,190.02264283883264,192.68404484979035,10973000,2.999039850627014,4.812807865698888
2019-11-07,189.09909057617188,192.0981456489056,188.1556835774839,190.57876018241166,13473000,3.942462071421687,4.557448307912594
2019-11-08,189.5161590576172,191.0057537130431,188.3840677256111,188.68198968728436,10760800,2.6216859874320164,4.52056282176881
2019-11-11,188.29469299316406,188.76143385743194,187.23210821406138,188.61246530225313,8631200,1.529325643370555,3.9807630877920803
2019-11-12,193.12100219726562,193.70690585001896,188.4238174923895,188.6820084699735,17615500,5.2830883576294525,4.04743931418468
2019-11-13,191.849853515625,194.3424363220647,191.4029781726376,193.34937326967508,10860700,2.939458149427111,3.9786340977914967
2019-11-14,191.8101348876953,192.68403527914217,190.12193062026077,191.5916597898336,9040500,2.5621046588813954,3.88429295541177
2019-11-15,193.7466278076172,193.94523740824005,192.03855796696632,192.91244324029518,11524300,1.9066794412737238,3.704832376366068
2019-11-18,196.0306396484375,197.25211810780843,191.7108244806429,193.2103442283279,16167200,5.5412936271655155,3.812650903549547
2019-11-19,197.9373321533203,198.61260774624662,195.49439041074814,196.03063778436965,19056800,3.1182173354984855,3.7183097501638156
2019-11-20,196.13987731933594,198.2054502792549,194.074304359417,197.20246205499495,12355400,4.1311459198379055,3.3154103523300984
2019-11-21,196.55697631835938,197.7089331757313,195.4944066581361,196.0505195815734,12131000,2.214526517595175,3.1756721308450437
2019-11-22,197.4408416748047,197.91750778965437,196.24915365826658,197.00389142246638,9959800,1.6683541313877868,3.0423186774163105
2019-11-25,198.40408325195312,199.57590566726876,197.86783580965027,198.1359671072724,15272300,1.708069857618483,3.0118179677975934
2019-11-26,197.5897674560547,198.76157464797828,196.66621088774468,198.61262124322207,11735500,2.095363760233596,2.947269675626635
2019-11-27,200.5987548828125,201.73084625969688,198.0366501555603,198.51331622136922,12736600,3.69419610413658,2.929536392249127
2019-11-29,200.2412567138672,202.3862767947864,199.81424682477365,200.20154085441672,7985200,2.57202997001275,2.9259895338620368
2019-12-02,198.31471252441406,200.7775049494743,196.67616435090986,200.7278639132008,11503400,4.101340598564434,3.109704887804457
2019-12-03,197.4408416748047,197.55006408494668,193.72677968287178,196.22930330348217,11595300,3.823284402074904,3.0054331766934177
2019-12-04,197.33157348632812,198.6424088869619,196.67614820954114,198.61261820646615,8456300,1.9662606774207632,2.935919071550107
2019-12-05,197.97706604003906,199.89367060595066,196.83504950265495,198.47359760463056,9740400,3.0586211032957067,2.971384531865415
2019-12-06,199.6553192138672,200.17171621677613,198.67218138864533,199.1091315331884,12270600,1.4995348281308054,2.9423027737837777
2019-12-09,199.9433135986328,201.7308301437912,198.82116264070712,199.25809766024378,11954800,2.90966750308408,2.7543294792065325
2019-12-10,199.47657775878906,200.64840008286976,198.7615711227595,200.2611060844321,9475700,1.8868289601102504,2.6663731666788015
2019-12-11,200.85696411132812,201.22440781164835,198.8907031522265,198.8907031522265,8036800,2.3337046594218407,2.537984505220511
2019-12-12,195.3851776123047,202.24724771559778,192.75356628759758,200.94633739459383,23734800,9.493681428000201,3.0579241416780127
2019-12-13,192.76348876953125,195.43483106912203,191.83000698349448,195.03759671711643,18798000,3.6048240856275413,3.19624342412371
2019-12-16,196.54705810546875,197.73873086261588,193.45863108280358,193.91544680206295,14911500,4.2800997798123035,3.379959847137554
2019-12-17,197.0137939453125,197.6195630613166,194.76947672439846,197.46066932365696,10175700,2.850086336918139,3.4338686026150214
2019-12-18,201.09527587890625,202.88279247286235,198.70199019346893,198.70199019346893,23274400,4.1808022793934185,3.4686261865619383
2019-12-19,204.6305694580078,204.86891004483252,201.1051926033745,201.3733238694348,16514600,3.7637174414580272,3.553746720236601
2019-12-20,204.86892700195312,206.26914965368377,202.01882551134253,206.04073422338502,27306900,4.250324142341242,3.5643884019349446
2019-12-23,204.74977111816406,207.14305715822508,204.25323949921076,205.26616824469937,13348900,2.8898176590143123,3.497712206002045
2019-12-24,203.6970977783203,205.35551133334658,203.5779350555214,204.8689201132908,6046300,1.777576277825176,3.4842347488880745
2019-12-26,206.34857177734375,206.3783776106005,203.88577956921796,204.14398566921528,9350700,2.4925980413825357,3.443804530179991
2019-12-27,206.65646362304688,207.48069276696006,205.15692845222566,207.22250178297034,10284200,2.3237643147344045,3.502678064937391
2019-12-30,202.9920196533203,206.45779996521347,202.4855478050136,206.41808411090483,10524300,3.972252160199872,3.57857696901709
2019-12-31,203.8262176513672,204.1340648126306,202.18766946589457,202.58488867663291,8953500,1.9463953467360398,3.5828317109189323
2020-01-02,208.3247833251953,208.33470850149027,204.8391371751135,205.31580323726652,12077100,3.495571326376762,3.665822187129998
2020-01-03,207.22247314453125,208.9404680471807,205.514403417722,205.7726095189696,11188400,3.4260646294586934,3.232420987234176
2020-01-06,211.12522888183594,211.30397297299496,205.08740319354132,205.2661472847003,17058900,6.216569779453636,3.418974251078897
2020-01-07,211.58203125,213.09149147322898,210.28112095451584,211.34370579308143,14912400,2.8103705187131425,3.3139935895718144
2020-01-08,213.72703552246094,214.73996409850793,211.1351402989765,211.52243429085627,13475000,3.604823799531431,3.3679034083299064
2020-01-09,216.7856903076172,216.86513717856823,214.77969848669196,216.03095261005296,12642800,2.085438691876277,3.218234580650111
2020-01-10,216.54734802246094,218.35473022852156,215.91178821270205,217.67943940712337,12119400,2.4429420158195114,3.1238934788187884
2020-01-13,220.3706512451172,220.43023261072588,217.6893837221355,218.0766777515335,14463400,2.740848888590392,3.0160738178365847
2020-01-14,217.5404052734375,220.83738211480784,217.113395404011,220.0727192673675,13288900,3.7239867107968507,3.0756573215353376
2020-01-15,219.61590576171875,220.1422280098775,218.6129174526304,219.07965833729054,10036500,1.5293105572471006,3.0579240557797607
2020-01-16,220.2316131591797,221.0856480515762,218.86118119969814,221.02606668863191,10015300,2.2244668518780486,3.0387718279580116
2020-01-17,220.59906005859375,220.7480134783736,219.00022769020822,220.48982249977456,15905900,1.7477857881653733,2.997630504631652
2020-01-21,219.90391540527344,220.82745689934762,217.6000015291001,220.61892211491747,14275800,3.227455370247526,2.9444307339207705
2020-01-22,219.78472900390625,221.2048019404833,219.74499799490349,220.7678517590934,12212800,1.4598039455798073,2.9096742052667537
2020-01-23,218.23556518554688,219.95357544590289,217.74897391139712,219.21870321675362,11195000,2.2046015345057697,2.8174620772759686
2020-01-24,216.4281768798828,220.2415355901936,214.61086956802987,219.26833798403877,11905800,5.630666022163723,2.974933605326328
2020-01-27,213.3794708251953,214.56121837952216,211.02591604576713,211.6217599875433,13810700,3.535302333755027,2.7834145020621412
2020-01-28,216.2792510986328,217.2226733632239,212.03888168522715,214.640702702242,13413800,5.183791677996737,2.9529445848681126
2020-01-29,221.68148803710938,222.64476052789837,216.93464727874002,219.9039116233613,33181300,5.710113249158354,3.103322402698607
2020-01-30,208.0765380859375,209.96335216825562,203.32969704243257,205.09734838568207,48775500,6.633655125823054,3.428195005123377
2020-01-31,200.50936889648438,207.24233532558097,199.66525922245705,206.98412922847427,31359900,7.577076103123915,3.7949188685022626
2020-02-03,202.7735595703125,203.71696649755066,201.0952804840247,202.02876223518646,15495600,2.6216860135259594,3.786407234569089
2020-02-04,208.37445068359375,209.1391135816442,203.77656327140565,205.18671118087346,19628900,5.362550310238561,3.9034474916720683
2020-02-05,208.65248107910156,211.2543014590372,207.2621988500382,211.03582637262156,12538200,3.992102608999005,4.079361209654347
2020-02-06,209.3873748779297,209.72501271809213,207.88783979748473,209.01000602542967,10567500,1.8371729206074008,4.051697357420729
2020-02-07,210.8571319580078,211.34373842926124,208.47377095019047,208.84121467458323,12242500,2.869967479070766,4.1318531924854005
2020-02-10,211.58203125,212.31690343236147,209.19868576316776,210.0527206739885,11856400,3.1182176691937116,4.124050499552985
2020-02-11,205.75274658203125,209.3972863489781,205.0774557929644,208.73193588881574,25030800,4.319830556013699,4.328338114583977
2020-02-12,209.29800415039062,209.75481991058015,205.96131103965007,206.4082016224447,13813700,3.793508870930083,4.4418314957571425
2020-02-13,211.66148376464844,212.84323136318875,207.72894693826518,208.06659993280633,15396600,5.114284424923568,4.404947095954275
2020-02-14,212.69424438476562,213.4390416989109,211.1748590761445,212.51550030278202,10741700,2.2641826227664126,4.314152830883659
2020-02-18,216.2891387939453,216.46788287240472,211.91965221201255,212.0686207636686,15609200,4.548230660392164,4.268755615340475
2020-02-19,215.98129272460938,216.80553689173098,214.6108608379566,216.47782426001228,12135100,2.194676053774373,4.017652958527334
2020-02-20,213.09149169921875,217.25242870566726,211.47279392220503,215.0180366270395,13109200,5.779634783462228,3.9566515055015605
2020-02-21,208.7220001220703,212.75384913384843,207.38137399647866,211.99911146175108,14092300,5.372475137369776,3.7991800079476934
2020-02-24,199.32765197753906,202.23731995692836,196.7953377201096,200.40016208020126,23080100,5.441982236818774,4.000629738182894
2020-02-25,195.40505981445312,202.0883712396531,194.59074067658602,200.84704217798446,21433500,7.4976305630670765,4.153135470527788
2020-02-26,195.83206176757812,199.8142549332128,194.1339321659799,195.8221365905481,16524500,5.680322767232894,4.273722624687352
2020-02-27,188.4337158203125,194.52119723303989,188.18545005506834,190.4893636299452,21682600,6.335747177971541,4.595049357356219
2020-02-28,191.13487243652344,191.4030037393074,180.55875557704405,181.43264087587727,32568900,10.84424816226334,5.164640834727117
2020-03-02,195.07730102539062,195.20640406623767,187.53995638078374,192.68401552334103,24949000,7.666447685453932,5.489514407317133
2020-03-03,184.6005096435547,195.87178253637236,182.69383020051987,194.85885387343657,27984100,13.177952335852495,6.122237391591333
2020-03-04,190.4297637939453,190.4992854804113,185.09702009852242,187.85773414761513,23062500,5.402265381888867,6.237148570945531
2020-03-05,183.885498046875,187.6790064786015,182.61437845213564,185.4843302930154,19333400,5.0646280264658685,6.2336016853414105
2020-03-06,179.83380126953125,182.5051435537278,175.03730446141012,177.09295244472247,24559600,7.467839092317689,6.605291433166501
2020-03-09,168.32420349121094,173.78605080213518,164.04410375021178,168.42351586713144,29949000,9.741947051923404,6.9762711754187325
2020-03-10,176.9539337158203,177.05323094387748,168.32421209879206,173.45834701525177,24517800,8.72901884508542,7.443009946226665
2020-03-11,169.05908203125,174.65995778726648,166.49697719617606,172.80291932773585,20373900,8.162980591090417,7.6132489324858215
2020-03-12,153.39846801757812,165.44432903502332,153.26936495743283,158.43329037500783,43266300,12.174964077590488,8.099140999644444
2020-03-13,169.0988006591797,169.60525743664599,156.5067665435294,162.39562405222614,35028600,13.098490893116576,8.646034475094286
2020-03-16,144.99716186523438,158.02616220582382,142.10735928036794,151.26340379575458,39120400,15.918802925455878,9.247546786693487
2020-03-17,148.38348388671875,152.87213325995907,139.0288314730961,149.6943344283049,34255600,13.84330178686298,9.830616716667064
2020-03-18,145.94056701660156,147.1520901174455,136.14896376320456,138.78057504637806,37553100,11.003126354240948,10.164000943543451
2020-03-19,152.06777954101562,158.82059748400542,143.7955608926163,145.60292811881055,39862300,15.025036591389124,10.462628688481006
2020-03-20,148.69134521484375,158.16517640687016,146.9733501618565,154.93772108236993,32568400,11.191826245013658,10.714441442735273
2020-03-23,147.07266235351562,151.2534498367458,141.26323671563284,148.6218384828333,29830800,9.990213121112959,10.486745784539591
2020-03-24,159.86329650878906,160.1910091561147,151.51164720180952,154.13333322747383,30440400,8.679361954305165,10.720824111140756
2020-03-25,155.12640380859375,161.85937086098946,151.99824574432336,157.81759650246724,35184300,9.861125116666102,11.063431046155058
2020-03-26,162.20693969726562,162.86236504696558,155.93078814327822,157.15225163830672,26556800,6.931576903687358,11.025126604110033
2020-03-27,155.70236206054688,158.9794734322402,153.6765199351577,157.1025847157249,24879900,5.3029534970825125,10.708055635907114
2020-03-30,164.79881286621094,165.59326635005255,156.96354587711465,158.07577166272898,22515200,8.62972047293789,10.700962895039433
2020-03-31,165.64295959472656,169.74430067327845,163.06098898278933,164.33210878015876,23676300,6.68331169048912,10.595272259282197
2020-04-01,158.4928741455078,163.0112990518757,156.94368300719125,160.49885066352596,19507600,6.067616044684456,10.159033114074623
2020-04-02,157.09266662597656,160.2307499066345,154.83840896803554,157.99635775508642,20886300,5.392340938598949,9.60859383160908
2020-04-03,153.1104736328125,156.81461019982638,149.78372107562265,156.0598724860615,25983300,7.030889124203725,8.973742845805353
2020-04-06,164.401611328125,165.0470963294274,157.41043810424367,159.03906110191917,28453600,7.636658225183737,8.530411162828264
2020-04-07,167.6588592529297,172.1872249496559,164.85841379930383,170.59831779332245,31411900,7.328811150352067,8.267960076836202
2020-04-08,173.071044921875,173.78605160356497,166.57641857495588,170.06206478348858,21664200,7.20963302860909,7.709716965209056
2020-04-09,173.97470092773438,175.85158930027526,170.3798178916251,174.67976713777554,23534300,5.47177140865017,7.301141619754522
2020-04-13,173.57748413085938,173.78603403899962,168.27453107174628,172.46525836195048,19355400,5.511502967253335,6.981233751621692
2020-04-14,176.93405151367188,179.9728221890274,175.39480067108042,177.7384302038612,21011800,4.578021517946979,6.688280863310392
2020-04-15,175.7423858642578,176.9539241125753,171.62117987646607,173.97473467958628,17423000,5.332744236109221,6.364825086127758
2020-04-16,175.02737426757812,176.81489090770748,171.3133127571394,176.71557853489006,23593200,5.501578150568065,6.262682318047808
2020-04-17,177.9966583251953,179.02943741434424,175.43455338028036,177.95692731045364,20974800,3.594884034063881,6.140677356403621
2020-04-20,177.0035858154297,179.24790313648407,175.54378173554545,176.17934156160146,16110700,3.704121400938618,5.788848851260815
2020-04-21,169.6151885986328,174.16341963186656,167.17224658884817,174.03431657376942,24850500,6.991173043018392,5.810838947870049
2020-04-22,181.0155487060547,183.49820656646574,176.90426789533163,177.21211504555205,33242000,6.5939386711341115,5.848433421187882
2020-04-23,183.84580993652344,185.75248961640477,181.87953373135002,182.8030904615878,21426600,3.8729558850547505,5.739905917363296
2020-04-24,188.7515106201172,189.08914843728576,179.57560212447592,181.95894750241217,28792000,9.513546312809837,5.917238573692304
2020-04-27,186.1993408203125,192.4059855143229,186.1099687734246,191.32355031639338,29197800,6.296016740898295,5.821478467671915
2020-04-28,181.6411895751953,187.88755029925795,181.29361140162203,187.35130285028313,21731000,6.593938897635923,5.768987592477905
2020-04-29,192.8429412841797,195.54407434511168,188.68200413690053,189.60554562057973,45954500,6.862070208211151,5.744161676735195
2020-04-30,203.2899627685547,208.2354129802487,200.17174510415327,205.48462382999278,46230100,8.063667876095423,5.92929713869557
2020-05-01,200.8668670654297,205.84210748341866,197.66920283698454,200.2015166412791,30415600,8.17290464643412,6.119397258637055
2020-05-04,203.8361053466797,204.48160538661176,197.3811958649916,198.81120900540503,19250700,7.100409521620151,6.299567830327995
2020-05-05,205.6335906982422,208.9206272515868,205.06753743771432,205.5839345108894,21071200,3.8530898138724865,6.193878228739657
2020-05-06,207.02386474609375,210.13215708417445,205.2264229675792,206.6762866014675,21857000,4.905734116595255,6.151317940598743
2020-05-07,209.79452514648438,210.13217814906176,207.58992364107746,209.69522791873723,15152000,2.542254507984296,6.076130117307343
2020-05-08,210.87698364257812,211.7310186292939,209.38738879269772,210.76774608080254,12506000,2.343629836596193,5.9789521484257415
2020-05-11,211.70120239257812,213.50858466173128,208.91069726867917,209.4270943674289,12911900,4.597887393052105,5.808003173428149
2020-05-12,208.64256286621094,213.7866224383497,208.54325049527515,211.81042141907403,14704600,5.24337194307455,5.711534121423895
2020-05-13,203.67724609375,209.31783717911497,200.7079819956033,207.9771959446382,20684600,8.609855183511684,6.049884071313676
2020-05-14,205.3753662109375,205.49452892757031,199.29782521563126,201.15484826354384,17178900,6.196703711939051,5.812966742680048
2020-05-15,209.41717529296875,209.87397588549004,202.70405827243016,203.8460900596176,19383200,7.16991761305988,5.875388233548733
2020-05-18,211.7111358642578,213.15107440451104,209.47674377157279,210.67834170021413,20151900,3.6743306329382506,5.666844786070328
2020-05-19,215.3755340576172,218.96049252265828,211.35362539582684,211.7905755925761,31843200,7.606867126831446,5.720044565971778
2020-05-20,228.37474060058594,229.7352323075521,221.64177345584855,221.9496206170212,50162900,8.09345885170356,5.72217249280093
2020-05-21,229.7848663330078,235.55456042487916,229.59618192263295,233.0917682201073,47782600,5.958378502246205,5.563992053930365
2020-05-22,233.2804412841797,234.35295118077204,227.1532441740708,229.90401787203203,33925600,7.199707006701232,5.571084731436157
2020-05-26,230.58926391601562,239.2289104221864,230.0629416507242,238.106759349573,33178300,9.16596877146219,5.950576085549707
2020-05-27,227.55050659179688,228.9606545518371,219.59607562084886,227.48100004563142,34697600,9.364578930988245,6.269065000863492
2020-05-28,223.8960418701172,230.02324016354189,222.4461628911215,222.7440848898677,29377200,7.577077272420382,6.6286951983232125
2020-05-29,223.528564453125,225.91192493062624,221.33390353773837,223.63780199775556,23241500,4.578021392887877,6.788294595201189
2020-06-01,230.30126953125,230.82759176743917,221.94960513746992,223.03204029092007,18223800,8.877986629969257,7.0940159692667
2020-06-02,231.10565185546875,231.38370831846598,224.98837936364816,229.33800070372604,20919000,6.395328954817813,7.176298612962648
2020-06-03,228.5634307861328,231.03614846747342,226.9447329138443,230.49990100433388,15380300,4.091415553629133,6.8535529251138945
2020-06-04,224.7202606201172,230.02322952428327,223.05192174901174,227.9675814656623,17041500,6.9713077752715265,6.9088817867804995
2020-06-05,229.169189453125,229.74516790371774,223.7470579375046,225.1373554519171,16750400,5.99810996621315,6.8251812405771615
2020-06-08,229.79483032226562,229.94379890174736,225.83251764689942,227.44127526529215,15466500,4.111281254847938,6.856391999284996
2020-06-09,237.01438903808594,238.10676460503242,228.81169256800067,229.9139933117588,27462900,9.295072037031758,6.9769780642993044
2020-06-10,235.0878448486328,239.53677885227395,233.64790625296925,239.28851305464434,20720700,5.888872599304705,6.8195076176993865
2020-06-11,222.87315368652344,231.27447453517047,221.9992684255599,228.34494129684717,26708200,9.275206109610565,7.056423875368269
2020-06-12,226.994384765625,230.05302119539456,222.9426851503306,228.30522029098816,22091400,7.110336045063974,7.0500402352513225
2020-06-15,230.88717651367188,232.14837092497856,223.24059348337713,223.52857512227231,15340300,8.90777744160144,7.031597997404126
2020-06-16,234.01531982421875,236.80583993965254,231.38370859875684,235.49498933855702,15236700,5.422131340895703,6.749994598111802
2020-06-17,233.8961944580078,235.94190240198552,230.12255094193145,233.36987212884628,19578100,5.819351460054065,6.62444275437135
2020-06-18,234.30332946777344,234.5019390734853,230.53961152423804,233.35992247593597,15782500,3.9623275492472487,6.580464622682734
2020-06-19,237.133544921875,239.15940225061397,233.9160299866115,236.14048176349664,30081300,5.24337226400246,6.320849310827962
2020-06-22,237.56056213378906,239.0302913169497,235.2665887379737,236.90513683414446,18917800,3.7637025789759946,6.132875998267833
2020-06-23,240.5596160888672,243.48914926769837,238.19612100995397,239.6062688246097,24017900,5.293028257744396,6.218705477133208
2020-06-24,232.39663696289062,241.53281469046254,231.06592085796711,239.52682293334746,20834900,10.46689383249543,6.468390195506345
2020-06-25,234.0451202392578,235.65389287595707,231.1255272528302,232.99247570529567,18704300,4.528365623126859,6.363408456714467
2020-06-26,214.5811004638672,231.4731002289126,213.90580960081755,231.0262248145247,76343900,17.567290628095066,7.324551983374976
2020-06-29,219.1094512939453,219.21868884580718,205.6733081796403,208.29499427138418,58514300,13.545380666166892,7.628145456884629
2020-06-30,225.49485778808594,225.92186767115152,216.95450859736263,219.0597976361702,33927100,8.967359073788884,7.848037347919212
2020-07-01,235.9021453857422,237.34208386816175,225.98143943761693,226.91492118776134,43399700,11.360644430544824,7.996997227985945
2020-07-02,231.80078125,238.335138104724,230.99640258336697,237.34207502928766,30633600,7.338735521357023,8.013311476292591
2020-07-06,238.6132049560547,238.7323676813612,230.65877483009118,232.1384291791159,26206200,8.073592851270035,7.953726862697492
2020-07-07,239.189208984375,245.9321016149645,237.1633666726293,237.7492703386848,27887800,8.768734942335186,8.192769977086027
2020-07-08,241.8903350830078,245.2766842178355,234.94881788839734,236.45827818903481,29791300,10.327866329438166,8.514806753470605
2020-07-09,242.80392456054688,244.8198414131702,237.58041818252363,243.3004561036155,22174900,7.239423230646565,8.748885016427698
2020-07-10,243.3699951171875,243.7870798247022,237.65988196542796,241.99956311182402,22982700,6.127197859274247,8.812015416089968
2020-07-13,237.3420867919922,248.41473457069335,236.76610836134074,245.29651696540154,24674900,11.648626209352614,9.375224246831156
2020-07-14,238.06700134277344,238.66284523547375,230.4204188687975,235.1176028644922,23378100,8.242426366676256,9.58589554032629
2020-07-15,238.6132049560547,243.12172000073272,236.3986784441116,239.87439935966435,19133600,6.723041556621126,9.318477520620982
2020-07-16,239.25868225097656,240.08292643144802,234.69060114304705,236.3490146798004,18880700,5.3923252884009685,9.380188925283418
2020-07-17,240.35108947753906,242.46631898114825,236.2100176761906,239.32823557507598,18152400,6.2563013049576455,8.572261116487889
2020-07-20,243.71754455566406,244.34317915855996,234.00538863507438,238.39472572542155,20872200,10.33779052348558,8.343147534867795
2020-07-21,240.07301330566406,245.197222727922,238.41459968566969,244.51200673910438,19364200,6.782623042252311,8.187094961186611
2020-07-22,238.20603942871094,240.2219562966176,236.46817901479554,238.59333342912305,15427900,3.7537772818220674,7.6437473077064135
2020-07-23,230.9864959716797,240.73836827667793,230.14238622854305,237.96772874083234,21771800,10.595982048134886,7.876407773904832
2020-07-24,229.10960388183594,231.87031820103158,225.32602058690804,228.59320680579518,18325800,6.544297614123536,7.76717239982294
2020-07-27,231.88023376464844,233.32017222853034,229.22875710697724,229.8543917086879,13163100,4.091415121553098,7.433078126909933
2020-07-28,228.523681640625,233.33011868532122,228.23570000146154,233.00240603548232,14170100,5.094418683859686,7.059260437940042
2020-07-29,231.6716766357422,232.07883613062532,228.71235293376256,229.53659709915772,13588300,3.3664831968627595,6.782621864098341
2020-07-30,232.87332153320312,233.26061557697008,227.4114739066248,228.62301222875573,20615300,5.84914167034529,6.762760707746273
2020-07-31,251.9103240966797,254.07520961445857,247.27272106612182,254.04541893258948,53005100,6.802488548336754,6.4166080176737115
2020-08-03,250.21218872070312,253.6283131023447,248.59349099691272,250.89738954048218,23124900,5.034822105431971,6.187493427584834
2020-08-04,248.0969696044922,251.0463683843728,245.71360894291308,249.8149646182432,17183500,5.332759441459729,6.088187562216163
2020-08-05,247.39190673828125,250.52006500112785,246.05128047101184,248.45449166663226,13050100,4.468784530116011,6.022220365195809
2020-08-06,263.4397888183594,264.750639437822,246.94500944110115,247.31243795431067,45241600,17.805629996720825,6.847172414607464
2020-08-07,266.5778503417969,276.95537144468835,261.60259471161845,262.2480796396627,72766400,15.352776733069902,7.205385715292059
2020-08-10,261.1755676269531,271.96021720343504,257.8885315387039,266.18061360628644,30248800,14.071685664731149,7.726033045469118
2020-08-11,254.353271484375,264.0753682859589,253.3602083264652,258.3851054810181,28238300,10.715159959493718,8.223274665302808
2020-08-12,258.08721923828125,262.06938221107424,256.3195375825832,257.17358772555446,21415700,5.749844628491019,7.877121992471103
2020-08-13,259.48736572265625,263.32060489725797,257.7693860228514,259.73563148791175,17374000,5.5512188744065725,7.806187796777034
2020-08-14,259.4278259277344,260.8280487048176,256.8855865086835,260.490410846681,14792700,3.9424621961341018,7.795548302104249
2020-08-17,259.348388671875,262.26799690122925,257.6005877438578,260.67908972174854,13351100,4.66740915737148,7.7650476216408055
2020-08-18,260.5201721191406,263.31067702818365,257.46155108105154,259.1398301580622,18690400,5.849125947132109,7.942379246660045
2020-08-19,260.7684326171875,266.05153551827203,259.5370440860627,259.5767750952255,23291500,6.514491432209354,7.989904229650335
2020-08-20,267.1439514160156,267.75964577478095,259.64630578379536,259.6860367989726,20299700,8.113339990985594,8.083536475553824
2020-08-21,265.1578063964844,268.61364682810836,264.57190276360427,266.8261452466396,15538600,4.041744064504087,8.01260232977326
2020-08-24,269.50738525390625,275.3267199548224,266.9055347066833,269.18959781679655,23685600,8.421185248139125,8.233204173107504
2020-08-25,278.87200927734375,281.1262517841795,268.3852645286732,270.52034430293725,42127200,12.740987255506298,8.824075796349666
2020-08-26,301.8018493652344,302.5565871166652,282.0299568520352,282.0299568520352,69015200,20.52663026463,9.01843295834318
2020-08-27,291.18603515625,299.1404822454839,289.9943470202094,298.0778971932013,30301300,9.14613522527452,8.57510142207208
2020-08-28,291.6229248046875,295.1681674815239,288.9615228676851,292.9536257731887,17157400,6.206644613838762,8.013312775579767
2020-08-31,291.1661071777344,294.8205720387154,289.52752885103376,291.9109044877328,17345100,5.293043187681633,7.6260187204503325
2020-09-01,293.3905944824219,299.39861472518686,290.67952103399404,292.66564743568614,17295900,8.719093691192825,7.838107939214747
2020-09-02,300.401611328125,301.4939868850403,291.0171521741989,296.8067274729082,24341400,10.476834710841388,8.189937641817234
2020-09-03,289.1005554199219,295.53561589909145,281.6625217116018,293.93676837981997,32294100,13.873094187489642,8.89926849834263
2020-09-04,280.7687683105469,286.99526363924565,269.2591695058036,285.2574030462744,30333700,17.736094133442066,9.832745996633387
2020-09-08,269.2790222167969,277.3625409438043,267.55110193854256,269.3981849524166,24864000,9.811439005261718,10.115768357928358
2020-09-09,271.8212890625,276.54828009228237,269.4677338785429,273.85705671543764,22918800,7.080546213739467,10.156200842323367
2020-09-10,266.2302551269531,277.223469772939,265.1776107750069,273.5987958964542,24814700,12.0458589979321,10.437095057105259
2020-09-11,264.76055908203125,269.5074301618983,260.8181273628567,268.1866391651495,18913900,8.68930279904157,10.769063538143651
2020-09-14,264.3037414550781,274.72099411810456,263.8568812377715,269.07046258084995,24093800,10.864112880333039,10.943558369014644
2020-09-15,270.53021240234375,272.61562027732026,267.4318306533178,268.79235230261327,18478500,5.183789624002486,10.403758538192944
2020-09-16,261.6919860839844,270.5501225712264,259.974006258438,265.43585349381885,29183400,10.576116312788372,9.693007541632827
2020-09-17,253.0523681640625,259.6860229687823,248.45448076695496,256.48835829972296,31281400,11.231542201827352,9.841965182815173
2020-09-18,250.7782440185547,257.4019887739225,248.31545157119356,256.60752004517167,28130800,9.08653720272892,10.047671796307327
2020-09-21,246.42860412597656,248.21612075050732,242.43650134295507,245.82283502413392,24709400,5.7796194075522465,10.0824272405838
2020-09-22,252.98284912109375,253.5489024160918,246.49814766498469,251.5528356947217,30293100,7.050754751107121,9.96326017343482
2020-09-23,247.29257202148438,256.2003338938652,246.42859683929288,253.4892759327058,19641300,9.771737054572327,9.912896055129888
2020-09-24,247.79904174804688,250.49024949906772,243.91616127098237,244.79006167478678,20006800,6.574088228085344,9.391538486601009
2020-09-25,253.0523681640625,253.97590965302513,244.8993127450523,247.66995236488185,18351300,9.076596907972828,8.773002970496064
2020-09-28,255.0384979248047,257.799212404536,253.0523715277064,257.60058764247265,18826300,4.746840876829566,8.411245961322338
2020-09-29,259.9739990234375,261.50329438654944,255.1179058879375,256.021596951166,20200200,6.385388498611945,8.36159183881323
2020-09-30,260.083251953125,264.2342489504259,258.2957502746932,260.162713982233,20142500,5.938498675732717,7.925351815798988
2020-10-01,264.7804260253906,266.46861515536716,262.9631035342646,263.5093064368688,20009800,3.5055116211025847,7.555081017374775
2020-10-02,258.1368408203125,263.31069140999944,257.38210311911837,259.39802012625506,16367600,5.928588290881066,7.202543546699634
2020-10-05,262.81414794921875,263.03262304727406,259.03057989653223,260.3811614952056,12822300,4.002043150741827,7.118133084323873
2020-10-06,256.86572265625,263.8469555146379,256.44862279112647,259.96407489128376,18696900,7.39833272351143,6.891148542232663
2020-10-07,256.3294677734375,258.3751755364846,253.05237134297118,257.4119030223598,23133400,5.322804193513434,6.4690958273530965
2020-10-08,261.9303894042969,262.7844093075298,257.3523517675946,257.9481958171852,16312800,5.432057539935215,6.208061565724975
2020-10-09,262.61553955078125,262.9134463478037,260.3513569757719,262.6850309328334,14107800,2.562089372031778,5.978237991759228
2020-10-12,273.8371887207031,278.23645160516094,266.0118455322542,268.32569985520615,31019300,12.224606072906738,6.3477988004592
2020-10-13,274.2244567871094,277.163915053948,271.49353328395597,275.6544397582597,18063300,5.670381769992048,6.054844851560609
2020-10-14,269.9344177246094,276.8163376987398,269.6166302608354,275.6941715525807,15577800,7.199707437904408,6.0995319379762565
2020-10-15,264.86981201171875,267.1737258577717,261.8409814415914,265.743712457179,15416100,5.332744416180276,5.832113902848216
2020-10-16,264.0852966308594,269.4875630091497,263.45966194903065,265.52525043208055,16622700,6.0279010601190635,5.92361820165461
2020-10-19,259.5867004394531,266.6870958759029,258.07725536685854,263.68805608352665,13587000,8.609840509044375,6.082507630971212
2020-10-20,265.7040100097656,267.82917998568837,261.05648111113385,261.2352252289536,18763200,6.772698874554521,6.1420933594584834
2020-10-21,276.7964782714844,281.08648766825246,274.45283368534405,277.6207072786257,28998600,6.633653982908413,6.365532099587471
2020-10-22,276.190673828125,280.49065354453245,273.1320531546377,277.9285340599849,16720000,7.358600389894775,6.467675820945593
2020-10-23,282.8144836425781,283.2613439092059,274.8997685464257,276.8660143313567,17535200,8.361575362780172,6.779070978948332
2020-10-26,275.18768310546875,283.25138040729377,272.3574777001807,281.1957326512578,21322900,10.893902707113057,7.028754549205591
2020-10-27,281.3249206542969,282.5364591352173,274.3933276659635,276.82634495903835,16287200,8.143131469253774,7.230206497472758
2020-10-28,265.8132629394531,276.85612182423597,265.40610335572995,276.85612182423597,23121800,11.450018468506016,7.660060849513529
2020-10-29,278.8819274902344,281.63273197336537,271.88084399312066,274.63161817036763,32368100,9.751887980244703,8.17361789295731
2020-10-30,261.28485107421875,274.7806069965232,257.30268814248257,272.59585577506135,47247800,17.477918854040638,8.54885452018116
2020-11-02,259.5469665527344,268.59378747638186,255.55486365806064,262.76451171981944,27165700,13.038923818321223,9.075178952204672
2020-11-03,263.4596862792969,268.17673704223637,259.0703633827638,261.33454653673925,17961900,9.106373659472581,9.211369396602398
2020-11-04,285.386474609375,286.9356505996386,276.68723227490966,279.05072726940637,35364400,10.24841832472896,9.562488961498733
2020-11-05,292.6358337402344,295.3171162940273,286.9456014426084,289.8751194712088,23823600,8.371514851418908,9.72988994659158
2020-11-06,291.3746643066406,292.5564118870269,286.0617703596247,291.9109268966528,13891000,6.494641527402223,9.578804305045711
2020-11-09,276.836181640625,290.55038023895384,276.59785620125297,287.8591877997786,25117700,13.952524037700869,10.091648959556165
2020-11-10,270.5401916503906,272.09930809794037,262.16867641553375,271.2055573077003,29067700,9.930631682406613,10.32714736666318
2020-11-11,274.56207275390625,276.46873676764085,270.5898207017681,271.5729433867913,14957000,5.878916065872772,10.221455629233036
2020-11-12,273.1717529296875,277.8093704101734,272.5262680497848,275.25719126203853,12899500,5.283102360388625,10.001564700490784
2020-11-13,275.02886962890625,275.83324840891396,271.2055701884182,275.79351739465017,10391200,4.6276782204957385,9.553977237160975
2020-11-16,277.0248718261719,277.4717623401943,272.72492196979937,273.14199149739846,12970400,4.746840370394921,9.311385015813913
2020-11-17,273.09234619140625,275.75374796451496,271.39421681528063,275.75374796451496,15040300,4.3595311492343285,8.804921635865936
2020-11-18,270.0833740234375,275.4657893900018,269.95427097077754,272.6156728201886,12152900,5.511518419224274,8.502038095793049
2020-11-19,271.0466003417969,271.5729224859632,267.3226143295232,269.13990616892744,12963700,4.250308156439985,7.557208760250144
2020-11-20,267.8291320800781,271.1062282108236,267.5411352934016,270.6692780192734,18114700,3.565092917421964,6.8805065530430545
2020-11-23,266.5679016113281,269.07043984026683,262.69496185925465,269.0108584829948,20990800,6.375477981012182,6.685442576010169
2020-11-24,274.9990539550781,275.89280470654967,266.01181448881255,266.62750877747334,16930400,9.880990217737121,6.659197711225038
2020-11-25,273.67828369140625,278.23644014336827,270.75867545850764,276.2106130353077,12467000,7.477764684860631,6.595358413613732
2020-11-27,275.8829040527344,277.1937548398791,272.9136545793611,275.46583445147934,7808400,4.280100260517997,6.437176894550573
2020-11-30,275.0487060546875,275.7736530753407,269.13005807623745,274.1152242550069,16693300,6.643594999103243,5.915110534650743
2020-12-01,284.562255859375,287.2931797363589,277.02490959560544,277.2235343635581,20738900,10.268270140753486,5.939227567389805
2020-12-02,285.52545166015625,289.7559095722457,278.8818580260481,283.38043202751413,17361600,10.874051546197563,6.296022958841576
2020-12-03,279.8948059082031,284.6614960716985,279.1202179989882,284.2642769423867,12921700,5.54127807271027,6.314464081150264
2020-12-04,277.7597961425781,281.4936932604116,277.362546607888,278.35560983284415,10880300,4.131146652523569,6.278997540580824
2020-12-07,283.5989074707031,286.48872432802386,276.2701282650474,277.2532508999536,13007700,10.218596062976474,6.669837232908078
2020-12-08,281.43408203125,284.4430620713791,279.5969091988282,284.0259925324439,10747700,4.846152872550874,6.704595927430688
2020-12-09,275.99212646484375,285.634761252422,269.8649134396478,281.6922992992284,25189700,15.769847812774174,7.437333741255681
2020-12-10,275.1976623535156,276.7965098251757,269.9741403523532,273.62863587076913,20065100,6.8223694728225155,7.621052406711576
2020-12-11,271.65240478515625,274.56210276384803,268.37530860630324,272.6256175544194,14391400,6.186794157544796,7.808316781006064
2020-12-14,272.2879943847656,275.29697459285813,269.67623338550675,271.4736753078326,16376900,5.6207412073513865,7.754407011458865
2020-12-15,273.6385498046875,274.16487208300316,265.6146125663476,272.92354309585454,23979500,8.550259516655558,7.659354818524467
2020-12-16,273.7577819824219,275.93256279741297,270.6196982175652,272.85409071387465,15885000,5.312864579847769,7.504719096737834
2020-12-17,272.57598876953125,278.49463675445423,271.7119983579931,275.1480187332912,16377800,6.782638396461152,7.683471820733773
2020-12-18,274.482666015625,276.0715732176227,269.2591741231777,273.8570313424853,26693200,6.812399094445027,7.6955292561153295
2020-12-21,270.897705078125,272.7646686484044,265.932389329885,271.0863895010287,16553700,6.832279318519397,7.450101340241466
2020-12-22,265.2372741699219,269.6166869762986,262.7943469282712,269.6166869762986,17312900,6.8223400480273995,7.160693376086455
2020-12-23,266.2501525878906,270.2820169489827,264.38321928084264,265.03864461128967,14329000,5.898797668140048,7.186230490045724
2020-12-24,265.54510498046875,268.52429470793675,264.3534472730126,267.0148494894716,6702000,4.1708474349241556,7.189066260217195
2020-12-28,275.0784912109375,275.37639803213443,263.81715878146275,266.87577993398537,23299700,11.55923925067168,7.28482648790971
2020-12-29,274.86004638671875,278.5641832363711,274.3635147594354,275.0288804745847,16383000,4.200668476935675,7.238720459651481
2020-12-30,269.98406982421875,276.15098341059274,269.8251760858184,276.02191065990667,11803800,6.32580732477436,6.564146139080066
2020-12-31,271.26513671875,275.1678676684032,267.9383690679379,270.1131798151852,12900400,7.229498600465263,6.593226791054548
2021-01-04,267.0744323730469,273.09239323216485,263.3603855229727,272.8739181053437,15106100,9.732007709192146,6.84645633045793
2021-01-05,269.0903015136719,270.5103744315404,266.3494377403135,266.4288997572722,9871600,4.1609366912269365,6.742184579306183
2021-01-06,261.4834289550781,265.8926313162208,258.2063330163895,260.18251878562035,24354100,7.686298299831265,6.6804730638187335
2021-01-07,266.87579345703125,269.72587997913473,262.94327168855403,264.05549761855696,15789800,6.782608290580697,6.785454757442515
2021-01-08,265.7138977050781,267.08432961533265,261.35433620233744,266.44875469224866,18528300,5.7299934129952135,6.71026583005209
2021-01-11,255.05836486816406,261.6423791517238,254.1248829763416,258.6731296928187,30412300,7.517496175382178,6.760629907261887
2021-01-12,249.3482208251953,257.9183605943093,248.56370760987795,254.8497991205477,26383500,9.354652984431368,6.940799454827028
2021-01-13,249.8944091796875,252.188382619965,247.4713326816302,249.80503713335122,19528900,4.71704993833481,6.790421589848985
2021-01-14,243.93603515625,253.2608976661095,242.91318130890528,251.64219985880376,29739400,10.347716357204234,7.108201496210713
2021-01-15,249.61636352539062,252.09902149522745,245.44550116665312,246.1803582278421,24942900,6.653520328574331,7.285535274328582
2021-01-19,259.2887878417969,260.38116333981225,250.9669140103909,255.11791059696782,28028500,9.414249329421352,7.132321708524988
2021-01-20,265.62451171875,268.44480710364064,261.7714222910091,267.064434937094,25199900,6.673384812631525,7.308944303931834
2021-01-21,270.97711181640625,271.70205875894015,265.634427714856,267.3921687234662,20838700,6.06763104408418,7.290503141025392
2021-01-22,272.5958251953125,276.5382869759463,270.1131674066485,270.1231077356851,21954000,6.425119569297806,7.233047495942003
2021-01-25,276.08148193359375,278.15698017441997,269.6265717881597,276.21058498544335,19087000,8.530408386260262,7.14721897287544
2021-01-26,280.0934143066406,283.41027148201056,275.88283677509816,276.21056454490656,19373600,7.527434706912402,7.3876831168529735
2021-01-27,270.252197265625,281.4837381150198,266.2600643454643,280.57010675992376,35346200,15.22367376955549,7.926067078976132
2021-01-28,263.1617431640625,284.800598380068,262.8638363318904,275.25724544437986,37758800,21.93676204817757,9.008506633090194
2021-01-29,256.5379638671875,264.7108836627242,253.0821238557494,263.45961452430464,30389500,11.628759806974813,9.429847089803022
2021-02-01,260.1924743652344,262.3374943130789,253.14172024429632,257.7197266207836,22914300,9.195774068782555,9.549724082188764
2021-02-02,265.2272644042969,266.9850053875906,261.4436966318781,262.16864356397065,17320800,5.541308755712521,9.27734235156599
2021-02-03,264.80029296875,267.3326222811993,262.0097878354705,263.7774390975395,14223400,5.322834445728802,9.320612673522703
2021-02-04,264.6413879394531,266.2998167269826,262.16867040510544,265.1578001708641,16060000,4.131146321877168,8.876571956713628
2021-02-05,266.240234375,267.3028192101267,263.82709821386266,264.94923410714415,12454400,3.4757209962640445,8.649586290120036
2021-02-08,264.7307434082031,267.98798910915104,263.1617170711961,266.8857036335244,13755200,4.826272037954936,8.321873626443862
2021-02-09,267.5808410644531,271.4935117614484,263.9064957927763,264.5917116964451,14613400,7.5870159686721195,8.387132994732477
2021-02-10,269.98406982421875,271.900674402498,265.86286387269195,270.5600634141554,14687200,6.037810529806052,8.385002957998324
2021-02-11,268.51434326171875,271.6821866351648,266.627499147351,270.00393789566357,12828600,5.054687487813794,8.287114952178039
2021-02-12,268.62359619140625,269.29887189548083,266.4785760379777,268.64344654533176,9097600,2.8202958575031403,7.879249771552529
2021-02-16,272.0694885253906,274.68124922947464,268.17666798465854,268.9214652817526,15417200,6.504581244816109,7.8061888099742225
2021-02-17,271.67230224609375,272.0695214581162,267.70995953793226,269.35844805841447,12763200,4.359561920183921,7.0301808207333965
2021-02-18,267.52130126953125,270.0635405541446,264.1845932672995,267.7000453662894,15249100,5.8789472868451185,5.883194052066792
2021-02-19,259.7455749511719,268.3951458314142,258.3453523815268,267.9879863347758,25622600,10.049793449887375,5.770410740846261
2021-02-22,258.5241394042969,261.24515328431704,255.7435744603547,256.1606743548885,17434900,5.5015788239623475,5.506539651930532
2021-02-23,264.0157165527344,265.60462342546225,253.191350988149,257.69985037363546,21924600,12.413272437313253,5.997394200616299
2021-02-24,262.4764709472656,264.53211856678286,256.59755514128494,260.5101953582652,15736100,7.934563425497913,6.183946270599806
2021-02-25,252.92324829101562,265.08827150301914,252.2777481716755,260.480444082425,19053100,12.810523331343632,6.803901771275982
2021-02-26,255.83290100097656,263.7078838036071,254.69088454166723,254.69088454166723,26619500,9.016999261939873,7.199707361681399
2021-03-01,263.0723571777344,264.8002773245595,256.11097494456624,259.0107326162491,22157300,8.68930237999325,7.475638100398421
2021-03-02,257.203369140625,264.8598779371174,256.85579095898794,263.9363364333064,15191700,8.004086978129465,7.5054288867882315
2021-03-03,253.6382598876953,259.1795388669576,253.33041273917416,258.48441285340874,15513500,5.84912612778345,7.491951429500903
2021-03-04,255.852783203125,264.6413671039277,251.74148755772686,254.69088607980996,31626500,12.899879546200822,8.052322290814262
2021-03-05,262.44671630859375,263.6086134766132,253.83686100228493,258.8617730445713,26820100,9.771752474328252,8.54885490630177
2021-03-08,253.5389404296875,263.7376876689268,253.28074947590162,263.7078969878338,18391800,10.456938193025195,8.831166116888133
2021-03-09,263.8966064453125,266.66726127339814,258.0077489120371,259.36824065418534,22039700,8.659512361361067,9.138305434115072
2021-03-10,263.06243896484375,267.1042135136652,261.0465218554377,266.7765159880859,14210300,6.0576916582274976,9.151072889213813
2021-03-11,271.98016357421875,275.972266867677,265.9622027962827,266.2501693141146,21834000,10.010064071394254,9.148235076464305
2021-03-12,266.53814697265625,267.86884797479286,262.1885254683939,267.2730343215098,20600200,5.680322506398966,9.161002482352634
2021-03-15,271.8510437011719,274.0457048286008,266.63746204114943,267.2134253470967,16844800,7.408242787451343,8.803500364505355
2021-03-16,277.34271240234375,280.1828891501532,272.8937779853738,274.16489777509577,22437700,7.289111164779399,8.75739663159689
2021-03-17,282.0399169921875,284.24451872621216,273.4995665673222,273.79747343439846,21315000,10.744952158889987,8.609855833564486
2021-03-18,276.687255859375,283.2116881663582,276.3496180179357,277.92858482314426,18728300,6.862070148422504,8.455932325456104
2021-03-19,288.0975036621094,290.76884566116183,279.2493386548787,279.2691890055399,38930500,11.519507006283106,8.658089798762521
2021-03-22,291.5037536621094,297.63093607672175,284.76084666263773,288.4351922903145,28273100,12.87008941408402,9.005661401330704
2021-03-23,288.6139831542969,295.9328546089386,287.7996639990744,291.1164916858374,23000900,8.133190609864187,9.168808864336471
2021-03-24,280.182861328125,289.6963932978706,279.20964849752187,288.9813865930339,18675000,10.486744800348731,8.996442096775608
2021-03-25,276.806396484375,286.0617517724904,275.82327372146733,279.03087841779615,24505600,10.238478051023094,9.029779637968096
2021-03-26,281.0567321777344,282.5264766041057,275.8431504477816,276.36947272447486,17629200,6.683326156324085,8.760235921060874
2021-03-29,288.8026123046875,291.1462266275226,282.7250711018045,283.7876255653244,21718800,8.42115552571812,8.743210432800664
2021-03-30,286.0022277832031,290.44122190582374,284.7112576273697,287.8195202709855,17474500,5.72996427845402,8.719801334245416
2021-03-31,292.4869079589844,294.44324370782823,286.60796038240426,287.9783924701882,19498200,7.835283325423973,8.564459852390396
2021-04-01,296.5882873535156,300.30233437933396,294.5425793900651,296.33008119890394,17616000,5.759754989268856,8.570133601166816
2021-04-05,306.7671203613281,308.614203147411,298.5942002846461,298.80276535214335,28237000,10.020002862764898,8.756687892260642
2021-04-06,304.13555908203125,309.1902473618839,303.1325555067955,306.6976489192928,17335200,6.057691855088422,8.668729370139857
2021-04-07,310.91815185546875,312.07010879752124,303.3808058477096,304.2149752941855,22855200,8.689302949811633,8.521897283777118
2021-04-08,310.8486328125,313.6888093314046,307.8992338881179,312.6659554448147,20894100,5.789575443286708,8.44529051912456
2021-04-09,310.29254150390625,312.5567245519799,308.1773118854652,309.2398968599878,15988600,4.379412666514725,7.9352837805696765
2021-04-12,309.3788757324219,309.984629655204,305.79390230898474,308.8922542226104,10881900,4.190727346219262,7.315329347150765
2021-04-13,307.6112365722656,312.2488242933257,307.17428638234855,310.04422299179186,14036900,5.074537910977142,7.096854154373119
2021-04-14,300.7193603515625,305.8932103611847,299.8554003462069,305.16826342390004,17421400,6.037810014977765,6.779073098275193
2021-04-15,305.6846618652344,307.988575313205,301.9904662696532,304.21491770583015,14558300,5.9981090435517785,6.476189597741528
2021-04-16,304.05609130859375,306.80689584078993,302.496974770129,306.03230773662983,13059200,4.309921070660948,6.306660663051304
2021-04-19,300.1434326171875,305.5655798842235,298.47509359927756,302.8942372670993,14553500,7.090486284945939,6.211612860139005
2021-04-20,300.550537109375,302.9835537939867,295.1482714936018,299.8951118354893,16796400,7.835282300384904,6.361992718848354
2021-04-21,299.3787536621094,299.8852255743065,295.3270692821806,299.8554348915821,14863500,4.5581562921258865,6.127912216469919
2021-04-22,294.463134765625,300.81876447480624,293.98648375155835,299.23976707304496,16375400,6.832280723247891,6.204521197468422
2021-04-23,299.0411071777344,300.49097087154496,295.0887049838903,296.68755239289857,17536800,5.402265887654664,5.874682842103405
2021-04-26,300.9378662109375,303.6786999037618,299.46812183516045,301.23577303432637,16172600,4.2105780686013645,5.742746143068615
2021-04-27,301.4641418457031,303.2218524436181,299.0211850482078,302.16920808926756,15309300,4.200667395410278,5.422129317754233
2021-04-28,304.96966552734375,308.76317361208896,303.25165555869114,305.22784130964635,33907200,5.511518053397822,5.402268075619312
2021-04-29,327.2242126464844,329.5082455205875,319.37899037048027,327.8299665552439,56526800,10.129255150107213,5.812971110161633
2021-04-30,322.82501220703125,327.53215297335674,322.2490488133883,323.8776872124607,26332400,5.283104159968445,5.890998025429432
2021-05-03,320.3423156738281,326.27090422619693,319.6074585992322,323.90743925273455,18719500,6.663445626964744,6.00449143371426
2021-05-04,316.15155029296875,319.9549988930355,310.9479094073585,317.8000386565058,24032600,9.007089485677,6.2165828244784915
2021-05-05,312.8347473144531,318.83285731643707,312.30842504926153,315.98277088195334,15577600,6.524432267175541,6.254177340451617
2021-05-06,317.800048828125,318.0185239268124,311.09687276652534,312.33820166682153,19012200,6.92165116028707,6.440729489710626
2021-05-07,316.8665466308594,320.6997857867658,316.53884915690736,320.14367289977616,15916700,4.1609366298584405,6.231475942918662
2021-05-10,303.8475036621094,312.3977620050916,302.7153972344073,312.1693768985715,24239200,9.682364770684273,6.363410405082902
2021-05-11,304.4036560058594,304.7115031678488,297.61110747680095,298.66375202538734,18920100,7.100395691047822,6.544998933577326
2021-05-12,300.45123291015625,302.84451865074016,296.1214922814983,299.0411002600775,24645500,6.723026369241836,6.5371950511483226
2021-05-13,303.1424865722656,306.71748989994825,300.66973856002795,303.9567753757269,18079200,6.047751339920296,6.583301154881582
2021-05-14,313.74835205078125,314.6520430906645,306.93592356007673,307.39275439730136,19245700,7.716119530587775,6.833696973594897
2021-05-17,313.27166748046875,313.49014256803696,309.4185779211098,311.37491338064495,15401300,4.071564646927186,6.824475348703247
2021-05-18,307.8098449707031,314.304486446428,307.66089155963004,313.4007953447419,14522400,6.643594886797928,6.9053379796603975
2021-05-19,311.4146728515625,312.4772577066652,301.46419089388326,302.0798852044265,19106200,11.013066812781972,6.968467384137166
2021-05-20,316.39984130859375,317.0354162827345,310.9876652282522,311.4047347873846,17320200,6.047751054482319,7.023085019459586
2021-05-21,314.036376953125,317.7106924961839,313.6192770874103,317.07514782686013,13600900,4.091415408773628,6.8393685753030775
2021-05-24,322.37811279296875,323.68896349578085,315.823889584792,316.00263368811625,16445400,7.865073910988826,6.757796034253922
2021-05-25,325.51617431640625,326.8965163184287,322.5468949273761,324.8110776685687,16437000,4.349621391052608,6.6024524002451415
2021-05-26,325.3870849609375,327.5420150886895,323.55985234776074,326.0723009791142,9686900,3.982162740928743,6.392488941719547
2021-05-27,330.4417724609375,331.4646263219847,324.4933337229342,325.72472236570246,20477700,6.971292599050514,6.593228653804695
2021-05-28,326.4496765136719,330.5609424009443,326.05242698912605,328.7039190666391,12037400,4.50851541181828,6.2236679853142665
2021-06-01,326.8468322753906,329.1209550465971,324.37411508635194,327.85974563220555,11765900,4.746839960245154,6.055556861685504
2021-06-02,326.8667297363281,329.56786271635684,324.85081275421754,328.0882083208523,11654300,4.717049962139299,5.912272832606752
2021-06-03,323.7782897949219,325.1089906636587,321.23605077615906,323.520083700462,12610800,3.8729398874996264,5.756929157433847
2021-06-04,328.0583801269531,330.15372858687806,322.9242308943187,323.6392374927423,13289400,7.229497692559335,5.72217045471753
2021-06-07,334.2452087402344,335.3475246849949,326.6482810891515,327.1944840493808,20136700,8.69924359584337,6.052718951068686
2021-06-08,331.3653259277344,335.9532731268308,329.93531247530376,334.3643962293605,14580500,6.017960651527062,6.008030791406481
2021-06-09,327.9591064453125,334.463657978423,327.710840656936,333.41101346017734,13727900,6.752817321486987,5.703727256313982
2021-06-10,330.15374755859375,331.62349184699826,326.27086722654735,328.4953491638462,13240200,5.352624620450911,5.654075368168882
2021-06-11,328.9620666503906,330.5211525638128,326.6482128358356,330.2728868080979,13587900,3.8729397279772115,5.638469962397709
2021-06-14,334.4339294433594,334.48360079379444,327.52221709621347,329.59771583602134,12250800,6.96138369758097,5.573920661440005
2021-06-15,334.41400146484375,337.5620248503402,332.7059317076359,334.65232691277197,15795200,4.85609314270431,5.610097215129413
2021-06-16,328.7833251953125,335.2084448088056,326.439710773516,334.3643653995588,17232200,8.768734035289583,5.951995164726616
2021-06-17,334.1756896972656,335.6354937373488,327.8597923156813,328.197430149362,17794100,7.775701421667463,6.009452937770683
2021-06-18,327.37322998046875,333.8182006835169,326.71780460807463,332.2094430903154,23039500,7.100396075442291,6.194587270886684
2021-06-21,329.9849548339844,330.61058945270315,325.3771273795917,328.7932669596741,11337500,5.233462073111468,6.229345993234277
2021-06-22,336.6781921386719,337.56203287221103,330.29280347884355,330.3821755239405,15345300,7.269229393367482,6.411644524036291
2021-06-23,338.2273864746094,341.0377722588904,335.85398122199473,336.995997823339,14817800,5.183791036895684,6.505276748993152
2021-06-24,340.79937744140625,342.50744713580673,339.41903553173717,339.47861689152836,12329100,3.088411604069563,6.209484885529597
2021-06-25,339.001953125,341.7328767106353,337.3236740242663,340.2134913461353,14594400,4.409202686368985,5.903053391995712
2021-06-28,353.1729736328125,355.65563137017324,339.39916304899543,340.0843790089774,29156100,16.256468321177806,6.634375368399337
2021-06-29,349.448974609375,354.2653062040058,346.62864885077636,353.79856535373204,21417300,7.636657353229452,6.697506799238084
2021-06-30,345.2979736328125,350.4718543781205,344.76174136100525,349.72705702806195,15107500,5.710113017115248,6.723041684714109
2021-07-01,351.9316711425781,352.2097276177686,344.0963881893645,344.41417567697727,17137000,8.11333942840406,7.02592737760174
2021-07-02,352.239501953125,353.9674220897666,350.17391368538927,352.6367211412645,11521300,3.7935084043773486,6.799650570944339
2021-07-06,350.33282470703125,356.30114407035626,346.7577912256229,354.02702092017273,13488500,9.543352844733363,7.134454835374986
2021-07-07,348.05865478515625,354.01703301819634,347.5720635940059,352.7955848761856,14218900,6.444969424190447,6.968471648867904
2021-07-08,343.25225830078125,345.9136601651972,340.1836969240964,343.331720320965,14406500,5.729963241100791,6.822347493113142
2021-07-09,347.98919677734375,348.2771632659908,342.8748973921492,342.92456873238206,13018700,5.4022658738416,6.701052478713093
2021-07-12,350.7101745605469,351.7330283603502,347.21460329360013,348.7935700152841,10018600,4.518425066750069,6.649978406830136
2021-07-13,349.6476135253906,356.003211854675,346.3804271577719,349.061709882351,11456000,9.622784696903068,6.818089499939821
2021-07-14,345.218505859375,352.7360002675239,344.3247551938315,352.1004253817019,13894200,8.411245073692385,7.048621931139585
2021-07-15,342.0705261230469,346.807456771449,337.8599480408071,346.807456771449,14781600,8.947508730641857,7.4671288687518915
2021-07-16,338.79339599609375,343.5898772244563,337.7804825885688,342.51738245801107,11026100,5.809394635887486,7.567142579431784
2021-07-19,334.6126708984375,337.43296686382087,332.2193848529158,335.2283652584028,14372300,5.213582010905043,6.778364985840873
2021-07-20,339.28997802734375,341.067569648738,332.1796418476506,336.4498015039066,11024300,8.887927801087415,6.867741446402156
2021-07-21,343.8282775878906,344.11624409141785,338.88281201452764,339.1310778108753,9279700,5.23343207689021,6.833692807814653
2021-07-22,348.7538757324219,349.1014539216713,342.81534674837894,344.27515089851886,12385400,6.286107173292351,6.703176218163817
2021-07-23,367.2248229980469,372.7263709130637,354.712221510125,358.4064175626375,33694300,18.0141494029387,7.718936289489627
2021-07-26,369.87628173828125,371.8425576289156,365.6657038011167,367.01625509949724,14925200,6.17685382779888,7.478472073994307
2021-07-27,365.258544921875,370.5614983630885,362.0211494423419,369.33010978819533,15705400,8.540348920746624,7.628142038034034
2021-07-28,370.6905822753906,374.93095068238745,364.38462570750005,371.9617017952176,29676900,10.546324974887398,7.972167876161649
2021-07-29,355.8343505859375,362.98438618631917,354.26529403428776,358.49575222098156,33413200,8.719092152031408,8.209084038889491
2021-07-30,353.828369140625,358.22766169034094,350.491691683396,351.5443361411562,15976200,7.73597000694491,8.438908677474839
2021-08-02,349.50860595703125,356.906908626089,348.3069776627504,355.61593858624593,13180400,8.59993096333858,8.365847696505947
2021-08-03,348.803466796875,351.3159151790246,345.2880453111315,350.28315139524244,12406100,6.027869867893116,8.195606610377427
2021-08-04,356.43023681640625,357.9794128958687,349.0716352860186,349.97532638335207,14180600,8.907777609850086,8.192768673178014
2021-08-05,360.4521179199219,361.3756593379675,354.4242175743126,357.14523110122803,10247200,6.951441763654884,8.274343468018543
2021-08-06,360.9884033203125,362.6170111631922,358.893024268515,358.893024268515,8925000,3.723986894677239,8.167943816859415
2021-08-09,359.1015930175781,363.24268017076685,358.2475731557714,361.2367032838666,7798900,4.995107014995426,7.889885189281415
2021-08-10,358.6249084472656,361.5743072827586,356.5494100527903,359.3200344847057,7469900,5.024897229968303,7.874989843072707
2021-08-11,357.4629821777344,359.8463275378054,355.3279025907099,359.5881517418357,8400300,4.518424947095468,7.748726826915787
2021-08-12,360.13433837890625,360.4819165359161,354.6327601477801,355.9634914124329,7170700,5.849156388136009,6.87979875442988
2021-08-13,360.66070556640625,362.13045009347235,358.97251621695744,360.4521707685684,7195700,3.157933876514903,6.664161615052454
2021-08-16,364.0172424316406,364.40455162461785,354.9009295725257,360.0052586371251,11222100,9.503622052092169,6.732966838719993
2021-08-17,355.9635009765625,362.1403550292865,352.60694265481555,360.462075868413,12328700,9.53341237447097,6.660615938690248
2021-08-18,352.98431396484375,357.3636958513721,352.68637683194646,353.77875237413787,10042400,4.6773190194256244,6.3719178577898345
2021-08-19,352.65655517578125,355.08957183761447,348.5651401460842,348.912718284329,12004500,6.524431691530253,6.285379406688788
2021-08-20,356.8771057128906,357.49280002789834,350.85914534134406,352.14020531327213,8697700,6.63365468655428,6.144931101204195
2021-08-23,360.8294982910156,363.1532624039116,356.6089799423798,356.94661777356487,10942000,6.544282461531793,6.181817715035529
2021-08-24,362.97454833984375,365.4075350526847,359.3299929768121,361.1373753161005,9235100,6.0775420758726,5.979658034037137
2021-08-25,365.83453369140625,368.287370479807,362.8652543840877,363.06387912846816,9684500,5.422116095719332,5.870420486327455
2021-08-26,361.8523254394531,366.8772221372946,361.6040596725405,365.8245777100554,7888700,5.273162464754137,5.981075884190091
2021-08-27,370.04510498046875,371.1473904662414,361.55439735667915,362.5673411067195,11219100,9.592993109562258,6.309496319516293
2021-08-30,378.0194396972656,378.843668815076,367.94976434643246,369.97562175122965,13547300,10.893904468643541,6.72871112227881
2021-08-31,376.7483215332031,380.10487999697085,376.1723279061096,377.3143748304173,12345400,3.932552090861236,6.6868630611192215
2021-09-01,379.3997497558594,381.6639324386178,376.18223497138194,376.9568229863813,11567200,5.481697467235847,6.660615995340639
2021-09-02,372.6767272949219,379.10184690792806,371.4651890735768,378.85358112737276,14832900,7.63665783435124,6.980524849471806
2021-09-03,373.6499328613281,374.54368359292056,370.5217598419335,372.1503978778012,7509600,4.021923750987071,6.588974970821441
2021-09-07,379.52886962890625,380.30345767823303,370.56151054382633,373.2725838694114,10793800,9.7419471344067,6.603870310816851
2021-09-08,374.95086669921875,378.22796302326014,372.1901523111581,377.5228966613497,11067200,6.0378107121020435,6.701048288865167
2021-09-09,375.37786865234375,377.1951608723424,373.9577956290019,375.0203804671173,9098900,3.2373652433404914,6.466257828280184
2021-09-10,376.0630798339844,381.1277078677201,375.63606996069,378.71454142479524,11549600,5.4916379070301105,6.384685201171314
2021-09-13,373.8982238769531,379.1018651904603,371.7532037928041,379.0323434951405,13026300,7.348661397656201,6.442140839465915
2021-09-14,373.91802978515625,375.9637372479582,372.5078669166244,374.7819897915199,8711600,3.455870331333813,6.254878571998859
2021-09-15,371.3262023925781,374.94093665537116,365.11955743747427,374.38482369186454,17940300,9.82137921789689,6.569111652154398
2021-09-16,370.4721374511719,370.9686690276953,367.14536982728856,370.2040213099669,11934200,3.8232992004067228,6.4655499904152975
2021-09-17,362.1899719238281,368.8335664300614,359.0816795986663,368.8335664300614,26299000,9.751886831395097,6.476899541974786
2021-09-20,353.2325439453125,358.5255567412185,347.3734476237028,356.80754673058533,19822800,11.152109117515693,6.49534273117994
2021-09-21,355.0002136230469,357.54245277557396,352.7260906017265,356.0131270912646,11751900,4.816362173847438,6.558472022821811
2021-09-22,340.8291931152344,347.41320660790336,338.326684902849,344.82132634927734,43692900,9.086521705054338,6.815959468380275
2021-09-23,343.56011962890625,347.24440574358306,340.6206611842172,342.9642756764454,21806300,6.623744559365832,6.743608520167031
2021-09-24,350.5115661621094,351.8919385080049,339.9950308835849,340.8589909880195,18801900,11.89690762442001,7.306107368269385
2021-09-27,351.1272888183594,352.686405386359,344.6723777261195,347.38345129497895,15205800,8.014027660239492,7.182684548686012
2021-09-28,338.2869567871094,347.1748841230016,336.56897692930727,345.5561863357287,21710300,10.60590719369435,7.508977154514034
2021-09-29,337.254150390625,342.83519056135003,336.52923371146676,340.76960230808635,14452200,6.305956849883273,7.72816226926709
2021-09-30,337.0357360839844,340.42205494779716,335.8043171003503,338.08838065803866,16547100,4.617737847446847,7.665740836439714
2021-10-01,340.6306457519531,342.62668233898466,336.29096406243747,339.24033291368795,14905300,6.3357182765471975,7.5933877563604995
2021-10-04,323.9669494628906,333.60958259005633,320.4614383277288,333.20242312829924,42885000,13.148144262327548,8.285693037145766
2021-10-05,330.6503601074219,332.85496192716766,323.897541540106,326.30073784366226,35377900,8.957420387061688,8.22398169208611
2021-10-06,331.3255920410156,332.0604490478025,323.53995055480846,327.4526216500832,26443000,8.520498492994022,8.559495927270916
2021-10-07,326.9362487792969,336.4895113551633,326.6979233231299,334.66227881082483,28307500,9.791588032033417,8.56233172731651
2021-10-08,327.76043701171875,331.08720418363254,326.42973620412886,329.210330838422,15946100,4.657467979503679,8.09842878888708
2021-10-11,323.1924133300781,328.1676390888034,323.05336994266753,325.3572837172374,14708200,5.114269146135882,8.119707858336255
2021-10-12,321.5240783691406,322.12986271225867,315.168479613975,320.7892212601343,31658700,6.9613830982836475,7.9679122435669205
2021-10-13,322.2887268066406,324.73165369743293,320.4217632147295,324.7018630148336,14761500,4.309890482703452,7.8026369523767505
2021-10-14,326.25103759765625,328.22722358123883,324.8309645572515,326.08220352646043,14302200,3.3962590239873407,7.19544776663156
2021-10-15,322.5072021484375,326.78730195164854,320.27281003421854,326.3999927716936,21596400,6.514491917430007,7.088338070716596
2021-10-18,333.0137939453125,333.5599968627541,325.22818246588844,326.6681361594644,21585000,8.331814396865639,6.925902870943117
2021-10-19,337.6315612792969,340.0844286944019,334.94036838446834,337.29392341439353,18786300,5.144060309933536,6.842910260946708
2021-10-20,338.4160461425781,341.5938602237762,337.0952855380206,341.0675379865776,13639500,4.498574685755557,6.834398606540186
2021-10-21,339.5084228515625,339.93543271791094,335.4567083681282,337.919515805233,16354400,4.478724349782738,6.701756183199868
2021-10-22,322.3581848144531,327.3433807629827,318.8824641103329,324.08613514392806,35224500,8.460916652649814,6.36695421108003
2021-10-25,326.4099426269531,327.27390275405656,317.50216459273884,318.07812790884657,38409000,9.771738161317728,6.425119766384033
2021-10-26,313.6192321777344,327.9193337074258,307.4523192648189,325.982878988023,65654000,20.467014442606853,7.278442334213521
2021-10-27,310.05419921875,317.03543243091343,309.89530546712155,312.01053497096626,29971800,7.140126963791886,7.089052257910554
2021-10-28,314.7215576171875,323.26187566968946,305.9726441964319,310.81879676750776,50806800,17.289231473257587,7.991321078892976
2021-10-29,321.325439453125,323.73857554960784,317.3829776736138,317.96888127486596,37059400,6.355597875994022,8.079987416739986
2021-11-01,327.6910095214844,331.13694007847226,323.738607028624,323.7783380427413,31518900,7.398333049848247,8.111198127566029
2021-11-02,325.8041076660156,332.4675824608705,321.55379908221755,329.08123386984886,28353000,10.913783378652965,8.582904762990994
2021-11-03,329.319580078125,329.84590230841843,320.95800575490676,325.2182246298572,20786500,8.887896553511666,8.975164586528447
2021-11-04,333.520263671875,334.9303963680135,330.34244948206873,331.69303111979514,22495300,4.587946885944746,8.837554227136641
2021-11-05,338.76361083984375,344.3843514680438,337.28395655939903,337.9492918468167,26872800,7.100394908644773,8.749595692263723
2021-11-08,336.27105712890625,342.39827042924827,335.99300064415445,342.03084189288523,18342500,6.405269785093822,8.8396820833466
2021-11-09,333.0435791015625,338.94237655440764,332.14982834025784,337.6414662706003,17556700,6.792548214149804,9.00353733537476
2021-11-10,325.3672790527344,330.87876832827897,323.25204934297693,330.1836118854682,21872600,7.626718985302034,9.22839409505471
2021-11-11,325.4665222167969,330.1537817149823,324.7316651495095,327.53211063613753,12376600,5.422116565472777,9.011336945970637
2021-11-12,338.5252990722656,339.48854119804446,327.49235212990004,327.8895713138474,25414300,11.996189068144417,9.170226296458257
2021-11-15,345.1490478515625,351.19679918142634,340.8193067901365,341.9513830937844,25076600,10.37749239128982,8.449546149935612
2021-11-16,340.5809326171875,344.24533809936,338.50543425102154,341.44489271681016,18181100,5.739903848338486,8.349530213117513
2021-11-17,338.4060974121094,344.8907981611505,337.7407621147875,341.8520275379172,13602800,7.15003604636297,7.625301968339325
2021-11-18,336.3405456542969,340.0843826522268,332.9740471795485,337.3633994408119,17487200,7.110335472678287,7.679211796673916
2021-11-19,342.9046630859375,349.6575100890898,337.5421286138821,339.8261918393417,26488500,12.115381475207698,8.016143827056734
2021-11-22,338.64447021484375,351.3755166050516,338.1479386460966,346.6286760200637,27116800,13.22757795895501,8.181414868506879
2021-11-23,334.9105529785156,339.0317590592541,331.1865661032912,336.5788918252043,17225000,7.845192955962887,8.106936040110538
2021-11-24,338.6941223144531,339.40912900904357,330.5013511624678,333.6692250990394,13566200,8.907777846575755,8.415495394441324
2021-11-26,330.8092041015625,335.4070915076629,329.5976658008317,333.47060617009134,14750700,5.8094257068312345,8.3232833085975
2021-11-29,335.68511962890625,338.30682076869596,332.98398677543236,334.55304345009216,16650900,5.3228339932636,8.245966466323912
2021-11-30,322.20928955078125,333.4805633574845,321.1864356284006,332.6761845595874,25390000,12.294127729083925,8.63893643167635
2021-12-01,308.4454040527344,328.2073536259176,308.1375569170716,327.99881886115134,30329600,20.069796708846013,9.527727697643778
2021-12-02,308.2369079589844,312.41769563708294,305.0690338569957,309.2398812049933,24396200,7.348661780087241,9.665338070116238
2021-12-03,304.71148681640625,311.573556673393,297.4224070874301,311.5537063209336,27471000,14.151149585962912,9.819263821388988
2021-12-06,315.66497802734375,317.87951975765236,304.2149611423583,305.99255266304647,21758300,13.664558615294084,10.05405426596072
2021-12-07,320.5706787109375,324.27481477403893,318.7732370263186,319.3392902346361,18794000,5.501577747720319,10.037030973059425
2021-12-08,328.2669677734375,330.4417785979972,320.82893413037664,322.74553882599275,19937700,9.612844467620562,10.212945860292109
2021-12-09,327.5321044921875,333.79833071804273,325.7247222356388,327.2540480147095,16879200,8.073608482403927,10.281751075272512
2021-12-10,327.46258544921875,332.7059578569133,324.1060270329738,330.2530905762638,14528000,8.599930823939474,10.03064745732478
2021-12-13,332.1696472167969,338.7238693550957,327.3036443722298,328.65422586839105,22948700,11.420224982865875,9.901550816175558
2021-12-14,331.4248962402344,333.3713218947086,325.3771451062712,325.77436431738806,20461000,7.994176788437414,9.912192518495166
2021-12-15,339.28997802734375,339.7368382857609,321.7326278482403,330.18357510906884,24681300,18.004210437520555,10.561937703562652
2021-12-16,332.57684326171875,342.07052456232094,331.4248863696693,336.62855788973843,22635000,10.645638192651631,10.907381452549824
2021-12-17,331.4745788574219,334.77152569712786,328.4556581996595,330.4914256670543,40012600,6.315867497468332,10.978312417135877
2021-12-20,323.1924133300781,327.61152615092544,320.2926556061012,327.4923634222205,17901800,7.318870544824222,10.622936903974468
2021-12-21,331.8817138671875,333.6692153987566,321.50419192067693,324.1457435126229,16116800,12.165023478079661,10.058310244634015
2021-12-22,328.15771484375,332.189548621576,325.98290422148904,331.48445199749193,16764600,6.2066444000869865,9.976737574633997
2021-12-23,332.9144592285156,334.33456247386124,326.08218034839234,327.8101307259051,13987700,8.252382125468898,9.555397041741568
2021-12-27,343.778564453125,345.4568434568832,335.6652561860855,336.49942552370055,17795000,9.791587270797663,9.278756231420394
2021-12-28,343.81829833984375,350.26326798561126,342.80538491551954,344.2254578364717,16637600,7.457883070091725,9.418492325875494
2021-12-29,340.5610656738281,347.2642416723502,339.2700957520207,344.50352743630526,10747000,7.9941459203294585,9.302871001068988
2021-12-30,341.97119140625,344.8213079338288,340.8391152417787,341.6137032403792,10593300,3.9821926920500914,9.010627016043713
2021-12-31,334.01678466796875,341.05759851401064,333.9373226475047,340.64049867127704,12870500,7.120275866505949,8.904937376227034
2022-01-03,336.1916198730469,338.71397854824414,334.85097850917924,335.9532641001233,14537900,3.8630000390649,8.365135594526963
2022-01-04,334.1955261230469,340.71001767926003,329.5678484085995,337.59181528292993,15998000,11.142169270660531,8.589992200400044
2022-01-05,321.92132568359375,333.43092506420857,321.5935978412268,330.7099111630695,20564500,11.837327222981742,8.1495005422187
2022-01-06,330.15374755859375,336.8172227357935,320.481322726394,320.58063509691385,27962800,16.335900009399495,8.555947814843547
2022-01-07,329.4884033203125,334.6622534111411,326.59858616008637,330.43179504996147,14722000,8.06366725105471,8.680790654385431
2022-01-10,325.79425048828125,326.0623666414972,313.2419171246315,323.05338636520554,24942400,12.820449516865665,9.073760580959819
2022-01-11,332.0505065917969,332.3087126977734,323.0235665762721,324.51316123835636,16226800,9.28514612150127,8.868055055489934
2022-01-12,330.9482116699219,334.03662330125775,327.74060701207145,332.85487581183287,14104900,6.296016289186298,8.87443876185417
2022-01-13,324.21527099609375,333.30179283796394,323.50026430952033,332.65630784591855,14797100,9.801528528443612,8.985092076352364
2022-01-14,329.5976257324219,330.4218850489652,318.9817791263499,319.55777267625143,16868500,11.44010592261526,9.10284340862505
2022-01-18,315.9429931640625,321.96095262959676,315.43655163280187,321.04735162418825,22645600,6.5244009967948955,9.036166117675277
2022-01-19,317.3730773925781,324.8309920265667,317.1148712521666,317.36313706229,20814700,7.71612077440011,9.016307178680323
2022-01-20,314.36407470703125,325.54597570040505,313.78811140295323,321.65315473896703,16925000,11.757864297451817,9.571712293351876
2022-01-21,301.06695556640625,316.10191525145456,300.9378525135199,312.6261943760006,28710700,15.164062737934671,10.146268498453926
2022-01-24,306.5685119628906,307.38283100711567,287.00518638419567,295.77392053287866,38878100,20.377644622920002,11.325885968729292
2022-01-25,298.06787109375,304.105711463683,295.5156917587425,297.8692766654803,25108500,8.590019704940516,11.143589571177861
2022-01-26,292.586181640625,305.37683902690725,288.83240439081436,304.8803074843086,28348800,16.544434636092888,11.47981152925723
2022-01-27,292.59613037109375,299.6170635525719,292.218761538942,295.68454210791685,21629900,7.398302013629916,10.841411672416545
2022-01-28,299.6170349121094,299.80571931014885,290.99725518246254,293.5692847644114,21871600,8.808464127686307,10.894611449318802
2022-01-31,311.0869445800781,311.6132667908384,297.24364306776437,298.5941942856098,21579500,14.369623723074028,11.005266749762256
2022-02-01,316.7871398925781,317.4425651980272,309.95486067855575,312.37793715110746,18023800,7.487704519471436,10.876878063902982
2022-02-02,320.7593688964844,325.7246842044795,314.67188747994163,325.54594012680275,58458300,11.05279672453787,11.216648094999524
2022-02-03,236.11065673828125,246.27962745604032,234.11460553532865,242.95286029818027,188119900,12.165021920711666,11.385469051590098
2022-02-04,235.44534301757812,240.92705595132773,228.5137663432525,233.3400539489898,89342200,12.413289608075218,11.454982171980095
2022-02-07,223.34982299804688,236.64693715449368,222.45605712612533,236.05109323987932,88613800,14.190880028368355,12.002587817092486
2022-02-08,218.65261840820312,224.2038524585469,214.6505754679408,219.31798399643122,94729700,9.553276990606093,12.133813261107198
2022-02-09,230.39065551757812,231.75114721199498,220.6685737472987,222.6447597583816,86563300,11.082573464696281,12.08557820162466
2022-02-10,226.48793029785156,233.36985097006743,225.12742341585542,226.68653990638668,49310400,8.242427554212014,11.591175688501613
2022-02-11,218.0270233154297,228.82161518931338,217.2524352504062,226.87521985005384,46156900,11.569179938907183,10.961999639643555
2022-02-14,216.18984985351562,219.46696135685332,213.2901072050722,217.78868216906557,38184000,6.176854151781129,10.789630671560742
2022-02-15,219.4669647216797,219.6159181388209,213.56816695582089,218.9406424438585,42685500,6.047751183000003,10.039867567768393
2022-02-16,215.03790283203125,215.95153432834283,210.8869058489219,210.93656204047352,45817500,5.064628479420918,9.873176601039178
2022-02-17,206.26913452148438,215.99121519564065,205.7229468087925,212.53535999533352,38747500,10.268268386848149,9.977448333836453
2022-02-18,204.7299041748047,209.28806043075434,203.75669137039452,207.93749393051652,37128400,5.531369060359822,9.346144429356867
2022-02-22,200.67819213867188,206.04072679270618,198.67220044312174,200.9363830884198,39852400,7.368526349584442,9.337631702936367
2022-02-23,197.0733642578125,205.50447522195893,196.67614508887834,202.74376108492856,44481400,8.828330133080584,9.17874123211799
2022-02-24,206.159912109375,206.90470945781502,188.90047003925045,189.73463943279745,49957200,18.004239418564566,9.59582819625034
2022-02-25,209.01992797851562,209.8541125423845,201.77056393873042,203.5183647840356,37627600,8.083548603654094,9.286560981648831
2022-02-28,209.5661163330078,211.67140537212006,205.39525411367887,206.23934870344502,34239800,6.276151258441189,8.721223212368319
2022-03-01,202.0784454345703,210.28114239353997,200.81725086900826,208.41417864164742,27094900,9.463891524531704,8.714838536220148
2022-03-02,206.66635131835938,207.69913021995131,200.61860099880352,203.3594495534795,29452100,7.080529221147799,8.428978233109543
2022-03-03,201.56204223632812,207.62965909439046,200.0227912203855,207.57007772587977,27263500,7.606867874004962,8.383581113094753
2022-03-04,198.6721954345703,204.46175495320406,197.41100109237203,200.96616870266408,32130900,7.050753860832032,8.060836393232242
2022-03-07,186.1695556640625,199.49646172826948,185.9808712352933,199.39714934904097,38560600,13.515590492976173,8.585031846174745
2022-03-08,188.96998596191406,195.3355245860247,184.81898914057544,186.54692452981288,37508100,10.51653544544925,8.904230722063977
2022-03-09,197.12306213378906,197.71890616615158,192.57483046872176,194.38221292139642,31894700,5.144075697429827,8.909905523350329
2022-03-10,193.85585021972656,194.91841983418425,189.74456968088708,193.4884065766853,24853000,5.173850153297167,8.546018506668116
2022-03-11,186.30856323242188,192.2172854703511,185.3750815218328,191.303669263992,34694500,6.842203948518289,8.639649570108006
2022-03-14,185.33538818359375,190.95611432836714,184.53100942336172,185.73260739881346,31010500,6.425104905005412,8.572262324066646
2022-03-15,190.69789123535156,190.946156991285,184.62035037904172,189.47642795898207,31721700,6.3258066122432695,8.393510644006838
2022-03-16,202.21746826171875,202.31676549191621,193.17066172479323,193.34940583091395,40640300,9.14610376712298,7.760786668903868
2022-03-17,206.39825439453125,206.59686400639015,199.7149432190033,200.30084687751673,29499700,6.881920787386861,7.674956110599065
2022-03-18,214.98825073242188,215.2960978900843,204.57101264324805,205.26615383037955,52128000,10.725085246836244,7.9927371097701405
2022-03-21,210.02291870117188,213.22058306841436,206.189694561412,213.01203315188104,30142300,7.030888507002345,7.818951179946615
2022-03-22,215.1471405029297,217.93766087896697,208.72202025875447,209.90376791475666,31998800,9.215640620212497,7.971459137022665
2022-03-23,211.979248046875,215.29607503983217,210.6882630346818,211.85014499977373,23717300,4.607812005150379,7.757240860675909
2022-03-24,218.04685974121094,219.1392199973298,213.30000445243496,213.5085543588696,31502300,5.8392155448948415,7.6707024095375385
2022-03-25,220.28128051757812,223.9357457242786,217.37159753839384,218.98035503124117,40039000,6.564148185884761,7.1741708161738655
2022-03-28,222.0389862060547,222.48586159323668,218.01707741553452,220.58912249182504,26224100,4.468784177702162,6.74218858276336
2022-03-29,228.2655029296875,229.28835679181603,223.7271969282728,224.50180014859438,31417900,5.5611598635432244,6.7719803089143165
2022-03-30,226.26943969726562,229.546535896173,225.13734833785708,227.32208418810893,25588000,4.409187558315921,6.717361552129942
2022-03-31,220.81752014160156,226.9050020311638,220.7182077665488,226.86527101996631,24192300,6.186794264615003,6.670546574708278
2022-04-01,223.29025268554688,225.7033888379623,221.15515784665132,222.99233071349855,19544800,4.548230991310987,6.536484152301534
2022-04-04,232.2675323486328,232.72434805076864,224.29323671351824,224.41239943888382,28054800,8.4311113372504,6.686863061230615
2022-04-05,230.23175048828125,235.2169316018234,229.4174466080516,232.45621733585187,29727200,5.799484993771813,6.447818863134103
2022-04-06,221.7509765625,227.40150760047936,219.87408805094933,225.33593468966637,28995100,7.527419549530038,6.493925917572901
2022-04-07,221.40342712402344,223.95560670287298,217.04388048466566,222.3766247719894,21037200,6.9117262182073205,6.221543129813692
2022-04-08,220.7877197265625,223.568299423111,218.5036715775069,220.83737591189984,18375700,5.064627845604093,6.081095939713817
2022-04-11,214.95848083496094,219.07968732019336,213.7270769322996,216.90487634713529,20516600,5.352610387893748,5.805165208833906
2022-04-12,212.65452575683594,220.48979279339932,211.65153750858536,218.7122165607691,20128800,8.838255284813954,6.107339728809876
2022-04-13,213.4986572265625,215.1074147194503,209.86404237313155,210.3506487834351,19231800,5.2433723463187505,6.064779500340156
2022-04-14,208.7220001220703,213.49864647682404,208.54325603316772,213.399334103251,18379500,4.955390443656313,5.949868233038123
2022-04-18,209.30792236328125,211.89981776607013,206.85505519404293,208.54325950228275,16580800,5.044762572027196,5.991009546918483
2022-04-19,215.8025665283203,216.91479248894638,207.55021357108893,209.0596739126116,20089900,9.364578917857443,6.262682336512356
2022-04-20,199.0297088623047,212.67440159783553,197.54011418103042,212.12821385078016,43036500,15.134287416805108,7.028760897833012
2022-04-21,186.76539611816406,201.56203116820575,184.29266339015666,200.20153948544436,49954100,17.269367778049087,7.820373291649732
2022-04-22,182.83285522460938,191.3831294620627,181.99868582411173,189.04942502299562,36426800,9.384443637950966,8.165817052124016
2022-04-25,185.69287109375,185.88154035079478,180.39984305017538,181.46241266801752,29281100,5.481697300619402,7.955144620936088
2022-04-26,179.6947784423828,185.8914981079493,178.25483986956792,185.33538515455388,31747400,7.636658238381386,8.086371281265343
2022-04-27,173.73638916015625,179.95297396586366,167.8276666489614,173.21999209687453,71062900,12.125307316902251,8.414791836077644
2022-04-28,204.30288696289062,207.08346694081774,191.56188434655328,201.5123818080678,100890600,15.521582594264459,9.029781577224583
2022-04-29,199.0793914794922,211.0060756892692,198.51333815204498,203.04171931279444,49193400,12.49273753722423,9.560360840911736
2022-05-02,209.66542053222656,210.4102178692344,199.59576114199825,199.77450522946864,49915300,10.814456727236148,9.950492722293335
2022-05-03,210.55917358398438,213.4092599092411,206.64650243953506,208.99013202513237,41556300,6.762757469706031,9.802242878357054
2022-05-04,221.86024475097656,222.74407035940482,205.52435875990173,209.1887491007281,41375900,17.219711599503086,10.657695682155936
2022-05-05,206.8351593017578,218.64267770136033,204.7298706021594,217.22260489250183,41129200,13.912807099200933,11.29751115755198
2022-05-06,202.3564453125,207.92752917130875,199.62552214941607,205.90167223013918,34747200,8.302007021892678,11.530171475399515
2022-05-09,194.84893798828125,201.1648205739182,194.22330332061387,198.45374711598748,36303200,6.94151725330434,11.35709564221715
2022-05-10,196.27894592285156,201.55212452552124,192.8429555526192,198.12604417981822,34452500,8.709168972902035,10.898158610509787
2022-05-11,187.4307403564453,199.27797620782732,186.9639994737446,194.96808586619244,31153400,12.313976734082729,10.544202107369333
2022-05-12,189.91339111328125,196.67614834334174,183.49819687355438,185.7623795104132,38262200,13.17795146978736,10.815166952500505
2022-05-13,197.24220275878906,198.503397232515,189.953122698784,191.24410785549279,24549800,8.550274533730999,11.034351040579905
2022-05-16,198.65232849121094,203.9453564363125,194.57083869542402,195.68307963018455,27112600,9.374517740888479,11.158483862187554
2022-05-17,201.2144317626953,204.03474236084168,196.98398859488535,200.71790023418964,24872700,7.05075376595633,10.796015751405703
2022-05-18,190.90647888183594,199.60570723461365,190.3007097114739,198.61264401454093,23960000,9.304997523139747,10.35197396061108
2022-05-19,189.96304321289062,193.93529581114845,188.28477921859724,189.8736711661357,24446900,5.650516592551213,9.863243893134436
2022-05-20,192.1974334716797,196.5371296980073,186.56676728554785,193.6175216415817,31465600,9.970362412459451,9.802951442078959
2022-05-23,194.86878967285156,195.62352741117638,189.91341394730676,193.83601060059402,25059200,5.710113463869618,9.727762584519214
2022-05-24,180.02249145507812,182.40583701791712,174.88835665003077,179.29755957893033,50406300,7.51748036788635,9.034746067975162
2022-05-25,182.5548095703125,184.16356710269176,178.07610000083076,179.14859492045568,28030200,6.0874671018609945,8.475793211022308
2022-05-26,190.30068969726562,191.49236240543442,180.99567799980568,181.61138743549637,23056500,10.496684405628741,8.63255588128917
2022-05-27,193.77639770507812,193.97500728439758,188.48336983269363,190.03254576550088,22562700,5.4916374517039515,8.528993038317713
2022-05-31,192.29673767089844,196.22927420586925,190.6780399723834,193.53806654327124,26131100,5.551234233485843,8.303426271216557
2022-06-01,187.33143615722656,198.14589349403096,183.716686817317,195.14683847181115,36623500,14.42920667671396,8.454514124261646
2022-06-02,197.4805450439453,199.5461182815414,186.4277469756888,187.14275367920058,31951600,13.118371305852605,8.450258398266305
2022-06-03,189.4565887451172,195.2461487952102,188.46352558358373,194.6205141545029,19465000,6.782623211626458,8.323997589544552
2022-06-06,192.90252685546875,195.55400378462718,187.09310106659834,192.6443358781859,30574200,8.460902718028848,8.258739373626009
2022-06-07,194.2928009033203,195.16670133175938,190.1616696801112,190.5986047413895,18828700,5.005031651648181,8.11261636546114
2022-06-08,195.27593994140625,200.62854978866102,193.06141332875293,193.3196042963057,22267200,7.567136459908085,7.988483432373164
2022-06-09,182.7236328125,198.0664565588307,182.40584530810946,192.93232152044123,23501600,15.660611250721246,8.703490193671024
2022-06-10,174.35211181640625,181.82987643665223,173.8059240304574,181.7702799166873,27450800,8.023952406194837,8.564460907509266
2022-06-13,163.1205291748047,171.38282092477996,162.89212891887655,169.40662002400506,31749300,8.490692005903412,8.76307366051168
2022-06-14,162.59420776367188,165.5932623959142,160.2406532010484,164.87825579282412,27244300,5.352609194865806,8.608440005295927
2022-06-15,168.17523193359375,170.96573665232683,162.8424731032596,166.04013730521538,30008300,8.123263549067218,8.753854037239227
2022-06-16,159.75405883789062,163.93486122919495,158.50280476509815,162.584294783492,26944100,5.432056464096803,8.392094898558375
2022-06-17,162.60418701171875,164.7491921814621,158.790812498184,160.55846392532106,31374200,5.958379683278082,8.425433629385099
2022-06-21,155.96058654785156,166.59628547684798,154.888076418778,164.7789779097741,50724900,11.708209058069968,8.865217545426821
2022-06-22,154.76889038085938,159.67460937224337,154.36173087266783,157.28133881462222,47267800,5.3128784995755325,8.21405124705979
2022-06-23,157.6487579345703,158.64182097667785,153.1799742450864,155.1859658329667,40499200,5.461846731591436,7.6671566346125655
2022-06-24,168.9796142578125,169.06898629668228,160.1810749228338,160.60808476606041,68736000,8.887911373848482,7.817534360485567
2022-06-27,168.31427001953125,170.55858716707883,166.84452572363676,170.13157730813595,29174600,3.7140614434420627,7.4784742694436535
2022-06-28,159.5653839111328,170.11172514854024,159.49587736831415,168.72142760981015,27744500,10.61584778022609,7.8792468500563615
2022-06-29,162.80276489257812,165.17618506417662,159.20788136690297,162.43533639936211,28595200,5.9683036972736545,7.765044509868188
2022-06-30,160.13140869140625,164.08379518713716,157.39056026746715,161.0251593299037,35250600,6.6932349196700045,7.124517629078814
2022-07-01,158.9198760986328,159.50577965191306,153.92477025048137,159.19793253588242,31423900,5.581009401431686,6.95002170016716
2022-07-05,167.02330017089844,167.08288153776365,155.930786168884,157.0430120915462,28618600,11.152095368879657,7.140121940379749
2022-07-06,168.59234619140625,170.39971336251205,164.31224616080019,167.0332296710171,23085900,6.08746720171186,7.19261179801161
2022-07-07,170.9955596923828,171.5218819911062,166.61614721920827,168.27456099198946,24083400,4.905734771897926,6.962788313928089
2022-07-08,169.69464111328125,171.20408623734986,166.98356772070983,168.800875159169,19249200,4.220518516640027,6.876249889109748
2022-07-11,161.75015258789062,166.3281749344096,160.78687998993084,165.91109017337698,21885600,5.54129494447875,6.846458122052653
2022-07-12,162.1374053955078,164.75909119254507,160.97552346700783,163.65679062146467,16639700,3.783567725537239,6.280412312586029
2022-07-13,162.35589599609375,163.83555035660143,158.50280621658072,159.0489939667087,16555100,5.332744140020708,6.281831286903541
2022-07-14,156.9536590576172,161.4621598143189,156.18899606667017,160.1016679295878,23765200,5.273163747648738,6.268353930907635
2022-07-15,163.5574951171875,163.8355515824348,158.71135732791987,159.42634884359796,23342800,5.124194254514919,5.99951699381238
2022-07-18,166.0699462890625,170.4990146042201,164.49097951767354,165.59328022000832,23574300,6.008035086546556,6.16337225403413
2022-07-19,174.5606231689453,175.26570460760436,168.3341135508235,169.18814838704586,25933700,6.93159105678086,5.900211059502327
2022-07-20,181.81993103027344,182.32640294171296,175.47425801947045,176.2587864045491,24784300,6.852144922242502,5.963342575571531
2022-07-21,181.8993682861328,182.57465908137436,177.6291938767748,179.37699465061837,27195800,4.9454652045995715,5.838501881637929
2022-07-22,168.09580993652344,174.38190172971616,167.2417749894323,171.86945307838997,42583900,7.1401267402838755,5.9498674058416565
2022-07-25,165.4939727783203,169.38679377598018,163.66674016501324,167.827677310981,26166300,5.720053610966943,5.561864423133605
2022-07-26,158.04598999023438,164.84847844507803,156.85431727302677,164.78889708215877,28468400,7.994161172051264,5.69805684958642
2022-07-27,168.40365600585938,169.68470084170153,160.89610078404186,161.462138917526,43846600,8.788600057659664,5.975404369997973
2022-07-28,159.60511779785156,160.38963105404298,153.77584169633522,159.94275564720272,73214300,6.613789357707759,6.146352287217097
2022-07-29,157.996337890625,159.0291167990866,154.09359221040665,156.5961153483285,42065400,4.935524588679954,6.1030829760886105
2022-08-01,158.8206024169922,164.0441249453111,154.1532080515644,156.15920011139974,40596700,9.890916893746692,6.539322202389286
2022-08-02,159.0787811279297,161.11456352266092,156.91389568067768,157.2118176426038,27374500,4.200667841983233,6.458459609672324
2022-08-03,167.6290740966797,168.36393117953668,160.4492312790305,161.56145723337113,31721900,7.914699900506179,6.647140763447855
2022-08-04,169.3867950439453,170.95582154448263,165.64294258692857,167.1325373671115,23938200,5.312878957554062,6.660618242236366
2022-08-05,165.95077514648438,170.4195590937745,164.64986491074373,165.83161242349757,25832700,5.769694183030765,6.643593891985238
2022-08-08,169.06900024414062,176.2786332135897,165.97064808420234,166.8346081704295,27299100,10.307985129387362,6.884764897171416
2022-08-09,167.3609161376953,168.35397919679417,165.44431170704559,167.77800080416407,18655100,2.9096674897485855,6.603159366278994
2022-08-10,177.10287475585938,179.2280292454022,172.74332822648657,174.7691854949126,30262100,6.4847010189156435,6.713104781587284
2022-08-11,176.25877380371094,181.82985836067613,175.14653283572773,178.46337508205696,24079100,6.683325524948401,6.680476123349036
2022-08-12,179.24790954589844,180.20125689554231,177.66894267746338,179.5557567167697,21274000,2.5323142180789375,6.452780452428464
2022-08-15,179.63519287109375,180.18138063501422,176.96385056905282,177.71858826208515,15878700,3.217530065961398,6.111592516279188
2022-08-16,178.2250518798828,179.73451217115374,175.8119004492171,178.19526119642512,21156700,3.922611721936647,5.764021920870401
2022-08-17,173.63710021972656,176.90427136073453,172.96180938893704,175.5338393460009,20118100,3.942461971797485,5.57321282187681
2022-08-18,173.4484405517578,174.54080109589322,170.6678602661471,173.13065302062813,18844500,3.8729408297461134,5.497313981952964
2022-08-19,166.7948760986328,171.12463159115575,165.89118508884732,169.01932762679462,26240800,5.233446502308425,5.16463752542166
2022-08-22,161.9189453125,164.34202175823924,161.13441695931127,164.34202175823924,19499700,3.2076047989279743,5.093704450917713
2022-08-23,159.99241638183594,163.90508790292597,159.585256823908,161.35290814770875,18111800,4.319831079017973,4.836928106525698
2022-08-24,162.1274871826172,164.31223827227942,158.66170642781384,159.48595067474253,20891500,5.650531844465576,4.861046169876521
2022-08-25,167.6092071533203,167.70851953536783,162.88223173493446,164.03417354079855,15550500,4.826287800433363,4.793659999690992
2022-08-26,160.6577606201172,169.73435751151283,160.54852306381065,167.31128091921585,24023600,9.185834447702177,4.713506379570622
2022-08-29,158.06585693359375,161.91894673546284,157.90696319573627,159.5455264556274,20052700,4.011983539726572,4.792243240283335
2022-08-30,156.06979370117188,160.53857745842626,154.82846487971233,159.237667278007,19567900,5.710112578713932,4.7369154945546414
2022-08-31,161.79974365234375,166.6756865086246,161.01523056740356,165.9110389260574,40953000,5.660455941221045,4.663853381431259
2022-09-01,164.21292114257812,166.19904741902297,159.2376802751425,162.4452699687775,30145700,6.961367143880466,4.9802143047027965
2022-09-02,159.20790100097656,166.76509747752274,158.11552540948338,166.2884313798448,22634200,8.649572068039362,5.368217304851222
2022-09-06,157.44021606445312,160.56837389852208,156.59612152734138,158.9894072176834,19339800,3.9722523711807014,5.371763065511511
2022-09-07,159.2773895263672,159.8434427650851,155.72222182065045,156.66562873223995,16831200,4.12122094443464,5.384531563557023
2022-09-08,160.93582153320312,161.10464046070226,156.6457963416658,157.6090688684695,22530800,4.458844119036456,5.426381798506333
2022-09-09,167.97662353515625,168.36391755240584,161.88915681033242,162.11755708898195,22086800,6.474760742073414,5.515047101346689
2022-09-12,167.78794860839844,170.20108467611442,166.11959471525049,166.228832262736,23220400,4.081489960863934,5.5774674700564
2022-09-13,152.06777954101562,160.50881712269543,151.61096378106527,160.41942991441775,44444100,8.897853341630167,5.904469060242986
2022-09-14,150.4192657470703,152.47489844050713,148.01605491490287,152.2663636796208,43064200,4.458843525604266,5.819348466038607
2022-09-15,148.51260375976562,153.1303415527559,147.66849398331107,148.76086955837675,34606300,5.461847569444842,5.864745592396569
2022-09-16,145.27520751953125,147.54933071218412,143.28908113786707,147.02300843327845,40122800,4.260249574317044,5.512918101440489
2022-09-19,146.99322509765625,147.5493380878504,144.0934822538278,144.23251050137634,22169500,3.4558558340226,5.473194693890205
2022-09-20,145.07656860351562,147.80749182660145,144.21260865097068,144.76872150101977,23217400,3.5948831756307698,5.322106879384265
2022-09-21,141.1341552734375,148.56227987420863,141.01499252306428,145.37453992522998,38338600,7.547287351144348,5.456880551521643
2022-09-22,141.82928466796875,143.577070336103,139.89279942616923,140.56809023965945,34418500,3.6842709099337583,5.222802249096879
2022-09-23,139.43600463867188,141.63066577922177,137.92654436335064,140.4389929946804,31710700,3.7041214158711284,4.869555773942005
2022-09-26,135.42401123046875,141.25330198021248,135.24526714438548,139.14799788660858,30497000,6.008034835827004,5.0149688071310266
2022-09-27,133.4676513671875,138.45283150502777,133.1895949597801,136.96323711408624,30826500,5.263236545247679,5.096541350046244
2022-09-28,140.627685546875,141.0447702879112,133.33860502663492,133.68616806769387,32658500,7.706165261276283,5.328492860206231
2022-09-29,135.46377563476562,138.86997566252782,134.2621623102042,138.3933094958583,38985400,4.607813352323632,5.195139475224104
2022-09-30,134.73878479003906,140.0119622137979,134.56004071784687,135.10622841555517,33166400,5.451921495951012,5.293027442016038
2022-10-03,137.64846801757812,138.651456228818,135.1558852524302,136.18866414251312,27723100,3.4955709763877962,4.907150130213012
2022-10-04,139.30690002441406,141.4022639154571,138.37341822182503,139.51544995703262,34670700,3.0288456936320642,4.805007427929283
2022-10-05,138.0159149169922,139.23739352437994,133.84505263982953,137.28105787017572,27979300,5.392340884550407,4.800042664722538
2022-10-06,138.10531616210938,140.46879643950675,135.6524486742208,136.76467468711368,36231100,4.81634776528594,4.839763964077458
2022-10-07,132.52426147460938,137.33068301741045,131.5212732455144,135.8112977576115,33214800,5.809409771896043,5.007874959639848
2022-10-10,132.8618927001953,135.16580614396682,130.95521354997354,132.6235672770044,24024000,4.210592593993283,5.051854203808598
2022-10-11,127.64830780029297,131.73973755042812,126.10906473901129,130.7069435735247,38481400,5.630672811416829,4.914953165256633
2022-10-12,126.61555480957031,128.77050008091746,125.37422584084904,127.4298738864634,34605200,3.396274240068422,4.894381974551966
2022-10-13,129.3861846923828,130.2302943889548,121.68002048782748,122.67308358829318,34325700,8.550273901127326,5.240535723498837
2022-10-14,125.88068389892578,130.87578263105397,125.64234329376768,130.09126942927062,23559400,5.233439337286285,5.1852074736030715
2022-10-17,133.11019897460938,133.8549964547006,129.27697400428877,129.39615190510497,29612200,4.578022450411822,5.136263609686225
2022-10-18,131.8787841796875,136.88381559214864,130.4884867324357,136.13901825885176,25445000,6.395328859712947,5.042632438145986
2022-10-19,132.30580139160156,136.0496537710444,131.30281304878633,131.9681635517954,30691000,4.746840722258071,5.052562964569875
2022-10-20,130.6175994873047,135.82125603082707,130.39912437440867,132.00788188487778,26356300,5.422131656418401,5.0504351188889745
2022-10-21,129.1081085205078,129.2173460509951,124.56981872394658,125.4337786404763,46348600,4.647527327048522,5.13271771536474
2022-10-24,128.82015991210938,132.55407210052488,123.70588290109863,126.36729258833617,63563400,8.848189199426244,5.548385108635753
2022-10-25,136.55612182617188,137.39030647102607,129.68412596591165,129.97212279358234,38433200,7.706180505114418,5.713659367247468
2022-10-26,128.91943359375,134.60967979627915,127.63837396072223,130.76651605013325,82791500,6.971305835556919,5.8675849436953955
2022-10-27,97.26060485839844,101.78897028259763,95.71142123185368,97.30032829256321,232316600,6.077549050743954,5.886737749327389
2022-10-28,98.51185607910156,100.15041170257088,96.83358459909144,98.88922490447071,95928300,3.31682710347944,5.822897357147829
2022-10-31,92.51375579833984,98.63102014234191,91.95763534781625,97.538652321249,121361400,6.67338479452566,5.897376784512745
2022-11-01,94.53961181640625,96.81372741045269,92.90106362865914,93.67565169773323,110189600,3.9126637817935404,5.934261751778825
2022-11-02,89.91194152832031,94.53961202289622,89.85236016179088,93.55648159280648,71821100,4.687251861105338,5.658331606062968
2022-11-03,88.29324340820312,89.8324866594847,87.79671186073098,89.45512541093512,60664000,2.035774798753721,5.429926996167786
2022-11-04,90.16018676757812,90.7560230264339,87.47891223802353,89.72323664206499,55638100,3.2771107884103685,5.3370047345962535
2022-11-07,96.049072265625,96.20795843512963,92.45418081587393,94.12252726626211,81987300,3.7537776192557004,5.148322503135021
2022-11-08,95.8008041381836,97.12157995769246,94.1324577284015,95.25461637027523,52088300,2.989122229290956,5.022771182208799
2022-11-09,100.76612091064453,104.17232788134447,100.04118146405922,101.01438670274665,107677300,4.131146417285251,4.930557950842145
2022-11-10,111.0939712524414,111.96786404919858,103.88433105566673,106.37692154748625,80671000,8.083532993531847,5.175986927019525
2022-11-11,112.23599243164062,114.10295597850015,108.05519753324442,108.47228980898205,59961700,6.047758445255724,4.975956158864489
2022-11-14,113.42767333984375,115.46344823592956,110.03139921110841,110.22007605616892,53395000,5.432049024821154,4.813518195986398
2022-11-15,116.26783752441406,117.9163184434814,113.61636068428409,115.26484160335141,50670500,4.299957759197312,4.622707619103569
2022-11-16,112.44454193115234,115.27477034611428,111.87849624815995,113.70572877695277,33287800,3.3962740979543327,4.4311879796185965
2022-11-17,110.6768798828125,111.55078026305709,109.03833182279432,109.64410092220196,35093800,2.512448440262773,4.373732360817406
2022-11-18,111.2727279663086,113.52697796246153,109.85264737178989,113.01058846285041,33357700,3.6743305906716444,4.159514203399262
2022-11-21,109.09791564941406,111.59050621756411,108.43256517321927,110.74639649912582,24351100,3.157941044344838,4.10560543643864
2022-11-22,110.6669692993164,110.84572098462105,107.5686092795262,109.09792757013905,29029000,3.2771117050948533,4.004881139580748
2022-11-23,111.4614028930664,111.88842033935603,109.96188303119828,110.94501340234123,21343100,1.926537308157748,3.9970784616810358
2022-11-25,110.63716888427734,111.94801193573602,110.24986728645337,110.52793133194992,12007600,1.6981446492826535,3.884295166029056
2022-11-28,108.02540588378906,111.26279380344529,107.62817911717663,110.0115321403808,23309400,3.6346146862686624,3.8757835279585535
2022-11-29,108.70068359375,110.17042028263462,107.78706738046849,108.78013045833187,23899200,2.3833529021661377,3.8325142903067806
2022-11-30,117.28075408935547,117.34034302913078,108.62124238709019,108.75034544287803,43348600,8.719100642040587,4.160225306360734
2022-12-01,119.6045150756836,120.35923753174231,117.57866556298286,118.37311144985567,36551400,2.780571968759446,3.7814423760198475
2022-12-02,122.63336944580078,123.17955722302418,116.79416070021333,117.01263581110268,39950500,6.385396522810851,3.8055593815594997
2022-12-05,121.5807113647461,123.80517050918586,120.50820143607213,120.905428177411,35474900,3.296969073113729,3.653053670723255
2022-12-06,113.32837677001953,119.71377354252466,112.95100789955556,119.07821369134132,43689200,6.7627656429691,3.828968519564097
2022-12-07,113.13969421386719,115.07616448377969,112.09697479070125,112.97087528294583,29461100,2.979189693078439,3.7991767763586757
2022-12-08,114.52996826171875,116.52601962232978,113.79509611830431,115.58261271516358,30619400,2.730923504025469,3.814782138056011
2022-12-09,115.09601593017578,116.72463882397538,113.0800990297086,114.50017957964646,26033400,3.6445397942667768,3.812654224027092
2022-12-12,113.91426849365234,114.91726435664589,112.3551597132621,114.38100936781183,24747100,2.5621046433837904,3.770094481101303
2022-12-13,119.31654357910156,122.44469413726709,117.8170160434879,121.28280444893988,44701100,4.6276780937791955,3.8665635088644703
2022-12-14,120.74655151367188,123.27886571815174,118.56181549227547,118.56181549227547,36922000,4.717050225876264,4.065885860130079
2022-12-15,115.34428405761719,117.80707637704052,113.21912956566705,117.5091619839413,34531000,4.58794681137347,4.272300300279423
2022-12-16,118.6015396118164,122.454622143585,117.99577044689154,119.39599321133228,67064000,4.458851696693458,4.331174372452622
2022-12-19,113.68586730957031,116.98283650686149,113.53690632889901,116.01956408518664,29769900,3.445930177962481,4.407072749295218
2022-12-20,116.27776336669922,116.51610398343564,111.67988360020045,112.4743371697137,28742500,4.836220383235187,4.1297241593805465
2022-12-21,118.92924499511719,119.50521586414342,114.81796415920795,115.8904666033582,20392800,4.687251704935477,4.265915569107406
2022-12-22,116.30755615234375,117.79715084272303,113.58655772952558,116.3869954443798,23618100,4.210593113197447,4.1105724684207345
2022-12-23,117.22117614746094,117.3602043835439,114.7385182510215,115.22511707731186,17796600,2.621686132522399,4.062337972664211
2022-12-27,116.06922149658203,117.77729137467526,115.2449848171056,117.11194086388592,21392300,2.5323065575696546,3.7601623237071076
2022-12-28,114.81796264648438,117.33041117127519,114.70872509527865,115.44358969536862,19612500,2.6216860759965357,3.7346263510584
2022-12-29,119.42578125,120.19043657200733,114.96692207560486,115.5925567337181,22366200,5.223514496402473,3.9126685647996147
2022-12-30,119.50521087646484,119.58465774352183,116.92324830887503,117.34034057268906,19583800,2.6614094346467994,3.8424449676839023
2023-01-03,123.87470245361328,125.4934003317137,121.43176787093023,121.96802291246617,35528500,4.061632460783471,3.949554097498165
2023-01-04,126.48645782470703,128.15480424194706,124.97699757381477,126.4963830012802,32397100,3.177806668132291,3.8459918528091004
2023-01-05,126.0594253540039,127.62846678342221,123.67607253076226,125.25503913557212,25447100,3.952394252659957,3.7913735690079355
2023-01-06,129.1180877685547,129.4259349510134,125.1656927072315,128.07536832739842,27584500,4.260242243781903,3.7679660998942524
2023-01-09,128.5718994140625,132.02775526038943,128.38321497323,130.25017872090828,26649100,3.6445402871594297,3.7098009992132503
2023-01-10,132.06747436523438,132.51434975414818,126.26798160348737,126.38714433308007,28684400,6.246368150660814,3.909832282977417
2023-01-11,131.96815490722656,132.9215021516353,129.4358409686768,130.05155039539636,25423000,3.485661182958495,3.813363768671939
2023-01-12,135.7616729736328,136.72493031020812,130.84599814762683,132.51435215688096,30757700,5.878932162581293,3.8984838013609258
2023-01-13,136.02978515625,136.43694468179817,133.90463063523947,134.03373369283793,22423800,2.532314046558696,3.778606725172444
2023-01-17,134.42100524902344,135.80136218171825,133.31870473781115,135.23530901109694,21147600,2.482657443907101,3.7686761045570654
2023-01-18,132.09725952148438,136.29791224625038,131.87878442440996,134.86789893919627,20215500,4.419127821840419,3.903449052004977
2023-01-19,135.20553588867188,136.49652095770875,131.2233582866692,131.57093643512005,28625200,5.273162671039557,4.092840237365193
2023-01-20,138.4031982421875,138.9692514778715,133.67622338072326,134.9473429258723,28688600,5.2930280971482375,4.097805494561319
2023-01-23,142.27613830566406,142.76272947112383,137.69811733220027,138.32373670963977,27470100,5.0646121389235645,4.269462830581088
2023-01-24,142.14706420898438,143.99416234588372,140.37941294552542,140.7071256161139,21970200,3.6147494003583063,4.237542611979291
2023-01-25,140.51844787597656,142.17686166153075,139.33670020081735,140.24039138216762,26622000,2.8401614607134036,4.213425097163656
2023-01-26,146.2781982421875,146.48673300837004,142.3059458263939,143.3983061489729,25482100,4.180787181976143,4.229738877829098
2023-01-27,150.68740844726562,152.12734699001797,146.3675776660674,147.21168740816768,35771900,5.7597693239505645,4.336847954984002
2023-01-30,146.03985595703125,150.07168968806806,145.93061841073978,148.3735602855576,28040100,4.14107127732828,4.372314454281777
2023-01-31,147.93661499023438,148.84030607097574,146.4966764891175,146.92368635959087,29842100,2.343629581858238,4.093547413653021
2023-02-01,152.0578155517578,152.51463124063147,146.03985564845766,147.00312805837234,55661000,6.474775592173813,4.30705558573983
2023-02-02,187.46054077148438,195.79234024734723,178.91026618373948,182.10793083625816,150475700,16.882074063607746,5.092994292956005
2023-02-03,185.23606872558594,195.40504086784406,181.6213194546132,182.1972979017333,76809700,13.783721413230865,5.8966662477183025
2023-02-06,184.7693328857422,189.37714543580742,184.2330854357221,185.23607379267708,42483800,5.144060000085318,6.086766430302461
2023-02-07,190.29075622558594,192.43577626935254,183.12083906011983,184.2926614583213,47080700,9.31493720923271,6.436467100830482
2023-02-08,182.15756225585938,189.50623849321948,181.65110551574864,188.68199427880654,36139100,7.855132977470845,6.62089355128986
2023-02-09,176.685791015625,185.35522793422592,176.0403060395819,184.83884601456782,37118800,9.314921894644016,6.9081716796824155
2023-02-10,172.9419403076172,177.64906506091359,172.14750191549953,175.12669134476383,33433600,5.501563145414053,6.939382465860307
2023-02-13,178.18531799316406,179.74443444936884,174.60037448273806,176.98372003856966,31463200,5.144059966630778,7.048618934879769
2023-02-14,178.23497009277344,180.2508870770016,174.65995184105614,175.93107146205887,24034600,5.590935235945466,7.245102775967774
2023-02-15,175.93104553222656,176.95389921473284,174.11373841544983,175.1961734537621,25308900,2.8401607992830122,7.149343748632551
2023-02-16,171.2438201904297,174.63016933039438,170.59832002033082,171.55166735716432,25827500,4.0318493100635635,7.025920890497765
2023-02-17,171.6807403564453,171.97864714115232,168.52279206209818,169.03918907715567,24171300,3.455855079054146,6.976976876335327
2023-02-21,170.8863067626953,176.9340576419765,170.68769716550068,173.10083331965035,34592600,6.2463604764758145,7.255743368808011
2023-02-22,169.93296813964844,171.5615911643237,168.51289505206418,169.88332710252644,22433200,3.048696112259506,7.011023405956989
2023-02-23,170.84658813476562,172.4851515245046,168.20505151002578,170.8068722736244,20017800,4.280100014478819,6.110882402447779
2023-02-24,169.20802307128906,169.53573571664788,166.49696501797226,167.47016262504536,19791300,3.03877069867562,5.34338592283669
2023-02-27,168.36392211914062,171.91909006380854,167.88725604335212,170.68770143860985,19277000,4.031834020456415,5.263941210006054
2023-02-28,173.72645568847656,176.3183509042835,170.67774479370667,170.70753547353686,46051100,5.64060611057684,5.001488988673493
2023-03-01,172.21701049804688,176.61628815362087,171.84958197968862,173.37889257088403,30998400,4.766706173932249,4.780887074135022
2023-03-02,173.31932067871094,173.79598677627365,170.2408186692047,171.18424084023994,17352000,3.555168107068937,4.36947608930823
2023-03-03,183.96493530273438,185.32542687141702,175.82182108915276,177.67884419711405,45877700,9.503605782264259,4.655336277654674
2023-03-06,183.6173858642578,188.3443765549212,183.35919487853496,186.6958879501446,33209400,4.985181676386247,4.643987828351492
2023-03-07,183.23007202148438,189.0394973728768,182.73354045821804,187.68893091467473,36701500,6.305956914658765,4.695060805402442
2023-03-08,183.68690490722656,183.97488657356203,180.08208057181255,181.60146608528046,19432400,3.892806001749477,4.770249748435761
2023-03-09,180.4296417236328,187.6194090554493,179.04928458509838,185.05731952586282,26582800,8.570124470350919,5.094412259884858
2023-03-10,178.26475524902344,183.48827695906897,177.55968891934018,179.7543499292982,25665000,5.928588039728794,5.271036042790191
2023-03-13,179.64512634277344,182.50515320013594,173.6073154373622,176.7255332709814,24728000,8.897837762773747,5.460427277525757
2023-03-14,192.67410278320312,192.97202473741814,185.26584554838433,186.2787741315394,41642600,7.706179189033804,5.793104640152492
2023-03-15,196.3782501220703,196.40804080618722,189.51617969222386,191.61154367511813,42123600,6.891861113963358,5.979659004401388
2023-03-16,203.50840759277344,204.33265175894712,194.7297336936518,196.88467873646928,50447100,9.602918065295313,6.4485266734456514
2023-03-17,194.25308227539062,200.49944278615354,194.07432302987556,199.16874180941005,50141100,6.425119756277979,6.619475654575764
2023-03-20,196.4378204345703,197.9770713567288,192.29674889302132,197.10317093063804,25186300,5.680322463707483,6.622312536942238
2023-03-21,200.75765991210938,202.1380171523649,196.57685717774208,201.79043897159778,31827000,5.561159974622825,6.679059236991565
2023-03-22,198.4239501953125,205.93150535957898,198.28492195719429,201.09529255545812,28477800,7.646583402384692,6.971303186656976
2023-03-23,202.86294555664062,206.43797907213462,200.7477161305615,201.432932150443,27389700,5.69026294157311,6.698921555179036
2023-03-24,204.5809326171875,206.14004902497825,202.13800577125969,203.7566883902138,27716400,4.002043253718568,6.628697382131345
2023-03-27,201.4329071044922,204.43196178331618,199.96317802106324,203.38924254153588,18527200,4.46878376225294,6.497470728388072
2023-03-28,199.28790283203125,199.63548099076047,196.52718852656108,198.76158058225792,19127300,3.108292464199394,6.441434047134495
2023-03-29,203.92552185058594,204.29295036342754,201.13500169884674,202.14793034442258,18851100,3.1579486645808004,6.054850061008058
2023-03-30,206.39825439453125,206.64652019759038,201.41308797922224,201.96920095360397,22608300,5.2334322183681365,6.005196073768011
2023-03-31,210.46978759765625,210.69818785889007,205.33565339003295,205.8023942409932,25440300,5.36253446885712,5.752674409916823
2023-04-03,211.5919647216797,212.00904941071065,206.75573705825332,207.39129684433962,17924600,5.253312352457328,5.577469635875646
2023-04-04,213.23049926757812,214.7399593461134,211.0656139394623,211.9097235929772,21026400,3.674345406651099,5.347647085353342
2023-04-05,210.0129852294922,213.69725608698042,208.48367468576205,212.66446195233036,19396600,5.213581401218363,5.034123037919274
2023-04-06,214.60093688964844,215.4351062371905,207.20260484748098,207.79844875454816,26104400,8.232501389709512,5.1632217260215265
2023-04-10,213.2603302001953,214.16402138280222,209.19870519653458,213.22061433799988,16106100,4.965316186267643,5.112149849061538
2023-04-11,212.36656188964844,214.52150711898213,211.92961167670683,213.98524452930243,16710100,2.5918954422753018,4.900059525322429
2023-04-12,212.51551818847656,215.3358139520289,211.1053703067004,213.34968761381884,18972200,4.230443645328506,4.656049542675559
2023-04-13,218.8214874267578,219.61592588344854,214.19380916711722,214.23352502877484,23310400,5.422116716331317,4.636896240872574
2023-04-14,219.95355224609375,220.56924652131391,216.04088119388985,216.36859383639296,21591200,4.528365327424069,4.6744906747086805
2023-04-17,217.341796875,219.4470858581435,215.62380190579213,218.26533831094628,15481900,3.8232839523513746,4.6283835454299975
2023-04-18,216.37852478027344,218.91083879225266,214.71018599535682,218.38451654561058,12281000,4.200652796895838,4.7064092834797435
2023-04-19,214.20370483398438,215.82240251472518,211.45291584018815,211.98917839281134,15898100,4.369486674537029,4.792947712762332
2023-04-20,211.5919647216797,215.24642970344084,211.294042757246,211.9991090817005,16475400,3.9523869461948493,4.7014444790356675
2023-04-21,211.4132080078125,211.92960507547147,208.12617148957972,208.75180610707153,17717200,3.803433585891753,4.590080130252427
2023-04-24,211.31387329101562,212.43603935219775,209.24831554466178,212.19769877241578,15750900,3.187723807535974,4.442538091329474
2023-04-25,206.11026000976562,209.79451581413423,205.69317530472057,209.35758075618784,19198200,4.10134050941366,4.4730377415268
2023-04-26,207.9474334716797,212.6247679336245,207.43105150425714,211.0259355335818,41992700,5.193716429367356,4.471618814966013
2023-04-27,236.90513610839844,240.0134285311485,235.12755978619774,238.22591187983951,71196500,4.885868744950756,4.232573626054673
2023-04-28,238.65293884277344,238.762161240327,234.11463306207162,237.35201341308866,39554000,4.647528178255385,4.209874482625226
2023-05-01,241.49310302734375,242.30742212922294,234.81973222744224,236.96473723497323,29143900,7.487689901780698,4.559574086875612
2023-05-02,237.5804443359375,243.22103601271516,237.33217853707353,241.49310059756277,24350100,5.888857475641629,4.678032217612263
2023-05-03,235.38577270507812,240.07303229342506,231.13546335592423,237.80884937482688,34463900,8.937568937500828,4.9291359476958
2023-05-04,231.90011596679688,236.54764433430736,231.3141971795904,234.4224897541913,17889400,5.23344715471697,4.979498935359579
2023-05-05,231.1652374267578,233.0520513390073,228.25556968851794,230.62898999634135,27000500,4.796481650489369,5.049013056655149
2023-05-08,231.65182495117188,233.98551405748157,228.6726357621418,229.8146522234274,16400500,5.312878295339772,5.128457735115431
2023-05-09,231.75112915039062,234.24372721155098,229.47702133485248,229.85439015911044,16865600,4.766705876698495,5.156830535269821
2023-05-10,231.46315002441406,235.10768979657198,229.11952049360835,234.53171137808388,19119000,5.988169302963627,5.302243560753305
2023-05-11,234.1543426513672,236.55756869790676,230.68856211589681,231.43335944398112,20449000,5.869006582009945,5.449784489047461
2023-05-12,232.18807983398438,235.31623767522092,229.84445032350018,235.09776258207017,16161400,5.471787351720735,5.612931885060659
2023-05-15,237.2030792236328,238.59336165807903,233.69756730047578,235.276534169513,20653200,4.8957943576032505,5.669678588502772
2023-05-16,237.16336059570312,237.97766453982413,233.88624900652016,234.15436516028703,18163800,4.091415533303973,5.590942810212531
2023-05-17,240.80789184570312,242.14851802395924,236.48806102557035,236.79590818162305,21193100,5.660456998388895,5.646270542600969
2023-05-18,245.1376495361328,245.37597499901185,239.51690835813355,239.6261459129336,22943300,5.8590666408782965,5.732809004216891
2023-05-19,243.93603515625,246.9648808389927,241.72150854192458,245.75334256589562,21733600,5.2433722970681345,5.57250060388028
2023-05-22,246.5974578857422,251.81103961784083,243.41964356477632,243.70764037467293,27738500,8.391396053064511,5.7512533594104855
2023-05-23,245.02838134765625,249.8645935312071,244.93899415731045,245.09788788132573,17748100,4.9255993738966595,5.464684104867331
2023-05-24,247.48126220703125,247.85861588162453,243.2508036965043,243.5785163383719,17724300,4.607812185120224,5.419995892753278
2023-05-25,250.9371337890625,253.8468015914283,247.44154720264257,251.64220015112937,22371400,6.405254388785721,5.534908231203017
2023-05-26,260.2222595214844,260.4903756445673,250.9569791114495,251.1754390496481,25727200,9.53339653311778,5.836373819615732
2023-05-30,260.6989440917969,266.78642644402095,259.47749573404934,263.4100175767866,23816500,7.308930709971605,6.017961307706669
2023-05-31,262.8836669921875,263.16172345001263,256.6571722191666,258.19640791321996,25473700,6.504551230846005,6.054845731126838
2023-06-01,270.71893310546875,272.0993054426767,264.04557777366057,264.0554877972459,25609500,8.053727669016155,6.210897237341568
2023-06-02,270.71893310546875,273.4399467678956,269.2392786971118,270.76860444692574,19416900,4.20066807078382,6.120103002988931
2023-06-05,269.50738525390625,273.6583813688135,267.690062971461,268.4249199021339,20742900,5.968318397352505,6.1967118629710205
2023-06-06,269.2392578125,274.6514637291308,267.81918487933905,268.26607538837465,19419000,6.832278849791749,6.392487814148718
2023-06-07,261.7714538574219,272.3475704025808,260.97698514947285,269.785480795916,26163600,11.370585253107947,6.800354118057222
2023-06-08,262.74462890625,265.79333998070234,257.0841872637423,258.8121074074924,20899400,8.709152716960034,7.003931694920204
2023-06-09,263.112060546875,266.0912496213176,259.88460571622886,260.6591936633488,16949800,6.206643905088754,7.072736809778819
2023-06-12,269.1697692871094,269.86492565217327,263.4894465487271,265.31670951302914,15442500,6.375479103446196,6.928742741948939
2023-06-13,269.4378967285156,273.8073684559375,267.22335503008594,272.9731990602745,16164000,6.584013425851538,7.047200888517145
2023-06-14,271.45379638671875,273.0824040633074,266.4586903542586,270.0039327894118,19175100,6.623713709048843,7.191193854512046
2023-06-15,279.875,282.0200202382132,269.53723832580494,270.41110852132726,25973500,12.482781912408257,7.625302963342228
2023-06-16,279.0507507324219,285.85323950718237,278.18679062357944,282.77473761942036,43127700,7.666448883602925,7.491949559805453
2023-06-20,282.3576354980469,282.8243763963911,274.30390780158746,276.79650603592376,20701600,8.520468594803617,7.578487980150596
2023-06-21,279.6863098144531,282.0299242153351,276.4290337087428,281.5631833397857,20556200,5.600890506592293,7.513940785561045
2023-06-22,282.90386962890625,283.2812385210114,275.8630546708009,277.14408447077557,17563100,7.418183850210482,7.468544798503497
2023-06-23,286.7271423339844,287.66062414590505,277.0149856640273,279.55722497559066,51092000,10.645638481877768,7.92889982786735
2023-06-26,276.53826904296875,287.7797500544625,275.67430903748084,286.6973149655046,24232700,12.105441016981672,8.367265729269434
2023-06-27,285.05877685546875,287.34284037830906,278.70317849421707,280.05376019304254,26108300,8.639661884091993,8.496364517433737
2023-06-28,283.31097412109375,287.54140222706,282.08949562455047,282.84423326201266,16722100,5.451906602509553,8.073601756676709
2023-06-29,279.57708740234375,284.58213452194684,278.74291793339063,282.52648638101715,15395700,5.839216588556212,7.868606318933579
2023-06-30,284.9892883300781,287.04490612365464,282.44704896001576,282.7846868116461,19694900,4.597857163638878,7.753692980258587
2023-07-03,284.035888671875,287.392446700968,282.8740218500381,284.71119459265833,8629300,4.5184248509298754,7.621046247935993
2023-07-05,292.3279724121094,296.05195894174534,284.37352748692535,285.65458733876653,33865500,11.678431454819986,7.984933250005168
2023-07-06,289.9645080566406,296.0519901953358,289.28923236805707,293.8374787010274,47600500,6.762757827278733,7.994864972735875
2023-07-07,288.5146484375,294.14533008005697,286.6576251143249,290.15319664583785,25586000,7.487704965732064,7.638073762259004
2023-07-10,292.0599060058594,296.0619496653583,285.05879195490223,293.4998295255578,37058300,11.003157710456094,7.87641010703423
2023-07-11,296.2207946777344,298.0976681402498,289.8751070484504,291.86123320884525,27585900,8.222561091799435,7.855130999676788
2023-07-12,307.19415283203125,307.30340553817604,298.01825897469564,299.6568071198081,36677100,9.285146563480396,8.118292146597367
2023-07-13,311.2359313964844,314.0462868298362,308.1375791585091,311.4444661763027,30281000,5.908707671327136,8.01047241953427
2023-07-14,306.7274169921875,312.69573635195104,305.227881905047,309.6271747881225,23054100,7.4678544469040276,7.783487845607575
2023-07-17,308.46527099609375,309.54770619356174,302.59626413923417,305.4066498267778,25323100,6.951442054327572,7.415345062560854
2023-07-18,309.8853454589844,312.02045548737846,305.4860829548435,308.72347853869013,20731900,6.534372532534974,7.264967251735352
2023-07-19,313.8179016113281,316.4693633002309,308.3659642076415,310.85856245874305,21763700,8.10339909258937,7.454359572455339
2023-07-20,300.4214172363281,313.3511172960687,300.1235104493713,311.32526022712653,23836900,13.227606846697427,7.982101733751141
2023-07-21,292.2187805175781,303.34106992998585,289.1800096167301,302.45725946043933,42139300,14.161060313255746,8.665187673009488
2023-07-24,289.5871276855469,295.45613447918595,286.30009111687883,293.7282143136056,24915700,9.156043362307116,8.996446138107862
2023-07-25,292.42730712890625,296.23072566058914,289.83539654714053,293.1423138094745,19585600,6.395329113448611,8.619081685152764
2023-07-26,296.49884033203125,299.6766238894275,289.8750964937067,299.1006606584719,47256900,9.801527395720825,8.8361366543272
2023-07-27,309.5477294921875,323.09312643296056,307.6907061097006,322.86471098100867,64229200,15.402420323259946,9.40147346557919
2023-07-28,323.2221984863281,323.93720515221605,312.0700886254892,314.68184950652267,39220300,11.867116526726875,9.463184809598532
2023-07-31,316.3899230957031,323.40094645360466,315.38691962442203,321.44461085167063,25799600,8.014026829182626,9.448289505125903
2023-08-01,320.4714050292969,321.89150838566957,312.47725868492967,315.33728544494596,22817900,9.414249700739902,9.457511157787296
2023-08-02,312.12969970703125,316.1814146347916,308.4950846682021,315.7941054303638,20461100,7.68632996658954,9.584484178877469
2023-08-03,311.0174255371094,313.75828931012387,307.7800302287447,307.7800302287447,15180200,5.9782590813791785,9.478084509911408
2023-08-04,308.57452392578125,316.2012416546554,308.0482016678067,312.7751616601819,17612800,8.153039986848682,9.563912933662916
2023-08-07,314.36407470703125,314.87054662167225,308.30638330815515,311.0571876851378,16236500,6.564163313517099,9.56604084659021
2023-08-08,310.47125244140625,315.684833553697,307.95877378317203,312.2190228348617,15183500,7.726059770524955,9.539088037871323
2023-08-09,303.0928039550781,311.45440924520847,300.749189402724,310.70961186199514,19955800,10.70521984248444,9.358917537570395
2023-08-10,303.619140625,310.17336396926396,301.76211724373354,305.80389184171617,14358900,8.411246725530418,8.948216567018587
2023-08-11,299.547607421875,302.6062288375017,298.276457393071,300.471148952911,14046300,4.329771444430719,8.603482858598843
2023-08-14,304.0660095214844,304.08585987444496,296.1810856549344,298.89215897523803,15641900,7.904774219510557,8.711300366174697
2023-08-15,299.85540771484375,305.09877954029145,297.9487132756446,304.0163444248996,11623600,7.150066264646853,8.521910285383699
2023-08-16,292.2485656738281,298.99144270611146,292.2386253443514,298.1175725827558,18547700,6.752817361760037,7.90408150241942
2023-08-17,283.1123352050781,293.99629751358816,282.97332214012204,291.01710842759655,23950100,11.022975373466124,7.843785705757938
2023-08-18,281.2851867675781,283.708263704716,272.4767199249811,277.0944583244188,35347900,11.231543779734864,8.073608345083098
2023-08-21,287.88897705078125,288.48482095213376,279.8948314840981,281.48373845241144,20181500,8.58998946803564,8.014732614175651
2023-08-22,285.6049499511719,290.8681721911875,284.7608402658425,290.5205940494777,12980200,6.107331925345022,7.901947039801042
2023-08-23,292.19891357421875,295.33699700136754,285.6745112195998,286.49874036161424,18287000,9.662485781767714,8.165106089828795
2023-08-24,284.7608642578125,297.3826886744035,284.65164185583643,296.4293565159792,18360900,12.731046818567052,8.492106577808679
2023-08-25,283.51953125,286.3894983198096,274.1152219434127,284.145165887689,23701400,12.274276376396926,8.899971796585808
2023-08-28,288.2464904785156,289.4282379320253,283.81740745700915,286.0021582885092,14239300,5.610830475016144,8.748883989763751
2023-08-29,295.9228820800781,297.074838985224,286.1809348809312,286.57815408473397,20844500,10.893904104292801,8.762361437035777
2023-08-30,293.052978515625,296.22085278736694,291.3945495117741,295.1086267683013,17717000,4.826303275592863,8.506294047754523
2023-08-31,293.8375244140625,299.0113758980252,293.60910893714623,293.7481220448303,17229900,5.40226696087899,8.582900870357971
2023-09-01,294.3240966796875,299.6469012576777,292.42734219813093,297.2933461577738,12842300,7.219559059546782,8.533956930360558
2023-09-05,298.06787109375,299.29928989489184,293.46007425910796,294.95957887018017,14956000,5.839215635783887,8.440324742584632
2023-09-06,297.0946960449219,301.1960211231086,293.6090349237248,299.61705445694486,15418100,7.58698619938383,8.499908230986332
2023-09-07,296.59820556640625,304.92004990188514,290.1929356682624,295.93283987371177,33748700,14.727114233622729,8.764489578140374
2023-09-08,295.8235778808594,303.13250766294516,294.72126209393633,297.144338453534,17548000,8.411245569008827,8.563039705945657
2023-09-11,305.426513671875,306.8962581098335,299.19007802273353,299.3191810869582,19489300,7.706180087099995,8.499910464450254
2023-09-12,299.5674133300781,306.51885491283224,298.1473403944411,304.20500095756546,13480400,8.371514518391166,8.66163779252498
2023-09-13,302.9438781738281,305.0491674534788,299.22983124862884,300.2625952273231,13210900,5.819336204849947,8.387127108459424
2023-09-14,309.5576477050781,310.6996642714737,302.9140527776012,304.61218228599614,19343100,7.785611493872466,8.033881728124097
2023-09-15,298.2267761230469,309.83568614706604,296.677600116782,309.44837699255953,28131100,13.15808603028404,8.097010989116033
2023-09-18,300.45123291015625,301.49396736300946,295.7341831203548,296.1214922814983,14234200,5.759784242654632,8.107650543947354
2023-09-19,302.9537658691406,304.0461413355526,297.7302442880401,300.3817360880637,15924400,6.315897047512465,7.780650039891616
2023-09-20,297.5912170410156,305.9230002578217,297.35286130140787,302.9338707843327,19379500,8.570138956413814,8.04806687423597
2023-09-21,293.6785583496094,298.1771329325282,291.2356013293581,293.64876766916143,21319600,6.9415316031701195,8.158014348685336
2023-09-22,297.00531005859375,303.261626013211,296.20093134106725,297.223785161248,25369600,7.060694672143768,8.146666892442264
2023-09-25,298.7431945800781,298.8623876231984,291.66267929164457,293.5892243593173,18987000,7.199708331553836,8.243844942140116
2023-09-26,296.8861389160156,298.21683984687155,293.9566209246884,295.5951689952112,19417200,4.260218922183128,8.006218708054352
2023-09-27,295.6745910644531,299.2098931966896,284.8005685468743,298.365813825326,36429800,14.409324649815346,7.98351945206811
2023-09-28,301.85150146484375,304.20505655333676,294.64188277083076,296.8663347859658,22167100,9.563173782505999,8.06580003874648
2023-09-29,298.1274719238281,308.4851433380003,297.2833622073837,305.24774785638385,25373700,11.20178113061661,8.315485827569095
2023-10-02,304.691650390625,305.0491385865239,299.53765009190124,300.63993566847256,16265600,5.511488494622654,8.111198254442773
2023-10-03,298.8524475097656,304.64199274116066,297.5614774475946,302.14942466981034,17362300,7.080515293566066,8.201282475065353
2023-10-04,303.46026611328125,304.77111692642563,296.42939137112893,296.65780683741343,16880500,8.341725555296705,8.241004908024227
2023-10-05,302.67572021484375,304.0858528897177,297.42240776565654,302.51682647716126,19130000,6.663445124061184,7.777101986151166
2023-10-06,313.2419128417969,314.1158132926194,298.8226463208752,299.3489685961365,21803900,15.2931669717442,8.45805789537185
2023-10-09,316.15155029296875,318.10788578945574,309.6569395147222,310.33221514145873,22503700,8.450946274733553,8.610561411601926
2023-10-10,319.6074523925781,322.40789785267475,315.9529871386854,316.9063193123349,19038000,6.454910713989364,8.459473680000182
2023-10-11,325.54595947265625,326.55887294556385,320.70974692421356,320.7693282869798,22036300,5.849126021350287,8.381444709870193
2023-10-12,321.91131591796875,328.24706290768694,320.45151204947297,325.7246743221075,20530500,7.795550858213971,8.433934437446636
2023-10-13,312.5070495605469,322.7951693946369,310.20313574623543,321.28572429519977,21341000,12.592033648401468,8.81910053150718
2023-10-16,318.9222106933594,319.58757630951493,313.3312605530342,316.42964290324574,16536100,6.256315756480717,8.961678876814151
2023-10-17,321.75244140625,322.14966058137793,315.0989065758056,315.9728069446153,16387800,7.050754005572344,8.436066687939652
2023-10-18,314.77130126953125,323.67908101447955,313.37107826480616,319.16065475067666,16851000,10.308002749673392,8.489268757023037
2023-10-19,310.64007568359375,319.65710588726887,309.5874311888656,317.6610392954345,18709200,10.069674698403276,8.408404011864942
2023-10-20,306.5088806152344,313.11274332580086,304.3440106070813,311.96081694606715,22312300,8.768732718719548,8.641064313586147
2023-10-23,311.83172607421875,315.15846291948395,305.12855074368696,307.35300219253065,17796800,10.029912175796994,8.851735519459785
2023-10-24,310.3818664550781,316.14165074242743,308.47520223338284,314.58253436849895,19525500,7.666448509044585,8.803501444727491
2023-10-25,297.45220947265625,308.723482489642,296.76699346232584,307.84958205293754,42192500,11.956489027316138,9.181576009245703
2023-10-26,286.3497619628906,292.95362577078447,277.46183475359373,292.95362577078447,66684100,15.491791017190735,9.195763441063312
2023-10-27,294.6716003417969,297.2336895945246,290.93767369496186,292.43720855053454,29596300,6.296015899562747,9.041839842836826
2023-10-30,300.5605163574219,307.25375273017136,296.97554239139123,297.0152734056479,28435100,10.278210338780127,9.314932673179024
2023-10-31,299.18011474609375,301.5734004979503,294.8007027575976,301.20597199311294,19434200,6.772697740352669,9.380902081679194
2023-11-01,309.686767578125,310.5705780744768,299.75613549484945,299.75613549484945,20434600,10.814442579627382,9.596537204637295
2023-11-02,308.7135314941406,316.60839552863507,306.1911426491428,315.0989201697946,21631800,10.417252879492253,9.44119572114378
2023-11-03,312.4176940917969,313.3610859643028,308.8625108040693,310.3818963136612,16764300,4.498575160233486,9.315642821411833
2023-11-06,313.6092834472656,316.12173162638936,312.2686726412427,313.78805781982936,12887700,3.8530589851466743,9.087236034238572
2023-11-07,316.6084289550781,318.7732995414801,312.9340828504703,314.86062795752827,14055600,5.839216691009824,8.768037030048317
2023-11-08,317.56170654296875,319.10094217538756,312.6957035729342,315.9330988711721,13609700,6.40523860245338,8.506291594623324
2023-11-09,318.3263854980469,321.9312096368401,316.588524958862,317.2042495782576,16103100,5.34268467797807,8.261573877427505
2023-11-10,326.4893798828125,326.81710771264596,317.2439638436698,317.72064509348024,19096200,9.57314386897616,8.228947569797445
2023-11-13,326.9064636230469,330.02466618217363,323.44068289721343,323.93721447654235,16908900,6.583983284960198,8.151628625219988
2023-11-14,333.9770812988281,335.7546729067874,331.0177420621796,332.21937035057084,17179400,4.736930844607798,7.635945897883679
2023-11-15,330.4020080566406,336.05253939255226,327.7306659534748,335.58579853385356,14531200,8.321873439077478,7.1238089280184465
2023-11-16,331.87176513671875,332.25904399287276,324.11594462578523,327.0851936445304,18932600,8.14309936708753,7.255743461413074
2023-11-17,332.7159118652344,333.1727124637397,327.0653796824367,327.9690708551846,14494400,6.1073327813030005,6.957823635878993
2023-11-20,337.6116638183594,339.4984776499727,331.87176030410876,332.5669165974887,16960500,7.626717345863938,7.018825036272655
2023-11-21,334.6424255371094,337.5421529147705,333.56990038195556,335.983036522229,12027900,3.9722525328149345,6.530097175786052
2023-11-22,339.12115478515625,340.5412582451984,336.2313371315077,336.8569718191688,10702700,4.309921113690677,6.09385919251451
2023-11-24,335.88372802734375,339.48852146031885,334.4338341467045,337.77054177080595,5467500,5.054687313614352,6.133581489184572
2023-11-27,332.37823486328125,337.5421448490172,331.8817033085443,333.84794886953887,15684500,5.6604415404729025,6.262680243136446
2023-11-28,336.63848876953125,337.02579796930206,331.0872690473393,331.0872690473393,12637200,5.938528921962757,6.269773973918798
2023-11-29,329.8955993652344,337.5421676409766,328.48543631997484,337.3336328595528,16024500,9.056731321001735,6.459166310957967
2023-11-30,324.880615234375,331.18657252656726,320.1635651009382,329.5877553439527,23146400,11.023007425629089,6.864903650075896
2023-12-01,322.5667724609375,324.59259942151226,318.5349385863459,323.22219776202286,15276400,6.0576608351663594,6.613797719089482
2023-12-04,317.800048828125,318.6342182124183,311.4841819302408,315.08900590564207,19037100,7.150036282177496,6.654230076033575
2023-12-05,316.0820617675781,319.6471546506567,313.20218484619875,316.76727772927734,16952100,6.444969804457969,6.776232858880015
2023-12-06,315.2479248046875,320.01461603995,314.8407652561851,319.69682854269684,11294300,5.1738507837649195,6.551374097786261
2023-12-07,324.3244934082031,325.96304155910934,315.56566907383996,315.56566907383996,15905100,10.397372485269386,6.712393606227822
2023-12-08,330.4417724609375,330.8588723302626,320.7594064759814,320.8487785252904,14087400,10.09946585428122,6.99754596858341
2023-12-11,323.0235290527344,327.60156520813075,317.7801576635214,327.1149437337118,25802500,9.821407544609372,7.1543095542080835
2023-12-12,331.90155029296875,332.1498160678182,322.3085571160803,322.3482881257028,18485500,9.841258951737927,7.573524298416869
2023-12-13,332.4179382324219,336.02276219765315,330.3325299305127,331.61355953176974,16353300,5.690232267140459,7.67211795223471
2023-12-14,330.85882568359375,332.37821091940003,326.36025133398056,331.534101275979,19607300,6.017959585419476,7.740923114506505
2023-12-15,332.5967102050781,336.31075653936995,328.9223645749602,329.6870122597024,31776900,7.3883919644097205,7.864348144787706
2023-12-18,342.2293701171875,345.1489777949815,334.68208516986897,335.13891597531506,18993900,10.466892625112507,8.187802695012689
2023-12-19,347.92962646484375,351.1471720097045,342.72598472163463,343.18278533196053,17729400,8.42118728806986,8.142406692660412
2023-12-20,346.85711669921875,352.4977084573488,345.3774622145316,346.23148202811683,16369900,7.120246242817188,7.863638036745276
2023-12-21,351.6337890625,353.9377032495851,346.78763518824763,350.5315033187329,15289600,7.1500680613374925,7.941667124328928
2023-12-22,350.9385681152344,354.7221359363727,348.7836079478467,353.1133483277579,11772800,5.938527988526005,7.855130817639536
2023-12-26,352.3685302734375,354.50363996400733,350.99812879302704,352.5274239898353,9898600,3.5055111709802986,7.645169486676845
2023-12-27,355.3478088378906,356.50970617309997,352.8453003620589,353.6000381287208,13207900,3.6644058110410924,7.537351988625143
2023-12-28,355.8343505859375,359.3895028827945,355.3278787450295,357.2047824101272,11798800,4.061624137764966,7.08479853523197
2023-12-29,351.5046081542969,357.5027177940436,349.37946886869037,356.4997143601284,14987100,8.12324892535321,6.943640183165684
