Date,Close,High,Low,Open,Volume,High_Low,ATR
2014-01-02,30.83114242553711,31.03026852783964,30.781360108710974,30.988781681316848,30632200,0.2489084191286679,
2014-01-03,30.62371826171875,30.88092212938757,30.36651439404993,30.86432802518296,31134800,0.5144077353376417,
2014-01-06,29.976564407348633,30.607124550205153,29.959970302931122,30.57393634137013,43603700,0.647154247274031,
2014-01-07,30.2088680267334,30.275244427896716,30.04293018882612,30.142494790571092,35802800,0.23231423907059678,
2014-01-08,29.669574737548828,29.984856354438733,29.52023414533932,29.86870080216388,59971700,0.46462220909941365,
2014-01-09,29.478729248046875,29.794010671795895,29.370872395579685,29.76912111584185,36516300,0.4231382762162106,
2014-01-10,29.901887893676758,29.993153871351893,29.661278164351632,29.78573234572706,40548800,0.33187570700026114,
2014-01-13,29.022409439086914,29.88528344658984,28.89795846579336,29.860393884931167,45901900,0.9873249807964797,
2014-01-14,29.6861629486084,29.769133444482573,28.732025983561368,28.814993314434744,41623300,1.0371074609212059,
2014-01-15,30.49924087524414,30.524133595126923,29.744227115452986,29.785713926924505,44812600,0.7799064796739366,
2014-01-16,30.607107162475586,30.698373102423332,30.125891067751112,30.441169377570596,38018700,0.5724820346722197,
2014-01-17,30.183975219726562,30.55733452370215,29.993147834361412,30.55733452370215,46267500,0.5641866893407368,
2014-01-21,30.00973892211914,30.549036048967015,29.91847612734551,30.549036048967015,31567300,0.6305599216215043,
2014-01-22,29.810625076293945,30.134202184171627,29.661281308811684,30.08441987334366,21904300,0.472920875359943,0.5647792339652035
2014-01-23,29.918479919433594,29.976557689378332,29.47044869557327,29.94336948798103,43954000,0.5061089938050607,0.5831507035849458
2014-01-24,30.540740966796875,31.154706797555217,30.308426748536316,31.071739468534055,76395500,0.8462800490189011,0.6068558688478929
2014-01-27,29.89357566833496,30.607105898458947,29.85209201507191,30.590511804153756,44420800,0.7550138833870363,0.6145601285702504
2014-01-28,30.09271240234375,30.1922738387987,29.66127529103763,29.96825823302431,36205500,0.5309985477610724,0.6358947220481416
2014-01-29,30.416297912597656,30.59882990108357,29.785737752831047,29.852111007279273,52745900,0.8130921482525224,0.6607854319876493
2014-01-30,30.582225799560547,30.598819898998826,30.059522744757732,30.524148034026997,35036300,0.539297154241094,0.6690824947037124
2014-01-31,31.39531898498535,31.436802652802264,30.33332189686777,30.656898936841035,93162300,1.1034807559344948,0.7241971410561577
2014-02-03,30.266944885253906,31.51977251703577,30.225461218274575,31.312351017138194,64063100,1.294311298761194,0.7461247351964945
2014-02-04,30.159082412719727,30.8560187233672,30.07611508538101,30.67348997022189,54697900,0.779903637986191,0.727753033558279
2014-02-05,29.719356536865234,30.25865378035161,29.70276243468089,30.10931002569389,55814400,0.5558913456707231,0.7117519525580496
2014-02-06,30.018033981323242,30.076111736994655,29.61148652662304,29.70275247553535,35351800,0.4646252103716151,0.7040478936794349
2014-02-07,30.333314895629883,30.358204457575066,29.87698515996649,30.134188905067653,33260500,0.4812192976085754,0.698121651412852
2014-02-10,30.532445907592773,30.532445907592773,30.10930741607091,30.391400798752517,26767000,0.4231384915218648,0.6833058349771635
2014-02-11,30.839435577392578,30.91410746451709,30.58223487229843,30.598828976659632,32141400,0.3318725922186623,0.6732309576099291
2014-02-12,31.08834457397461,31.196201506888055,30.947296266700484,30.988779945898106,27051800,0.24890524018757176,0.6548592609229656
2014-02-13,31.204492568969727,31.411914079622274,30.972181489839215,30.972181489839215,37635500,0.43973258978305907,0.625820156691834
2014-02-14,31.212799072265625,31.345548759417653,30.972192440241585,31.021971594797222,31407500,0.37335631917606804,0.5985589021053362
2014-02-18,31.279653549194336,31.580580725044403,31.271295878191253,31.455196527596,32834000,0.3092848468531493,0.5827222091833418
2014-02-19,31.354883193969727,31.555502360363107,31.104111627528106,31.112472486691793,29750400,0.45139073283500153,0.5568863937963761
2014-02-20,31.555498123168945,31.655806098529794,31.26293186639437,31.405034565761152,27526100,0.39287423213542283,0.5464276136459709
2014-02-21,31.747753143310547,32.05703789566298,31.647445178253783,31.714316092047387,38021300,0.4095927174091969,0.4968641823227354
2014-02-24,31.505355834960938,31.747769800709367,31.37997161003665,31.505355834960938,32085100,0.36779819067271546,0.4306846746021297
2014-02-25,31.379980087280273,31.639109468701086,31.22115556190855,31.43849337913241,30736500,0.41795390679253686,0.4048311223740116
2014-02-26,31.321447372436523,31.547142724794988,31.08739116143519,31.413397685108485,41041800,0.4597515633597986,0.3979639950660884
2014-02-27,31.6474552154541,31.672531417488194,31.120832651602008,31.30473330314198,33903400,0.5516987658861865,0.4041835347457007
2014-02-28,32.02360534667969,32.14898951096048,31.614009423736935,31.74775444554282,41215000,0.5349800872235484,0.40802359114677017
2014-03-03,31.580591201782227,31.873160803688034,31.33818039746967,31.69761776705065,29717500,0.534980406218363,0.41601229933937717
2014-03-04,32.10720443725586,32.16571770258247,31.8229957819264,31.931664641276026,26802400,0.3427219206560679,0.41678725137062045
2014-03-05,31.856428146362305,31.990173188631562,31.705964575217727,31.973454659756236,20520100,0.28420861341383485,0.41930892088678207
2014-03-06,31.889875411987305,31.96510722164112,31.672537655772125,31.881514550506683,23582200,0.29256956586899463,0.40879727632149176
2014-03-07,31.68090057373047,32.06541731970565,31.505357547320443,31.99854317845715,26591600,0.560059772385209,0.42213323726500185
2014-03-10,31.614028930664062,31.77285024557767,31.530439436232648,31.75613489767924,19006600,0.2424108093450208,0.41735652030013554
2014-03-11,31.781198501586914,31.956738283502254,31.53042692903163,31.6558111209425,25216400,0.4263113544706236,0.4155651361312514
2014-03-12,31.990182876586914,32.12392795935973,31.588947628268457,31.597305300870502,30494100,0.5349803310912762,0.4257155717709552
2014-03-13,31.67254066467285,32.14065010129316,31.463563750085424,32.115570703203105,32169700,0.6770863512077376,0.44482225989942237
2014-03-14,31.51371192932129,31.881510064355673,31.354887470881746,31.471917194002323,27195600,0.5266225934739275,0.45616686009950896
2014-03-17,31.8062801361084,32.10720735007952,31.58894558642598,31.680895922776497,20479600,0.5182617636535412,0.46333170701815213
2014-03-18,33.060142517089844,33.35271206886874,31.948387148785795,31.981821026895044,64063900,1.4043249200829457,0.530801232498377
2014-03-19,32.826080322265625,33.06013334778624,32.525153181605795,32.993262421380344,35597200,0.5349801661804463,0.5296070468051097
2014-03-20,33.7121467590332,33.979636870240014,32.80100757125572,32.809365242159956,59269800,1.1786292989842977,0.5755819905023062
2014-03-21,33.57005310058594,34.22206008611574,33.444665670106446,34.038162560476586,80721800,0.7773944160092938,0.5928972769159441
2014-03-24,33.85426712036133,33.97129370638221,33.31928661927426,33.72052199508956,46098400,0.652007087107954,0.6149890745196502
2014-03-25,33.72050857543945,34.26384972428777,33.402862833555794,33.98799871953074,43193100,0.8609868907319793,0.6561875228995177
2014-03-26,33.26075744628906,34.02979075225159,33.10193299360226,33.83753242576096,41977500,0.9278577586493313,0.701565250955256
2014-03-27,32.90131759643555,33.41122164887395,32.88459906486155,33.21896331887377,35369200,0.5266225840124008,0.6991768803571983
2014-03-28,33.68708038330078,33.97128913484909,33.168818491207354,33.26076885034576,43472700,0.8024706436417333,0.7391811542355349
2014-03-31,34.26386642456055,34.69017805301173,33.77068063312493,33.7957568498763,46886300,0.9194974198867953,0.77440873033669
2014-04-01,34.623294830322266,34.765400795112235,34.330728415658754,34.397602561144566,32605000,0.43467237945348103,0.7672438766482761
2014-04-02,34.56476593017578,34.82389834374874,34.414302359550625,34.63999771548836,28666700,0.4095959841981127,0.7481374218618743
2014-04-03,34.28056335449219,34.5146196104223,34.02979175553425,34.5146196104223,30139600,0.4848278548880529,0.7451520833914547
2014-04-04,33.3276252746582,34.5982048339956,33.13536696609665,34.481178314761046,51409600,1.4628378678989549,0.81262180512327
2014-04-07,33.269126892089844,33.66200454411877,33.21897446926737,33.4028720008413,37559600,0.4430300748514,0.743957887606731
2014-04-08,33.285831451416016,33.37778177295735,32.767569771231805,33.227318190204905,35918600,0.610212001725543,0.7493315901456664
2014-04-09,33.82917785644531,33.896048798918464,33.33599229936124,33.37778703699872,27398700,0.560056499557227,0.7051478187580186
2014-04-10,32.90131759643555,34.013072841868556,32.675622203287375,33.80409598029438,45960800,1.3374506385811813,0.7451518346560105
2014-04-11,32.77593994140625,33.2607679348882,32.600400090828906,32.600400090828906,34330200,0.6603678440592944,0.7457490315811063
2014-04-14,32.75086975097656,32.94312817343429,32.51681657385158,32.692356456695315,32006600,0.4263115995827107,0.7147007964990156
2014-04-15,33.22732925415039,33.4028690962345,32.64219325846874,32.88460724348087,33968700,0.7606758377657599,0.7027592307216176
2014-04-16,33.77067565917969,33.787391008728264,33.36107944306678,33.486466885826985,30615800,0.42631156566148576,0.6955941579822665
2014-04-17,33.444664001464844,33.603488497312675,33.02671017236577,33.444664001464844,36688400,0.5767783249469076,0.6794732780754933
2014-04-21,33.38614273071289,33.561685720362924,33.26075852523018,33.54496718855178,22221200,0.30092719513274346,0.6352896905930611
2014-04-22,33.42794418334961,33.55332840206821,33.2941991034759,33.4028647886185,27056700,0.25912929859231326,0.6227508991029777
2014-04-23,33.17716598510742,33.427940774439605,32.993268511993435,33.427940774439605,24602800,0.4346722624461705,0.6245420618349817
2014-04-24,33.319271087646484,33.41122141629646,32.85116177303468,33.218963087634606,42381600,0.5600596432617806,0.6299157610045337
2014-04-25,33.36105728149414,34.00470622853607,33.22731225280575,33.67870292040394,56876800,0.7773939757303197,0.5809554829924883
2014-04-28,34.16353225708008,34.51461499970811,33.51152554914247,33.553320278596566,50610200,1.0030894505656391,0.620959724114934
2014-04-29,33.862613677978516,34.43103107094679,33.76230566414125,34.35579926338527,29636200,0.6687254068055353,0.6251392530492191
2014-04-30,33.77067565917969,33.854265161863076,33.57841406328466,33.77067565917969,35458700,0.27585109857841417,0.6048388672650182
2014-05-01,33.436302185058594,33.7372294149216,33.39450744507412,33.63692140121202,28787400,0.3427219698474815,0.5337868194983254
2014-05-02,33.17716598510742,33.72050711034861,33.15208978166776,33.69543090690896,43416600,0.5684173286808516,0.5272189255427223
2014-05-05,32.9598274230957,33.13536720320365,32.85115857357166,33.03505921296104,22460900,0.28420862963199056,0.5170687134033852
2014-05-06,32.65054702758789,32.89295777120326,32.55859669540477,32.842805363637154,27112400,0.3343610757984834,0.4866176589771512
2014-05-07,32.95146560668945,33.02669739436957,32.19079005958313,32.78428669071891,41744500,0.835907334786441,0.5158744996289337
2014-05-08,33.13538360595703,33.35272141259218,32.57532692873394,32.88461191184617,32120400,0.7773944838582381,0.5302042252654573
2014-05-09,33.051795959472656,33.310925342814464,32.90968997196739,33.051795959472656,29647600,0.4012353708470755,0.5373690949593382
2014-05-12,33.411224365234375,33.45301910320038,33.14373421577096,33.21896601960343,22782600,0.3092848874294205,0.5409516370191315
2014-05-13,34.02573776245117,34.093083666639615,33.54590943441164,33.60483549496179,27004800,0.5471742322279738,0.548987492003546
2014-05-14,33.87422561645508,34.051003848809934,33.71428065374607,33.924731847853394,18818700,0.33672319506386117,0.5330348885608375
2014-05-15,33.33546447753906,34.00891079929141,33.259701926903425,33.747950189050876,37793200,0.7492088723879817,0.5310216668935277
2014-05-16,33.52907943725586,33.53749607048495,33.05766769568252,33.394387615752244,29867100,0.47982837480243035,0.4936458757675842
2014-05-19,33.46173858642578,33.52066466162924,33.21761443987987,33.343886436018856,24537400,0.30305022174937335,0.46752621969214403
2014-05-20,33.40281295776367,33.621680781269546,33.21761488394542,33.40281295776367,21320900,0.40406589732412357,0.47668441960255187
2014-05-21,33.96681213378906,33.96681213378906,33.45331405835564,33.503820275909696,22398700,0.5134980754334251,0.48888271285869067
2014-05-22,33.75636672973633,33.96681790189486,33.5459155575778,33.91631167576404,20201800,0.42090234431706364,0.47834592826127725
2014-05-23,33.773197174072266,33.98364830862621,33.672181528630624,33.98364830862621,18020000,0.3114667799955839,0.4802929390015339
2014-05-27,33.83213806152344,33.89106414812409,33.512254508900156,33.89106414812409,26160600,0.37880963922393107,0.48346783638906593
2014-05-28,33.68060302734375,33.83212812301373,33.52066129801651,33.79003853226761,25711500,0.31146682499721834,0.44600779997555
2014-05-29,33.95838928222656,33.96680591320101,33.59641313697613,33.798447603880824,19888200,0.3703927762248753,0.4169362494303098
2014-05-30,34.463478088378906,34.488734409223945,33.882634088616705,34.05099564558867,34567600,0.60610032060724,0.4315694601274644
2014-06-02,34.33721160888672,34.589752355497275,34.24461258584256,34.47190022116101,18504300,0.3451397696547147,0.4341305231435569
2014-06-03,33.91630554199219,34.24460879738896,33.88263258984137,34.17726289308734,18068900,0.36197620754759186,0.42090209280924384
2014-06-04,33.941558837890625,33.9836484226968,33.55432951970666,33.84895982457935,23209000,0.42931890299013986,0.4275160719468352
2014-06-05,34.69076919555664,34.7244421525816,34.00890947756583,34.168851206589494,31865200,0.7155326750157727,0.4251106292773917
2014-06-06,34.918067932128906,35.06959307565096,34.71603654825347,34.918067932128906,24060500,0.3535565273974868,0.41609121160561
2014-06-09,34.741275787353516,34.918053980419515,34.53082464001886,34.84229143892985,15019200,0.3872293404006584,0.4221040057949875
2014-06-10,34.60658264160156,34.648672223300984,34.39613152187519,34.53923674189908,15117700,0.25254070142579366,0.41128077751653536
2014-06-11,34.39613723754883,34.57291543679955,34.32037469340855,34.45506330396574,18040000,0.25254074339099475,0.3926409680849332
2014-06-12,34.16043472290039,34.41297547923629,33.91631060024271,34.35404940979891,29818900,0.4966648789935775,0.3980525777046842
2014-06-13,34.70759963989258,34.99381330238448,34.39613286963736,34.59816415420261,26310000,0.5976804327471186,0.4184964100440795
2014-06-16,34.934898376464844,35.027497416078845,34.54766894828848,34.54766894828848,24205300,0.47982846779036237,0.42571204065596746
2014-06-17,35.086402893066406,35.28001749347519,33.95838502151589,34.75809973536331,22518600,1.3216324719593047,0.49786672972468793
2014-06-18,35.0611686706543,35.136931225628224,34.66551941565375,35.02749571039249,27097000,0.4714118099744766,0.5050823749925166
2014-06-19,34.94331359863281,35.16218463091379,34.79179169866248,34.9938230394431,19828200,0.3703929322513133,0.48824613296709324
2014-06-20,35.086402893066406,35.21267482044229,34.833862249543145,34.89278829265762,47764900,0.378812570899143,0.490651333055981
2014-06-23,35.347389221191406,35.35580585726346,35.094845181797695,35.12851814854764,18743900,0.2609606754657676,0.4834359379072793
2014-06-24,35.14533996582031,35.3052816742928,34.98539825734783,35.21268587121684,26509100,0.31988341694496825,0.4756191174754813
2014-06-25,35.381038665771484,35.397875139481265,34.901210404344376,35.10324487763269,20049100,0.49666473513688913,0.4599856931984182
2014-06-26,35.12009048461914,35.30528532113015,34.87596636918435,35.29686868770095,23604400,0.4293189519458025,0.4653972949518693
2014-06-27,35.566226959228516,35.599899897458634,34.9432904468839,35.027472792459186,74640000,0.6566094505747344,0.4846387313928747
2014-06-30,35.103248596191406,35.53256748196781,35.103248596191406,35.49889453098121,30793100,0.42931888577640365,0.49726574456077544
2014-07-01,35.24635696411133,35.48206443080723,35.09483188238883,35.237940331228806,26917000,0.38723254841839605,0.5068865877770184
2014-07-02,35.27161407470703,35.27161407470703,34.960144060178216,35.128505622663845,20208100,0.3114700145288154,0.4936583831723925
2014-07-03,35.18742752075195,35.347372431225075,34.98539623867867,35.280026529714426,15969300,0.36197619254640756,0.4768223660151989
2014-07-07,35.347389221191406,35.456821546282434,35.11168166517267,35.14535463192261,21952400,0.3451398811097661,0.4672017526808706
2014-07-08,35.17060089111328,35.35579896088301,35.02749562718593,35.24636344590724,31218200,0.32830333369707887,0.3962496713764259
2014-07-09,35.07796859741211,35.34734881222627,34.960116559746204,35.33892897454889,18445900,0.387232252480068,0.390236845841111
2014-07-10,35.09483337402344,35.35579396168814,34.556078932213524,34.82545615311848,21854700,0.7997150294746191,0.42090270992849
2014-07-11,35.43154525756836,35.43154525756836,34.91804408972656,35.10324207451639,24083000,0.5135011678418024,0.43052332399582277
2014-07-14,35.473636627197266,35.73459714521661,35.389457472341434,35.540982520065064,21881100,0.34513967287517744,0.43653610952506633
2014-07-15,35.73460006713867,35.751436541732296,35.38104052313095,35.63358443080611,28748700,0.3703960186013475,0.440144152500522
2014-07-16,37.10675048828125,37.30036517230265,35.759861122454716,35.78511423434406,63318000,1.5405040498479323,0.5147041035513108
2014-07-17,37.485565185546875,38.47889506587907,37.24986087876646,38.26002723975874,82180300,1.2290341871126103,0.5718266203489399
2014-07-18,37.6202507019043,37.74652269077521,37.24985779176908,37.586580954604784,43407500,0.4966648990061273,0.5604020095226109
2014-07-21,37.74653244018555,38.01590975553854,37.22461429309299,37.510828092059405,37604400,0.7912954624455466,0.5862574792846925
2014-07-22,37.73809051513672,38.00746764997607,37.53605605839283,37.88119571310755,43095800,0.47141159158324086,0.5922702680821814
2014-07-23,37.771766662597656,38.26001480942142,37.56131553956589,38.26001480942142,52362900,0.6986992698555312,0.6199295006055182
2014-07-24,37.376121520996094,37.88120294240306,37.3087756188195,37.82227688361322,30725300,0.572427323583554,0.6349617242510287
2014-07-25,37.460304260253906,37.594992866223606,37.29194269998436,37.29194269998436,26737700,0.3030501662392453,0.6319553160459915
2014-07-28,37.01414108276367,37.468713025440735,36.98046813553456,37.342444290175045,29684200,0.4882448899061771,0.64337971291807
2014-07-29,36.94679641723633,37.11515794775298,36.736345306897796,36.9636328914109,27763100,0.3788126408551804,0.6427783120877208
2014-07-30,36.68585205078125,37.123587688985,36.441727905883994,37.098334574419845,31921400,0.6818597831010038,0.6343600802038912
2014-07-31,36.33228302001953,36.77843838882762,36.26494032813784,36.517481042345636,31537500,0.513498060689777,0.6343598582644608
2014-08-01,36.07974624633789,36.4080495317873,35.86087524855178,36.37437657655409,31170300,0.5471742832355204,0.6487909018616281
2014-08-04,36.509071350097656,36.59325375239323,36.03766274216364,36.17235137460626,34277400,0.5555910102295911,0.6620191155493599
2014-08-05,36.26493835449219,36.58482174317267,36.0544872355675,36.45855299855539,26266400,0.5303345076051684,0.5898641482463053
2014-08-06,35.97874069213867,36.34071382320784,35.532581938123386,35.97874069213867,24634000,0.8081318850844568,0.5597996981014371
2014-08-07,36.391212463378906,36.57641050292522,35.90296746534277,36.06290918325932,30314900,0.6734430375824516,0.572426707999746
2014-08-08,36.36595916748047,36.46697481979514,36.1218350640928,36.39121227775171,28942700,0.34513975570234123,0.5405584432323742
2014-08-11,36.36595916748047,36.57641031635335,36.21443408339362,36.416465388022964,20351600,0.3619762329597336,0.5327416319021238
2014-08-12,36.63534927368164,36.69427535920467,36.19761034463142,36.23128331099624,21431100,0.49666501457324586,0.5183106136676747
2014-08-13,37.10675048828125,37.19092966873233,36.63533872855748,36.770027344017144,22889500,0.5555909401748522,0.5171080148527675
2014-08-14,37.266693115234375,37.39296188895907,37.04782210281027,37.10675138402443,19313200,0.34513978614879903,0.5201144162748784
2014-08-15,37.70443344116211,37.79703247234565,37.37613012058782,37.527655224119044,41611300,0.42090235175783164,0.515304234978568
2014-08-18,37.97379684448242,37.97379684448242,37.61182069704554,37.83068842722115,26891100,0.36197614743688433,0.5141016283058326
2014-08-19,38.3973274230957,38.40579662252399,37.973796363399266,38.09238454310858,28139500,0.4320002591247203,0.49625451945038385
2014-08-20,38.075443267822266,38.45662187135868,38.03309080771501,38.405796980458625,24770500,0.4235310636436651,0.4898283053756615
2014-08-21,38.30418014526367,38.329590994783935,37.97382617634787,37.982295382425264,22285500,0.35576481843606444,0.476156200747129
2014-08-22,38.24486541748047,38.5159251040493,38.17709888019509,38.41427529812123,18294500,0.33882622385421257,0.4606730017203162
2014-08-25,38.261810302734375,38.49051755789002,38.151694507919615,38.456637514793805,16910000,0.3388230499704079,0.4469936118892619
2014-08-26,38.126277923583984,38.45663498011511,38.06698381296507,38.380399233421265,14873100,0.389651167150042,0.4171021320368037
2014-08-27,38.0077018737793,38.11782092788709,37.91452446117176,38.03311595167354,21287900,0.20329646671532942,0.38352023411772357
2014-08-28,38.016151428222656,38.10085635345225,37.78744425255983,37.90603244039557,17657600,0.3134121008924211,0.38125397305987213
2014-08-29,38.482032775878906,38.490501975402566,37.99920762089057,38.19403152279064,21607600,0.491294354511993,0.39049098174217634
2014-09-02,38.194034576416016,38.50744668441825,37.99073822745309,38.482035852530075,22976800,0.516708456965155,0.3919226561987413
2014-09-03,38.08392333984375,38.21098398772541,37.719686262621934,37.719686262621934,33684500,0.4912977251034789,0.3873302836936432
2014-09-04,38.338043212890625,38.346515646501885,37.88063196776891,37.89757360370478,26475500,0.4658836787329719,0.39595484744965553
2014-09-05,38.888633728027344,38.90557536337801,38.21098447043314,38.21098447043314,36939400,0.6945908929448734,0.4155040289630157
2014-09-08,39.36299133300781,39.642520248793595,38.95640176286425,38.981812601221144,45736700,0.6861184859293417,0.43865705314104836
2014-09-09,39.608638763427734,39.78652433380988,39.320637401007616,39.36299310856187,40302400,0.46588693280226323,0.4410775298323014
2014-09-10,39.6764030456543,39.761107993353995,39.20204693719074,39.65946140985703,27302400,0.5590610561632587,0.4507582435837009
2014-09-11,39.811927795410156,39.811927795410156,39.36298581385648,39.59169302086106,29216400,0.4489419815536735,0.45741375523495875
2014-09-12,39.55780792236328,39.82886758523842,39.473099758161005,39.73569022025895,38244700,0.3557678270774147,0.45862386975090175
2014-09-15,39.16816329956055,39.56628039472882,39.049571859871484,39.422281350607314,37667600,0.5167085348573366,0.4713299758142538
2014-09-16,39.608638763427734,39.684874513223846,39.210521608969636,39.29522656150451,27910600,0.4743529042542107,0.47738009989312297
2014-09-17,39.40534210205078,39.54934115489031,39.15969323760938,39.18510407486659,38311900,0.38964791728092507,0.49069091779066554
2014-09-18,39.540855407714844,39.66791600340762,39.35450072904149,39.46461969655622,35556600,0.3134152743661289,0.49069114446735895
2014-09-19,40.252403259277344,40.294755730519555,39.473104217017635,39.650989766293215,202522400,0.8216515135019193,0.5142880843952108
2014-09-22,39.862762451171875,40.13382219292669,39.79499590008967,40.06605564184448,38686100,0.3388262928370196,0.5015822155289155
2014-09-23,39.439231872558594,39.79499657793909,39.36299611693605,39.68487754619829,33430300,0.43200046100303524,0.497346696664598
2014-09-24,39.87971115112305,39.9051219966353,39.25288336775758,39.498532312001316,26582700,0.6522386288777184,0.5106577645320799
2014-09-25,38.99875259399414,39.88816744316276,38.99028016070772,39.710285119586345,33077400,0.8978872824550379,0.5251789352113774
2014-09-26,39.31216049194336,39.49004279616859,38.7615687145382,38.90557098316304,27078800,0.7284740816303881,0.5282043349043093
2014-09-29,39.33757781982422,39.43922763726302,38.76157511281785,38.94792988016894,26091000,0.6776525244451719,0.5433304485930884
2014-09-30,39.26980972290039,39.37145629667144,38.973335971745875,39.278278924345344,33033100,0.39812032492556426,0.5318346820761103
2014-10-01,38.88017272949219,39.41381981484547,38.83781701653542,39.193584971391495,38088400,0.57600279831005,0.5409104547015657
2014-10-02,38.76157760620117,39.04957897823038,38.659931013510544,38.8208749524982,25119400,0.38964796471983476,0.5433304645331672
2014-10-03,39.041107177734375,39.21898951092987,38.63451760273608,38.94792979426435,32453200,0.584471908193791,0.5481707054857711
2014-10-06,39.041107177734375,39.21898951092987,38.89710488565704,39.066518016394674,20604000,0.3218846252728298,0.5372801141299581
2014-10-07,38.566749572753906,38.905575821181266,38.473572192872055,38.84628171239946,25723700,0.4320036283092108,0.54030552206055
2014-10-08,39.625579833984375,39.71875721921342,38.40581108596257,38.52439931033162,33031000,1.312946133250854,0.611700583409459
2014-10-09,38.837799072265625,39.642508777335,38.744624948156854,39.38839077344092,34422800,0.8978838291781486,0.6171457488149039
2014-10-10,37.29615783691406,39.066518448569234,37.2283945226414,38.62604559629333,51978100,1.8381239259278317,0.7242384368928191
2014-10-13,36.97427749633789,37.74510420203439,36.838747632631474,37.11827656283796,37100200,0.9063565694029165,0.7581210160642391
2014-10-14,37.04203414916992,37.592625939031805,36.898035108573396,37.16062235466971,38115700,0.6945908304584094,0.7611461733200028
2014-10-15,36.61003875732422,36.75403781743486,35.66132652218813,36.42368399126415,60218700,1.0927112952467297,0.7750621742336951
2014-10-16,36.20344161987305,36.49144291120583,35.76296886658256,36.02555609339838,49040400,0.7284740446232689,0.7750621715903294
2014-10-17,36.95732498168945,37.2199121977336,36.24579259883681,36.593087974319296,40683300,0.9741195988967917,0.7962383911940165
2014-10-20,37.338497161865234,37.38931881745086,36.262727957736736,36.47449347277104,34527900,1.1265908597141205,0.8482720008217706
2014-10-21,38.016151428222656,38.10085635345225,37.43167645776685,37.57567870820008,36433800,0.6691798956854029,0.8549275077771529
2014-10-22,37.59263610839844,38.17710809273557,37.465575435970436,38.11781397394574,33570900,0.7115326567651366,0.8779192714946744
2014-10-23,38.1347541809082,38.49899131482334,37.71969213367223,37.795927888009984,45451900,0.7792991811511101,0.8918355052773401
2014-10-24,39.07499694824219,39.72723550971183,38.270286866881605,39.667941388786154,61076700,1.456948642830227,0.9729115065314399
2014-10-27,38.888633728027344,39.04957441692892,38.71922060580715,38.71922060580715,30371300,0.33035381112176765,0.9656508053037653
2014-10-28,39.379920959472656,39.388390159246576,38.77003517460839,38.84627089771642,29049800,0.6183549846381879,0.9160371518314321
2014-10-29,39.49003601074219,39.557802532871264,39.25285964586168,39.3375645672374,30276100,0.30494288700958094,0.8736842273908201
2014-10-30,39.00721740722656,39.23592461092967,38.770041002476454,39.23592461092967,30073900,0.4658836084532183,0.7756670618569191
2014-10-31,39.76958465576172,39.78652629336046,39.371464250408735,39.76111222131886,35849700,0.41506204295172466,0.740574595681834
2014-11-03,40.18463134765625,40.20157298014536,39.58321793507989,39.71874776370676,23130400,0.6183550450654707,0.7351291824394812
2014-11-04,40.29475784301758,40.43028769686982,40.0236981353131,40.06605060877568,21530800,0.40658956155672143,0.6861204871759092
2014-11-05,40.5404052734375,40.574288543519124,40.03216591607265,40.48958036831507,22449600,0.5421226274464743,0.6728096716632811
2014-11-06,41.25193405151367,41.38746388827539,40.48110749906526,40.54040160069312,33037800,0.9063563892101314,0.6679694423999482
2014-11-07,41.2349967956543,41.438289956736064,40.90464298543153,41.438289956736064,28000600,0.5336469713045346,0.6256163075135491
2014-11-10,41.412879943847656,41.63311797590491,41.12487860050967,41.209586778718844,36370100,0.5082393753952417,0.614120556064252
2014-11-11,41.39594268798828,41.463709237725475,41.209591138784894,41.37900105055398,23445200,0.25411809894058024,0.5814480876482122
2014-11-12,41.31969451904297,41.4382827141616,41.09945976114922,41.13334302583625,22722100,0.3388229530123823,0.5499854999240174
2014-11-13,42.02275466918945,42.05663793141618,41.260397425516814,41.34510558108363,26210400,0.7962405058993625,0.5027920615718128
2014-11-14,41.997352600097656,42.39546970482103,41.83640868658574,42.132882445994504,29081700,0.5590610182352904,0.5191282906513501
2014-11-17,41.89570617675781,42.10747178003454,41.62464646306655,41.853353702359804,30318600,0.4828253169679897,0.5094476001034788
2014-11-18,41.54622268676758,42.04914178567012,41.512125705090455,41.87866012895166,23995500,0.5370160805796687,0.5260242567870564
2014-11-19,41.10296630859375,41.554739875942445,40.85576810123941,41.47802330302788,26177500,0.6989717747030326,0.5426734115191861
2014-11-20,41.51212692260742,41.51212692260742,40.804629164558946,40.915442732426094,21510600,0.7074977580484756,0.5635616768832398
2014-11-21,40.89839172363281,41.81046481826813,40.548905801872245,41.78489370866788,42884800,1.2615590163958856,0.609504817692555
2014-11-24,40.56596374511719,40.91544974831735,40.39548205416564,40.90692712702028,35434200,0.5199676941517097,0.6176032557350543
2014-11-25,40.46367645263672,40.88987905862053,40.446627958197226,40.62563227231015,28008000,0.4432511004233035,0.6105410038048278
2014-11-26,40.70233917236328,40.90691780521966,40.30170777767253,40.48071530079701,27163600,0.6052100275471304,0.5890305494003277
2014-11-28,40.75348663330078,41.085924082715124,40.58300497287447,40.87282282009904,21534400,0.5029191098406542,0.5868357021529077
2014-12-01,41.44392013549805,41.58030477234531,40.66823190374183,40.8131424094543,31191600,0.9120728686034809,0.6156809516677819
2014-12-02,41.30754852294922,41.81046763958166,41.08592463756909,41.631463356966876,25773500,0.7245430020125667,0.649282730458638
2014-12-03,40.98362350463867,41.341631952499725,40.753473823156774,41.29048649494835,23534800,0.5881581293429505,0.6670923859108215
2014-12-04,41.63145446777344,41.81898458190001,41.08591586485965,41.24787162145388,30320400,0.7330687170403607,0.6625801152780356
2014-12-05,41.273441314697266,41.74226658396772,41.23934759193197,41.61440455568188,27313400,0.5029189920357524,0.6585699705494973
2014-12-08,40.65971374511719,41.21377497046125,40.44661252344641,41.137058400593105,26663100,0.7671624470148402,0.6788797655528437
2014-12-09,40.56596374511719,40.847255771269616,40.105664155048345,40.15680963783415,24330500,0.741591616221271,0.6934923038129581
2014-12-10,39.9777946472168,40.62562099779205,39.80731300180217,40.55743029062636,30431800,0.8183079959898762,0.7020163196191612
2014-12-11,40.207950592041016,40.69382453390643,39.79027387672535,40.13123724780024,29060400,0.9035506571810785,0.7160200981286329
2014-12-12,40.02041244506836,40.685287255437935,39.78173685155953,39.87550191490227,34248400,0.9035504038784055,0.6904480543773843
2014-12-15,39.781734466552734,40.63413935250415,39.67944679070521,40.23351126724027,29247800,0.954692561798943,0.721499830637901
2014-12-16,38.49460220336914,39.50044016840622,38.46903109886246,39.12538321175387,47801400,1.0314090695437628,0.7635111141465052
2014-12-17,38.98899841308594,39.16800264725299,38.27297822475133,38.4008369984422,34970900,0.8950244225016633,0.7842121423575433
2014-12-18,40.50627899169922,40.50627899169922,39.500441005350226,39.7050196007375,40105600,1.0058379863489932,0.820134919250996
2014-12-19,40.62562942504883,41.00068652142816,40.20794946972409,40.600058311015665,64551200,0.7927370517040657,0.8116109323296092
2014-12-22,40.89839172363281,41.01772790399003,40.66824198222946,40.727910072408065,26566000,0.3494859217605679,0.7848211408830379
2014-12-23,41.299015045166016,41.59735543775418,41.026245757180725,41.23082109733649,23648100,0.571109680573457,0.7836033945423598
2014-12-24,41.034767150878906,41.460969557101855,40.98362494319859,41.460969557101855,11437800,0.4773446139032629,0.7653373871754242
2014-12-26,40.813148498535156,41.26492206580624,40.762003032711995,41.26492206580624,13197800,0.5029190330942441,0.7653373901081737
2014-12-29,40.44660949707031,40.72790139776173,40.28465049965232,40.659710702796005,14439500,0.44325089810940455,0.7422008509006426
2014-12-30,40.080078125,40.591519755870586,39.92664498540551,40.438086616276095,16384700,0.6648747704650759,0.7367210762037715
2014-12-31,39.59422302246094,40.438102367262275,39.59422302246094,39.832895442943276,21552500,0.8438793448013371,0.7385476011188759
2015-01-02,39.85844421386719,40.421031212231604,39.670917382189735,39.77320504052889,27913900,0.7501138300418688,0.7275878277517894
2015-01-05,39.4919319152832,39.83289202216725,39.423737942905845,39.5260256498043,39673900,0.40915407926140546,0.6922738045648609
2015-01-06,38.912288665771484,39.84993284378193,38.818523597637046,39.534543911420876,36447900,1.0314092461448823,0.6977535677324279
2015-01-07,39.406681060791016,39.60273381213821,38.775903208920376,39.19357981997882,29114100,0.8268306032178359,0.6831408201377188
2015-01-08,40.56596374511719,40.702348447544864,39.82437212889592,39.84994324445492,29645200,0.8779763186489475,0.6819230984339535
2015-01-09,40.224998474121094,40.76201463731477,39.9778034481016,40.58301033347276,23944200,0.784211189213174,0.666092612924252
2015-01-12,39.72206115722656,40.523323725640964,39.51748583245373,40.42103281158838,23651900,1.005837893187234,0.6813141016016212
2015-01-13,39.51749801635742,40.83872517273108,39.26177715571529,40.037465608941154,35270600,1.5769480170157877,0.7689899655484227
2015-01-14,39.17653274536133,39.41520835482416,38.886714917323395,39.17653274536133,29719600,0.5284934375007637,0.7659459481860874
2015-01-15,38.767372131347656,39.53453779589711,38.70770405206786,39.398153150162365,32750800,0.8268337438292477,0.7909094574665149
2015-01-16,39.41521072387695,39.44930445442056,38.503134333907504,38.62247377164532,35695300,0.9461701205130595,0.8225702494250017
2015-01-20,39.54306411743164,39.76469121980071,38.84409233611397,39.46634754379108,36161900,0.9205988836867434,0.8566665341090973
2015-01-21,39.14243698120117,39.329967126247716,38.767379942775186,39.15948547181151,39081100,0.5625871834725302,0.8493602778953441
2015-01-22,40.17385482788086,40.18237744847696,39.27883008858388,39.5345509781448,35898000,0.9035473598930821,0.8536222789733259
2015-01-23,40.21645736694336,40.39546158850258,39.892542643408,40.36989048589873,26211600,0.5029189450945779,0.8359655014770908
2015-01-26,40.07154846191406,40.17383937973828,39.41519962337319,40.06302584459518,42525500,0.758639756365092,0.8609287641273541
2015-01-27,36.36358642578125,36.82388577017918,35.89476446463494,36.61078458314304,169164000,0.9291213055442427,0.8536224826558799
2015-01-28,35.11056137084961,36.474411344824354,35.0849902609523,36.43179174443981,84507100,1.389421083872051,0.8938075169883238
2015-01-29,35.809532165527344,35.90329723460598,34.7696002898378,34.88893646805897,63585300,1.1336969447681824,0.9120732759968406
2015-01-30,34.437164306640625,35.443002496156396,34.394541454061915,35.417428134275745,78004900,1.0484610420944804,0.9309482654883625
2015-02-02,35.18727111816406,35.26398768462323,34.29224667725142,34.59911294308808,50352500,0.9717410073718113,0.9285127736444038
2015-02-03,35.46004867553711,35.74134390201399,34.991226549742855,35.48562303809596,52082400,0.7501173522711326,0.8694534404483569
2015-02-04,35.66462326049805,35.9800121817297,35.25546927444073,35.749862454884926,41614800,0.7245429072889706,0.8834569740046574
2015-02-05,36.18459701538086,36.346552813198954,35.68167787812034,35.98854423328505,36548200,0.6648749350786147,0.8718884876653265
2015-02-06,36.15049743652344,36.47441226057912,35.928873557959335,36.38064718637875,34616600,0.5455387026197869,0.843271957815807
2015-02-09,36.107879638671875,36.43179447890723,35.98001757625422,36.005591939738146,31381100,0.45177690265300896,0.8097846734562546
2015-02-10,36.31245040893555,36.45736094465286,35.95444188245789,36.43178983609501,29670700,0.5029190621949695,0.8055226647935717
2015-02-11,36.124916076660156,36.35506576121764,35.980005570827856,36.35506576121764,38262500,0.37506019038978167,0.7677735812576216
2015-02-12,36.730140686035156,36.730140686035156,36.235744102666445,36.36360618503224,33268800,0.4943965833687116,0.7671648411343455
2015-02-13,37.3950080871582,37.3950080871582,36.781278671250845,36.977331439688896,40264900,0.6137294159073576,0.7568141025302216
2015-02-17,37.41217803955078,37.77273438678963,37.07737150664744,37.74698129764625,33695700,0.6953628801421914,0.7401170721443607
2015-02-18,37.369258880615234,37.5152007210726,37.24907340894946,37.455107985239714,27111700,0.266127312123146,0.6598818027337247
2015-02-19,37.34349822998047,37.36925131875229,36.95718552436393,37.06878770038823,27603400,0.41206579438836144,0.6083367205637374
2015-02-20,37.65255355834961,37.66972337815486,37.16322515572878,37.352086623970045,29721100,0.5064982224260817,0.5696250905874233
2015-02-23,37.90149688720703,37.93583323919379,37.47226137670551,37.51518427279425,32518800,0.46357186248827986,0.5333272945243139
2015-02-24,37.84999084472656,38.03026898936668,37.70404905515551,37.901500289541175,25271700,0.32621993421117423,0.5030489075200312
2015-02-25,37.7641487121582,37.849994520378445,37.601037091809005,37.72980907894704,29759800,0.24895742856944025,0.46907851618292185
2015-02-26,37.82423400878906,37.97017250908042,37.678292233690684,37.764141299868264,28957300,0.2918802753897367,0.4424360404908591
2015-02-27,37.64396286010742,37.94442976135502,37.48085450215559,37.88433703606708,33807700,0.46357525919943043,0.4365815088179765
2015-03-02,37.66971969604492,37.93584368999282,37.38642260916211,37.48943824311588,31924000,0.5494210808307116,0.4435560929735267
2015-03-03,37.15463638305664,37.62679821240051,36.99152801688845,37.395010571124814,31748600,0.6352701955120565,0.45300974535331867
2015-03-04,36.96577453613281,37.09454326338872,36.81124944357928,36.92284835223946,25748700,0.2832938198094439,0.44645500459758025
2015-03-05,37.008689880371094,37.12029204102703,36.75973247383378,36.9743502501989,23193500,0.3605595671932491,0.43689521772790435
2015-03-06,36.364845275878906,37.00869875944671,36.18456708643388,36.91426639122079,36248800,0.824131673012829,0.45192395037829514
2015-03-09,36.785491943359375,37.02586612147543,36.21890104641315,36.21890104641315,32108000,0.8069650750622799,0.45989553572973
2015-03-10,36.08155059814453,36.66531139116267,36.08155059814453,36.35626117429325,39159700,0.5837607930181363,0.48258364150794364
2015-03-11,36.03862380981445,36.373427083822506,35.918438355022644,36.32192090308775,32215300,0.4549887287998615,0.48564956539447934
2015-03-12,35.214481353759766,35.755319009011274,35.0771261226427,35.48060854677715,59992500,0.6781928863685707,0.4979134699618
2015-03-13,35.523536682128906,35.60079921570377,34.86251351150119,34.93977604507605,58007700,0.7382857042025819,0.5175358872271073
2015-03-16,35.67806625366211,35.7467422506171,35.43769207729982,35.60080371033279,35273500,0.30905017331728146,0.5163094757346863
2015-03-17,35.79824447631836,35.90984663299524,35.32608604011084,35.51494744970949,31673400,0.5837605928844027,0.5402239874714694
2015-03-18,36.485015869140625,36.76831285838476,35.4806064159445,35.56645220218446,44194800,1.2877064424402604,0.6113544279750782
2015-03-19,36.30473709106445,36.562277719894375,36.24464438683103,36.27898073581672,33879100,0.3176333330633483,0.6009300046796439
2015-03-20,36.81122589111328,36.89707165435827,36.47642282972949,36.536515518962176,71904500,0.4206488246287776,0.5917319863795056
2015-03-23,36.794071197509766,37.02585878325043,36.725391938857435,36.81124101217285,26246100,0.300466844392993,0.5678174612995726
2015-03-24,36.828407287597656,37.06019157625637,36.69963532740327,36.725388409519354,25513300,0.36055624885310067,0.5733362062312624
2015-03-25,35.59222412109375,36.85417815054142,35.575054299796875,36.8455916024887,43469900,1.279123850744547,0.6389479407706408
2015-03-26,35.377601623535156,35.720991454783224,35.12864415962071,35.386188170460834,37495600,0.5923472951625115,0.6223919137813324
2015-03-27,35.171566009521484,35.56646197441772,35.051380565840695,35.30033472426187,34401400,0.515081408577025,0.6015430804609571
2015-03-30,35.162994384765625,35.66090946250939,35.12007146163819,35.28317987944609,35049700,0.5408380008711973,0.5984771667361757
2015-03-31,34.90542984008789,35.22306318505292,34.80241423965729,35.008445440518486,34887200,0.4206489453956337,0.5960243250644451
2015-04-01,34.95695495605469,34.99129132172697,34.604981828149,34.85393603461276,36865300,0.3863094935779685,0.5751755112936878
2015-04-02,34.587799072265625,34.9741116961732,34.44185729220848,34.90543244089757,37487500,0.5322544039647212,0.5604589898481264
2015-04-06,35.66946792602539,35.86691585491685,34.493363621408086,34.63071884475896,39223700,1.3735522335087609,0.6364948512903749
2015-04-07,35.652313232421875,35.97853325426914,35.463451766980384,35.72099251062476,28809400,0.5150814872887537,0.6315892008906856
2015-04-08,35.55788040161133,35.78966805033071,35.23166365879874,35.59222004026787,24753400,0.5580043915319735,0.579467625825808
2015-04-09,35.609378814697266,35.72956423790927,35.41193086587651,35.41193086587651,25723900,0.3176333720327591,0.5794676286093373
2015-04-10,35.81542205810547,36.012870055165386,35.54929478825534,35.73815951362046,28022000,0.46357526691004836,0.5825338030579995
2015-04-13,35.849754333496094,36.10729830229628,35.532120920065495,35.540707465589556,30276700,0.575177382230784,0.6021559843321275
2015-04-14,35.75532913208008,36.08154585158737,35.532124771566714,35.88409785563044,24244400,0.5494210800206574,0.6156463294155243
2015-04-15,36.278987884521484,36.45068276250917,35.78107634064535,35.84975232695598,27343600,0.6696064218638185,0.572109370209758
2015-04-16,36.19314193725586,36.34766699934208,35.90126162829382,36.01286378975773,22509700,0.4464053710482645,0.5616849470587404
2015-04-17,35.72956848144531,35.832587377697116,35.33467253690273,35.77249138414645,42387600,0.49791484079438675,0.5604587636456948
2015-04-20,36.836997985839844,37.06019905040983,35.781078833636066,35.824001737421725,46057700,1.2791202167737623,0.6131932076387352
2015-04-21,36.6052131652832,37.04303533176284,36.51078080487356,36.91426333578462,26013800,0.5322545268892753,0.621165034888281
2015-04-22,36.90568542480469,37.02587089194362,36.527955928301346,36.63097157516209,25064300,0.4979149636422733,0.6291368541785884
2015-04-23,37.20615005493164,37.43793772246942,36.74257471985608,36.81983727570201,46309500,0.695363002613341,0.6407874683677756
2015-04-24,41.09502029418945,41.326807938618416,39.18921623134264,39.197799503443804,130933700,2.1375917072757744,0.6953617164939908
2015-04-27,41.23237228393555,41.31822137214293,40.537012680899025,40.54559595231583,59248200,0.7812086912439042,0.7143708024907873
2015-04-28,42.20244216918945,42.24536507230379,40.94907505932827,41.0177510493497,60730800,1.2962900129755184,0.7671054897367549
2015-04-29,42.1165885925293,42.331206343312004,41.63584365184551,41.82470832047253,47804600,0.6953626914664923,0.7940861554105929
2015-04-30,41.75603485107422,42.52866017081502,41.72169522023964,41.80754429732608,64725500,0.8069649505753844,0.818613989958117
2015-05-01,41.77320861816406,41.96207333081308,41.550007546239755,41.70453262480572,38937300,0.412065784573322,0.8069631615540125
2015-05-04,41.41265106201172,41.95348554621676,41.361141612407955,41.52424995727505,34039500,0.5923439338088059,0.8100290796817374
2015-05-05,40.86322784423828,41.343972895570964,40.61427368488404,41.05209255633465,50369200,0.729699210686924,0.8143214217405307
2015-05-06,39.73004150390625,41.00916488523308,39.50684045857517,40.837470010082136,52433000,1.502324426657914,0.8897442114269342
2015-05-07,40.09060287475586,40.42540609523462,39.62702767341257,39.72146002273889,32971700,0.7983784218220507,0.911205895786053
2015-05-08,40.992000579833984,41.189448566613315,40.794552593054654,40.8203056816061,35364900,0.39489597355866124,0.8480470212706887
2015-05-11,40.665767669677734,41.12934276504188,40.665767669677734,40.82029270146578,24609400,0.4635750953641491,0.8431413475903226
2015-05-12,40.64860534667969,40.93190238208625,39.85022696028875,40.21936979592358,29928300,1.0816754217974989,0.8848385231728386
2015-05-13,40.88899612426758,41.48134024647127,40.83748665828124,41.36973804090523,34184600,0.6438535881900265,0.881159279285459
2015-05-14,41.8247184753418,41.910564286575095,41.23237124348558,41.23237124348558,32980900,0.6781930430895144,0.7769165175578691
2015-05-15,41.464141845703125,41.98780959380063,41.249524130896376,41.95346997347801,28642700,0.7382854629042512,0.7738505726764652
2015-05-18,41.2151985168457,41.39547994740179,40.87181202134481,41.18944543025521,24136500,0.5236679260569801,0.7186632807537124
2015-05-19,41.11151123046875,41.310242386411666,40.76588982251323,41.09422983046197,28574800,0.5443525638984354,0.7078768430702799
2015-05-20,41.11151123046875,41.41392749036231,40.84365447449872,40.947339578449366,25047900,0.5702730158635916,0.6909702763051518
2015-05-21,40.9732666015625,41.12879593047673,40.61900608483355,40.85230007820489,22410700,0.5097898456431764,0.6979505663815699
2015-05-22,40.523963928222656,40.91278396031401,40.45483831606115,40.869582100758365,25720600,0.45794564425285955,0.6883506885561452
2015-05-26,40.256099700927734,40.50667505466446,39.91047829604328,40.463473203076404,29581900,0.5961967586211827,0.678814799122878
2015-05-27,41.137428283691406,41.275676176233674,40.28201718252441,40.45482787222469,27335600,0.9936589937092606,0.6424815539122599
2015-05-28,40.999183654785156,41.49169201717748,40.94733945492123,41.042385506626765,19283700,0.5443525622562504,0.6243368496575599
2015-05-29,40.489410400390625,41.102885516495604,40.25611635002154,40.981918963583794,36519600,0.8467691664740613,0.6566135062943742
2015-06-01,40.8090934753418,41.27568140784471,40.28202228819112,40.662206512937274,28837300,0.9936591196535858,0.6944766508864768
2015-06-02,40.54124450683594,40.912786454629185,40.28203003760807,40.549886856928325,21498300,0.630756417021118,0.6622681505453067
2015-06-03,40.480751037597656,41.24975849354632,40.45483058603522,40.93005754252306,28002200,0.7949279075110951,0.6730591733539545
2015-06-04,40.057376861572266,40.74861651873373,39.919128930139976,40.42891879531356,27745500,0.8294875885937572,0.6838659266042575
2015-06-05,39.86728286743164,40.1956229253614,39.608068420051524,40.01417314180437,25438100,0.5875545053098747,0.6730994296332307
2015-06-08,39.513023376464844,40.11785930006952,39.46117916721052,40.00553182806379,22121600,0.6566801328590017,0.6826003015476607
2015-06-09,39.44390106201172,39.69447316652583,39.27972938074419,39.53894383484639,24406100,0.4147437857816385,0.6733425316821753
2015-06-10,40.27337646484375,40.46346854525738,39.478448643551,39.56485563287065,28417400,0.9850199017063801,0.7029673092423744
2015-06-11,40.126502990722656,40.541246824414635,39.858649452181105,40.31659515053227,27347800,0.6825973722335306,0.7153107039988283
2015-06-12,39.720401763916016,40.15242700547754,39.65991849378468,39.936414384696775,23931000,0.49250851169286136,0.7177794802445427
2015-06-15,39.29700469970703,39.44389495514685,38.89954237854769,39.271084247137104,33254500,0.5443525765991595,0.7140763243858268
2015-06-16,39.59943389892578,39.95369445331145,39.141484916848526,39.18468678034124,27070300,0.8122095364629232,0.7011156488682312
2015-06-17,39.720401763916016,39.80680549379191,39.19333044183639,39.51302819768643,28704100,0.6134750519555254,0.7060529695610366
2015-06-18,40.368438720703125,40.43756104383507,39.89320832877312,39.9364134888329,32658300,0.5443527150619474,0.6844517944601713
2015-06-19,39.83271026611328,40.4634697709395,39.73766751911714,40.42890697416469,63837000,0.7258022518223584,0.6653191610436551
2015-06-22,39.945045471191406,40.36843157374661,39.884562213125,40.031452479922244,20318100,0.4838693606216111,0.6548272284436903
2015-06-23,39.66854476928711,39.98824242214795,39.41796941884134,39.85863686908596,25896500,0.5702730033066103,0.6387804495719414
2015-06-24,39.43526840209961,39.96233978939929,39.357503717152255,39.46118886505158,34890900,0.6048360722470321,0.6227339126900324
2015-06-25,39.44390106201172,39.7981615850392,39.31429218691532,39.772237832365555,20616000,0.4838693981238862,0.615327833605319
2015-06-26,39.1069221496582,39.98825400943871,38.90819094050538,39.44390459588177,49835300,1.0800630689333346,0.6455694718963427
2015-06-29,38.337921142578125,39.0810051267099,38.32928208754713,38.91683671239126,34081700,0.7517230391627692,0.6696394185664235
2015-06-30,38.14781951904297,38.640327893506296,37.966366463116934,38.63168554527215,35945400,0.6739614303893617,0.6474209563294936
2015-07-01,38.40702819824219,39.080986231917336,38.10460868091107,38.4156672490964,28343900,0.9763775510062658,0.6684052548132604
2015-07-02,38.36384201049805,38.66625835517477,38.070064720201685,38.43296433381375,21752000,0.5961936349730834,0.675811335047562
2015-07-06,38.35519027709961,38.43295493186285,37.9750093516405,37.983648403907466,23034000,0.45794558022235066,0.6696394067349328
2015-07-07,38.27741622924805,38.44158784684473,37.43064758300232,38.31197902201465,36435800,1.0109402638424143,0.6838344586906108
2015-07-08,38.2255859375,38.795858991948556,38.04413287319663,38.39839335707997,39785900,0.7517261187519253,0.6937095348903536
2015-07-09,38.46752166748047,39.07235756682356,38.4502402650889,38.666252850847826,32424700,0.6221173017346615,0.6992641482241189
2015-07-10,38.5452880859375,39.00323373385692,38.510725279580015,38.890906261240424,25465800,0.4925084542769085,0.682600305542301
2015-07-13,39.34885787963867,39.41798020096098,38.839067987534605,38.86498844601911,28178300,0.5789122134263778,0.6893890807426415
2015-07-14,39.417972564697266,39.71174978960937,39.15011908933843,39.27108560028632,22880300,0.5616307002709391,0.6887717733829507
2015-07-15,39.538944244384766,39.651271717559084,39.25380933074615,39.46982192741718,26629600,0.3974623868129328,0.6739593672805151
2015-07-16,40.31660079956055,40.34252126276975,39.7204070731087,39.75496659202382,26271700,0.6221141896610476,0.6838339952474551
2015-07-17,40.28202438354492,40.420272300801095,39.97096574569595,40.22154112575099,29467100,0.44930655510514583,0.6387799585454417
2015-07-20,40.54124450683594,40.72269760177718,40.126500696853185,40.30795379179442,30631900,0.5961969049239926,0.6276709489569576
2015-07-21,40.8523063659668,40.895511527607745,40.1610666288954,40.42028111828579,42781900,0.7344448987123471,0.6319911966943137
2015-07-22,39.34885787963867,40.549887465420085,39.055080597814445,39.262450857872224,59152400,1.4948068676056394,0.6690218621656976
2015-07-23,39.84136962890625,39.94505476742307,38.96867676612391,39.11556706710627,33934000,0.9763780012991603,0.6961778883318459
2015-07-24,39.69446563720703,40.02280564137134,39.57349913464386,39.66854518554063,32333200,0.4493065067274813,0.6955608116536409
2015-07-27,39.18468475341797,39.75495789185932,39.098281030901994,39.69447462687999,39701400,0.6566768609573259,0.6702562828761346
2015-07-28,39.176048278808594,39.43526275951297,38.700821181502064,39.383421841026674,34328900,0.7344415780109088,0.6690216728232049
2015-07-29,39.996883392333984,40.4202661322792,39.10690947073127,39.22787926394832,40945900,1.3133566615479353,0.7183959128098673
2015-07-30,40.506683349609375,40.955989949532025,39.6858348169832,39.97096973272622,39777900,1.2701551325488225,0.773942104115004
2015-07-31,40.35115051269531,40.9300626436732,40.178339789864914,40.86094033219528,31201500,0.751722853808289,0.7862857212851405
2015-08-03,40.446205139160156,40.61037354776044,40.135146431419756,40.59309214220919,24125900,0.47522711634068315,0.7801140367186937
2015-08-04,41.07695007324219,41.2238370350392,40.333866323682756,40.39434957808037,33403900,0.8899707113564475,0.8152932027575162
2015-08-05,41.11151123046875,41.82867120225492,41.07694843045519,41.45712934233424,26959700,0.7517227717997272,0.8245509586245647
2015-08-06,40.28202438354492,41.275683554885774,40.03145229958022,41.223839349880826,27368000,1.2442312553055572,0.8813312943531655
2015-08-07,40.385711669921875,40.42027117620663,39.97096463360233,40.08329209327597,19163000,0.4493065426043046,0.8708391256160449
2015-08-10,40.895503997802734,41.03375191976239,40.472117882750425,40.56716394711464,23079900,0.561634037011963,0.8584954926374461
2015-08-11,40.10057067871094,40.558516241708176,39.65990651568775,40.454831137953896,29237400,0.8986097260204247,0.8159099825242164
2015-08-12,40.385711669921875,40.523959583331646,39.495737637261904,39.9104813774912,30181400,1.028221946069742,0.8196131214364009
2015-08-13,40.377071380615234,40.696769078663785,40.16970114796931,40.66220957061641,22627200,0.5270679306944714,0.8251675088626145
2015-08-14,40.61035919189453,40.69676289301579,40.195615493550655,40.20425454522681,21473400,0.5011473994651325,0.8140582616131721
2015-08-17,40.88686752319336,40.999195005952885,40.23882967788143,40.446203238661255,21099700,0.7603653280714582,0.8159099580460685
2015-08-18,41.11301040649414,41.25217002841056,40.61725404605269,40.73901830050117,23574100,0.6349159823578674,0.7674499095324921
2015-08-19,40.5389518737793,40.94773446586684,40.26932881889655,40.68680743051092,31485500,0.6784056469702904,0.7251820891340256
2015-08-20,39.71269607543945,40.417193194705604,39.71269607543945,40.06929264542776,36238200,0.7044971192661507,0.7218088223810157
2015-08-21,37.46005630493164,39.55614942354346,37.46005630493164,39.399594475445795,70053100,2.096093118611819,0.8375849654003825
2015-08-24,36.251094818115234,37.12953878769195,34.54638963254895,35.18130523785195,88753700,2.5831491551429977,0.9585262828137076
2015-08-25,35.19870376586914,37.60790620232144,35.129122331051185,37.025173298110026,70616600,2.4787838712702523,1.0818877899187451
2015-08-26,37.14693832397461,37.26000649917584,35.711856035849564,36.538114026970575,63408000,1.548150463326273,1.1035963047773676
2015-08-27,38.181949615478516,38.22543636454236,37.338292748769604,37.59921656097894,50943200,0.8871436157727572,1.1348703814322572
2015-08-28,38.20804214477539,38.39938782777409,37.73837727804751,37.747076618816386,28246700,0.6610105497265835,1.1419687037690156
2015-08-31,37.85144805908203,38.2080447448659,37.48615203193729,37.88623878887231,34441700,0.7218927129286143,1.1293460599767435
2015-09-01,36.37287139892578,37.04257794679116,36.2337118122152,36.67728195803448,49688900,0.8088661345759647,1.113677787727188
2015-09-02,37.712284088134766,37.729679451014356,36.42505709548106,36.842535851112565,37671500,1.3046223555332972,1.1692173895013898
2015-09-03,37.83404541015625,38.25152413378438,37.64269975097529,37.75576794211185,28285200,0.6088243828090896,1.1769086025973867
2015-09-04,37.059967041015625,37.433958989130495,36.703370453025364,37.23391732443603,37138800,0.730588536105131,1.1747816888855063
2015-09-08,38.17324447631836,38.268917300421535,37.57311946761539,37.66009295253149,32469800,0.6957978328061429,1.1791303924889545
2015-09-09,37.46005630493164,38.616823052783694,37.320896719714405,38.451568764332706,33469500,1.2959263330692892,1.2232390129245974
2015-09-10,37.65140914916992,38.08628335052002,37.18174421543337,37.50355019544092,31366600,0.904539135086651,1.2375277283403474
2015-09-11,37.8166389465332,37.912311748036394,37.34697427614934,37.52092452271651,27132500,0.5653374718870552,1.1281880392885786
2015-09-14,37.4339714050293,37.78186876943314,37.27741642980819,37.77317274539943,23656000,0.5044523396249474,0.9797096953230034
2015-09-15,38.251522064208984,38.521145176846545,37.46875074394235,37.56442025053073,28882200,1.0523944329041939,0.8778247354397136
2015-09-16,38.52984619140625,38.599427642843146,38.12976279912276,38.24283099879461,23372200,0.46966484372038764,0.8007900483250074
2015-09-17,38.486351013183594,39.138662047305345,38.338495438005566,38.52114173128154,32768200,0.8001666092997795,0.7945774050055091
2015-09-18,37.8166389465332,38.26021224117074,37.68617874997657,37.83403430297242,63143700,0.5740334911941716,0.7883647579674796
2015-09-21,38.364585876464844,38.67769569601382,37.921012526161995,37.938407884784205,26177200,0.7566831698518257,0.7908497906048518
2015-09-22,38.181949615478516,38.312409862670044,37.66879801374211,37.729680125996744,28085900,0.6436118489279323,0.7790459130585639
2015-09-23,38.15584945678711,38.41677323169319,37.84273959976949,38.20803553889865,17145200,0.5740336319237045,0.7268610042293072
2015-09-24,38.19063949584961,38.381985142347375,37.6340012345751,37.790556160286776,27905600,0.747983907772273,0.7368009702981061
2015-09-25,38.216739654541016,38.90384161765318,38.06018469287428,38.686404539541215,29384600,0.8436569247788981,0.7448772837748037
2015-09-28,37.65140914916992,38.34720720776471,37.58182768439702,38.121074082906475,27613800,0.7653795233676917,0.7498474045292001
2015-09-29,37.7818603515625,37.894928545769666,37.44265908676706,37.72097824341081,32763600,0.45226945900260773,0.6895861992387228
2015-09-30,38.49505615234375,38.529846878682775,37.973208528563454,38.164554205601824,34958900,0.5566383501193215,0.6647361431696278
2015-10-01,38.79947280883789,38.92123704191566,38.05148872812984,38.92123704191566,28657900,0.86974831378582,0.6864797747338253
2015-10-02,39.63442611694336,39.63442611694336,38.19934022692262,38.503754094595045,41839000,1.435085890020737,0.752953599762096
2015-10-05,40.556358337402344,40.782491403104416,39.7474922690635,39.790979014257054,34369300,1.0349991340409161,0.7517110784147191
2015-10-06,40.66073226928711,41.03472429676228,40.199766740559,40.29543958263307,27017200,0.8349575562032783,0.7778034150206398
2015-10-07,40.70421600341797,41.18257686051173,39.964931344075445,40.96513980566674,27711500,1.217645516436285,0.8076233369589616
2015-10-08,41.269561767578125,41.33044388944979,40.44330013354254,40.495486231358306,33772700,0.8871437559072461,0.8299883558670383
2015-10-09,40.973854064941406,41.347846200876155,40.80859971967928,41.26956869991709,28600600,0.5392464811968765,0.8144571638202562
2015-10-12,40.8781623840332,40.93904448811527,40.44328831611796,40.860767023177495,19769100,0.49575617199731425,0.8038960440394979
2015-10-13,40.782501220703125,40.99124229283894,40.49548597907151,40.49548597907151,19987800,0.4957563137674299,0.7983048070283354
2015-10-14,40.59983444213867,40.96512698741937,40.46937092292408,40.5737430654258,24697800,0.4957560644952892,0.7802885325085508
2015-10-15,40.886863708496094,40.904259071607946,40.46938494729036,40.886863708496094,27189400,0.434874124317588,0.7510897610470286
2015-10-16,41.32173156738281,41.34782626700711,40.791188003133385,40.89555684815327,26450300,0.5566382638737224,0.7361796710831737
2015-10-19,41.41741180419922,41.643548213014185,40.89556416787083,41.24346148614764,29387600,0.7479840451433546,0.7573021415217985
2015-10-20,41.54786682128906,41.58265754130442,40.895555751216584,41.26084835790085,30802200,0.6871017900878371,0.7666209586624068
2015-10-21,41.0521240234375,41.73922603696802,40.97384653686027,41.678340598228615,25144300,0.7653795001077484,0.7591660433996873
2015-10-22,41.77400207519531,42.574172088741825,40.956440018546914,41.339128005479516,56637100,1.6177320701949114,0.772212199126414
2015-10-23,45.983577728271484,47.02727603489909,45.444334875013645,45.48782161324282,135227100,1.5829411598854435,0.811350915258166
2015-10-26,47.1838493347168,47.244731455529,45.66178967875819,45.68788106829864,64633300,1.5829417767708094,0.8647783595844183
2015-10-27,46.69677734375,47.28820635579469,46.60110783347664,46.95770444504836,50999900,0.6870985223180526,0.8268821457188302
2015-10-28,46.94900131225586,46.94900131225586,45.9748843843437,46.56631334860393,47000800,0.9741169279121564,0.8330945151477523
2015-10-29,46.40977096557617,46.81855373838112,46.28800673141977,46.566325928870555,30202100,0.5305470069613492,0.832473124130929
2015-10-30,45.78355026245117,46.95771246536134,45.766154898205116,46.37497937551115,46619800,1.1915575671562237,0.8821732237851369
2015-11-02,46.30540084838867,46.40976971516408,45.7661545147584,45.96619622517229,30285000,0.6436152004056837,0.8927345728307264
2015-11-03,47.09685516357422,47.305592823980724,46.00967017196655,46.03576155006104,36596900,1.295922652014177,0.9498893290820755
2015-11-04,47.31430435180664,47.73178309800288,47.018589825189366,47.12295868228189,37087800,0.7131932728135126,0.9697692682603558
2015-11-05,47.296905517578125,47.57522466127945,46.96640029024809,47.39257834531781,31468500,0.6088243710313606,0.9734968473430443
2015-11-06,47.76656723022461,47.81875331410601,46.93160979507767,47.04467798457442,32851200,0.8871435190283421,0.9834368097634005
2015-11-09,47.105560302734375,47.72308070123399,46.583712732869394,47.44476155492921,32513100,1.1393679683645956,1.015741536783169
2015-11-10,46.54022216796875,47.079468411209,46.33148446940715,47.02728232765565,55283700,0.7479839418018486,1.0144989969041762
2015-11-11,46.661991119384766,47.14035195415582,46.49673684200542,46.705477864759224,36516300,0.6436151121503997,0.944919214186711
2015-11-12,46.37497329711914,46.94900697069417,46.26190510325293,46.51413287502139,35361100,0.6871018674412426,0.8809306932978396
2015-11-13,45.95750427246094,46.34889170481672,45.687881081765454,46.1575460005924,36848200,0.6610106230512685,0.815078468032158
2015-11-16,46.766361236572266,46.87073009185866,45.966191165173655,46.166236171392875,32165200,0.9045389266850066,0.8306099254869405
2015-11-17,46.38108825683594,46.871427988574474,46.276012594158615,46.55620768092032,31551300,0.5954153944158591,0.8035598159514906
2015-11-18,47.15161895751953,47.26544924538455,46.38983884067527,46.407351449592085,29710000,0.8756104047092848,0.8282072015049147
2015-11-19,47.23042297363281,47.86086351981596,47.09032544561306,47.27420616504217,28149200,0.7705380742028964,0.798134380579677
2015-11-20,47.4493408203125,47.54565852806829,46.64378061033616,47.50187866277646,37147600,0.9018779177321292,0.8165817175315659
2015-11-23,47.4493408203125,47.68575610111589,47.06407332947898,47.50187866277646,28235900,0.6216827716369124,0.7684217260760471
2015-11-24,47.50189208984375,47.668256961053864,46.91523438068922,47.21293888489978,24600000,0.7530225803646431,0.7712666766154135
2015-11-25,47.01152038574219,47.48435079546405,47.01152038574219,47.36176587594843,21005100,0.4728304097218654,0.7615528222361638
2015-11-27,47.22167205810547,47.35301496229954,47.09908712895836,47.10784176381652,9009100,0.2539278333411801,0.7163231304013665
2015-11-30,47.58943557739258,48.12355858684065,47.282973198294215,47.75580373192262,56241400,0.8405853885464367,0.6949815175572124
2015-12-01,48.3512077331543,48.359962367539445,47.545644421986914,47.64196210116668,39952800,0.8143179455525313,0.6997196606822611
2015-12-02,48.34245300292969,48.99916085211337,48.21111343720626,48.438770688573506,47274900,0.7880474149071119,0.710036253736312
2015-12-03,47.45808029174805,48.832788235035295,47.22166510313206,48.58761841285056,38627800,1.6111231319032342,0.7760377726264542
2015-12-04,48.95539474487305,49.23558990532936,47.37053815463778,47.38805076969002,43963700,1.8650517506915847,0.8620407103150483
2015-12-07,48.867835998535156,49.00793358159788,48.412518018533824,48.85032338312858,30709800,0.5954155630640585,0.8399604700564092
2015-12-08,48.85032653808594,49.121763743943724,48.14983857753187,48.57013135386431,32878000,0.9719251664118573,0.8668540251989805
2015-12-09,48.14106750488281,48.92036035779481,47.72952947866175,48.482555084007025,36373200,1.1908308791330597,0.8893697733721072
2015-12-10,48.39500427246094,48.7364919144362,48.167343617684246,48.50007662225568,31775800,0.5691482967519548,0.8749847892684686
2015-12-11,47.335506439208984,48.246138851575566,47.291723240571635,47.904651279414466,39549500,0.954415611003931,0.8787374816450259
2015-12-14,48.28116226196289,48.34245472952738,47.00277173820502,47.571919897234096,46768900,1.3396829913223627,0.930023211622558
2015-12-15,48.33369445800781,48.946622402367616,48.2373767801556,48.73647443794564,39843000,0.7092456222120163,0.9268962860402274
2015-12-16,49.148014068603516,49.25308638430386,47.94842538195217,48.63140378447616,37503300,1.3046610023516934,0.9863127569423581
2015-12-17,48.77151870727539,49.725934543984756,48.622663145122246,49.349421659949606,41280900,1.1032713988625105,1.046980154479596
2015-12-18,47.39679718017578,49.03418787577463,47.309234126284224,48.83279786210751,84684200,1.7249537494904033,1.1101493231184507
2015-12-21,48.00971984863281,48.46503431739338,47.48435160437365,48.05349970060726,37246300,0.980682713019732,1.1220325207946793
2015-12-22,48.46504211425781,48.578872419854825,47.720774490391584,48.149825125217774,28322200,0.8580979294632414,1.12703612897726
2015-12-23,48.8765869140625,48.929124756281325,48.54385392705582,48.77151456981446,27279800,0.3852708292255045,1.039475250214565
2015-12-24,48.74524688720703,48.99917479613199,48.53510218617174,48.91161506073225,9558500,0.46407260996024746,0.939405311590898
2015-12-28,48.99041748046875,48.99041748046875,48.14107406472589,48.46504907622167,22458300,0.8493434157428581,0.9575430153536695
2015-12-29,49.515777587890625,49.778460093624275,49.08673027456983,49.28812030697194,27731400,0.6917298190544443,0.9375290619709971
2015-12-30,49.305625915527344,49.71716055798226,49.288113305607524,49.44572345469709,21704500,0.42904725237473684,0.883115945773974
2015-12-31,48.578880310058594,49.200563093573955,48.5263424665908,49.069223495188986,27334100,0.674220626983157,0.8906211122190599
2016-01-04,47.983455657958984,47.983455657958984,46.74884496274072,47.56316301067075,53778000,1.2346106952182652,0.9106350468057981
2016-01-05,48.202362060546875,48.50006979320474,47.755802131654725,48.09728972554683,34079700,0.7442676615500119,0.8681053803934873
2016-01-06,47.326744079589844,47.63320974071828,46.967743929265346,47.56315930153848,39518900,0.6654658114529326,0.8649782510535527
2016-01-07,45.68060302734375,46.83641208292169,45.59304330413132,46.144678912899764,56564900,1.2433687787903693,0.8606002350848867
2016-01-08,45.820701599121094,46.65252894791451,45.66309143320064,45.85572348251184,48754000,0.9894375147138703,0.8524692433599839
2016-01-11,45.79444122314453,46.27602646409604,45.05892806489844,45.97831867765858,36943800,1.217098399197603,0.8161938611962124
2016-01-12,46.214717864990234,46.49491293803342,45.584280620737445,46.19720525540144,36095500,0.9106323172959776,0.8111902615016585
2016-01-13,45.21650695800781,47.34423985896844,44.918799377703394,47.10782472106308,66883600,2.425440481265049,0.9231433009160733
2016-01-14,46.50368118286133,46.77511834096031,45.15524000843137,45.53175284726817,52381900,1.6198783325289412,1.011329551152033
2016-01-15,44.64739227294922,45.50549038138709,44.07824396644531,44.92758743732935,71820700,1.4272464149417843,1.0801276800792858
2016-01-19,44.27086639404297,45.25154918138827,43.833061160740215,45.0764264200294,43564500,1.4184880206480557,1.1207808661439427
2016-01-20,44.472259521484375,44.98886986664352,42.992475591352886,43.76301379129294,63273000,1.9963942752906334,1.2139711844465277
2016-01-21,44.20082092285156,45.16399454851902,44.0432107539276,44.65613881749976,40191200,1.1207837945914179,1.2633809374620049
2016-01-22,45.78568649291992,45.82071172423945,44.88380515748651,45.015148104839795,37555800,0.9369065667529384,1.282144218874132
2016-01-25,45.34787368774414,46.10089933671479,45.225288738412054,45.47921327337593,34707700,0.8756105983027354,1.2565013548087371
2016-01-26,45.68060302734375,45.91701828824451,45.13772539501016,45.34787340698505,28900800,0.7792928932343557,1.2590031570719045
2016-01-27,44.84878158569336,45.706879679726036,44.673658775848175,45.540511507287704,36775200,1.0332209038778615,1.2852713779593994
2016-01-28,45.58427810668945,45.71561766107868,44.87503248830879,45.40915536064858,62513800,0.8405851727698916,1.2565011203865082
2016-01-29,48.237396240234375,48.237396240234375,47.28298039132049,47.92217583652852,83611700,0.9544158489138823,1.2539995728293662
2016-02-01,47.9046516418457,48.237384580910145,47.720774230858424,48.05350716992287,44208500,0.516610350051721,1.203964712176089
2016-02-02,46.4073600769043,47.51062792225687,46.10089771435893,47.43182283757531,56313800,1.409730207897944,1.2396145615048009
2016-02-03,45.67184829711914,46.74884892332467,44.883797429071514,46.62626397500378,57559800,1.8650514942531586,1.199586776718237
2016-02-04,45.53173828125,46.240983868483454,44.98010282451287,45.619297980330884,46987100,1.2608810439705849,1.1739441132497832
2016-02-05,43.92061996459961,45.531743323500244,43.39525503155781,45.47920549412055,62009000,2.1364882919424346,1.2246042473212582
2016-02-08,43.263916015625,43.404013566370345,42.19567010357356,43.38650095500354,59290500,1.2083434627967833,1.209593921760453
2016-02-09,43.15009307861328,43.99068186678353,42.61597003139968,42.92243577235632,46740500,1.3747118353838559,1.1651880331956832
2016-02-10,43.526611328125,44.12202692924171,43.36024648141506,43.684221536667074,38237000,0.7617804478266521,1.1395449369982
2016-02-11,43.50908279418945,43.87684092630995,42.47586217849264,42.62471769440939,48878600,1.4009787478173124,1.1726929499313694
2016-02-12,44.21832275390625,44.37593288440257,43.561614990234375,43.999420166015625,34243300,0.8143178941681981,1.1683148996360455
2016-02-16,45.05613708496094,45.05613708496094,44.209516411203786,44.88857779458343,37291200,0.8466206737571511,1.173124026816245
2016-02-17,46.22906494140625,46.537731082280146,45.37362666133004,45.40890336843083,40789000,1.1641044209501032,1.1824728494642625
2016-02-18,46.026222229003906,46.696466109768444,45.94685133165473,46.14969068590266,27176000,0.7496147781137168,1.1759749641316783
2016-02-19,45.69992446899414,46.10559647864308,45.44417340736566,45.83221042891831,33559100,0.6614230712774187,1.1550469085862167
2016-02-22,46.43190383911133,46.740566612582256,46.10559934810273,46.10559934810273,25008300,0.6349672644795277,1.1635009739024886
2016-02-23,45.135501861572266,46.184958385816564,44.95912173741942,46.1585025446535,28895300,1.2258366483971415,1.1503657196524313
2016-02-24,45.294246673583984,45.4177117595172,44.27124592191705,44.70337372268333,33014500,1.1464658376001537,1.0990381727486453
2016-02-25,45.94684600830078,45.94684600830078,44.632820971748785,45.62054496330191,26939500,1.314025036551996,1.102834172218746
2016-02-26,45.241329193115234,46.45834836539523,45.06494906661259,46.387794969125736,35975900,1.39339929878264,1.0497563869930464
2016-02-29,44.87092971801758,45.54999095421725,44.676911260768875,45.28541910736146,31654000,0.8730796934483749,1.0258089748967316
2016-03-01,46.37016296386719,46.37898045688192,44.90621017474489,44.950307732332476,33024500,1.4727702821370272,1.0328131496648152
2016-03-02,46.696468353271484,46.705285847102154,45.999768594641864,46.22024294629643,29289900,0.7055172524602895,1.0287943499957894
2016-03-03,46.16733169555664,46.71411055492487,45.6646504014908,46.71411055492487,24427800,1.0494601534340688,1.0036858789684149
2016-03-04,45.8851203918457,46.255519047167645,45.602913494539266,46.211424850245685,33034200,0.6526055526283798,0.9921349974298563
2016-03-07,45.00321578979492,45.682277078995625,44.60636471687841,45.47062362199629,38407800,1.075912362117215,1.008512975169861
2016-03-08,45.549983978271484,45.97329415857201,44.623989384433166,44.80036946726762,33835100,1.3493047741388438,1.0217415718261995
2016-03-09,46.59946060180664,46.60827809592143,45.735201519173124,45.76165736568922,28251600,0.8730765767483035,1.03056027172867
2016-03-10,45.90275192260742,46.687639949372574,45.11786389584227,46.67882245696704,38387800,1.5697760535303047,1.0954426276038762
2016-03-11,46.80229187011719,46.80229187011719,46.19378391264751,46.740559325048004,32275700,0.6085079574696763,1.0935526771031725
2016-03-14,46.89048385620117,47.26088251920258,46.41426180973029,46.48481185343382,24083600,0.8466207094722904,1.066465824322826
2016-03-15,47.26087188720703,47.26087188720703,46.511260600112855,46.52007809202781,21104800,0.7496112870941758,1.038119070715256
2016-03-16,47.931121826171875,48.15159617378844,47.093321996566196,47.13741619325519,31691700,1.0582741772222448,1.0198511521917024
2016-03-17,48.20451354980469,48.504358811570356,47.62246137863271,47.8076590321484,28223900,0.8818974329376488,0.983315304631346
2016-03-18,47.172691345214844,48.47789903648846,47.13741464335494,48.43380147707785,67625500,1.3404843931335222,1.0167013546088566
2016-03-21,47.49898147583008,47.56071400776641,46.678816849623765,46.96102367109576,23925700,0.8818971581426425,0.9744961314664005
2016-03-22,47.6841926574707,47.842934460297585,47.14623469946533,47.27852065654495,23124100,0.6966997608322529,0.9738663106358264
2016-03-23,47.596004486083984,47.83411719144436,47.393168484666994,47.71946958571419,20129000,0.44094870677736964,0.930401207303205
2016-03-24,47.80766296386719,47.91349308672685,47.38435256494453,47.48136182881322,19950000,0.529140521782324,0.9215822765284868
2016-03-28,47.21678161621094,47.87820458234107,47.03158399309558,47.807651184485024,17025100,0.8466205892454894,0.9052042927519349
2016-03-29,48.24861526489258,48.380901246109715,47.13742580652317,47.32262348888936,23924300,1.2434754395865468,0.897645054569628
2016-03-30,48.54845428466797,49.068773918325235,48.41617168475824,48.44262753190583,23008300,0.652602233566995,0.8818968871995345
2016-03-31,48.70719909667969,49.02468273869765,48.38089795979323,48.460268870297725,26360500,0.6437847789044184,0.8157546532976855
2016-04-01,49.00703430175781,49.04231100231775,48.125136972787296,48.548447286992584,24399200,0.9171740295304573,0.8378022298734555
2016-04-04,48.883575439453125,49.08641144724761,48.504359270567676,48.883575439453125,18928800,0.5820521766799374,0.8189044775311446
2016-04-05,48.1163215637207,48.76892373148809,48.02812980850114,48.67191448283231,19272300,0.7407939229869456,0.8182746658091996
2016-04-06,48.61017608642578,48.680729482110905,47.80764971344839,47.93993564827246,21188700,0.8730797686625138,0.8050464937692189
2016-04-07,48.028133392333984,48.424987910006394,47.82529738645069,48.38971120528624,19225100,0.5996905235557008,0.784888857384794
2016-04-08,47.99283981323242,48.7512718771908,47.90465144661098,48.213314093956576,22167200,0.8466204305798257,0.74961286005953
2016-04-11,47.895851135253906,48.63664511876733,47.8870302769255,48.054592943447624,21414200,0.7496148418418329,0.7401641231809007
2016-04-12,48.19569778442383,48.31034203261421,47.410806215052105,47.94876420670735,24944300,0.8995358175621035,0.7546524129473186
2016-04-13,48.813018798828125,48.89238969785758,48.407346810087134,48.61018280445763,20818000,0.48504288777044735,0.757801997303967
2016-04-14,48.821842193603516,49.01586070446242,48.56609113186619,48.69837709184666,20877100,0.4497695725962316,0.7521326437906747
2016-04-15,49.07758331298828,49.31569261004116,48.601357990540464,48.768917256955355,28793800,0.714334619500697,0.742683645951761
2016-04-18,49.79191970825195,49.90656729681986,48.68954810632906,48.93648163279617,23786000,1.2170191904907952,0.740793913873493
2016-04-19,49.73019790649414,50.06531988781338,49.10405150879199,49.94185478000416,29596800,0.9612683790213907,0.7628414956916642
2016-04-20,49.02467346191406,49.82719990996793,48.936485073228695,49.64200227522582,36195700,0.8907148367392352,0.7804793569655796
2016-04-21,49.192222595214844,49.589076990750435,48.87473907878637,49.2098609421465,38909100,0.7143379119640656,0.7659910628536944
2016-04-22,45.664642333984375,46.23787693992399,44.77392751749081,45.779289928006555,126834100,1.4639494224331813,0.8289837232646404
2016-04-25,45.9556770324707,45.97331538531513,45.53236665671982,45.66464925679533,33226900,0.4409487285953091,0.8075662093795236
2016-04-26,45.36479568481445,46.16732208942497,45.05613297695318,46.08795119823618,33532600,1.1111891124717914,0.8245740196516148
2016-04-27,44.923851013183594,45.41771475364536,44.579911575646726,45.40007640246764,43369300,0.8378031779986372,0.8415820663975389
2016-04-28,44.006675720214844,44.7739254136348,43.70683050974928,44.64163947565809,43134800,1.0670949038855184,0.8573302430622312
2016-04-29,43.98021697998047,44.31533889267911,43.521629984753694,43.521629984753694,48411700,0.7937089079254136,0.8604798192110584
2016-05-02,44.632835388183594,44.756300506485665,43.90085880943252,44.0948773462913,33114500,0.8554416970531449,0.8573302391747042
2016-05-03,43.90083694458008,44.45643306439639,43.74209519606113,44.3947005359913,26460200,0.7143378683352637,0.873708452072191
2016-05-04,43.98021697998047,44.147779618415385,43.618639225074716,43.953761137773355,24257600,0.5291403933406684,0.8793777964110794
2016-05-05,44.04195022583008,44.359433794079365,43.85675259907508,43.98021768357841,25390700,0.5026811950042855,0.8642596946613358
2016-05-06,44.43880844116211,44.43880844116211,43.79502375744488,44.024315596015754,24787300,0.6437846837172287,0.8233143727489382
2016-05-09,44.15659713745117,44.615184132951676,44.09486459615026,44.526995749427854,17951600,0.5203195368014164,0.7918180268760828
2016-05-10,44.994415283203125,45.06496534077903,44.26243867134069,44.385907159400084,22891000,0.8025266694383433,0.7855188720688763
2016-05-11,45.02084732055664,45.664631814704855,44.97675313737371,45.091400704985745,24039100,0.6878786773311418,0.7836289267379531
2016-05-12,45.42653274536133,45.691104651757364,44.90621315451215,45.15314670953702,24102800,0.7848914972452121,0.7351247892245267
2016-05-13,45.04731369018555,45.77046917480704,45.01203699235741,45.36479387812559,22592300,0.7584321824496314,0.7578021787855498
2016-05-16,45.708740234375,45.82338446508587,44.75628950305455,44.80038369672576,20032000,1.0670949620313195,0.7546525966112304
2016-05-17,44.8561897277832,45.93963078980075,44.722981927049055,45.930751624832304,27803500,1.216648862751697,0.7817130026650203
2016-05-18,45.12261962890625,45.415679549550475,44.669704222862705,44.829556320560215,24907500,0.7459753266877698,0.7587758900080382
2016-05-19,44.68745422363281,44.95387318735643,44.243421488193135,44.82066539934508,23842400,0.7104516991632934,0.7528289465250297
2016-05-20,44.95389938354492,45.48674100919829,44.75852716973796,44.829570687203336,23905800,0.7282138394603308,0.7437412424112573
2016-05-23,44.429931640625,45.00717577545901,44.38552902741521,44.936128884161555,26118700,0.6216467480438013,0.7371204481047242
2016-05-24,45.815303802490234,45.92187072445213,44.75850697275649,45.024925971511905,34757900,1.163363751695634,0.7824221165586503
2016-05-25,46.28598403930664,46.614570792448696,45.99292411545506,46.108370219065336,24040200,0.6216466769936346,0.790919650986461
2016-05-26,46.081729888916016,46.16165593960592,45.611056139132046,46.117253330934176,24335200,0.5505998004738757,0.78426358789765
2016-05-27,46.46360778808594,46.46360778808594,45.97517221882779,46.108380071696786,17721400,0.4884355692581508,0.7819861616445597
2016-05-31,47.067474365234375,47.067474365234375,46.25045568159483,46.41030436464067,37653100,0.8170186836395459,0.7830213055160742
2016-06-01,46.93427276611328,47.02308137228447,46.57016595006621,46.57016595006621,25324800,0.4529154222182612,0.7662382158651541
2016-06-02,46.605690002441406,46.83658899380625,46.03732846631561,46.747780386472854,22840800,0.7992605274906452,0.7672645751683993
2016-06-03,45.992919921875,46.55239883122498,45.82418528356495,46.516878780576874,23368300,0.728213547660026,0.7651061012548561
2016-06-06,46.29487228393555,46.49024446128369,46.08173499590763,46.17054361079521,18243300,0.40850946537605637,0.7180642800651944
2016-06-07,46.268211364746094,46.82769358035595,46.268211364746094,46.392543380871324,20866800,0.5594822156098544,0.6711238052693486
2016-06-08,46.214927673339844,46.570151827193484,46.06395478248385,46.197165957492025,21149400,0.5061970447096371,0.6539967851280534
2016-06-09,45.841949462890625,46.179415369919596,45.726503363611066,46.179415369919596,20305700,0.4529120063085301,0.6356010927812845
2016-06-10,45.71762466430664,46.22382187367847,45.32687695165004,45.335756118611826,25833200,0.8969449220284247,0.6476533129647198
2016-06-13,44.52761459350586,45.04269433644784,43.568505378916555,44.03029995916395,83217800,1.4741889575312825,0.7085491850709685
2016-06-14,44.2523078918457,44.4920826086769,44.021408952206535,44.31447220920212,42577100,0.4706736564703675,0.6590713211263066
2016-06-15,44.12797927856445,44.5098477647989,44.12797927856445,44.207905319583325,33757600,0.38186848623444547,0.6419443075006502
2016-06-16,44.74962615966797,44.820673035539166,43.968127463592275,43.977010016926926,31188600,0.8525455719468908,0.6635118626058656
2016-06-17,44.51872634887695,44.78514533261931,44.243424812645856,44.76738361534299,45710500,0.5417205199734525,0.6673179305141014
2016-06-20,44.46544647216797,45.140378257933136,44.429923033401046,44.97164361764106,35607900,0.7104552245320903,0.6597062548635689
2016-06-21,45.460079193115234,45.67321643871556,44.545372661921526,44.58089610080518,34097800,1.1278437767940375,0.707915423047553
2016-06-22,45.28247833251953,45.699866970551064,45.24695488613744,45.362404393028086,28816800,0.45291208441362585,0.6831762485420515
2016-06-23,46.099491119384766,46.23270233168442,45.42456266673107,45.5400087705088,29028800,0.8081396649533517,0.6888852569201462
2016-06-24,44.2523078918457,45.238057804655135,43.97700635233784,44.23454617435798,133503000,1.2610514523172967,0.7497811131302348
2016-06-27,43.0090217590332,43.64843014170137,42.66267668098854,43.6040241469147,50216300,0.9857534607128287,0.7802290592090186
2016-06-28,43.90597152709961,43.932615804491114,43.2221604608881,43.44417690883851,38140700,0.7104553436030159,0.7948189377014029
2016-06-29,44.88283920288086,45.04269129245991,44.22566912486681,44.32335688935419,31304000,0.8170221675930947,0.820826806364586
2016-06-30,45.442325592041016,45.55777509518739,44.84732312909855,45.0426986901613,28527800,0.71045196608884,0.80750588094033
2016-07-01,45.43343734741211,45.93075531816596,45.353511305464195,45.40679646266331,21400400,0.5772440127017617,0.7434383848810785
2016-07-05,45.442325592041016,45.540013372572396,45.0604604127763,45.14038647069268,24806400,0.479552959796095,0.7440726208329161
2016-07-06,45.628822326660156,45.770912720939855,44.74963568300924,45.09598080733462,28167500,1.0212770379306164,0.7897446602397855
2016-07-07,45.628822326660156,45.83307705670584,45.35352070562352,45.66434238445342,19585200,0.47955635108232286,0.7631025730351736
2016-07-08,46.445831298828125,46.499116455658445,45.77978208310583,45.9396341658953,28391000,0.7193343725526162,0.7757892767908281
2016-07-11,46.7033805847168,46.916517867429924,46.59681363721132,46.623454527162146,22269200,0.31970423021860483,0.747878491482722
2016-07-12,47.25397491455078,47.42270956507503,46.88098894798476,47.01419676988615,27317600,0.5417206170902702,0.7060125515038814
2016-07-13,47.52039337158203,47.83121839433127,47.22733345678035,47.56479936604745,25356800,0.603884937550923,0.7167963267279741
2016-07-14,47.724647521972656,47.946663925170384,47.58255715943417,47.813452728171164,24545500,0.36410676573621714,0.6850796910696074
2016-07-15,47.68912124633789,47.95554023677975,47.25396763137856,47.911137636322984,32024400,0.7015726054011893,0.6451169162898854
2016-07-18,47.92002868652344,48.257494631555886,47.55592185214968,47.68913307426046,31433900,0.7015727794062059,0.6248182961965553
2016-07-19,47.14741134643555,47.86674583179941,47.00532096030587,47.69801116922528,53336500,0.86142487149354,0.6356018339030213
2016-07-20,49.6517448425293,50.47764607633514,49.31427898444596,49.86488206545068,89893300,1.163367091889178,0.6603407570670272
2016-07-21,49.55406188964844,49.93593038474863,49.51853845110387,49.713913975397425,32776700,0.41739193364475824,0.6394078976067357
2016-07-22,50.23787307739258,50.29115823546443,49.536300407436954,49.802722810094636,32157200,0.7548578280274754,0.6520945987014295
2016-07-25,50.37995910644531,50.38884165920989,49.96256720674375,50.14906355008567,25610600,0.4262744524661386,0.648288991035004
2016-07-26,50.406612396240234,50.877289565276186,50.18459595029754,50.193478505248436,28079000,0.6926936149786442,0.6248187465384346
2016-07-27,49.9004020690918,50.442122596994885,49.8293585866478,50.2733913619518,32327500,0.6127640103470853,0.6343335793430604
2016-07-28,49.91817092895508,50.060261301874704,49.48302064400823,49.73167794969214,37550400,0.5772406578664757,0.6241840282940504
2016-07-29,50.33555221557617,50.40659569313123,49.77607000863823,49.96256294838388,30558700,0.6305256844930014,0.6463855607422216
2016-08-01,50.24675369262695,50.39772321978777,49.85600265724329,50.264512023597625,26003400,0.5417205625444836,0.646385556846094
2016-08-02,50.24675369262695,50.53093441597792,50.00697557210555,50.486528425446906,35122000,0.5239588438723644,0.6406765501547683
2016-08-03,50.59309768676758,50.7174263271889,50.16682661059387,50.33555785292262,22075600,0.5505997165950305,0.6539974752161122
2016-08-04,50.96608352661133,51.081533001547285,50.32667521952157,50.442124694457526,26587700,0.7548577820257165,0.6578035592607213
2016-08-05,51.4722900390625,51.69430647648534,51.01937799730878,51.196991824787446,29335200,0.6749284791765575,0.6559003949586035
2016-08-08,51.56110382080078,51.58774471190029,51.31244308229679,51.56110382080078,19473500,0.27530162960350424,0.6140344491093153
2016-08-09,51.68543243408203,51.95185150786394,51.52558031227242,51.658788155312216,16920700,0.42627119559152504,0.5613847422309115
2016-08-10,51.52556228637695,51.791981266953854,51.34794850342531,51.64989091813276,15756900,0.44403276352854704,0.5632876586511821
2016-08-11,51.77422332763672,51.907434521495595,51.53444521131156,51.53444521131156,18162300,0.3729893101840389,0.5360113359480795
2016-08-12,51.454524993896484,51.67654141697842,51.17034424336775,51.53445104171405,21655200,0.5061971736106656,0.5417201017441171
2016-08-15,51.61437225341797,51.95183813343945,51.47228189146705,51.51668449438269,19283900,0.47955624197240354,0.5264960036722428
2016-08-16,51.32843017578125,51.48927859703345,51.17651967171897,51.48034408866016,20523500,0.31275892531447624,0.5050670690270564
2016-08-17,51.4356689453125,51.54290009866477,51.140779012572644,51.417796518284305,18856400,0.40212108609212294,0.49255852818603124
2016-08-18,51.471397399902344,51.56075951248959,51.17651095040454,51.31054900606134,14214300,0.3842485620850482,0.47496730515689173
2016-08-19,51.48926544189453,51.58756205296975,51.11395482740634,51.31948255564736,17271000,0.4736072255634127,0.47010206680110095
2016-08-22,51.53395080566406,51.60544049799694,51.167574654498466,51.471399029280875,15221900,0.43786584349847146,0.46395256677439434
2016-08-23,51.73053741455078,51.989682402789,51.69479257296984,51.73947532935387,18732400,0.29488982981916223,0.4456875748618323
2016-08-24,51.78416061401367,51.86458481238362,51.57863286458295,51.65011914712507,18151500,0.2859519478006689,0.4121943009886146
2016-08-25,51.98074722290039,52.08798175328524,51.632243521189366,51.72160562984341,18552600,0.45573823209587516,0.3965378547685659
2016-08-26,51.85563659667969,52.45435071202824,51.55181228638686,52.0790367245769,20971200,0.9025384256413744,0.4413404830569852
2016-08-29,51.91820526123047,52.36500566247623,51.91820526123047,51.989694961661726,16417200,0.4468004012457598,0.4428068548894305
2016-08-30,51.73053741455078,51.99861690877638,51.480330341115646,51.81096160370003,16930200,0.5182865676607307,0.44811069804172937
2016-08-31,51.34629821777344,51.65012260877632,51.20332223429069,51.51608454172043,20860300,0.44680037448563326,0.45338291692041466
2016-09-01,51.46247863769531,51.66800644630194,50.94418845256958,50.94418845256958,26075400,0.7238179937323608,0.4689272612148215
2016-09-02,51.53395080566406,51.99862357937929,51.31055063034806,51.53395080566406,18900500,0.6880729490312305,0.4838213117190234
2016-09-06,51.4803352355957,51.65011813602365,51.122893603434086,51.63224571353397,16278400,0.5272245325895639,0.49914028366724394
2016-09-07,51.525028228759766,51.68587666493582,51.301628001717134,51.355245283381464,17493400,0.3842486632186848,0.4978636820334269
2016-09-08,51.31949234008789,51.64118916173494,51.09609214825704,51.498213175315854,20146100,0.5450970134778998,0.5093528571329163
2016-09-09,50.22929763793945,51.39991585457132,50.22929763793945,50.747587712251935,35113900,1.1706182166318655,0.5591393564949486
2016-09-12,50.979923248291016,51.12289923514272,49.693139366625694,50.04164312152569,29303000,1.4297598685170243,0.6299889297105595
2016-09-13,50.515228271484375,50.622462771178306,50.08630049915341,50.48842135096835,30130200,0.536162272024896,0.6472226755823977
2016-09-14,50.27397155761719,50.604606255677346,50.06844381517806,50.390140597714435,24062500,0.5361624404992895,0.6650948536322991
2016-09-15,51.10502243041992,51.247998405017,50.02376640947846,50.17568029994693,26847000,1.2242319955385383,0.7199872653067751
2016-09-16,51.15863037109375,51.49819952715188,50.71183010584402,51.49819952715188,44607000,0.7863694213078603,0.7116894792829527
2016-09-19,50.8726921081543,51.60544446683961,50.801202410323334,51.17651650630307,20937100,0.8042420565162729,0.7372210260879893
2016-09-20,50.76545715332031,51.247998942132774,50.71183988397841,51.247998942132774,17384000,0.5361590581543609,0.7384976325518201
2016-09-21,51.614376068115234,51.69480026923795,51.00673071485226,51.39097588819836,33707300,0.6880695543856916,0.7557311454018242
2016-09-22,51.66799545288086,51.82884386170871,51.49821253636984,51.757354164977954,19822200,0.33063132533887085,0.7276463833737178
2016-09-23,51.31949234008789,51.748420299345156,51.274812983485006,51.71267545053628,19955300,0.4736073158601499,0.7123274095757834
2016-09-26,50.845882415771484,51.06034467998973,50.78333063797314,51.006730818343286,21688700,0.27701404201659585,0.6944552316777143
2016-09-27,51.78416061401367,51.88245723522317,50.64928732982273,50.87268750209301,28065100,1.2331699054004446,0.7550924632621258
2016-09-28,51.85563659667969,51.88244693002184,51.53393986709724,51.721598565230614,20536400,0.34850706292460387,0.7410503239368903
2016-09-29,51.29269027709961,51.980759933498575,51.12290393354787,51.659066490129604,25463500,0.8578559999507078,0.7187101656025219
2016-09-30,51.471397399902344,51.62331128689264,51.23906272480759,51.44459047053419,29910800,0.3842485620850482,0.6440307865716665
2016-10-03,51.310546875,51.42671591213059,50.98885350949481,51.30161236852037,19189500,0.4378624026357798,0.6370093673295868
2016-10-04,51.14970779418945,51.47140119678571,50.90843518563003,51.176514725535064,20085900,0.5629660111556802,0.6389239080907575
2016-10-05,51.507137298583984,51.793089213770436,51.167568120994176,51.194378456603715,16726400,0.6255210927762604,0.5961588436077376
2016-10-06,51.596519470214844,51.703750627911646,51.185460449545864,51.596519470214844,16212600,0.5182901783657812,0.577010326254732
2016-10-07,51.650123596191406,51.81097200678654,51.31055435062208,51.69480295273086,20089000,0.5004176561644655,0.55530858337246
2016-10-10,51.86457824707031,52.17733708513146,51.71266437657227,51.74840921772659,18196500,0.46467270855919196,0.5502024155442337
2016-10-11,51.10502243041992,51.84671264220338,50.8369429041524,51.73054359758821,26497400,1.0097697380509771,0.5731810000917541
2016-10-12,51.033538818359375,51.17651480043908,50.39908311093171,51.033538818359375,22177500,0.7774316895073667,0.6050953118180752
2016-10-13,50.86375427246094,51.203323520065574,50.32759517314113,50.66716442074576,25313700,0.875728346924447,0.6338182426083822
2016-10-14,51.310546875,51.596502214586664,51.042467366004395,51.042467366004395,27402500,0.554034848582269,0.6536054430773588
2016-10-17,51.131832122802734,51.346294377579035,50.819069838764506,51.25693567289159,23830000,0.5272245388145294,0.6031807740355077
2016-10-18,51.525028228759766,51.784173310245286,51.301628001717134,51.40885915622886,19149500,0.48254530852815236,0.6127549344357612
2016-10-19,51.40885543823242,51.68587292690489,51.292689782919794,51.355241569262496,22878400,0.3931831439850981,0.5795640161525034
2016-10-20,51.15863037109375,51.399902923386456,50.63140592174645,51.38203050371861,49455600,0.7684970016400072,0.6070103332635719
2016-10-21,53.312217712402344,54.018163084667,53.16030722938689,53.8662491928354,80032200,0.8578558552801141,0.63700986559531
2016-10-24,54.509647369384766,54.509647369384766,53.55349481118448,53.562429319070716,54067000,0.9561525582002872,0.6650946189556391
2016-10-25,54.500709533691406,54.84027535369769,54.33092321487203,54.37560256920799,35137200,0.5093521388256619,0.6567968365305964
2016-10-26,54.17901611328125,54.68836828392944,54.0360401251838,54.33986452599294,29911600,0.6523281587456395,0.6663709779863005
2016-10-27,53.70540237426758,54.35773390528361,53.69646786686922,54.16114065435734,28479900,0.6612660384143894,0.6778601481470093
2016-10-28,53.49987030029297,54.08071209000267,53.240728700849786,53.624973846675736,33574700,0.8399833891528843,0.7046680539037017
2016-10-31,53.544559478759766,53.99135988859781,53.544559478759766,53.75902517536134,26434700,0.4468004098380476,0.6644559590313496
2016-11-01,53.43732833862305,53.63392160978692,52.94584856952997,53.589242250563295,24533000,0.6880730402569455,0.6580731983706052
2016-11-02,53.106689453125,53.55348979958655,52.99052040857649,53.45519317795443,22147000,0.5629693910100642,0.6357332729481493
2016-11-03,52.910091400146484,53.29433993587916,52.82073270250364,53.19604332318254,21600400,0.47360723337551747,0.6299884432905242
2016-11-04,52.46329116821289,52.972643244889454,52.29350827892597,52.40967731307797,28697000,0.6791349659634847,0.6408391880868781
2016-11-07,53.99135971069336,54.080721837656476,53.419455733395765,53.419455733395765,31664800,0.6612661042607115,0.6536049592106323
2016-11-08,54.036041259765625,54.31305532506158,53.75008927756666,54.10752755090711,22935400,0.5629660474949247,0.6657323094613342
2016-11-09,53.767967224121094,54.1432813936039,52.90117662547149,53.61605669970413,49632500,1.242104768132407,0.6995614356393628
2016-11-10,52.4543571472168,54.05390307731151,51.49820475521959,54.04496516216246,57822400,2.5556983220919207,0.8208358975544918
2016-11-11,52.74030685424805,52.82966554908366,51.83776835585611,52.03436157507331,38767800,0.991897193227544,0.8233890857707244
2016-11-14,51.93606185913086,52.7939209587958,51.18543727743372,52.740303699811896,41328400,1.608483681362081,0.9018984816661829
2016-11-15,52.96164321899414,53.519420777258865,52.466843424660475,52.47584171886936,35904100,1.0525773525983908,0.9304877097985224
2016-11-16,53.66337203979492,53.6723669037427,52.907676489942304,53.02462688048494,27332500,0.7646904138003947,0.937875165183237
2016-11-17,54.554012298583984,54.83290113270859,53.95125687779632,54.347096104947425,32132700,0.881644254912274,0.9408509413089077
2016-11-18,54.29311752319336,55.003831916476216,54.24813633806603,54.67996189260836,27686300,0.7556955784101831,0.9629148819212031
2016-11-21,54.751930236816406,54.85089089543578,54.3560876023389,54.428060238369056,19652600,0.4948032930968793,0.9491098999811983
2016-11-22,54.98583984375,55.11178853733573,54.70695443133719,54.85989115016428,23206700,0.404834105998539,0.9378145224803751
2016-11-23,54.338104248046875,54.967847727947316,54.203157255585594,54.88688021883946,21848900,0.7646904723617212,0.9586061824079611
2016-11-25,54.455055236816406,54.455055236816406,54.0952023060999,54.24813902948938,8409600,0.3598529307165066,0.9358003227474627
2016-11-28,54.52703094482422,54.89588219283749,54.167174562050135,54.28412840122843,20732600,0.7287076307873548,0.940617574642223
2016-11-29,54.958858489990234,55.246742233659525,54.44606535708901,54.5630192004062,22366700,0.8006768765705132,0.9575969195761935
2016-11-30,54.21214294433594,55.039811056442105,54.17616006003532,54.75192739097318,34655400,0.8636509964067827,0.9305645073100776
2016-12-01,53.258541107177734,54.113197425299525,53.02463343349653,54.077211101372455,34542100,1.0885639918029923,0.8257691980037255
2016-12-02,53.30352020263672,53.50144154461737,52.898682653969296,53.150583479720474,25515700,0.6027588906480759,0.7979736049623349
2016-12-05,54.176170349121094,54.509035257066174,53.58240974734449,53.708358445926706,23552700,0.9266255097216813,0.7492694498451635
2016-12-06,53.933258056640625,54.392071580137824,53.79831108581226,54.365083558709756,19907000,0.593760494325565,0.7164968171113902
2016-12-07,55.21074295043945,55.2197412457301,53.798312592090966,53.98723561106504,30809000,1.4214286536391327,0.7634066913855858
2016-12-08,54.886871337890625,55.39966776716392,54.73393464090197,55.14776698411787,21220800,0.6657331262619479,0.7479844679105625
2016-12-09,55.75054168701172,55.76853485035444,54.994845985842325,55.03982717827664,27349400,0.7736888645121169,0.7492697026321292
2016-12-12,55.93046188354492,56.04741571978729,55.52562775289277,55.61559013040553,20198100,0.5217879668945216,0.7511971793319608
2016-12-13,56.65917205810547,57.055011341643656,55.9934421979801,56.227346449197015,35718900,1.0615691436635544,0.7981068248794619
2016-12-14,56.389278411865234,57.08199969423118,56.2543314149953,56.677162135466055,30352700,0.8276682792358798,0.8026052396561875
2016-12-15,56.299312591552734,56.81210565734126,56.047411774926374,56.40726812333862,27669900,0.764693882414889,0.8315224504917863
2016-12-16,56.04741668701172,56.632182446470296,55.885481659218414,56.632182446470296,42453100,0.746700787251882,0.8328076759535382
2016-12-19,57.23493194580078,57.369878932119306,56.15536635078586,56.28131847287722,34338200,1.2145125813334445,0.8623673691508904
2016-12-20,57.162967681884766,57.39687192231601,56.70415063418292,57.297911248033465,26028400,0.692721288133086,0.8501581042741978
2016-12-21,57.162967681884766,57.30690954488354,56.78511814661003,57.06400700760222,17096300,0.521791398273507,0.8096743475935203
2016-12-22,57.17196273803711,57.666762679259406,57.04601403647268,57.43285843804614,22176600,0.6207486427867295,0.8109593298891384
2016-12-23,56.89308166503906,57.16297225075274,56.49723893627035,57.082004731854134,12403800,0.665733314482388,0.7923241730863317
2016-12-27,56.92906188964844,57.63977636310777,56.866087536997085,56.866087536997085,11763200,0.7736888261106856,0.805176196785269
2016-12-28,56.66816711425781,57.03701834859445,56.52422525285436,57.03701834859445,14653300,0.5127930957400935,0.7402736569353375
2016-12-29,56.587188720703125,56.857079229952596,56.43424859196055,56.551202404311454,10250600,0.4228306379920497,0.7229234792017734
2016-12-30,55.903465270996094,56.66815908979166,55.80450461182362,56.6411676352074,25579900,0.8636544779680406,0.7293495944486251
2017-01-03,56.299312591552734,56.53321681572955,55.89447505755009,56.488235630139144,20694100,0.6387417581794637,0.7377034366832638
2017-01-04,56.04741668701172,56.45225425649498,55.885481659218414,56.209351714805024,21340000,0.566772597276568,0.7023608262270505
2017-01-05,56.04741668701172,56.37128674259833,55.80451414532176,55.94845601093305,24876000,0.566772597276568,0.6837254203728139
2017-01-06,56.5332145690918,56.812103399620426,55.81350533271314,56.047409547594576,19922900,0.9985980669072845,0.7004328621222707
2017-01-09,56.35327911376953,56.74912171646604,56.26331675779881,56.46123462730317,20382700,0.48580495866723084,0.6817974457947956
2017-01-10,56.33530044555664,56.74013801523625,56.02942355200369,56.4342611216833,18593000,0.7107144632325557,0.6458118659304465
2017-01-11,56.848087310791016,56.88407363121877,56.16436438188574,56.32629939196622,21517300,0.7197092493330288,0.6477395774447281
2017-01-12,56.3263053894043,57.03701985022711,55.73254476650233,56.73114295771126,20968200,1.3044750837247818,0.703645554976962
2017-01-13,56.407264709472656,56.56020141759295,56.09238956570762,56.335292071408325,19422300,0.4678118518853296,0.6927214984840049
2017-01-17,56.25433349609375,56.40727366032726,55.80451473234607,56.38928049795597,20664000,0.602758927981192,0.6882233280196337
2017-01-18,56.22734451293945,56.40727270174981,55.88548129738425,56.38028124272917,19670100,0.5217914043655583,0.670230655037839
2017-01-19,56.04741668701172,56.659170473820915,55.95745430794645,55.99344063231047,18451700,0.7017161658744655,0.6837251600474369
2017-01-20,56.443267822265625,56.515237049898936,56.11039941994502,56.380290029299196,30213500,0.40483762995391714,0.6824399451875703
2017-01-23,56.641178131103516,56.785119998797306,56.29032004309019,56.407273883042905,23097600,0.49479995570711566,0.6560931935975043
2017-01-24,57.14497756958008,57.34289892870727,56.62318614346108,56.85709382821957,24672900,0.7197127852461875,0.6618768383879845
2017-01-25,57.28891372680664,57.666759812717686,57.08199752282994,57.53181625282569,23672700,0.5847622898877489,0.6631618164316403
2017-01-26,57.81969451904297,58.06260046844311,57.1719579040722,57.6847543956972,43554600,0.890642564370907,0.6862953855098074
2017-01-27,59.178157806396484,59.29511508236867,58.37748092428033,58.82729970585974,44818000,0.9176341580883403,0.680512249165597
2017-01-30,58.59337615966797,59.18714008522538,58.296501060577306,59.09717772599524,31651400,0.890639024648074,0.7094289681642287
2017-01-31,58.16156768798828,58.61138645299409,57.81070960037893,58.35049074564796,25270500,0.8006768526151617,0.7158548531201292
2017-02-01,57.19895553588867,58.13457938633462,57.099994858958546,57.90067170780073,39671500,1.0345845273760759,0.7383459444089182
2017-02-02,56.83010482788086,57.046019359169236,56.45225868793251,56.90207748225867,45827000,0.5937606712367227,0.6875806292311998
2017-02-03,57.28891372680664,57.306906887827815,56.74013432711669,57.1269787094606,30301800,0.5667725607111223,0.694649251290185
2017-02-06,57.252933502197266,57.26193179958845,56.80311472429585,57.126984793480055,19796400,0.4588170752926004,0.6843676903838569
2017-02-07,57.064002990722656,57.37887472141639,56.88407481667861,57.34289183208316,20277200,0.4947999047377749,0.6824397261247296
2017-02-08,56.98303985595703,57.405870582625106,56.87508431598562,57.18995607083754,18096400,0.5307862666394882,0.6702304476079455
2017-02-09,57.630775451660156,57.972642090850556,56.96504563044681,57.144973814936385,22644400,1.0075964604037466,0.7132846497829333
2017-02-10,57.576805114746094,57.84669913419748,57.558811951326334,57.80171450972557,18170700,0.28788718287114534,0.6985051660089354
2017-02-13,58.22453689575195,58.35048558972943,57.6937472308277,57.792707899479865,22920100,0.6567383589017339,0.6940069926986173
2017-02-14,58.4417610168457,58.5775261301957,57.94395790299588,58.29694995982608,23108400,0.6335682271998238,0.6974931310780512
2017-02-15,58.405555725097656,58.44176021518106,58.070676276101885,58.378404083860204,17005200,0.3710839390791776,0.6603818007000706
2017-02-16,58.39649963378906,59.04816660850575,58.3240975629428,58.59562086554139,20546300,0.7240690455629561,0.6465557212339716
2017-02-17,58.487022399902344,58.55037853647241,58.197393360539046,58.351257277166205,21248800,0.3529851759333624,0.6081518748972066
2017-02-21,58.369361877441406,58.78570323136105,58.33315738075687,58.47797536749501,20655900,0.4525458506041744,0.5832853747535646
2017-02-22,58.251678466796875,58.27883010180971,57.97110236459916,58.22452683178405,19292700,0.30772773721054847,0.5313670325988841
2017-02-23,58.487022399902344,58.58658302955544,58.09783273088595,58.30599993448716,20273100,0.48875029866949404,0.5238662917012249
2017-02-24,58.487022399902344,58.649939166125506,58.052575388206904,58.405560564140266,21796800,0.5973637779186021,0.5260513786446163
2017-02-27,58.134037017822266,58.414613206594616,57.97112025217681,58.414613206594616,15871500,0.4434929544178061,0.524956798582131
2017-02-28,57.90774917602539,58.10686694247604,57.70862795692494,57.99826039045732,23239800,0.39823898555109594,0.5180595900687968
2017-03-01,58.776649475097656,58.82189991096355,57.94395997261621,58.043520598942244,26937500,0.877939938347339,0.5428562809050719
2017-03-02,57.934906005859375,58.604671749512725,57.81724314989059,58.550368471873206,24539600,0.7874285996221388,0.527130005134957
2017-03-03,58.15213394165039,58.17928558416803,57.581925280227516,57.91681165031338,18135900,0.597360303940512,0.5492352280684832
2017-03-06,58.17021942138672,58.43269674781814,57.753881671686194,57.898696153053606,18750300,0.6788150761319471,0.5508121364420698
2017-03-07,58.287899017333984,58.63183133114286,58.09783061454744,58.09783061454744,18521000,0.5340007165954219,0.5437001713988983
2017-03-08,58.82189178466797,58.90335360645377,58.1521260407949,58.161178888837725,21510900,0.7512275656588727,0.5708532875831622
2017-03-09,58.586570739746094,59.01195790731031,58.36029788441852,59.002911964912876,19846800,0.6516600228917895,0.5656812145352218
2017-03-10,58.7675895690918,59.06627141220469,58.60467282787567,58.930506310307926,19538200,0.4615985843290247,0.5734393151349119
2017-03-13,58.568477630615234,59.00292464453786,58.44176535682551,58.84000787747951,20100000,0.5611592877123499,0.5811974177854958
2017-03-14,58.29693603515625,58.423648269269925,58.06161035524563,58.40554257565434,14280200,0.36203791402429886,0.5850767161293352
2017-03-15,58.60466766357422,58.75853154302528,58.1521219673304,58.42365214719642,24833800,0.606409575694876,0.5934809502025767
2017-03-16,58.50510787963867,58.61372133417034,58.19738011641474,58.604668486634516,20674300,0.4163412177556012,0.580550767333791
2017-03-17,58.713287353515625,59.04816678491771,58.54131776097938,58.74949184169694,49219700,0.5068490239383294,0.5850762008709712
2017-03-20,58.7675895690918,58.99386243715309,58.5775211885563,58.74949077797886,14598100,0.4163412485967939,0.5863692196599496
2017-03-21,58.115928649902344,59.28349759919431,58.0435196673182,59.002921423306546,26640500,1.239977931876112,0.6122290763405763
2017-03-22,58.85810470581055,58.95766533264907,58.03447495368368,58.03447495368368,20680000,0.9231903789653941,0.6219263462936659
2017-03-23,58.713287353515625,59.04816678491771,58.622772680412304,58.77664348150791,19269200,0.4253941045054077,0.6096430463340157
2017-03-24,58.81285095214844,59.238238172925605,58.61372970970358,59.15678324936202,22617100,0.6245084632220284,0.6057640025547357
2017-03-27,58.92145538330078,59.03006884941964,58.24263675698326,58.49606127262711,18614700,0.7874320924363829,0.6238662436862329
2017-03-28,59.09343719482422,59.25635397503251,58.51417906637286,58.79475528022542,20080400,0.7421749086596492,0.6232196253291455
2017-03-29,59.256343841552734,59.28349548272729,58.78569237685904,58.93956318568221,13618400,0.4978031058682504,0.6122298455417499
2017-03-30,59.47355651855469,59.717935069493535,59.15677590187427,59.211079177505326,15122800,0.561159167619266,0.6193413157767671
2017-03-31,59.60932540893555,59.90800725452593,59.23823458769296,59.41925702682348,21040300,0.6697726668329693,0.6270994142853829
2017-04-03,59.3287467956543,59.6817319056724,59.00291332405302,59.5640655987999,20400900,0.6788185816193817,0.6497266048278887
2017-04-04,59.49166488647461,59.56406695546865,59.084369585046346,59.183930198375485,12997400,0.47969737042230065,0.6406757330227048
2017-04-05,59.33778381347656,60.05280677387424,59.22917727614439,60.00755635175205,21448600,0.8236294977298471,0.6697677530208652
2017-04-06,59.49166488647461,59.79033982116218,59.26539202078108,59.37399857692207,18103500,0.5249478003810992,0.6710605227667773
2017-04-07,59.446407318115234,59.69983182185029,59.22918730138517,59.60027120891154,14108500,0.47064452046512173,0.6749393279002293
2017-04-10,59.31062698364258,59.57310426803391,59.15676313236775,59.38303593905358,17952700,0.4163411356661584,0.616108128170947
2017-04-11,59.26538848876953,59.383047886010125,58.69517648181259,59.37399503843795,18791500,0.6878714041975371,0.5992996299732428
2017-04-12,59.03911590576172,59.29254039654281,58.93050245029862,59.211078578620615,17108500,0.36203794624419317,0.5947741900974418
2017-04-13,58.78568649291992,59.60932302104479,58.78568649291992,59.093421174464275,17896500,0.8236365281248652,0.6089976233047872
2017-04-17,59.26538848876953,59.27443443104227,58.83999442176973,58.86714605918684,16689300,0.4344400092725422,0.5837839030787987
2017-04-18,59.183956146240234,59.473585265097284,58.97578888550389,59.12965284436169,15155600,0.49779637959339595,0.5663282938597806
2017-04-19,58.867164611816406,59.50977888597938,58.73139947664358,59.419271097631366,26992800,0.7783794093357983,0.5863694583931769
2017-04-20,59.28348159790039,59.50975442842673,58.95764816951856,59.247277116380324,22299500,0.552106258908168,0.5857228220566698
2017-04-21,60.098087310791016,60.36961066428069,59.2382460948204,59.43736736389362,32522600,1.1313645694602954,0.618693672244336
2017-04-24,61.1208381652832,61.23850449945639,60.73164847864384,61.07558772585616,29770000,0.506856020812549,0.6064106321867051
2017-04-25,61.47381591796875,61.58242938899218,61.184186900540055,61.45571712544841,30242700,0.3982424884521265,0.6005924263316926
2017-04-26,61.39236068725586,61.82680075858029,61.20229229288886,61.61863357178329,26190800,0.6245084656914273,0.5863694954718055
2017-04-27,61.79059982299805,61.8901604503415,61.16609132138102,61.68199325156943,34971000,0.7240691289604797,0.6005924475131899
2017-04-28,61.96255874633789,62.57802119770299,61.26564138045224,62.369854034839584,39548800,1.3123798172507506,0.6607163972835919
2017-05-01,62.82240295410156,62.949115208903294,61.99876639259031,62.16168313523539,31954400,0.9503488163129816,0.6988598030440792
2017-05-02,62.72285079956055,63.09393476573553,62.56897997914563,63.09393476573553,23906100,0.5249547865899018,0.687222901786391
2017-05-03,62.523719787597656,62.79524308273706,62.1888334610959,62.79524308273706,28928000,0.6064096216411556,0.7046780214576026
2017-05-04,62.27933883666992,62.523717388749134,62.12547495146424,62.47846005531237,21749400,0.3982424372848925,0.6742927292547475
2017-05-05,62.45131301879883,62.47846465874159,61.989714423871504,62.36080525055624,19128800,0.4887502348700892,0.6781720310831437
2017-05-08,62.396995544433594,62.49655613844177,61.92634420815885,62.424147178199725,18566100,0.5702119302829161,0.6833445704181094
2017-05-09,62.48752212524414,62.70474216613984,62.16168861125029,62.32460536824721,22858400,0.5430535548895463,0.6665355808148057
2017-05-10,62.73188018798828,62.95815302883983,62.378895108683786,62.44225122791026,17977800,0.5792579201560457,0.6684749851896541
2017-05-11,61.96255874633789,62.206937300498836,61.65483097330516,61.87205098399295,28789400,0.5521063271936768,0.6270993964563242
2017-05-12,61.890167236328125,62.0983413632264,61.58243937647159,62.0983413632264,18714100,0.5159019867548125,0.6277455368807716
2017-05-15,61.935401916503906,61.980659246532554,61.15702279604475,61.672924593995674,31530300,0.823636450487804,0.65813081988332
2017-05-16,63.18250274658203,63.209810020106254,62.04465338386342,62.108372670380405,34956000,1.165156636242834,0.6967485463512776
2017-05-17,61.42567443847656,62.900323041173415,61.38015767757838,62.70916514618985,30548800,1.5201653635950336,0.7536125631108886
2017-05-18,61.6350212097168,62.017336914945076,61.11616219694095,61.35283680036465,25201300,0.9011747180041283,0.7242407703075584
2017-05-19,61.61680603027344,61.9900169197669,61.380131475424115,61.44385074655128,26961100,0.6098854443427868,0.6999219580239731
2017-05-22,62.30862808227539,62.35414483455972,61.44386534792381,61.798873792121306,16237600,0.9102794866359076,0.7274451508844021
2017-05-23,62.51799011230469,62.58170939316432,62.24490351154585,62.55440212206458,15425800,0.33680588161846714,0.7081877408827815
2017-05-24,62.59991455078125,62.70004584559985,62.308625405367394,62.69094805143892,14593900,0.3914204402324586,0.7077004553790361
2017-05-25,63.3736686706543,63.61033636790198,62.727370983772246,62.781985537770595,21854100,0.8829653841297329,0.7358586803261536
2017-05-26,63.683162689208984,63.9198373398349,63.28263742582398,63.537521558357845,19827900,0.637199914010921,0.7406435363067254
2017-05-30,64.0927734375,64.0927734375,63.51018825447997,63.52839773091707,17072800,0.5825851830200293,0.7434672240303313
2017-05-31,63.57391357421875,64.39316646973828,63.54660630184827,64.2020086182639,30436400,0.8465601678900043,0.7625602417256141
2017-06-01,63.810604095458984,64.27484867621821,63.21892091525727,63.93804269490147,21603600,1.055927760960941,0.7985474869947043
2017-06-02,65.32164764404297,65.41267418943073,63.938019152579976,64.12007918823576,34770300,1.4746550368507556,0.8670298477158431
2017-06-05,65.79499816894531,66.35026919438745,65.36716571214093,65.51281375908758,33316800,0.9831034822465199,0.8784203499843228
2017-06-06,66.01345825195312,66.10449174678162,65.78588840464307,65.81320262001998,31511100,0.3186033421385446,0.8179522575483021
2017-06-07,65.89513397216797,66.24103769000408,65.49460876055025,66.12270385242684,22301800,0.7464289294538275,0.7626853693953589
2017-06-08,65.49461364746094,66.0134727353708,65.0849906103834,66.00437493979636,24588300,0.9284821249873971,0.7646358984655924
2017-06-09,64.0108642578125,65.61295837505693,62.436077418693856,65.57654635592836,49187400,3.176880956363078,0.9479927207527561
2017-06-12,63.519290924072266,63.66493895130407,62.01732863142516,63.03684398740724,47761700,1.6476103198789147,1.0006592088415422
2017-06-13,64.31124114990234,64.46598698149414,63.68314614006651,63.73776068183286,25258600,0.7828408414276282,1.032518848827911
2017-06-14,63.96531677246094,64.72085018047873,63.20068557269294,64.54790185379552,25510700,1.5201646077857944,1.1131434322245777
2017-06-15,63.628517150878906,63.91070147910686,62.62721142486055,63.05503681302324,26068700,1.2834900542463146,1.141752337232905
2017-06-16,63.71955108642578,63.74685835428203,63.00953434264354,63.47377873083959,48345100,0.737324011638492,1.1489040584920172
2017-06-19,64.51150512695312,64.57522440868767,64.03815593845574,64.17469924071003,23798300,0.5370684702319295,1.1456528647214388
2017-06-20,63.637638092041016,64.51150550880776,63.60122608156562,64.4659887594933,21512200,0.9102794272421377,1.1502042403894481
2017-06-21,63.96531677246094,64.2839200505768,63.66492991248305,63.910702242442994,19891100,0.6189901380937428,1.1189944101846483
2017-06-22,63.956241607666016,64.25662857391723,63.45558508911124,64.21111876442784,22965700,0.8010434848059873,1.0708792993243077
2017-06-23,64.82099914550781,64.857411157087,63.64673781538324,63.80148365593395,27617300,1.2106733417037603,1.0871342892855391
2017-06-26,64.2020034790039,65.27613342384036,64.12008166845018,64.99394903875908,19607000,1.1560517553901803,1.1469520330892276
2017-06-27,63.00043487548828,63.883406982733426,62.973127605347585,63.81968770411164,25215100,0.9102793773858409,1.1586556365129428
2017-06-28,63.53750991821289,63.57391498559436,62.618125707003415,63.00044141843979,25806200,0.9557892785909416,1.1606061474846245
2017-06-29,62.34504318237305,63.255322714084826,61.980929980712,63.155191410006,28918700,1.274392733372828,1.0247141315567494
2017-06-30,62.74556350708008,63.155186486463734,62.57260818717619,62.60902019899181,24161100,0.5825782992875403,0.9486404158002227
2017-07-03,62.05373001098633,63.35542951570232,61.91718674506079,63.109657192939544,16165500,1.43824277064153,0.9954548393155014
2017-07-05,62.88209915161133,63.20980027313317,62.09925835518474,62.135670362562756,21176300,1.1105419179484315,0.9661960757556898
2017-07-06,62.41786193847656,62.60901979060078,62.00823896176483,62.144775324081344,21117600,0.6007808288359513,0.9174311310835209
2017-07-07,63.228004455566406,63.57390811737031,62.53619018707814,62.53619018707814,16878300,1.0377179302921675,0.9388878395587835
2017-07-10,63.70134735107422,63.947119702010994,62.991323675843965,63.22799823425405,15014500,0.9557960261670289,0.9687969506970049
2017-07-11,63.7104377746582,64.3385326303423,63.49197271632942,63.7195425110116,17460000,0.8465599140128788,0.964245556894915
2017-07-12,64.766357421875,64.88469120118866,64.22019136714383,64.34762988175183,17750900,0.6644998340448325,0.96749624946285
2017-07-13,65.33076477050781,65.57654415515658,64.9120369819057,65.08499233074134,20269800,0.6645071732508825,0.9577436557803425
2017-07-14,66.25012969970703,66.6961646347412,65.50370091368075,65.75857801941456,25868100,1.1924637210604487,0.9564429685915344
2017-07-17,66.76898193359375,66.86000847007465,66.1955085033725,66.26833251050904,21803900,0.6644999667021523,0.9213321265423896
2017-07-18,66.72350311279297,66.80542495019242,66.14092467500981,66.53233826909535,26435300,0.6645002751826041,0.9037764763850156
2017-07-19,67.23323822021484,67.3970887928873,66.86002032611836,66.90553707486991,22416200,0.5370684667689432,0.8738678469691585
2017-07-20,67.5609359741211,67.63375999051561,66.70527114368655,67.52452396592383,42361000,0.9284888468290688,0.8491604265017472
2017-07-21,67.16951751708984,67.62465721544805,66.60514179096863,66.86001891086832,46717100,1.0195154244794224,0.8803702211583102
2017-07-24,66.99657440185547,67.13311772518816,66.5687418963579,66.93285511028446,21394800,0.5643758288302507,0.817951153886076
2017-07-25,67.53363037109375,67.64285945350115,66.90553536772879,67.1786219635085,22018700,0.7373240857723573,0.7912927373020706
2017-07-26,67.40618896484375,67.70657587365805,67.18771691949475,67.67016386609988,16252200,0.5188589541633064,0.7854411748254532
2017-07-27,66.59603881835938,67.74298576871368,65.83140057324307,67.14220502493954,36844200,1.9115851954706073,0.8478602651953417
2017-07-28,66.48680877685547,66.73258116120566,66.03166907297081,66.15000289582376,18306700,0.7009120882348441,0.8296542696287571
2017-07-31,66.17731475830078,66.85092656709982,65.91333982322797,66.7234879967608,23600100,0.9375867438718473,0.8361561860472548
2017-08-01,66.06808471679688,66.83271612783952,65.98615595425309,66.54142697912597,22132300,0.8465601735864254,0.8491604960145115
2017-08-02,65.77678680419922,66.04986643823831,65.03035802601741,66.04076864518647,26499200,1.019508412220901,0.8745177273695128
2017-08-03,65.67666625976562,65.94064814391409,65.40357963619651,65.71307827256693,18214400,0.5370685077175779,0.8277037835593077
2017-08-04,66.15911102294922,66.48681218212054,65.75858584065513,65.90423388690066,22579000,0.7282263414654153,0.8322556674709694
2017-08-07,65.90425872802734,66.35939862677769,65.77682011196794,66.26837203600437,18705700,0.5825785148097538,0.8264041131586229
2017-08-08,66.25924682617188,66.56873852817684,65.31255529581539,65.62204699782035,22044600,1.256183232361451,0.8777694535580878
2017-08-09,65.96794891357422,66.0043609227857,65.58563323417467,65.76768633535141,22213400,0.41872768861102827,0.8413579422567992
2017-08-10,65.00306701660156,65.71308396553508,64.94844552022688,65.44910205851689,24734500,0.7646384453081936,0.8231524437445685
2017-08-11,65.99526977539062,66.17732291405956,64.88472757281671,65.18512150201433,21443700,1.2925953412428441,0.875168123202611
2017-08-14,66.98747253417969,67.10581332708753,66.4048941448682,66.50502545661382,20096600,0.7009191822193372,0.8725677729488238
2017-08-15,67.00575256347656,67.34434585572784,66.8410290492881,67.34434585572784,19181400,0.5033168064397415,0.8714576195399977
2017-08-16,67.39927673339844,67.81108214026055,66.96001158178049,67.11558189264993,18150400,0.8510705584800604,0.7957065740406729
2017-08-17,66.25536346435547,67.60060466764354,66.25536346435547,67.33521632982159,22977500,1.3452412032880687,0.8417300822587604
2017-08-18,66.33773040771484,66.65802431175096,65.82526016125705,66.13640081606829,18761500,0.8327641504939152,0.8342427541603367
2017-08-21,66.02658081054688,66.32857515711589,65.614768433803,66.31942190913068,17734800,0.7138067233128993,0.8247603648550849
2017-08-22,66.95085906982422,67.02406410336259,66.20959963198582,66.20959963198582,14343700,0.8144644713767661,0.8101143690805037
2017-08-23,66.54822540283203,66.94173140876947,66.3743485452201,66.76785455115754,13766500,0.5673828635493692,0.812279680211346
2017-08-24,66.520751953125,66.67632226058251,65.95336926595444,66.56650422961584,17098300,0.7229529946280735,0.8119030125801073
2017-08-25,66.63971710205078,67.1247345267252,66.32857648315876,66.6763231128409,12794300,0.7961580435664501,0.8271586932055855
2017-08-28,66.64888763427734,66.88681629329118,66.3926524741797,66.85936352354993,14569700,0.49416381911147766,0.7727287351163018
2017-08-29,66.85018157958984,66.95084633617661,65.93505250653251,66.11807552839169,11478400,1.015793829644096,0.8153763166186637
2017-08-30,67.72871398925781,67.9117370363493,66.648861254902,66.81358479003703,16897800,1.262875781447292,0.8509646977714566
2017-08-31,68.42423248291016,68.59810932932977,67.5365626958501,67.74703857973083,27652800,1.0615466334796793,0.8344612186455161
2017-09-01,67.6646728515625,68.39677221252555,67.39013122752417,68.36931944649841,21736200,1.0066409850013827,0.8562984902728051
2017-09-05,67.3626708984375,67.61890599510026,66.78614193094627,67.11558206816787,21556000,0.8327640641539915,0.8798304372523944
2017-09-06,67.17048645019531,67.7561685951113,67.12472719623423,67.4816270351086,16535800,0.6314413988770724,0.8641426401378952
2017-09-07,68.03071594238281,68.26865154025279,67.35352214431941,67.42673417164606,17471200,0.915129395933377,0.8334203681839887
2017-09-08,67.70125579833984,68.1222143583798,67.5731312973979,68.02154959599186,14703800,0.5490830609819,0.8131574332188448
2017-09-11,68.41507720947266,68.5798007839034,68.00326478245412,68.00326478245412,17910400,0.57653600144927,0.8033523816571569
2017-09-12,68.34186553955078,68.85433578185793,68.05817765282839,68.41507756898991,14394900,0.7961581290295356,0.8020447857752119
2017-09-13,68.826904296875,68.84521080083668,68.2229223219655,68.57066909649609,13380800,0.6222884788711838,0.8059666154410559
2017-09-14,68.42423248291016,69.08312686735893,68.19545009841457,68.63471534867519,15733900,0.8876767689443597,0.8177325993207906
2017-09-15,68.9183578491211,68.99156983955997,67.7835999248372,68.4790998702472,38578400,1.2079699147227672,0.8471477329748132
2017-09-18,68.7811279296875,69.52238049735412,68.67130989000673,68.84518670736384,23307000,0.8510706073473955,0.8726410749916644
2017-09-19,69.03734588623047,69.28442768676426,68.64384006917192,68.82686310794647,16093300,0.6405876175923453,0.8458406312736823
2017-09-20,68.57977294921875,69.1380022258925,68.00323718176983,68.95497222754342,21587900,1.1347650441226733,0.8366898643219238
2017-09-21,67.91175842285156,68.85434067778218,67.82024687048737,68.73537635789711,19186100,1.0340938072948092,0.8347289481658616
2017-09-22,68.09476470947266,68.1862762298524,67.58228762795943,67.71040515286737,14111400,0.603988601892965,0.8059680636581176
2017-09-25,67.04237365722656,67.94834969827652,66.73122606843339,67.80192566075445,24149200,1.2171236298431296,0.8334223183501989
2017-09-26,67.04237365722656,67.54569057697324,66.79528483937868,67.41757303508264,18019600,0.7504057375945621,0.8419197711157338
2017-09-27,67.58231353759766,67.87515470421087,66.96002518580906,67.3077788712076,19565100,0.9151295184018124,0.8419197798634792
2017-09-28,67.60059356689453,67.69210508652395,67.0881164895832,67.29859926842416,10883800,0.6039885969407521,0.8458416038605401
2017-09-29,68.1679916381836,68.2137509040161,67.60976210806896,67.6646746234447,17079100,0.6039887959471315,0.8478025177532444
2017-10-02,68.27779388427734,68.64384698056384,67.9941060510493,68.36930541287845,15304800,0.649740929514536,0.8373441463593159
2017-10-03,67.9574966430664,68.52487228113456,67.89343787806253,68.33269598612293,12190400,0.6314344030720349,0.8379974266593767
2017-10-04,68.35100555419922,68.37845831445249,67.45417582192748,67.80192242160562,13317700,0.924282492525009,0.8406121212008516
2017-10-05,69.5223617553711,69.65963252249554,68.59807937073982,68.83601490163011,21195300,1.0615531517557173,0.8301537809889196
2017-10-06,69.54981994628906,69.57727270548256,69.12886134759786,69.24782563139696,13959800,0.44841135788469444,0.801392406027298
2017-10-09,69.8152084350586,70.05314398515237,69.4217025945458,69.52236736643619,11386500,0.6314413906065681,0.8007391040997425
2017-10-10,69.8152084350586,70.12634901589662,69.67793765685519,69.85181444137163,13944500,0.4484113590414296,0.7517138408796536
2017-10-11,69.93416595458984,69.97077195736205,69.50405414936778,69.8792604413721,15388900,0.46671780799427154,0.7111869837867582
2017-10-12,70.57477569580078,70.73034600460169,69.88842870556813,69.99823975560047,16876500,0.841917299033554,0.7281818907253716
2017-10-13,70.91338348388672,71.26113716466507,70.73036037539163,71.00489503813426,15335700,0.5307767892734461,0.6791571163989657
2017-10-16,71.05980682373047,71.20622391264052,70.78526518193365,70.84932396743505,12380100,0.4209587307068716,0.6556251873355592
2017-10-17,71.00489044189453,71.03235019008693,70.6937497812166,70.89507937665931,16824000,0.3386004088703345,0.6144445366547393
2017-10-18,71.02318572998047,71.24281480766699,70.80355665229395,71.07809125393148,13300700,0.43925815537303947,0.6026780765427598
2017-10-19,71.29772186279297,71.31602137541681,70.78524474485994,70.986574293132,15092800,0.530776630556872,0.5974486361577414
2017-10-20,72.12134552001953,72.26776957479606,71.58142252726826,71.672934070562,22866400,0.6863470475278035,0.6000633588729747
2017-10-23,72.13965606689453,72.60636705845329,72.07559728480508,72.28607314800603,20627200,0.5307697736482027,0.5928730281998439
2017-10-24,72.16708374023438,72.47822429308779,71.80103069190946,72.20368974325498,17517200,0.677193601178331,0.5752238216750811
2017-10-25,71.95660400390625,72.3867158301917,71.38922838785436,71.91085173461127,20410800,0.997487442337345,0.5706476995737688
2017-10-26,72.07561492919922,72.67959688220213,72.06646167755036,72.4782672372394,32120700,0.6131352046517691,0.5824136886285599
2017-10-27,76.69697570800781,78.88413392862303,76.51395266149976,77.20945280561742,71066700,2.3701812671232716,0.7066093940940387
2017-10-30,76.77018737792969,77.17284645671461,76.05638772508851,76.59631059720316,31756700,1.1164587316260963,0.7543270635643721
2017-10-31,76.12045288085938,77.20030569764211,76.05639411129948,77.20030569764211,27086600,1.1439115863426252,0.8026980477321116
2017-11-01,76.12045288085938,76.65122953257409,75.84591130738426,76.57801751539643,22307400,0.8053182251898363,0.800083828171846
2017-11-02,76.91661071777344,77.29181005268292,76.06554029726951,76.27601609976269,23992900,1.226269755413412,0.8497618971818436
2017-11-03,76.99897766113281,77.36503077236397,76.32178394357871,76.94407213810696,17633500,1.0432468287852572,0.8942110470445854
2017-11-06,77.30098724365234,77.51146311134103,76.94408730984652,77.05389837755062,19860900,0.5673758014945065,0.9105521465177405
2017-11-07,77.11795806884766,77.69449410861623,76.80681739751161,77.57552280802457,17939700,0.8876767111046178,0.9425820433557105
2017-11-08,77.38333129882812,77.42909055653678,76.71529082032951,76.99897866885227,18034200,0.7137997362072639,0.9556551223307385
2017-11-09,76.9532241821289,77.11794774545723,75.86422499634769,76.97153067910033,21178400,1.2537227491095422,0.9961819581580055
2017-11-10,76.75188446044922,76.96236025546992,76.16620236195833,76.67867245266751,19397800,0.7961578935115909,1.0151382524339618
2017-11-13,76.80682373046875,76.81597698093448,76.376711723077,76.55974182296944,14196900,0.4392652578574854,0.9981433707681872
2017-11-14,76.91661071777344,76.96236298785033,75.93742277004368,76.41328687375653,18801300,1.0249402178066447,1.0001042833017084
2017-11-15,76.31877899169922,76.97178286034331,76.05205791572722,76.76944224981666,19383100,0.9197249446160924,1.0220035504420173
2017-11-16,76.5211410522461,76.7234817380464,76.28201752988853,76.42916992695879,20962800,0.4414642081578677,0.8842380462302027
2017-11-17,75.78533935546875,76.44754246028546,75.63817999131184,76.44754246028546,22079000,0.8093624689736174,0.8623025988978829
2017-11-20,75.9049301147461,75.96011138894303,75.64740814589717,75.78536834833692,16315000,0.31270324304585984,0.8029305743766854
2017-11-21,76.99938201904297,77.10974453378282,76.09804838597782,76.09804838597782,21237500,1.0116961478049973,0.8176718545634826
2017-11-22,76.43833923339844,77.1649227676579,76.37395876919541,77.10054230345487,20553100,0.7909639984624874,0.786578586209845
2017-11-24,76.57630157470703,76.73265313269768,76.13483050967778,76.34637033638742,7425600,0.5978226230198942,0.7547625715123191
2017-11-27,77.13734436035156,77.23851467968701,76.6131013496794,76.62229354820411,18265200,0.6254133300076177,0.7589081092632556
2017-11-28,78.0662612915039,78.23181208451877,77.27529717120458,77.32128623140972,21926000,0.9565149133141801,0.7638251237067958
2017-11-29,76.64988708496094,78.103054438765,76.50273471658413,77.90991300823849,27381100,1.6003197221808705,0.8271479798477677
2017-11-30,77.41326141357422,77.73516380113404,76.64988788239968,76.80624648516797,33054600,1.0852759187343537,0.8151160633923971
2017-12-01,77.49603271484375,78.00187726936403,76.53951784503793,76.88901082908531,29532100,1.4623594243260953,0.8627018870220046
2017-12-04,74.5713119506836,77.65238959753086,74.22181192578176,77.64319038188988,39094900,3.4305776717490915,1.0763670594428336
2017-12-05,75.0403823852539,76.04288659137968,74.4793564188625,74.8104510647692,26152300,1.56353017251719,1.1148377704935868
2017-12-06,76.13484191894531,76.4659435130987,74.89321444934293,75.00358398637592,26162100,1.5727290637557587,1.1614809218607058
2017-12-07,75.8681411743164,76.15326080064865,75.4174777233975,75.9141302479999,23184500,0.7357830772511562,1.182503698224512
2017-12-08,77.40409851074219,77.79038152201552,76.64072469064362,76.91663812000382,24489100,1.1496568313718996,1.206810438395818
2017-12-11,78.38819122314453,78.51695220513025,77.36729556815256,77.52364718671419,22857900,1.1496566369776957,1.2665928236766635
2017-12-12,78.7100830078125,79.14235496742693,78.25022041536248,78.46175327839957,23924100,0.8921345520644479,1.2580527096951957
2017-12-13,78.49854278564453,79.09636555661282,78.33299197240632,78.85723504483626,22062700,0.763373584206505,1.2560819658197684
2017-12-14,77.89154052734375,78.9768166985951,77.74438110624988,78.57213530753437,19306000,1.232435592345226,1.3014114636287206
2017-12-15,79.87814331054688,80.09887542445843,78.0662832921939,78.4157834075802,53936700,2.0325921322645257,1.4019242352184997
2017-12-18,79.44585418701172,80.47594885850104,79.3079010310967,80.1264558352732,22283800,1.1680478274043367,1.4170337290820822
2017-12-19,78.94001770019531,79.4182717294624,78.42496680296928,79.4182717294624,23524800,0.9933049264931242,1.3736755293901004
2017-12-20,78.65492248535156,79.3723142770019,77.90994706807668,79.28033611249245,23674900,1.4623672089252295,1.4006106215465917
2017-12-21,78.63651275634766,79.18834653019576,78.5445416301975,79.14236447559425,17990700,0.6438048999982584,1.3421424412374603
2017-12-22,78.64569854736328,78.75606107312312,78.10305706690896,78.54452822078613,14145800,0.6530040062141609,1.1437443222706796
2017-12-26,78.54452514648438,78.6640868836931,78.20422433250401,78.46174623845859,9891200,0.45986255118909014,1.0649109207472438
2017-12-27,78.82962799072266,79.07795766732228,78.37896471071105,78.7744467367871,14678000,0.6989929566112352,1.0025011988083494
2017-12-28,78.83883666992188,79.03197809882766,78.68248508703799,79.00438746854765,10594300,0.34949301178967573,0.9749090512753865
2017-12-29,78.67330169677734,79.1423635567285,78.636511843355,78.75607360426734,18717400,0.5058517133735023,0.9289229714183581
2018-01-02,79.05038452148438,79.38148618159725,78.63651095481676,79.21593535154082,22483800,0.7449752267804968,0.9000171564042725
2018-01-03,79.41828155517578,79.56544097743182,79.06878845273889,79.15156036504732,26061400,0.49665252469293364,0.87176844016345
2018-01-04,80.11726379394531,80.62311546742032,79.62061133733707,79.63900275412412,21912000,1.0025041300832527,0.8888491934403605
2018-01-05,81.11058044433594,81.31292114300582,80.4115872171893,80.62312713405713,23407100,0.9013339258165303,0.8651990744025966
2018-01-08,81.19335174560547,81.46927215388531,80.56793823485897,81.11977203447118,22113000,0.9013339190263423,0.7843949163141549
2018-01-09,81.13816833496094,81.60723020991075,80.80706666051958,81.53365050071328,19484300,0.8001635493911721,0.7581174678846432
2018-01-10,80.77027893066406,81.11057983194388,80.39319519076517,80.8070687862306,18652200,0.717384641178711,0.7384088760764708
2018-01-11,81.00942993164062,81.0554119999949,80.23685680362674,81.0554119999949,17808900,0.8185551963681661,0.6924223037509663
2018-01-12,82.40737915039062,82.57292997235957,81.3496937331972,81.55203440637554,24271500,1.2232362391623752,0.7338102565484032
2018-01-16,81.2576904296875,83.50182134599471,80.94498734368081,82.86720894364204,36599700,2.556834002313906,0.8697981134126707
2018-01-17,82.9040298461914,83.03279081420175,81.62561236598411,81.92912336927127,25621200,1.4071784482176355,0.9374635346289953
2018-01-18,82.86722564697266,83.39146864508182,82.46255139627392,82.59131234198878,24159700,0.9289172488078918,0.953886698357328
2018-01-19,82.7752685546875,83.33630149180276,82.46256535272632,82.90402952219463,36875000,0.873736139076442,0.9913326360206683
2018-01-22,84.25599670410156,84.26519591763342,82.53610865472987,82.77523908795048,23601600,1.7290872629035476,1.078706603844243
2018-01-23,84.52275848388672,84.890650016027,84.19165680665522,84.52275848388672,23412800,0.6989932093717783,1.0754221740293346
2018-01-24,84.44917297363281,85.92993120150392,84.22844087628869,85.12057549994422,33277500,1.7014903252152322,1.1614820169237845
2018-01-25,84.91824340820312,85.7551898294539,84.55035186412636,85.04700439608786,26383200,1.2048379653275418,1.175934433726948
2018-01-26,86.50934600830078,86.50934600830078,85.1481567056461,85.644809132381,29172200,1.3611893026546795,1.2087812463582444
2018-01-29,86.38056182861328,87.78773981763986,86.19661965346448,87.50262734107595,31569900,1.5911201641753792,1.2580516924403184
2018-01-30,85.29534912109375,86.14150199547811,84.70672530575207,85.81040022222975,38635100,1.4347766897260357,1.3033812024642373
2018-01-31,87.38310241699219,87.74179472140187,86.00351447174042,86.2242465782355,48756300,1.7382802496614573,1.376302317355862
2018-02-01,86.69329833984375,88.35799868766227,86.06788493021335,87.18075156763948,47227900,2.290113757448921,1.4814136431473446
2018-02-02,84.41239166259766,86.4265924283938,84.1548696868141,86.12308137824279,47867800,2.2717227415797083,1.556305536177154
2018-02-05,80.9358139038086,85.7551717669723,80.9358139038086,83.29030806286028,51031500,4.819357863163702,1.717914383380711
2018-02-06,83.99849700927734,84.13645718085638,78.40656658791396,79.9149152254343,67998600,5.729890592942425,2.026679536575339
2018-02-07,82.41657257080078,84.40317527775713,82.03948188513654,83.22592818964283,41107600,2.36369339262059,2.1291635468476744
2018-02-08,78.18582153320312,82.66487763874008,77.95589029108909,82.50852607816925,55628700,4.708987347650989,2.4031100617458563
2018-02-09,81.10136413574219,81.79115799933142,77.10056113031386,79.37228337711242,63499100,4.690596869017554,2.614646462182571
2018-02-12,81.97509002685547,82.57291270433203,80.87142278916426,81.61639782375858,35720300,1.7014899151677696,2.6862533697394277
2018-02-13,82.61894989013672,82.77530155344763,80.75190810003195,81.79119547121239,26407700,2.0233934534156788,2.709246450325174
2018-02-14,83.91258239746094,84.07891089482584,81.69487849914066,81.78728165325253,34960900,2.384032395685182,2.793474623922148
2018-02-15,85.62207794189453,85.67751842792096,83.73702386799485,84.28220744701257,27823900,1.9404945599261083,2.834853570870107
2018-02-16,85.01219177246094,86.39826011657715,84.82738547987537,85.42800945573254,30596900,1.5708746367017739,2.8334074617648497
2018-02-20,85.6775131225586,85.99168525713296,84.0973959194674,84.53169849953919,30911700,1.8942893376655547,2.8662297937605294
2018-02-21,84.54093170166016,86.26889954702081,84.54093170166016,85.91776474979562,26922500,1.7279678453606522,2.865493193453329
2018-02-22,84.7626953125,85.68674079609904,84.42079594560164,85.0583895852554,24392800,1.2659448504974051,2.792338271528221
2018-02-23,86.91572570800781,86.92496813785755,85.34485102915376,86.49066558372857,26329200,1.5801171087037886,2.742937869179941
2018-02-26,88.17240905761719,88.20012929121759,87.09127764776055,87.22988586566939,30199800,1.1088516434570437,2.477901710629465
2018-02-27,87.04509735107422,88.56053165205499,87.04509735107422,88.46812849709934,25869100,1.5154343009807718,2.1768691183464903
2018-02-28,86.64775848388672,88.44040932124332,86.51839265540829,87.63648705863406,31167300,1.9220166658350308,2.1453207807189503
2018-03-01,85.79763793945312,87.38699759927515,84.86434985085366,86.85104942563119,37135600,2.522647748421491,1.9891536664882719
2018-03-02,85.98242950439453,86.07483263679295,83.95876777030598,84.62408160342589,32830400,2.1160648664869655,1.8052585234503726
2018-03-05,86.52763366699219,87.10977988559829,85.25245321437029,85.32637150806796,23901600,1.8573266712279946,1.8163897203118171
2018-03-06,86.23194122314453,87.31307295980992,85.88080640821897,87.17446470000203,22175800,1.432266551590942,1.774166370181479
2018-03-07,86.73092651367188,86.8048518587075,85.4095409332732,86.08409736938256,26716100,1.3953109254342877,1.7035434080207008
2018-03-08,87.25761413574219,87.8767229095275,86.64774074073638,87.1097634763805,25887800,1.22898216879112,1.6527210943682016
2018-03-09,89.20736694335938,89.20736694335938,87.78433581158257,88.05230989320697,36937300,1.4230311317768098,1.6421608440164184
2018-03-12,89.41988372802734,89.82646602125318,88.74533443234772,89.17039453439838,26073700,1.081131588905464,1.5840781476764119
2018-03-13,87.23914337158203,89.85418690852516,86.83256107541916,89.63241795148544,35387800,3.0216258331060004,1.6764822896582225
2018-03-14,86.72167205810547,88.16318788678146,86.39825753080598,87.89521383561674,32132000,1.7649303559754799,1.712124111478085
2018-03-15,87.02660369873047,87.39622330118058,85.77914370913042,86.42597272598748,27611000,1.6170795920501604,1.7147642888599688
2018-03-16,87.41471099853516,88.13546542740652,86.78635971825351,87.48863633737025,49081300,1.349105709153008,1.7319252935525375
2018-03-19,85.8345947265625,86.76788275117158,85.11384029069131,86.6200320720655,33344100,1.6540424604802695,1.7418258763739303
2018-03-20,86.05635070800781,86.64773923536521,85.93622733679399,85.98243242951865,23075200,0.7115118985712172,1.6553612501408008
2018-03-21,85.45573425292969,86.90648546214253,85.20623801031468,85.87155192407741,24457100,1.700247451827849,1.5966183718126834
2018-03-22,82.97004699707031,84.78117534649422,82.84992361901482,84.33763040076025,38604700,1.931251727479406,1.5834174333121436
2018-03-23,80.55828094482422,83.58914883007692,80.46587781171912,82.7020660624352,44068900,3.123271018357798,1.6738420295357008
2018-03-26,86.65699768066406,86.860288846375,83.53372600266577,83.72777473814205,56396800,3.326562843709226,1.8091489075441498
2018-03-27,82.67435455322266,87.91369100722773,81.78727169195523,87.72888472151247,56569000,6.1264193152725,2.147085221104022
2018-03-28,82.60042572021484,84.30067308638988,82.11992516776331,82.99776556258936,52501100,2.1807479186265653,2.2150684889494108
2018-03-29,84.33763885498047,85.28016931543144,81.68563249350872,83.33043253439982,45867500,3.5945368219227163,2.370176038245547
2018-04-02,81.79651641845703,83.97726467865606,80.8632354040657,83.59840963467443,48515400,3.114029274590351,2.5153830157944674
2018-04-03,82.8961410522461,83.21032026435213,81.21437811659908,82.7760176460961,37213800,1.9959421477530555,2.4421198954121146
2018-04-04,85.31714630126953,85.71448625814944,81.06653723575336,81.17741821447636,35560000,4.647949022396077,2.6480498001564428
2018-04-05,85.36333465576172,86.00092841058158,84.45777386621495,85.41878218873008,29771900,1.5431545443666295,2.642769439607619
2018-04-06,83.37661743164062,85.43723467348771,82.68358339919841,84.5409095302107,38026000,2.7536512742892967,2.7430941228316397
2018-04-09,83.8756332397461,86.09334454528933,83.73703201120144,84.12512955094627,31533900,2.356312534087891,2.7932562709464697
2018-04-10,85.82534790039062,86.19496752931434,84.67953339564434,85.37256755616079,26812000,1.5154341336699986,2.85067928773924
2018-04-11,84.8828353881836,86.20422097171046,84.53170057329655,85.02144364797627,24872100,1.6725203984139085,2.8486987839239584
2018-04-12,86.47217559814453,87.00812365543088,85.4095219121202,85.4095219121202,26758900,1.598601743310681,2.8249380707690497
2018-04-13,86.0101547241211,87.02660333922938,85.41876618260692,86.90647996514002,23346100,1.607837156622466,2.7166927949308115
2018-04-16,87.01737976074219,87.47016721866494,86.32434550259691,86.9249766029713,20288100,1.1458217160680277,2.5609255715278687
2018-04-17,88.77305603027344,89.2073585683427,87.67343956579238,87.78432757016371,26771000,1.53391900255032,2.232889834904856
2018-04-18,89.11495208740234,89.37368370467632,88.26482485219204,88.91166094528484,21043300,1.108858852484289,2.156326330180408
2018-04-19,88.8100357055664,89.69711876068966,88.09851654526656,89.11497248855206,23552500,1.5986022154230994,2.013759572573292
2018-04-20,87.7843246459961,88.810015740063,86.90648421949928,88.62520945550824,31154400,1.9035315205637175,1.9272954472856756
2018-04-23,88.10774230957031,88.97634738773681,87.44242838160518,88.4681195122334,22331800,1.533919006131626,1.8942937943127163
2018-04-24,86.04712677001953,89.14267804665059,85.39105525556225,88.93014446172948,34524800,3.7516227910883373,1.8302704920764492
2018-04-25,85.29866027832031,86.21347063980332,83.42284854806067,86.21347063980332,33729300,2.790622091742648,1.919375316889022
2018-04-26,87.10053253173828,87.92293247905914,86.02863634651999,86.44446105971308,42529000,1.8942961325391536,1.8579928067640117
2018-04-27,88.54204559326172,90.46406205690046,86.77712223331392,90.18684556794766,48272800,3.686939823586542,1.9530376131567724
2018-04-30,86.41671752929688,89.07797263381634,86.07482526371817,89.01328974168742,41523600,3.0031473700981763,2.059302844330214
2018-05-01,87.7843246459961,88.05229869353596,85.74218488706238,86.13028231457206,31408900,2.3101138064735807,2.10484523062019
2018-05-02,86.40750885009766,87.9414209302083,86.11181453044328,87.7750924347834,27471000,1.8296063997650123,2.121345563224071
2018-05-03,86.92496490478516,87.71964464450473,85.42800857068147,85.89927377677286,31142500,2.2916360738232555,2.1701883430241273
2018-05-04,87.93218994140625,88.12623868744181,85.86232255054229,86.23194223104721,22531300,2.2639161368995246,2.2500522302263772
2018-05-07,88.91165924072266,89.3644395622717,87.87672574156002,87.94140864463846,24242000,1.4877138207116758,2.2467518600950456
2018-05-08,88.53279113769531,88.85621268084394,87.8397570593606,88.56975380119536,23484600,1.0164556214833453,2.240151629309264
2018-05-09,89.57695770263672,89.60467793490957,87.83051257038207,88.71759525264582,27327400,1.774165364527505,2.2526918542452927
2018-05-10,90.47329711914062,90.51025273474403,89.67861743542318,90.0574724195726,22388100,0.8316352993208511,2.176127838442231
2018-05-11,90.27923583984375,90.43632892113212,89.66936952099023,90.3716460229218,16778300,0.7669594001418858,2.121345009442964
2018-05-14,90.58417510986328,91.19404849603221,89.91886125219075,90.48252954550179,19454100,1.275187243841458,1.9444567560681867
2018-05-15,89.92811584472656,90.41785887567221,89.02254807153602,89.85419050611748,24594000,1.3953108041361872,1.8447916640962967
2018-05-16,90.1601333618164,90.39214605339058,89.66826758855363,90.35502317308286,17384700,0.7238784648369432,1.7611904021175673
2018-05-17,89.25991821289062,90.522067754004,88.93510187814786,89.79818932787296,17246700,1.5869658758561371,1.611192262993967
2018-05-18,89.42696380615234,89.9559524088474,89.10214748528078,89.10214748528078,17865800,0.8538049235666136,1.4576678025274268
2018-05-21,90.57775115966797,90.95825536316899,89.83531481306385,90.02092212959856,19422500,1.1229405501051417,1.3728697127868241
2018-05-22,90.48495483398438,91.10674718327533,90.206536756155,90.65200426458883,15441200,0.900210427120328,1.3064842861693466
2018-05-23,91.56148529052734,91.62644855618807,89.3898429747199,89.75178218061032,21251200,2.2366055814681687,1.3025535367154117
2018-05-24,91.23665618896484,91.82133262389482,89.84458022841078,91.62644283907298,26649300,1.9767523954840414,1.28204184090002
2018-05-25,91.2830810546875,91.85847512360967,90.81905563536944,91.22740027011845,18363900,1.0394194882402275,1.2500208171520595
2018-05-29,90.958251953125,91.76565153829323,90.23437353312659,90.80047795147368,28671000,1.5312780051666408,1.2867938445580092
2018-05-30,91.83060455322266,92.10902256697098,90.86543815461404,91.23665273232618,22158500,1.2435844123569382,1.2488952051172544
2018-05-31,91.72852325439453,92.79578292272309,91.51507556900758,92.14615029702637,34140900,1.2807073537155134,1.280971780431159
2018-06-01,93.53824615478516,93.60320943115933,92.03480122666954,92.13688738675268,28655600,1.568408204489785,1.338218123598866
2018-06-04,94.35491180419922,94.53124370076992,93.59391052281785,93.97441470374096,27281600,0.9373331779520697,1.3140856903210525
2018-06-05,94.8375015258789,94.9674280550129,94.22498467670599,94.66116963042644,23514400,0.7424433783069162,1.267452302761819
2018-06-06,95.11590576171875,95.21799189603439,94.56835929626602,95.10663035348227,21122900,0.649632599768367,1.262149026685492
2018-06-07,93.62174987792969,95.30152642036862,93.15772453877973,95.26440354358084,28232200,2.1438018815888853,1.301923027094974
2018-06-08,94.31778717041016,94.61476310199232,93.30621533736814,93.81663895827812,22165100,1.3085477646241799,1.3344046585990859
2018-06-11,93.7795181274414,94.28065923220367,93.42685435980175,93.74239525292857,23490900,0.8538048724019234,1.3151806816202847
2018-06-12,94.02079772949219,94.15072423836192,93.5010916940133,93.82590796618761,18325200,0.64963254434862,1.2972822614223054
2018-06-13,93.59391784667969,94.67046012824623,93.32478227628805,94.4013245578546,29492900,1.345677851958186,1.2336445664573066
2018-06-14,94.12291717529297,94.68902877026024,93.73313751069898,94.3363719899799,25691800,0.9558912595612554,1.1607259138913935
2018-06-15,92.92572021484375,94.22499269724399,92.8700394348938,94.20643479741581,65738600,1.3549532623501932,1.1832640406135337
2018-06-18,93.60319519042969,93.83520786796288,92.26679990208967,92.81435350290982,23586000,1.568407965873206,1.1859161806640028
2018-06-19,93.60319519042969,93.73312172341107,92.3410456582119,92.48025468082483,28653100,1.392076065199177,1.1965227272955912
2018-06-20,94.54054260253906,95.14376999043695,93.84450446530359,94.07651717771542,26180800,1.2992655251333645,1.197848310968295
2018-06-21,93.8630599975586,95.08808680495173,93.62176480021067,94.73543003995546,23198200,1.466322004741059,1.1905564395576715
2018-06-22,93.18558502197266,93.51967679879573,92.46169944420303,93.18558502197266,38923100,1.057977354592694,1.1991738807462877
2018-06-25,91.31090545654297,92.90715375233557,90.29933361820042,92.80506761152571,35433300,2.607820134135153,1.3324150775911616
2018-06-26,91.95127868652344,92.87932952410127,91.64502021081091,91.70998348622273,26897200,1.2343093132903533,1.3741776999855893
2018-06-27,90.52205657958984,92.82361810776587,90.39213006173141,92.41528065755256,31298400,2.4314880460344597,1.3947267117317017
2018-06-28,91.53364562988281,91.97911311845857,90.26222059628874,90.37358215808354,26650700,1.7168925221698288,1.4238941944135337
2018-06-29,91.51508331298828,92.7215520976185,91.2552302407209,91.81205926421747,28053200,1.4663218568975935,1.467645407591796
2018-07-02,92.81436920166016,92.86076749673566,90.9489849762494,91.04178864686662,19564500,1.9117825204862555,1.5577989773159129
2018-07-03,91.92341613769531,93.38973072648396,91.8213300037306,93.25052879877232,14670300,1.568400722753367,1.573707753801283
2018-07-05,92.58235168457031,92.73083613376583,91.90487147130558,92.34105648910352,18977400,0.825964662460251,1.5644272825797825
2018-07-06,93.88163757324219,94.13220821453059,92.49883655873646,92.70300890076908,19234600,1.6333716557941358,1.5843143106829214
2018-07-09,94.52195739746094,94.89317907399,93.96512842289962,94.33635009942869,18212000,0.9280506510903734,1.5385745024841475
2018-07-10,94.77254486083984,95.13448408584044,94.53124968401768,94.66117622219916,19293100,0.6032344018227604,1.482228669385832
2018-07-11,94.64263153076172,94.97672333237824,93.8259422276854,93.87234760371156,19644600,1.1507811046928396,1.471622639354366
2018-07-12,96.693603515625,96.89777580000118,95.33865035985974,95.37576615659646,24335900,1.5591254401414432,1.4782514561686793
2018-07-13,97.8443832397461,98.00215015565422,96.60079164970232,96.86065178706629,24635200,1.4013585059519045,1.5027786812657655
2018-07-16,97.36178588867188,98.20630820116821,96.99983966278631,97.81652867232374,21786900,1.2064685383818983,1.4026821387119617
2018-07-17,98.32698059082031,98.83741136904395,96.81426031789559,97.0833959027348,25901700,2.0231510511483606,1.459027977130391
2018-07-18,97.55668640136719,98.41977378487812,97.18546472708402,98.31768764743865,29493900,1.2343090577940927,1.3735151922560789
2018-07-19,96.88848876953125,97.73301117477426,96.41518095797576,97.3803544785853,40171600,1.317830216798498,1.3450107418724124
2018-07-20,98.62394714355469,100.4150853208148,98.4476223210337,100.3037237656363,56004000,1.967462999781091,1.3808065377926622
2018-07-23,100.2016372680664,100.35940419099228,98.4940202631834,98.65179426657437,29707000,1.8653839278088782,1.3774923526014209
2018-07-24,99.9139633178711,100.99049868030056,99.542741541684,100.75848595524194,26316600,1.4477571386165664,1.3688749537345066
2018-07-25,102.8558578491211,103.15283378143926,99.85825105814244,100.19234986705847,30702100,3.294582723296813,1.5452048152228326
2018-07-26,101.73291015625,103.0136174457982,101.6215415343685,102.77232230528706,31372100,1.3920759114296999,1.527969404911087
2018-07-27,99.93248748779297,102.25261395520972,98.50328873420857,102.25261395520972,37005300,3.7493252210011576,1.7294890170475716
2018-07-30,97.7886962890625,99.79328194459038,97.22258484494235,99.47774813270141,34668300,2.5706970996480294,1.8700220668922338
2018-07-31,98.4476089477539,99.04156076290617,97.79796928211202,98.82810601036826,27655200,1.2435914807941515,1.8766513794708988
2018-08-01,98.63322448730469,98.79099140255309,97.83510034132898,98.40121181883418,23628700,0.9558910612241078,1.8335632095482322
2018-08-02,99.8304214477539,100.31300473469274,97.29683972004496,97.81655296805465,26104300,3.0161650146477825,1.9489065315979377
2018-08-03,100.26661682128906,100.27589931251747,99.13439362727607,100.04388659507107,18659600,1.1415056852413983,1.9442663278021877
2018-08-06,100.3501205444336,100.61925609950958,99.82113192389524,100.34084513528494,20265900,0.7981241756143476,1.8567644081211867
2018-08-07,101.04615783691406,101.25033012413171,100.38724268846207,100.74918189563337,16080200,0.863087435669641,1.8302485779694402
2018-08-08,101.61227416992188,101.85356934634783,100.93480109058304,101.4637897324434,15487500,0.9187682557647889,1.801744152181318
2018-08-09,101.77934265136719,102.23409269989887,101.71437937021504,101.81646553780651,13677200,0.5197133296838246,1.6983334614600847
2018-08-10,101.15753936767578,101.79789669914683,100.58214531037817,101.54731901271649,18183700,1.2157513887686662,1.6519311372429268
2018-08-13,100.42437744140625,101.6958096018586,100.3222912857257,101.38026864417348,18472500,1.3735183161329019,1.6466283642083792
2018-08-14,101.67723846435547,101.85357037357572,100.26660443198952,100.74918770924316,16788300,1.5869659415862003,1.5246557369433356
2018-08-15,100.29844665527344,101.53749874471697,99.51588033317493,101.07168765776001,29982800,2.021618411542036,1.5696230583799309
2018-08-16,100.2798080444336,101.41638820905453,99.96305992391325,100.89468207750905,21384300,1.453328285141282,1.4056232772470827
2018-08-17,100.22390747070312,100.52202625912889,99.39476436827795,100.0189494709643,18061500,1.1272618908509457,1.3025207623330053
2018-08-20,99.5624771118164,100.5220469373372,99.19914498579813,100.15871481131892,17914200,1.322901951539066,1.3081857959576422
2018-08-21,98.73332977294922,100.00964771414651,98.61221433078802,99.60904985994186,22881900,1.3974333833584893,1.339724533252955
2018-08-22,99.73945617675781,100.00030921817454,98.54698106873147,98.61219432908565,18000600,1.4533281494430668,1.2280933285954754
2018-08-23,100.20526123046875,100.78286943607527,99.56244687611144,99.82329990196216,18167700,1.2204225599638363,1.2337302482185066
2018-08-24,100.98784637451172,101.13690222824692,100.20528004233392,100.30775905140142,17234000,0.9316221859129996,1.243265820382696
2018-08-27,102.10579681396484,102.14306255675746,101.09033197679238,101.79835976671103,19662300,1.052730579965072,1.2568117592609411
2018-08-28,102.72064208984375,102.94422937615758,102.28277861951672,102.42252333885475,19151500,0.6614507566408605,1.2384319378949462
2018-08-29,104.36030578613281,104.36962399740587,102.72996709126876,102.89765935562043,20818000,1.6396569061371054,1.3184279076416092
2018-08-30,104.29510498046875,104.90997905910777,103.8199827644806,104.0342518953662,22798700,1.08999629462717,1.3094454009172165
2018-08-31,104.64913177490234,105.0683589552395,103.89451289949602,104.05289408798494,23222700,1.173846055743482,1.2951830966036866
2018-09-04,104.0715103149414,104.30441585421244,102.68339529104571,103.27031469123203,22634600,1.6210205631667236,1.297615569573724
2018-09-05,101.07167053222656,103.80132332359183,100.70833851457999,103.41936199301729,32872400,3.0929848090118384,1.374141740821567
2018-09-06,101.30458068847656,101.53748620318743,100.15868953641798,100.8480878698027,23477600,1.3787966667694462,1.3688180537950072
2018-09-07,100.8108139038086,101.28594310518618,99.89782834100173,100.82945032378275,22498600,1.3881147641844507,1.3874504018902576
2018-09-10,101.90082550048828,102.14304924321148,100.9505740601323,101.39774869993062,20727900,1.192475183079182,1.378134204143123
2018-09-11,103.63367462158203,103.95974104266858,101.44436338546954,101.45368159970484,24301800,2.515377657199039,1.4579873665603051
2018-09-12,104.0715103149414,104.20193684831615,102.95356656952566,103.81065724819193,18891100,1.248370278790489,1.4433475186565496
2018-09-13,105.18944549560547,105.95337526628593,104.45346324823947,104.45346324823947,26055600,1.4999120180464587,1.463311051376737
2018-09-14,105.61799621582031,105.95338072830725,104.7515874098478,105.60867800499783,19122300,1.2017933184594511,1.4826089894157692
2018-09-17,104.47210693359375,105.92543520757799,104.21125386982355,105.91612410366685,20736500,1.7141813377544395,1.5298554721150097
2018-09-18,105.46894836425781,105.9254412519041,104.08083327700739,104.51869684805547,22170900,1.844607974896718,1.6143667019904282
2018-09-19,104.06218719482422,105.57141757689006,103.4473202961614,105.31988273373541,21728400,2.1240972807286624,1.648969585889825
2018-09-20,105.8042984008789,106.01857456426359,104.27643906068442,104.60250530260807,23714500,1.7421355035791635,1.6955509579578245
2018-09-21,106.4471435546875,107.40671318422632,105.7484269769403,106.20491981757561,71229700,1.6582862072860252,1.730153825925149
2018-09-24,106.82910919189453,107.04338541169668,104.5466377897588,105.30124944942493,27334500,2.496747621937871,1.7927057586945168
2018-09-25,106.6241455078125,107.22970128870917,105.97201288697764,106.95021892594242,22668000,1.257688401731528,1.6616131581744946
2018-09-26,106.18630981445312,107.19245646753025,105.96271535135699,106.64280273810846,19352000,1.2297411161732583,1.6509663331319098
2018-09-27,106.5868911743164,107.05270223874527,106.39124427246904,106.93158681305759,19091300,0.661457966276231,1.5990622761384654
2018-09-28,106.54962158203125,106.7359431579779,105.90680006190402,106.38192932059425,21647800,0.8291430960738779,1.573109984209515
2018-10-01,107.70481872558594,107.77003198051271,106.88499393397609,106.90362324636443,18883100,0.8850380465366214,1.4566571548764853
2018-10-02,107.27628326416016,107.91909766210469,106.61483244441297,107.41602799683066,20787200,1.3042652176917215,1.4606496505122877
2018-10-03,107.2949447631836,108.23588533052283,107.0713573884694,107.52785035159428,16648000,1.1645279420534393,1.436693645084215
2018-10-04,105.07767486572266,106.91297184305978,103.9969896395432,106.77322708343813,34821700,2.9159822035165774,1.559135708302581
2018-10-05,104.4627685546875,105.43165625286395,103.07465381463126,104.92857953798128,29068900,2.3570024382326835,1.6050515011938842
2018-10-08,103.27030944824219,104.36962382209823,101.8635580723057,104.02492819041348,29640600,2.5060657497925405,1.6522984851150144
2018-10-09,104.58390808105469,105.34783798554479,103.22374054904613,103.54048867904079,26198600,2.1240974364986585,1.6522984962414426
2018-10-10,98.9010009765625,103.87585934892579,98.55629825671792,103.63363562396168,61376300,5.319561092207863,1.9078288954292069
2018-10-11,98.66810607910156,101.48160186640472,97.07502593552881,98.14639283783346,63904300,4.406575930875903,2.1041353042570554
2018-10-12,102.07783508300781,103.63364231266301,99.79536373927236,101.55612897191689,47742100,3.838278573390653,2.1999589436465397
2018-10-15,100.24253845214844,101.99399258252079,99.6369826540455,101.46296825969172,32068100,2.357009928475293,2.278481909842523
2018-10-16,103.41006469726562,103.79203321280478,101.50023633499656,102.04989713165062,31610200,2.291796877808224,2.3543430356735917
2018-10-17,103.13990783691406,104.16469098369225,102.05922962451423,104.04358263894056,26548200,2.1054613591780225,2.457486135166577
2018-10-18,101.08100128173828,102.97219307171095,100.45681615939797,102.571595270802,32506200,2.5153769123129734,2.577931407755084
2018-10-19,101.23004150390625,103.27960689018722,100.81080737418205,101.48157629557181,32785500,2.468799516005177,2.6910572270028377
2018-10-22,102.13372802734375,102.9815075480795,100.83877387996415,101.84492745148158,26545600,2.142733668115355,2.750947830604526
2018-10-23,100.7083511352539,101.5188649495755,97.92280294831062,100.40091412557543,43770400,3.596062001264883,2.9246288348339147
2018-10-24,95.32359313964844,101.07170100598056,94.64350573548052,100.99717662408722,63897800,6.428195270500041,3.175501196761305
2018-10-25,100.8946762084961,101.79834367443905,98.89168727323583,99.26433753453978,61646800,2.9066564012032217,3.2147621941163433
2018-10-26,99.64630889892578,101.3139134771301,97.59674291764615,98.46315184134531,55523100,3.7171705594839466,3.3012696805228723
2018-10-29,96.74895477294922,101.26732058822215,94.6807525499976,100.71766695462088,55162000,6.5865680382245415,3.6200175806461496
2018-10-30,96.63716125488281,97.24270991926595,93.26468677456474,96.57194799374713,65350900,3.9780231447012113,3.524193441538532
2018-10-31,99.5065689086914,100.74562819036518,98.18366703734871,98.23025099230718,51062400,2.561961153016469,3.392435243120001
2018-11-01,98.67740631103516,99.98167860893372,98.3140742783815,99.73014378160126,33384200,1.6676043305522228,3.2373870829172557
2018-11-02,98.9010009765625,99.98167886660374,97.80168666506358,99.19911975047515,37680200,2.179992201540159,3.2247429595647463
2018-11-05,100.15870666503906,100.3729757948974,98.65879432517694,99.09665790494846,27922100,1.714181469720458,3.183484716129906
2018-11-06,100.3543472290039,101.39775957222082,99.01280895033814,100.03759197644627,24340200,2.3849506218826804,3.203448234894524
2018-11-07,104.3044204711914,104.5652735494874,101.91946991795567,101.95673565881414,37901700,2.6458036315317344,3.212764429124436
2018-11-08,104.10874938964844,104.53729461922188,103.3261903898303,104.1553333286567,25644100,1.2111042293915801,3.1229290515091788
2018-11-09,102.07783508300781,103.8292821043221,101.32322344264949,103.27031025562287,32039200,2.5060586616726113,3.1488808367632686
2018-11-12,99.5624771118164,102.44118658837877,98.84512396516512,101.93810969672714,33621800,3.5960626232136548,3.1488808811881808
2018-11-13,99.62767791748047,101.3045935720355,99.34818842119805,100.19596801426506,35374600,1.9564051508374547,2.829467301212282
2018-11-14,98.21485900878906,101.29313825333169,97.74703554557746,101.14343131866259,39495100,3.5461027077542298,2.8751420373944967
2018-11-15,100.37618255615234,100.86272286540327,97.2230575659847,98.2335506343939,38505200,3.639665299418567,2.8696059473898266
2018-11-16,101.32117462158203,101.87320270794378,99.92706313885574,100.18904305363198,33502100,1.9461395690880323,2.5381467710229333
2018-11-19,97.88737487792969,101.57381856991371,96.88623304561455,101.30248012996041,44773900,4.687585524299166,2.588829798137073
2018-11-20,95.16463470458984,96.34355166556425,92.95650769634763,95.24884662815442,64052500,3.38704396921662,2.6477642850085124
2018-11-21,96.47454833984375,97.70960190994444,95.66053300152458,96.9330133026488,28130600,2.049068908419855,2.6750117548562002
2018-11-23,96.43711853027344,97.1294951860587,95.43597670721489,95.59503495517306,13823100,1.6935184788438136,2.6402636318064614
2018-11-26,99.6183090209961,99.76800878662381,97.8499372628592,98.04642222060573,32336200,1.9180715237646098,2.6548272070953294
2018-11-27,100.24520111083984,100.42297629339376,98.57975089034167,99.4311857963454,29124500,1.843225403052088,2.6161325486074296
2018-11-28,103.96906280517578,104.16554775354606,100.91885259577063,100.94692085433529,46788500,3.2466951577754344,2.6590533719105514
2018-11-29,103.09892272949219,103.96907453525795,102.0135690197549,103.22991270985104,28123200,1.9555055155030487,2.7122248923470846
2018-11-30,103.75386810302734,103.82872155665649,102.32232970985662,103.5760929352627,33665600,1.5063918467998718,2.640820119856175
2018-12-03,104.87663269042969,106.12104448515083,103.6041597759384,105.72807459368657,34732800,2.516884709212434,2.5637359831418016
2018-12-04,101.5363998413086,105.39126769207138,101.24635158262008,104.7363177084459,45197000,4.144916109451302,2.7200581944713624
2018-12-06,102.16328430175781,102.21006236233555,98.2429216213361,99.01015177131833,49107400,3.9671407409994544,2.750132339703164
2018-12-07,98.07450103759766,102.40654331728139,97.58796782391285,101.40540148856749,45044900,4.818575493368542,2.8343402106995907
2018-12-10,100.666259765625,101.03116867189634,97.2043686363231,98.05581085358908,40801500,3.8268000355732426,2.9686731011628202
2018-12-11,101.60187530517578,103.81000216602375,100.52588727301165,102.7340141338596,42381900,3.2841148930121022,2.86842519892803
2018-12-12,102.06036376953125,104.1094255903541,102.02293703757942,103.75388234444064,36183000,2.086488552774682,2.775528383467891
2018-12-13,102.4065170288086,103.73514061970246,101.63928710598508,102.52815565481845,31333400,2.095853513717387,2.778870140989144
2018-12-14,99.20663452148438,102.2287769927059,98.71074283234098,101.28377167394228,47043100,3.5180341603649197,2.9091926896692226
2018-12-17,96.2686996459961,98.99143528773176,95.1646361253914,98.6265336031472,56957300,3.8267991623403645,3.0455303781389196
2018-12-18,97.27918243408203,97.78443247697321,95.92249052120276,97.07333903085777,49319200,1.8619419557704475,3.0468672747616594
2018-12-19,97.01722717285156,100.0019358628918,94.82780976389968,96.97980044107932,68198200,5.174126098992119,3.184540913419994
2018-12-20,94.97753143310547,97.5973388180286,92.42321191592461,96.41842870710232,70334200,5.174126902103993,3.414442441034347
2018-12-21,91.90859985351562,96.37163250940587,91.1881477294741,95.089793662508,111242100,5.183484779931774,3.6770919362580545
2018-12-24,88.07243347167969,91.66532100814912,87.93209215802052,91.39398257104341,43935200,3.7332288501285973,3.763973660609209
2018-12-26,94.08863830566406,94.21027695616014,87.91337095954383,89.017434450094,51634800,6.296905996616317,3.9176872239781386
2018-12-27,94.66873931884766,94.67809778519059,90.19634895497337,92.90972598254437,49498500,4.481748830217214,3.95444494463655
2018-12-28,93.9295654296875,95.81957563620148,93.11555028469377,95.52016185912277,38196300,2.7040253515077097,3.8034056487893477
2018-12-31,95.03365325927734,95.81024188243391,93.97637485534001,94.77167327518096,33173800,1.833867027093902,3.6610532910408233
2019-01-02,94.61260223388672,95.2020571184505,92.57289202679499,93.14363711720264,35329300,2.6291650916555085,3.6142711623724955
2019-01-03,91.13199615478516,93.74245148047763,90.9448625191118,93.65823955982005,42579100,2.7975889613658325,3.6650640487004345
2019-01-04,95.37047576904297,95.91315261010045,92.56353545264427,93.30269725923947,44060600,3.34961715745618,3.754618594681777
2019-01-07,95.49211120605469,96.62424299027653,94.48161807579945,95.09914125882105,35656100,2.142624914477082,3.65637507711836
2019-01-08,96.18450164794922,97.27920677896326,95.16464284176976,96.40905489929126,31514400,2.114563937193495,3.534072561036441
2019-01-09,97.55988311767578,98.13062820412024,96.59616811091757,97.1762716635842,32280800,1.534460093202668,3.5106809994244563
2019-01-10,96.93302154541016,97.0733700140783,95.79153113659144,96.57747827808123,30067600,1.281838877486848,3.2326604836026513
2019-01-11,96.18450164794922,96.78331507714078,95.09914784602752,96.54940335828722,28314200,1.684167231113264,2.9833776499604565
2019-01-14,95.48274230957031,96.24997226756568,94.74358060858178,95.34239388611878,28437100,1.506391658983901,2.720728141321323
2019-01-15,98.25227355957031,98.28970028859682,95.32369447440924,95.91315653355343,31587600,2.9660058141875822,2.6659264958969646
2019-01-16,98.59845733642578,99.42183109003462,98.20548739315899,98.48618428887447,29853900,1.2163436968756258,2.3030291887726295
2019-01-17,99.29083251953125,99.7680072071823,98.01835240895919,98.24290562305485,28393000,1.749654798223105,2.1078796150587644
2019-01-18,100.77849578857422,100.9562709292653,99.09433616891044,100.5445841354195,37427600,1.8619347603548562,2.047730287119275
2019-01-22,98.87913513183594,100.20775161961642,98.11190518862578,99.88027673015182,32371300,2.0958464309906333,2.066443101683327
2019-01-23,99.84286499023438,100.15163013452457,98.56102635808371,99.29083682779277,25874300,1.590603776440858,1.9922601505965665
2019-01-24,99.36569213867188,100.11421247045405,98.56103528045266,99.983222483155,23164800,1.5531771900013922,1.9033735954991065
2019-01-25,100.27326202392578,100.93757037001572,99.36568352034345,100.3387570118947,31225600,1.5718868496722678,1.776392859228827
2019-01-28,98.31777954101562,99.62768664969413,97.92480954993792,99.42184318624786,29476700,1.7028770997562077,1.744982301034479
2019-01-29,96.31546783447266,98.21482937997754,95.5950159209531,98.1306174700258,31490500,2.619813459024442,1.7810715525938323
2019-01-30,99.53411102294922,99.53411102294922,97.6160392309377,97.88737767865446,49471900,1.9180717920115171,1.8084723882230358
2019-01-31,97.70958709716797,98.44874886138311,96.54002869905881,97.12013223435142,55636400,1.9087201623243004,1.8532496228542823
2019-02-01,96.16580200195312,97.40085581400545,95.76347348765621,97.10144904558128,35535700,1.6373823263492397,1.8499078439425662
2019-02-04,98.93528747558594,98.99143113591866,96.15641542613052,96.24998581387895,31315100,2.835015709788138,1.9448095618571546
2019-02-05,100.32008361816406,100.36686169030459,99.14116626854087,99.23472955124284,27325400,1.2256954217637173,1.8205016766840214
2019-02-06,99.20663452148438,100.11421310957806,98.73881109573868,100.11421310957806,20609800,1.375402013839377,1.831862985038575
2019-02-07,98.49552917480469,98.79493584605552,97.57859936715693,98.42068286080557,29760700,1.2163364788985973,1.793768819372539
2019-02-08,98.86980438232422,98.97272611049542,97.55054598968673,97.6721775146076,21461100,1.4221801208086902,1.76235777369067
2019-02-11,98.47683715820312,99.72124926021628,98.2148571658676,99.36569886625857,18914100,1.5063920943486835,1.7202538925019593
2019-02-12,100.01129150390625,100.24520321705758,98.69203315371065,99.30955636445228,25056600,1.5531700633469256,1.7175800558523926
2019-02-13,99.93644714355469,100.84402581538083,99.84288387745728,100.58204581494022,18394900,1.001141937923549,1.678148966418261
2019-02-14,100.02063751220703,100.38553916819592,98.86043755825307,99.46860222595582,21784700,1.5251016099428512,1.6748071635804453
2019-02-15,101.25570678710938,101.33056025094537,100.45104989692045,100.9656585377689,26606900,0.8795103540249158,1.6159952531710675
2019-02-19,101.20890808105469,101.66738013205165,100.84400641657516,100.85336488291054,18038500,0.8233737154764924,1.4876781286319283
2019-02-20,100.68272399902344,101.4250426458207,99.87463064523934,101.34986950386279,21607700,1.5504120005813604,1.4614167149583455
2019-02-21,102.80632019042969,102.87209489839475,100.41962666456043,100.44781480098753,29063200,2.452468233834324,1.5002558629233473
2019-02-22,104.27214050292969,104.48825428641365,103.1915500787975,103.40767103118559,27763200,1.2967042076161448,1.475921711585269
2019-02-25,104.85472869873047,105.40912163672766,104.54465204649671,105.01447341104463,23750600,0.8644695902309536,1.3351684173311844
2019-02-26,105.57826232910156,106.40514538682282,104.46008513749797,104.54465671472362,21536700,1.9450602493248539,1.386551619299837
2019-02-27,105.39971923828125,105.5782536441448,104.18757930306504,104.94869475986418,21487100,1.3906743410797588,1.3876424998170072
2019-02-28,105.26818084716797,106.06687578663566,104.98629231089409,105.2775792823821,29083900,1.0805834757415766,1.3779458567343628
2019-03-01,105.73798370361328,106.19840658369955,104.92989047061859,106.07625562295544,23501200,1.2685161130809632,1.3669698561823824
2019-03-04,105.48429107666016,106.41453533855149,104.11241360055536,106.19841436411974,26608000,2.3021217379961314,1.4238076878714858
2019-03-05,104.95809173583984,105.6064475238586,104.51646566762534,105.47489811308745,19538300,1.0899818562332655,1.3907228159347957
2019-03-06,105.00505065917969,105.86012878571064,104.70436534225854,105.11781034136392,17687000,1.155763443452102,1.4017672091868352
2019-03-07,103.7271499633789,104.81713886167553,103.23853894721778,104.67619103256415,25339000,1.5785999144577545,1.4055885166521855
2019-03-08,103.83991241455078,104.02783807908062,102.23312432543547,102.57139625671286,22818400,1.794713753645155,1.4709601880536312
2019-03-11,106.01988220214844,106.13263473234959,104.28154472880374,104.2909359937175,26491600,1.851090003545849,1.5443684943442995
2019-03-12,106.76220703125,107.10987024500496,105.8507524577428,106.01048999751697,26132700,1.2591177872621557,1.5235617648214992
2019-03-13,107.58907318115234,108.05889446141938,106.91252939054318,107.24140285294936,35513800,1.1463650708762003,1.4302686817530617
2019-03-14,107.67366790771484,108.24685060464786,107.42936593475434,107.62669006779436,30763400,0.817484669893517,1.3960387147728741
2019-03-15,108.91399383544922,110.17311167061027,107.67365853193387,108.37839058952838,54681100,2.499453138676401,1.5128232539475488
2019-03-18,110.47378540039062,110.51137196643006,109.045531735414,109.1582842646279,31207600,1.4658402310160596,1.4785932526397778
2019-03-19,110.5489501953125,111.29126868857384,109.9287826557889,110.96238805275766,37588700,1.3624860327849433,1.4765798020472911
2019-03-20,110.42680358886719,111.58256722900994,109.66569531908091,110.30465262239059,28113300,1.9168719099290286,1.5363146902035376
2019-03-21,112.9638671875,113.52765147676223,110.02278041085665,110.06976542200609,29854400,3.5048710659055757,1.69605432969101
2019-03-22,109.98516845703125,112.37185433632607,109.97577002380137,112.28728994396941,33624500,2.3960843125246925,1.7027659421573358
2019-03-25,110.55838012695312,110.88725368756303,109.29925499202466,109.52476726659917,27067100,1.5879986955383742,1.738338573536272
2019-03-26,110.79327392578125,111.54498378259086,109.79724779137383,111.46041938087303,26097700,1.7477359912170272,1.7806223269480523
2019-03-27,109.7220687866211,111.07515649297636,108.54751547732783,110.76507269878586,22733400,2.527641015648527,1.8484109770331076
2019-03-28,109.87242126464844,110.48319045380126,109.12070423662882,110.35164104923355,18334800,1.3624862171724317,1.8175375815707702
2019-03-29,110.82146453857422,111.17852619087778,109.90061151992131,110.94361551120056,25399800,1.2779146709564628,1.7765964863858141
2019-04-01,111.83626556396484,111.92083713068484,110.9717960425189,111.77049086491796,22789100,0.9490410881659415,1.7544481507360845
2019-04-02,111.99600219726562,112.26849940766358,111.36643621584082,111.87384407290212,18142300,0.9020631918227622,1.7369980165179817
2019-04-03,112.72893524169922,113.1611700210368,111.95842851872271,112.62557397175928,22860700,1.2027415023140833,1.7645163616908792
2019-04-04,112.15574645996094,112.9732381403075,111.23489351535545,112.85108000859908,20112800,1.738344624952049,1.7101514678534255
2019-04-05,112.65377807617188,112.97326036552508,112.16516695992713,112.18395666216868,15826200,0.8080934055979441,1.6631695517521317
2019-04-08,112.69134521484375,112.77590961370556,111.47920531549212,112.57858551412339,15116200,1.2967042982134416,1.6584708564255959
2019-04-09,112.0805892944336,112.32489842374908,111.42284221809051,111.46982005559761,17612000,0.9020562056585675,1.5859840204062772
2019-04-10,112.9356689453125,113.08600806351042,112.32489969953937,112.53162225985386,16477200,0.7611083639710472,1.3900009702680964
2019-04-11,113.06719970703125,113.55581072169011,112.68194278657161,113.26452379961873,14209100,0.873867935118497,1.281271229024797
2019-04-12,113.64978790283203,113.67798320725163,113.10480055544288,113.35850094397703,19745100,0.5731826518087502,1.2087843687583952
2019-04-15,113.74373626708984,114.24174568348323,113.29270467797846,113.64037501060399,15792600,0.9490410055047676,1.1517347269218052
2019-04-16,113.48065185546875,114.30754206424058,112.85109293299404,114.29814362943947,14071800,1.4564491312465435,1.0752210208930921
2019-04-17,114.42029571533203,114.4954688566591,113.2645391352761,113.92228619962457,19300900,1.2309297213830064,1.0658241283367045
2019-04-18,115.92371368408203,116.06465434326424,113.97865372941985,114.81493509545452,27991000,2.0860006138443907,1.1235445528286994
2019-04-22,116.2901840209961,116.5156962645373,115.17200689989167,115.2189919030442,15648700,1.343689364645627,1.1517337154343912
2019-04-23,117.8687973022461,118.00034672316242,116.35597179280253,116.60967219916809,24025500,1.6443749303598878,1.2047559824727574
2019-04-24,117.46473693847656,118.25403337214976,117.00430684992892,118.19765710371738,31257000,1.2497265222208398,1.2081120553232398
2019-04-25,121.3548355102539,123.44084321991687,121.0541573352636,122.20991371349042,38033900,2.386685884653275,1.2544221453018989
2019-04-26,122.05016326904297,122.64214262980111,121.2326788853725,121.87162890069962,23654900,1.4094637444286207,1.29737716950409
2019-04-29,121.93741607666016,122.32265862020905,121.54276793154186,122.05955985679685,16324200,0.7798906886671944,1.2604619116793583
2019-04-30,122.71733856201172,122.81129422642175,121.58036462151854,121.97501282278304,24166500,1.23092960490321,1.2839528687682613
2019-05-01,120.16149139404297,122.76429820461674,119.99235544169818,122.65154568232289,26821700,2.771942762918556,1.4275838972645118
2019-05-02,118.59229278564453,120.27425391551279,117.94393709158189,120.25546421765632,27350200,2.3303168239309002,1.5316159607511122
2019-05-03,121.11990356445312,121.61791290562708,119.56949928914636,119.67286053002053,24911100,2.0484136164807154,1.636989601084824
2019-05-06,120.41519927978516,120.80045620549538,118.49833459169527,118.76143338539762,24239800,2.302121613800111,1.7336382159630628
2019-05-07,117.9439468383789,119.50375713882124,116.72241564744559,118.82721325761274,36017700,2.781341491375656,1.8282733845437136
2019-05-08,117.93455505371094,118.74264833393927,117.22042460792444,117.86878035271118,28419000,1.522223726014829,1.8490800991602723
2019-05-09,117.92516326904297,118.19766052252292,116.11165250332857,116.78819641970567,27235800,2.0860080191943524,1.849080628113841
2019-05-10,119.45677185058594,120.20848886543891,116.34655686021867,117.37077111373321,30915100,3.8619320052202397,2.028955102440599
2019-05-13,115.90491485595703,117.97213290547487,115.61362794003622,116.6190452489835,33944900,2.358504965438641,2.07996439066051
2019-05-14,117.20162200927734,118.28220523978557,116.23378413122381,116.39352881798851,25266300,2.0484211085617545,2.137014003970575
2019-05-15,118.85208129882812,119.50283696020686,116.66404130765521,117.19219385410436,24722700,2.838795652551653,2.1693075588204596
2019-05-16,121.5965805053711,122.02099645719915,119.26707773925698,119.54058368569899,30112200,2.7539187179421702,2.26534005692857
2019-05-17,120.78550720214844,123.0395657012684,120.64403042485117,121.0118470204102,25770500,2.3955352764172346,2.380743241767859
2019-05-20,119.04073333740234,120.33280449761011,118.6068985424366,119.32366531910581,23706900,1.7259059551735163,2.416098695358595
2019-05-21,119.68205261230469,120.27621623344382,119.38025418952009,120.181905575469,15293300,0.8959620439237312,2.2821000725732503
2019-05-22,120.40824127197266,120.94582708230924,119.323650818639,119.41796866318728,15396500,1.6221762636702408,2.2315186039832033
2019-05-23,119.00299835205078,119.1067422292162,117.6449019203884,119.0218576045165,23603800,1.4618403088277887,2.189620510579423
2019-05-24,119.05958557128906,120.17246856943227,118.8049460832259,119.69148207026386,14123400,1.3675224862063686,2.1228634300370124
2019-05-28,118.98412322998047,120.71946204303762,118.88037936665198,119.75748199587605,23128400,1.8390826763856438,2.0555592289662976
2019-05-29,117.83350372314453,118.25790516415593,116.98469364568177,118.24847194233968,22763100,1.273211518474156,2.037772642713392
2019-05-30,118.5785903930664,118.60688286795354,117.68262124747336,118.13532243199128,16829600,0.9242616204801806,1.9547907570909513
2019-05-31,116.64518737792969,117.53172328222298,116.3056632952404,117.16390672521642,26646800,1.226059986982591,1.7665141843596908
2019-06-03,113.02360534667969,117.29594907331234,112.24082046721445,116.80552217523817,37983600,5.055128606097895,1.9591301586924945
2019-06-04,116.15475463867188,116.26792452321484,113.78751954929774,114.38168302946914,29382600,2.4804049739171035,1.9899861490750195
2019-06-05,118.67291259765625,118.71063829965995,117.14505404599528,117.84296154445883,24926100,1.5655842536646674,1.8990424777259491
2019-06-06,120.54969787597656,120.69116743213999,118.45596859199114,119.24819378924208,21459000,2.235198840148854,1.8619910578835694
2019-06-07,123.92608642578125,124.72774498544376,120.9646872338983,121.8417971960724,33885600,3.7630577515454604,1.9596712346784426
2019-06-10,125.05783081054688,126.45364564294155,124.49195254263658,124.86919512732202,26477100,1.96169310030497,1.9765131736164037
2019-06-11,124.58628845214844,126.60456679376516,123.8129223332405,126.26504266195654,23913700,2.7916444605246653,2.1119190605164704
2019-06-12,124.01094818115234,124.46364209558156,123.27531517362482,123.92605637960679,17092500,1.1883269219567438,2.0809298218226493
2019-06-13,124.79373168945312,125.4350468257523,124.07695078314333,124.47305973042444,17200800,1.3580960426089632,2.073519517092733
2019-06-14,124.9163589477539,126.18013748598997,124.15243332972886,124.73716367619096,17821700,2.027704156261109,2.120675350668072
2019-06-17,125.29360961914062,126.12354617432133,124.99180404206983,125.08612188262495,14517800,1.131742132251503,2.0701510260870615
2019-06-18,127.47224426269531,127.54769567341856,125.97268525064415,126.55741569514294,25934500,1.5750104227744117,2.091708090679937
2019-06-19,127.9720458984375,128.19838564886882,126.1989744353689,127.32129033418873,23744400,1.9994112134999256,2.1685044901813475
2019-06-20,129.160400390625,129.83002254094734,128.00036574887366,129.63196082607152,33042600,1.8296567920736777,2.2116185476878534
2019-06-21,129.1792755126953,129.89604224199178,128.69828901695627,128.81145892398112,36727900,1.1977532250355125,1.9360917347548263
2019-06-24,129.94320678710938,130.52793718653945,129.2075735778638,129.2075735778638,20628800,1.320363608675649,1.8532316372375794
2019-06-25,125.84060668945312,129.76399283504205,125.18042498007084,129.44333520346805,33327400,4.583567854971207,2.068801894473761
2019-06-26,126.31217193603516,128.0192328088685,126.00095471112647,126.70829536768395,23657700,2.0182780977420407,2.053307555730417
2019-06-27,126.5196304321289,127.04779008860419,125.91603378703633,126.51020440627154,16557500,1.1317563015678616,1.8653574521605887
2019-06-28,126.34049224853516,126.94408909740405,125.58599258972802,126.91579661940112,30043000,1.3580965076760236,1.8222434098299496
2019-07-01,127.9626235961914,128.92461084434316,127.29301588520211,128.85859987141586,22613500,1.6315949591410543,1.7393827311596917
2019-07-02,128.81146240234375,128.82088843122256,127.6419872316011,128.37762042889418,15237800,1.1789011996214498,1.7387094652785993
2019-07-03,129.64141845703125,129.9054911846708,128.53795422760638,129.01895514578754,13629300,1.3675369570644307,1.7393838163111326
2019-07-05,129.2641143798828,129.518760985604,128.0003361588474,128.20782385374923,18141100,1.5184248267565863,1.7030067213465239
2019-07-08,129.16981506347656,129.30185138344893,127.67024224057963,128.64165539270758,16779700,1.6316091428693085,1.7387115078192241
2019-07-09,128.69827270507812,129.1792591398545,128.07580951356877,128.26443079833118,19953100,1.1034496262857374,1.7050285937843188
2019-07-10,130.00921630859375,130.69769050695328,129.22642426788042,129.33016813811668,24204400,1.471266239072861,1.6673039527538143
2019-07-11,130.5278778076172,131.30124356294397,130.0280250695167,130.3392565765962,22327900,1.2732184934272652,1.6275583599933563
2019-07-12,130.99949645996094,131.21642464364177,130.16011937560694,130.95235192435405,18936800,1.0563052680348335,1.6174549344933078
2019-07-15,130.99949645996094,131.6030933027449,130.58453532314013,131.5087898406472,16651500,1.0185579796047648,1.595897389559673
2019-07-16,129.28302001953125,131.14096942026552,128.75487459633675,131.0560919895843,22726100,2.3860948239287723,1.4389350301994992
2019-07-17,128.51910400390625,130.08467394272452,128.47194507525072,129.8677601399705,20211000,1.6127288674738054,1.4099672280374824
2019-07-18,128.6605682373047,128.84918956373735,127.01010644697065,127.84005755233603,30381800,1.8390831167667017,1.4604905719802568
2019-07-19,128.84918212890625,132.66882493002737,128.68885329114553,132.24442337232145,48992400,3.9799716388818354,1.6477673670663862
2019-07-22,130.5562744140625,131.27305581092855,129.5188496204816,129.59430105125114,25074900,1.7542061904469506,1.6565253121596644
2019-07-23,131.36727905273438,132.02747507092565,130.17895212357436,131.8105469434033,18034600,1.8485229473512845,1.7043554369975098
2019-07-24,132.71597290039062,132.73483934765318,130.95234143973366,130.99948597156595,20738300,1.7824979079195202,1.7339955049157305
2019-07-25,132.2161102294922,132.61221924749916,131.3955997201122,132.44245001642093,18356900,1.2166195273869675,1.7124379835321863
2019-07-26,133.3007354736328,133.6213932002031,132.3198958420983,132.38590683715162,19037600,1.3014973581047968,1.6888585703347212
2019-07-29,133.00831604003906,133.46100996316883,131.44273216690158,133.4515839365404,16605900,2.018277796267256,1.7542034396191153
2019-07-30,132.36700439453125,133.18751485047696,131.84828509846412,132.16894270298536,16846500,1.339229752012841,1.744772261971971
2019-07-31,128.51910400390625,132.4990758155734,127.39678769997333,132.3481730002295,38598800,5.102288115600075,2.0182772349843145
2019-08-01,130.20729064941406,132.92348389495535,129.1415592513733,129.20758463289823,40557500,3.7819246435820446,2.2129643332376867
2019-08-02,129.11326599121094,130.4525105462165,127.56654804481562,130.23558234327487,30791600,2.8859625014008827,2.346350370508838
2019-08-05,124.69002532958984,126.3121801005351,123.34135490732002,125.71802369642214,42749600,2.9708251932150773,2.38811682545786
2019-08-06,127.02896881103516,127.96264938365493,125.63315377126774,126.1895917031561,32696700,2.3294956123871913,2.4393144500945305
2019-08-07,127.58541870117188,127.93436889609885,124.33165384952251,126.18016310960044,33414500,3.6027150465763356,2.5652881593666472
2019-08-08,130.9900665283203,131.0843843784918,128.1984222193159,128.83032591187458,27496500,2.8859621591759037,2.4871446251019376
2019-08-09,129.87716674804688,131.45217669708933,128.69826579299587,130.72596967933129,23466700,2.753910904093459,2.558552104648117
2019-08-12,128.06637573242188,130.01864282763896,127.54767077016326,129.27358367740547,20484300,2.4709720574756915,2.6030127553712887
2019-08-13,130.71653747558594,130.90515874130492,127.32129712912392,128.31157676274867,25154600,3.5838616121809963,2.7316815913899655
2019-08-14,126.78008270263672,129.5620931859437,126.4867440150012,129.03218917746645,32527300,3.075349170942502,2.864447994501075
2019-08-15,126.49620819091797,127.34785205474822,125.14306141400402,127.16806009109065,28074400,2.204790640744193,2.928968943261032
2019-08-16,128.81460571289062,129.12687379653931,127.48037329333914,127.63177862580041,24449100,1.6465005032001727,2.902413422327669
2019-08-19,130.97203063964844,131.10450664474507,129.53370941374092,130.4421266192619,24355700,1.5707972310041498,2.918953956541334
2019-08-20,129.8838348388672,131.2559254227919,129.8649200067657,130.78279472179804,21170800,1.3910054160262177,2.6538623351432014
2019-08-21,131.3316192626953,131.99401382354478,130.58407907613025,131.10452575731034,14970300,1.4099347474145247,2.48443448541695
2019-08-22,130.3759002685547,131.71958978297036,128.96596552260124,131.20861495757995,18697000,2.753624260369122,2.474981753914681
2019-08-23,126.22183227539062,130.91529609117305,125.66354140542228,129.81762918700056,38508600,5.251754685750768,2.637905289095802
2019-08-26,128.17112731933594,128.27521667003532,126.70441899177412,127.73585508099728,20312600,1.5707976782612008,2.583712579515374
2019-08-27,128.44552612304688,129.37285824127366,127.423562090412,129.06059025029055,23102100,1.949296150861656,2.4656112298214685
2019-08-28,128.27517700195312,128.46442637048108,126.3731970242249,127.63172626119776,17393300,2.091229346256185,2.408844600327203
2019-08-29,130.69761657714844,131.00042714796504,129.55264839840464,129.87437380079524,20168700,1.447778749560399,2.315549446431984
2019-08-30,130.45156860351562,131.70062586970693,128.9470167724307,131.67223918902985,23940100,2.7536090972762395,2.3357378064177374
2019-09-03,128.7294158935547,129.82708276526384,128.40769042940715,129.26879191180686,18869300,1.419392335856685,2.181132858108858
2019-09-04,130.23397827148438,130.29075165276046,129.1457688547412,129.92171023566092,17995900,1.1449827980192708,2.043249545757199
2019-09-05,132.52394104003906,132.83620910322242,131.3032554804308,131.63445281863304,26101800,1.5329536227916094,1.9952611873320143
2019-09-06,131.625,132.64694986583015,130.77335586006583,132.50501639524452,20824500,1.8735940057643177,2.0114821518008816
2019-09-09,130.12989807128906,132.24005737690638,129.12686309477516,132.08865205699325,25773900,3.113194282131218,2.1216533697385294
2019-09-10,128.76727294921875,129.53374249148942,127.28163539094666,129.4485824176383,28903400,2.2521071005427586,2.1831606329182827
2019-09-11,128.8051300048828,128.9470779143746,127.83048166936099,128.6064231459238,24726100,1.1165962450136107,2.1622078827467885
2019-09-12,130.12989807128906,130.98152772788984,129.51481937369425,130.44216612905763,27010000,1.466708354195589,2.0702853180201077
2019-09-13,129.94061279296875,130.64083693647956,129.23091679532268,130.3758849191292,23363100,1.4099201411568743,1.7958685648348296
2019-09-16,129.0038299560547,129.35394208501495,128.3698364938922,128.53069921365244,16731400,0.9841055911227556,1.7539619871820835
2019-09-17,130.00685119628906,130.1298697968399,129.0984339129961,129.59996573108685,17814200,1.0314358838438125,1.6884005395379518
2019-09-18,131.07611083984375,131.21804425014176,129.19304577668646,129.97844433753696,23982100,2.024998473455298,1.683669762909317
2019-09-19,133.48912048339844,134.7192489168912,132.54285895683168,132.7604950650766,35772100,2.1763899600595096,1.7357134208021106
2019-09-20,131.9467010498047,134.03793080267528,130.82064759573402,133.43232404235206,39167300,3.2172832069412607,1.7688330000638979
2019-09-23,131.66282653808594,132.1264998781188,131.00044636575674,131.7479866090701,17139300,1.1260535123620627,1.7478802269571392
2019-09-24,129.9973907470703,133.1295135502643,129.52426006528748,132.81724556763135,29773200,3.605253484976828,1.9236138474541076
2019-09-25,131.87100219726562,132.43876486839468,128.71994969398878,130.11095524333092,21382000,3.718815174405904,2.079746815426557
2019-09-26,132.04129028320312,132.6468969139585,131.00041155720535,131.9466728201857,17456600,1.6464853567531463,2.0635247690686165
2019-09-27,130.32859802246094,132.8172704961554,129.30663382534084,132.6185492194354,22477700,3.510636670814563,2.0919135111174265
2019-09-30,131.55870056152344,131.73849250940805,130.37587399786247,130.63136857847746,17280900,1.362618511545577,2.0283786119033422
2019-10-01,129.7040557861328,132.71316007868177,129.63781055814192,132.15486932334264,21466600,3.075349520539845,2.168289560155216
2019-10-02,127.41407775878906,129.0416483433697,126.40158568002407,128.92810160824132,30521700,2.640062663345631,2.252100582237362
2019-10-03,128.95651245117188,129.40125649881327,126.06095465252228,127.69798295878286,24132900,3.340301846290984,2.3899849897469414
2019-10-04,130.69761657714844,130.820635176393,129.08897512639277,129.40124311299635,22897700,1.7316600500002437,2.443381736809619
2019-10-07,129.7513885498047,130.7544235555265,129.6567710512083,129.77031782504656,15303700,1.097652504318205,2.4481114954149326
2019-10-08,128.37930297851562,130.3569861561326,128.3319870131725,129.71353523164314,25550500,2.024999142960098,2.448111543236704
2019-10-09,130.8112335205078,131.24650585309348,129.60947701837034,130.07315048802877,19749900,1.6370288347231394,2.4095857485698207
2019-10-10,131.625,132.1643616270322,130.8206718298633,131.0477798216071,17654600,1.3436897971689064,2.2757576478717954
2019-10-11,132.173828125,133.45128720325147,132.00350794859727,132.5901855857281,25446000,1.4477792546541934,2.298738058035519
2019-10-14,132.05078125,132.75100544512486,132.02239456310593,132.1832572684401,13304300,0.728610882018927,2.093263586395669
2019-10-15,133.9622344970703,134.1703987231871,132.29680517771013,132.5333705297735,19695700,1.8735935454769788,1.9614620414721742
2019-10-16,132.86456298828125,133.41339631785604,132.03184835874671,133.2241324920144,20751600,1.3815479591093265,1.9425379416404727
2019-10-17,132.18324279785156,133.82027079767897,131.54924946195078,133.37552683328863,21460600,2.271021335728193,1.8539939891343036
2019-10-18,130.02578735351562,132.47660100682907,129.22145935759556,132.24949306427663,32273500,3.255141649233508,1.98917421325487
2019-10-21,130.99102783203125,131.05727309563292,129.64733766724595,131.0099571128904,20078200,1.409935428386973,1.870216063815379
2019-10-22,129.0416717529297,132.48606291842205,128.93758241391188,131.50195734491172,27431000,3.5484805045101666,1.9351030524699888
2019-10-23,129.8649444580078,130.06365130410842,128.32253346194244,129.52428971160091,29844600,1.741117842165977,1.8208756236039167
2019-10-24,132.41981506347656,132.87401646667143,131.21805911124613,131.89936843543958,37029300,1.6559573554253006,1.8154682882771351
2019-10-25,133.1673583984375,133.5553290249875,131.71957965916815,131.85205567325806,25959700,1.8357493658193391,1.8681894926700733
2019-10-28,136.44140625,137.84186879865334,135.7979411186943,136.64011301847367,35280100,2.0439276799590402,1.8695415310271406
2019-10-29,135.15455627441406,136.7348115331787,134.98422166536253,136.33738336380142,20589500,1.7505898678161884,1.8776530333909298
2019-10-30,136.83889770507812,137.20793917081286,135.11669457244474,135.80747597248705,18496600,2.091244598368121,1.9310498049051594
2019-10-31,135.66552734375,137.14169319887608,135.30595773724932,137.11330650464726,24605100,1.8357354616267685,1.9587609625460576
2019-11-01,135.99668884277344,136.6590689315044,135.28699279653247,136.5076636429936,33128400,1.372076134971934,2.0047227663284155
2019-11-04,136.78211975097656,137.2079345912571,136.41307829755922,137.04707184887585,16912000,0.794856293697876,1.9276701054870509
2019-11-05,136.69691467285156,137.22681869421658,136.17646806658175,137.1795027411372,18250200,1.0503506276348276,1.9040131532388724
2019-11-06,136.31842041015625,136.7537070245888,135.50463499615046,136.61175914564606,16575800,1.2490720284383485,1.8310167741467407
2019-11-07,136.5076446533203,137.0943364549838,136.04398587511005,136.11021665536822,17786700,1.0503505798737365,1.6735316977638999
2019-11-08,138.11634826660156,138.14473495924582,136.0345612139826,136.2427399192445,16732700,2.1101737452632108,1.7235487203979167
2019-11-11,138.25830078125,138.55163960486556,136.95245498444993,137.52967521243175,14362600,1.5991846204156275,1.5843133001054497
2019-11-12,139.1666717529297,139.63980245539213,138.21093849312152,138.41911715730924,18641600,1.4288639622706114,1.562009451541495
2019-11-13,139.39378356933594,139.5357314620123,138.4191353492728,138.8544220058199,16919200,1.1165961127395008,1.5234836484925094
2019-11-14,140.10342407226562,140.43462125149918,139.10038955979743,139.1193188257306,19729800,1.3342316917017456,1.4876609574841098
2019-11-15,141.9108123779297,141.92974164733593,140.30217100964686,140.92669251203296,23485700,1.6275706376890753,1.457921168750541
2019-11-18,142.2609405517578,142.45966180601263,140.9740244236987,142.00546036046342,21534000,1.4856373823139393,1.438995991214666
2019-11-19,142.30821228027344,143.19770006216396,142.12842035344886,142.77188543688422,23935700,1.0692797087151007,1.365998499096593
2019-11-20,142.06137084960938,143.21973905912267,140.95998368129497,142.71651518803137,25696800,2.2597553778277017,1.3962856359680882
2019-11-21,141.92849731445312,142.23233836311604,140.99800945681545,141.85253705228737,18576100,1.2343289063005898,1.3864465482058494
2019-11-22,142.03292846679688,142.70706667971493,141.30183817214876,142.48869000001076,15901800,1.4052285075661644,1.4300445634821557
2019-11-25,143.5900421142578,143.70398971346074,142.34622402312368,142.4221842599477,22420900,1.357765690337061,1.4520027822466008
2019-11-26,144.3496551513672,144.71995231545992,143.6755314749622,143.7135043560251,24620100,1.0444208404977076,1.437384840250841
2019-11-27,144.62501525878906,144.79591495830078,143.86542723355166,144.63450485722754,15184400,0.9304877247491277,1.4288232077419403
2019-11-29,143.73251342773438,144.60603466505887,143.63755948300738,144.41614126354276,11977300,0.9684751820514919,1.3472733103696746
2019-12-02,141.9949493408203,144.15976582063908,140.82709125016626,144.1407721356058,27418400,3.3326745704728182,1.4710940210880454
2019-12-03,141.76705932617188,141.88099245305773,139.24143543533958,140.03901078734793,24066000,2.639557017718147,1.557572096477155
2019-12-04,142.27980041503906,142.59311654269516,141.6626287826511,142.55514365956435,17574700,0.9304877600440591,1.544278642713195
2019-12-05,142.355712890625,142.72602447622063,141.9284492376203,142.46966048924432,17869100,0.7975752386003307,1.5059460389202368
2019-12-06,144.08380126953125,144.19773440045816,142.67857286566638,143.36220062710038,16403500,1.5191615347917775,1.4982025315704297
2019-12-09,143.71348571777344,144.52055059307088,143.28622204353016,143.4381425239518,16687400,1.2343285495407201,1.480251900658057
2019-12-10,143.49508666992188,144.2166871073178,143.1437688028266,143.6469926386832,16476100,1.0729183044911963,1.4805118003563495
2019-12-11,144.03634643554688,144.19775655847502,142.7355613644598,143.8844259123421,18856600,1.4621951940152087,1.4235432157983143
2019-12-12,145.49850463867188,145.68839798152246,143.39065521078382,143.98881851636642,24612100,2.297742770738637,1.4995013489724605
2019-12-13,146.72337341308594,147.0651873288227,145.10925777852694,145.27066789318906,23845400,1.9559295502957639,1.5388371377388605
2019-12-16,147.67286682128906,148.024170364617,146.998743022582,147.2740863020668,24144200,1.0254273420349875,1.5150986842887124
2019-12-17,146.8752899169922,147.84376506645128,146.64740915007906,147.5968906136444,25425600,1.1963559163722266,1.5259511897083209
2019-12-18,146.57144165039062,147.62536660237717,146.3910378631594,146.50498548495298,24129200,1.2343287392177729,1.547654119313224
2019-12-19,147.84371948242188,147.90068603460156,145.9827300129324,146.22010030563635,24958900,1.9179560216691698,1.6154741792859153
2019-12-20,149.4578399658203,150.48328140583862,148.3944111643568,149.40087341158596,53477500,2.0888702414818283,1.526631012929416
2019-12-23,149.4578399658203,150.1319635081712,149.32491317662905,150.1319635081712,17718200,0.8070503315421433,1.3957376782025588
2019-12-24,149.42938232421875,149.74271291419478,149.18250789627257,149.52432176825226,8989200,0.5602050179222147,1.3692889109081412
2019-12-26,150.6541748046875,150.7111413565533,149.44832966777443,149.60025013137175,14520600,1.2628116887788678,1.402520085920894
2019-12-27,150.9295654296875,151.48975596266368,150.22694399799698,151.39480203018746,18412800,1.262811964666696,1.384209402340531
2019-12-30,149.62876892089844,150.98653484366739,148.81221434517386,150.95805156097413,16348400,2.174320498493529,1.4513516844085887
2019-12-31,149.73316955566406,149.7996401881957,148.5463181570175,148.85015906927845,18369400,1.253322031178186,1.4642376648862307
2020-01-02,152.5056610107422,152.6101045190427,150.3313555044007,150.75861913365446,22622100,2.2787490146419884,1.5225629377881436
2020-01-03,150.60671997070312,151.86953184497025,150.0750127579454,150.32188716953644,21116200,1.7945190870248666,1.4866183889514457
2020-01-06,150.99603271484375,151.0625033700607,148.60333542196298,149.14454679865977,20813700,2.459167948097729,1.5225639887944433
2020-01-07,149.6192626953125,151.60367510473966,149.37240277675932,151.27136534760285,21634100,2.2312723279803492,1.6086957735048262
2020-01-08,152.00245666503906,152.67659475751987,149.97056727826134,150.90105488844765,27746500,2.7060274792585233,1.7165294565681333
2020-01-09,153.9014434814453,154.02488070506504,152.89499547083327,153.66407312090712,21385000,1.1298852342317787,1.7090692062119908
2020-01-10,153.18931579589844,154.97434534980923,153.0373953045155,154.59455860928736,20725900,1.9369500452937132,1.7104259221851723
2020-01-13,155.0313262939453,155.05980957773,153.1133697541345,153.58811046779502,21626500,1.9464398235954832,1.7002523209075764
2020-01-14,153.9394073486328,155.33514601452856,153.55011653968288,155.13574856742852,23477400,1.785029474845686,1.7701079740006864
2020-01-15,154.9363555908203,155.65797066977998,154.35718589124411,154.40464836712493,21417900,1.3007847785358706,1.8230065283302335
2020-01-16,157.7753143310547,157.84178497982282,155.74342481976777,156.04726580624668,23865400,2.0983601600550514,1.882688561992818
2020-01-17,158.65829467773438,159.00959804211422,157.07264852061147,158.96212109040385,34371700,1.9369495215027541,1.930841244623965
2020-01-21,158.088623046875,159.69324862590065,158.0221524073018,158.259522712177,29517200,1.6710962185988478,1.8948966532029163
2020-01-22,157.32908630371094,159.0286663522028,157.3100926165268,158.94320200384328,24138800,1.7185737356760171,1.9281289178099041
2020-01-23,158.2975311279297,158.37349137414458,156.92078607413185,157.7943071736997,19680800,1.452705300012724,1.8691257953363853
2020-01-24,156.702392578125,159.06660630924776,156.14220206963714,159.0476126259956,24918100,2.924404239610624,1.9498318776639394
2020-01-27,154.0818328857422,155.1262681697583,152.10690993192532,153.00891432015612,32078100,3.0193582378329893,1.9898454697878865
2020-01-28,157.1011962890625,157.386029114127,154.83193635911937,155.50606002902032,24899900,2.5540927550076447,2.0129040717184075
2020-01-29,159.55084228515625,160.22498042935823,157.3195697689756,159.36094890964196,34754500,2.905410660382614,2.0271457275129854
2020-01-30,164.05137634277344,165.25722163927998,162.16190335753365,165.25722163927998,51597500,3.09531828174633,2.1675338023354533
2020-01-31,161.6302490234375,163.69062236086273,161.01309177742172,163.5102330263836,36142700,2.677530583441012,2.2204324122031176
2020-02-03,165.570556640625,165.68448976248862,161.7916105688836,161.82009384934952,30107000,3.892879193605012,2.359463795775227
2020-02-04,171.0205535888672,171.51428788242515,167.40303244015183,168.19110359535253,36433300,4.111255442273318,2.5256227934486293
2020-02-05,170.81166076660156,174.89443279267977,169.39694306179686,174.73302272847744,39186300,5.497489730882904,2.8253874329019886
2020-02-06,174.35328674316406,174.53369054029702,170.96363094550762,171.82766255917738,27751400,3.5700595947893987,2.930508821097299
2020-02-07,174.6001739501953,176.25227717924042,173.26140139327634,173.61271944332427,33529100,2.9908757859640787,3.0057892685588223
2020-02-10,179.16712951660156,179.30005632732252,173.9924590084795,174.30578959545088,35844300,5.3075973188430225,3.265539347147692
2020-02-11,175.12232971191406,181.06607731281295,174.22981499008063,181.01860035119606,53159900,6.836262322732324,3.6310885319374284
2020-02-12,175.37872314453125,176.46113140653625,172.66320564680828,176.20476736113224,47062900,3.797925759727974,3.7986042790599464
2020-02-13,174.42918395996094,176.8218659651795,173.63160880362253,173.8310062146902,35295800,3.1902571615569855,3.817593773484686
2020-02-14,175.9863739013672,176.04334046425984,173.42276266771293,173.99245727251068,23149500,2.620577796546911,3.7891094562499665
2020-02-18,177.77139282226562,178.2176502251347,176.12879410902988,176.23323763923193,27792200,2.0888561161048074,3.7558782677569065
2020-02-19,178.30453491210938,179.1613962650694,177.53335678894416,179.04715195867632,29997500,1.6280394761252523,3.6646374688813808
2020-02-20,175.5815887451172,178.27596149526204,172.4207087578215,177.99033622154437,36862400,5.855252737440537,3.8617756442881097
2020-02-21,170.03102111816406,174.70571148986244,168.75524447726494,174.3915250882964,48572600,5.9504670125975,4.095556817799287
2020-02-24,162.70005798339844,166.18465515217062,155.40716170842933,159.72958932936746,68311100,10.777493443741292,4.587314978523308
2020-02-25,160.0152130126953,166.4607487234575,159.6153288264737,165.85142145386897,68073300,6.845419896983799,4.782612439574057
2020-02-26,162.01454162597656,164.95644881112133,160.14848344532092,161.5765954218968,56206100,4.807965365800413,4.733360699211021
2020-02-27,150.59918212890625,159.0250497653848,150.4087700779,155.49286045756762,93174900,8.61627968748482,5.093804991546408
2020-02-28,154.24559020996094,155.86412854172175,144.71532934299802,145.10568338901115,97012700,11.148799198723736,5.676513806743527
2020-03-02,164.5089874267578,164.63276179137975,154.53124824993384,157.38747246115315,71030800,10.101513541445911,6.018936394072305
2020-03-03,156.62579345703125,166.6130616388873,154.48362552167413,165.47057497886473,71677000,12.129436117213174,6.397020236535222
2020-03-04,162.37631225585938,162.51911762282631,157.68257731898743,160.41504106949054,49814400,4.836540303838888,6.471206989686002
2020-03-05,158.3014678955078,162.6810028946942,157.74926281414156,158.0920102947307,47817300,4.931740080552629,6.595598626757119
2020-03-06,153.82672119140625,155.29290988438083,148.5236579689275,154.8168725190958,72821100,6.769251915453339,6.891932492393293
2020-03-09,143.40151977539062,150.1898186025534,142.81123797390183,143.76331289372783,70419300,7.3785806286515765,7.269769957575205
2020-03-10,153.2078857421875,153.31261455858123,145.26758484382228,150.5801643410945,65354400,8.045029714758954,7.728126403191898
2020-03-11,146.26722717285156,150.14216328627552,143.90607167718443,149.59948831217446,56371600,6.2360916090910905,7.755329179738366
2020-03-12,132.39552307128906,146.11492481009816,131.93853122219355,138.33647521956644,93226400,14.176393587904613,8.342895363688873
2020-03-13,151.21804809570312,154.15044033680311,133.98548773594624,140.43103844978467,92727400,20.16495260085688,9.013428160625702
2020-03-16,128.9299774169922,142.1923879376455,128.5301077140718,133.29048207385222,87905900,13.662280223573703,9.500346755382123
2020-03-17,139.54559326171875,140.43101574371315,128.53008220611034,133.29045562115147,81059800,11.90093353760281,10.006987339082295
2020-03-18,133.6712646484375,139.00288808460238,128.54911330868097,131.3862914772269,81593200,10.453774775921403,10.138236988256336
2020-03-19,135.8705596923828,142.95398184254185,132.33835686874824,135.92768183857297,85922700,10.615624973793615,10.100153115047041
2020-03-20,130.7674560546875,140.05018368392615,129.34885962811197,139.00289578141994,84866200,10.701324055814183,10.142996723216203
2020-03-23,129.46310424804688,133.8331378449838,126.1689341603844,130.4437399557186,78975200,7.664203684599414,9.824051549458078
2020-03-24,141.23077392578125,142.43039748481058,134.49961256876347,136.86075403148243,82516700,7.930784916047116,10.045069021758666
2020-03-25,139.8788299560547,146.9337078157321,137.51768848459022,141.77346406617644,75638200,9.416019331141882,10.365374682515041
2020-03-26,148.62835693359375,149.15200083578847,141.25929476840096,141.2878558423839,64568100,7.892706067387508,10.445621407653196
2020-03-27,142.5255889892578,147.46685932924893,142.0495516081798,144.4773451571793,57042300,5.417307721069136,10.305530485683022
2020-03-30,152.5509490966797,152.90322666976797,142.8207429707394,145.134292409769,63420300,10.082483699028586,10.451062913130853
2020-03-31,150.15170288085938,156.88286325614513,149.0568082917914,151.76069687308703,77927200,7.826054964353716,10.56463172422104
2020-04-01,144.82009887695312,150.18980018520003,143.5919287730892,145.6674448705902,57969900,6.597871412110834,10.023308711664342
2020-04-02,147.81912231445312,148.02857992428844,143.15396179177512,144.58207393473876,49630700,4.874618132513319,8.931141963925516
2020-04-03,146.4576416015625,149.83750943261026,144.89623979452293,147.6667804454456,41243300,4.941269638087334,8.308212636390776
2020-04-06,157.34939575195312,158.5204436100187,150.02793870466274,152.63662871229192,67111700,8.492504905355958,8.064753448373143
2020-04-07,155.6547088623047,161.8527103645991,155.43572120612328,161.46235622358842,62769000,6.416989158475815,7.776411618555601
2020-04-08,157.21609497070312,158.68228357100458,155.66420860916136,157.73020890061215,48318200,3.0180749618432117,7.233729474844858
2020-04-09,157.2256317138672,159.3487544477742,155.5023786522089,158.38716413076,51385100,3.846375795565308,6.74409031339851
2020-04-13,157.57789611816406,157.6350328097064,154.5217441222941,156.4735003826598,41905300,3.113288687412279,6.419024956456572
2020-04-14,165.37538146972656,165.42298811281455,159.94855829037607,160.90063304210452,52874300,5.474429822438481,6.243571021198812
2020-04-15,163.64260864257812,165.2516172547934,161.12913194567304,162.99519027424256,40940800,4.12248530912035,5.865461448197274
2020-04-16,168.5552978515625,168.78380100859152,164.61370918973023,165.94662248113914,50479600,4.1700918188612945,5.599560430445401
2020-04-17,170.04054260253906,171.37344133525505,167.44136828248293,170.8974039982127,52765600,3.9320730527721253,5.493472239852758
2020-04-20,166.6702117919922,170.18337012056065,166.6035741104452,168.16497619786358,36669600,3.5797960101154445,5.0289945477875335
2020-04-21,159.7771453857422,165.3467723486189,158.14909164120678,165.18492143115105,56203700,7.1976807074121325,4.984110672291706
2020-04-22,165.2039794921875,165.66097120712655,162.63338112033648,163.17605605791945,34620200,3.0275900867900702,4.7290905776259375
2020-04-23,163.2046661376953,166.6702179488877,162.71911320274435,165.76574976299443,32790800,3.9511047461433577,4.663125335742369
2020-04-24,166.1846466064453,166.19416212381853,162.5286831390991,163.81397530484196,34277600,3.6654789847194422,4.571997431930376
2020-04-27,165.70858764648438,168.42199154998565,164.99453169385157,168.1268507472983,33194400,3.427459856134078,4.210208499843099
2020-04-28,161.67184448242188,167.25100425490083,161.2719747478428,167.17483651581279,34392700,5.979029507058044,4.178925667598973
2020-04-29,168.92660522460938,169.16462389704049,163.64260231864407,164.91837891627318,51286600,5.522021578396419,4.357778997352773
2020-04-30,170.62135314941406,171.75431010339028,167.78415942228452,171.37348594562638,53875900,3.970150681105764,4.366620060605663
2020-05-01,166.20370483398438,170.07864171625766,165.6705307427977,167.37475277045658,39370500,4.408110973459969,4.459107366751927
2020-05-04,170.26905822753906,170.42139368615116,165.470607501329,166.12754145502342,30372900,4.950786184822164,4.421704249779332
2020-05-05,172.09707641601562,174.84857265919436,171.2782913128113,171.9637864935178,36839200,3.5702813463830694,4.382261109583813
2020-05-06,173.79173278808594,175.37218048986895,172.92535573512856,173.35378650241677,32139300,2.4468247547403905,4.259170605003748
2020-05-07,174.80093383789062,175.70540196520787,173.8298135033723,175.34360890327773,28316000,1.8755884618355765,4.11227884850828
2020-05-08,175.82913208007812,176.13380292861683,174.57240114862012,176.11475736870673,30877800,1.5614017799967144,3.968107832071228
2020-05-11,177.79042053222656,178.52350753297063,174.08685082562172,174.37246159084364,30892700,4.436656707348902,3.7708918320667117
2020-05-12,173.7631378173828,178.07603478681457,173.56321027780993,177.84754617015983,32038200,4.512824509004645,3.8769800050820384
2020-05-13,171.1354217529297,175.2293457351353,168.0792556733336,173.8012337316338,44711500,7.150090061801706,4.105478956200492
2020-05-14,171.8780517578125,172.03038720290988,167.26048345491301,169.03134305352413,41873900,4.769903747996864,4.184366439291736
2020-05-15,174.38201904296875,178.09510484951207,168.51723495019067,170.47850665967295,46610400,9.5778698993214,4.623681442376545
2020-05-18,176.04812622070312,177.27629612153746,175.1436582128011,176.84786543647925,35264500,2.132637908736342,4.348939185353566
2020-05-19,174.8295135498047,177.6571770843628,174.69622364870642,176.16241256078743,26799100,2.9609534356563643,4.1660057465864195
2020-05-20,177.25448608398438,177.4358864095357,175.61235570357988,176.44296291219172,31261300,1.8235307059558181,4.012675748361423
2020-05-21,175.1254425048828,178.21876103710082,174.99178140232837,177.0062545273779,29119500,3.226979634772448,3.9283092241694573
2020-05-22,175.2018280029297,176.10882969373282,174.27574227398085,174.89632314494972,20826900,1.833087419751962,3.7056164552358717
2020-05-26,173.3496551513672,178.05644865123975,172.9009326408034,177.9036889523315,36073600,5.155516010436344,3.8188475026682482
2020-05-27,173.5788116455078,173.75066997997266,168.60469505346364,172.04170149509764,39517100,5.1459749265090124,4.011643943508864
2020-05-28,173.18734741210938,175.8128447737856,172.2135370614424,172.55723911696234,33810200,3.5993077123432045,4.134766747116552
2020-05-29,174.95358276367188,175.92740760351523,172.2421637494854,174.45712104187402,42130400,3.685243854029835,4.286469752404632
2020-06-01,174.55262756347656,174.71492930155677,173.24465707143892,174.27574875242263,22622400,1.4702722301178426,4.074585146888127
2020-06-02,176.53843688964844,176.6243587570561,173.13961372227922,175.90831405939235,30794600,3.4847450347768643,4.0011508987290005
2020-06-03,176.9680938720703,177.52183695658735,175.26868197074563,176.45254800329616,27311000,2.253154985841718,3.6513698218747157
2020-06-04,174.63856506347656,177.42636462239412,174.0466393107112,175.95609226076186,28761800,3.379725311682904,3.5520713621380042
2020-06-05,178.7247772216797,179.2307810427363,173.76974492872102,174.35212860910278,39893600,5.461036114015286,3.2580118060447103
2020-06-08,179.8322296142578,180.0136299251493,176.08970461680087,177.52179393272417,33211600,3.92392530834843,3.385960906017002
2020-06-09,181.20703125,182.06627898183794,178.7820186031382,179.4885212183588,29783900,3.2842603786997415,3.4090542590915294
2020-06-10,187.92831420898438,189.53226190698962,182.3622583446839,182.47683540252,43872300,7.170003562305709,3.790945177402236
2020-06-11,177.83689880371094,186.89724343381124,177.64595642850398,184.38632279229915,52854700,9.251287005307262,4.221252846726151
2020-06-12,179.24034118652344,183.04014821353974,176.7962293435296,181.91356347610142,43373600,6.243918870010134,4.536312236030306
2020-06-15,180.38600158691406,182.1808918134006,175.67919303595784,176.2233940561889,32770200,6.501698777442755,4.632468147959336
2020-06-16,184.806396484375,186.7253913064373,182.79192319499927,184.15717495617497,42556700,3.9334681114380317,4.545860518311408
2020-06-17,185.44606018066406,187.43189283011398,184.92095774990133,186.20028762269152,25687800,2.510935080212647,4.468119616016368
2020-06-18,187.431884765625,187.59418649761048,185.2169126322436,185.2169126322436,23061600,2.377273865366874,4.374693188254729
2020-06-19,186.3148193359375,190.2673853746656,185.57013403646454,189.59907992231373,44441100,4.697251338201056,4.605191695974958
2020-06-22,191.4894561767578,191.6708419321121,186.39120679108157,186.92585117478592,32818900,5.279635141030525,4.7333981321359335
2020-06-23,192.76882934570312,194.7164649779574,192.31055014096202,192.94067312150344,30917400,2.405914836995379,4.744309550075481
2020-06-24,188.88302612304688,194.04809831244762,187.6609777640564,192.47280592455124,36740600,6.387120548391209,4.959123495554645
2020-06-25,191.2698516845703,191.52763184875033,186.62033955121674,188.8448534415882,27803900,4.907292297533587,4.919570365805953
2020-06-26,187.44140625,190.84022936621224,186.05705610227983,190.68746967003122,54675800,4.783173263932412,4.980945219776237
2020-06-29,189.4558868408203,189.5418087103916,184.78727587720945,186.91631141951098,26701600,4.7545328331821395,5.085964680810695
2020-06-30,194.2963409423828,195.1460467529927,188.78758076895292,188.92124186608368,34310300,6.358465984039782,5.027997710934557
2020-07-01,195.43247985839844,197.0077870680301,192.63513866088167,193.9431090914506,32061200,4.372648407148432,4.679523525351783
2020-07-02,196.92185974121094,198.6021875092701,195.7189097355974,196.3681166874613,29315800,2.8832777736726882,4.439477732756251
2020-07-06,201.1608123779297,201.5713522293772,198.66897635187513,199.37547900173317,31897600,2.9023758775020667,4.182383239903345
2020-07-07,198.82176208496094,204.951103494478,198.5735384788071,200.92215713817126,33600700,6.377565015670882,4.3569615902056915
2020-07-08,203.19439697265625,203.60492228255777,199.24183073570933,200.55935767068064,33600000,4.3630915468484375,4.489258480679676
2020-07-09,204.616943359375,206.58367716565738,201.8959676336942,206.53593793805533,33121700,4.687709531963179,4.6542895997222695
2020-07-10,203.99636840820312,204.38780969065328,201.52363076769228,203.94862917922697,26177600,2.8641789229610026,4.523355855776551
2020-07-13,197.6951904296875,206.02994730784758,197.15098942267588,204.76970154506353,38135600,8.878957885171701,4.7804503375009215
2020-07-14,198.917236328125,199.39459949227412,192.88335894065565,196.7977427138655,37591800,6.511240551618471,5.073687888545428
2020-07-15,198.6212615966797,201.76231941702616,195.7475405543772,200.07244971421295,32179400,6.014778862648967,5.047092053849553
2020-07-16,194.6877899169922,196.38720160543846,193.1506799551989,196.100780795123,29940700,3.2365216502395526,4.9277512933285506
2020-07-17,193.69483947753906,195.75703682072296,192.2722923172816,195.21285050881585,31635300,3.4847445034413624,4.835006381864905
2020-07-20,202.02008056640625,202.68838602860433,193.8189709975405,195.71888148175816,36884800,8.869415031063824,5.1289265388564536
2020-07-21,199.29913330078125,204.2541655805475,198.61172913665365,203.9868433576055,37990400,5.642436443893843,5.077781571703172
2020-07-22,202.16331481933594,202.68841725194093,198.95543353865747,199.72875959032635,49605700,3.73298371328346,5.032091236427102
2020-07-23,193.37025451660156,201.37086541200424,192.99791184978267,197.80974046340648,67457000,8.372953562221568,5.424210935609166
2020-07-24,192.18643188476562,193.6758027739354,188.56801058313243,191.3462679706825,39827000,5.107792190802968,5.581740672273516
2020-07-27,194.62098693847656,194.73554944735855,191.7663496924244,192.34873339252303,30160900,2.9691997549341522,5.338286010792321
2020-07-28,192.87380981445312,195.4324692873815,192.60648761781783,194.39182112419647,23251400,2.8259816695636744,5.228492448129123
2020-07-29,194.82142639160156,195.38471135430314,192.86423476448752,193.33205584779677,19632600,2.5204765898156154,5.073690095118583
2020-07-30,194.66868591308594,195.20334487589957,190.53473387151706,191.89998548207373,25079600,4.668611004382512,5.202578100934405
2020-07-31,195.72842407226562,195.81436050677323,190.00006654872823,195.146040474654,51044000,5.814293958044999,4.983673534711069
2020-08-03,206.73641967773438,207.78662439979686,200.9125981832941,201.94370430096453,78983000,6.874026216502756,5.009586796488518
2020-08-04,203.63357543945312,205.04658091707702,200.788495014236,204.4737392836654,49280100,4.258085902841032,4.884108727930808
2020-08-05,203.29940795898438,205.26614168330795,201.99143767140274,205.1706632320827,28806400,3.2747040119052144,4.886836039478355
2020-08-06,206.55508422851562,206.57416826958868,201.97239411211882,202.7266216376732,32656800,4.601774157469862,4.966623871908963
2020-08-07,202.86019897460938,205.93441820213573,201.38037059634624,205.12290975261124,27820400,4.554047605789492,4.658383341532224
2020-08-10,198.82176208496094,202.28742339193712,197.00778784990837,202.0869244488363,36716500,5.279635542028757,4.632468991399004
2020-08-11,194.17227172851562,198.24894321605052,193.94313213408086,197.7811365750378,36446500,4.305811081969665,4.673385232019448
2020-08-12,199.71920776367188,200.7598559902992,195.48022043293267,195.99576625273997,28013100,5.279635557366532,4.452433945958374
2020-08-13,199.2513427734375,201.78137578863243,198.72624048213555,199.95784536245873,22588900,3.0551353064968794,4.305815597079367
2020-08-14,199.4423370361328,200.10110057608242,198.11526793680267,199.3086759242567,17958900,1.9858326392797494,4.235575088818338
2020-08-17,200.75985717773438,201.62866165888732,199.46142874953955,200.110650247621,20184800,2.1672329093477742,4.188521605945774
2020-08-18,201.91505432128906,202.74566147426796,199.73827969640456,200.99851073651166,21336200,3.007381777863401,4.223300547949187
2020-08-19,200.69009399414062,202.98698512417485,200.25943147075444,202.4031936048161,27627600,2.727553653420415,4.084653594309038
2020-08-20,205.36038208007812,205.76233465586125,199.93400040223327,200.53692196431712,26981500,5.828334253627986,4.085656472564965
2020-08-21,203.86744689941406,206.9586635422753,203.70475282380917,204.67135219176205,36249300,3.2539107184661304,3.8270767941337778
2020-08-24,204.50860595703125,206.25997999929805,203.3027337228781,205.5613346371304,25460100,2.9572462764199656,3.7341596779608444
2020-08-25,207.169189453125,207.303173653771,203.9439889498141,203.9439889498141,23043700,3.359184703956913,3.7401940131073945
2020-08-26,211.64810180664062,212.5477162669981,208.0209487114188,208.5186105709494,39600800,4.5267675555792835,3.734836398686639
2020-08-27,216.84475708007812,221.2183946971565,209.9732456323651,213.31329942024345,57602200,11.245149064791406,4.212772217186775
2020-08-28,219.07469177246094,220.73035677056092,216.84480044049,218.37604632550872,26292900,3.8855563300709264,4.113195130618359
2020-08-31,215.83990478515625,218.8737012054003,214.6723219857965,217.24674611548022,28774200,4.201379219603808,4.105735711877941
2020-09-01,217.50514221191406,217.67740133897408,214.78715429178908,215.8207528636933,25725500,2.8902470471849995,3.935065104007831
2020-09-02,221.69699096679688,222.85500890153446,217.58175513682696,218.1751117330546,34080800,5.273253764707505,4.093502136737162
2020-09-03,207.96351623535156,219.4574907062767,205.7240599096668,219.4192157670536,58400300,13.733430796609895,4.932616290832172
2020-09-04,205.0446014404297,208.97801304868852,196.3738729062261,205.8580864472782,59664100,12.604140142462427,5.678109664626076
2020-09-08,193.95257568359375,201.0059138357892,193.51233347805703,197.62758390865628,52924300,7.4935803577321565,5.998552420330987
2020-09-09,202.21173095703125,205.60920497288095,197.81894789080067,198.68028735290457,45679000,7.790257082080274,6.360174093806691
2020-09-10,196.54611206054688,205.51353258521655,195.34025420679887,204.23109563870372,35461500,10.173278378417677,6.670527245577383
2020-09-11,195.263671875,199.66603470298534,192.5935530845461,198.2974683069397,33620100,7.072481618439241,6.943282309861177
2020-09-14,196.5843963623047,200.21154951496803,195.2636845078276,195.46466811301522,30375800,4.947865007140422,7.085469362055496
2020-09-15,199.80958557128906,200.76661970645307,198.03906657996282,199.46505269850272,21823900,2.7275531264902497,7.040352820807876
2020-09-16,196.23983764648438,201.5992196403171,195.84745017567562,201.57050978666584,26328100,5.751769464641484,7.127852957169462
2020-09-17,194.19183349609375,195.55082045095958,191.368585229138,191.45471481145282,34011300,4.182235221821571,6.623359111243046
2020-09-18,191.78009033203125,194.90001669016874,187.817969171596,194.0865463499344,55225300,7.08204751857275,6.851679910421747
2020-09-21,193.83767700195312,194.0003856470779,187.94235814128874,188.71755341303566,39839700,6.05802750578917,6.984297645149273
2020-09-22,198.5080108642578,199.15880164458324,193.39745228545732,196.2494098087427,33517100,5.761349359125916,7.189376381716481
2020-09-23,191.97146606445312,199.1588014809056,191.43552930649702,198.96738297890863,30803800,7.723272174408578,7.364377696695129
2020-09-24,194.45977783203125,196.73752385885328,190.6412061876266,191.26328716801197,31202500,6.096317671226672,6.8188696163106135
2020-09-25,198.89083862304688,200.05840681918733,193.8376850143183,194.80429882541895,29437300,6.220721804869015,6.36291116362537
2020-09-28,200.44122314453125,203.43674453417034,199.1205114207346,201.8193545775049,32004900,4.316233113435743,6.135957789032768
2020-09-29,198.35488891601562,201.04416709326736,197.92422647730663,200.35510135006018,24221900,3.1199406159607292,5.802363755738516
2020-09-30,201.2930145263672,202.8721151895252,197.66584655961745,198.80471964780773,33829100,5.206268629907754,5.4475773451306635
2020-10-01,203.3314666748047,204.79572764616043,202.2404484098106,204.31721060707213,27158400,2.5552792363498327,5.124920032124278
2020-10-02,197.3308868408203,201.92465398678647,196.7088058400637,199.06311643094566,33154800,5.215848146722777,5.1440616849515886
2020-10-05,201.3408966064453,201.36960646945772,198.08697096757962,198.3166644748644,21331600,3.2826355018781044,5.183710426050721
2020-10-06,197.0629119873047,201.1494374315409,196.01974823333427,199.84788496263428,28554300,5.12968919820662,5.1392761213053735
2020-10-07,200.81451416015625,201.08248260289216,197.83813682538224,198.16352499110658,25681100,3.2443457775099205,5.072284018140256
2020-10-08,201.5322723388672,202.11606381034258,199.3693802101008,201.46527293243025,19925800,2.746683600241795,4.762615166830902
2020-10-09,206.5375518798828,206.5854065113337,202.1543334169171,202.1543334169171,26458000,4.431073094416604,4.646404137447147
2020-10-12,211.88735961914062,214.2416701052122,207.4945762789934,209.38949984869137,40461400,6.747093826218787,4.716814456525209
2020-10-13,213.2845916748047,215.5336273512335,210.95899152820175,213.15060750279486,28950800,4.574635823031741,4.491911859998292
2020-10-14,211.37059020996094,214.58622595275352,209.71492500584927,213.41864297093585,23421700,4.871300946904256,4.404410665403835
2020-10-15,210.2221221923828,210.8920431681378,206.72893882786133,207.77211713637485,22733100,4.163104340276476,4.25743798936151
2020-10-16,210.2221221923828,212.73911204437525,209.8967340903278,210.69105957382027,26057900,2.8423779540474357,4.152162620833773
2020-10-19,205.01585388183594,212.74869145685682,204.5373368136033,210.94946260728395,27625800,8.211354643253514,4.515835051354687
2020-10-20,205.42739868164062,208.03053304487474,203.93442756808835,206.52799684584008,22753500,4.096105476786391,4.436537683274589
2020-10-21,205.5709228515625,207.59983042367287,203.9630980070519,203.9630980070519,22724900,3.6367324166209585,4.513784339008241
2020-10-22,205.65708923339844,206.77681755261816,202.60414764183804,204.7383299287346,22351500,4.172669910780115,4.43927160786948
2020-10-23,206.93948364257812,206.98733826920613,204.00139648834562,205.791045619415,18879600,2.9859417808605144,4.4180791992253665
2020-10-26,201.05374145507812,207.04477013994912,199.15881787540803,204.66176438764387,37111600,7.885952264541089,4.614955132534972
2020-10-27,204.0875244140625,205.44651110092087,201.29298655899265,202.49884428314488,36700300,4.1535245419282205,4.679896472850564
2020-10-28,193.97166442871094,199.86699799100134,193.41659750136685,198.74726984609313,51195600,6.4504004896344895,4.944447679235757
2020-10-29,195.9240264892578,198.45059598547172,194.63202458417425,195.30196015165865,31432600,3.8185714012974756,4.900697558298676
2020-10-30,193.7707061767578,195.51250074201783,191.04315299872275,194.7564501863506,36953700,4.4693477432950885,4.738001409518412
2020-11-02,193.63673400878906,196.45998201562932,191.52168197331255,195.51251288790638,30842200,4.938300042316769,4.763977425181628
2020-11-03,197.56051635742188,199.17790611092494,194.3927362381606,195.1296564874566,27512000,4.785169872764328,4.757825205600205
2020-11-04,207.0926055908203,208.93968897317853,203.29317909554265,204.82443947667338,42311800,5.646509877635879,4.863782743983019
2020-11-05,213.6961212158203,214.49046120969155,211.6480689845406,212.49982868345646,36080100,2.8423922251509453,4.863783763347556
2020-11-06,214.10765075683594,214.7201519416015,208.66212488126476,212.71037467115002,25231900,6.058027060336741,4.709974650282072
2020-11-09,209.00669860839844,218.31863729684716,208.51861642294992,214.7967584460861,44395000,9.800020873897239,5.117397178647132
2020-11-10,201.94381713867188,207.19794108665346,200.70924922688286,205.28387234682293,44045100,6.488691859770597,5.321108567443535
2020-11-11,207.2457733154297,208.67174502636834,203.0826684151981,203.2645072623287,29440800,5.589076611170242,5.422280474614259
2020-11-12,206.1834716796875,209.6957858040667,205.245582155711,207.8774264775349,21593900,4.450203648355711,5.526870608006773
2020-11-13,207.2074737548828,208.0783784000142,204.95845209936047,207.06392446312853,18621100,3.1199263006537308,5.1864401820148185
2020-11-16,207.8965301513672,208.38462692760493,205.3029757098469,205.63792890983984,24953300,3.0816512177580364,5.109877801716948
2020-11-17,205.24557495117188,208.32721185035146,204.88189725735756,206.81511056205647,24154100,3.4453145929938955,4.895228809099763
2020-11-18,202.5396728515625,206.46418731553092,202.3957330895279,205.00568264712743,28372800,4.068454226003013,4.913077582293015
2020-11-19,203.8253936767578,204.41071340004055,201.43613487685045,202.82747896630474,24792700,2.974578523190104,4.806308352285517
2020-11-20,201.87757873535156,204.66023830979884,201.50335879752706,203.61434343759902,22843100,3.156879512271786,4.679064028710875
2020-11-23,201.60890197753906,203.7006916515508,199.73780235137832,202.41491187166753,25683500,3.962889300172492,4.620329702097172
2020-11-24,205.20716857910156,205.58138849058068,200.40946989787446,201.10992980573758,33979700,5.17191859270622,4.586430324602197
2020-11-25,205.21676635742188,206.5793110767255,203.86382640634406,206.40660094564046,21012900,2.715484670381443,4.577365499261518
2020-11-27,206.52175903320312,207.51968868227826,205.37990426234612,206.15714384421696,14512200,2.139784419932141,4.297491024946903
2020-11-30,205.40866088867188,206.07073095156065,202.30933726248776,205.43744590699689,33064800,3.7613936890728894,3.8661605117451643
2020-12-01,207.46209716796875,208.52718688320113,204.71781287908087,205.83086786900017,30904500,3.809374004120258,3.6747806649129973
2020-12-02,206.65611267089844,206.75207252168758,204.19010263292742,206.18594746971735,23724500,2.56196988876016,3.45855875616942
2020-12-03,205.57179260253906,207.62520699489636,205.00565304654657,205.9268176097469,25120900,2.6195539483497896,3.327798063311854
2020-12-04,205.68695068359375,206.6656853723853,204.55468611392993,205.55261569818433,24666000,2.110999258455365,3.255731846011971
2020-12-07,205.61978149414062,206.81920626860725,204.3723914418279,205.69654643667639,24620000,2.4468148267793595,3.210386389513494
2020-12-08,207.27020263671875,208.1721724597082,204.2764429190657,205.31274773858016,23284100,3.8957295406425203,3.24255888577411
2020-12-09,203.23049926757812,206.52171321441085,202.66437439228125,206.45455305295152,32440600,3.8573388221296057,3.227479214068867
2020-12-10,202.0023193359375,204.45873883924034,201.84878945662726,203.20174406539516,26733300,2.609949382613081,3.201434275456222
2020-12-11,204.6314697265625,204.68905441820556,200.64938507745762,201.5513549081159,30979400,4.039669340747935,3.264490691775947
2020-12-14,205.53341674804688,207.46210106509508,204.2668318593756,204.47793178105667,28798400,3.195269205719484,3.2096606850293035
2020-12-15,205.4662322998047,206.7040320203007,203.65270292613042,206.4641471050453,27000600,3.051329094170285,3.058190006562451
2020-12-16,210.4078826904297,211.20430246821877,206.0323836174708,206.06116863968117,35023300,5.171918850747971,3.233649590874346
2020-12-17,210.54220581054688,211.95273038503314,209.10289621547224,210.97399576078638,32515800,2.849834169560893,3.2843674301335426
2020-12-18,209.74578857421875,210.80128814640273,207.2797790521737,209.74578857421875,63354900,3.5215090942290317,3.2672328162161244
2020-12-21,213.5839385986328,214.93689309140643,208.48878512735112,208.74786494629828,37181900,6.4481079640553105,3.4557138133543424
2020-12-22,214.8793182373047,216.50094263879487,212.87388382045947,213.6798936375532,22612200,3.6270588183353993,3.531791594038288
2020-12-23,212.0774688720703,214.5146932710485,211.86636896648002,214.08290333376428,18699600,2.6483243045684617,3.5338466194824787
2020-12-24,213.73744201660156,214.56264664326488,212.25015273534166,212.4612526148192,10550600,2.3124939079232263,3.548239094444469
2020-12-28,215.8580780029297,216.8847779666073,213.99656846423386,215.36870333861185,17933500,2.888209502373428,3.5797672855583307
2020-12-29,215.08084106445312,217.98824549729198,214.53391099007936,217.15345055362997,17403200,3.4543345072126215,3.5482390688847665
2020-12-30,212.7107696533203,216.50096346628422,212.50927450036974,216.1171387725915,20272300,3.991688965914477,3.5578355077265433
2020-12-31,213.42083740234375,213.97737223508196,210.79169311832163,212.7299675852491,20942100,3.1856791167603262,3.5989590601656323
2021-01-04,208.88221740722656,213.9773713050936,206.1187381508586,213.52638643641092,37130100,7.858633154235008,3.871742189700423
2021-01-05,209.08372497558594,209.67864963168427,206.97274025893688,208.469620064535,23823000,2.705909372747385,3.8367879159167018
2021-01-06,203.662353515625,207.7308081571184,203.36489847502523,203.5855885629835,35930700,4.365909682093161,3.930686529339764
2021-01-07,209.4579620361328,210.46548187724906,205.06328210079494,205.3799173889524,27694500,5.402199776454125,3.9471351668902037
2021-01-08,210.73411560058594,211.65528020451683,208.24891115741627,209.83214589128676,22956200,3.4063690471005543,3.986887658143037
2021-01-11,208.69029235839844,210.0528369606372,207.96103282381029,209.63063715459433,23031300,2.0918041368269087,3.8847658754714565
2021-01-12,206.23391723632812,208.31613184065364,204.6890719515348,207.7404020062401,23249300,3.62705988911884,3.683262441547423
2021-01-13,207.58680725097656,207.98981215260577,205.27431314841093,205.3606828455848,20087100,2.7154990041948395,3.618151026251669
2021-01-14,204.4011688232422,208.66152780549393,204.13249885511956,207.17423821247684,29480800,4.529028950374368,3.7524870723806623
2021-01-15,204.04612731933594,205.83087188668628,203.45121734402414,204.88093687983877,31746500,2.379654542662138,3.7572842605762986
2021-01-19,207.6828155517578,208.20096064868125,204.0269709237377,205.1016509122703,30480900,4.173989724943539,3.849125705045592
2021-01-20,215.26315307617188,216.65448284404494,208.49839462519878,208.89180945322397,37777300,8.15608821884615,4.184965255876558
2021-01-21,215.86767578125,217.1438655065322,213.42084629718013,215.60859592868792,30709400,3.72301920935206,4.165774558979243
2021-01-22,216.8080291748047,220.76134336758975,216.66410405188256,217.89231390553917,30172700,4.097239315707185,4.230886001761162
2021-01-25,220.24313354492188,220.4830184561712,215.14798037261218,219.84971877653385,33152100,5.335038083559027,4.050629210998592
2021-01-26,222.9298858642578,224.7050257283065,220.7709212912737,222.47890098214344,49169600,3.9341044370328007,4.138357429876121
2021-01-27,223.47682189941406,230.71176046047944,220.82849722353762,228.37048091852017,69870600,9.883263236941815,4.53245411236531
2021-01-28,229.26283264160156,232.8227316681534,225.57820339979344,226.07716818506384,49111200,7.244528268359971,4.6640490046442995
2021-01-29,222.57484436035156,228.38965283762465,221.989524533748,226.44178833824543,42503100,6.400128303876642,4.877888951556877
2021-02-01,229.9536895751953,232.68838365200105,223.02581157927415,225.54940574495873,33314200,9.662572072726903,5.418658089835448
2021-02-02,229.81936645507812,232.50608075588323,229.03255145237534,231.53695085313288,25916300,3.4735293035078882,5.407691619434666
2021-02-03,233.16815185546875,235.17358635543027,229.57946803336847,229.87693764522302,27158100,5.594118322061803,5.613307284996592
2021-02-04,232.21820068359375,233.39844507245968,230.64455613985325,232.84191028192274,25296100,2.7538889326064293,5.486511569441739
2021-02-05,232.40049743652344,233.43680200271672,230.69251805189364,232.4292824543555,18054800,2.7442839508230747,5.51255652716752
2021-02-08,232.6595916748047,233.82062650984076,231.0667522626685,233.31207164136814,22211900,2.753874247172263,5.411119707326715
2021-02-09,233.9070281982422,234.8569632583783,231.6137285927524,232.08389373842272,23565000,3.2432346656258915,5.060201596382411
2021-02-10,232.99542236328125,235.96998646180285,231.14350324493915,235.08721175015955,22186700,4.826483216863693,5.139020454061813
2021-02-11,234.59788513183594,235.23117025659255,232.3525509282651,234.87614522468496,15751100,2.87861932832746,5.0519761692489755
2021-02-12,235.07763671875,235.37509168356013,232.909067623064,234.0605123364703,16561100,2.4660240604961245,4.847046596173054
2021-02-16,233.83984375,236.1715330517929,233.0914038855764,235.11603342688002,26728500,3.0801291662164942,4.786048362543318
2021-02-17,234.8592987060547,234.9650917712769,231.72399963468183,232.0894692554744,21653500,3.241092136595057,4.3116075696614065
2021-02-18,234.4649658203125,234.5996101987233,231.64704608816618,232.55109320398296,16925600,2.9525641105571196,4.005038701246917
2021-02-19,231.75282287597656,234.53227887991062,230.99303240639816,234.4264858275061,25262600,3.5392464735124634,3.8006899990780476
2021-02-22,225.53994750976562,228.82913016967538,223.51065478002488,228.33864303907808,36446900,5.3184753896505015,3.4903973788583045
2021-02-23,224.3473358154297,225.84766286022327,219.98098436441825,221.51978961171824,30228700,5.866678495805019,3.661336606879528
2021-02-24,225.57838439941406,226.20351580478894,220.24067088187863,221.21203274988108,26339700,5.962844922910307,3.68767422122585
2021-02-25,220.23109436035156,225.6168844933576,219.16355148383207,223.20289775237097,39542200,6.453333009525522,3.9519202267200706
2021-02-26,223.49142456054688,226.36704708770696,220.76004395905966,222.6739313555886,37819200,5.607003128647307,4.1564001679932305
2021-03-01,227.8769989013672,228.38672511898815,224.23195895822414,226.87677089593706,25324000,4.154766160764012,4.256463876106927
2021-03-02,224.92442321777344,228.22323269493202,224.5204900588609,227.94431703214215,22812500,3.7027426360711218,4.289285873995872
2021-03-03,218.8557586669922,224.64549595106263,218.56723082291026,223.279813142553,34029500,6.078265128152367,4.378698867659348
2021-03-04,218.05751037597656,223.59719816718902,215.68198738845186,218.0671372652844,44727800,7.915210778737162,4.73845539983147
2021-03-05,222.74124145507812,224.3473617295842,217.7978484716733,220.7408002725728,41872800,6.549513257910917,5.030133199646812
2021-03-08,218.69227600097656,224.44353542154002,218.4422263479561,222.52003591331203,35267400,6.001309073583911,5.2387889073159135
2021-03-09,224.83787536621094,226.37668097304578,222.80858262632722,223.9723063843275,33080500,3.568098346718557,5.262146493753306
2021-03-10,223.52987670898438,227.9346923560373,223.16440710536557,227.9346923560373,29746800,4.770285250671719,5.391983718047206
2021-03-11,228.0596923828125,230.02165515310116,225.34755140682577,225.97269746571837,29907600,4.674103746275392,5.473044951815987
2021-03-12,226.73248291015625,226.79981243058896,224.30886965187727,225.05903321453633,22653700,2.490942778711684,5.2710783367489285
2021-03-15,225.8284149169922,226.19388445082177,222.94316619762319,225.97268615804097,26034900,3.2507182531985848,5.0842240337056115
2021-03-16,228.6175537109375,230.87765695855205,226.9152524388038,227.24224385205463,28092200,3.9624045197482474,4.94133543347975
2021-03-17,227.97312927246094,229.42538062772473,224.3088654749819,227.1171726758717,29562100,5.116515152742835,4.845848443709558
2021-03-18,221.89491271972656,225.23218566499116,221.51983088863727,223.66452881126907,34833000,3.712354776353891,4.710516418545743
2021-03-19,221.5390625,223.57796728976257,220.5773127425442,222.183433076479,46430700,3.0006545472183745,4.628079874721054
2021-03-22,226.96334838867188,227.83852958365864,221.3371059951713,221.4621381695142,30127000,6.5014235884873415,4.827985657036499
2021-03-23,228.49246215820312,231.8297343044263,228.00197516579638,228.4059082198608,31638400,3.827759138629915,4.667235229213467
2021-03-24,226.45359802246094,228.8964358811069,226.31895364718338,228.75217929157247,25620100,2.5774822339235186,4.28596890458392
2021-03-25,223.45297241210938,227.8770279046883,222.71243554139588,226.2997586262725,34061900,5.164592363292428,4.1870459835397424
2021-03-26,227.43455505371094,227.6557680411861,222.69313628302467,222.69313628302467,25479900,4.962631758161422,4.11285474672385
2021-03-29,226.24200439453125,227.74233157641052,223.01052482004673,227.54035768263333,25227500,4.731806756363795,4.195976775984225
2021-03-30,222.98167419433594,224.90517359760773,222.26036191810903,224.59740664901904,24792000,2.6448116794987016,4.0441572351861526
2021-03-31,226.7517547607422,229.9543833600764,223.50103573631569,224.00114974202836,43623500,6.45334762376072,4.1712460835779614
2021-04-01,233.080078125,233.55132615154153,228.94455090403778,229.34848407327533,30338000,4.606775247503748,4.322376974205966
2021-04-05,239.5430145263672,240.39897120703446,233.41665871011114,233.4743613464268,36910600,6.982312496923328,4.588919420186305
2021-04-06,238.3793182373047,239.86040654818333,237.43680749401827,238.13888077497685,22931900,2.4235990541650665,4.479004744073221
2021-04-07,240.34124755859375,241.3318485895909,237.73491405281382,238.3311941792023,22719800,3.59693453677707,4.370463271504237
2021-04-08,243.5631103515625,244.41906699343323,242.3609232323544,243.10147460682458,23625200,2.0581437610788385,4.252305341841733
2021-04-09,246.06369018554688,246.19833456943906,242.78411987236356,243.19766523891198,24326800,3.4142146970754936,4.2818453525458136
2021-04-12,246.1213836669922,247.81407263023797,244.8807182632371,244.96728689441156,27148700,2.9333543670008737,4.02698326529678
2021-04-13,248.6027069091797,249.27594353772244,247.0061986517212,247.41977338939648,23837500,2.2697448860012344,3.9156965329661597
2021-04-14,245.8136749267578,248.92973548331275,245.40012947764075,247.63139648493504,23070900,3.529606005672008,3.983705373805338
2021-04-15,249.5740509033203,249.9875962364744,247.87176447481755,248.06409680754706,25627500,2.1158317616568354,3.7659367594027953
2021-04-16,250.7666015625,251.0166658707798,247.74672283677018,249.54519003796193,24878600,3.2699430340096285,3.6450304219633813
2021-04-19,248.84310913085938,251.47832327916888,247.95831583894045,250.23765794238443,23209300,3.520007440228426,3.5584733279537124
2021-04-20,248.38148498535156,250.247281736885,247.015787507837,247.95831277261587,19722900,3.231494229047996,3.6003792243500903
2021-04-21,250.6127471923828,250.7089280413718,247.41013330799765,249.03549280000607,24030400,3.2987947333741374,3.375054017893906
2021-04-22,247.33319091796875,251.7668430840579,245.86170033030186,250.25688896426033,25606200,5.905142753756053,3.4677945540547848
2021-04-23,251.16098022460938,251.50722545035353,247.42938592087856,248.01606862134477,21462600,4.077839529474971,3.260332199237045
2021-04-26,251.54562377929688,252.40159510547846,250.2184338396931,251.6514315090625,19763300,2.1831612657853725,3.2431580714956385
2021-04-27,251.94961547851562,253.12295149793457,250.17037234288279,251.57451893980152,31014200,2.9525791550517795,3.197132687086689
2021-04-28,244.82301330566406,246.72728837126857,243.2745956256258,246.2848623553483,46903100,3.4526927456427643,3.2967433288412553
2021-04-29,242.85140991210938,246.30410246614957,239.47567376972953,245.68858324908823,40589000,6.828428696420048,3.5406157573658663
2021-04-30,242.5340576171875,243.39964124261698,240.0527560463134,240.18740043136188,30945100,3.346885196303589,3.5701536737446316
2021-05-03,242.22628784179688,244.62104995508665,241.51458775779273,243.70737597050828,19626600,3.106462197293922,3.6299191959798236
2021-05-04,238.3119354248047,241.60113208821093,236.3595848411974,241.3703068929317,32756100,5.2415472470135285,3.7522007132185036
2021-05-05,237.04244995117188,239.956550370843,236.41731851565086,239.5333781544318,21901300,3.539231855192128,3.8538721484710243
2021-05-06,240.1777801513672,240.3028123249024,235.3305674810805,237.02324189329505,26491100,4.972244843821898,3.9754651348861865
2021-05-07,242.80332946777344,244.57294534817981,241.56266416863994,242.50517474133576,27032900,3.0102811795398736,3.9390561162655757
2021-05-10,237.72531127929688,242.1012758551177,237.66760863864906,241.27417043051173,29299900,4.433667216468649,4.024925615367051
2021-05-11,236.81163024902344,237.16748762572186,233.29163741499903,235.1958977580137,33641600,3.875850210722831,4.0661438637491
2021-05-12,229.85816955566406,235.03238744086832,228.96374941275505,232.90691422766648,36684400,6.06863802811327,4.077822097631759
2021-05-13,233.73403930664062,236.20574319486232,232.18562163049452,232.5510912295652,29624300,4.020121564367798,4.073699385838389
2021-05-14,238.658203125,239.64880422890522,236.09995985164096,236.18651381020268,23901100,3.5488443772642597,4.171248179515453
2021-05-17,235.80178833007812,237.15785895170106,234.2052949545859,237.11939542012004,24970200,2.9525639971151634,4.171247096805694
2021-05-18,233.7821502685547,236.98477896115793,233.60902766820809,236.8501345720607,20168000,3.375751292949843,4.1657512787562
2021-05-19,234.3604736328125,234.4665109627716,230.00333811399742,230.68774884544365,25739800,4.463172848774178,3.996804432495781
2021-05-20,237.5994415283203,239.01647932099823,235.07384355914962,235.17024649146305,21800700,3.9426357618486065,4.039358044320425
2021-05-21,236.336669921875,239.3828205439802,235.92216962475908,238.65020818420544,21863100,3.4606509192211092,4.064657238743796
2021-05-24,241.74453735351562,242.11085087546613,238.59234948431563,238.8622600660612,21411500,3.518501391150494,3.9415825347535787
2021-05-25,242.6506805419922,243.64356908299723,241.7831128858404,242.69888201378376,17704300,1.8604561971568216,3.821669987751057
2021-05-26,242.42898559570312,243.82674010523084,241.71564201494644,242.3711350007567,17771600,2.1110980902844005,3.6173023624983784
2021-05-27,240.32749938964844,242.41931375220793,240.26966350914816,242.12048523027423,24426200,2.1496502430597673,3.555828724178371
2021-05-28,240.68417358398438,242.9977118612827,240.56850181827792,241.9566218428521,18270200,2.4292100430047867,3.4126532117880948
2021-06-01,238.48631286621094,242.23615779093328,238.0621781714677,242.1783219102421,23213300,4.17397961946557,3.4339481695554332
2021-06-02,238.38990783691406,240.2889309005884,236.98250443349707,239.19000511781942,19406700,3.3064264670913417,3.2366473437681527
2021-06-03,236.85716247558594,237.46445379729846,234.24479634072253,236.38481170623595,25307700,3.2196574565759306,3.1794713360687337
2021-06-04,241.75418090820312,242.58319621464275,238.5923585089971,238.83335115960136,25281100,3.990837705645646,3.2110422880959755
2021-06-07,244.6653594970703,244.935270070548,240.80947735136266,240.97335057747247,23079200,4.125792719185341,3.2948443396724167
2021-06-08,243.4700164794922,246.78607708372516,243.4121658986098,245.96669634163663,22455000,3.373911185115361,3.2947129033985254
2021-06-09,244.4532928466797,246.32339810233208,244.0869940329192,244.6653675483943,17937600,2.2364040694128846,3.135657990587004
2021-06-10,247.9717559814453,248.1838306630145,244.53038902874928,245.12804601734126,24563600,3.6534416342652207,3.115001267188191
2021-06-11,248.59840393066406,249.1767627836222,247.36449326288806,248.69477746079076,18999700,1.8122695207341337,2.9972597387248356
2021-06-14,250.52635192871094,250.58418781555505,247.54765666598786,248.60803028821368,19150500,3.036531149567196,2.9628332928974572
2021-06-15,249.05140686035156,250.62268349864868,248.39591397383663,250.41060880971204,18038900,2.226769524812056,2.988998530587117
2021-06-16,248.10675048828125,251.191438667356,245.2533911236505,250.0539604529106,27220000,5.9380475437055225,3.26235206297434
2021-06-17,251.49990844726562,252.31928929132428,246.7861077957115,246.84394367477012,27565500,5.53318149561278,3.5040328667281266
2021-06-18,250.08287048339844,252.84946123019992,249.42737757560815,250.27567635888798,37202200,3.4220836545917734,3.5749524104129113
2021-06-21,253.16754150390625,254.02545983082283,248.6272493247297,250.45878713344277,26696100,5.398210506093136,3.6623974737434515
2021-06-22,255.94384765625,256.2137582519957,252.9458837432416,253.2543614006792,24694100,3.267874508754119,3.65964376243365
2021-06-23,255.7124481201172,257.2162397712295,254.90271641706022,256.4065080681725,19518700,2.313523354169263,3.594919897976031
2021-06-24,257.0813293457031,258.1995388052665,255.90528400185622,256.5704260891659,21446900,2.294254803410297,3.4737354049592204
2021-06-25,255.47145080566406,257.62111560683655,255.22083848043877,256.63787628931044,25611100,2.400277126397782,3.3504842911886805
2021-06-28,259.03814697265625,259.2116545976608,256.32939229392287,256.5993028499447,19590000,2.882262303737946,3.315366513947436
2021-06-29,261.6216735839844,261.86266628798916,258.32490986730954,259.1828285961781,19937800,3.5377564206796137,3.408320253323631
2021-06-30,261.13958740234375,261.5830055695424,259.8864375923306,260.93716184615096,21656500,1.6965679772118278,3.268543563534103
2021-07-01,261.814453125,262.04579668374896,259.8865116872873,259.89613139020065,16725300,2.159284996461679,3.293330383228928
2021-07-02,267.6464538574219,267.98384947958544,262.6820107308886,262.99048840932676,26458000,5.301838748696866,3.4551380688810474
2021-07-06,267.656005859375,269.30438688971185,264.4170502471266,268.0126701752568,31565600,4.88733664258524,3.6451785772934175
2021-07-07,269.8442077636719,270.57683462918703,267.1643714195464,269.3333046648363,23260000,3.4124632096406344,3.4647796962887827
2021-07-08,267.4246520996094,268.68745083222325,264.96651019730115,266.9233687188206,24618600,3.7209406349221013,3.3353339205251626
2021-07-09,267.9259948730469,268.0320175199491,265.40039657064716,265.7859789327302,23916700,2.6316209493019187,3.2788722987187446
2021-07-12,267.3282775878906,269.689987409994,266.61491948975805,269.10197958841474,18931700,3.075067920235938,3.1129335425860876
2021-07-13,270.8564453125,272.6590654647847,267.3957947012604,267.52108615678264,26120100,5.263270763524304,3.2554618464982434
2021-07-14,272.33135986328125,273.43992023579295,270.44195619359107,272.17712102791575,23113700,2.997964042201886,3.3043504670720023
2021-07-15,270.9046325683594,272.33131952060614,269.7478561835057,271.83968514433656,22604200,2.5834633371004543,3.325008219478442
2021-07-16,270.63470458984375,273.8640114899297,269.39117446883466,271.9071526477115,26186800,4.4728370210950175,3.473048211956816
2021-07-19,267.02947998046875,270.26840676845325,264.5617178320867,268.88028688273266,32935600,5.706688936366561,3.6747929714302887
2021-07-20,269.25628662109375,270.8468322958229,266.30653881179984,268.0127562566112,26259700,4.540293484023039,3.746402761669105
2021-07-21,271.26129150390625,271.37696325645936,267.29938688873733,268.8513652655665,24364300,4.077576367722031,3.916474789562691
2021-07-22,275.83056640625,276.1004770022266,273.20856515188495,273.61341633682554,23384100,2.891911850341671,3.9688052791255473
2021-07-23,279.23333740234375,279.5417855932777,276.1775380858662,277.01618768311425,22768100,3.3642475074115055,3.8304059047480217
2021-07-26,278.63568115234375,279.2526364370559,276.3125379693512,278.58749439112125,23176100,2.940098467704729,3.691317463685128
2021-07-27,276.2162170410156,279.14666725934546,272.7555652015787,279.0020775147002,33604100,6.391102057766773,3.9040773814084235
2021-07-28,275.9076232910156,279.69602009802213,273.6037197955621,278.5778108462002,33566900,6.092300302460046,4.073460214803991
2021-07-29,276.177490234375,278.2211025581934,275.772609765487,275.926848543252,18168300,2.4484927927064177,4.060379632190027
2021-07-30,274.6448974609375,276.3318461969554,273.6809267546416,274.8955392583509,20944800,2.650919442313807,4.030083312338446
2021-08-02,274.55810546875,276.4378304339473,273.51700077653703,276.04259896913004,16267400,2.920829657410252,3.862766090473156
2021-08-03,276.7752380371094,276.88129010205466,273.76765442774865,275.13650564382874,17879000,3.1136356743060105,3.871028349909165
2021-08-04,276.1872253417969,277.2283006433001,274.3942247328133,275.90766563142967,16191300,2.8340759104867743,3.8889292480081883
2021-08-05,279.0887451171875,279.194797175859,275.79198228582163,276.5438781436811,13900200,3.402814890037348,3.812499095789783
2021-08-06,279.0309143066406,279.06948136668063,277.2572119794153,278.11515991153345,16589300,1.81226938726536,3.5343262708539833
2021-08-09,277.9416198730469,281.04560626695286,277.44036577008546,279.31047101835446,16117600,3.6052404968673954,3.4675367717714374
2021-08-10,276.1197204589844,278.82847528986053,274.92440641775676,278.3946767849397,18616600,3.904068872103778,3.4551433792272763
2021-08-11,276.611328125,278.2597093320037,275.5605744628409,276.861940433862,13955900,2.6991348691627763,3.4413735948573554
2021-08-12,279.3683166503906,279.52255547623497,276.0233374986392,276.3028972091101,14561300,3.4992179775957766,3.4510143427276603
2021-08-13,282.29876708984375,282.3469538476738,278.87665416060753,279.05019120849465,18249000,3.4702996870662446,3.48888585839634
2021-08-16,283.9857177734375,284.19779246209333,279.5707163690693,282.62651582587677,22507600,4.627076093024016,3.3628840037718573
2021-08-17,282.52044677734375,282.85784231873345,280.5925058757382,281.8553342308899,20075300,2.265336442995249,3.0895294423815147
2021-08-18,280.7916564941406,284.7418398373569,280.3473599755678,282.0568729168721,21813000,4.39447986178908,3.228528518744562
2021-08-19,286.625244140625,287.30132722573944,278.7731837114791,278.8214627285432,29850500,8.528143514260364,3.648330238169316
2021-08-20,293.9557189941406,295.3851371652014,287.87109049346134,289.47434845611576,40817600,7.514046671740061,3.9764171677643025
2021-08-23,294.2358703613281,294.96023243975304,291.53159705828915,292.88373370980867,22830200,3.4286353814638915,3.9989171468470084
2021-08-24,292.2751770019531,295.20159774025154,291.67637591299615,294.5931290613567,18175800,3.5252218272553932,4.048284712330481
2021-08-25,291.68603515625,294.1778269170745,290.15039159240854,293.89773208612723,20006100,4.027435324665987,4.092900457661098
2021-08-26,288.8658752441406,292.09169682717686,288.73067634422387,290.7009195672093,17666100,3.361020482952995,4.2035255359245
2021-08-27,289.47442626953125,290.5851089802028,286.6832033652882,288.76936984828103,22605700,3.9019056149145968,4.224715901499301
2021-08-30,293.2121276855469,293.8205965889034,290.76861395298687,290.8265605652713,16348100,3.051982635916545,4.163852598914498
2021-08-31,291.560546875,294.09098014921955,291.19353206893163,294.01372783579956,26285300,2.8974480802879157,4.17801782828058
2021-09-01,291.5122375488281,294.7573947160675,291.1838636375992,292.5166944665886,18983800,3.5735310784683065,4.183325906914332
2021-09-02,290.85546875,292.98991375623564,289.9186260953305,291.8695931866592,16285600,3.0712876609051136,4.154825047902823
2021-09-03,290.8458251953125,292.25590820944143,289.9959024554989,290.70092922538174,14747900,2.2600057539425507,3.985748595111289
2021-09-07,289.91864013671875,290.7975362346447,288.0063433181321,290.72028392327735,17180400,2.791192916512614,4.023309771791101
2021-09-08,289.9476318359375,290.33395236601825,287.3013052567986,289.5323380029598,15046800,3.0326471092196243,3.9260360037504256
2021-09-09,287.0887756347656,291.8116295229271,286.8473216603041,290.5367454639233,19927000,4.964307862623002,3.671476314347757
2021-09-10,285.60137939453125,289.6674850974715,285.28267315211787,288.2187614105112,19633400,4.384811945353647,3.4479595481772987
2021-09-13,286.8376159667969,288.33464809421395,284.027088540484,287.3784704397961,23652900,4.307559553729959,3.5107398461963037
2021-09-14,289.5420227050781,291.08733439108437,287.9097911052449,289.31987438683,21853400,3.1775432858394765,3.4859056646665953
2021-09-15,294.3999938964844,294.88290182054226,291.5025463521372,292.8933235313727,28356300,3.380355468405071,3.439685674933673
2021-09-16,294.7864074707031,294.87332738757027,290.478875680079,293.3763241397972,19550800,4.394451707491271,3.513502190972121
2021-09-17,289.61920166015625,294.09093387637466,289.29082779964784,293.7722276064099,41372500,4.80010607672682,3.577659366815851
2021-09-20,284.23956298828125,288.5084815652856,279.6229648895153,286.2001677787238,38278700,8.885516675770305,3.9943403696625484
2021-09-21,284.7225036621094,287.3688591603671,284.0174769480889,285.58209392497275,22364100,3.3513822122781676,4.026764236233281
2021-09-22,288.373291015625,289.9572431984659,284.44244280452375,286.5865552261978,26626300,5.514800393942153,4.165426330195698
2021-09-23,289.31982421875,290.6140140574866,287.3592190151945,288.6341031456623,18604600,3.2547950422920735,4.178534000294767
2021-09-24,289.116943359375,289.5515427512901,286.7796563346563,288.0352344625771,14999000,2.7718864166338335,4.215096904772715
2021-09-27,284.1141052246094,286.3354702312346,282.92614093577845,286.0167639204759,23571700,3.409329295456132,4.2592495032686815
2021-09-28,273.828125,280.83995816392877,273.0844573361507,279.89344793091414,43186200,7.755500827778064,4.596596197451427
2021-09-29,274.29168701171875,276.9669861651131,273.33553880217,275.35409028586133,26353700,3.6314473629431063,4.50139187604572
2021-09-30,272.2828369140625,277.99078305918914,271.9930744536801,275.9432580263495,32343600,5.997708605509047,4.616598780342534
2021-10-01,279.2173767089844,280.06729939899645,271.6743570466697,272.475971258081,30086300,8.39294235232677,4.908411837385164
2021-10-04,273.43218994140625,277.9135909245153,270.6699699621039,277.5755493847289,31350700,7.2436209624113985,5.198845957140301
2021-10-05,278.8890380859375,280.472961002074,274.3400234963345,274.3400234963345,24993000,6.1329375057395055,5.395458959807046
2021-10-06,283.0902404785156,283.59248353235944,275.75006435427554,276.0108239961392,28002600,7.842419178083901,5.641742350563662
2021-10-07,284.77081298828125,286.4996316351916,283.8726113098916,285.0895192542269,20430500,2.627020325299952,5.486521939747457
2021-10-08,284.77081298828125,286.4996316351916,283.71807723494913,286.0939760041724,17685700,2.7815544002424417,5.050524634352611
2021-10-11,284.1720886230469,287.7842314930736,282.7426701495198,282.90687185923423,19298600,5.041561343553781,5.171251715158012
2021-10-12,282.86822509765625,285.3407119645678,282.3563437417965,285.244124459348,17974100,2.984368222771309,4.99050656007438
2021-10-13,286.180908203125,287.1177508091328,283.4573002795523,284.8287718321762,23416300,3.660450529580487,5.019481952023552
2021-10-14,292.4007568359375,292.90297048133476,287.64892975117283,288.9817603776688,27262900,5.2540407301619325,5.19677868870413
2021-10-15,293.81085205078125,294.0426679135802,290.2469889567608,292.0047810007027,25384800,3.7956789568194154,5.224375093087223
2021-10-18,296.7855529785156,297.67408703145924,292.34279429071773,293.19271693221856,22729300,5.331292740741503,5.051217372584611
2021-10-19,297.6934509277344,298.72685155917264,296.7179674190472,297.809344121962,17682100,2.008884140125417,4.935319999526205
2021-10-20,296.9014587402344,299.11318532497563,295.64588043051015,298.6399155083311,16537100,3.467304894465485,4.754576877308807
2021-10-21,300.1369323730469,300.3880244426098,295.8873192037101,296.6696571309795,16918100,4.500705238899684,4.476559940635444
2021-10-22,298.5916748046875,300.4556925902874,297.27814973250037,299.789277199686,17449300,3.1775428577870457,4.186125790305133
2021-10-25,297.596923828125,298.82349968174236,295.9839979495355,298.7848587843714,17554500,2.839501732206884,3.9508803779099457
2021-10-26,299.5091247558594,301.7208511992869,298.0507629347483,300.3687149688969,28107300,3.670088264538606,3.6528567412281387
2021-10-27,312.122802734375,314.95263684013287,305.19788831248667,305.19788831248667,52588700,9.7547485276462,4.1619801842528705
2021-10-28,313.2624206542969,313.7646343557651,310.3746108163514,313.2430854710019,26297900,3.3900235394137326,4.205442265622248
2021-10-29,320.28387451171875,320.65088928161384,312.82777434101513,313.0499226160472,34766000,7.823114940598714,4.404124665411173
2021-11-01,318.1108093261719,320.1583345181861,315.21336134327663,320.0327737230289,27073200,4.944973174909478,4.544167876278185
2021-11-02,321.7423095703125,322.05137778411626,318.719300579223,319.01870120060556,26487100,3.3320772048932668,4.520712638800526
2021-11-03,322.58251953125,323.45174797044365,319.3470302817975,322.4859320437034,21500100,4.104717688646133,4.438618135835112
2021-11-04,324.939208984375,325.03579650052694,318.24610970368514,321.5105732187682,23992200,6.789686796841806,4.652475838693854
2021-11-05,324.5720520019531,327.20873971919895,322.9881294331539,326.9383124769962,22570100,4.22061028604503,4.573141377644106
2021-11-08,325.4703063964844,326.10774845813177,323.0074875225243,325.7697069819661,20897000,3.10026093560748,4.651096863035682
2021-11-09,324.4659118652344,327.1412116971149,323.09444011363706,325.5862325391553,21307400,4.046771583477835,4.692487340822278
2021-11-10,319.4919128417969,323.19100453286666,318.6420195419929,323.1330579322974,25500900,4.548984990873748,4.695935894534712
2021-11-11,321.0661315917969,322.36032119572144,319.2117818060739,319.92647604907563,16849800,3.148539389647567,4.693864218239034
2021-11-12,325.2095947265625,325.70217036384037,322.379760659123,322.5053214666148,23831000,3.3224097047173586,4.728357644846925
2021-11-15,324.5818176269531,326.32994237675246,322.6115445676067,326.00156844592266,16723000,3.718397809145756,4.731808326604579
2021-11-16,327.9042053222656,329.02455543876874,324.04094125475103,324.2051134719756,20886800,4.983614184017711,4.3910130163454015
2021-11-17,328.12677001953125,331.0972571678461,327.0430816922966,327.95261215157404,19053400,4.054175475549528,4.438452440355101
2021-11-18,330.20703125,331.34880160200635,326.1915678093843,327.21720340062717,22463500,5.157233792622037,4.248032358356767
2021-11-19,331.9873352050781,333.91284514256006,331.10686080252884,331.53259961586156,21963400,2.805984340031216,4.095247441579748
2021-11-22,328.81365966796875,338.33470068678344,328.5427376570779,333.44838968512596,31031100,9.791963029705528,4.556667857637767
2021-11-23,326.7334289550781,328.44606980827206,322.7469916146541,326.12384692450337,30427600,5.699078193617936,4.670550750850039
2021-11-24,326.9559631347656,327.1978588759329,323.0856312760888,325.3787981778286,21661300,4.112227599844118,4.479303665350203
2021-11-26,318.99267578125,326.97523351499575,317.4832490447679,323.51130024237216,24217200,9.491984470227862,4.855830392791835
2021-11-29,325.7174072265625,328.0396000732596,323.8886615355074,324.08218990951724,28563500,4.150938537752154,4.930878792945025
2021-11-30,319.87322998046875,326.8301534505589,318.32509142216554,324.4499077650363,42885600,8.505062028393354,5.249328110438991
2021-12-01,319.3797302246094,328.2815041469173,318.7121252323069,324.2660412742455,33337600,9.569378914610411,5.607927676420181
2021-12-02,318.8088684082031,322.6791998641776,317.1736510057911,319.5926081657751,30766000,5.505548858386476,5.776285495615817
2021-12-03,312.5389404296875,321.91482044651934,307.7203672897264,321.2278153745193,41779300,14.194453156792918,6.552860027906929
2021-12-06,315.6158142089844,316.8349779022691,308.88144665160763,313.4484383349509,30032600,7.953531250661456,6.855369559443765
2021-12-07,324.06292724609375,324.91437552408956,319.3991698705705,320.8892560315728,31021900,5.515205653519047,6.89334037869386
2021-12-08,324.11126708984375,324.6240848803563,320.07643313181967,324.4402417546736,24761000,4.547651748536623,6.928588683907224
2021-12-09,322.3018493652344,325.5819398325856,321.35360755345357,323.5693805212305,22214200,4.228332279132019,6.862238575800794
2021-12-10,331.4359130859375,331.8809930302429,323.9371442929801,324.12098743855466,38095700,7.943848737262783,7.2292288898887636
2021-12-13,328.3976745605469,332.6453782369156,328.08804090407773,329.63617965813285,28899400,4.557337332837847,6.855327054398215
2021-12-14,317.6961975097656,323.79198810435076,313.6033108046137,322.41800725694964,44438700,10.188677299737037,7.176012704835293
2021-12-15,323.8016052246094,324.32410824827537,313.9806448880069,317.957396355384,35381100,10.343463360268458,7.621100973437032
2021-12-16,314.36767578125,325.84322423785716,312.5486152193238,324.82724448403934,35034800,13.294609018533379,7.892717012601712
2021-12-17,313.3033447265625,314.38706242508175,306.9656882694308,310.4780190725008,47750300,7.421374155650938,8.12631955673734
2021-12-20,309.53948974609375,312.33578933972996,307.27534900605167,309.674936015178,28326500,5.060440333678287,7.880275149971977
2021-12-21,316.6802062988281,317.10594512457476,309.4329905116543,312.8098748126121,24740600,7.672954612920478,7.744816271279839
2021-12-22,322.39862060546875,322.79530359298326,315.1901164906838,317.6574409711616,24831500,7.605187102299453,7.894790431559337
2021-12-23,323.84027099609375,325.48517347243245,321.9438170855123,321.96315811021344,19617800,3.5413563869201425,7.133854947996996
2021-12-27,331.3487854003906,331.37781170708996,324.55633434986925,324.5853606565686,19947000,6.821477357220715,7.052993955608372
2021-12-28,330.18768310546875,332.664693105843,329.2878380448936,332.02608481270596,15661500,3.376855060949424,6.900254627567684
2021-12-29,330.864990234375,333.13878646638534,328.6685581149805,330.2360377157809,15042000,4.470228351404842,6.894724384915414
2021-12-30,328.3201904296875,332.0066783967201,327.8363990478902,330.82622624400346,15994500,4.170279348829865,6.890577747036689
2021-12-31,325.41748046875,328.35891115617534,324.962715335164,327.5364893328757,18000800,3.3961958210113607,6.565745395875873
2022-01-03,323.8983459472656,327.04299008267594,319.0894581959837,324.47890153945974,28865100,7.953531886692247,6.808330721151187
2022-01-04,318.344482421875,324.333823368685,315.54815346488107,323.9757928660076,32674300,8.785669903803921,6.708115907155965
2022-01-05,306.1238708496094,315.49975115217205,305.7368436101561,315.29653749062345,40054300,9.762907542015967,6.6666476344236445
2022-01-06,303.704833984375,308.36858924572675,301.3922973756957,302.9984880497484,39646100,6.976291870031048,6.215339266673477
2022-01-07,303.8597106933594,306.2399561127619,300.0377468231346,303.9661306277529,32720000,6.2022092896272625,6.128256061957501
2022-01-10,304.082275390625,304.51769951844926,294.81284395605223,299.4572301875026,44289500,9.704855562397029,6.460000006865982
2022-01-11,304.7693176269531,306.34645318386146,299.84432347965804,303.2211788519228,29386800,6.502129704203412,6.376369656243335
2022-01-12,307.9526062011719,312.9259965978094,306.8011801608075,309.3072459156857,34372200,6.1248164370018685,6.270628894436364
2022-01-13,294.9192810058594,310.4780318871743,294.1452264318281,310.08131932128936,45366000,16.332805455346204,7.184303827895369
2022-01-14,300.144287109375,300.7441839022073,293.90336435133815,294.3871558975955,39846400,6.840819550869128,7.18568541315597
2022-01-18,292.83892822265625,299.75713933010854,291.95842433213926,294.2129087897325,42333200,7.7987149979692845,7.501532551514531
2022-01-19,293.4969787597656,303.7340248434242,292.88742618970235,296.36104609400576,45933900,10.846598653721855,7.956987573108604
2022-01-20,291.8230285644531,301.54722556520954,291.37794866784134,299.0508745044083,35380700,10.169276897368206,8.3854873980042
2022-01-21,286.4335021972656,294.2515573306793,286.02710447550794,292.8776064483582,57984400,8.224452855171364,8.7303629004442
2022-01-24,286.7624816894531,287.4784834424357,267.1011940279381,282.7276783435672,85731500,20.377289414497568,9.617774152430295
2022-01-25,279.13800048828125,285.4272897689935,275.92564748178614,282.06977569492784,72848600,9.501642287207346,9.66891503695911
2022-01-26,287.0915222167969,298.4993332025726,283.5308241295649,298.0058564603818,90428900,14.96850907300768,10.040743717744233
2022-01-27,290.12005615234375,297.3382163920615,288.2719692510956,292.848647044969,53481300,9.066247140965913,10.190026237096722
2022-01-28,298.26715087890625,298.4800203242128,284.90483174909696,290.49746041765246,49743700,13.575188575115817,10.71666761463162
2022-01-31,300.8989562988281,302.2535665226197,296.4383835464321,298.9347640922584,46444500,5.8151829761876,10.438833858473803
2022-02-01,298.7509460449219,300.56032158802805,295.2386149185201,300.3474521401161,40950400,5.3217066695079325,10.354517927424126
2022-02-02,303.2985534667969,304.90474476135483,298.8670363988058,299.59272363577713,36636000,6.03770836254904,10.348295922106066
2022-02-03,291.48431396484375,301.1408007887822,290.2361239043447,299.4571866637444,43730000,10.904676884437492,9.960572452755445
2022-02-04,296.02227783203125,298.78955040697974,290.2458074590502,290.4780178770086,35096500,8.543742947929559,10.082209838259761
2022-02-07,291.1941223144531,297.8607539820601,290.17814242426635,296.24490687098387,28533300,7.682611557793734,10.07391673539008
2022-02-08,294.68701171875,295.6545945073007,290.2264692371071,291.48431505090974,32421200,5.428125270193618,9.686882922280919
2022-02-09,301.12152099609375,301.81818199236665,297.42537608504114,299.82496321686494,31284700,4.39280590732551,9.274277851563584
2022-02-10,292.5777893066406,299.09929010324925,290.9522567476279,294.18398083338894,45386200,8.147033355621318,9.26874788731001
2022-02-11,285.4756774902344,294.4258196414898,284.6822523965232,293.3614725070343,39175600,9.743567244966584,8.509196303772082
2022-02-14,285.43695068359375,287.13990600791016,281.9052790638438,284.24681310649265,36359500,5.234626944066349,8.204409493547725
2022-02-15,290.72967529296875,291.04896470161543,287.39150201566304,290.28459536542493,27058300,3.657462685952396,7.396477608758062
2022-02-16,290.3902893066406,291.7186141094078,284.74730563169356,289.29465510017036,29982100,6.971308477714217,7.246839132811512
2022-02-17,281.8870544433594,287.772404486028,281.17924775374655,287.34578532918516,32461600,6.593156732281443,6.748122572609057
2022-02-18,279.1722412109375,284.9218657300005,277.60152027487555,284.13650526196955,34264000,7.3203454551249365,6.8556341782474375
2022-02-22,278.9685974121094,282.6724139032119,275.8465370047907,276.33132880972005,41736100,6.8258768984212,6.9630749088841
2022-02-23,271.7452087402344,282.8275727475832,271.5803960838196,281.35378660921566,37811200,11.247176663763582,7.335179787542281
2022-02-24,285.629638671875,286.1823084436964,263.2613371745761,264.2212450912512,56989700,22.920971269120287,8.193486529305337
2022-02-25,288.266845703125,288.57711950054835,282.77899996721817,286.1628662410245,32546700,5.79811953333018,7.997370571119668
2022-02-28,289.70196533203125,290.0413255956508,284.08806658447344,285.35821905427304,34627500,5.953259011177352,7.873845389218498
2022-03-01,285.97869873046875,290.84599781965625,283.26384685818056,287.3845772168943,31217800,7.582150961475691,8.027704367167217
2022-03-02,291.059326171875,292.3003920940344,284.7667375809277,286.37622044505133,31873000,7.533654513106683,8.252050696151587
2022-03-03,286.9192199707031,293.90991012485733,285.1060736064637,293.67721950670733,27314500,8.80383651839361,8.29896520777818
2022-03-04,281.0435485839844,286.6671524279959,278.43539536081005,285.33882734438663,32356500,8.231757067185868,8.190978766508128
2022-03-07,270.4265441894531,280.8786533930493,270.0580977160932,279.75393295465517,43157200,10.820555676956133,8.589973676000255
2022-03-08,267.45965576171875,275.32296496007893,261.78758549153326,269.35032612555074,48159500,13.53537946854567,9.295539160471204
2022-03-09,279.7249450683594,280.7914932377901,272.23975644656093,274.8188530783293,35204500,8.551736791229189,9.408426897150845
2022-03-10,276.9034118652344,277.8827008939295,272.0457879450381,274.41157459600157,30628000,5.836912948891381,9.354409484051555
2022-03-11,271.55126953125,280.70414052887327,270.9307218618932,279.2012682861542,27209300,9.773418666980092,9.529628999184066
2022-03-14,268.0316467285156,276.719106007811,267.43050973402933,271.81301620136327,30660700,9.28859627378165,9.705537525995526
2022-03-15,278.4159851074219,279.06561927939794,270.25210599773294,271.8228270355456,34245100,8.813513281664996,9.531704427274198
2022-03-16,285.4356994628906,285.6102173906511,274.58605778034723,280.3162702005297,37826300,11.024159610303855,8.681932165930167
2022-03-17,286.240478515625,286.6186007423343,280.56840840023403,284.369189223697,30816600,6.050192342100274,8.699937366556602
2022-03-18,291.2919616699219,291.84463136231534,283.8261865282108,286.3858715630049,43390600,8.018444834104514,8.84745063962283
2022-03-21,290.0606994628906,291.0109022597081,285.9302629165281,289.79892248336694,28351200,5.080639343179996,8.668771238315994
2022-03-22,294.81158447265625,295.7229954158394,289.68247898846056,290.68114890416,27599700,6.040516427378861,8.562118517906864
2022-03-23,290.380615234375,294.0068784229763,288.66446272341494,291.36960955369653,25715400,5.342415699561343,8.314874173704558
2022-03-24,294.8503723144531,294.9473365902291,289.2461804109756,290.04124604725905,24484500,5.7011561792534735,8.134116967423674
2022-03-25,294.4431457519531,296.20779503659236,290.18668905916263,295.946018112128,22566500,6.021105977429727,7.791299131743216
2022-03-28,301.2496643066406,301.34659900415994,295.073391346538,295.073391346538,29578200,6.273207657621924,7.272572573820091
2022-03-29,305.8163757324219,306.21390857071964,299.64980847038635,304.3620002900689,30393400,6.564100100333292,7.1305985244703844
2022-03-30,304.3134765625,306.33993220572023,302.10282726832855,304.21654187968613,28163600,4.237104937391678,7.016326523648977
2022-03-31,298.93231201171875,305.55458445151703,298.5251034770213,304.3522806882295,33422100,7.029480974495755,6.82033097418581
2022-04-01,300.0086669921875,300.69706328450934,296.2466766803112,299.96017004298847,27110500,4.4503866041981155,6.474744569215558
2022-04-04,305.3897399902344,305.52546630436024,300.28972091399,300.6581674070127,24289600,5.235745390370255,6.219189719837361
2022-04-05,301.42413330078125,305.29276212664746,300.44484446442266,303.7414225568673,23156700,4.847917662224802,5.778029580688858
2022-04-06,290.3902893066406,297.66216633435283,287.68514276731554,295.90722237881243,40110400,9.977023567037293,6.0585175253272165
2022-04-07,292.20343017578125,294.414079792204,287.3361307332164,287.63669930817355,31411200,7.077949058987599,5.991339255676008
2022-04-08,287.9372253417969,291.9609911189032,287.26821033138873,291.3016814124939,24361900,4.692780787514494,5.963635073128472
2022-04-11,276.58343505859375,283.7098510494845,276.3313338468451,282.9148149628091,34569300,7.378517202639387,6.059206557075653
2022-04-12,273.48077392578125,281.896753274819,271.958520427189,280.44237773614145,30966700,9.93823284762999,6.387479210509127
2022-04-13,278.87164306640625,279.80243508000837,272.7438673323913,274.1303944317771,21907200,7.058567747617076,6.484437179677956
2022-04-14,271.31854248046875,279.5406213549025,270.824075007664,279.3273117976379,28221600,8.716546347238477,6.676968634664296
2022-04-18,271.987548828125,273.8685431580262,269.8738639301832,270.42653361861943,20778000,3.9946792278430507,6.514216603965805
2022-04-19,276.6222229003906,277.4657855900737,269.94180647005487,270.8823038600572,22297700,7.523979120018851,6.582779391086201
2022-04-20,277.6498718261719,280.88830622956226,276.6899937854396,280.5974134731369,22906700,4.198312444122678,6.580008498709844
2022-04-21,272.26873779296875,284.37882612930093,271.5415501745788,279.80239086732644,29454600,12.837275954722145,6.994850997297443
2022-04-22,265.6950378417969,274.58613398289475,265.06481431264797,273.1123477234531,29405800,9.521319670246783,7.357060502015206
2022-04-25,272.1815185546875,272.5596407849809,262.5341495736,264.9775192651805,35678900,10.025491211380881,7.699185203515965
2022-04-26,262.0008850097656,269.89328023075717,261.7875754313959,269.0594525267125,46518400,8.105704799361263,7.931884284739998
2022-04-27,274.6054382324219,282.1197103075881,270.66893161567555,273.5195094539181,63477700,11.450778691912546,8.037152507945374
2022-04-28,280.8204345703125,282.1293780301423,272.89892546371993,276.5154820651553,33646600,9.230452566422343,8.190902758476426
2022-04-29,269.0788879394531,281.0629592015001,268.08992310674057,279.8315688272619,37073900,12.97303609475955,8.782349566136787
2022-05-02,275.8174133300781,276.27311874857577,267.8183496319424,269.263019546411,35151100,8.454769116633372,8.859224702850643
2022-05-03,273.2091979980469,275.48772481192094,271.6287723869484,275.3228826214126,25978600,3.8589524249725287,8.424990386946538
2022-05-04,281.1598815917969,282.03250097169206,268.3128980413791,273.99464411060274,33599300,13.71960293031293,8.900778614281958
2022-05-05,268.91412353515625,277.64037937995727,265.9956662784681,276.8550187210736,43260400,11.644713101489174,9.10993338244272
2022-05-06,266.373779296875,270.7562876061403,263.01899790259716,266.4513329848427,37780300,7.7372897035431265,9.377262702135583
2022-05-09,256.5324401855469,264.07580012501256,255.31078485449888,261.845769469364,47726000,8.765015270513686,9.465908141456643
2022-05-10,261.3027648925781,265.42349495118094,257.00751689764115,263.42615521933493,39336400,8.415978053539789,9.767169970700722
2022-05-11,252.625,263.106196550313,251.4130204767044,257.5989686979002,48975900,11.693176073608583,9.685448550621183
2022-05-12,247.58319091796875,251.9754036684089,242.41530828868,249.8520131079963,51033800,9.560095379728892,9.68821824415562
2022-05-13,253.17770385742188,255.03931767520342,247.58321627668954,249.52238377509423,34925100,7.45610139851388,9.504690400379404
2022-05-16,253.54608154296875,257.73468930316983,248.00006282048204,252.0529146897847,32550900,9.734626482687787,9.621041949188442
2022-05-17,258.7043151855469,260.16836636831925,254.4769151081099,258.0158894934678,28828800,5.691451260209362,9.2096614183525
2022-05-18,246.92556762695312,256.1775057639479,245.65245723489335,255.5943947492182,31356000,10.525048529054573,9.302132558540517
2022-05-19,246.01205444335938,250.4145118299985,244.7875390054142,246.75064893827593,32692300,5.6269728245843,8.777413753527998
2022-05-20,245.44837951660156,251.260004557282,239.5007120368587,249.99659233543315,39199300,11.759292520423315,9.013451139512995
2022-05-23,253.31060791015625,254.13667953053155,246.29390757961752,248.2959145287571,33175400,7.8427719509140275,9.298009677080245
2022-05-24,252.30963134765625,253.97147296907548,246.36196267456333,250.62836356197613,29043900,7.609510294512148,8.86157448880876
2022-05-25,255.12791442871094,257.12990628779517,249.88970222522656,250.87127199454082,28547900,7.240204062568608,8.546966700314433
2022-05-26,258.4127502441406,259.5886706159191,254.0686158494394,254.88495947054466,25002100,5.520054766479717,8.388592776238477
2022-05-27,265.54608154296875,265.64327166838257,260.02602645530493,260.9201340875451,26910800,5.617245213077638,8.163752057850187
2022-05-31,264.2146301269531,267.03296546550257,261.35741281139883,264.85604928536924,37827700,5.67555265410374,7.968007386461898
2022-06-01,264.7491455078125,269.8707409098893,262.436157371953,267.4508644163128,25292200,7.434583537936305,7.663822205342449
2022-06-02,266.8482666015625,266.9163026348889,254.2337809944825,257.0035356223452,44008200,12.682521640406407,7.8868526525337
2022-06-03,262.4167175292969,265.75015751179075,260.8520664352407,262.69855996137693,28059000,4.898091076550031,7.704137629536283
2022-06-06,261.1824951171875,266.4595892028753,259.6955782848042,264.3992892425282,22400300,6.764010918071108,7.491950803492235
2022-06-07,264.82696533203125,265.43923058436,258.45168369523157,259.1319850107672,22860700,6.987546889128453,7.5845290627007405
2022-06-08,262.7957458496094,265.3128125636582,262.01825461124446,264.0591283318473,17372300,3.2945579524137543,7.068065450083539
2022-06-09,257.3340148925781,265.03098582947564,257.1785166356976,260.23981256874225,26439700,7.852469193778063,7.227029476454523
2022-06-10,245.8662872314453,253.24254885268172,245.41923343333343,253.24254885268172,31422800,7.82331541934829,6.945888254949163
2022-06-13,235.43838500976562,242.00804495345096,234.72894466033569,238.2081400229515,46135800,7.2791002931152775,6.905625993677824
2022-06-14,237.6056671142578,238.82046967149824,234.70956714082104,236.99340188008617,28651500,4.110902530677208,6.655725439118186
2022-06-15,244.6708984375,248.11122688546928,239.4812665255515,241.31804702603347,33111700,8.629960359917789,6.7549937460716984
2022-06-16,238.07208251953125,240.4530919195721,236.17699401048355,239.05363738085111,33169200,4.2760979090885485,6.6661396848294725
2022-06-17,240.6766357421875,243.44639103289649,237.1585728805667,237.80970516091955,43084800,6.287818152329777,6.7140377519189105
2022-06-21,246.59515380859375,247.57670872846134,242.48425214861203,243.21313352857806,29928300,5.092456579849312,6.672388032329309
2022-06-22,246.00234985351562,249.92859951301043,243.32005666477755,244.79726053472527,25939900,6.608542848232872,6.613385125921921
2022-06-23,251.57101440429688,252.06666333172817,246.48829955344343,248.3736754699589,25861400,5.578363778284739,6.105945278627516
2022-06-24,260.1620788574219,260.43419339301283,254.35045383369882,254.43791604246806,33923200,6.083739559314012,6.190634455967801
2022-06-27,257.4312438964844,260.7451990465694,255.8665628403259,260.6577368247863,24615100,4.8786362062434705,6.055964833694397
2022-06-28,249.25802612304688,259.39433022271277,249.10252785697745,256.54684051732926,27295500,10.291802365735322,6.291983082023459
2022-06-29,252.93157958984375,254.5934209161679,248.55827625903655,250.33674869588077,20069800,6.0351446571313545,6.4877392752175735
2022-06-30,249.59812927246094,252.22211413062385,245.77879792014835,249.81193566577983,31730900,6.443316210475501,6.387085490695962
2022-07-01,252.27069091796875,252.4553432396003,247.4406506324261,249.17054274453085,22837700,5.014692607174197,6.18646957554067
2022-07-05,255.4486541748047,255.57499836951445,247.56701562367115,248.94702936825868,22941000,8.007982745843293,6.238532607878385
2022-07-06,258.71405029296875,260.443927865149,255.0113346488174,256.3233272793408,23824400,5.432593216331611,6.332939085425129
2022-07-07,260.84234619140625,261.4837653703721,257.5575159983353,257.65470611483187,20859900,3.926249372036807,5.996959729147916
2022-07-08,260.1231384277344,260.5507511244709,255.8761951816613,257.33395765010306,19658800,4.674555942809576,6.025421017270846
2022-07-11,257.0618896484375,259.02499945053415,254.79748159613314,258.16977390244966,19455200,4.227517854401015,5.878256710275934
2022-07-12,246.52713012695312,258.45163425345476,244.9430231030509,258.3933261127936,35868500,13.508611150403851,6.479410608172687
2022-07-13,245.6038818359375,246.41051237825036,241.12369016254638,243.14512305849968,29497400,5.286822215703978,6.38500199156348
2022-07-14,246.92556762695312,247.95571756773037,239.01477592635922,243.51440822943295,25102800,8.940941641371154,6.625186124641082
2022-07-15,249.49124145507812,253.0384582835576,247.59615280932707,248.51939960298733,29774100,5.442305474230523,6.579369404277975
2022-07-18,247.09080505371094,253.4952396670065,246.16755820714366,252.4359355465149,20975000,7.327681459862845,6.754301208107931
2022-07-19,252.22213745117188,252.40678979239573,246.53685617166215,250.32703380524785,25012600,5.869933620733576,6.438453440607806
2022-07-20,254.88494873046875,257.4117434464244,251.61957438364064,252.58168831471335,22788300,5.792169062783756,6.421098041011549
2022-07-21,257.3826599121094,257.4312698123921,249.7925754334292,252.4748691378651,22404700,7.638694378962896,6.506482195903506
2022-07-22,253.0287628173828,257.85881862790734,251.7751080213908,257.77135640899604,21881300,6.083710606516547,6.582840624427959
2022-07-25,251.54180908203125,254.13663983089467,249.5786992524714,253.65071891343598,21056000,4.557940578423256,6.336409041040814
2022-07-26,244.8069610595703,252.56226985718692,242.5425825526762,252.5428140385053,39348000,10.019687304510711,6.664058618767892
2022-07-27,261.17279052734375,262.4459010817631,251.56128927114813,253.80624175463643,45994000,10.884611810614985,7.161084507237762
2022-07-28,268.6268005371094,270.01652721920226,260.32726310507684,262.1543304686785,33459300,9.689264114125422,7.519277948046037
2022-07-29,272.83489990234375,274.0594302515586,268.84064371868607,269.880521724503,32152800,5.218786532872514,7.590082853651144
2022-08-01,270.18170166015625,273.35961312049795,268.0727922686385,269.9970493773769,21539600,5.2868208518594315,7.002812118040828
2022-08-02,267.08160400390625,270.0651658211096,264.71030734261404,268.22837035337625,22754200,5.354858478495544,7.007671851097369
2022-08-03,274.51617431640625,275.5171702565812,268.8211655336045,268.96696554077175,23518900,6.6960047229766815,6.847319214069192
2022-08-04,275.6630554199219,275.8088258295426,272.2810632836295,273.86514127920543,18098700,3.527762545913106,6.710566147760805
2022-08-05,274.94378662109375,275.6629401132576,270.83288483969574,271.2896517042955,16774600,4.830055273561868,6.532164277310735
2022-08-08,272.42669677734375,277.8690167147474,271.4548549906023,276.05164766060443,18739200,6.41416172414506,6.571037713268699
2022-08-09,274.3509521484375,275.1089876320651,269.7930113371827,271.765878834773,23405200,5.315976294882432,6.53702394413289
2022-08-10,281.01776123046875,281.64945243011664,278.8602713803168,280.05564739805516,24687800,2.789181049799822,6.1906301349069555
2022-08-11,278.9380798339844,283.01010018184206,278.44246058218863,282.66025129822157,20065900,4.5676395996534325,6.0823393487024475
2022-08-12,283.6903381347656,283.6903381347656,278.8602832920289,280.3569279405796,22619700,4.830054842736729,6.101776081867696
2022-08-15,285.2064208984375,285.89642028825256,281.94101695182127,282.80597041000163,18085700,3.9554033364312886,5.668612941290594
2022-08-16,284.4678649902344,285.76043146556236,282.2423681526486,283.7681375602767,18102900,3.518063312913739,5.142430905740505
2022-08-17,283.71795654296875,285.69498211953976,281.91622669920514,282.17917029841624,18253400,3.778755420334619,4.720251713326876
2022-08-18,282.597900390625,284.2924848210628,281.5363182612863,282.61736778226833,17186200,2.7561665597765455,4.544350286677164
2022-08-19,278.6828308105469,281.7019413989966,278.1082305899692,281.3610688013757,20570000,3.5937108090274137,4.423413855046306
2022-08-22,270.5020446777344,275.0891277344879,269.985876348386,274.7190391735939,25061100,5.103251386101874,4.405441919875329
2022-08-23,269.2262878417969,271.5831211864213,268.2134183677691,269.2262878417969,17527400,3.369702818652172,4.167848926709293
2022-08-24,268.5932312011719,269.99565658530935,267.93095330444964,268.2231425968554,18137000,2.0647032808597032,4.063344693491193
2022-08-25,271.5733642578125,271.7389114328781,267.35633975487536,270.0930099138864,16583400,4.382571678002762,4.0313815795226855
2022-08-26,261.0941467285156,273.0244810979979,260.9870314615862,271.79735148063304,27549300,12.037449636411736,4.433045001827447
2022-08-29,258.3087463378906,260.4221028280278,256.9647531378231,258.91256247792984,20338500,3.457349690204694,4.300285958636181
2022-08-30,256.1076965332031,260.08121426548763,253.8579792613374,259.711155479428,22767100,6.22323500415024,4.545575526804067
2022-08-31,254.6468505859375,260.1396573690213,254.51048966845536,258.4645698996899,24791800,5.629167700565915,4.621398962583531
2022-09-01,253.60476684570312,254.08200033825852,248.74499211600758,252.11469390871204,23263400,5.337008222250944,4.657609918263118
2022-09-02,249.37806701660156,257.8315537612824,247.82956191198872,254.8709044936886,22855400,10.001991849293688,5.089509097753289
2022-09-06,246.64132690429688,251.1017966590351,245.36551432347574,249.51435721081637,21328200,5.736282335559366,5.247953313656548
2022-09-07,251.35507202148438,252.0757520218553,246.6121606696536,248.05353553100252,24126700,5.463591352201689,5.3682987373613384
2022-09-08,251.77386474609375,253.63402652903054,248.1412039085627,250.79024108293217,20319900,5.492822620467848,5.563774170267861
2022-09-09,257.5588073730469,258.30873295170056,253.4976417532625,253.7021534014361,22084700,4.811091198438049,5.65072991236862
2022-09-12,259.691650390625,260.4707918875841,258.2405420767768,258.8443581611644,18747700,2.2302498108072655,5.445515514133291
2022-09-13,245.41427612304688,253.6048042043682,245.02470528633097,252.0855150926959,33353300,8.580098918037237,5.817686664089367
2022-09-14,245.63824462890625,247.59578772613622,243.3398289424253,246.91405740824067,23913000,4.255958783710923,5.974204914293026
2022-09-15,238.97674560546875,244.83964133633745,237.65223458820603,243.25218674358922,31530900,7.187406748131423,6.174550276445073
2022-09-16,238.3534698486328,238.89885416750874,235.7433972160875,237.88598483764645,39791800,3.1554569514212574,5.540122227517181
2022-09-19,238.13917541503906,238.7429915584572,234.56494703921464,236.14266785813606,26826900,4.1780445192425475,5.591600429591314
2022-09-20,236.12318420410156,237.15552077631924,233.38651445985508,235.7531105348159,26660300,3.769006316464157,5.416298380470879
2022-09-21,232.71453857421875,241.19725554129616,232.66584036427636,237.89571901145976,28625600,8.531415177019795,5.623601771646157
2022-09-22,234.69154357910156,237.49639378843938,231.37053994331876,231.6626994562865,31061200,6.125853845120616,5.679947887565419
2022-09-23,231.71141052246094,234.83765123018225,229.0623884800835,233.28913142247737,34176000,5.775262750098733,5.3780386661943504
2022-09-26,231.253662109375,235.14928080942127,230.71801156599744,230.8641061836128,27694200,4.431269243423827,5.284823445327526
2022-09-27,230.24082946777344,235.49017556599165,228.38066779678476,233.71766175746237,27018700,7.1095077692068855,5.402388903685041
2022-09-28,234.7792510986328,236.00636586909647,228.6046830088613,230.63040689545838,29029700,7.401682860235184,5.538736063668422
2022-09-29,231.3023681640625,233.68843172668625,228.29300618270508,232.65609511384054,27484200,5.395425543981162,5.580474231207215
2022-09-30,226.82240295410156,234.26303440769513,226.65684093525877,232.0717487914595,35694800,7.60619347243636,5.964470207037865
2022-10-03,234.45782470703125,235.30511704742838,228.53648230029808,229.2669108311526,28880400,6.7686347471303066,5.835079909115941
2022-10-04,242.38540649414062,243.82678128918718,238.58716924773375,238.69429935915923,34888400,5.239612041453427,5.905340856097548
2022-10-05,242.6970672607422,244.04106060731377,237.73016181840845,239.57084125103117,20347100,6.31089878890532,5.842733144724256
2022-10-06,240.3499298095703,243.8072944010288,239.65846580764227,241.46018055206,20239900,4.148828593386526,5.913688262007489
2022-10-07,228.12745666503906,235.02270415917158,227.08537143722725,234.61365108204038,37769600,7.93733272194433,6.182208847914759
2022-10-10,223.26763916015625,228.43907043105446,220.81339530154835,226.96847977157327,29743600,7.6256751295061065,6.45768519170347
2022-10-11,219.5278778076172,223.08262427444694,218.2617986342917,221.6801990277238,30474000,4.820825640155249,6.1926430819274305
2022-10-12,219.85897827148438,221.91391771043942,218.11569545862955,219.51810569426297,21903900,3.798222251809875,6.026383682405235
2022-10-13,228.12745666503906,229.93892011570614,213.4117551255457,214.1129677426173,42551800,16.52716499016043,6.794376699552499
2022-10-14,222.5956573486328,231.04915792889818,222.38139712434594,229.39350803929838,30198600,8.667760804552245,7.0969832396331
2022-10-17,231.3315887451172,232.72428023302328,229.00395704070687,229.66621998295358,28142300,3.720323192316414,6.854898626998066
2022-10-18,232.27627563476562,237.56457112933387,229.22794910689007,236.89258935569006,26329600,8.336622022443805,6.921679995727254
2022-10-19,230.30899047851562,233.3573170929322,228.17613670425018,230.85437475930172,19985700,5.181180388682009,6.906376770348743
2022-10-20,229.98757934570312,235.01293095415457,228.7409825706679,229.61750568038707,21811000,6.271948383486659,6.811073549709478
2022-10-21,235.8018035888672,236.65884448891248,228.3806544553497,228.61439693552748,26299700,8.278190033562765,6.918898927311797
2022-10-24,240.7979278564453,241.37252804090215,235.00319808540834,237.3989952337496,24911200,6.369329955493811,6.999593064028967
2022-10-25,244.11895751953125,244.4890312031249,239.41499599959158,240.8076725980602,34775500,5.074035203533327,6.911245665073825
2022-10-26,225.2836456298828,232.0814963742718,224.05651617915876,225.13755100638363,82543200,8.024980195113045,7.18811363662572
2022-10-27,220.83291625976562,227.59181803699002,219.88822740268336,225.01096136720344,40424600,7.703590634306664,7.171417773223029
2022-10-28,229.71487426757812,230.4258353283735,220.15113878058648,220.33618303310567,40647700,10.274696547787016,7.3606335888145225
2022-10-31,226.07254028320312,228.78972830845453,225.11810281917732,227.6599951024294,28357300,3.6716254892772042,7.278547863751805
2022-11-01,222.2158203125,229.58828558322924,221.3977439800207,228.47803488612004,30592300,8.190541603208544,7.592284960280281
2022-11-02,214.35641479492188,225.2641436679967,214.2979680342713,223.47216271711693,38407000,10.966175633725413,7.195071434820638
2022-11-03,208.6590576171875,214.65831343540998,208.39609921791416,214.34665683470016,36633900,6.262214217495824,7.023246678602321
2022-11-04,215.61276245117188,215.80754042041704,207.86047444612015,211.87297194348153,36789100,7.9470659742968905,7.325156877315213
2022-11-07,221.92367553710938,222.44959243568516,215.5056466591579,216.1971255856238,33498000,6.943945776527272,7.225680002606889
2022-11-08,222.8975830078125,225.6050371166513,219.9466527031385,222.73202097791747,28192500,5.658384413512778,7.2597660043805154
2022-11-09,218.65135192871094,222.66384963798401,218.47605620531436,221.4367201317789,27852900,4.18779343266965,7.110897793607871
2022-11-10,236.6393585205078,236.98023110784243,228.86760321897782,229.2863751045428,46268000,8.112627888864608,7.099071926129432
2022-11-11,240.66159057617188,241.5186314660159,235.61675651178047,236.64910797482275,34620200,5.9018749542354385,7.065682283182405
2022-11-14,235.24668884277344,237.54510458377084,232.9677553572084,235.67520929864517,31123300,4.577349226562433,7.03020471339877
2022-11-15,235.6557159423828,240.55445528008838,233.76633849082606,239.2494265791224,31390100,6.788116789262318,6.941857327266575
2022-11-16,236.08541870117188,238.10708979905047,234.8060105698504,237.12066452033324,24093300,3.30107922920007,6.627392226901819
2022-11-17,236.03659057617188,237.5699370972691,232.0811729185345,232.22766434937833,23123500,5.488764178734613,6.285539914826647
2022-11-18,235.58737182617188,238.04853251158542,233.4485072342936,237.82389241753862,27613500,4.60002527729182,6.3518541853991195
2022-11-21,236.39797973632812,238.95679628172485,235.55806069358533,235.79244700156886,26394700,3.398735588139516,6.009582327179904
2022-11-22,239.30841064453125,239.58187129502204,235.0892928208964,237.90203306915706,19665700,4.492578474125651,5.547182530065634
2022-11-23,241.79884338378906,242.48249493563225,238.56613647954853,239.38651834176036,19508500,3.9163584560837137,5.379621404250484
2022-11-25,241.71092224121094,242.89265945895485,240.9686592920648,241.53511763128728,9200800,1.924000166890039,4.949402418007137
2022-11-28,236.11473083496094,240.89054534482318,235.17715584666723,240.33386298973988,24778200,5.713389498155948,4.861505540980614
2022-11-29,234.7181396484375,237.12068869969116,232.64764779898533,235.76314670175077,17956300,4.473040900705826,4.7768381472086885
2022-11-30,249.18231201171875,249.36787777071672,234.2591112887046,234.95253887719915,47594200,15.108766482012129,5.556907650733152
2022-12-01,248.74281311035156,250.13941445901602,245.06084106912186,247.9419535295198,26041500,5.07857338989416,5.340189472235262
2022-12-02,249.0651092529297,250.08081797025935,243.85956668321174,243.98653586131007,21528500,6.2212512870476075,5.363002067436132
2022-12-05,244.35765075683594,247.8931313402829,242.2676218605377,246.12538359731664,23435300,5.6255094797452045,5.437870656949187
2022-12-06,239.39627075195312,245.97889237423144,238.08756427144374,244.9631836631235,22463700,7.891328102787696,5.516671465058143
2022-12-07,238.66380310058594,240.41201382796567,236.55425177558644,239.11306837036958,20481500,3.857762052379229,5.5564345238566535
2022-12-08,241.62303161621094,242.93175300820135,237.38437721752427,239.12281178477338,22611800,5.54737579067708,5.56062106756683
2022-12-09,239.68927001953125,242.5117859075188,238.45869726333626,238.9860813295668,20609700,4.053088644182537,5.521554165201882
2022-12-12,246.61370849609375,246.6430067827901,241.39840482934278,241.6718654401659,30665100,5.244601953447329,5.653401762723868
2022-12-13,250.9207305908203,257.7572751273937,247.16062513471115,255.57933663809652,42196900,10.596649992682558,6.089406871192218
2022-12-14,251.2137451171875,256.458347318601,248.37169195338248,251.1258502529427,35410900,8.086655365218519,6.387285221844705
2022-12-15,243.1954345703125,248.26424677465207,241.56443204275277,247.7954592877002,35560400,6.699814731899295,6.72841483363108
2022-12-16,238.976318359375,244.00605626723987,237.82386444207205,242.74618523388142,86102000,6.18219182516782,6.761900714131928
2022-12-19,234.8353271484375,239.48418747169598,233.13596686101567,239.14235424704955,29696400,6.3482206106803005,6.895842121987248
2022-12-20,236.15380859375,237.23788993522047,232.85272912283375,233.8098412838887,25150800,4.385160812386715,6.129870288442575
2022-12-21,238.72242736816406,239.88464264410752,234.50330932630206,236.04641730673646,23690600,5.381333317805456,6.151495997579096
2022-12-22,232.62811279296875,236.3393833310989,228.408980416361,235.6264185705002,28651700,7.930402914737897,6.273578256699831
2022-12-23,233.15548706054688,233.29221736870184,228.47734339350782,230.59667062115278,21207000,4.814873975194018,6.215675720660461
2022-12-27,231.4268035888672,233.35078882419523,230.32318521167457,233.12616367836742,16688600,3.0276036125206645,5.8682668284985295
2022-12-28,229.05357360839844,234.12238618004355,228.7019792420853,231.35846669812094,17457100,5.420406937958262,5.979884320325604
2022-12-29,235.38223266601562,236.27098706875256,230.14739203902258,230.14739203902258,19770700,6.123595029729984,6.021042837400811
2022-12-30,234.2200469970703,234.35677730572505,231.13383157030836,232.64764099629804,21938500,3.222945735416687,5.961746915346107
2023-01-03,233.9856414794922,240.011565882423,231.85653825258547,237.40391403529475,25740000,8.155027629837548,6.169634463659695
2023-01-04,223.7503662109375,227.43232343462765,220.6836879280111,226.85610390975128,50623400,6.7486355066165515,5.894776286083551
2023-01-05,217.118896484375,222.23654401593947,216.58173640623133,221.89471081098847,39585600,5.6548076097081434,5.721072874975667
2023-01-06,219.67774963378906,220.48837045082183,214.2280589162467,217.79282338281794,43613600,6.2603115345751235,5.689679789452512
2023-01-09,221.81658935546875,225.8403946978241,221.12317668189198,221.1622360976978,27369800,4.717218015932133,5.585038803078534
2023-01-10,223.50621032714844,225.90875938940619,222.0216991383432,222.4416512068121,27033900,3.887060251062991,5.409241634534441
2023-01-11,230.26458740234375,230.44037710617866,225.71339852715076,225.8891882309857,28669300,4.7269785790279,5.433657189294526
2023-01-12,232.9406280517578,234.29817003437267,228.10621681309263,229.76651770584309,27269500,6.191953221280045,5.491558610971282
2023-01-13,233.64382934570312,233.78055966417364,229.43447286012528,231.4659053791777,21333300,4.346086804048355,5.235536031636315
2023-01-17,234.73770141601562,235.28462272396126,231.55381466942242,232.4132709547587,29831300,3.7308080545388407,5.158102751589516
2023-01-18,230.30368041992188,236.72027379093637,230.0204586660314,235.9291902032741,30028700,6.699815124904973,5.420403573902681
2023-01-19,226.51426696777344,230.02044931118633,225.2934553321454,228.32107414949724,28623000,4.726993979040913,5.370874076837156
2023-01-20,234.61068725585938,235.11854904554423,229.03401340452106,229.37584660771927,35389800,6.084535641023166,5.368084120500955
2023-01-23,236.9156036376953,239.4451219045726,234.05401326238723,235.4701667569778,31934000,5.3911086421853724,5.522952899555861
2023-01-24,236.38821411132812,238.25361804107612,234.82558401353157,236.83747939221803,40234400,3.4280340275445553,5.185310499392076
2023-01-25,234.99159240722656,237.61878145041626,225.5083209962778,229.00472733419514,66526600,12.110460454138462,5.568297995643641
2023-01-26,242.2090301513672,242.51178905465864,236.3491342606083,237.96059966957264,33454500,6.162654794050326,5.604572794525225
2023-01-27,242.36529541015625,243.99629796325885,241.06635004457462,243.17591612262385,26498900,2.9299479186842348,5.366689679104447
2023-01-30,237.0425567626953,239.86507262695676,236.54445608504085,238.80051357034338,25867400,3.3206165419159106,5.2669324309604315
2023-01-31,242.0234832763672,242.16021359505123,237.2769666384965,237.76529133415198,26541100,4.8832469565547285,5.338088624209841
2023-02-01,246.84811401367188,249.22136469253888,239.7381082028261,242.20902977404796,31259900,9.483256489712772,5.677822760687333
2023-02-02,258.42144775390625,258.5093426268986,251.2430684097747,252.7764151835844,39940400,7.266274217123907,5.754559974676179
2023-02-03,252.3173370361328,258.03074104934103,251.0965254865144,253.47955201576713,29077300,6.934215562826637,5.939426314588914
2023-02-06,250.7742462158203,252.26851854905965,248.83072352097895,251.42861440323966,22518000,3.4377950280807,5.918496812699047
2023-02-07,261.3122253417969,262.4939623826704,254.00687949692542,254.44638350471178,50841400,8.487082885744996,6.046158795616192
2023-02-08,260.501708984375,270.29750141679074,259.99383221379736,266.82063188656974,54686000,10.303669202993376,6.4444927401842245
2023-02-09,257.46435546875,267.58246053588874,256.66349566630674,267.40664096109856,42375100,10.918964869581998,6.789809113652713
2023-02-10,256.9563903808594,257.92326347563693,254.57336413487155,255.42304410361132,25818500,3.3498993407653757,6.64400844926557
2023-02-13,264.9844665527344,268.18787471786464,260.9118262982857,261.3904046708747,44630900,7.276048419578956,6.91886662012517
2023-02-14,265.8146667480469,268.5492730065141,262.9921358196889,266.3029914231284,37047900,5.55713718682523,6.450772101031368
2023-02-15,263.69000244140625,265.07053065688496,260.61562828503037,262.7109069591907,28922400,4.454902371854587,6.328789785160244
2023-02-16,256.669921875,261.1639673790336,256.42514795944504,258.50082598261054,29603600,4.738819419588538,6.457994892367694
2023-02-17,252.6654052734375,254.65296812365867,250.64847075073527,253.96761913922532,30000100,4.004497372923396,6.506843523153942
2023-02-21,247.38804626464844,250.14910261263643,246.33062138285374,249.16020664383558,28397400,3.818481229782691,6.430788828384512
2023-02-22,246.25230407714844,249.02314613774428,245.10676413376063,248.77837226249528,22491100,3.9163820039836423,6.033154936546716
2023-02-23,249.44415283203125,251.47087265175512,245.24382497088402,250.2176316666575,29219100,6.227047680871095,5.958924469671516
2023-02-24,244.01019287109375,245.75298174565887,242.9136106416539,244.73472895258075,24990900,2.8393711040049823,5.666435579755683
2023-02-27,244.93052673339844,247.53492427311554,244.1766190372043,247.18244930578683,21190000,3.3583052359112457,5.660757737457865
2023-02-28,244.2060089111328,246.23274385931393,243.53043059507243,243.86333443445264,22491000,2.7023132642414964,5.247559907350472
2023-03-01,241.12184143066406,245.68441488809174,240.6518648564876,245.51797045383339,27565300,5.032550031604131,4.871051395108383
2023-03-02,245.86070251464844,246.14463367182992,240.47567658758933,241.39602886367507,24808200,5.6689570842405885,4.496050839012568
2023-03-03,249.9532928466797,250.27639616638209,246.1348262316736,246.91810564854498,30760100,4.141569934708485,4.552598738579933
2023-03-06,251.500244140625,254.68230436172686,250.62884978536187,251.0694397510907,24109800,4.053454576364999,4.322413464064651
2023-03-07,248.837158203125,252.30316523632573,248.0930508733091,250.94220791472617,21473200,4.210114363016629,4.226197548078322
2023-03-08,248.39654541015625,249.21898211098042,245.56695978437247,248.72943432146894,17340200,3.6520223266079483,4.168848973417847
2023-03-09,247.04542541503906,254.13406846962502,246.320889244456,250.47226024324826,26653400,7.813179225169023,4.388446102387882
2023-03-10,243.3933868408203,247.50558563004392,242.42409169767885,245.83134041562823,28333900,5.081493932365078,4.4653744280622885
2023-03-13,248.61195373535156,252.51855056988012,240.59315835594796,242.22824622027488,33339700,11.925392213932156,5.044439498358678
2023-03-14,255.33831787109375,255.61246340953107,250.51136939968598,251.38276377682135,33620300,5.101094009845099,5.12906178449164
2023-03-15,259.89111328125,260.9093809729157,253.79133752741032,254.5452601893461,46028000,7.1180434455053785,5.192704339108374
2023-03-16,270.4262390136719,270.7786991165704,257.7763096695362,259.665957162543,54768800,13.002389447034204,5.918634220753319
2023-03-17,273.5886535644531,277.4071201106938,270.54368084412533,272.44312854039293,69527400,6.863439266568491,6.169000937228836
2023-03-20,266.5392150878906,271.6794671642192,264.2089626992146,271.189919347426,43466600,7.470504465004581,6.509586022997628
2023-03-21,268.05682373046875,269.251321698279,263.885866421952,269.13383499318786,34558700,5.365455276326998,6.533364969049261
2023-03-22,266.597900390625,275.16498531924117,266.49018435697667,267.6846819650657,34873300,8.674800962264499,6.748068103193826
2023-03-23,271.8556823730469,275.184601369669,269.44711561214615,272.12982794030694,36610900,5.7374857575228475,6.86206209053771
2023-03-24,274.7048645019531,274.76360784861777,269.52544032042374,271.44445936393123,28172000,5.238167528194026,6.946684444239783
2023-03-27,270.6023864746094,275.5761778684438,269.7603489086351,274.6362546679593,26840200,5.815828959808698,7.061378344010644
2023-03-28,269.47650146484375,270.3674820752308,266.3629546475742,270.0247926282162,21878600,4.004527427656569,7.086557279799832
2023-03-29,274.6460876464844,275.26292259083164,272.58998112520123,273.12847169713626,25087000,2.6729414656304016,6.719397439832788
2023-03-30,278.112060546875,278.51349328125735,275.59580785907895,278.28832044267864,25053400,2.9176854221784083,6.564839689105169
2023-03-31,282.27325439453125,283.22297833808955,277.0840595769203,277.7988101339081,32766000,6.138918761169236,6.15152015676496
2023-04-03,281.22564697265625,282.2438849087716,278.0142145195858,280.5304675659523,24883300,4.229670389185799,6.089275612432153
2023-04-04,281.1766662597656,284.3783279836004,279.6982522270493,281.2256389673713,25824300,4.680075756551105,5.9151350632211335
2023-04-05,278.39599609375,281.1472519122107,277.0056972902033,279.8744397816824,22064800,4.1415546220074475,5.282218290004936
2023-04-06,285.50421142578125,285.97415807311296,276.1342617095591,277.28958705707475,29770300,9.839896363553862,5.494822368361034
2023-04-10,283.34039306640625,283.5459947057534,278.75820451792686,283.1641332102067,23103000,4.787790187826545,5.303199919991174
2023-04-11,276.9176025390625,280.0017776622644,275.7525062342862,279.77657491179383,27276600,4.249271427978158,5.223472502251972
2023-04-12,277.5638427734375,281.0102789136467,276.0658274810132,278.83668516781233,27403400,4.944451432633514,4.957018964421187
2023-04-13,283.7810363769531,283.8397797166335,277.2504861189615,277.6616894967238,24222700,6.589293597671997,5.017862381574697
2023-04-14,280.15838623046875,282.44946599648506,277.7595904276163,281.00039397472506,20987900,4.689875568868786,4.978698670194324
2023-04-17,282.7627868652344,285.5042723715686,280.17799011428394,283.86916963303577,23836200,5.326282257284674,4.943731048585464
2023-04-18,282.3418273925781,285.6609762185109,281.0102715584448,285.47494564173786,20161800,4.650704660066083,4.989886565186144
2023-04-19,282.42010498046875,283.00753836856154,278.591838043408,280.01150857079625,17150300,4.415700325153523,5.114369340866367
2023-04-20,280.1289978027344,282.98796979588815,279.1205306378155,279.28699001904164,23244400,3.8674391580726706,5.182208893430243
2023-04-21,279.7863464355469,280.28566483452795,277.14277656950355,279.0520247927153,21676400,3.1428882650243963,4.968206715134182
2023-04-24,275.8797607421875,278.9933075070845,272.89353106763554,276.19307851016646,26611000,6.099776439448988,5.10178571872441
2023-04-25,269.66253662109375,275.7133405569095,269.6135639108985,273.6670342373716,45772200,6.09977664601098,5.203192925114402
2023-04-26,289.1954345703125,293.30764764371935,286.61063797416637,290.49764832472823,64599200,6.697009669552983,5.385725428510511
2023-04-27,298.4576721191406,298.81996255788124,289.0779502504288,289.7829002150644,46462600,9.742012307452455,5.378733710217554
2023-04-28,300.8368835449219,302.47195624653347,296.96944448822813,297.6548232687838,36469600,5.502511758305332,5.429785250966039
2023-05-01,299.17242431640625,302.14888305967634,298.7709915681672,300.5529525833872,21294100,3.3778914915091605,5.367543826932539
2023-05-02,299.0255432128906,302.71672228103625,297.5569000465208,301.3264234827943,26404400,5.159822234515445,5.382927455638391
2023-05-03,298.03668212890625,302.1586660652437,297.733164896042,300.21027546467184,22360800,4.425501169201709,5.228370853604799
2023-05-04,299.0255432128906,301.3264234827943,297.05755180847615,299.8381792845817,22519900,4.268871674318177,5.198299146851184
2023-05-05,304.1560363769531,305.448449715473,297.9094017870665,299.32910233190466,28197100,7.5390479284064895,5.3563538376455995
2023-05-08,302.1978454589844,303.7154615391141,299.6913631590147,303.6469176772524,21318600,4.02409838009936,5.311596246219405
2023-05-09,300.5823669433594,303.558826109355,299.9067885491099,301.5614626011553,21340800,3.6520375602451054,5.257048905868804
2023-05-10,305.7813720703125,306.45695048571525,301.2383836132989,302.1685065895515,30078000,5.218566872416375,5.353558028321926
2023-05-11,303.6272888183594,304.6161848272032,299.85779507616377,303.61751818157876,31680200,4.758389751039431,5.468950991608714
2023-05-12,302.51116943359375,304.1560428743244,300.1907176369154,304.0581273381705,19774700,3.9653252374089902,5.316490191462999
2023-05-15,302.9908752441406,303.4216796405487,301.15997149921776,302.63841521778266,16336500,2.261708141330928,5.04234244112871
2023-05-16,305.22320556640625,307.1520247952151,303.35312967414006,303.35312967414006,26730300,3.79889512107502,4.83533425909457
2023-05-17,308.1080627441406,308.5299869808576,304.90922423008425,306.4301577933981,24315000,3.6207627507733378,4.398102147903204
2023-05-18,312.5433044433594,313.05356636812974,307.83338325207785,308.6281820787948,27276000,5.220183116051885,4.377935816313673
2023-05-19,312.36663818359375,312.7689485029045,310.43360222955846,310.79665472761,27546700,2.3353462733460333,4.303468300730592
2023-05-22,315.15338134765625,316.53692774518953,312.0428798975908,312.6218055626669,24115700,4.494047847598722,4.255912987379397
2023-05-23,309.3444519042969,316.664463629214,309.33462996251853,314.0249365560636,30797200,7.329833666695492,4.463365308628953
2023-05-24,307.96087646484375,310.56114546951807,306.7441236524187,308.82436880109975,23384900,3.8170218170993735,4.43109031882761
2023-05-25,319.8044738769531,320.76606606309167,313.9955431528481,317.17473844488717,43301700,6.770522910243585,4.376195674673117
2023-05-26,326.6436462402344,327.14405620676587,317.8027008438637,317.9400583040085,36630600,9.341355362902164,4.755999744873317
2023-05-30,324.9951171875,329.44011438601143,324.318062056043,328.93970446554357,29503100,5.122052329968426,4.861000799853555
2023-05-31,322.22808837890625,329.636407832276,321.18795072131485,326.0549025994876,45950600,8.448457110961158,5.091707245463896
2023-06-01,326.33941650390625,327.27160256990936,318.626916843916,319.81420387671255,26773900,8.644685725993384,5.3692998151034645
2023-06-02,329.1065368652344,331.1671383819332,326.31000837435346,327.97812149381093,25873800,4.857130007579769,5.433000155829949
2023-06-05,329.6364440917969,332.2072777754639,328.38046313393863,328.92995293144236,21307100,3.8268146415252886,5.544793477272402
2023-06-06,327.4188232421875,329.0771144876542,325.9371772359314,329.0378566628356,20396200,3.139937251722813,5.49772505803296
2023-06-07,317.3120422363281,328.21355775333575,316.44854992905215,325.4268516357255,40717100,11.7650078242836,6.079456848997978
2023-06-08,319.15679931640625,320.51090965341575,317.28263514872793,317.8615607379673,23277700,3.2282745046878176,5.937177662471973
2023-06-09,320.6580810546875,323.79801789828633,318.32273487313944,318.8918385067795,22529000,5.475283025146894,6.161458859029177
2023-06-12,325.6231689453125,325.86847794256755,319.0586977831723,322.41450809645136,24260300,6.809780159395245,6.326868309871786
2023-06-13,328.017333984375,330.6568607625825,324.1905202364905,328.19394924698327,22951300,6.466340526091983,6.265190228400107
2023-06-14,331.0101318359375,332.6782449291993,326.5651341794789,328.0664239854366,26003800,6.11311074972042,6.429196580730182
2023-06-15,341.5682678222656,343.27560893103424,330.8728010908221,331.1475459812555,38899100,12.40280784021212,6.831502647156506
2023-06-16,335.906494140625,344.87500521875836,335.53364962832507,344.7278258132524,46552000,9.341355590433295,6.831502663408729
2023-06-20,331.7067565917969,335.66113574405455,329.55784775287134,332.943123305957,26375400,6.103287991183208,6.901590924924071
2023-06-21,327.3010559082031,331.39282293074336,325.83902394821615,330.058326488485,25117800,5.553798982527212,6.694829630035932
2023-06-22,333.33563232421875,333.7379426283081,327.0851645614221,327.85052734982696,23556800,6.652778066885958,6.552550511528259
2023-06-23,328.7336730957031,331.6185093238912,327.19315533781804,328.0860537439725,23146900,4.425353986073162,6.52170936713493
2023-06-26,322.43408203125,329.8031423475633,322.3261305245052,327.4580044139379,21520600,7.477011823058149,6.78243773724442
2023-06-27,328.2921142578125,329.8424538607447,323.120981710903,325.63294331118817,24354100,6.721472149841702,7.038261658538626
2023-06-28,329.5480651855469,331.63810233073093,327.54633567319496,328.38039213208674,20259500,4.09176665753597,6.490173003770939
2023-06-29,328.7630920410156,329.80319974916614,326.37869587676175,328.4294754124527,16997000,3.4245038724043866,6.504189387179265
2023-06-30,334.15008544921875,336.2989944894714,330.8727611005321,331.41242887349597,26832800,5.426233388939295,6.500685841735865
2023-07-03,331.6479187011719,334.5033188190337,330.25458046527325,332.8254137820231,12508700,4.248738353760473,6.317754284190523
2023-07-05,331.8049621582031,335.239288310843,328.44915165822283,328.80238226034805,18172400,6.790136652620163,6.340882578942536
2023-07-06,334.8663635253906,336.5540904646997,329.20464318433727,330.97085581956964,28161200,7.349447280362426,6.429192331131252
2023-07-07,330.89239501953125,335.3766505894666,330.6765219083215,332.9529965456345,21214800,4.700128681145088,5.879000962626463
2023-07-10,325.60345458984375,328.93968018640373,321.4430244792303,328.32149685592424,32791400,7.496655707173431,5.747236685250759
2023-07-11,326.2314453125,326.6141116769602,320.8640846557816,324.84789933572927,26698200,5.750027021178596,5.722003758821858
2023-07-12,330.87274169921875,335.23922327928665,329.37145204151966,330.2839941982709,29995300,5.867771237766988,5.744430348481842
2023-07-13,336.23028564453125,337.2900072046909,332.6585727165139,333.18844846906484,20567200,4.6314344881769784,5.600048664288344
2023-07-14,338.7618713378906,344.8357239330472,337.84932914089796,341.06778168374007,28352700,6.986394792149213,5.782980150436633
2023-07-17,339.24267578125,340.4790125699391,335.7789144838815,339.193596022569,20363900,4.700098086057551,5.584629169222304
2023-07-18,352.74444580078125,359.89766311953025,335.74946461658294,339.3407612690202,64738600,24.14819850294731,6.829395337301277
2023-07-19,348.417236328125,355.6587621887617,345.82678907790546,354.96209307208494,39732900,9.831973110856268,7.2394100839670115
2023-07-20,340.36126708984375,351.25299077675766,338.8894133468808,346.9355591197213,33778400,12.363577429876841,7.877915338072187
2023-07-21,337.3194274902344,343.72689620518594,333.4533559589221,342.59848099973897,69405400,10.273540246263849,8.224151542166798
2023-07-24,338.6343078613281,340.4103723937978,335.8868593129291,339.3604427915747,26678100,4.523513080868668,8.243778308388812
2023-07-25,344.3941955566406,345.2871238413171,338.595087649529,340.59678737512286,41637700,6.692036191788134,8.236771132615095
2023-07-26,331.4320373535156,338.20258898250944,326.8594744910843,335.0331862626318,58383700,11.343114491425126,8.522033076262431
2023-07-27,324.51434326171875,334.92524195448044,322.87566610660525,334.0912153820297,39635300,12.04957584787519,9.046993588171725
2023-07-28,332.020751953125,333.629993034326,326.91834377394594,327.40896167261354,28484900,6.711649260380057,8.990921699115054
2023-07-31,329.6168212890625,331.36342022951675,327.1048294959327,330.5980573217884,25446000,4.258590733584072,8.884390535715445
2023-08-01,330.0288391113281,332.18756980830966,327.43839221988986,328.90042395174487,18311900,4.749177588419798,8.804490989333503
2023-08-02,321.3547668457031,327.3697478835023,320.2361435127281,327.3697478835023,27761300,7.133604370774208,8.98321740951902
2023-08-03,320.5304870605469,323.69006750515837,319.8338180335655,319.88286784513633,18253700,3.856249471592889,8.759635600907854
2023-08-04,321.6295166015625,328.85142872245865,321.0996408070944,325.65258996189004,23741500,7.751787915364275,8.977613445858335
2023-08-07,323.9158020019531,324.8970380032119,321.3744043520865,322.20846094214573,17741500,3.522633651125375,7.504358813585339
2023-08-08,319.9319763183594,322.58132541763825,316.9392185852385,320.82490464522823,22327600,5.642106832399747,7.2050826508384445
2023-08-09,316.1836853027344,320.97209180236405,315.02580407101107,320.34411633722664,22373300,5.946287731352982,6.746704815229598
2023-08-10,316.8705139160156,322.1005182288563,315.15335102644235,319.9025293676403,20113700,6.947167202413937,6.50910674066889
2023-08-11,314.986572265625,316.3602966518782,313.22032953048887,314.25064527888804,24355500,3.1399671213893043,6.410282029277506
2023-08-14,317.959716796875,317.9793307363842,314.0740007379562,315.3594474269808,18836100,3.9053299984279874,6.211231586894639
2023-08-15,315.8205871582031,318.98999004348366,314.87860903477014,316.9392105100473,16966300,4.111381008713522,5.694679195272381
2023-08-16,315.05364990234375,319.00658950947815,314.4636557810038,315.44696931378786,20698900,4.542933728474338,5.158490472458035
2023-08-17,311.5923156738281,316.4990393179839,310.9334825752944,315.1912458646841,21257200,5.565556742689466,5.076626721194422
2023-08-18,311.19903564453125,313.0673251029197,306.35127777604174,309.24222157279775,24755000,6.71604732687797,5.252159335001129
2023-08-21,316.5089111328125,317.384044424445,311.7496780411196,312.6248113327521,24040000,5.634366383325414,5.315387106065815
2023-08-22,317.0792236328125,320.638813261693,316.09591025429995,320.06850470582657,16084600,4.542903007393022,5.130337008681445
2023-08-23,321.5434875488281,323.7067890708429,318.0625496482568,318.41655808292467,21166400,5.644239422586111,5.2580505766095325
2023-08-24,314.63079833984375,327.42371562381226,314.62095560290663,327.29588007700687,23281400,12.802760020905623,5.618834298433915
2023-08-25,317.5905456542969,319.9308061397361,313.4802731864356,316.1057329442358,21684100,6.450532953300467,5.827969962874993
2023-08-28,318.2985534667969,320.70765324549666,316.35158216920695,320.2258392914253,14808500,4.356071076289709,5.736110266009989
2023-08-29,322.929931640625,323.4904274361002,316.5088968490621,316.5088968490621,19284600,6.981530587038094,5.810056184273212
2023-08-30,323.3035888671875,324.30655763191555,321.0026393422181,323.1855960723184,15222100,3.3039182896974353,5.549824119079176
2023-08-31,322.2908020019531,325.3882331373902,321.32714408962795,323.7067756652974,26411000,4.061089047762266,5.61561854239153
2023-09-01,323.17578125,326.45020162379865,321.32714728180537,325.78155572289427,14942000,5.1230543419932815,5.702598852646195
2023-09-05,327.9841613769531,329.2624867583471,323.17577461933763,323.5100975629304,18553900,6.086712139009478,5.84369393338162
2023-09-06,327.32537841796875,328.87900042913225,324.67042016143193,327.81703513152416,17535800,4.208580267700313,5.819811543326332
2023-09-07,324.4049377441406,327.5220245169093,323.5396171232003,325.7619150807658,18381000,3.9824073937090247,5.706729446970586
2023-09-08,328.6921691894531,330.5506459747243,323.9624339954705,324.58192625722756,19530100,6.588211979253799,5.697598350711717
2023-09-11,332.3009338378906,332.7729350743732,329.83280759348713,331.6126024523964,16583300,2.9401274808860762,5.5051527148231925
2023-09-12,326.2338562011719,331.1701083762214,325.94871693840975,330.21629323552526,17565500,5.221391437811633,5.553616174138808
2023-09-13,330.4522705078125,331.2290964296317,325.64388399787714,325.78153225775213,16544400,5.585212431754542,5.549399960507982
2023-09-14,333.0482177734375,335.17214803708595,330.95375569932395,333.4906907415561,20267000,4.218392337761998,4.936230840283437
2023-09-15,324.7097473144531,331.7699302193474,324.1492514827947,331.29795899971333,37679800,7.620678736552691,5.01981268194431
2023-09-18,323.5691223144531,324.8867587399462,320.91416398907404,322.33013776149687,16834200,3.9725947508721333,4.992421515843055
2023-09-19,323.16595458984375,323.8936269378206,319.0950525710311,320.7273564750353,16505900,4.7985743667895235,4.836496071539585
2023-09-20,315.41741943359375,324.09025057389067,315.1617783626277,324.01159870782635,21436500,8.928472211263,5.238249923079983
2023-09-21,314.1980895996094,319.9209800628248,309.74368166363735,313.93260581832857,35560400,10.177298399187464,5.675122019610354
2023-09-22,311.72021484375,316.0861290808594,310.87454964946875,315.9582935275562,21447900,5.211579431390646,5.681445240281595
2023-09-25,312.2413635253906,312.36919907613066,309.7437389423757,311.3072037379406,17836000,2.6254601337549275,5.434212954191984
2023-09-26,306.9314270019531,310.6090091309313,304.84677760481566,309.87152415800745,26297600,5.76223152611567,5.545188044078794
2023-09-27,307.57061767578125,309.0554005566663,304.522340026209,307.08877368705123,19410100,4.5330605304573055,5.584520410989386
2023-09-28,308.40643310546875,310.2157261834966,304.2863475063599,305.8006285556267,19683600,5.929378677136697,5.537460889409593
2023-09-29,310.4812316894531,314.1391590398575,309.72409111193235,312.4478586518566,24147300,4.415067927925122,5.642813778483811
2023-10-02,316.4302673339844,316.518791954941,309.9207368674109,311.0023877021163,20570000,6.598055087530099,5.741146896320844
2023-10-03,308.1606140136719,316.02712155021527,306.0169679036218,315.47643841498,21033500,10.010153646593494,6.057214125952198
2023-10-04,313.63763427734375,314.69962955610083,308.7604082061058,308.78990640782996,20720100,5.939221349995023,6.180130483968843
2023-10-05,314.03094482421875,314.6406243233155,309.64537557701226,313.76546101615116,16965600,4.9952487463032185,5.992599770379594
2023-10-06,321.7991638183594,323.6969515428258,311.022026982247,311.26785534059786,25673600,12.674924560578802,6.614194756787214
2023-10-09,324.3164367675781,324.7884080000268,317.78722130749577,319.3310305664322,19891200,7.001186692531007,6.771524208625891
2023-10-10,322.91033935546875,325.5751105768061,322.2023524248597,325.43743228080154,20557100,3.372758151946357,6.374687490103274
2023-10-11,326.8730163574219,327.26633567090187,323.6477499735418,325.6831856730943,20063200,3.6185856973600607,5.906208011401317
2023-10-12,325.634033203125,328.06281823338145,323.23474637127896,325.05388196216046,19313100,4.82807186210249,5.8788146135950194
2023-10-13,322.2613220214844,328.25950995278436,320.91415741201166,326.8337234807313,21072400,7.345352540772694,6.21594978552486
2023-10-16,327.0893859863281,330.5309829095428,325.083418234461,325.52589126243953,22158000,5.447564675081765,6.193473581879581
2023-10-17,326.51904296875,327.8956757176601,321.9466416917106,324.09025768703805,18338500,5.949034025949459,6.294614545843307
2023-10-18,324.6015319824219,329.9900995519493,322.82173734889005,326.94182238673613,23153600,7.168362203059246,6.383113369123488
2023-10-19,325.7913818359375,331.25860158595435,325.3882197669904,326.60751870152404,25052100,5.870381818963949,6.487064361340548
2023-10-20,321.218994140625,326.381389371038,320.019350620081,326.18471469225653,25027700,6.36203875095697,6.470206051585324
2023-10-23,323.82476806640625,327.1778702783257,318.9770403265237,320.0390055685396,24374700,8.200829951802007,6.340968644814503
2023-10-24,325.0145568847656,326.3026949587647,322.13345600220845,325.77169735313146,31153600,4.169238956556228,6.214541330997447
2023-10-25,334.98541259765625,340.4231348794275,331.98628851300685,339.2628021799774,55053800,8.436846366420639,6.460369732434406
2023-10-26,322.41864013671875,335.9293564408089,321.48448041784866,334.8575484524091,37828500,14.444876022960216,6.5867948368902205
2023-10-27,324.3066101074219,331.1013097225857,322.92013452668544,324.9162596517857,29856500,8.181175195900266,6.6710797299880245
2023-10-30,331.6814270019531,333.78573199598327,326.2928589871081,327.84651090030354,22828100,7.492873008875165,6.9653736483400825
2023-10-31,332.46807861328125,333.34324194155744,329.10516359659624,333.1957509335175,20265300,4.238078344961195,7.009623123168735
2023-11-01,340.29522705078125,341.62270595329534,333.9823427186433,334.1200209790302,28158800,7.640363234652057,7.2105010783508465
2023-11-02,342.50775146484375,343.00922092358684,339.016970678104,341.4457561237559,24348100,3.9922502454828646,6.97099377154443
2023-11-03,346.9129638671875,348.4764586181646,341.5342382393827,343.7958771188286,23637700,6.942220378781883,7.077754893237296
2023-11-06,350.58074951171875,351.57390571697306,347.45381988578487,347.5521572342444,23828300,4.120085831188192,6.947115736468634
2023-11-07,354.51397705078125,356.41176470087066,351.6623742073379,353.4028281132475,25833900,4.749390493532758,6.774332042931028
2023-11-08,357.1394348144531,357.798237980275,354.5336303274662,355.64477925814185,26767800,3.26460765280882,6.58820531677709
2023-11-09,354.67132568359375,358.7029167734547,354.3468154449931,356.2544459117808,24847300,4.356101328461591,6.4449240723131345
2023-11-10,363.5014953613281,363.92431294177396,355.04499371068613,355.45796855398606,28042100,8.879319231087834,6.493387592262122
2023-11-13,360.5613708496094,362.32151033821305,359.79438755425144,362.07568197420926,19986500,2.5271227839616017,6.376093579933935
2023-11-14,364.0914611816406,365.7434505878538,361.22020270558585,364.8191335420203,27683900,4.523247882267924,6.096550831065883
2023-11-15,364.2392578125,367.64841915601704,361.71683864791095,365.8255911591098,26860100,5.931580508106094,5.488458294290589
2023-11-16,370.6437683105469,370.8211167467286,364.74174586188934,365.51028582126,27182300,6.07937088483925,5.338329414929087
2023-11-17,364.4166564941406,368.8702437770121,361.60851893001586,368.12139907477774,40157000,7.2617248469962306,5.321818831937735
2023-11-20,371.89508056640625,373.30406540619305,365.5496873613857,365.76645657283353,52465100,7.754378044807368,5.572983096212462
2023-11-21,367.58929443359375,370.6930122644204,365.66792954966576,370.151104255748,28423100,5.02508271475466,5.38617734479122
2023-11-22,372.2991027832031,374.2106051165785,369.4614073576045,372.4468931555256,23345300,4.749197758973992,5.4402450243263
2023-11-24,371.8852233886719,372.4172987463729,369.62888709643283,371.78668646032,10176600,2.7884116499400875,5.1435444008376
2023-11-27,373.04791259765625,375.0481191981454,370.67334381773094,371.24480993983406,22179200,4.374775380414462,5.16173651149662
2023-11-28,377.0778503417969,377.3734310799554,372.60453806574077,372.79174922299154,20453100,4.768893014214655,5.163129548688183
2023-11-29,373.2843933105469,378.654310364066,371.89510374186113,378.122265050378,28963400,6.759206622204886,5.412743760787903
2023-11-30,373.343505859375,374.5061634778247,369.9540398668522,372.9296627723548,30554400,4.552123610972501,5.426745352395825
2023-12-01,369.0081481933594,372.6045206628206,365.85514681042775,371.22509383375666,33040500,6.749373852392864,5.274606396774756
2023-12-04,363.7170104980469,364.0914026926199,357.56866135332547,363.67758971521135,32063300,6.522741339294441,5.560007722155673
2023-12-05,367.04736328125,367.59913401406357,360.2487359832438,361.0665594377977,23065000,7.350398030819747,5.761947018480803
2023-12-06,363.3820495605469,368.683018285252,362.62337224170636,368.0524359835832,21182100,6.0596460435456265,5.771094556726483
2023-12-07,365.5003967285156,365.9930512435457,360.9384111082578,362.8203549639822,23118900,5.054640135287912,5.697899503187102
2023-12-08,368.7322692871094,368.95887115666653,362.8204141424842,363.776165260302,20154400,6.138457014182336,5.617666086557539
2023-12-11,365.8453063964844,366.140917208106,360.72171642347627,363.0667572104508,27708800,5.419200784629709,5.450867710830563
2023-12-12,368.88006591796875,368.91948670565927,365.0176405940666,365.4019256182351,24838300,3.901846111592647,5.370636524890419
2023-12-13,368.8702087402344,372.0921891414662,365.32308952611504,370.4959629431741,30955500,6.769099615351138,5.514915228917358
2023-12-14,360.5541687011719,368.269156155742,358.78062426547126,367.8257550121924,43277500,9.488531890270735,5.993495246083833
2023-12-15,365.28363037109375,366.92907962527363,360.8989931256348,361.46062649374215,78502300,6.0300864996388555,6.111731754599861
2023-12-18,367.1754455566406,367.52030977000646,363.26376706221674,364.0224743454713,21802900,4.25654270778972,6.075135304140937
2023-12-19,367.7765197753906,367.7765197753906,364.4067490977682,366.03250325578983,20603700,3.369770677622398,5.833032736670759
2023-12-20,365.1753234863281,370.50585034240976,365.08664925872364,369.4909829785987,26316700,5.419201083686119,5.894966841864589
2023-12-21,368.0523986816406,368.90961285521604,364.60381655946395,367.08678486250125,17708000,4.3057962957520886,5.720425587818819
2023-12-22,369.07708740234375,369.66827890495347,367.2345641067885,368.19031518305366,17107500,2.4337147981649423,5.428352263452426
2023-12-26,369.1559143066406,371.40241787190627,368.0129521321374,369.49091579531864,12673100,3.389465739768866,5.145428528377364
2023-12-27,368.5746154785156,369.55006195328735,367.3331162784424,368.20019317568403,14905400,2.2169456748449647,4.870949930613031
2023-12-28,369.76678466796875,370.9294421479161,368.66324332637487,369.855458875499,14327000,2.266198821541252,4.671775551059698
2023-12-29,370.5156555175781,371.61919693761735,367.9932665377033,370.47623473279145,18730800,3.6259303999140684,4.492309364326251
