Date,Close,High,Low,Open,Volume,High_Low,ATR
2014-01-02,5.183143138885498,5.251142978668213,5.154285907745361,5.240142822265625,123256000,0.09685707092285156,
2014-01-03,5.187142848968506,5.249570846557617,5.184286117553711,5.199999809265137,108171000,0.06528472900390625,
2014-01-06,5.136713981628418,5.2044291496276855,5.047571182250977,5.189000129699707,155015000,0.15685796737670898,
2014-01-07,4.849999904632568,4.969857215881348,4.815286159515381,4.968429088592529,361676000,0.1545710563659668,
2014-01-08,4.871285915374756,4.94257116317749,4.80742883682251,4.810429096221924,200011000,0.13514232635498047,
2014-01-09,4.815000057220459,4.914000034332275,4.785714149475098,4.882429122924805,170072000,0.12828588485717773,
2014-01-10,4.744856834411621,4.837714195251465,4.721857070922852,4.829570770263672,162379000,0.11585712432861328,
2014-01-13,4.81157112121582,4.980999946594238,4.730429172515869,4.730429172515869,272370000,0.25057077407836914,
2014-01-14,4.828000068664551,4.880000114440918,4.750999927520752,4.877714157104492,197400000,0.12900018692016602,
2014-01-15,4.719714164733887,4.836713790893555,4.558143138885498,4.785714149475098,404320000,0.27857065200805664,
2014-01-16,4.738286018371582,4.769570827484131,4.60028600692749,4.691571235656738,211358000,0.16928482055664062,
2014-01-17,4.71485710144043,4.783143043518066,4.689143180847168,4.743856906890869,164171000,0.09399986267089844,
2014-01-21,4.695857048034668,4.749570846557617,4.574999809265137,4.746142864227295,252203000,0.17457103729248047,
2014-01-22,4.767570972442627,4.777713775634766,4.67642879486084,4.7071428298950195,483420000,0.10128498077392578,0.14643846239362443
2014-01-23,5.55314302444458,5.651856899261475,5.392714023590088,5.534286022186279,912800000,0.2591428756713867,0.15803030558994838
2014-01-24,5.5154290199279785,5.5814290046691895,5.4768571853637695,5.481142997741699,354669000,0.10457181930541992,0.16083652632577078
2014-01-27,5.44614315032959,5.5928568840026855,5.2937140464782715,5.534142971038818,325269000,0.29914283752441406,0.17099973133632115
2014-01-28,5.810999870300293,5.820143222808838,5.439428806304932,5.447429180145264,435904000,0.38071441650390625,0.18715282848903111
2014-01-29,5.720285892486572,5.819142818450928,5.686429023742676,5.758856773376465,289681000,0.13271379470825195,0.1869793619428362
2014-01-30,5.781000137329102,5.845571041107178,5.735857009887695,5.815713882446289,183792000,0.10971403121948242,0.18565280096871511
2014-01-31,5.847570896148682,5.8914289474487305,5.747142791748047,5.747285842895508,236250000,0.1442861557006836,0.18768344606672013
2014-02-03,5.776856899261475,5.887856960296631,5.724571228027344,5.884285926818848,201453000,0.1632857322692871,0.18144880022321427
2014-02-04,5.7987141609191895,5.8361430168151855,5.671570777893066,5.792142868041992,180663000,0.16457223892211914,0.18398966108049666
2014-02-05,5.777429103851318,5.824999809265137,5.685713768005371,5.759285926818848,167629000,0.13928604125976562,0.17404076031276158
2014-02-06,5.8272857666015625,5.870142936706543,5.720285892486572,5.806000232696533,128520000,0.1498570442199707,0.17265306200299943
2014-02-07,6.142570972442627,6.150000095367432,5.865142822265625,5.906285762786865,329210000,0.28485727310180664,0.18628573417663574
2014-02-10,6.149143218994141,6.176713943481445,6.061142921447754,6.134714126586914,138124000,0.1155710220336914,0.18207144737243652
2014-02-11,6.199857234954834,6.225142955780029,6.078713893890381,6.1422858238220215,136675000,0.14642906188964844,0.18529602459498815
2014-02-12,6.127571105957031,6.212856769561768,6.079143047332764,6.2111430168151855,156730000,0.1337137222290039,0.17633679934910365
2014-02-13,6.236429214477539,6.27842903137207,6.0714287757873535,6.0812859535217285,187005000,0.2070002555847168,0.1836531162261963
2014-02-14,6.22157096862793,6.252857208251953,6.166999816894531,6.243713855743408,119854000,0.08585739135742188,0.16841844149998256
2014-02-18,6.240714073181152,6.303429126739502,6.114285945892334,6.242286205291748,155078000,0.18914318084716797,0.15473478181021555
2014-02-19,6.117570877075195,6.232142925262451,6.113856792449951,6.166714191436768,160314000,0.1182861328125,0.15370423453194754
2014-02-20,6.213571071624756,6.253857135772705,6.130856990814209,6.147857189178467,119651000,0.1230001449584961,0.15465324265616281
2014-02-21,6.174714088439941,6.2671427726745605,6.137856960296631,6.2671427726745605,134834000,0.1292858123779297,0.1535817895616804
2014-02-24,6.385714054107666,6.424142837524414,6.121428966522217,6.2210001945495605,260435000,0.30271387100219727,0.1635409423283168
2014-02-25,6.471857070922852,6.539856910705566,6.357142925262451,6.4285712242126465,187005000,0.18271398544311523,0.16483678136553084
2014-02-26,6.411285877227783,6.514286041259766,6.371428966522217,6.512856960296631,150101000,0.14285707473754883,0.16509185518537248
2014-02-27,6.4604291915893555,6.487570762634277,6.397714138031006,6.397714138031006,103047000,0.08985662460327148,0.16080611092703684
2014-02-28,6.366143226623535,6.4885711669921875,6.300000190734863,6.473286151885986,157514000,0.18857097625732422,0.15392851829528809
2014-03-03,6.365571022033691,6.367856979370117,6.258571147918701,6.302713871002197,135282000,0.10928583145141602,0.15347957611083984
2014-03-04,6.499713897705078,6.5,6.365571022033691,6.441713809967041,123879000,0.1344289779663086,0.15262242725917272
2014-03-05,6.478570938110352,6.5262861251831055,6.455856800079346,6.485570907592773,108689000,0.07042932510375977,0.14810211317879812
2014-03-06,6.435856819152832,6.5428571701049805,6.414143085479736,6.499143123626709,118090000,0.12871408462524414,0.14251024382455008
2014-03-07,6.405285835266113,6.493429183959961,6.364428997039795,6.486713886260986,115738000,0.12900018692016602,0.14559187207903182
2014-03-10,6.284999847412109,6.411142826080322,6.17285680770874,6.406713962554932,154392000,0.23828601837158203,0.1491020747593471
2014-03-11,6.249713897705078,6.381143093109131,6.223570823669434,6.323429107666016,104482000,0.15757226943969727,0.15190822737557547
2014-03-12,6.236856937408447,6.278571128845215,6.138286113739014,6.195428848266602,121345000,0.14028501510620117,0.15314286095755442
2014-03-13,6.14371395111084,6.2897138595581055,6.1182861328125,6.281570911407471,113904000,0.17142772674560547,0.15615299769810267
2014-03-14,6.064143180847168,6.214142799377441,6.0428571701049805,6.110428810119629,149891000,0.17128562927246094,0.14676526614597865
2014-03-17,6.0388569831848145,6.154285907745361,6.0329999923706055,6.117000102996826,106953000,0.12128591537475586,0.14237754685538156
2014-03-18,6.003571033477783,6.089428901672363,5.949999809265137,6.0338568687438965,146881000,0.13942909240722656,0.14213269097464426
2014-03-19,6.001286029815674,6.07785701751709,5.958000183105469,5.998143196105957,105315000,0.1198568344116211,0.1442755631038121
2014-03-20,6.060999870300293,6.174285888671875,5.992856979370117,5.995285987854004,144949000,0.1814289093017578,0.14376541546412877
2014-03-21,5.799857139587402,6.119143009185791,5.796286106109619,6.0871429443359375,267708000,0.3228569030761719,0.15902049200875418
2014-03-24,5.4128570556640625,5.806428909301758,5.265714168548584,5.7927141189575195,424837000,0.5407147407531738,0.18804090363638742
2014-03-25,5.2977142333984375,5.499000072479248,5.224999904632568,5.414286136627197,303569000,0.2740001678466797,0.20258167811802455
2014-03-26,5.318285942077637,5.3921427726745605,5.236713886260986,5.328713893890381,271523000,0.15542888641357422,0.20448987824576242
2014-03-27,5.202570915222168,5.397571086883545,5.1647138595581055,5.300142765045166,286720000,0.23285722732543945,0.21190823827471053
2014-03-28,5.12671422958374,5.271429061889648,5.0821428298950195,5.145999908447266,246995000,0.1892862319946289,0.2084082535334996
2014-03-31,5.0289998054504395,5.240857124328613,4.99828577041626,5.164429187774658,221256000,0.24257135391235352,0.2144796167101179
2014-04-01,5.209856986999512,5.2178568840026855,5.024857044219971,5.025000095367432,213388000,0.19299983978271484,0.21824496132986887
2014-04-02,5.184000015258789,5.300714015960693,5.118570804595947,5.2237138748168945,241941000,0.1821432113647461,0.2190103530883789
2014-04-03,5.066999912261963,5.215713977813721,5.001429080963135,5.1618571281433105,219835000,0.21428489685058594,0.22208172934395926
2014-04-04,4.818714141845703,5.085713863372803,4.798285961151123,5.07785701751709,349580000,0.2874279022216797,0.23394901411873953
2014-04-07,4.82857084274292,4.974143028259277,4.730143070220947,4.864428997039795,373513000,0.24399995803833008,0.24141836166381836
2014-04-08,4.984142780303955,5.011285781860352,4.834143161773682,4.8578572273254395,257614000,0.17714262008666992,0.2455102034977504
2014-04-09,5.043285846710205,5.055714130401611,4.9021430015563965,5.014713764190674,205114000,0.15357112884521484,0.24352036203656877
2014-04-10,4.781857013702393,5.106856822967529,4.771571159362793,5.064000129699707,248710000,0.33528566360473633,0.24440813064575195
2014-04-11,4.667285919189453,4.783143043518066,4.623000144958496,4.725714206695557,301462000,0.1601428985595703,0.21722442763192312
2014-04-14,4.736856937408447,4.785714149475098,4.650570869445801,4.755570888519287,179942000,0.13514328002929688,0.20730607850211008
2014-04-15,4.660999774932861,4.736713886260986,4.458570957183838,4.70114278793335,307993000,0.27814292907714844,0.21607136726379395
2014-04-16,4.734428882598877,4.770999908447266,4.619429111480713,4.729286193847656,161147000,0.15157079696655273,0.2102651936667306
2014-04-17,4.939143180847168,4.996142864227295,4.75,4.810856819152832,321160000,0.24614286422729492,0.2143263816833496
2014-04-21,4.978428840637207,4.991428852081299,4.832857131958008,4.989999771118164,478926000,0.15857172012329102,0.2083264078412737
2014-04-22,5.32714319229126,5.441143035888672,5.211856842041016,5.380428791046143,647024000,0.22928619384765625,0.2109182902744838
2014-04-23,5.050000190734863,5.25,5.0428571701049805,5.181857109069824,402850000,0.20714282989501953,0.2127039773123605
2014-04-24,4.915286064147949,5.084286212921143,4.7828569412231445,5.035714149475098,306390000,0.30142927169799805,0.21892857551574707
2014-04-25,4.601142883300781,4.877285957336426,4.599999904632568,4.820857048034668,330715000,0.2772860527038574,0.2182041576930455
2014-04-28,4.488714218139648,4.584286212921143,4.278571128845215,4.5435709953308105,471233000,0.30571508407592773,0.2226123809814453
2014-04-29,4.569571018218994,4.637570858001709,4.457571029663086,4.460570812225342,231329000,0.17999982833862305,0.22281646728515625
2014-04-30,4.600571155548096,4.605713844299316,4.432143211364746,4.541714191436768,236187000,0.1735706329345703,0.2242450032915388
2014-05-01,4.80742883682251,4.93842887878418,4.614999771118164,4.62928581237793,370013000,0.3234291076660156,0.22339810643877303
2014-05-02,4.866428852081299,4.9128570556640625,4.7721428871154785,4.821570873260498,261947000,0.14071416854858398,0.22201034000941686
2014-05-05,4.919713973999023,4.935429096221924,4.80142879486084,4.829570770263672,203308000,0.13400030136108398,0.22192869867597306
2014-05-06,4.659856796264648,4.967429161071777,4.6519999504089355,4.910285949707031,227227000,0.3154292106628418,0.2245920045035226
2014-05-07,4.579143047332764,4.683428764343262,4.502999782562256,4.658999919891357,256809000,0.18042898178100586,0.22665330341884068
2014-05-08,4.595142841339111,4.738856792449951,4.490857124328613,4.530857086181641,211687000,0.2479996681213379,0.22678593226841517
2014-05-09,4.693571090698242,4.713428974151611,4.533570766448975,4.601142883300781,179683000,0.17985820770263672,0.22830639566693986
2014-05-12,4.934999942779541,4.936142921447754,4.721714019775391,4.726571083068848,213955000,0.21442890167236328,0.2272451605115618
2014-05-13,4.959143161773682,5.060999870300293,4.867713928222656,4.920713901519775,208320000,0.19328594207763672,0.22625538281032018
2014-05-14,5.026856899261475,5.062857151031494,4.943714141845703,4.957857131958008,198919000,0.11914300918579102,0.21323493548801967
2014-05-15,4.916999816894531,5.025570869445801,4.848286151885986,5.012143135070801,233702000,0.17728471755981445,0.20609198297773088
2014-05-16,4.99828577041626,4.999570846557617,4.854856967926025,4.935286045074463,190722000,0.1447138786315918,0.19459189687456405
2014-05-19,5.2071428298950195,5.245999813079834,4.950714111328125,4.9571428298950195,253932000,0.295285701751709,0.20282660211835588
2014-05-20,5.309570789337158,5.324285984039307,5.177143096923828,5.214428901672363,288281000,0.14714288711547852,0.20093890598842076
2014-05-21,5.579999923706055,5.5812859535217285,5.333570957183838,5.358857154846191,399399000,0.24771499633789062,0.19553075517926896
2014-05-22,5.597143173217773,5.6785712242126465,5.535714149475098,5.584000110626221,332227000,0.14285707473754883,0.19568381990705216
2014-05-23,5.747857093811035,5.749570846557617,5.566571235656738,5.594857215881348,221221000,0.1829996109008789,0.1991837705884661
2014-05-27,5.697286128997803,5.745999813079834,5.616428852081299,5.742856979370117,267351000,0.12957096099853516,0.1859081813267299
2014-05-28,5.73199987411499,5.788570880889893,5.621428966522217,5.674285888671875,198737000,0.16714191436767578,0.18495910508292063
2014-05-29,5.931428909301758,5.942714214324951,5.707857131958008,5.762856960296631,228445000,0.23485708236694336,0.18402034895760672
2014-05-30,5.968999862670898,6.024857044219971,5.880143165588379,5.931142807006836,292488000,0.1447138786315918,0.18151003973824636
2014-06-02,6.029428958892822,6.041571140289307,5.892857074737549,5.992570877075195,204806000,0.1487140655517578,0.17681612287248885
2014-06-03,5.965285778045654,6.079999923706055,5.957857131958008,5.999856948852539,171332000,0.12214279174804688,0.17173446927751815
2014-06-04,6.045856952667236,6.064286231994629,5.904285907745361,5.953713893890381,174328000,0.16000032424926758,0.17465284892490932
2014-06-05,6.119286060333252,6.134285926818848,5.9795708656311035,6.0535712242126465,189308000,0.15471506118774414,0.17304073061261857
2014-06-06,6.144713878631592,6.212714195251465,6.119429111480713,6.14300012588501,157304000,0.09328508377075195,0.16936724526541574
2014-06-09,6.044143199920654,6.1521430015563965,6.001286029815674,6.135714054107666,166789000,0.15085697174072266,0.15905090740748815
2014-06-10,6.118429183959961,6.229143142700195,6.071713924407959,6.078856945037842,229201000,0.15742921829223633,0.15978564534868514
2014-06-11,6.142857074737549,6.179999828338623,6.0714287757873535,6.074714183807373,137459000,0.10857105255126953,0.14984679222106934
2014-06-12,6.034999847412109,6.146429061889648,6.007143020629883,6.129570960998535,158032000,0.13928604125976562,0.14959171840122767
2014-06-13,6.110143184661865,6.112856864929199,5.960143089294434,6.0428571701049805,157787000,0.15271377563476562,0.14742844445364817
2014-06-16,6.146571159362793,6.16014289855957,6.04885721206665,6.093286037445068,125062000,0.11128568649291992,0.1461223534175328
2014-06-17,6.337856769561768,6.4012861251831055,6.253857135772705,6.257713794708252,289961000,0.1474289894104004,0.14471428734915598
2014-06-18,6.409714221954346,6.440286159515381,6.289286136627197,6.3381428718566895,187866000,0.1510000228881836,0.13872449738638742
2014-06-19,6.30557107925415,6.421286106109619,6.257999897003174,6.420429229736328,173082000,0.1632862091064453,0.14005109242030553
2014-06-20,6.288286209106445,6.326857089996338,6.214000225067139,6.302856922149658,132223000,0.11285686492919922,0.13748986380440847
2014-06-23,6.278857231140137,6.312285900115967,6.222143173217773,6.276570796966553,106729000,0.09014272689819336,0.1352041448865618
2014-06-24,6.2337141036987305,6.427713871002197,6.221428871154785,6.257856845855713,203672000,0.2062849998474121,0.13851019314357213
2014-06-25,6.3458571434021,6.3537139892578125,6.190429210662842,6.214285850524902,157521000,0.1632847785949707,0.13912231581551687
2014-06-26,6.280142784118652,6.316286087036133,6.239285945892334,6.296999931335449,142373000,0.07700014114379883,0.13795910562787736
2014-06-27,6.315429210662842,6.3312859535217285,6.248570919036865,6.261713981628418,155876000,0.08271503448486328,0.133091824395316
2014-06-30,6.294285774230957,6.383856773376465,6.281285762786865,6.326570987701416,105889000,0.10257101058959961,0.12917338098798478
2014-07-01,6.758571147918701,6.766857147216797,6.50428581237793,6.517570972442627,379953000,0.2625713348388672,0.14017340115138463
2014-07-02,6.6677141189575195,6.798142910003662,6.657713890075684,6.763999938964844,173096000,0.14042901992797852,0.1402550424848284
2014-07-03,6.747857093811035,6.75171422958374,6.698143005371094,6.716570854187012,113596000,0.053571224212646484,0.13317343166896276
2014-07-07,6.580286026000977,6.746142864227295,6.5714287757873535,6.744286060333252,182966000,0.1747140884399414,0.13770403180803573
2014-07-08,6.3578572273254395,6.585713863372803,6.275428771972656,6.566429138183594,261828000,0.3102850914001465,0.149336610521589
2014-07-09,6.32857084274292,6.419143199920654,6.281857013702393,6.374000072479248,210112000,0.13728618621826172,0.14835705075945174
2014-07-10,6.264999866485596,6.345571041107178,6.117143154144287,6.205571174621582,243887000,0.22842788696289062,0.15301002774919784
2014-07-11,6.28514289855957,6.344714164733887,6.244999885559082,6.306571006774902,142191000,0.09971427917480469,0.15207127162388392
2014-07-14,6.465428829193115,6.506856918334961,6.271429061889648,6.332857131958008,174335000,0.2354278564453125,0.1624487808772496
2014-07-15,6.415571212768555,6.448143005371094,6.318142890930176,6.43842887878418,135058000,0.13000011444091797,0.15699986049107142
2014-07-16,6.349143028259277,6.510000228881836,6.334286212921143,6.486713886260986,134386000,0.17571401596069336,0.15788766316005162
2014-07-17,6.276570796966553,6.412143230438232,6.261285781860352,6.332571029663086,132664000,0.15085744857788086,0.1631631851196289
2014-07-18,6.345285892486572,6.347143173217773,6.224999904632568,6.297286033630371,117607000,0.12214326858520508,0.1659794875553676
2014-07-21,6.4564290046691895,6.535714149475098,6.394570827484131,6.452713966369629,346710000,0.1411433219909668,0.16873465265546525
2014-07-22,6.158429145812988,6.352428913116455,6.072286128997803,6.328286170959473,571746000,0.28014278411865234,0.16998975617544992
2014-07-23,6.112856864929199,6.220142841339111,6.0929999351501465,6.148714065551758,172676000,0.12714290618896484,0.16904074805123465
2014-07-24,6.076857089996338,6.145856857299805,5.986000061035156,6.1352858543396,186214000,0.15985679626464844,0.17663257462637766
2014-07-25,6.026570796966553,6.116714000701904,6.005713939666748,6.0714287757873535,116102000,0.11100006103515625,0.17208157266889298
2014-07-28,6.066571235656738,6.084428787231445,5.978857040405273,6.031570911407471,119609000,0.10557174682617188,0.1574591909136091
2014-07-29,6.061142921447754,6.119856834411621,6.045856952667236,6.045856952667236,92820000,0.07399988174438477,0.15293874059404647
2014-07-30,6.205142974853516,6.218429088592529,6.06157112121582,6.067856788635254,152635000,0.15685796737670898,0.14782660348074778
2014-07-31,6.0388569831848145,6.185286045074463,6.018428802490234,6.146571159362793,138201000,0.16685724258422852,0.15262252943856375
2014-08-01,6.07714319229126,6.110428810119629,5.89300012588501,6.025143146514893,189476000,0.21742868423461914,0.1513368742806571
2014-08-04,6.038570880889893,6.142857074737549,6.011143207550049,6.1028571128845215,106869000,0.1317138671875,0.15145928519112722
2014-08-05,6.040713787078857,6.114285945892334,6.004428863525391,6.018570899963379,106533000,0.10985708236694336,0.14675521850585938
2014-08-06,6.1471428871154785,6.212856769561768,6.007856845855713,6.014286041259766,158354000,0.2049999237060547,0.1506225381578718
2014-08-07,6.42385721206665,6.427856922149658,6.207857131958008,6.218571186065674,273133000,0.2199997901916504,0.15761228970118932
2014-08-08,6.369286060333252,6.442429065704346,6.315000057220459,6.431428909301758,154952000,0.12742900848388672,0.15663269587925502
2014-08-11,6.450571060180664,6.5378570556640625,6.41014289855957,6.417428970336914,132468000,0.1277141571044922,0.14574493680681502
2014-08-12,6.377285957336426,6.471428871154785,6.334428787231445,6.447856903076172,108451000,0.13700008392333984,0.14644902093069895
2014-08-13,6.4504289627075195,6.488856792449951,6.383142948150635,6.408570766448975,90580000,0.1057138442993164,0.1425816672188895
2014-08-14,6.440999984741211,6.5,6.403142929077148,6.460143089294434,66766000,0.09685707092285156,0.14157145363943918
2014-08-15,6.558428764343262,6.599999904632568,6.408570766448975,6.449857234954834,220367000,0.19142913818359375,0.1477041244506836
2014-08-18,6.6571431159973145,6.7071428298950195,6.589285850524902,6.600856781005859,134960000,0.11785697937011719,0.15083677428109304
2014-08-19,6.687857151031494,6.721428871154785,6.606142997741699,6.6727142333984375,108976000,0.11528587341308594,0.14786733899797713
2014-08-20,6.745571136474609,6.767857074737549,6.636285781860352,6.67142915725708,121639000,0.13157129287719727,0.14534691401890346
2014-08-21,6.743570804595947,6.802143096923828,6.681000232696533,6.732571125030518,117467000,0.12114286422729492,0.13846935544695174
2014-08-22,6.845571041107178,6.850714206695557,6.715000152587891,6.7277140617370605,137354000,0.13571405410766602,0.13875508308410645
2014-08-25,6.870429039001465,6.932857036590576,6.82185697555542,6.87928581237793,134848000,0.11100006103515625,0.1388367244175502
2014-08-26,6.8480000495910645,6.883571147918701,6.779285907745361,6.835713863372803,101374000,0.10428524017333984,0.13164281845092773
2014-08-27,6.781428813934326,6.860713958740234,6.766142845153809,6.848570823669434,103943000,0.09457111358642578,0.12268362726484026
2014-08-28,6.7887139320373535,6.82114315032959,6.725856781005859,6.752142906188965,75845000,0.09528636932373047,0.12038772446768624
2014-08-29,6.823429107666016,6.864285945892334,6.773428916931152,6.812142848968506,98385000,0.09085702896118164,0.11775507245744977
2014-09-02,6.808570861816406,6.83985710144043,6.779857158660889,6.835713863372803,88067000,0.059999942779541016,0.11225506237574986
2014-09-03,6.819857120513916,6.965713977813721,6.807570934295654,6.8645710945129395,162190000,0.1581430435180664,0.11600000517708915
2014-09-04,6.752429008483887,6.881286144256592,6.74471378326416,6.844429016113281,119588000,0.13657236099243164,0.11883681161063057
2014-09-05,6.795429229736328,6.819285869598389,6.715285778045654,6.7604289054870605,119532000,0.10400009155273438,0.11259187970842634
2014-09-08,6.847570896148682,6.865714073181152,6.774285793304443,6.7771430015563965,76685000,0.09142827987670898,0.11070411545889718
2014-09-09,6.8429999351501465,6.989857196807861,6.805714130401611,6.947143077850342,197379000,0.18414306640625,0.11562248638698033
2014-09-10,6.919857025146484,6.925000190734863,6.814857006072998,6.860000133514404,91049000,0.11014318466186523,0.11409190722874232
2014-09-11,6.879428863525391,6.919428825378418,6.852428913116455,6.893857002258301,78652000,0.06699991226196289,0.1102245535169329
2014-09-12,6.807857036590576,6.927000045776367,6.801713943481445,6.909286022186279,134253000,0.12528610229492188,0.1094796998160226
2014-09-15,6.539286136627197,6.822000026702881,6.526429176330566,6.822000026702881,206171000,0.29557085037231445,0.12266332762581962
2014-09-16,6.527286052703857,6.544857025146484,6.365714073181152,6.40571403503418,268387000,0.17914295196533203,0.12801030703953334
2014-09-17,6.4932861328125,6.555285930633545,6.447000026702881,6.527286052703857,121331000,0.10828590393066406,0.12898993492126465
2014-09-18,6.557285785675049,6.590857028961182,6.47599983215332,6.535285949707031,106302000,0.11485719680786133,0.13038785117013113
2014-09-19,6.535999774932861,6.590428829193115,6.488142967224121,6.585713863372803,119609000,0.10228586196899414,0.13120419638497488
2014-09-22,6.3254289627075195,6.527856826782227,6.269713878631592,6.518143177032471,161693000,0.25814294815063477,0.14535726819719588
2014-09-23,6.341429233551025,6.400143146514893,6.2928571701049805,6.303286075592041,114716000,0.10728597640991211,0.14172462054661342
2014-09-24,6.43657112121582,6.4522857666015625,6.322000026702881,6.349429130554199,95515000,0.13028573989868164,0.14127557618277414
2014-09-25,6.335570812225342,6.4621429443359375,6.320285797119141,6.427143096923828,98399000,0.14185714721679688,0.14397965158735002
2014-09-26,6.410714149475098,6.437714099884033,6.3412861824035645,6.357142925262451,104048000,0.09642791748046875,0.14433676855904715
2014-09-29,6.422286033630371,6.436285972595215,6.314570903778076,6.3438568115234375,95165000,0.12171506881713867,0.13987762587411062
2014-09-30,6.445428848266602,6.531285762786865,6.425714015960693,6.461429119110107,124726000,0.10557174682617188,0.13955109460013254
2014-10-01,6.268570899963379,6.4285712242126465,6.247000217437744,6.409856796264648,154161000,0.18157100677490234,0.14773474420819963
2014-10-02,6.428286075592041,6.435571193695068,6.255428791046143,6.269999980926514,184506000,0.18014240264892578,0.15165305137634277
2014-10-03,6.564857006072998,6.579999923706055,6.464428901672363,6.474143028259277,152901000,0.1155710220336914,0.13879592078072683
2014-10-06,6.621142864227295,6.674428939819336,6.585713863372803,6.599999904632568,137095000,0.0887150764465332,0.13233678681509836
2014-10-07,6.517857074737549,6.661142826080322,6.514286041259766,6.5871429443359375,137592000,0.14685678482055664,0.13509184973580496
2014-10-08,6.669428825378418,6.679999828338623,6.448286056518555,6.523571014404297,143325000,0.23171377182006836,0.14343874795096262
2014-10-09,6.594571113586426,6.685571193695068,6.56514310836792,6.66614294052124,149282000,0.12042808532714844,0.14473462104797363
2014-10-10,6.458285808563232,6.640571117401123,6.449142932891846,6.568571090698242,191107000,0.19142818450927734,0.13996928078787668
2014-10-13,6.2654290199279785,6.463857173919678,6.185713768005371,6.4464287757873535,202167000,0.27814340591430664,0.15217338289533341
2014-10-14,6.415999889373779,6.456999778747559,6.258999824523926,6.364428997039795,167475000,0.1979999542236328,0.1570101124899728
2014-10-15,6.408429145812988,6.44257116317749,6.1454291343688965,6.349571228027344,599277000,0.29714202880859375,0.1681018897465297
2014-10-16,5.167142868041992,5.230999946594238,4.728570938110352,4.753285884857178,923048000,0.5024290084838867,0.1971019676753453
2014-10-17,5.101285934448242,5.143857002258301,4.878571033477783,5.140142917633057,791609000,0.2652859687805176,0.20735703195844377
2014-10-20,5.1317138671875,5.274143218994141,5.079286098480225,5.085713863372803,335293000,0.19485712051391602,0.2137345586504255
2014-10-21,5.228428840637207,5.239857196807861,5.077713966369629,5.175142765045166,193655000,0.16214323043823242,0.21234686034066336
2014-10-22,5.352142810821533,5.456857204437256,5.188570976257324,5.2712860107421875,321503000,0.26828622817993164,0.21864284787859237
2014-10-23,5.4720001220703125,5.511000156402588,5.403571128845215,5.435999870300293,199164000,0.10742902755737305,0.2180612768445696
2014-10-24,5.500286102294922,5.528571128845215,5.44014310836792,5.465428829193115,146573000,0.08842802047729492,0.21804077284676687
2014-10-27,5.420000076293945,5.492856979370117,5.381429195404053,5.484285831451416,149443000,0.11142778396606445,0.21551012992858887
2014-10-28,5.517428874969482,5.526713848114014,5.40500020980835,5.425000190734863,117369000,0.12171363830566406,0.20765297753470285
2014-10-29,5.401429176330566,5.52400016784668,5.396714210510254,5.517428874969482,125076000,0.12728595733642578,0.2081428255353655
2014-10-30,5.414429187774658,5.461999893188477,5.351428985595703,5.39300012588501,105938000,0.11057090759277344,0.20236730575561523
2014-10-31,5.611000061035156,5.625286102294922,5.485713958740234,5.491428852081299,204701000,0.1395721435546875,0.19246935844421387
2014-11-03,5.5487141609191895,5.6502861976623535,5.501571178436279,5.617570877075195,175812000,0.14871501922607422,0.18894900594438827
2014-11-04,5.468286037445068,5.5321431159973145,5.410999774932861,5.527429103851318,113897000,0.12114334106445312,0.17637767110552108
2014-11-05,5.434000015258789,5.540571212768555,5.376999855041504,5.508714199066162,136458000,0.16357135772705078,0.1521735531943185
2014-11-06,5.475714206695557,5.504714012145996,5.390714168548584,5.400000095367432,99918000,0.11399984359741211,0.14136740139552526
2014-11-07,5.48799991607666,5.503571033477783,5.4185709953308105,5.4777140617370605,93037000,0.08500003814697266,0.13352046694074357
2014-11-10,5.532429218292236,5.563570976257324,5.414286136627197,5.471428871154785,97111000,0.14928483963012695,0.13260201045445033
2014-11-11,5.465000152587891,5.630000114440918,5.4544291496276855,5.532429218292236,148386000,0.17557096481323242,0.12597949164254324
2014-11-12,5.4837141036987305,5.513713836669922,5.386285781860352,5.444714069366455,109585000,0.1274280548095703,0.12740799358912877
2014-11-13,5.420143127441406,5.50071382522583,5.393286228179932,5.492286205291748,104902000,0.10742759704589844,0.12876510620117188
2014-11-14,5.514856815338135,5.531713962554932,5.408143043518066,5.419713973999023,109886000,0.12357091903686523,0.12963247299194336
2014-11-17,5.444857120513916,5.564286231994629,5.439286231994629,5.505428791046143,92253000,0.125,0.12986721311296737
2014-11-18,5.443285942077637,5.498570919036865,5.436142921447754,5.442856788635254,79212000,0.06242799758911133,0.1252345017024449
2014-11-19,5.187142848968506,5.529285907745361,5.180857181549072,5.474429130554199,245154000,0.34842872619628906,0.1422243458884103
2014-11-20,5.259142875671387,5.3322858810424805,5.1571431159973145,5.186999797821045,154252000,0.17514276504516602,0.14476510456630162
2014-11-21,5.146856784820557,5.3321428298950195,5.135714054107666,5.32114315032959,178780000,0.19642877578735352,0.14817323003496444
2014-11-24,5.092429161071777,5.192286014556885,5.07714319229126,5.150856971740723,178640000,0.115142822265625,0.14774462154933385
2014-11-25,4.985570907592773,5.034714221954346,4.914286136627197,5.014571189880371,281008000,0.12042808532714844,0.1446629592350551
2014-11-26,5.016571044921875,5.052713871002197,4.974571228027344,5.0154290199279785,100632000,0.07814264297485352,0.14210173061915807
2014-11-28,4.9512858390808105,5.057143211364746,4.942714214324951,5.051286220550537,67025000,0.11442899703979492,0.14420379911150252
2014-12-01,4.882999897003174,4.9571428298950195,4.823429107666016,4.9285712242126465,119644000,0.1337137222290039,0.14309157643999373
2014-12-02,5.0329999923706055,5.0477142333984375,4.869143009185791,4.87571382522583,142716000,0.17857122421264648,0.143305880682809
2014-12-03,5.073143005371094,5.073143005371094,4.918142795562744,5.0221428871154785,138194000,0.1550002098083496,0.14527532032557897
2014-12-04,5.008571147918701,5.1135711669921875,4.990857124328613,5.0428571701049805,118538000,0.12271404266357422,0.1463672092982701
2014-12-05,5.013143062591553,5.064286231994629,4.973286151885986,5.014713764190674,99302000,0.09100008010864258,0.14404072080339705
2014-12-08,4.8497138023376465,4.99828577041626,4.828999996185303,4.988142967224121,136213000,0.16928577423095703,0.14720399039132254
2014-12-09,4.911142826080322,4.933713912963867,4.700285911560059,4.7820000648498535,179767000,0.2334280014038086,0.15941827637808664
2014-12-10,4.776000022888184,4.924714088439941,4.766571044921875,4.9021430015563965,126448000,0.1581430435180664,0.14582644190107072
2014-12-11,4.780428886413574,4.869999885559082,4.765571117401123,4.801286220550537,117691000,0.10442876815795898,0.14077544212341309
2014-12-12,4.778285980224609,4.8322858810424805,4.697999954223633,4.741714000701904,135212000,0.13428592681884766,0.13633666719709123
2014-12-15,4.671999931335449,4.841856956481934,4.6618571281433105,4.80557107925415,120190000,0.17999982833862305,0.14096931048801967
2014-12-16,4.520571231842041,4.706999778747559,4.514286041259766,4.642714023590088,169477000,0.19271373748779297,0.14613257135663713
2014-12-17,4.7664289474487305,4.78671407699585,4.507713794708252,4.537570953369141,201929000,0.27900028228759766,0.16047954559326172
2014-12-18,4.777429103851318,4.892857074737549,4.723286151885986,4.840000152587891,156394000,0.1695709228515625,0.16441825457981654
2014-12-19,4.858857154846191,4.872000217437744,4.762143135070801,4.789999961853027,150479000,0.10985708236694336,0.16271420887538365
2014-12-22,4.809713840484619,4.923999786376953,4.774857044219971,4.854286193847656,79940000,0.14914274215698242,0.1606121744428362
2014-12-23,4.806142807006836,4.8428568840026855,4.747285842895508,4.828713893890381,82915000,0.09557104110717773,0.15636723382132395
2014-12-24,4.887143135070801,4.9070000648498535,4.799857139587402,4.807285785675049,54110000,0.10714292526245117,0.15525501114981516
2014-12-26,4.8578572273254395,4.948429107666016,4.853428840637207,4.884428977966309,88473000,0.0950002670288086,0.15554073878696986
2014-12-29,4.884714126586914,4.910429000854492,4.765285968780518,4.796999931335449,85883000,0.1451430320739746,0.15381625720432826
2014-12-30,4.903285980224609,4.914000034332275,4.853857040405273,4.871428966522217,70112000,0.06014299392700195,0.14143875667027064
2014-12-31,4.880143165588379,4.939143180847168,4.878714084625244,4.903285980224609,86275000,0.06042909622192383,0.13445918900626047
2015-01-02,4.984857082366943,5.033143043518066,4.873143196105957,4.915143013000488,134750000,0.15999984741210938,0.13842855181012834
2015-01-05,4.731142997741699,4.925857067108154,4.714714050292969,4.925857067108154,181650000,0.21114301681518555,0.1439183439527239
2015-01-06,4.650143146514893,4.763999938964844,4.566143035888672,4.734714031219482,160377000,0.19785690307617188,0.14519384929112025
2015-01-07,4.674285888671875,4.742143154144287,4.627142906188965,4.734714031219482,98497000,0.11500024795532227,0.13964288575308664
2015-01-08,4.7779998779296875,4.783570766448975,4.647857189178467,4.711999893188477,96019000,0.1357135772705078,0.1294081211090088
2015-01-09,4.704143047332764,4.802000045776367,4.689857006072998,4.763143062591553,95781000,0.11214303970336914,0.1253061294555664
2015-01-12,4.554714202880859,4.719857215881348,4.526429176330566,4.709000110626221,129444000,0.19342803955078125,0.13127548354012625
2015-01-13,4.625570774078369,4.704856872558594,4.590000152587891,4.602142810821533,187215000,0.11485671997070312,0.128826481955392
2015-01-14,4.631999969482422,4.736999988555908,4.567999839782715,4.7071428298950195,198849000,0.16900014877319336,0.13407141821725027
2015-01-15,4.625143051147461,4.6785712242126465,4.584428787231445,4.654714107513428,116690000,0.09414243698120117,0.1331428119114467
2015-01-16,4.819142818450928,4.824999809265137,4.638143062591553,4.685713768005371,196966000,0.18685674667358398,0.13970398902893066
2015-01-20,4.9828572273254395,5.0,4.771429061889648,4.857142925262451,405510000,0.22857093811035156,0.14566312517438615
2015-01-21,5.846857070922852,5.923999786376953,5.741000175476074,5.923429012298584,669025000,0.1829996109008789,0.15443859781537736
2015-01-22,6.120571136474609,6.137429237365723,5.7828569412231445,5.857142925262451,333193000,0.3545722961425781,0.1754488263811384
2015-01-23,6.249429225921631,6.274285793304443,6.0881428718566895,6.0988569259643555,267841000,0.1861429214477539,0.17731618881225586
2015-01-26,6.379428863525391,6.389856815338135,6.195713996887207,6.257143020629883,212688000,0.19414281845092773,0.1761018889290946
2015-01-27,6.488142967224121,6.533999919891357,6.304999828338623,6.308713912963867,246127000,0.22900009155273438,0.1783264023917062
2015-01-28,6.320857048034668,6.482142925262451,6.308143138885498,6.474143028259277,245329000,0.17399978637695312,0.1825406551361084
2015-01-29,6.340000152587891,6.392714023590088,6.25,6.320428848266602,151277000,0.1427140235900879,0.1830406870160784
2015-01-30,6.311429023742676,6.398428916931152,6.265571117401123,6.313285827636719,132153000,0.1328577995300293,0.1845203127179827
2015-02-02,6.301000118255615,6.3428568840026855,6.195570945739746,6.284286022186279,129906000,0.14728593826293945,0.1812244483402797
2015-02-03,6.527429103851318,6.546713829040527,6.2729997634887695,6.331999778747559,164402000,0.2737140655517578,0.19257140159606934
2015-02-04,6.41014289855957,6.517428874969482,6.388999938964844,6.504143238067627,124509000,0.12842893600463867,0.18967345782688685
2015-02-05,6.413000106811523,6.513856887817383,6.366570949554443,6.454143047332764,142485000,0.14728593826293945,0.1934694222041539
2015-02-06,6.3480000495910645,6.442856788635254,6.31757116317749,6.425000190734863,88984000,0.12528562545776367,0.18907148497445242
2015-02-09,6.329570770263672,6.378571033477783,6.263713836669922,6.319857120513916,81732000,0.11485719680786133,0.1809490748814174
2015-02-10,6.485000133514404,6.515714168548584,6.310142993927002,6.3460001945495605,154189000,0.20557117462158203,0.1825613294328962
2015-02-11,6.498428821563721,6.614142894744873,6.455714225769043,6.482999801635742,139531000,0.15842866897583008,0.16855107034955705
2015-02-12,6.52471399307251,6.560713768005371,6.445143222808838,6.505856990814209,84644000,0.1155705451965332,0.1635101863316127
2015-02-13,6.658570766448975,6.663000106811523,6.542285919189453,6.5428571701049805,129689000,0.12071418762207031,0.1582652841295515
2015-02-17,6.713714122772217,6.737143039703369,6.594429016113281,6.651570796966553,111706000,0.1427140235900879,0.15210199356079102
2015-02-18,6.786571025848389,6.807000160217285,6.6645708084106445,6.7022857666015625,103166000,0.14242935180664062,0.14984696252005442
2015-02-19,6.78000020980835,6.871428966522217,6.757429122924805,6.785714149475098,104321000,0.11399984359741211,0.1477959496634347
2015-02-20,6.8314290046691895,6.837429046630859,6.763713836669922,6.795000076293945,94220000,0.0737152099609375,0.14357147897992814
2015-02-23,6.740571022033691,6.8314290046691895,6.714285850524902,6.829999923706055,90314000,0.11714315414428711,0.141418422971453
2015-02-24,6.783999919891357,6.808428764343262,6.735570907592773,6.73728609085083,60753000,0.07285785675048828,0.12707155091421946
2015-02-25,6.833285808563232,6.879428863525391,6.78071403503418,6.78071403503418,68544000,0.09871482849121094,0.12494911466326032
2015-02-26,6.900428771972656,6.949999809265137,6.8429999351501465,6.862570762634277,108528000,0.10699987411499023,0.12207153865269252
2015-02-27,6.78442907333374,6.942856788635254,6.781857013702393,6.908143043518066,115164000,0.16099977493286133,0.12462254932948522
2015-03-02,6.860713958740234,6.860713958740234,6.723429203033447,6.771429061889648,101871000,0.1372847557067871,0.12622451782226562
2015-03-03,6.781570911407471,6.845714092254639,6.75071382522583,6.834428787231445,74263000,0.0950002670288086,0.11832659585135323
2015-03-04,6.710999965667725,6.792571067810059,6.6182861328125,6.752999782562256,174538000,0.1742849349975586,0.1194591862814767
2015-03-05,6.680714130401611,6.746428966522217,6.642000198364258,6.742856979370117,112448000,0.10442876815795898,0.11866334506443568
2015-03-06,6.487429141998291,6.69257116317749,6.484428882598877,6.664286136627197,128884000,0.20814228057861328,0.1249082088470459
2015-03-09,6.366143226623535,6.509285926818848,6.2828569412231445,6.499000072479248,189707000,0.22642898559570312,0.13088784899030412
2015-03-10,6.215143203735352,6.335143089294434,6.198286056518555,6.301570892333984,179473000,0.1368570327758789,0.13048982620239258
2015-03-11,6.288428783416748,6.394000053405762,6.223999977111816,6.223999977111816,163632000,0.1700000762939453,0.1344898428235735
2015-03-12,6.404571056365967,6.458285808563232,6.334000110626221,6.334713935852051,146545000,0.12428569793701172,0.13810202053615026
2015-03-13,6.262856960296631,6.40571403503418,6.236713886260986,6.390714168548584,101612000,0.16900014877319336,0.14180609158107213
2015-03-16,6.028142929077148,6.154714107513428,5.961999893188477,6.154714107513428,267960000,0.19271421432495117,0.15036725997924805
2015-03-17,5.978857040405273,6.06942892074585,5.93842887878418,5.971285820007324,184282000,0.13100004196166992,0.1526733466557094
2015-03-18,6.0445709228515625,6.065000057220459,5.929999828338623,5.9738569259643555,146349000,0.13500022888183594,0.15467337199619838
2015-03-19,6.074429035186768,6.121142864227295,6.025570869445801,6.046000003814697,114499000,0.09557199478149414,0.14999995912824357
2015-03-20,6.118570804595947,6.1785712242126465,6.089570999145508,6.133714199066162,136416000,0.08900022506713867,0.14655106408255442
2015-03-23,6.0714287757873535,6.115571022033691,6.0329999923706055,6.089000225067139,76643000,0.08257102966308594,0.14566326141357422
2015-03-24,6.261143207550049,6.30985689163208,6.111856937408447,6.1135711669921875,168889000,0.1979999542236328,0.1473571913582938
2015-03-25,6.025000095367432,6.269143104553223,6.024428844451904,6.268428802490234,216524000,0.24471426010131836,0.15737758363996232
2015-03-26,5.975142955780029,6.044713973999023,5.939000129699707,5.962856769561768,160391000,0.1057138442993164,0.1500612667628697
2015-03-27,5.925285816192627,5.984714031219482,5.857285976409912,5.933000087738037,158522000,0.1274280548095703,0.14298977170671737
2015-03-30,6.03671407699585,6.056428909301758,5.936429023742676,5.97157096862793,132727000,0.11999988555908203,0.14178568976266043
2015-03-31,5.952713966369629,6.041999816894531,5.945570945739746,6.011000156402588,142485000,0.09642887115478516,0.13653060368129186
2015-04-01,5.901713848114014,5.978570938110352,5.870285987854004,5.964285850524902,146398000,0.10828495025634766,0.135387693132673
2015-04-02,5.91542911529541,5.960713863372803,5.886143207550049,5.9071431159973145,98644000,0.0745706558227539,0.12864272935049875
2015-04-06,6.0329999923706055,6.044713973999023,5.846428871154785,5.876856803894043,107303000,0.19828510284423828,0.12904064995901926
2015-04-07,6.049428939819336,6.084856986999512,6.00428581237793,6.049714088439941,99771000,0.08057117462158203,0.12543858800615584
2015-04-08,6.304999828338623,6.310713768005371,6.118429183959961,6.120142936706543,223279000,0.19228458404541016,0.12953032766069686
2015-04-09,6.278571128845215,6.313570976257324,6.211429119110107,6.300000190734863,134554000,0.1021418571472168,0.12999960354396276
2015-04-10,6.493856906890869,6.499570846557617,6.394713878631592,6.439713954925537,223671000,0.10485696792602539,0.13113222803388322
2015-04-13,6.7811431884765625,6.9285712242126465,6.705714225769043,6.723999977111816,444367000,0.22285699844360352,0.14115265437534877
2015-04-14,6.838714122772217,6.914286136627197,6.742143154144287,6.885714054107666,286419000,0.17214298248291016,0.13930572782244002
2015-04-15,6.792285919189453,6.870429039001465,6.736429214477539,6.870429039001465,425285000,0.13399982452392578,0.13139755385262625
2015-04-16,8.02928638458252,8.125,7.5714287757873535,7.599999904632568,1045009000,0.5535712242126465,0.1633873667035784
2015-04-17,8.164999961853027,8.214285850524902,7.971428871154785,7.9778571128845215,583065000,0.2428569793701172,0.1716322898864746
2015-04-20,8.105570793151855,8.230428695678711,8.038143157958984,8.178570747375488,307664000,0.19228553771972656,0.17679555075509207
2015-04-21,8.006285667419434,8.148428916931152,7.980000019073486,8.123429298400879,159257000,0.16842889785766602,0.18193840980529785
2015-04-22,7.966856956481934,8.07128620147705,7.9544291496276855,8.021142959594727,120897000,0.11685705184936523,0.18255070277622767
2015-04-23,7.986570835113525,8.034285545349121,7.895571231842041,7.96557092666626,126875000,0.13871431350708008,0.1871323926108224
2015-04-24,7.977142810821533,8.080857276916504,7.950714111328125,8.01728630065918,110453000,0.1301431655883789,0.182265111378261
2015-04-27,8.086856842041016,8.178570747375488,8.02299976348877,8.02928638458252,152467000,0.15557098388671875,0.18762224061148508
2015-04-28,8.043713569641113,8.127857208251953,7.994429111480713,8.059000015258789,88263000,0.13342809677124023,0.18341820580618723
2015-04-29,8.040714263916016,8.105570793151855,7.964428901672363,8.006999969482422,95347000,0.1411418914794922,0.1862039225442069
2015-04-30,7.949999809265137,8.083571434020996,7.912428855895996,8.023714065551758,105651000,0.171142578125,0.1909386089869908
2015-05-01,7.957571029663086,7.996714115142822,7.889429092407227,7.985570907592773,89061000,0.1072850227355957,0.18268346786499023
2015-05-04,7.927143096923828,7.971428871154785,7.889999866485596,7.9571428298950195,79674000,0.08142900466918945,0.17620389802115305
2015-05-05,8.079285621643066,8.244285583496094,8.075714111328125,8.123856544494629,271166000,0.16857147216796875,0.17867330142429896
2015-05-06,8.00771427154541,8.121429443359375,7.95214319229126,8.102856636047363,115045000,0.16928625106811523,0.15122437477111816
2015-05-07,8.074856758117676,8.079428672790527,7.945713996887207,8.011428833007812,102207000,0.1337146759033203,0.14342849595206125
2015-05-08,8.208571434020996,8.215286254882812,8.096428871154785,8.104143142700195,138285000,0.11885738372802734,0.138183627809797
2015-05-11,8.427857398986816,8.485713958740234,8.218570709228516,8.232428550720215,238826000,0.26714324951171875,0.14523465292794363
2015-05-12,8.337714195251465,8.380857467651367,8.299285888671875,8.380857467651367,119070000,0.08157157897949219,0.142714262008667
2015-05-13,8.287285804748535,8.419713973999023,8.269143104553223,8.340429306030273,111559000,0.15057086944580078,0.14356115886143275
2015-05-14,8.383570671081543,8.39242935180664,8.232999801635742,8.328571319580078,88984000,0.15942955017089844,0.14565304347446986
2015-05-15,8.760713577270508,8.834856986999512,8.575571060180664,8.636428833007812,370531000,0.25928592681884766,0.15306125368390763
2015-05-18,8.826713562011719,8.853428840637207,8.702428817749023,8.75442886352539,148120000,0.1510000228881836,0.15431639126368932
2015-05-19,8.806857109069824,8.978570938110352,8.781000137329102,8.888856887817383,191016000,0.19757080078125,0.1583470276423863
2015-05-20,8.878999710083008,8.910857200622559,8.736286163330078,8.821429252624512,127568000,0.17457103729248047,0.15859191758292063
2015-05-21,8.900285720825195,8.95714282989502,8.818142890930176,8.908143043518066,127673000,0.13899993896484375,0.16085726874215261
2015-05-22,8.883856773376465,8.940713882446289,8.869285583496094,8.91785717010498,74662000,0.07142829895019531,0.16014293261936732
2015-05-26,8.799285888671875,8.906143188476562,8.778571128845215,8.887429237365723,96460000,0.12757205963134766,0.15721440315246582
2015-05-27,8.985713958740234,8.990714073181152,8.79285717010498,8.814286231994629,105063000,0.19785690307617188,0.15925516401018416
2015-05-28,8.950714111328125,8.985570907592773,8.892999649047852,8.971428871154785,78218000,0.09257125854492188,0.15631634848458426
2015-05-29,8.915143013000488,9.020570755004883,8.895570755004883,8.947285652160645,127120000,0.125,0.15675510678972518
2015-06-01,8.900285720825195,8.912142753601074,8.794428825378418,8.883713722229004,99260000,0.11771392822265625,0.14608158384050643
2015-06-02,8.913000106811523,8.967857360839844,8.840571403503418,8.871143341064453,75292000,0.12728595733642578,0.14934689658028738
2015-06-03,8.880857467651367,8.973285675048828,8.864429473876953,8.924285888671875,62377000,0.108856201171875,0.14636727741786412
2015-06-04,8.934857368469238,8.942856788635254,8.804286003112793,8.837857246398926,100744000,0.13857078552246094,0.14487736565726145
2015-06-05,9.045999526977539,9.053999900817871,8.91257095336914,8.921428680419922,116242000,0.14142894744873047,0.13645900998796737
2015-06-08,8.960429191589355,9.081570625305176,8.899571418762207,9.071429252624512,111489000,0.18199920654296875,0.1386732373918806
2015-06-09,9.244999885559082,9.271429061889648,8.933428764343262,8.933428764343262,220248000,0.3380002975463867,0.14870391573224748
2015-06-10,9.587142944335938,9.897000312805176,9.32257080078125,9.339570999145508,571214000,0.5744295120239258,0.17726523535592215
2015-06-11,9.509428977966309,9.69185733795166,9.408714294433594,9.689000129699707,266231000,0.2831430435180664,0.18756117139543807
2015-06-12,9.44185733795166,9.534285545349121,9.412428855895996,9.491571426391602,102788000,0.121856689453125,0.19116319928850448
2015-06-15,9.343143463134766,9.359143257141113,9.165857315063477,9.285714149475098,190540000,0.19328594207763672,0.19585704803466797
2015-06-16,9.5272855758667,9.560713768005371,9.369142532348633,9.424285888671875,160433000,0.19157123565673828,0.19540807179042272
2015-06-17,9.427143096923828,9.513285636901855,9.395713806152344,9.513285636901855,99050000,0.11757183074951172,0.19719382694789342
2015-06-18,9.474286079406738,9.534143447875977,9.436857223510742,9.465143203735352,89628000,0.09728622436523438,0.19521427154541016
2015-06-19,9.3871431350708,9.641857147216797,9.382143020629883,9.624285697937012,198149000,0.25971412658691406,0.20535714285714285
2015-06-22,9.64142894744873,9.669285774230957,9.418856620788574,9.50428581237793,167328000,0.2504291534423828,0.21415308543613978
2015-06-23,9.73128604888916,9.73900032043457,9.574999809265137,9.633570671081543,156261000,0.1640005111694336,0.2180919647216797
2015-06-24,9.694429397583008,10.089142799377441,9.639714241027832,10.001428604125977,771386000,0.4494285583496094,0.2402960913521903
2015-06-25,9.489143371582031,9.600000381469727,9.345856666564941,9.54814338684082,416234000,0.25414371490478516,0.2483471461704799
2015-06-26,9.308856964111328,9.531429290771484,9.308856964111328,9.529999732971191,303149000,0.22257232666015625,0.2512452261788504
2015-06-29,9.223142623901367,9.29128646850586,9.111714363098145,9.1505708694458,245756000,0.17957210540771484,0.2399289267403739
2015-06-30,9.384857177734375,9.43557071685791,9.278571128845215,9.335714340209961,168805000,0.1569995880126953,0.21011250359671457
2015-07-01,9.363571166992188,9.523857116699219,9.321857452392578,9.480570793151855,146993000,0.20199966430664062,0.2043165479387556
2015-07-02,9.40442943572998,9.419857025146484,9.321429252624512,9.399856567382812,110530000,0.09842777252197266,0.2026430538722447
2015-07-06,9.45714282989502,9.492856979370117,9.333999633789062,9.347286224365234,118083000,0.1588573455810547,0.20018386840820312
2015-07-07,9.409143447875977,9.54271411895752,9.262286186218262,9.501285552978516,215733000,0.2804279327392578,0.2065307753426688
2015-07-08,9.350713729858398,9.399571418762207,9.228428840637207,9.347143173217773,129906000,0.171142578125,0.21035725729806082
2015-07-09,9.572713851928711,9.58457088470459,9.428570747375488,9.489999771118164,167314000,0.15600013732910156,0.21455110822405135
2015-07-10,9.722857475280762,9.850285530090332,9.6899995803833,9.752285957336426,216363000,0.16028594970703125,0.207449095589774
2015-07-13,10.10871410369873,10.230856895446777,9.807856559753418,9.809857368469238,332052000,0.4230003356933594,0.2197756086077009
2015-07-14,10.037142753601074,10.16357135772705,9.965286254882812,10.127142906188965,197365000,0.19828510284423828,0.22222450801304408
2015-07-15,9.812999725341797,10.074999809265137,9.704999923706055,9.996999740600586,308986000,0.36999988555908203,0.21655103138514928
2015-07-16,11.581000328063965,11.64900016784668,10.767999649047852,11.10200023651123,634610000,0.8810005187988281,0.2613265173775809
2015-07-17,11.47700023651123,11.788000106811523,11.423999786376953,11.734000205993652,251369000,0.3640003204345703,0.2714285169328962
2015-07-20,11.055000305175781,11.470000267028809,11.013999938964844,11.470000267028809,226769000,0.45600032806396484,0.2911733899797712
2015-07-21,11.25100040435791,11.371000289916992,10.932000160217285,11.020999908447266,140854000,0.43900012969970703,0.3113162858145578
2015-07-22,11.149999618530273,11.387999534606934,11.055999755859375,11.21399974822998,105005000,0.3319997787475586,0.3206020082746233
2015-07-23,11.010000228881836,11.218000411987305,10.984000205993652,11.090999603271484,83068000,0.23400020599365234,0.3302857535226004
2015-07-24,10.934000015258789,11.168000221252441,10.890000343322754,11.154999732971191,81251000,0.2779998779296875,0.33879593440464567
2015-07-27,10.642999649047852,10.986000061035156,10.625,10.779000282287598,113026000,0.36100006103515625,0.34455108642578125
2015-07-28,10.6899995803833,10.793999671936035,10.387999534606934,10.729000091552734,111559000,0.40600013732910156,0.36132662636893137
2015-07-29,10.708000183105469,10.774999618530273,10.539999961853027,10.682999610900879,66956000,0.2349996566772461,0.36696944917951313
2015-07-30,11.156000137329102,11.1899995803833,10.539999961853027,10.640000343322754,142292000,0.6499996185302734,0.40194899695260183
2015-07-31,11.430999755859375,11.5,11.114999771118164,11.194999694824219,163491000,0.38500022888183594,0.3992347036089216
2015-08-03,11.255999565124512,11.460000038146973,11.178000450134277,11.460000038146973,101448000,0.2819995880126953,0.4052143096923828
2015-08-04,12.114999771118164,12.279000282287598,11.300000190734863,11.3149995803833,296533000,0.9790000915527344,0.4487143244062151
2015-08-05,12.371000289916992,12.928999900817871,12.270999908447266,12.562000274658203,269465000,0.6579999923706055,0.43278571537562777
2015-08-06,12.645000457763672,12.885000228881836,12.204000473022461,12.628999710083008,247167000,0.680999755859375,0.4554285321916853
2015-08-07,12.35200023651123,12.65999984741211,12.130000114440918,12.642000198364258,173607000,0.5299997329711914,0.4607142039707729
2015-08-10,12.303000450134277,12.649999618530273,12.151000022888184,12.609000205993652,134246000,0.49899959564208984,0.4649998801095145
2015-08-11,12.27400016784668,12.37600040435791,12.0,12.00100040435791,115968000,0.37600040435791016,0.46814278193882536
2015-08-12,12.050999641418457,12.244999885559082,11.866000175476074,12.147000312805176,138225000,0.3789997100830078,0.4784998893737793
2015-08-13,12.373000144958496,12.572999954223633,11.934000015258789,12.098999977111816,152844000,0.6389999389648438,0.5042856080191476
2015-08-14,12.33899974822998,12.5,12.300000190734863,12.496000289916992,86677000,0.19999980926513672,0.49278559003557476
2015-08-17,12.53600025177002,12.569999694824219,12.258999824523926,12.314000129699707,92338000,0.31099987030029297,0.4859998566763742
2015-08-18,12.404999732971191,12.675000190734863,12.354999542236328,12.526000022888184,93820000,0.32000064849853516,0.4920713560921805
2015-08-19,12.206000328063965,12.369999885559082,12.149999618530273,12.350000381469727,101153000,0.2200002670288086,0.46135711669921875
2015-08-20,11.24899959564209,12.145000457763672,11.133999824523926,11.979999542236328,280453000,1.011000633239746,0.5060714312962123
2015-08-21,10.395999908447266,11.0,10.274999618530273,10.619999885559082,332283000,0.7250003814697266,0.5377143451145717
2015-08-24,9.687999725341797,10.963000297546387,8.550000190734863,8.875,599519000,2.4130001068115234,0.6401429176330566
2015-08-25,10.152000427246094,10.788000106811523,10.149999618530273,10.774999618530273,376207000,0.63800048828125,0.6387143816266742
2015-08-26,11.012999534606934,11.027999877929688,10.20199966430664,10.71500015258789,361646000,0.8260002136230469,0.6490715571812221
2015-08-27,11.765999794006348,11.824999809265137,11.302000045776367,11.494000434875488,370561000,0.5229997634887695,0.6485715593610492
2015-08-28,11.762999534606934,11.9350004196167,11.588000297546387,11.635000228881836,202402000,0.3470001220703125,0.6377144541059222
2015-08-31,11.503000259399414,11.699999809265137,11.37600040435791,11.52400016784668,170056000,0.32399940490722656,0.6340000970023019
2015-09-01,10.579000473022461,11.12399959564209,10.381999969482422,10.9350004196167,359771000,0.741999626159668,0.6599286624363491
2015-09-02,10.543999671936035,10.949999809265137,10.029999732971191,10.930999755859375,398433000,0.9200000762939453,0.6800001008169991
2015-09-03,10.105999946594238,10.416999816894531,10.01099967956543,10.269000053405762,295467000,0.40600013732910156,0.6947144099644252
2015-09-04,9.878999710083008,9.993000030517578,9.734000205993652,9.805000305175781,242120000,0.2589998245239258,0.691000120980399
2015-09-08,9.494999885559082,10.25,9.354999542236328,10.208000183105469,434797000,0.8950004577636719,0.7320715359279087
2015-09-09,9.918000221252441,10.279000282287598,9.552000045776367,9.651000022888184,355244000,0.7270002365112305,0.7682858194623675
2015-09-10,9.947999954223633,10.085000038146973,9.678000450134277,9.942000389099121,210319000,0.4069995880126953,0.7251428876604352
2015-09-11,9.75100040435791,10.085000038146973,9.722999572753906,9.857000350952148,173739000,0.3620004653930664,0.6992143222263881
2015-09-14,9.569000244140625,9.791000366210938,9.432999610900879,9.684000015258789,155460000,0.3580007553100586,0.5524286542619977
2015-09-15,9.916000366210938,9.96500015258789,9.361000061035156,9.522000312805176,225911000,0.6040000915527344,0.5500000544956752
2015-09-16,10.407999992370605,10.447999954223633,9.932999610900879,9.970000267028809,280582000,0.5150003433227539,0.5277857780456543
2015-09-17,10.420999526977539,10.75,10.182999610900879,10.366999626159668,258177000,0.5670003890991211,0.5309286798749652
2015-09-18,10.26200008392334,10.435999870300293,10.071000099182129,10.199999809265137,217150000,0.36499977111816406,0.5322143690926688
2015-09-21,10.029999732971191,10.376999855041504,9.956000328063965,10.329999923706055,179006000,0.42099952697753906,0.5391429492405483
2015-09-22,9.847000122070312,9.989999771118164,9.699999809265137,9.829000473022461,167179000,0.28999996185302734,0.5068572589329311
2015-09-23,9.807000160217285,9.973999977111816,9.765999794006348,9.859999656677246,102645000,0.20800018310546875,0.4560001237051828
2015-09-24,10.37600040435791,10.399999618530273,9.678000450134277,9.711000442504883,212745000,0.7219991683959961,0.4785714830671038
2015-09-25,10.223999977111816,10.545000076293945,10.156999588012695,10.529999732971191,190666000,0.38800048828125,0.48778581619262695
2015-09-28,9.946999549865723,10.333000183105469,9.784000396728516,10.156999588012695,170266000,0.5489997863769531,0.463071482522147
2015-09-29,9.835000038146973,10.062999725341797,9.6850004196167,9.963000297546387,174059000,0.37799930572509766,0.43814284460885183
2015-09-30,10.326000213623047,10.345999717712402,9.904999732971191,9.991000175476074,170276000,0.44099998474121094,0.44057144437517437
2015-10-01,10.597999572753906,10.611000061035156,10.112000465393066,10.291000366210938,174269000,0.49899959564208984,0.4503570965358189
2015-10-02,10.611000061035156,10.687000274658203,10.145000457763672,10.300999641418457,215267000,0.5419998168945312,0.46349988664899555
2015-10-05,11.125,11.227999687194824,10.576000213623047,10.748000144958496,211579000,0.6519994735717773,0.46692841393607004
2015-10-06,10.833000183105469,11.225000381469727,10.564000129699707,11.032999992370605,206298000,0.6610002517700195,0.4773569788251604
2015-10-07,10.8100004196167,10.977999687194824,10.675000190734863,10.883999824523926,123295000,0.30299949645996094,0.4584997722080776
2015-10-08,11.493000030517578,11.505000114440918,10.260000228881836,10.793999671936035,428319000,1.244999885559082,0.5213569232395717
2015-10-09,11.333000183105469,11.583000183105469,11.244000434875488,11.41100025177002,224552000,0.33899974822998047,0.5154997961861747
2015-10-12,11.345000267028809,11.541999816894531,11.236000061035156,11.444999694824219,126245000,0.305999755859375,0.5166426386151995
2015-10-13,10.972999572753906,11.371999740600586,10.878000259399414,11.28499984741211,175121000,0.4939994812011719,0.5370711599077497
2015-10-14,11.02299976348877,11.163000106811523,10.805000305175781,11.149999618530273,332315000,0.3579998016357422,0.5110712051391602
2015-10-15,10.109000205993652,10.48799991607666,9.90999984741211,10.376999855041504,484843000,0.5780000686645508,0.5246426037379673
2015-10-16,9.89900016784668,10.164999961853027,9.840999603271484,10.020999908447266,213405000,0.32400035858154297,0.5085712160382952
2015-10-19,10.168999671936035,10.362000465393066,9.62600040435791,9.807000160217285,299647000,0.7360000610351562,0.5341426985604423
2015-10-20,9.89900016784668,10.211000442504883,9.758000373840332,10.105999946594238,173456000,0.4530000686645508,0.5349998474121094
2015-10-21,9.795999526977539,10.034000396728516,9.701000213623047,9.967000007629395,137285000,0.33300018310546875,0.5231427465166364
2015-10-22,9.732000350952148,9.993000030517578,9.685999870300293,9.807000160217285,127868000,0.30700016021728516,0.506357056753976
2015-10-23,10.003999710083008,10.156000137329102,9.72700023651123,9.76099967956543,180199000,0.4289999008178711,0.4904285158429827
2015-10-26,10.303999900817871,10.331000328063965,9.937999725341797,10.005000114440918,122348000,0.39300060272216797,0.4712856837681362
2015-10-27,10.307000160217285,10.472000122070312,10.123000144958496,10.258000373840332,120664000,0.3489999771118164,0.4745714323861258
2015-10-28,10.579999923706055,10.621000289916992,10.206000328063965,10.289999961853027,130940000,0.41499996185302734,0.41528572354997906
2015-10-29,10.51200008392334,10.690999984741211,10.475000381469727,10.5,98414000,0.21599960327148438,0.4064999989100865
2015-10-30,10.838000297546387,11.010000228881836,10.489999771118164,10.51200008392334,155715000,0.5200004577636719,0.421785763331822
2015-11-02,10.763999938964844,10.937000274658203,10.630000114440918,10.920000076293945,117846000,0.30700016021728516,0.4084286689758301
2015-11-03,10.973999977111816,11.104999542236328,10.723999977111816,10.736000061035156,124841000,0.3809995651245117,0.4100715092250279
2015-11-04,11.404999732971191,11.428000450134277,10.939000129699707,11.03600025177002,175050000,0.4890003204345703,0.40371438435145784
2015-11-05,11.350000381469727,11.567999839782715,11.17199993133545,11.375,138149000,0.3959999084472656,0.40885720934186665
2015-11-06,11.406000137329102,11.479999542236328,11.204999923706055,11.33899974822998,109366000,0.27499961853027344,0.37592860630580355
2015-11-09,10.986000061035156,11.399999618530273,10.86400032043457,11.336000442504883,161546000,0.5359992980957031,0.381857122693743
2015-11-10,11.270000457763672,11.284000396728516,10.800999641418457,10.88599967956543,111664000,0.4830007553100586,0.39257144927978516
2015-11-11,11.28600025177002,11.461000442504883,11.140999794006348,11.307999610900879,110392000,0.32000064849853516,0.3935000555855887
2015-11-12,10.892000198364258,11.524999618530273,10.819999694824219,11.251999855041504,175682000,0.7049999237060547,0.4132143429347447
2015-11-13,10.364999771118164,10.906999588012695,10.32699966430664,10.833999633789062,188194000,0.5799999237060547,0.4265714372907366
2015-11-16,11.135000228881836,11.164999961853027,10.185999870300293,10.29699993133545,198662000,0.9790000915527344,0.4715714454650879
2015-11-17,11.710000038146973,11.878999710083008,11.170000076293945,11.211000442504883,330163000,0.7089996337890625,0.49257142203194754
2015-11-18,12.062999725341797,12.100000381469727,11.609999656677246,11.793999671936035,233536000,0.49000072479248047,0.5121429307120187
2015-11-19,12.022000312805176,12.312999725341797,11.961000442504883,12.024999618530273,192532000,0.35199928283691406,0.5001428467886788
2015-11-20,12.383999824523926,12.406999588012695,11.920999526977539,12.085000038146973,179770000,0.48600006103515625,0.5129285539899554
2015-11-23,12.503000259399414,12.619999885559082,12.166000366210938,12.430000305175781,157270000,0.45399951934814453,0.5181428364345005
2015-11-24,12.331000328063965,12.465999603271484,12.003000259399414,12.366999626159668,183353000,0.4629993438720703,0.5162856238228934
2015-11-25,12.416000366210938,12.520000457763672,12.236000061035156,12.42300033569336,109807000,0.2840003967285156,0.5082856587001255
2015-11-27,12.543999671936035,12.638999938964844,12.359000205993652,12.385000228881836,66455000,0.2799997329711914,0.5086428097316197
2015-11-30,12.333000183105469,12.65999984741211,12.288999557495117,12.602999687194824,138940000,0.3710002899169922,0.4968571662902832
2015-12-01,12.536999702453613,12.557000160217285,12.241999626159668,12.446999549865723,125508000,0.3150005340576172,0.4848571504865374
2015-12-02,12.892999649047852,13.135000228881836,12.493000030517578,12.553000450134277,241057000,0.6420001983642578,0.507857118334089
2015-12-03,12.680999755859375,13.220000267028809,12.638999938964844,12.961999893188477,266473000,0.5810003280639648,0.499000004359654
2015-12-04,13.093000411987305,13.098999977111816,12.574999809265137,12.699999809265137,202504000,0.5240001678466797,0.4950000217982701
2015-12-07,12.53600025177002,13.32699966430664,12.274999618530273,13.119000434875488,233516000,1.0520000457763672,0.5002143042428153
2015-12-08,12.697999954223633,12.824000358581543,12.109999656677246,12.151000022888184,185911000,0.7140007019042969,0.5005715233939034
2015-12-09,12.420000076293945,12.878000259399414,12.232999801635742,12.770000457763672,177888000,0.6450004577636719,0.5116429328918457
2015-12-10,12.291000366210938,12.520999908447266,12.161999702453613,12.449999809265137,134741000,0.35900020599365234,0.5121429988316127
2015-12-11,11.890999794006348,12.300000190734863,11.859999656677246,12.145000457763672,161053000,0.4400005340576172,0.5088573183332171
2015-12-14,12.067000389099121,12.09000015258789,11.465999603271484,11.97700023651123,186793000,0.6240005493164062,0.5210002490452358
2015-12-15,11.859999656677246,12.329999923706055,11.854000091552734,12.192999839782715,117600000,0.4759998321533203,0.5219288553510394
2015-12-16,12.263999938964844,12.300000190734863,11.809000015258789,11.979999542236328,131810000,0.4910001754760742,0.5367145538330078
2015-12-17,12.25100040435791,12.635000228881836,12.241999626159668,12.397000312805176,172849000,0.39300060272216797,0.5447860445295062
2015-12-18,11.802000045776367,12.218999862670898,11.791999816894531,12.085000038146973,179481000,0.4270000457763672,0.5487860270908901
2015-12-21,11.663000106811523,11.958999633789062,11.565999984741211,11.951000213623047,116700000,0.39299964904785156,0.5543573924473354
2015-12-22,11.62399959564209,11.743000030517578,11.486000061035156,11.729999542236328,96890000,0.2569999694824219,0.5268573760986328
2015-12-23,11.815999984741211,11.855999946594238,11.57800006866455,11.690999984741211,93243000,0.2779998779296875,0.5052144868033273
2015-12-24,11.732999801635742,11.880000114440918,11.729999542236328,11.821999549865723,35313000,0.15000057220458984,0.47850022997174946
2015-12-28,11.711000442504883,11.734999656677246,11.385000228881836,11.72599983215332,84243000,0.34999942779541016,0.42835732868739534
2015-12-29,11.911999702453613,11.960000038146973,11.692000389099121,11.819000244140625,81592000,0.26799964904785156,0.3965001106262207
2015-12-30,11.670999526977539,11.902000427246094,11.642999649047852,11.895000457763672,81497000,0.2590007781982422,0.36892870494297575
2015-12-31,11.437999725341797,11.746000289916992,11.428000450134277,11.621000289916992,92730000,0.31799983978271484,0.3660001073564802
2016-01-04,10.996000289916992,11.0,10.520999908447266,10.899999618530273,207948000,0.4790000915527344,0.36878579003470285
2016-01-05,10.765999794006348,11.057999610900879,10.585000038146973,11.045000076293945,176646000,0.47299957275390625,0.35800000599452425
2016-01-06,11.767999649047852,11.791000366210938,10.496000289916992,10.529000282287598,330457000,1.2950000762939453,0.41650002343314035
2016-01-07,11.456000328063965,12.218000411987305,11.229000091552734,11.63599967956543,336367000,0.9890003204345703,0.45207146235874723
2016-01-08,11.138999938964844,11.772000312805176,11.109999656677246,11.633000373840332,180671000,0.6620006561279297,0.4712857518877302
2016-01-11,11.496999740600586,11.678999900817871,11.119999885559082,11.213000297546387,219204000,0.5590000152587891,0.4807143211364746
2016-01-12,11.657999992370605,11.777999877929688,11.508000373840332,11.611000061035156,151335000,0.26999950408935547,0.47192859649658203
2016-01-13,10.656000137329102,11.447999954223633,10.45300006866455,11.442999839782715,249216000,0.994999885559082,0.5246428762163434
2016-01-14,10.706000328063965,10.925000190734863,10.121000289916992,10.5649995803833,236648000,0.8039999008178711,0.5622143064226423
2016-01-15,10.404000282287598,10.550000190734863,10.17199993133545,10.243000030517578,197751000,0.37800025939941406,0.5784999983651298
2016-01-19,10.788999557495117,11.013999938964844,10.555000305175781,10.656999588012695,357228000,0.4589996337890625,0.5862857273646763
2016-01-20,10.77400016784668,10.99899959564209,9.704999923706055,10.890999794006348,530094000,1.2939996719360352,0.6595714432852608
2016-01-21,10.234999656677246,10.85099983215332,10.210000038146973,10.831999778747559,310275000,0.6409997940063477,0.6868570872715541
2016-01-22,10.071999549865723,10.49899959564209,9.92199993133545,10.472000122070312,268218000,0.5769996643066406,0.7053570747375488
2016-01-25,9.911999702453613,10.267999649047852,9.899999618530273,9.977999687194824,203211000,0.3680000305175781,0.6974284989493233
2016-01-26,9.782999992370605,10.055000305175781,9.484999656677246,9.973999977111816,220839000,0.5700006484985352,0.7043571472167969
2016-01-27,9.114999771118164,9.78499984741211,9.059000015258789,9.66100025177002,255562000,0.7259998321533203,0.6637142726353237
2016-01-28,9.440999984741211,9.524999618530273,9.01099967956543,9.383999824523926,245623000,0.5139999389648438,0.6297856739589146
2016-01-29,9.184000015258789,9.439000129699707,9.062999725341797,9.199999809265137,204639000,0.37600040435791016,0.6093570845467704
2016-02-01,9.409000396728516,9.718000411987305,9.130000114440918,9.178999900817871,196845000,0.5880002975463867,0.6114285332815987
2016-02-02,9.14900016784668,9.664999961853027,9.072999954223633,9.553999900817871,219065000,0.5920000076293945,0.6344285692487445
2016-02-03,9.074000358581543,9.269000053405762,8.61400032043457,9.241000175476074,274660000,0.6549997329711914,0.6101428440638951
2016-02-04,8.970999717712402,9.125,8.654000282287598,8.949999809265137,191086000,0.47099971771240234,0.5863571166992188
2016-02-05,8.279000282287598,8.895000457763672,8.185999870300293,8.822999954223633,259293000,0.7090005874633789,0.6099999972752163
2016-02-08,8.331999778747559,8.470000267028809,7.994999885559082,8.057000160217285,250356000,0.47500038146972656,0.6111429078238351
2016-02-09,8.61299991607666,8.84000015258789,8.154999732971191,8.175000190734863,258929000,0.6850004196166992,0.5676429612295968
2016-02-10,8.845000267028809,9.220999717712402,8.741999626159668,8.899999618530273,231465000,0.4790000915527344,0.5560715539114816
2016-02-11,8.635000228881836,8.83899974822998,8.291000366210938,8.741999626159668,218203000,0.547999382019043,0.5540001051766532
2016-02-12,8.739999771118164,8.972000122070312,8.526000022888184,8.663999557495117,190677000,0.4460000991821289,0.5595715386526925
2016-02-16,8.904999732971191,9.013999938964844,8.753999710083008,8.899999618530273,163566000,0.26000022888183594,0.537428651537214
2016-02-17,9.47599983215332,9.47700023651123,8.96399974822998,9.012999534606934,183238000,0.51300048828125,0.522214412689209
2016-02-18,9.048999786376953,9.489999771118164,9.031000137329102,9.479999542236328,176953000,0.4589996337890625,0.5182858194623675
2016-02-19,8.92300033569336,9.140000343322754,8.803000450134277,8.998000144958496,142592000,0.33699989318847656,0.5155000686645508
2016-02-22,9.192999839782715,9.310999870300293,8.829999923706055,9.074999809265137,163218000,0.4809999465942383,0.507857186453683
2016-02-23,8.911999702453613,9.24899959564209,8.904999732971191,9.140000343322754,127444000,0.34399986267089844,0.490142890385219
2016-02-24,9.16100025177002,9.175999641418457,8.670000076293945,8.850000381469727,159728000,0.5059995651245117,0.4795000212533133
2016-02-25,9.45300006866455,9.480999946594238,9.020999908447266,9.107999801635742,178988000,0.46000003814697266,0.47871432985578266
2016-02-26,9.479000091552734,9.748000144958496,9.425000190734863,9.529999732971191,169752000,0.3229999542236328,0.45114285605294363
2016-02-29,9.340999603271484,9.720000267028809,9.333999633789062,9.480999946594238,136631000,0.3860006332397461,0.4447857311793736
2016-03-01,9.829999923706055,9.916000366210938,9.361000061035156,9.458000183105469,170488000,0.5550003051757812,0.43550000871930805
2016-03-02,9.76099967956543,9.947999954223633,9.59000015258789,9.800999641418457,191028000,0.3579998016357422,0.4268571308680943
2016-03-03,9.793000221252441,9.835000038146973,9.538999557495117,9.782999992370605,153209000,0.29600048065185547,0.40885720934186665
2016-03-04,10.157999992370605,10.222000122070312,9.831999778747559,9.87600040435791,234146000,0.3900003433227539,0.4048572267804827
2016-03-07,9.548999786376953,10.178999900817871,9.524999618530273,10.100000381469727,238552000,0.6540002822875977,0.4330000877380371
2016-03-08,9.623000144958496,9.82800006866455,9.449999809265137,9.5,147970000,0.37800025939941406,0.4233572142464774
2016-03-09,9.800000190734863,9.836999893188477,9.5,9.682000160217285,122987000,0.33699989318847656,0.41464294706072125
2016-03-10,9.736000061035156,9.973999977111816,9.545000076293945,9.817999839782715,170021000,0.4289999008178711,0.4212143761771066
2016-03-11,9.765999794006348,9.960000038146973,9.604999542236328,9.951000213623047,151143000,0.35500049591064453,0.41221441541399273
2016-03-14,9.812999725341797,9.942000389099121,9.717000007629395,9.720000267028809,112519000,0.22500038146972656,0.4037144524710519
2016-03-15,9.78600025177002,9.85099983215332,9.642999649047852,9.786999702453613,96918000,0.20800018310546875,0.3824287823268345
2016-03-16,9.9350004196167,9.972999572753906,9.75,9.753000259399414,126305000,0.22299957275390625,0.3655001776559012
2016-03-17,9.972000122070312,10.138999938964844,9.899999618530273,9.904999732971191,138250000,0.2390003204345703,0.35950020381382536
2016-03-18,10.112000465393066,10.241000175476074,10.00100040435791,10.050000190734863,154535000,0.23999977111816406,0.3490715708051409
2016-03-21,10.105999946594238,10.210000038146973,9.949999809265137,10.114999771118164,95785000,0.26000022888183594,0.3280001367841448
2016-03-22,9.984000205993652,10.152000427246094,9.920000076293945,10.04800033569336,90699000,0.23200035095214844,0.319000176021031
2016-03-23,9.958999633789062,10.038999557495117,9.880999565124512,9.975000381469727,83135000,0.15799999237060547,0.309142998286656
2016-03-24,9.836000442504883,9.885000228881836,9.706999778747559,9.86400032043457,106711000,0.17800045013427734,0.29400014877319336
2016-03-28,10.121000289916992,10.144000053405762,9.781999588012695,9.833999633789062,124322000,0.3620004653930664,0.27314301899501253
2016-03-29,10.413000106811523,10.432999610900879,10.100000381469727,10.107999801635742,160089000,0.33299922943115234,0.26992865971156527
2016-03-30,10.218999862670898,10.491000175476074,10.14799976348877,10.46500015258789,147050000,0.3430004119873047,0.27035726819719585
2016-03-31,10.222999572753906,10.352999687194824,10.104999542236328,10.243000030517578,97475000,0.2480001449584961,0.2574287142072405
2016-04-01,10.569999694824219,10.579000473022461,10.246999740600586,10.293000221252441,141824000,0.332000732421875,0.2557858739580427
2016-04-04,10.4350004196167,10.592000007629395,10.319999694824219,10.59000015258789,109404000,0.2720003128051758,0.25914301191057476
2016-04-05,10.494000434875488,10.574999809265137,10.324999809265137,10.347000122070312,100609000,0.25,0.26214299883161274
2016-04-06,10.482999801635742,10.644000053405762,10.425000190734863,10.529999732971191,96058000,0.21899986267089844,0.26185730525425505
2016-04-07,10.444999694824219,10.644000053405762,10.359999656677246,10.430999755859375,107749000,0.2840003967285156,0.26507159641810824
2016-04-08,10.380999565124512,10.532999992370605,10.281999588012695,10.51200008392334,78576000,0.25100040435791016,0.26585735593523296
2016-04-11,10.267999649047852,10.498000144958496,10.26200008392334,10.404000282287598,74513000,0.23600006103515625,0.2641430582318987
2016-04-12,10.697999954223633,10.722000122070312,10.220999717712402,10.3149995803833,124370000,0.5010004043579102,0.2833573477608817
2016-04-13,10.96500015258789,11.128000259399414,10.788000106811523,10.800000190734863,167017000,0.3400001525878906,0.29635735920497347
2016-04-14,11.041999816894531,11.163999557495117,10.914999961853027,11.00100040435791,95537000,0.24899959564208984,0.3014287267412458
2016-04-15,11.151000022888184,11.1850004196167,10.977999687194824,11.064000129699707,117461000,0.207000732421875,0.29035731724330355
2016-04-18,10.84000015258789,11.069999694824219,10.60200023651123,10.989999771118164,328164000,0.4679994583129883,0.3000001907348633
2016-04-19,9.434000015258789,10.13700008392334,9.420000076293945,9.949000358581543,557288000,0.7170000076293945,0.32671444756644114
2016-04-20,9.677000045776367,9.697999954223633,9.314000129699707,9.434000015258789,266135000,0.3839998245239258,0.33642871039254324
2016-04-21,9.498000144958496,9.73799991607666,9.477999687194824,9.730999946594238,199194000,0.26000022888183594,0.3312858172825405
2016-04-22,9.59000015258789,9.668999671936035,9.420999526977539,9.484999656677246,158063000,0.2480001449584961,0.3295715195792062
2016-04-25,9.355999946594238,9.574999809265137,9.279999732971191,9.569999694824219,149854000,0.2950000762939453,0.3327858107430594
2016-04-26,9.243000030517578,9.354999542236328,9.125,9.350000381469727,153309000,0.22999954223632812,0.3335715021405901
2016-04-27,9.104000091552734,9.25,9.020999908447266,9.218000411987305,122189000,0.22900009155273438,0.3296429089137486
2016-04-28,9.027999877929688,9.267000198364258,9.008999824523926,9.149999618530273,114749000,0.25800037384033203,0.3301429067339216
2016-04-29,9.003000259399414,9.055999755859375,8.821000099182129,9.050000190734863,139680000,0.2349996566772461,0.33007144927978516
2016-05-02,9.310999870300293,9.321999549865723,8.98900032043457,9.041000366210938,125470000,0.33299922943115234,0.3180713653564453
2016-05-03,9.154000282287598,9.324999809265137,9.130000114440918,9.208000183105469,105939000,0.19499969482421875,0.3077141898018973
2016-05-04,9.079000473022461,9.215999603271484,9.03499984741211,9.100000381469727,73947000,0.180999755859375,0.30285705838884625
2016-05-05,8.937000274658203,9.208000183105469,8.925000190734863,9.090999603271484,103685000,0.28299999237060547,0.30828557695661274
2016-05-06,9.083999633789062,9.088000297546387,8.810999870300293,8.883000373840332,104339000,0.27700042724609375,0.29464278902326313
2016-05-09,9.053999900817871,9.182999610900879,8.989999771118164,9.072999954223633,95437000,0.19299983978271484,0.2572142056056431
2016-05-10,9.288999557495117,9.324999809265137,9.109000205993652,9.11400032043457,111759000,0.21599960327148438,0.24521418980189733
2016-05-11,9.001999855041504,9.258999824523926,8.989999771118164,9.239999771118164,116929000,0.2690000534057617,0.24585703441074916
2016-05-12,8.77400016784668,9.041000366210938,8.574000358581543,9.031999588012695,204081000,0.46700000762939453,0.26149988174438477
2016-05-13,8.788000106811523,8.859000205993652,8.62600040435791,8.73900032043457,115714000,0.2329998016357422,0.2570712906973703
2016-05-16,8.911999702453613,9.0,8.614999771118164,8.755999565124512,112478000,0.38500022888183594,0.2681427683149065
2016-05-17,8.86299991607666,9.086999893188477,8.817000389099121,8.899999618530273,115713000,0.26999950408935547,0.27107129778180805
2016-05-18,9.050000190734863,9.17199993133545,8.824999809265137,8.824999809265137,139118000,0.3470001220703125,0.2774284226553781
2016-05-19,8.954999923706055,9.126999855041504,8.829999923706055,9.015999794006348,114503000,0.2969999313354492,0.2818570137023926
2016-05-20,9.24899959564209,9.32800006866455,8.998000144958496,9.008000373840332,150630000,0.3299999237060547,0.28164277757917133
2016-05-23,9.48900032043457,9.529000282287598,9.28499984741211,9.29800033569336,139923000,0.24400043487548828,0.2851428304399763
2016-05-24,9.788999557495117,9.913999557495117,9.574999809265137,9.597999572753906,212460000,0.33899974822998047,0.29642854418073383
2016-05-25,10.020000457763672,10.031000137329102,9.829999923706055,9.899999618530273,151429000,0.20100021362304688,0.29057141712733675
2016-05-26,10.281000137329102,10.399999618530273,10.137999534606934,10.321000099182129,178247000,0.26200008392333984,0.28949996403285433
2016-05-27,10.329999923706055,10.350000381469727,10.144000053405762,10.244000434875488,90921000,0.20600032806396484,0.29042857033865793
2016-05-31,10.256999969482422,10.345000267028809,10.213000297546387,10.295000076293945,87257000,0.13199996948242188,0.28442859649658203
2016-06-01,10.151000022888184,10.192000389099121,10.015999794006348,10.149999618530273,83934000,0.17600059509277344,0.2777857780456543
2016-06-02,10.125,10.21500015258789,10.07699966430664,10.138999938964844,79924000,0.13800048828125,0.2542858123779297
2016-06-03,9.958999633789062,10.100000381469727,9.852999687194824,10.098999977111816,92240000,0.24700069427490234,0.2552858761378697
2016-06-06,10.074000358581543,10.107000350952148,9.972000122070312,10.029000282287598,68281000,0.13500022888183594,0.23742873328072683
2016-06-07,9.98900032043457,10.163000106811523,9.97700023651123,10.119999885559082,64747000,0.18599987030029297,0.23142875943865096
2016-06-08,9.78600025177002,10.027999877929688,9.760000228881836,10.001999855041504,94239000,0.26799964904785156,0.22578586850847518
2016-06-09,9.708999633789062,9.843000411987305,9.666000366210938,9.722000122070312,89238000,0.1770000457763672,0.21721444811139787
2016-06-10,9.375,9.53499984741211,9.32800006866455,9.48799991607666,129079000,0.2069997787475586,0.2084287234715053
2016-06-13,9.385000228881836,9.720000267028809,9.362000465393066,9.501999855041504,134843000,0.3579998016357422,0.216571535382952
2016-06-14,9.411999702453613,9.579999923706055,9.32699966430664,9.416000366210938,94804000,0.25300025939941406,0.21042871475219727
2016-06-15,9.428999900817871,9.545999526977539,9.350000381469727,9.461000442504883,76754000,0.1959991455078125,0.2100714956011091
2016-06-16,9.543999671936035,9.555999755859375,9.324999809265137,9.418000221252441,75508000,0.23099994659423828,0.20785720007760183
2016-06-17,9.444999694824219,9.57699966430664,9.420000076293945,9.574999809265137,80468000,0.1569995880126953,0.20435714721679688
2016-06-20,9.380000114440918,9.588000297546387,9.364999771118164,9.522000312805176,90264000,0.22300052642822266,0.21085718699863978
2016-06-21,9.098999977111816,9.387999534606934,9.07699966430664,9.38700008392334,151997000,0.31099987030029297,0.22049999237060547
2016-06-22,9.00100040435791,9.197999954223633,8.97700023651123,9.07800006866455,94547000,0.22099971771240234,0.22642850875854492
2016-06-23,9.166000366210938,9.168000221252441,8.8149995803833,9.062000274658203,108190000,0.3530006408691406,0.23399993351527623
2016-06-24,8.843999862670898,9.048999786376953,8.720999717712402,8.753000259399414,112486000,0.3280000686645508,0.2477856363568987
2016-06-27,8.532999992370605,8.800000190734863,8.480999946594238,8.788000106811523,137305000,0.319000244140625,0.25728566305977957
2016-06-28,8.79699993133545,8.887999534606934,8.640999794006348,8.741000175476074,115456000,0.24699974060058594,0.2557856695992606
2016-06-29,9.105999946594238,9.196999549865723,8.869999885559082,8.967000007629395,116871000,0.3269996643066406,0.2664999280657087
2016-06-30,9.14799976348877,9.17199993133545,8.989999771118164,9.090999603271484,90990000,0.18200016021728516,0.26471424102783203
2016-07-01,9.666999816894531,9.699999809265137,9.479999542236328,9.5,161672000,0.2200002670288086,0.25485713141305105
2016-07-05,9.791000366210938,10.126999855041504,9.331000328063965,9.520000457763672,258794000,0.7959995269775391,0.29364279338291716
2016-07-06,9.460000038146973,9.600000381469727,9.354999542236328,9.503000259399414,163012000,0.24500083923339844,0.29714291436331614
2016-07-07,9.510000228881836,9.538000106811523,9.317999839782715,9.470000267028809,99135000,0.2200002670288086,0.2963572229657854
2016-07-08,9.706000328063965,9.741000175476074,9.529999732971191,9.600000381469727,83354000,0.2110004425048828,0.3002144268580845
2016-07-11,9.467000007629395,9.687000274658203,9.430000305175781,9.619000434875488,132762000,0.2569999694824219,0.30264295850481304
2016-07-12,9.597000122070312,9.67199993133545,9.409000396728516,9.506999969482422,116174000,0.2629995346069336,0.29921436309814453
2016-07-13,9.642999649047852,9.67199993133545,9.479999542236328,9.62600040435791,87689000,0.1920003890991211,0.29714298248291016
2016-07-14,9.802000045776367,9.82699966430664,9.680000305175781,9.699999809265137,98850000,0.14699935913085938,0.2824286052158901
2016-07-15,9.83899974822998,9.869999885559082,9.741000175476074,9.85200023651123,90419000,0.1289997100830078,0.268214293888637
2016-07-18,9.880999565124512,9.984000205993652,9.723999977111816,9.843000411987305,286697000,0.26000022888183594,0.26400000708443777
2016-07-19,8.583999633789062,8.675000190734863,8.449999809265137,8.543000221252441,556812000,0.22500038146972656,0.2624286242893764
2016-07-20,8.791000366210938,8.848999977111816,8.581999778747559,8.666999816894531,235251000,0.2670001983642578,0.25814294815063477
2016-07-21,8.598999977111816,8.838000297546387,8.520999908447266,8.829999923706055,160840000,0.3170003890991211,0.2677858216421945
2016-07-22,8.58899974822998,8.649999618530273,8.51099967956543,8.64799976348877,113639000,0.13899993896484375,0.26200008392333984
2016-07-25,8.765999794006348,8.786999702453613,8.50100040435791,8.572999954223633,141350000,0.2859992980957031,0.22557149614606584
2016-07-26,9.140999794006348,9.3100004196167,9.09000015258789,9.102999687194824,195776000,0.2200002670288086,0.22378574098859513
2016-07-27,9.204000473022461,9.206000328063965,9.010000228881836,9.149999618530273,87275000,0.1960000991821289,0.22207144328526088
2016-07-28,9.164999961853027,9.220999717712402,9.067999839782715,9.192000389099121,62277000,0.1529998779296875,0.21792854581560409
2016-07-29,9.125,9.175000190734863,9.059000015258789,9.119000434875488,69602000,0.11600017547607422,0.2078571319580078
2016-08-01,9.437000274658203,9.467000007629395,9.050000190734863,9.123000144958496,106669000,0.41699981689453125,0.21885715212140763
2016-08-02,9.355999946594238,9.407999992370605,9.218000411987305,9.399999618530273,98362000,0.18999958038330078,0.21871423721313477
2016-08-03,9.3100004196167,9.467000007629395,9.255000114440918,9.32800006866455,70309000,0.21199989318847656,0.22335713250296457
2016-08-04,9.343999862670898,9.373000144958496,9.182000160217285,9.319999694824219,60434000,0.19099998474121094,0.22778572354997909
2016-08-05,9.70300006866455,9.77400016784668,9.355999946594238,9.376999855041504,183648000,0.4180002212524414,0.2390714372907366
2016-08-08,9.51099967956543,9.593000411987305,9.399999618530273,9.590999603271484,101354000,0.19300079345703125,0.23678575243268693
2016-08-09,9.39900016784668,9.581000328063965,9.347999572753906,9.51200008392334,91754000,0.2330007553100586,0.23435722078595841
2016-08-10,9.392999649047852,9.475000381469727,9.295000076293945,9.4399995803833,65111000,0.18000030517578125,0.22457150050571986
2016-08-11,9.58899974822998,9.633000373840332,9.437000274658203,9.460000038146973,85477000,0.1960000991821289,0.22864294052124023
2016-08-12,9.659000396728516,9.682999610900879,9.508000373840332,9.553000450134277,65929000,0.17499923706054688,0.22071436473301478
2016-08-15,9.531000137329102,9.690999984741211,9.52400016784668,9.682999610900879,73046000,0.16699981689453125,0.21692861829485213
2016-08-16,9.51200008392334,9.560999870300293,9.4399995803833,9.519000053405762,63113000,0.12100028991699219,0.21157148906162807
2016-08-17,9.63700008392334,9.692999839782715,9.484999656677246,9.494000434875488,83156000,0.20800018310546875,0.2155000822884696
2016-08-18,9.616000175476074,9.722000122070312,9.517000198364258,9.597999572753906,72526000,0.2049999237060547,0.22185720716203963
2016-08-19,9.586999893188477,9.678000450134277,9.550999641418457,9.604999542236328,69429000,0.1270008087158203,0.2011429922921317
2016-08-22,9.526000022888184,9.61299991607666,9.494999885559082,9.567000389099121,58305000,0.11800003051757812,0.19600016730172293
2016-08-23,9.593999862670898,9.659000396728516,9.54800033569336,9.567999839782715,52391000,0.11100006103515625,0.18878589357648576
2016-08-24,9.517999649047852,9.63599967956543,9.491000175476074,9.61299991607666,62765000,0.14499950408935547,0.1855001449584961
2016-08-25,9.732000350952148,9.824999809265137,9.604000091552734,9.637999534606934,108231000,0.22099971771240234,0.17142868041992188
2016-08-26,9.758000373840332,9.795000076293945,9.656999588012695,9.732999801635742,66176000,0.13800048828125,0.16750008719308035
2016-08-29,9.729999542236328,9.845000267028809,9.656999588012695,9.696999549865723,80084000,0.18800067901611328,0.16428579602922713
2016-08-30,9.744999885559082,9.885000228881836,9.71399974822998,9.784000396728516,60935000,0.17100048065185547,0.16364295142037527
2016-08-31,9.744999885559082,9.788000106811523,9.675999641418457,9.748000144958496,46906000,0.1120004653930664,0.1576429775782994
2016-09-01,9.73799991607666,9.79800033569336,9.692000389099121,9.781000137329102,41486000,0.10599994659423828,0.15271445683070592
2016-09-02,9.73799991607666,9.817999839782715,9.701000213623047,9.789999961853027,42472000,0.11699962615966797,0.14914301463535853
2016-09-06,10.008999824523926,10.031999588012695,9.765000343322754,9.776000022888184,90361000,0.2669992446899414,0.1595715114048549
2016-09-07,9.914999961853027,10.019000053405762,9.842000007629395,10.01099967956543,64685000,0.1770000457763672,0.15735721588134766
2016-09-08,9.965999603271484,10.005000114440918,9.881999969482422,9.92300033569336,52012000,0.1230001449584961,0.1515000888279506
2016-09-09,9.649999618530273,9.939000129699707,9.649999618530273,9.906000137329102,73733000,0.2890005111694336,0.16307149614606584
2016-09-12,9.904999732971191,9.928999900817871,9.571000099182129,9.590999603271484,77184000,0.3579998016357422,0.18021433694022043
2016-09-13,9.609000205993652,9.800000190734863,9.532999992370605,9.717000007629395,117881000,0.2670001983642578,0.1913572038922991
2016-09-14,9.701000213623047,9.835000038146973,9.696000099182129,9.734999656677246,84810000,0.13899993896484375,0.19092866352626256
2016-09-15,9.734000205993652,9.79699993133545,9.652999877929688,9.722999572753906,52935000,0.14400005340576172,0.18542868750435965
2016-09-16,9.947999954223633,9.949000358581543,9.704000473022461,9.710000038146973,94451000,0.24499988555908203,0.19307150159563338
2016-09-19,9.805999755859375,10.03499984741211,9.781999588012695,9.989999771118164,86162000,0.25300025939941406,0.19771432876586914
2016-09-20,9.824999809265137,9.916000366210938,9.765999794006348,9.878000259399414,47368000,0.15000057220458984,0.19621433530535018
2016-09-21,9.48799991607666,9.710000038146973,9.326000213623047,9.6899995803833,200422000,0.3839998245239258,0.21564286095755442
2016-09-22,9.583000183105469,9.588000297546387,9.42300033569336,9.553999900817871,112150000,0.16499996185302734,0.21985714776175364
2016-09-23,9.593999862670898,9.696999549865723,9.543000221252441,9.574999809265137,61795000,0.15399932861328125,0.22249998365129744
2016-09-26,9.456000328063965,9.538000106811523,9.404000282287598,9.538000106811523,67392000,0.13399982452392578,0.2130000250680106
2016-09-27,9.706999778747559,9.763999938964844,9.5,9.503999710083008,96801000,0.26399993896484375,0.21921430315290177
2016-09-28,9.748000144958496,9.758999824523926,9.60200023651123,9.710000038146973,72351000,0.1569995880126953,0.2216428347996303
2016-09-29,9.666999816894531,9.831000328063965,9.65999984741211,9.730999946594238,62176000,0.17100048065185547,0.21321426119123185
2016-09-30,9.854999542236328,9.95300006866455,9.678999900817871,9.6899995803833,98079000,0.2740001678466797,0.20721428734915598
2016-10-03,10.262999534606934,10.33899974822998,9.800000190734863,9.800000190734863,153445000,0.5389995574951172,0.22664281300136022
2016-10-04,10.234000205993652,10.444000244140625,10.185999870300293,10.319000244140625,121431000,0.25800037384033203,0.2351428440638951
2016-10-05,10.628000259399414,10.696999549865723,10.343000411987305,10.350000381469727,129429000,0.35399913787841797,0.2501427786690848
2016-10-06,10.506999969482422,10.54699993133545,10.387999534606934,10.496999740600586,65877000,0.15900039672851562,0.24399995803833008
2016-10-07,10.482000350952148,10.649999618530273,10.354999542236328,10.39799976348877,86595000,0.2950000762939453,0.24699994495936803
2016-10-10,10.333000183105469,10.45300006866455,10.276000022888184,10.317999839782715,66997000,0.1770000457763672,0.24892847878592356
2016-10-11,10.059000015258789,10.289999961853027,9.986000061035156,10.230999946594238,90329000,0.3039999008178711,0.24321419852120535
2016-10-12,9.949999809265137,10.246999740600586,9.92199993133545,10.088000297546387,74265000,0.3249998092651367,0.25464275905064176
2016-10-13,10.02299976348877,10.050000190734863,9.762999534606934,9.800999641418457,83193000,0.2870006561279297,0.26414285387311665
2016-10-14,10.147000312805176,10.210000038146973,10.03499984741211,10.159000396728516,95311000,0.17500019073486328,0.26707145145961214
2016-10-17,9.979999542236328,10.072999954223633,9.838000297546387,10.050000190734863,265895000,0.2349996566772461,0.26500000272478375
2016-10-18,11.878999710083008,11.982000350952148,11.649999618530273,11.663000106811523,421682000,0.332000732421875,0.2775000844682966
2016-10-19,12.187000274658203,12.244999885559082,11.800000190734863,11.824999809265137,219817000,0.44499969482421875,0.2970714569091797
2016-10-20,12.335000038146973,12.375,12.105999946594238,12.196999549865723,144928000,0.2690000534057617,0.29671430587768555
2016-10-21,12.75,12.78499984741211,12.230999946594238,12.25,188324000,0.5539999008178711,0.29778575897216797
2016-10-24,12.732999801635742,12.928999900817871,12.614999771118164,12.741999626159668,159807000,0.31400012969970703,0.3017857415335519
2016-10-25,12.651000022888184,12.805999755859375,12.574999809265137,12.652000427246094,82539000,0.23099994659423828,0.29300008501325336
2016-10-26,12.696999549865723,12.871999740600586,12.574999809265137,12.628999710083008,86024000,0.2969999313354492,0.30285719462803434
2016-10-27,12.647000312805176,12.817999839782715,12.593000411987305,12.743000030517578,69142000,0.22499942779541016,0.2978571483067104
2016-10-28,12.656999588012695,12.892999649047852,12.60099983215332,12.607999801635742,70773000,0.29199981689453125,0.3060714176722935
2016-10-31,12.487000465393066,12.6899995803833,12.4399995803833,12.6850004196167,65175000,0.25,0.30221428189958843
2016-11-01,12.329999923706055,12.583000183105469,12.180000305175781,12.498000144958496,69786000,0.4029998779296875,0.30778571537562777
2016-11-02,12.234000205993652,12.406999588012695,12.182999610900879,12.282999992370605,48165000,0.2239999771118164,0.30328566687447683
2016-11-03,12.21399974822998,12.371999740600586,12.184000015258789,12.230999946594238,50413000,0.18799972534179688,0.30421420506068636
2016-11-04,12.20300006866455,12.343000411987305,12.161999702453613,12.199999809265137,50777000,0.1810007095336914,0.30035713740757536
2016-11-07,12.458000183105469,12.574999809265137,12.336999893188477,12.425999641418457,58271000,0.23799991607666016,0.29364279338291716
2016-11-08,12.434000015258789,12.581000328063965,12.321999549865723,12.411999702453613,46908000,0.2590007781982422,0.2803571564810617
2016-11-09,12.218999862670898,12.364999771118164,12.086000442504883,12.184000015258789,77057000,0.27899932861328125,0.2810713904244559
2016-11-10,11.541999816894531,12.29699993133545,11.369999885559082,12.276000022888184,197187000,0.9270000457763672,0.3077142579214914
2016-11-11,11.477999687194824,11.663000106811523,11.310999870300293,11.489999771118164,110803000,0.35200023651123047,0.3104285512651716
2016-11-14,11.338000297546387,11.59000015258789,11.067999839782715,11.475000381469727,99324000,0.5220003128051758,0.33121429170881
2016-11-15,11.359000205993652,11.640999794006348,11.309000015258789,11.454999923706055,74451000,0.3319997787475586,0.33371428080967497
2016-11-16,11.519000053405762,11.612000465393066,11.180999755859375,11.295999526977539,59337000,0.4310007095336914,0.34842865807669504
2016-11-17,11.503000259399414,11.680999755859375,11.355999946594238,11.512999534606934,62327000,0.3249998092651367,0.35078580038888113
2016-11-18,11.520999908447266,11.642000198364258,11.35099983215332,11.572999954223633,67468000,0.2910003662109375,0.3537143979753767
2016-11-21,11.795999526977539,11.871999740600586,11.619000434875488,11.619999885559082,70645000,0.25299930572509766,0.3430000713893345
2016-11-22,11.803999900817871,11.946000099182129,11.697999954223633,11.831999778747559,70072000,0.2480001449584961,0.3447143690926688
2016-11-23,11.769000053405762,11.888999938964844,11.730999946594238,11.776000022888184,45213000,0.15799999237060547,0.342571531023298
2016-11-25,11.741000175476074,11.83899974822998,11.718000411987305,11.763999938964844,16163000,0.12099933624267578,0.3382857186453683
2016-11-28,11.692999839782715,11.76200008392334,11.571000099182129,11.704999923706055,52789000,0.19099998474121094,0.3349285806928362
2016-11-29,11.75100040435791,11.918000221252441,11.713000297546387,11.729999542236328,70823000,0.2049999237060547,0.3310713768005371
2016-11-30,11.699999809265137,12.036999702453613,11.638999938964844,11.899999618530273,77151000,0.39799976348876953,0.339571407863072
2016-12-01,11.722000122070312,11.868000030517578,11.395000457763672,11.751999855041504,86369000,0.47299957275390625,0.3071428026471819
2016-12-02,12.081000328063965,12.097999572753906,11.675000190734863,11.675000190734863,89536000,0.42299938201904297,0.31221417018345426
2016-12-05,11.916000366210938,12.074999809265137,11.84000015258789,12.072999954223633,76263000,0.2349996566772461,0.29171412331717356
2016-12-06,12.456999778747559,12.479000091552734,11.942000389099121,12.010000228881836,115132000,0.5369997024536133,0.30635697501046316
2016-12-07,12.538999557495117,12.574999809265137,12.324999809265137,12.447999954223633,82047000,0.25,0.2934283529009138
2016-12-08,12.324000358581543,12.635000228881836,12.215999603271484,12.539999961853027,89877000,0.41900062561035156,0.300142696925572
2016-12-09,12.288000106811523,12.430000305175781,12.17300033569336,12.378000259399414,47008000,0.2569999694824219,0.29771409715924946
2016-12-12,12.282999992370605,12.402999877929688,12.229999542236328,12.284000396728516,39176000,0.17300033569335938,0.29199988501412527
2016-12-13,12.378000259399414,12.508999824523926,12.277999877929688,12.35099983215332,55645000,0.23099994659423828,0.29078558513096403
2016-12-14,12.343999862670898,12.4399995803833,12.25,12.343000411987305,61103000,0.18999958038330078,0.29307126998901367
2016-12-15,12.5,12.743000030517578,12.295000076293945,12.343999862670898,73762000,0.4479999542236328,0.3164284569876535
2016-12-16,12.42199993133545,12.668000221252441,12.401000022888184,12.638999938964844,78680000,0.2670001983642578,0.32185704367501394
2016-12-19,12.545000076293945,12.644000053405762,12.286999702453613,12.430000305175781,48673000,0.35700035095214844,0.3327142170497349
2016-12-20,12.51200008392334,12.630000114440918,12.46399974822998,12.545999526977539,39378000,0.1660003662109375,0.3161428315298898
2016-12-21,12.649999618530273,12.77400016784668,12.5,12.553000450134277,65148000,0.2740001678466797,0.30192858832223074
2016-12-22,12.557999610900879,12.75,12.517999649047852,12.684000015258789,41607000,0.23200035095214844,0.28828580038888113
2016-12-23,12.559000015258789,12.628000259399414,12.508000373840332,12.560999870300293,20104000,0.11999988555908203,0.280071531023298
2016-12-27,12.835000038146973,12.904999732971191,12.569999694824219,12.62399959564209,52882000,0.33500003814697266,0.2656429835728237
2016-12-28,12.58899974822998,12.906999588012695,12.576000213623047,12.906999588012695,43892000,0.33099937438964844,0.27142865317208426
2016-12-29,12.532999992370605,12.61400032043457,12.420000076293945,12.595000267028809,34451000,0.194000244140625,0.2553571973528181
2016-12-30,12.380000114440918,12.656999588012695,12.359999656677246,12.62399959564209,44554000,0.2969999313354492,0.2582143374851772
2017-01-03,12.74899959564209,12.819000244140625,12.430999755859375,12.496000289916992,94379000,0.38800048828125,0.2735714912414551
2017-01-04,12.940999984741211,13.017000198364258,12.654999732971191,12.74899959564209,78436000,0.3620004653930664,0.28292867115565706
2017-01-05,13.180999755859375,13.274999618530273,12.890000343322754,12.92199993133545,101855000,0.38499927520751953,0.29685722078595844
2017-01-06,13.107000350952148,13.387999534606934,12.980999946594238,13.208000183105469,106579000,0.4069995880126953,0.2939286231994629
2017-01-09,13.095000267028809,13.199000358581543,12.98900032043457,13.14799976348877,57718000,0.21000003814697266,0.28985718318394255
2017-01-10,12.98900032043457,13.222000122070312,12.928999900817871,13.126999855041504,59858000,0.2930002212524414,0.2852857453482492
2017-01-11,13.050000190734863,13.149999618530273,12.925000190734863,13.090999603271484,56151000,0.22499942779541016,0.28949996403285433
2017-01-12,12.918000221252441,13.085000038146973,12.850000381469727,13.062999725341797,53889000,0.2349996566772461,0.28671421323503765
2017-01-13,13.369999885559082,13.392999649047852,13.057999610900879,13.114999771118164,105150000,0.33500003814697266,0.29407133374895367
2017-01-17,13.288999557495117,13.539999961853027,13.208999633789062,13.503999710083008,122202000,0.33100032806396484,0.30914279392787386
2017-01-18,13.326000213623047,13.364999771118164,13.105999946594238,13.321000099182129,161686000,0.2589998245239258,0.3037142072405134
2017-01-19,13.840999603271484,14.345999717712402,13.824999809265137,14.201000213623047,232034000,0.5209999084472656,0.3172856739589146
2017-01-20,13.859999656677246,14.079000473022461,13.765999794006348,13.935999870300293,94974000,0.3130006790161133,0.3257857050214495
2017-01-23,13.73900032043457,13.949000358581543,13.730999946594238,13.864999771118164,74339000,0.2180004119873047,0.32014288221086773
2017-01-24,14.01099967956543,14.093000411987305,13.70300006866455,13.810999870300293,77547000,0.3900003433227539,0.3202857289995466
2017-01-25,13.95199966430664,14.138999938964844,13.904999732971191,14.079999923706055,72381000,0.23400020599365234,0.3111428533281599
2017-01-26,13.895999908447266,14.121000289916992,13.85099983215332,14.045000076293945,60383000,0.2700004577636719,0.30292865208217074
2017-01-27,14.244999885559082,14.24899959564209,13.899999618530273,13.946000099182129,83239000,0.3489999771118164,0.29878582273210796
2017-01-30,14.121999740600586,14.196999549865723,13.880000114440918,14.177000045776367,81225000,0.3169994354248047,0.3064286368233817
2017-01-31,14.071000099182129,14.182999610900879,13.970000267028809,14.055000305175781,44116000,0.2129993438720703,0.3007142884390695
2017-02-01,14.07800006866455,14.241000175476074,13.930000305175781,14.119999885559082,60334000,0.31099987030029297,0.30685717718941824
2017-02-02,13.920000076293945,14.104000091552734,13.904999732971191,14.060999870300293,34624000,0.19900035858154297,0.3042857987540109
2017-02-03,14.024999618530273,14.064000129699707,13.90999984741211,13.951000213623047,35126000,0.15400028228759766,0.2913572447640555
2017-02-06,14.097000122070312,14.100000381469727,13.916000366210938,14.0,35521000,0.18400001525878906,0.28085722242082867
2017-02-07,14.399999618530273,14.428000450134277,14.104999542236328,14.14900016784668,85735000,0.3230009078979492,0.28542872837611605
2017-02-08,14.473999977111816,14.506999969482422,14.255999565124512,14.357000350952148,68871000,0.25100040435791016,0.26614304951259066
2017-02-09,14.413999557495117,14.508999824523926,14.357999801635742,14.498000144958496,45551000,0.1510000228881836,0.2545715740748814
2017-02-10,14.482000350952148,14.529999732971191,14.397000312805176,14.468000411987305,61719000,0.13299942016601562,0.24850007465907506
2017-02-13,14.319999694824219,14.595000267028809,14.305000305175781,14.519000053405762,47904000,0.28999996185302734,0.2413571902683803
2017-02-14,14.081999778747559,14.41100025177002,14.005000114440918,14.319999694824219,83678000,0.40600013732910156,0.25364289964948383
2017-02-15,14.22700023651123,14.243000030517578,14.050999641418457,14.071999549865723,53091000,0.1920003890991211,0.24807146617344447
2017-02-16,14.201000213623047,14.244000434875488,14.107000350952148,14.241999626159668,28475000,0.13700008392333984,0.23292861665998185
2017-02-17,14.222000122070312,14.289999961853027,14.126999855041504,14.175000190734863,45881000,0.16300010681152344,0.22192866461617605
2017-02-21,14.260000228881836,14.338000297546387,14.180999755859375,14.298999786376953,35715000,0.15700054168701172,0.21792875017438615
2017-02-22,14.38599967956543,14.399999618530273,14.217000007629395,14.291999816894531,34820000,0.1829996109008789,0.20878587450299943
2017-02-23,14.277999877929688,14.449000358581543,14.152000427246094,14.444999694824219,46680000,0.2969999313354492,0.2157858439854213
2017-02-24,14.324999809265137,14.355999946594238,14.154999732971191,14.187999725341797,33027000,0.20100021362304688,0.2191429819379534
2017-02-27,14.340999603271484,14.392000198364258,14.23799991607666,14.312000274658203,39074000,0.15400028228759766,0.2170001438685826
2017-02-28,14.213000297546387,14.357000350952148,14.1850004196167,14.329999923706055,38622000,0.17199993133544922,0.20621435982840403
2017-03-01,14.265000343322754,14.326000213623047,14.210000038146973,14.284000396728516,41706000,0.11600017547607422,0.19657148633684432
2017-03-02,13.95300006866455,14.270000457763672,13.909000396728516,14.21500015258789,61199000,0.36100006103515625,0.21157148906162807
2017-03-03,13.913999557495117,14.090999603271484,13.826000213623047,13.968999862670898,53998000,0.2649993896484375,0.22100005831037248
2017-03-06,14.194000244140625,14.284000396728516,14.053999900817871,14.100000381469727,71161000,0.23000049591064453,0.21671438217163086
2017-03-07,14.142999649047852,14.239999771118164,14.038000106811523,14.199000358581543,42410000,0.20199966430664062,0.20214291981288365
2017-03-08,14.031999588012695,14.206000328063965,13.97700023651123,14.147000312805176,40855000,0.22900009155273438,0.20478575570242746
2017-03-09,14.053000450134277,14.12399959564209,13.973999977111816,14.003999710083008,26527000,0.14999961853027344,0.205714293888637
2017-03-10,14.08899974822998,14.180000305175781,14.027999877929688,14.138999938964844,33185000,0.15200042724609375,0.2049286024911063
2017-03-13,14.35200023651123,14.371000289916992,14.031999588012695,14.09000015258789,49224000,0.3390007019042969,0.2179286139351981
2017-03-14,14.319000244140625,14.331000328063965,14.170000076293945,14.295000076293945,46603000,0.16100025177001953,0.21635723114013672
2017-03-15,14.524999618530273,14.552000045776367,14.322999954223633,14.420000076293945,59872000,0.22900009155273438,0.21150009972708567
2017-03-16,14.439000129699707,14.649999618530273,14.42199993133545,14.550000190734863,52865000,0.22799968719482422,0.2134286335536412
2017-03-17,14.51099967956543,14.576000213623047,14.34000015258789,14.404999732971191,62813000,0.23600006103515625,0.21928576060703822
2017-03-20,14.583000183105469,14.625,14.458000183105469,14.545000076293945,34210000,0.16699981689453125,0.21892860957554408
2017-03-21,14.241999626159668,14.770000457763672,14.210000038146973,14.675000190734863,76698000,0.5600004196166992,0.25064291272844585
2017-03-22,14.265000343322754,14.380000114440918,14.076000213623047,14.253999710083008,64869000,0.3039999008178711,0.2465714727129255
2017-03-23,14.184000015258789,14.288999557495117,14.12600040435791,14.21399974822998,37126000,0.16299915313720703,0.2392857415335519
2017-03-24,14.20199966430664,14.279999732971191,14.157999992370605,14.236000061035156,35466000,0.12199974060058594,0.23157140186854772
2017-03-27,14.406000137329102,14.439000129699707,14.0,14.083000183105469,47717000,0.43900012969970703,0.24850000653948104
2017-03-28,14.517000198364258,14.611000061035156,14.392000198364258,14.40999984741211,46380000,0.21899986267089844,0.24778570447649276
2017-03-29,14.647000312805176,14.718000411987305,14.491000175476074,14.550000190734863,38550000,0.22700023651123047,0.2532857486179897
2017-03-30,14.805999755859375,14.829000473022461,14.652999877929688,14.680999755859375,44611000,0.17600059509277344,0.25500004632132395
2017-03-31,14.781000137329102,14.822999954223633,14.732999801635742,14.800000190734863,38882000,0.09000015258789062,0.2372142927987235
2017-04-03,14.692000389099121,14.800999641418457,14.574000358581543,14.670000076293945,46093000,0.22699928283691406,0.24192850930350168
2017-04-04,14.550000190734863,14.708999633789062,14.48900032043457,14.684000015258789,43689000,0.2199993133544922,0.2412855965750558
2017-04-05,14.362000465393066,14.625,14.326000213623047,14.619000434875488,46076000,0.2989997863769531,0.24635703223092215
2017-04-06,14.37399959564209,14.413999557495117,14.300999641418457,14.399999618530273,33124000,0.11299991607666016,0.23757130759102957
2017-04-07,14.310999870300293,14.388999938964844,14.270999908447266,14.378999710083008,30405000,0.11800003051757812,0.23407132284981863
2017-04-10,14.385000228881836,14.46500015258789,14.121000289916992,14.303999900817871,58074000,0.34399986267089844,0.2186427116394043
2017-04-11,14.4350004196167,14.454000473022461,14.197999954223633,14.428000450134277,46215000,0.2560005187988281,0.2152141843523298
2017-04-12,14.383000373840332,14.574000358581543,14.354999542236328,14.484999656677246,43870000,0.21900081634521484,0.21921430315290177
2017-04-13,14.291999816894531,14.454999923706055,14.276000022888184,14.425000190734863,36858000,0.1789999008178711,0.22328574316842215
2017-04-17,14.725000381469727,14.732000350952148,14.442999839782715,14.442999839782715,163647000,0.2890005111694336,0.21257148470197404
2017-04-18,14.336000442504883,14.739999771118164,14.0,14.734000205993652,196710000,0.7399997711181641,0.24978576387677873
2017-04-19,13.97599983215332,14.399999618530273,13.866000175476074,14.336999893188477,123951000,0.5339994430541992,0.2717142786298479
2017-04-20,14.118000030517578,14.180000305175781,13.927000045776367,14.029999732971191,72482000,0.25300025939941406,0.2772142546517508
2017-04-21,14.286999702453613,14.303000450134277,14.09000015258789,14.138999938964844,68248000,0.21300029754638672,0.2859999792916434
2017-04-24,14.383000373840332,14.449999809265137,14.34000015258789,14.361000061035156,48009000,0.1099996566772461,0.2776428631373814
2017-04-25,15.215999603271484,15.35200023651123,14.621999740600586,14.746000289916992,206742000,0.7300004959106445,0.31407151903424946
2017-04-26,15.017000198364258,15.21500015258789,14.890000343322754,15.152999877929688,92741000,0.3249998092651367,0.31592866352626253
2017-04-27,15.307999610900879,15.348999977111816,14.930000305175781,15.0600004196167,77194000,0.41899967193603516,0.33778578894478933
2017-04-28,15.220000267028809,15.29699993133545,15.093999862670898,15.270999908447266,63662000,0.20300006866455078,0.3438572202410017
2017-05-01,15.53499984741211,15.770000457763672,15.16100025177002,15.190999984741211,90316000,0.6090002059936523,0.36278581619262695
2017-05-02,15.645000457763672,15.649999618530273,15.461000442504883,15.576000213623047,53848000,0.18899917602539062,0.35800000599452425
2017-05-03,15.559000015258789,15.654000282287598,15.48799991607666,15.628999710083008,39312000,0.1660003662109375,0.3542142595563616
2017-05-04,15.725000381469727,15.789999961853027,15.454999923706055,15.559000015258789,55823000,0.33500003814697266,0.36535712650844027
2017-05-05,15.65999984741211,15.859000205993652,15.59000015258789,15.854999542236328,53417000,0.2690000534057617,0.3639285223824637
2017-05-08,15.637999534606934,15.763999938964844,15.529999732971191,15.654999732971191,48188000,0.23400020599365234,0.32778569630214144
2017-05-09,15.746000289916992,15.78499984741211,15.597000122070312,15.609999656677246,39110000,0.18799972534179688,0.3030714307512556
2017-05-10,16.027999877929688,16.110000610351562,15.656000137329102,15.781999588012695,68699000,0.45400047302246094,0.3174285888671875
2017-05-11,15.854000091552734,16.052000045776367,15.755000114440918,16.033000946044922,56774000,0.2969999313354492,0.3234285627092634
2017-05-12,16.08099937438965,16.083999633789062,15.85099983215332,15.91100025177002,50929000,0.2329998016357422,0.332214287349156
2017-05-15,16.00200080871582,16.17799949645996,15.97599983215332,16.024999618530273,49720000,0.20199966430664062,0.29449994223458426
2017-05-16,15.940999984741211,16.118000030517578,15.932999610900879,16.049999237060547,34649000,0.18500041961669922,0.28449998583112446
2017-05-17,15.319999694824219,15.878000259399414,15.300000190734863,15.809000015258789,81845000,0.5780000686645508,0.2958571570260184
2017-05-18,15.569999694824219,15.689000129699707,15.324000358581543,15.361000061035156,68027000,0.36499977111816406,0.3074285643441336
2017-05-19,15.70199966430664,15.805000305175781,15.590999603271484,15.614999771118164,40915000,0.21400070190429688,0.27921431405203684
2017-05-22,15.715999603271484,15.859999656677246,15.642999649047852,15.78600025177002,37441000,0.21700000762939453,0.2812143734523228
2017-05-23,15.795000076293945,15.831000328063965,15.680000305175781,15.774999618530273,33709000,0.1510000228881836,0.2801429203578404
2017-05-24,15.774999618530273,15.847999572753906,15.717000007629395,15.835000038146973,29708000,0.13099956512451172,0.2655714579990932
2017-05-25,16.30500030517578,16.40999984741211,16.05500030517578,16.100000381469727,85610000,0.3549995422363281,0.2717142786298479
2017-05-26,16.243000030517578,16.30500030517578,16.11199951171875,16.284000396728516,48343000,0.19300079345703125,0.26878574916294645
2017-05-30,16.32200050354004,16.475000381469727,16.270999908447266,16.360000610351562,48286000,0.20400047302246094,0.26992865971156527
2017-05-31,16.30699920654297,16.399999618530273,16.073999404907227,16.361000061035156,53289000,0.3260002136230469,0.26078578404017855
2017-06-01,16.298999786376953,16.39299964904785,16.170000076293945,16.351999282836914,38963000,0.22299957275390625,0.2555000441414969
2017-06-02,16.51799964904785,16.535999298095703,16.280000686645508,16.341999053955078,42591000,0.2559986114501953,0.25714281627110075
2017-06-05,16.506000518798828,16.549999237060547,16.343000411987305,16.548999786376953,38752000,0.2069988250732422,0.2574998991830008
2017-06-06,16.517000198364258,16.68199920654297,16.451000213623047,16.4950008392334,43821000,0.23099899291992188,0.26078551156180246
2017-06-07,16.56100082397461,16.639999389648438,16.44099998474121,16.559999465942383,33531000,0.19899940490722656,0.23371403557913645
2017-06-08,16.58799934387207,16.687000274658203,16.483999252319336,16.61199951171875,37191000,0.2030010223388672,0.22214269638061523
2017-06-09,15.803000450134277,16.62700080871582,15.449999809265137,16.62700080871582,102920000,1.1770009994506836,0.29092843191964285
2017-06-12,15.144000053405762,15.553000450134277,14.831000328063965,15.529999732971191,141145000,0.7220001220703125,0.3269998686654227
2017-06-13,15.272000312805176,15.567999839782715,15.012999534606934,15.437999725341797,84847000,0.5550003051757812,0.3558570316859654
2017-06-14,15.220000267028809,15.562000274658203,15.027999877929688,15.434000015258789,64618000,0.5340003967285156,0.38464280537196566
2017-06-15,15.175999641418457,15.255999565124512,14.729999542236328,14.944000244140625,73197000,0.5260000228881836,0.3968571254185268
2017-06-16,15.23799991607666,15.352999687194824,15.038999557495117,15.145000457763672,69097000,0.31400012969970703,0.4054999351501465
2017-06-19,15.34000015258789,15.557999610900879,15.241000175476074,15.428999900817871,65443000,0.3169994354248047,0.41357128960745676
2017-06-20,15.204999923706055,15.449999809265137,15.140000343322754,15.368000030517578,48787000,0.3099994659423828,0.4124283790588379
2017-06-21,15.503000259399414,15.538000106811523,15.22599983215332,15.25,58034000,0.3120002746582031,0.41878557205200195
2017-06-22,15.48900032043457,15.520000457763672,15.369999885559082,15.512999534606934,37692000,0.15000057220458984,0.4112142835344587
2017-06-23,15.802000045776367,15.819000244140625,15.37600040435791,15.50100040435791,62508000,0.44299983978271484,0.4280714988708496
2017-06-26,15.75,15.996999740600586,15.656000137329102,15.878000259399414,60160000,0.3409996032714844,0.43592868532453266
2017-06-27,15.102999687194824,15.697999954223633,15.071999549865723,15.661999702453613,74243000,0.6260004043579102,0.4664287567138672
2017-06-28,15.340999603271484,15.420000076293945,15.01200008392334,15.163999557495117,55899000,0.40799999237060547,0.48107154028756277
2017-06-29,15.008999824523926,15.281999588012695,14.800000190734863,15.281999588012695,71425000,0.48199939727783203,0.43142856870378765
2017-06-30,14.940999984741211,15.071000099182129,14.842000007629395,14.97599983215332,52133000,0.22900009155273438,0.39621428080967497
2017-07-03,14.616999626159668,15.045000076293945,14.579999923706055,14.979999542236328,39082000,0.4650001525878906,0.3897856984819685
2017-07-05,14.76099967956543,14.826000213623047,14.557999610900879,14.657999992370605,46278000,0.26800060272216797,0.3707857131958008
2017-07-06,14.625,14.72700023651123,14.425000190734863,14.61299991607666,54865000,0.3020000457763672,0.35478571483067106
2017-07-07,15.017999649047852,15.074999809265137,14.664999961853027,14.664999961853027,55613000,0.4099998474121094,0.36164283752441406
2017-07-10,15.267000198364258,15.322999954223633,14.96500015258789,15.034000396728516,53606000,0.3579998016357422,0.3645714351109096
2017-07-11,15.432999610900879,15.52299976348877,15.154999732971191,15.237000465393066,48986000,0.3680000305175781,0.3687143325805664
2017-07-12,15.875,15.880000114440918,15.57699966430664,15.57699966430664,84818000,0.30300045013427734,0.3680714879717146
2017-07-13,15.821000099182129,16.01300048828125,15.697999954223633,15.85099983215332,67001000,0.3150005340576172,0.3798571995326451
2017-07-14,16.11199951171875,16.135000228881836,15.79699993133545,15.930000305175781,55492000,0.3380002975463867,0.37235723223005024
2017-07-17,16.170000076293945,16.354999542236328,16.00200080871582,16.291000366210938,174967000,0.3529987335205078,0.3732143129621233
2017-07-18,18.360000610351562,18.5,17.423999786376953,17.61199951171875,415874000,1.0760002136230469,0.4053571564810617
2017-07-19,18.38599967956543,18.716999053955078,18.174999237060547,18.297000885009766,173443000,0.5419998168945312,0.4149285725184849
2017-07-20,18.360000610351562,18.591999053955078,18.270000457763672,18.384000778198242,79072000,0.32199859619140625,0.40349994386945454
2017-07-21,18.854000091552734,19.149999618530273,18.270999908447266,18.27199935913086,92774000,0.8789997100830078,0.4499284880501883
2017-07-24,18.791000366210938,19.024999618530273,18.701000213623047,18.868999481201172,87973000,0.32399940490722656,0.43985700607299805
2017-07-25,18.69700050354004,18.865999221801758,18.58099937438965,18.77899932861328,53745000,0.2849998474121094,0.44107123783656527
2017-07-26,18.908000946044922,18.969999313354492,18.750999450683594,18.770000457763672,44793000,0.21899986267089844,0.4351426533290318
2017-07-27,18.26799964904785,19.0,17.937999725341797,18.98900032043457,112210000,1.0620002746582031,0.4817141124180385
2017-07-28,18.40399932861328,18.503000259399414,18.118000030517578,18.200000762939453,62019000,0.38500022888183594,0.48364271436418804
2017-07-31,18.166000366210938,18.496999740600586,18.065000534057617,18.426000595092773,48836000,0.43199920654296875,0.4882140840802874
2017-08-01,18.202999114990234,18.461999893188477,18.14299964904785,18.249000549316406,51127000,0.319000244140625,0.48935692650931223
2017-08-02,18.073999404907227,18.256999969482422,17.7810001373291,18.222000122070312,57713000,0.4759998321533203,0.500856876373291
2017-08-03,17.92300033569336,18.121999740600586,17.802000045776367,18.05299949645996,46277000,0.31999969482421875,0.4995711190359933
2017-08-04,18.027000427246094,18.100000381469727,17.850000381469727,17.959999084472656,44911000,0.25,0.49221406664167133
2017-08-07,18.132999420166016,18.226999282836914,17.90999984741211,18.100000381469727,46098000,0.3169994354248047,0.4379997253417969
2017-08-08,17.836000442504883,18.19099998474121,17.7450008392334,18.136999130249023,61040000,0.4459991455078125,0.4311425345284598
2017-08-09,17.577999114990234,17.59600067138672,17.000999450683594,17.14299964904785,96705000,0.595001220703125,0.4506427219935826
2017-08-10,16.913999557495117,17.44499969482422,16.760000228881836,17.402999877929688,96931000,0.6849994659423828,0.4367855616978237
2017-08-11,17.139999389648438,17.257999420166016,16.899999618530273,16.986000061035156,50223000,0.3579998016357422,0.4392141614641462
2017-08-14,17.100000381469727,17.2450008392334,16.8799991607666,16.979999542236328,74684000,0.3650016784667969,0.44492857796805246
2017-08-15,16.850000381469727,17.187999725341797,16.825000762939453,17.152999877929688,56561000,0.36299896240234375,0.45521422794886995
2017-08-16,16.99799919128418,17.049999237060547,16.625,16.75,70136000,0.4249992370605469,0.4097141538347517
2017-08-17,16.608999252319336,17.058000564575195,16.57200050354004,16.92300033569336,52292000,0.48600006103515625,0.4169284275599888
2017-08-18,16.65399932861328,16.996999740600586,16.579999923706055,16.594999313354492,73857000,0.41699981689453125,0.4158570425851004
2017-08-21,16.676000595092773,16.89900016784668,16.42300033569336,16.69099998474121,64807000,0.4759998321533203,0.4270712988717215
2017-08-22,16.93400001525879,16.993000030517578,16.70400047302246,16.775999069213867,48863000,0.2889995574951172,0.4137141363961356
2017-08-23,16.9060001373291,16.964000701904297,16.670000076293945,16.834999084472656,46323000,0.29400062561035156,0.4118570600237165
2017-08-24,16.812999725341797,17.124000549316406,16.614999771118164,16.986000061035156,53617000,0.5090007781982422,0.43035711560930523
2017-08-25,16.594999313354492,16.875,16.549999237060547,16.857999801635742,40640000,0.3250007629394531,0.4309286390032087
2017-08-28,16.711999893188477,16.867000579833984,16.559999465942383,16.64299964904785,36573000,0.30700111389160156,0.42100020817347933
2017-08-29,16.881000518798828,16.968000411987305,16.472999572753906,16.5,46209000,0.49500083923339844,0.4138573237827846
2017-08-30,17.4689998626709,17.485000610351562,16.937000274658203,16.950000762939453,80347000,0.5480003356933594,0.4040716716221401
2017-08-31,17.47100067138672,17.624000549316406,17.38599967956543,17.545000076293945,69410000,0.23800086975097656,0.3955003193446568
2017-09-01,17.474000930786133,17.648000717163086,17.392000198364258,17.55500030517578,38130000,0.2560005187988281,0.38771452222551617
2017-09-05,17.45199966430664,17.58799934387207,17.243999481201172,17.34000015258789,45895000,0.34399986267089844,0.3863574436732701
2017-09-06,17.924999237060547,17.945999145507812,17.37299919128418,17.524999618530273,87426000,0.5729999542236328,0.39692892347063335
2017-09-07,17.899999618530273,18.03499984741211,17.709999084472656,17.8799991607666,60361000,0.3250007629394531,0.38542897360665457
2017-09-08,17.642000198364258,18.038999557495117,17.625,17.844999313354492,45908000,0.4139995574951172,0.3852146693638393
2017-09-11,18.173999786376953,18.246999740600586,17.80299949645996,17.809999465942383,59794000,0.444000244140625,0.3829289845057896
2017-09-12,18.514999389648438,18.533000946044922,18.06399917602539,18.2549991607666,66896000,0.46900177001953125,0.3957862854003906
2017-09-13,18.36400032043457,18.450000762939453,18.2549991607666,18.406999588012695,43203000,0.19500160217285156,0.3887149265834263
2017-09-14,18.26300048828125,18.52899932861328,18.207000732421875,18.325000762939453,45107000,0.32199859619140625,0.37535762786865234
2017-09-15,18.235000610351562,18.493000030517578,18.14299964904785,18.273000717163086,55917000,0.35000038146972656,0.377143314906529
2017-09-18,18.461999893188477,18.545000076293945,18.273000717163086,18.361000061035156,53596000,0.2719993591308594,0.374643189566476
2017-09-19,18.56800079345703,18.62299919128418,18.41699981689453,18.49799919128418,49821000,0.20599937438964844,0.3540002277919224
2017-09-20,18.551000595092773,18.649999618530273,18.31999969482422,18.610000610351562,46250000,0.3299999237060547,0.33842876979282926
2017-09-21,18.878000259399414,18.9950008392334,18.451000213623047,18.582000732421875,71481000,0.5440006256103516,0.360285895211356
2017-09-22,18.735000610351562,18.985000610351562,18.638999938964844,18.84000015258789,54643000,0.34600067138671875,0.3667144775390625
2017-09-25,17.854999542236328,18.655000686645508,17.770000457763672,18.645999908447266,93672000,0.8850002288818359,0.40535736083984375
2017-09-26,17.937999725341797,18.094999313354492,17.655000686645508,18.06999969482422,56025000,0.4399986267089844,0.39585726601736887
2017-09-27,18.19700050354004,18.333999633789062,18.06999969482422,18.10099983215332,57105000,0.26399993896484375,0.39150006430489676
2017-09-28,18.06999969482422,18.19499969482422,17.93600082397461,18.125,40770000,0.2589988708496094,0.3804285866873605
2017-09-29,18.135000228881836,18.290000915527344,18.065000534057617,18.072999954223633,42279000,0.22500038146972656,0.3647857393537249
2017-10-02,17.701000213623047,18.280000686645508,17.658000946044922,18.211000442504883,73420000,0.6219997406005859,0.37571416582380024
2017-10-03,17.91900062561035,17.969999313354492,17.7549991607666,17.764999389648438,39569000,0.21500015258789062,0.3771426337105887
2017-10-04,18.44499969482422,18.670000076293945,18.125,18.141000747680664,92359000,0.5450000762939453,0.3930713108607701
2017-10-05,19.43899917602539,19.448999404907227,18.448999404907227,18.565000534057617,194127000,1.0,0.4394998550415039
2017-10-06,19.802000045776367,19.892000198364258,19.204999923706055,19.43000030517578,153484000,0.6870002746582031,0.46914277757917133
2017-10-09,19.687000274658203,19.940000534057617,19.6560001373291,19.90999984741211,69717000,0.2840003967285156,0.4747142791748047
2017-10-10,19.507999420166016,19.829999923706055,19.209999084472656,19.78499984741211,62338000,0.6200008392333984,0.49542863028390066
2017-10-11,19.4950008392334,19.621999740600586,19.381000518798828,19.55699920654297,64502000,0.2409992218017578,0.47378567286900114
2017-10-12,19.586000442504883,19.86199951171875,19.47100067138672,19.674999237060547,77533000,0.39099884033203125,0.4769998277936663
2017-10-13,19.948999404907227,20.082000732421875,19.7189998626709,19.969999313354492,120813000,0.36300086975097656,0.4397141592843192
2017-10-16,20.26799964904785,20.283000946044922,19.785999298095703,20.19499969482422,221054000,0.49700164794921875,0.44378580365862164
2017-10-17,19.947999954223633,20.437999725341797,19.777000427246094,20.01099967956543,239001000,0.6609992980957031,0.4721429007393973
2017-10-18,19.554000854492188,20.000999450683594,19.424999237060547,19.999000549316406,111989000,0.5760002136230469,0.49478585379464285
2017-10-19,19.51300048828125,19.524999618530273,19.115999221801758,19.301000595092773,70346000,0.4090003967285156,0.5079287120274135
2017-10-20,19.416000366210938,19.63800048828125,19.37700080871582,19.59000015258789,59956000,0.2609996795654297,0.4821429933820452
2017-10-23,19.246999740600586,19.489999771118164,19.10300064086914,19.41699981689453,69800000,0.38699913024902344,0.4944286346435547
2017-10-24,19.601999282836914,19.673999786376953,19.139999389648438,19.274999618530273,70691000,0.5340003967285156,0.493642943246024
2017-10-25,19.37700080871582,19.70599937438965,19.301000595092773,19.538000106811523,53153000,0.404998779296875,0.45114285605294363
2017-10-26,19.520999908447266,19.76099967956543,19.408000946044922,19.465999603271484,51858000,0.3529987335205078,0.42728560311453684
2017-10-27,19.95400047302246,20.065000534057617,19.621999740600586,19.719999313354492,81286000,0.44300079345703125,0.4386427743094308
2017-10-30,19.836999893188477,20.110000610351562,19.707000732421875,19.961999893188477,54396000,0.4029998779296875,0.42314270564488005
2017-10-31,19.64299964904785,19.858999252319336,19.52199935913086,19.820999145507812,55186000,0.33699989318847656,0.42999989645821707
2017-11-01,19.799999237060547,19.920000076293945,19.600000381469727,19.724000930786133,50174000,0.31999969482421875,0.42492852892194477
2017-11-02,19.93199920654297,19.944000244140625,19.708999633789062,19.7450008392334,36063000,0.2350006103515625,0.41578565325055805
2017-11-03,20.000999450683594,20.05500030517578,19.798999786376953,19.979999542236328,36788000,0.2560005187988281,0.398571286882673
2017-11-06,20.01300048828125,20.24799919128418,19.80900001525879,20.0,58466000,0.4389991760253906,0.3827141353062221
2017-11-07,19.589000701904297,20.06100082397461,19.479999542236328,20.0,64680000,0.5810012817382812,0.3830713544573103
2017-11-08,19.643999099731445,19.708999633789062,19.474000930786133,19.600000381469727,42374000,0.2349987030029297,0.37064266204833984
2017-11-09,19.389999389648438,19.448999404907227,19.08099937438965,19.445999145507812,59799000,0.3680000305175781,0.3782855442592076
2017-11-10,19.20199966430664,19.259000778198242,18.950000762939453,19.160999298095703,66222000,0.30900001525878906,0.37271417890276226
2017-11-13,19.507999420166016,19.604999542236328,19.100000381469727,19.11199951171875,46070000,0.5049991607666016,0.37064266204833984
2017-11-14,19.570999145507812,19.58799934387207,19.299999237060547,19.36400032043457,34505000,0.28800010681152344,0.3622856140136719
2017-11-15,19.211999893188477,19.54199981689453,19.152999877929688,19.45400047302246,42031000,0.38899993896484375,0.3648571286882673
2017-11-16,19.551000595092773,19.770000457763672,19.375,19.433000564575195,56784000,0.3950004577636719,0.3614285332815988
2017-11-17,19.31999969482422,19.594999313354492,19.264999389648438,19.573999404907227,39063000,0.3299999237060547,0.35621425083705355
2017-11-20,19.40999984741211,19.43199920654297,19.190000534057617,19.329999923706055,38275000,0.24199867248535156,0.34942844935825895
2017-11-21,19.62299919128418,19.75200080871582,19.496999740600586,19.503999710083008,47873000,0.2550010681152344,0.3447856903076172
2017-11-22,19.631999969482422,19.674999237060547,19.363000869750977,19.658000946044922,58954000,0.3119983673095703,0.35028553009033203
2017-11-24,19.575000762939453,19.690000534057617,19.533000946044922,19.665000915527344,21605000,0.1569995880126953,0.3432140350341797
2017-11-27,19.5049991607666,19.584999084472656,19.399999618530273,19.555999755859375,32101000,0.1849994659423828,0.32507119859967915
2017-11-28,19.917999267578125,19.968000411987305,19.400999069213867,19.534000396728516,69811000,0.5670013427734375,0.32407120295933317
2017-11-29,18.815000534057617,19.902999877929688,18.43199920654297,19.891000747680664,142027000,1.4710006713867188,0.4123570578438895
2017-11-30,18.757999420166016,19.086000442504883,18.667999267578125,19.0310001373291,66301000,0.4180011749267578,0.4159285681588309
2017-12-01,18.68199920654297,18.979999542236328,18.5,18.698999404907227,62195000,0.4799995422363281,0.428142820085798
2017-12-04,18.40399932861328,18.972000122070312,17.83799934387207,18.93600082397461,90698000,1.1340007781982422,0.4730715070452009
2017-12-05,18.42099952697754,18.81399917602539,18.118999481201172,18.350000381469727,57837000,0.6949996948242188,0.5021429061889648
2017-12-06,18.530000686645508,18.648000717163086,18.288000106811523,18.33799934387207,54901000,0.3600006103515625,0.5000715255737305
2017-12-07,18.520000457763672,18.733999252319336,18.32200050354004,18.570999145507812,46595000,0.4119987487792969,0.5012856892177037
2017-12-08,18.854000091552734,18.941999435424805,18.6299991607666,18.649999618530273,49873000,0.3120002746582031,0.5
2017-12-11,18.621999740600586,18.941999435424805,18.590999603271484,18.78499984741211,52986000,0.3509998321533203,0.5077857971191406
2017-12-12,18.572999954223633,18.78499984741211,18.48200035095215,18.60099983215332,42659000,0.30299949645996094,0.5112142562866211
2017-12-13,18.785999298095703,18.868999481201172,18.541000366210938,18.610000610351562,47100000,0.3279991149902344,0.5123571668352399
2017-12-14,18.95599937438965,19.263999938964844,18.719999313354492,18.79800033569336,77928000,0.5440006256103516,0.5400000980922154
2017-12-15,19.011999130249023,19.14299964904785,18.801000595092773,18.961000442504883,72856000,0.3419990539550781,0.5512143543788365
2017-12-18,19.04199981689453,19.165000915527344,18.889999389648438,19.1200008392334,50110000,0.27500152587890625,0.5303572246006557
2017-12-19,18.70199966430664,19.030000686645508,18.575000762939453,19.01799964904785,70330000,0.4549999237060547,0.4577857426234654
2017-12-20,18.881999969482422,18.910999298095703,18.525999069213867,18.79400062561035,65454000,0.38500022888183594,0.4554285321916853
2017-12-21,18.86199951171875,19.094999313354492,18.757999420166016,18.944000244140625,47298000,0.33699989318847656,0.44521427154541016
2017-12-22,18.993999481201172,19.094999313354492,18.68000030517578,18.83300018310547,38789000,0.41499900817871094,0.3938570022583008
2017-12-26,18.775999069213867,18.993999481201172,18.639999389648438,18.97800064086914,30457000,0.3540000915527344,0.369499887738909
2017-12-27,18.624000549316406,18.809999465942383,18.52199935913086,18.780000686645508,40021000,0.28800010681152344,0.36435699462890625
2017-12-28,19.270999908447266,19.448999404907227,18.684999465942383,18.718000411987305,101074000,0.7639999389648438,0.38949993678501676
2017-12-29,19.195999145507812,19.395000457763672,19.121999740600586,19.250999450683594,51876000,0.27300071716308594,0.3867142541067941
2018-01-02,20.10700035095215,20.165000915527344,19.54199981689453,19.610000610351562,109669000,0.6230010986328125,0.40614291599818636
2018-01-03,20.5049991607666,20.621000289916992,20.149999618530273,20.204999923706055,85914000,0.47100067138671875,0.4181429999215262
2018-01-04,20.562999725341797,20.704999923706055,20.399999618530273,20.6200008392334,60296000,0.30500030517578125,0.4165002277919224
2018-01-05,20.999000549316406,21.00200080871582,20.55900001525879,20.725000381469727,70332000,0.44300079345703125,0.4092859540666853
2018-01-08,21.204999923706055,21.25,20.8439998626709,21.00200080871582,55802000,0.40600013732910156,0.41385746002197266
2018-01-09,20.930999755859375,21.29800033569336,20.858999252319336,21.211000442504883,61259000,0.43900108337402344,0.42557171412876676
2018-01-10,21.25200080871582,21.36400032043457,20.69099998474121,20.756999969482422,59515000,0.6730003356933594,0.4411431721278599
2018-01-11,21.724000930786133,21.774999618530273,21.334999084472656,21.429000854492188,76595000,0.4400005340576172,0.44507176535470144
2018-01-12,22.12299919128418,22.2549991607666,21.600000381469727,21.718000411987305,81994000,0.654998779296875,0.4677859715053013
2018-01-16,22.152999877929688,22.60700035095215,21.719999313354492,22.423999786376953,135161000,0.8870010375976562,0.5015004021780831
2018-01-17,21.75,22.114999771118164,21.631999969482422,22.100000381469727,91231000,0.4829998016357422,0.5107146671840123
2018-01-18,22.033000946044922,22.058000564575195,21.655000686645508,22.034000396728516,82253000,0.4029998779296875,0.5189289365495954
2018-01-19,22.04599952697754,22.349000930786133,21.850000381469727,22.274999618530273,105486000,0.49900054931640625,0.5000004087175641
2018-01-22,22.757999420166016,22.77899932861328,22.1200008392334,22.200000762939453,177033000,0.6589984893798828,0.5275716781616211
2018-01-23,25.02899932861328,25.770999908447266,24.802000045776367,25.5049991607666,277053000,0.9689998626708984,0.552285875592913
2018-01-24,26.1299991607666,26.17099952697754,24.930999755859375,25.08799934387207,173524000,1.239999771118164,0.6072143827165876
2018-01-25,26.969999313354492,27.229999542236328,26.023000717163086,26.299999237060547,153364000,1.2069988250732422,0.6716428484235492
2018-01-26,27.459999084472656,27.459999084472656,26.875999450683594,27.14900016784668,110218000,0.5839996337890625,0.6817141941615513
2018-01-29,28.458999633789062,28.680999755859375,27.392000198364258,27.420000076293945,175297000,1.2889995574951172,0.7447855813162667
2018-01-30,27.8799991607666,28.273000717163086,27.270000457763672,27.700000762939453,124829000,1.003000259399414,0.7850712367466518
2018-01-31,27.030000686645508,28.229000091552734,26.95800018310547,28.194000244140625,116951000,1.2709999084472656,0.8277854919433594
2018-02-01,26.506999969482422,27.19499969482422,26.33799934387207,26.641000747680664,96690000,0.8570003509521484,0.8575711931501117
2018-02-02,26.743000030517578,27.062000274658203,26.270999908447266,26.299999237060547,91236000,0.7910003662109375,0.8672855922154018
2018-02-05,25.426000595092773,26.790000915527344,25.003000259399414,26.200000762939453,118961000,1.7870006561279297,0.9315712792532784
2018-02-06,26.57200050354004,26.670000076293945,24.5,24.770000457763672,125958000,2.1700000762939453,1.0520712988717216
2018-02-07,26.45599937438965,27.2450008392334,26.433000564575195,26.658000946044922,89815000,0.8120002746582031,1.0812856129237585
2018-02-08,25.010000228881836,26.761999130249023,25.0,26.70800018310547,93067000,1.7619991302490234,1.171499797276088
2018-02-09,24.94700050354004,25.579999923706055,23.611000061035156,25.385000228881836,169069000,1.9689998626708984,1.2650713239397322
2018-02-12,25.795000076293945,25.915000915527344,24.899999618530273,25.214000701904297,85349000,1.0150012969970703,1.2683571406773158
2018-02-13,25.82699966430664,26.141000747680664,25.469999313354492,25.729000091552734,68552000,0.6710014343261719,1.2277144023350306
2018-02-14,26.600000381469727,26.988000869750977,26.033000946044922,26.047000885009766,109720000,0.9549999237060547,1.209714480808803
2018-02-15,28.027000427246094,28.049999237060547,26.76300048828125,27.003000259399414,107597000,1.2869987487792969,1.2599287033081055
2018-02-16,27.851999282836914,28.195999145507812,27.569000244140625,27.87299919128418,83124000,0.6269989013671875,1.2126429421561105
2018-02-20,27.854999542236328,28.58099937438965,27.660999298095703,27.77400016784668,77690000,0.9200000762939453,1.206714357648577
2018-02-21,28.104000091552734,28.663999557495117,28.000999450683594,28.207000732421875,93711000,0.6630001068115234,1.163285800388881
2018-02-22,27.81399917602539,28.450000762939453,27.44499969482422,28.38800048828125,88915000,1.0050010681152344,1.1738572801862444
2018-02-23,28.593000411987305,28.600000381469727,27.7810001373291,28.100000381469727,73018000,0.819000244140625,1.1758572714669364
2018-02-26,29.416000366210938,29.565000534057617,28.701000213623047,28.875,102686000,0.8640003204345703,1.1099286760602678
2018-02-27,29.06100082397461,29.736000061035156,29.05900001525879,29.476999282836914,94165000,0.6770000457763672,1.0032858167375838
2018-02-28,29.13800048828125,29.575000762939453,29.077999114990234,29.309999465942383,76535000,0.49700164794921875,0.9807859148297992
2018-03-01,29.038999557495117,29.524999618530273,28.382999420166016,29.274999618530273,119321000,1.1420001983642578,0.9365002768380302
2018-03-02,30.104999542236328,30.118000030517578,28.322999954223633,28.46500015258789,133453000,1.7950000762939453,0.9240717206682477
2018-03-05,31.5,31.69099998474121,29.760000228881836,30.28499984741211,189861000,1.930999755859375,0.9895001820155552
2018-03-06,32.52199935913086,32.57899856567383,31.649999618530273,31.988000869750977,185258000,0.9289989471435547,1.0079285757882255
2018-03-07,32.11600112915039,32.374000549316406,31.454999923706055,32.0,171322000,0.9190006256103516,1.0053571973528181
2018-03-08,31.700000762939453,32.29199981689453,31.413000106811523,32.220001220703125,113401000,0.8789997100830078,0.9762144088745117
2018-03-09,33.14400100708008,33.14400100708008,32.02299880981445,32.132999420166016,145002000,1.121002197265625,1.011500358581543
2018-03-12,32.130001068115234,33.39799880981445,31.860000610351562,33.35599899291992,203692000,1.5379981994628906,1.055643081665039
2018-03-13,31.58799934387207,32.58399963378906,31.327999114990234,32.387001037597656,129172000,1.2560005187988281,1.0980002539498466
2018-03-14,32.154998779296875,32.38800048828125,31.770000457763672,31.81599998474121,104751000,0.6180000305175781,1.070357322692871
2018-03-15,32.10900115966797,32.34000015258789,31.81399917602539,32.31700134277344,56429000,0.5260009765625,1.0494288035801478
2018-03-16,31.844999313354492,32.4109992980957,31.836999893188477,32.141998291015625,73337000,0.5739994049072266,1.0287144524710519
2018-03-19,31.347999572753906,31.700000762939453,30.733999252319336,31.579999923706055,99252000,0.9660015106201172,1.0493574142456055
2018-03-20,31.75,31.950000762939453,31.280000686645508,31.326000213623047,59919000,0.6700000762939453,1.0617144448416573
2018-03-21,31.648000717163086,31.940000534057617,31.451000213623047,31.635000228881836,52639000,0.4890003204345703,1.0150715964181083
2018-03-22,30.670000076293945,31.41200065612793,30.56599998474121,31.30699920654297,80633000,0.8460006713867188,0.9472859246390206
2018-03-23,30.0939998626709,30.937000274658203,30.035999298095703,30.740999221801758,95299000,0.9010009765625,0.8737145832606724
2018-03-26,32.03499984741211,32.10300064086914,30.200000762939453,30.93600082397461,119883000,1.9029998779296875,0.9432860783168248
2018-03-27,30.069000244140625,32.290000915527344,29.700000762939453,32.249000549316406,120686000,2.5900001525878906,1.062643187386649
2018-03-28,28.57699966430664,29.8799991607666,28.160999298095703,29.839000701904297,189729000,1.7189998626708984,1.122643198285784
2018-03-29,29.53499984741211,29.53499984741211,27.59000015258789,28.700000762939453,191455000,1.9449996948242188,1.1815001623971122
2018-04-02,28.02899932861328,29.28700065612793,27.5049991607666,29.194000244140625,134058000,1.7820014953613281,1.1989289692470007
2018-04-03,28.367000579833984,29.125,27.801000595092773,28.545000076293945,126949000,1.3239994049072266,1.2037860325404577
2018-04-04,28.893999099731445,29.0310001373291,27.121999740600586,27.363000869750977,129140000,1.9090003967285156,1.2960003444126673
2018-04-05,29.39699935913086,29.916000366210938,28.910999298095703,29.315000534057617,106552000,1.0050010681152344,1.3302146366664342
2018-04-06,28.885000228881836,29.885000228881836,28.565000534057617,28.90999984741211,114448000,1.3199996948242188,1.383500371660505
2018-04-09,28.993000030517578,29.954999923706055,28.91200065612793,29.177000045776367,98536000,1.042999267578125,1.3890002114432198
2018-04-10,29.80699920654297,29.895000457763672,29.16900062561035,29.76799964904785,106605000,0.7259998321533203,1.3930001940046037
2018-04-11,30.367000579833984,31.163999557495117,30.18199920654297,30.288000106811523,148774000,0.9820003509521484,1.4282144818987166
2018-04-12,30.924999237060547,31.113000869750977,30.674999237060547,30.972000122070312,102494000,0.4380016326904297,1.3990716934204102
2018-04-13,31.165000915527344,31.749000549316406,30.822999954223633,31.729000091552734,120466000,0.9260005950927734,1.400857380458287
2018-04-16,30.777999877929688,31.610000610351562,30.399999618530273,31.599000930786133,203079000,1.210000991821289,1.3513574600219727
2018-04-17,33.60599899291992,33.86199951171875,32.37699890136719,32.965999603271484,338665000,1.4850006103515625,1.2724289212908064
2018-04-18,33.45199966430664,33.88199996948242,33.11000061035156,33.630001068115234,112211000,0.7719993591308594,1.2047860281808036
2018-04-19,33.27000045776367,33.53099822998047,32.676998138427734,33.28799819946289,84388000,0.8540000915527344,1.1268574850899833
2018-04-20,32.777000427246094,33.6510009765625,32.599998474121094,33.22200012207031,91587000,1.0510025024414062,1.074643271309989
2018-04-23,31.868999481201172,33.12200164794922,31.70800018310547,32.915000915527344,89680000,1.41400146484375,1.0810719898768835
2018-04-24,30.70199966430664,32.025001525878906,30.231000900268555,31.922000885009766,138932000,1.7940006256103516,1.0728577205113001
2018-04-25,30.576000213623047,30.99799919128418,29.261999130249023,30.636999130249023,149197000,1.7360000610351562,1.1250719342912947
2018-04-26,31.398000717163086,31.663000106811523,30.558000564575195,31.0,92667000,1.1049995422363281,1.1097147805350167
2018-04-27,31.176000595092773,31.7450008392334,30.649999618530273,31.625,70744000,1.095001220703125,1.1134292057582311
2018-04-30,31.246000289916992,31.788000106811523,31.011999130249023,31.10700035095215,60888000,0.7760009765625,1.1170007160731725
2018-05-01,31.329999923706055,31.347999572753906,30.66900062561035,31.035999298095703,60366000,0.6789989471435547,1.0953577586582728
2018-05-02,31.336000442504883,31.709999084472656,31.040000915527344,31.165000915527344,56971000,0.6699981689453125,1.111928939819336
2018-05-03,31.16900062561035,31.259000778198242,30.572999954223633,31.259000778198242,61358000,0.6860008239746094,1.0947860990251814
2018-05-04,32.00899887084961,32.097999572753906,30.767000198364258,30.871000289916992,82095000,1.3309993743896484,1.103428840637207
2018-05-07,32.625999450683594,32.902000427246094,31.93400001525879,32.19900131225586,71178000,0.9680004119873047,1.06650025503976
2018-05-08,32.68899917602539,32.73500061035156,32.30500030517578,32.59000015258789,47357000,0.43000030517578125,1.042071751185826
2018-05-09,33.029998779296875,33.19499969482422,32.750999450683594,32.87900161743164,56334000,0.444000244140625,1.0127860477992467
2018-05-10,32.959999084472656,33.20600128173828,32.73400115966797,33.150001525878906,53023000,0.4720001220703125,0.9714287349155971
2018-05-11,32.645999908447266,33.125999450683594,32.48699951171875,32.96500015258789,45897000,0.6389999389648438,0.9160714830671038
2018-05-14,32.85300064086914,33.04999923706055,32.70399856567383,32.724998474121094,40898000,0.34600067138671875,0.8126429149082729
2018-05-15,32.612998962402344,32.694000244140625,32.24300003051758,32.59400177001953,47461000,0.4510002136230469,0.7208572115216937
2018-05-16,32.819000244140625,32.97200012207031,32.513999938964844,32.62799835205078,36717000,0.45800018310546875,0.6746429715837751
2018-05-17,32.52199935913086,33.04499816894531,32.31700134277344,32.75299835205078,49357000,0.727996826171875,0.6484283719744001
2018-05-18,32.417999267578125,32.641998291015625,32.279998779296875,32.4900016784668,35777000,0.36199951171875,0.6188568387712751
2018-05-21,33.18199920654297,33.1879997253418,32.54499816894531,32.71099853515625,66573000,0.6430015563964844,0.6162855965750558
2018-05-22,33.1619987487793,33.66299819946289,33.1150016784668,33.404998779296875,59644000,0.5479965209960938,0.6075711931501117
2018-05-23,34.47200012207031,34.5,32.808998107910156,32.90399932861328,100491000,1.6910018920898438,0.6793569837297712
2018-05-24,34.92900085449219,35.400001525878906,34.11199951171875,34.433998107910156,147586000,1.2880020141601562,0.6762857437133789
2018-05-25,35.12900161743164,35.43600082397461,34.882999420166016,34.9900016784668,78174000,0.5530014038085938,0.6466429574148995
2018-05-29,34.972999572753906,35.61000061035156,34.67100143432617,35.150001525878906,97179000,0.9389991760253906,0.683000019618443
2018-05-30,35.354000091552734,35.400001525878906,34.92599868774414,35.23699951171875,56855000,0.4740028381347656,0.685143062046596
2018-05-31,35.15999984741211,35.553001403808594,35.020999908447266,35.380001068115234,69217000,0.5320014953613281,0.6894288744245257
2018-06-01,35.99300003051758,35.999000549316406,35.28200149536133,35.38800048828125,71123000,0.7169990539550781,0.695000239780971
2018-06-04,36.180999755859375,36.29999923706055,35.55099868774414,36.268001556396484,76820000,0.7490005493164062,0.7237859453473773
2018-06-05,36.58000183105469,36.983001708984375,36.14099884033203,36.332000732421875,83580000,0.8420028686523438,0.7517147064208984
2018-06-06,36.744998931884766,36.96799850463867,36.33300018310547,36.77799987792969,77123000,0.6349983215332031,0.764357430594308
2018-06-07,36.13999938964844,36.869998931884766,35.779998779296875,36.854000091552734,82780000,1.0900001525878906,0.7902148110525948
2018-06-08,36.05699920654297,36.23899841308594,35.625,35.805999755859375,52257000,0.6139984130859375,0.8082147325788226
2018-06-11,36.14500045776367,36.56700134277344,36.090999603271484,36.1879997253418,44324000,0.4760017395019531,0.7962861742292132
2018-06-12,36.382999420166016,36.597999572753906,36.20000076293945,36.36000061035156,42910000,0.3979988098144531,0.7855720520019531
2018-06-13,37.99300003051758,38.42499923706055,36.4109992980957,36.75299835205078,182228000,2.0139999389648438,0.8086433410644531
2018-06-14,39.2869987487793,39.50299835205078,38.32500076293945,38.426998138427734,145983000,1.1779975891113281,0.800785882132394
2018-06-15,39.198001861572266,39.88600158691406,38.750999450683594,39.07099914550781,135881000,1.1350021362304688,0.8423573630196708
2018-06-18,39.040000915527344,39.316001892089844,38.650001525878906,38.77199935913086,68248000,0.6660003662109375,0.8228574480329242
2018-06-19,40.49800109863281,40.52899932861328,38.849998474121094,38.95000076293945,166971000,1.6790008544921875,0.9089287349155971
2018-06-20,41.67599868774414,41.946998596191406,40.959999084472656,41.51499938964844,164946000,0.98699951171875,0.9414285932268415
2018-06-21,41.54399871826172,42.32099914550781,40.637001037597656,42.13800048828125,183899000,1.6839981079101562,1.0104999542236328
2018-06-22,41.10900115966797,42.04999923706055,40.96500015258789,41.99800109863281,104286000,1.0849990844726562,1.0344998495919364
2018-06-25,38.448001861572266,40.5989990234375,37.875,40.46900177001953,224909000,2.7239990234375,1.1689281463623047
2018-06-26,39.93899917602539,40.47800064086914,38.904998779296875,39.327999114990234,151912000,1.5730018615722656,1.2359283992222376
2018-06-27,39.03900146484375,41.159000396728516,39.0,40.75600051879883,165414000,2.1590003967285156,1.3122855595179967
2018-06-28,39.54199981689453,39.689998626708984,38.709999084472656,39.5,122199000,0.9799995422363281,1.3384284973144531
2018-06-29,39.143001556396484,40.132999420166016,39.05500030517578,39.91899871826172,92525000,1.0779991149902344,1.3814283098493303
2018-07-02,39.81800079345703,39.8380012512207,38.0,38.54499816894531,81425000,1.8380012512207031,1.484285627092634
2018-07-03,39.051998138427734,39.99800109863281,38.95000076293945,39.94900131225586,52803000,1.0480003356933594,1.415285655430385
2018-07-05,39.8390007019043,39.92399978637695,39.08599853515625,39.380001068115234,84489000,0.8380012512207031,1.391000202723912
2018-07-06,40.82500076293945,40.8650016784668,39.551998138427734,39.744998931884766,86296000,1.3130035400390625,1.40371458871024
2018-07-09,41.89699935913086,41.9119987487793,41.11000061035156,41.595001220703125,111275000,0.8019981384277344,1.413428715297154
2018-07-10,41.5629997253418,41.944000244140625,41.30799865722656,41.7239990234375,93829000,0.6360015869140625,1.3389287676130022
2018-07-11,41.8650016784668,41.97700119018555,41.060001373291016,41.13399887084961,97139000,0.9169998168945312,1.3339287894112724
2018-07-12,41.349998474121094,41.67900085449219,40.779998779296875,41.51599884033203,127433000,0.8990020751953125,1.2778576442173548
2018-07-13,39.58000183105469,41.0,39.507999420166016,40.91899871826172,157190000,1.4920005798339844,1.3069291796003069
2018-07-16,40.04800033569336,40.33599853515625,39.17499923706055,39.89799880981445,229600000,1.1609992980957031,1.1952863420758928
2018-07-17,37.948001861572266,38.5,34.400001525878906,34.69499969482422,584104000,4.099998474121094,1.3757861001150948
2018-07-18,37.51300048828125,38.3129997253418,37.236000061035156,38.124000549316406,217463000,1.0769996643066406,1.2985003335135323
2018-07-19,36.42300033569336,37.57500076293945,36.29999923706055,37.10599899291992,168787000,1.2750015258789062,1.3195719037737166
2018-07-20,36.10499954223633,37.04999923706055,36.013999938964844,36.492000579833984,150967000,1.0359992980957031,1.3165719168526786
2018-07-23,36.26599884033203,36.38999938964844,35.36000061035156,35.915000915527344,115052000,1.029998779296875,1.2588574545724052
2018-07-24,35.731998443603516,36.7400016784668,35.45600128173828,36.694000244140625,128515000,1.2840003967285156,1.275714601789202
2018-07-25,36.2869987487793,36.327999114990234,35.564998626708984,35.75699996948242,84678000,0.76300048828125,1.270357404436384
2018-07-26,36.308998107910156,36.55400085449219,35.66299819946289,35.819000244140625,69937000,0.8910026550292969,1.2402144840785436
2018-07-27,35.520999908447266,36.70000076293945,35.165000915527344,36.685001373291016,89495000,1.5349998474121094,1.292571749005999
2018-07-30,33.49599838256836,35.202999114990234,33.402000427246094,35.19300079345703,182607000,1.8009986877441406,1.3757858276367188
2018-07-31,33.744998931884766,34.25,32.79999923706055,33.1510009765625,140854000,1.4500007629394531,1.4138573237827845
2018-08-01,33.8380012512207,34.441001892089844,33.402000427246094,33.58700180053711,77905000,1.03900146484375,1.4238572801862444
2018-08-02,34.45000076293945,34.5,33.47100067138672,33.722999572753906,71313000,1.0289993286132812,1.3907857622419084
2018-08-03,34.308998107910156,34.7859992980957,33.847999572753906,34.775001525878906,88484000,0.9379997253417969,1.3748572213309151
2018-08-06,35.09199905395508,35.198001861572266,34.17399978637695,34.2869987487793,81981000,1.0240020751953125,1.1551431928362166
2018-08-07,35.18299865722656,35.73099899291992,34.9010009765625,35.323001861572266,79709000,0.8299980163574219,1.137500217982701
2018-08-08,34.76100158691406,35.229000091552734,34.6609992980957,35.22100067138672,53947000,0.5680007934570312,1.0870001656668526
2018-08-09,34.93600082397461,35.24399948120117,34.582000732421875,34.79600143432617,48203000,0.6619987487792969,1.0602858407156808
2018-08-10,34.58700180053711,34.90999984741211,34.44200134277344,34.691001892089844,43284000,0.4679985046386719,1.0201429639543806
2018-08-13,34.13100051879883,34.71900177001953,33.90700149536133,33.98899841308594,68889000,0.8120002746582031,0.9864286695207868
2018-08-14,33.749000549316406,34.24100112915039,33.625,34.20899963378906,58052000,0.6160011291503906,0.975928715297154
2018-08-15,32.63999938964844,33.54999923706055,32.099998474121094,33.40299987792969,117845000,1.4500007629394531,1.015857151576451
2018-08-16,32.24399948120117,33.117000579833984,32.12099838256836,32.9900016784668,66897000,0.996002197265625,0.9773573194231305
2018-08-17,31.67799949645996,32.4370002746582,31.29599952697754,31.900999069213867,104079000,1.141000747680664,0.9302146094185966
2018-08-20,32.77299880981445,33.15999984741211,31.093000411987305,31.464000701904297,135911000,2.0669994354248047,0.9742859431675502
2018-08-21,33.801998138427734,34.150001525878906,32.970001220703125,33.099998474121094,147832000,1.1800003051757812,0.9843572889055524
2018-08-22,34.444000244140625,34.62099838256836,33.74100112915039,33.8489990234375,89307000,0.8799972534179688,0.9737142835344587
2018-08-23,33.91699981689453,35.007999420166016,33.76499938964844,34.81100082397461,113364000,1.2430000305175781,0.995500019618443
2018-08-24,35.88199996948242,35.915000915527344,34.45399856567383,34.599998474121094,147291000,1.4610023498535156,1.0267143249511719
2018-08-27,36.45800018310547,37.44900131225586,36.0,36.71500015258789,174273000,1.4490013122558594,1.0709288460867745
2018-08-28,36.8489990234375,36.999000549316406,36.03799819946289,36.722999572753906,92226000,0.9610023498535156,1.0990003858293806
2018-08-29,36.80400085449219,36.986000061035156,36.29100036621094,36.720001220703125,81187000,0.6949996948242188,1.1013575962611608
2018-08-30,37.097999572753906,37.680999755859375,36.354000091552734,36.5,109810000,1.3269996643066406,1.1627148219517298
2018-08-31,36.768001556396484,37.599998474121094,36.70800018310547,37.066001892089844,79434000,0.891998291015625,1.16842896597726
2018-09-04,36.36000061035156,36.88800048828125,36.125999450683594,36.64699935913086,76052000,0.7620010375976562,1.1788575308663505
2018-09-05,34.11800003051758,36.3390007019043,33.58300018310547,36.0,130928000,2.756000518798828,1.2721432277134486
2018-09-06,34.645999908447266,35.599998474121094,34.19900131225586,34.74399948120117,130502000,1.4009971618652344,1.3010714394705636
2018-09-07,34.86800003051758,35.57500076293945,34.125,34.220001220703125,91058000,1.4500007629394531,1.3231428691319056
2018-09-10,34.840999603271484,35.25,34.30799865722656,35.22700119018555,57522000,0.9420013427734375,1.242785862513951
2018-09-11,35.59299850463867,35.6150016784668,34.38999938964844,34.46699905395508,61981000,1.2250022888183594,1.2460002899169922
2018-09-12,36.994998931884766,37.042999267578125,35.624000549316406,35.90800094604492,104808000,1.4189987182617188,1.2845003945486886
2018-09-13,36.814998626708984,37.409000396728516,36.683998107910156,37.191001892089844,83661000,0.7250022888183594,1.2475005558558874
2018-09-14,36.45600128173828,37.10900115966797,36.34600067138672,36.85499954223633,47564000,0.76300048828125,1.1976432800292969
2018-09-17,35.03499984741211,36.733001708984375,34.957000732421875,36.422000885009766,70719000,1.7760009765625,1.2210003989083427
2018-09-18,36.76499938964844,36.814998626708984,35.15599822998047,35.367000579833984,104140000,1.6590003967285156,1.2708574022565569
2018-09-19,36.69599914550781,37.76100158691406,35.91699981689453,37.39500045776367,118768000,1.8440017700195312,1.352928979056222
2018-09-20,36.5359992980957,37.0260009765625,36.31700134277344,37.0260009765625,67681000,0.7089996337890625,1.308786119733538
2018-09-21,36.11899948120117,37.22200012207031,36.07400131225586,36.659000396728516,119306000,1.1479988098144531,1.3270718710763114
2018-09-24,36.96099853515625,37.36399841308594,35.43299865722656,35.900001525878906,93225000,1.930999755859375,1.410571779523577
2018-09-25,36.94300079345703,37.13399887084961,36.44900131225586,37.02299880981445,67998000,0.68499755859375,1.2626429966517858
2018-09-26,37.78799819946289,38.20000076293945,37.0880012512207,37.35900115966797,137997000,1.11199951171875,1.2420003073556083
2018-09-27,38.07099914550781,38.31999969482422,37.599998474121094,37.98699951171875,73262000,0.720001220703125,1.1898574829101562
2018-09-28,37.41299819946289,38.08000183105469,37.37300109863281,37.92399978637695,71149000,0.707000732421875,1.1730717250279017
2018-10-01,38.143001556396484,38.611000061035156,37.558998107910156,37.584999084472656,83766000,1.052001953125,1.160714558192662
2018-10-02,37.7140007019043,38.68000030517578,37.382999420166016,38.4379997253418,86387000,1.2970008850097656,1.1520004272460938
2018-10-03,37.70500183105469,38.09299850463867,37.487998962402344,37.85300064086914,57986000,0.6049995422363281,1.1434288024902344
2018-10-04,36.3650016784668,37.59199905395508,36.040000915527344,37.5880012512207,90744000,1.5519981384277344,1.1997857775006975
2018-10-05,35.1349983215332,36.349998474121094,34.29999923706055,35.97700119018555,135230000,2.049999237060547,1.2193570818219865
2018-10-08,34.90999984741211,35.29499816894531,33.81100082397461,34.518001556396484,123755000,1.4839973449707031,1.2068568638392858
2018-10-09,35.57099914550781,35.87200164794922,34.70899963378906,34.847999572753906,87550000,1.1630020141601562,1.1582140241350447
2018-10-10,32.5890007019043,35.51499938964844,32.53900146484375,35.35200119018555,171831000,2.9759979248046875,1.3201424734933036
2018-10-11,32.11000061035156,33.41999816894531,31.58099937438965,32.49399948120117,160821000,1.838998794555664,1.369499615260533
2018-10-12,33.95600128173828,34.130001068115234,32.88999938964844,33.957000732421875,148708000,1.2400016784667969,1.3201426097324915
2018-10-15,33.3129997253418,33.92100143432617,32.69300079345703,33.76300048828125,112150000,1.2280006408691406,1.3589285441807337
2018-10-16,34.63999938964844,34.79499816894531,33.055999755859375,33.7239990234375,201564000,1.7389984130859375,1.4037141799926758
2018-10-17,36.470001220703125,38.0,35.650001525878906,37.83300018310547,326109000,2.3499984741210938,1.5201425552368164
2018-10-18,34.67100143432617,36.220001220703125,34.60499954223633,36.06700134277344,184610000,1.6150016784667969,1.5849997656685966
2018-10-19,33.266998291015625,35.58000183105469,33.220001220703125,35.099998474121094,167172000,2.3600006103515625,1.6784282411847795
2018-10-22,32.95399856567383,33.58000183105469,32.034000396728516,33.310001373291016,170972000,1.5460014343261719,1.69621399470738
2018-10-23,33.316001892089844,33.65800094604492,31.677000045776367,31.799999237060547,149073000,1.9810009002685547,1.7944998059953963
2018-10-24,30.183000564575195,33.29999923706055,30.072999954223633,33.22800064086914,190393000,3.226999282836914,1.9141427448817663
2018-10-25,31.28700065612793,31.993999481201172,30.524999618530273,30.711999893188477,133469000,1.4689998626708984,1.8726427895682198
2018-10-26,29.982999801635742,31.39900016784668,29.229999542236328,30.051000595092773,196160000,2.1690006256103516,1.9215715953281947
2018-10-29,28.483999252319336,30.788999557495117,27.540000915527344,30.525999069213867,216988000,3.2489986419677734,2.0705713544573103
2018-10-30,28.58099937438965,29.052000045776367,27.121000289916992,27.55699920654297,236857000,1.930999755859375,1.9959286281040736
2018-10-31,30.17799949645996,31.149999618530273,29.5049991607666,29.777000427246094,203603000,1.6450004577636719,1.9820716040475028
2018-11-01,31.738000869750977,31.844999313354492,29.66699981689453,30.458999633789062,151215000,2.177999496459961,2.0490714481898715
2018-11-02,30.90999984741211,32.1879997253418,30.83300018310547,31.799999237060547,134046000,1.3549995422363281,2.0581427982875278
2018-11-05,31.54400062561035,31.753000259399414,30.374000549316406,31.110000610351562,102830000,1.3789997100830078,2.03242860521589
2018-11-06,31.083999633789062,32.02199935913086,30.530000686645508,31.47599983215332,97104000,1.4919986724853516,1.9711429050990514
2018-11-07,32.75,32.85599899291992,31.100000381469727,31.290000915527344,133283000,1.7559986114501953,1.9812141145978654
2018-11-08,31.79199981689453,33.20500183105469,31.660999298095703,32.79999923706055,110239000,1.5440025329589844,1.9229285376412528
2018-11-09,30.347000122070312,31.29800033569336,29.801000595092773,31.10700035095215,134808000,1.496999740600586,1.9194284166608537
2018-11-12,29.406999588012695,30.249000549316406,29.062999725341797,30.0,109248000,1.1860008239746094,1.862642696925572
2018-11-13,29.440000534057617,30.354999542236328,28.90999984741211,29.5,122322000,1.4449996948242188,1.7353570120675224
2018-11-14,28.67300033569336,30.18400001525879,27.829999923706055,30.040000915527344,168536000,2.3540000915527344,1.7985713141305106
2018-11-15,29.006000518798828,29.25,28.215999603271484,28.551000595092773,99671000,1.0340003967285156,1.7174998692103796
2018-11-16,28.621000289916992,29.172000885009766,28.100000381469727,28.714000701904297,90995000,1.072000503540039,1.562000002179827
2018-11-19,27.059999465942383,28.509000778198242,26.915000915527344,28.378999710083008,129938000,1.5939998626708984,1.537928581237793
2018-11-20,26.697999954223633,27.634000778198242,25.0,25.46299934387207,166938000,2.634000778198242,1.6085714612688338
2018-11-21,26.21299934387207,27.534000396728516,26.150999069213867,27.441999435424805,110230000,1.3830013275146484,1.55178587777274
2018-11-23,25.881999969482422,26.549999237060547,25.68400001525879,26.01099967956543,52451000,0.8659992218017578,1.516857283455985
2018-11-26,26.14299964904785,26.625,25.3799991607666,26.05500030517578,124986000,1.2450008392333984,1.5072859355381556
2018-11-27,26.663000106811523,26.908000946044922,25.61400032043457,25.923999786376953,111495000,1.2940006256103516,1.4931432179042272
2018-11-28,28.264999389648438,28.399999618530273,26.333999633789062,27.197999954223633,148013000,2.065999984741211,1.5152861731392997
2018-11-29,28.875,29.048999786376953,27.549999237060547,28.23200035095215,154315000,1.4990005493164062,1.5120717457362585
2018-11-30,28.613000869750977,29.08099937438965,28.305999755859375,28.799999237060547,118601000,0.7749996185302734,1.4605003084455217
2018-12-03,29.030000686645508,29.871999740600586,28.45800018310547,29.319000244140625,141174000,1.4139995574951172,1.4767859322684151
2018-12-04,27.533000946044922,29.573999404907227,27.472000122070312,28.812999725341797,128006000,2.101999282836914,1.523714474269322
2018-12-06,28.288000106811523,28.32200050354004,26.714000701904297,26.83300018310547,130743000,1.6079998016357422,1.470428739275251
2018-12-07,26.513999938964844,28.42099952697754,26.33799934387207,28.24799919128418,124667000,2.0830001831054688,1.5453572954450334
2018-12-10,26.969999313354492,27.118000030517578,26.06100082397461,26.41900062561035,96056000,1.0569992065429688,1.544285774230957
2018-12-11,26.531999588012695,27.450000762939453,26.275999069213867,27.408000946044922,98432000,1.174001693725586,1.5142859050205775
2018-12-12,27.488000869750977,28.177000045776367,26.648000717163086,26.766000747680664,114567000,1.5289993286132812,1.4353572300502233
2018-12-13,27.601999282836914,27.93199920654297,27.184999465942383,27.763999938964844,83793000,0.7469997406005859,1.3899285452706474
2018-12-14,26.68400001525879,27.767000198364258,26.5,27.180999755859375,99153000,1.2670001983642578,1.4185714721679688
2018-12-17,26.280000686645508,27.29800033569336,26.107999801635742,26.650999069213867,96347000,1.1900005340576172,1.4146428789411272
2018-12-18,27.0939998626709,27.575000762939453,26.32900047302246,26.329999923706055,103501000,1.2460002899169922,1.4112142835344588
2018-12-19,26.677000045776367,28.086999893188477,26.37700080871582,26.996000289916992,137884000,1.7099990844726562,1.3857856478009904
2018-12-20,26.058000564575195,26.989999771118164,25.187999725341797,26.464000701904297,167929000,1.8020000457763672,1.407428468976702
2018-12-21,24.638999938964844,26.450000762939453,24.128999710083008,26.382999420166016,213976000,2.3210010528564453,1.5178571428571428
2018-12-24,23.38800048828125,25.065000534057617,23.368000030517578,24.200000762939453,95476000,1.697000503540039,1.5380714961460658
2018-12-26,25.367000579833984,25.450000762939453,23.12299919128418,23.392000198364258,144027000,2.3270015716552734,1.5541430882045202
2018-12-27,25.55699920654297,25.55900001525879,24.010000228881836,25.01099967956543,122352000,1.5489997863769531,1.549928801400321
2018-12-28,25.607999801635742,26.19099998474121,24.979999542236328,25.79400062561035,109928000,1.2110004425048828,1.487643105643136
2018-12-31,26.766000747680664,27.010000228881836,26.0,26.016000747680664,135089000,1.010000228881836,1.4842860358101981
2019-01-02,26.766000747680664,26.975000381469727,25.658000946044922,25.92799949645996,116795000,1.3169994354248047,1.4945001602172852
2019-01-03,27.1200008392334,27.57900047302246,26.44300079345703,27.020000457763672,149696000,1.1359996795654297,1.4664287567138672
2019-01-04,29.756999969482422,29.780000686645508,27.854000091552734,28.187999725341797,193301000,1.9260005950927734,1.5506431034633092
2019-01-07,31.534000396728516,31.68000030517578,30.165000915527344,30.209999084472656,186201000,1.5149993896484375,1.568357331412179
2019-01-08,32.027000427246094,32.058998107910156,30.801000595092773,31.99799919128418,153592000,1.2579975128173828,1.5732142584664481
2019-01-09,31.996000289916992,32.334999084472656,31.350000381469727,31.770999908447266,133432000,0.9849987030029297,1.5545712879725866
2019-01-10,32.465999603271484,32.5369987487793,31.25,31.457000732421875,134725000,1.2869987487792969,1.5243569782802038
2019-01-11,33.75899887084961,34.10900115966797,32.85200119018555,33.09600067138672,195004000,1.2569999694824219,1.4854284014020647
2019-01-14,33.29399871826172,33.54800033569336,32.91299819946289,33.42399978637695,104996000,0.6350021362304688,1.3649999073573522
2019-01-15,35.4640007019043,35.72200012207031,34.70000076293945,34.959999084472656,211812000,1.0219993591308594,1.3167855398995536
2019-01-16,35.138999938964844,35.8849983215332,34.81100082397461,35.400001525878906,153855000,1.0739974975585938,1.2272852488926478
2019-01-17,35.319000244140625,35.57899856567383,34.64099884033203,34.95000076293945,188712000,0.9379997253417969,1.1836423873901367
2019-01-18,33.90999984741211,35.29999923706055,33.67300033569336,35.196998596191406,266210000,1.6269989013671875,1.2133565630231584
2019-01-22,32.51599884033203,33.6879997253418,32.10300064086914,33.48899841308594,179414000,1.5849990844726562,1.2544279098510742
2019-01-23,32.19900131225586,33.17499923706055,31.860000610351562,32.82500076293945,134801000,1.3149986267089844,1.2542849949428014
2019-01-24,32.66699981689453,33.18000030517578,31.899999618530273,32.060001373291016,111316000,1.2800006866455078,1.2645707811628069
2019-01-25,33.80500030517578,34.0,32.85100173950195,32.87200164794922,111529000,1.1489982604980469,1.2090706144060408
2019-01-28,33.566001892089844,33.630001068115234,32.88800048828125,33.470001220703125,86521000,0.7420005798339844,1.1538564137050085
2019-01-29,32.88999938964844,33.821998596191406,32.814998626708984,33.58700180053711,76552000,1.0069999694824219,1.135928017752511
2019-01-30,34.066001892089844,34.178001403808594,33.08000183105469,33.275001525878906,92345000,1.0979995727539062,1.1439995084490096
2019-01-31,33.95000076293945,34.5989990234375,33.808998107910156,33.96799850463867,85355000,0.7900009155273438,1.1084996632167272
2019-02-01,33.98500061035156,34.683998107910156,33.650001525878906,33.71799850463867,98278000,1.03399658203125,1.0925708498273576
2019-02-04,35.13399887084961,35.20000076293945,34.130001068115234,34.2599983215332,90514000,1.0699996948242188,1.1236421040126257
2019-02-05,35.58100128173828,36.0,35.290000915527344,35.31999969482422,90466000,0.7099990844726562,1.101356370108468
2019-02-06,35.21900177001953,35.70399856567383,34.71900177001953,35.70000076293945,67177000,0.9849967956542969,1.094999177115304
2019-02-07,34.47100067138672,34.875,33.902000427246094,34.790000915527344,78645000,0.9729995727539062,1.097499166216169
2019-02-08,34.75699996948242,34.79999923706055,33.79999923706055,33.79999923706055,75614000,1.0,1.0527135304042272
2019-02-11,34.573001861572266,35.2869987487793,34.48099899291992,35.0,54549000,0.805999755859375,0.9970707212175641
2019-02-12,35.99700164794922,36.0,34.652000427246094,34.808998107910156,104294000,1.3479995727539062,0.9994279316493443
2019-02-13,35.176998138427734,35.959999084472656,35.02799987792969,35.72999954223633,105591000,0.9319992065429688,0.9745706830705915
2019-02-14,35.90700149536133,36.04499816894531,34.83300018310547,35.17499923706055,92953000,1.2119979858398438,0.9790706634521484
2019-02-15,35.6870002746582,36.439998626708984,35.54999923706055,35.84700012207031,92300000,0.8899993896484375,0.9896420070103237
2019-02-19,36.19200134277344,36.5,35.53200149536133,35.58000183105469,73966000,0.9679985046386719,0.986856188092913
2019-02-20,35.99100112915039,36.67100143432617,35.66999816894531,36.48500061035156,81107000,1.0010032653808594,0.9799278804234096
2019-02-21,35.696998596191406,36.28499984741211,35.38800048828125,36.00299835205078,62279000,0.8969993591308594,0.9875706263950893
2019-02-22,36.301998138427734,36.612998962402344,36.005001068115234,36.034000396728516,70882000,0.6079978942871094,0.9571421486990792
2019-02-25,36.39099884033203,37.14899826049805,36.37900161743164,36.70100021362305,75693000,0.7699966430664062,0.935713359287807
2019-02-26,36.49700164794922,36.56999969482422,35.93299865722656,36.29800033569336,49446000,0.6370010375976562,0.9304992130824498
2019-02-27,36.2869987487793,36.803001403808594,35.97999954223633,36.349998474121094,56299000,0.8230018615722656,0.9189281463623047
2019-02-28,35.810001373291016,36.638999938964844,35.770999908447266,36.24700164794922,61868000,0.8680000305175781,0.9114281790597099
2019-03-01,35.731998443603516,36.2869987487793,35.46900177001953,36.22600173950195,55265000,0.8179969787597656,0.8984279632568359
2019-03-04,35.104000091552734,36.224998474121094,34.80400085449219,35.97200012207031,74870000,1.4209976196289062,0.9423563820975167
2019-03-05,35.43000030517578,35.617000579833984,34.82500076293945,35.145999908447266,59378000,0.7919998168945312,0.9026421138218471
2019-03-06,35.96099853515625,35.987998962402344,35.16999816894531,35.36000061035156,62119000,0.8180007934570312,0.8944993700299945
2019-03-07,35.2599983215332,36.2859992980957,35.04999923706055,36.01599884033203,61513000,1.2360000610351562,0.8962138039725167
2019-03-08,34.959999084472656,34.992000579833984,34.24700164794922,34.57500076293945,68988000,0.7449989318847656,0.8858566284179688
2019-03-11,35.88600158691406,35.89799880981445,35.00299835205078,35.20000076293945,53873000,0.8950004577636719,0.8806424822126117
2019-03-12,35.62699890136719,36.01300048828125,35.380001068115234,35.9370002746582,51646000,0.6329994201660156,0.8543564932686942
2019-03-13,36.12099838256836,36.24800109863281,35.277000427246094,35.58100128173828,64441000,0.9710006713867188,0.8596423012869698
2019-03-14,35.88199996948242,36.38399887084961,35.810001373291016,36.04999923706055,52714000,0.5739974975585938,0.8572137015206474
2019-03-15,36.145999908447266,36.400001525878906,35.888999938964844,36.10200119018555,84445000,0.5110015869140625,0.8387140546526227
2019-03-18,36.34400177001953,37.09700012207031,36.18600082397461,36.24700164794922,71947000,0.9109992980957031,0.8582853589739118
2019-03-19,35.87799835205078,36.69599914550781,35.68000030517578,36.63999938964844,75414000,1.0159988403320312,0.8720708574567523
2019-03-20,37.52199935913086,37.59000015258789,35.70100021362305,35.89099884033203,109172000,1.8889999389648438,0.9449994223458427
2019-03-21,37.7869987487793,37.900001525878906,37.06100082397461,37.400001525878906,85440000,0.8390007019042969,0.9464996882847377
2019-03-22,36.10100173950195,37.643001556396484,36.00400161743164,37.595001220703125,86613000,1.6389999389648438,0.962071282523019
2019-03-25,36.62300109863281,36.70399856567383,35.74399948120117,35.900001525878906,84738000,0.9599990844726562,0.9740712302071708
2019-03-26,35.99700164794922,36.8380012512207,35.801998138427734,36.7869987487793,76665000,1.0360031127929688,0.989642824445452
2019-03-27,35.33700180053711,36.24700164794922,35.0369987487793,36.099998474121094,78524000,1.2100028991699219,0.987785884312221
2019-03-28,35.46099853515625,35.59400177001953,34.91999816894531,35.44900131225586,43610000,0.6740036010742188,0.9827147892543248
2019-03-29,35.65599822998047,35.82500076293945,35.37099838256836,35.715999603271484,47056000,0.45400238037109375,0.9512149265834263
2019-04-01,36.69599914550781,36.83300018310547,35.85100173950195,35.900001525878906,70361000,0.9819984436035156,0.9761434282575335
2019-04-02,36.77199935913086,36.84199905395508,36.22200012207031,36.625,51587000,0.6199989318847656,0.9510718754359654
2019-04-03,36.974998474121094,37.340999603271484,36.61899948120117,36.92599868774414,53689000,0.7220001220703125,0.9616434914725167
2019-04-04,36.78799819946289,37.20500183105469,36.2400016784668,37.00699996948242,46273000,0.9650001525878906,0.9940719604492188
2019-04-05,36.54899978637695,36.97999954223633,36.465999603271484,36.900001525878906,39055000,0.5139999389648438,0.965714863368443
2019-04-08,36.14099884033203,36.59400177001953,35.99300003051758,36.51100158691406,46538000,0.6010017395019531,0.9360722133091518
2019-04-09,36.47100067138672,36.67399978637695,35.900001525878906,36.05400085449219,54392000,0.7739982604980469,0.8564292362758091
2019-04-10,36.391998291015625,36.8849983215332,36.224998474121094,36.57899856567383,45456000,0.6599998474121094,0.8436434609549386
2019-04-11,36.76499938964844,37.012001037597656,36.08100128173828,36.5,65269000,0.930999755859375,0.793072019304548
2019-04-12,35.11399841308594,36.17499923706055,34.93600082397461,36.069000244140625,156462000,1.2389984130859375,0.8130005427769252
2019-04-15,34.887001037597656,35.22100067138672,34.22700119018555,35.07099914550781,88423000,0.9939994812011719,0.8100002833775112
2019-04-16,35.94599914550781,36.448001861572266,35.27199935913086,35.5,187402000,1.1760025024414062,0.8075716836111886
2019-04-17,35.4739990234375,36.875999450683594,35.060001373291016,36.505001068115234,180541000,1.8159980773925781,0.8891427176339286
2019-04-18,36.03499984741211,36.04100036621094,35.16400146484375,35.5,83532000,0.8769989013671875,0.9193567548479352
2019-04-22,37.73400115966797,37.76900100708008,35.900001525878906,35.970001220703125,119805000,1.8689994812011719,0.9827139718191964
2019-04-23,38.18899917602539,38.47999954223633,37.47100067138672,37.54499816894531,100898000,1.0089988708496094,1.0104996817452567
2019-04-24,37.42300033569336,38.189998626708984,37.32699966430664,38.106998443603516,65419000,0.8629989624023438,1.020571027483259
2019-04-25,36.83300018310547,37.47600173950195,36.56999969482422,37.44900131225586,62555000,0.9060020446777344,1.0163568769182478
2019-04-26,37.48500061035156,37.513999938964844,36.624000549316406,36.834999084472656,56219000,0.8899993896484375,1.0432139805385046
2019-04-29,37.18299865722656,37.45800018310547,36.9119987487793,37.36800003051758,38217000,0.5460014343261719,1.039285387311663
2019-04-30,37.05400085449219,37.45000076293945,36.834999084472656,36.95600128173828,38701000,0.6150016784667969,1.0279284885951452
2019-05-01,37.88100051879883,38.5989990234375,37.31700134277344,37.400001525878906,92573000,1.2819976806640625,1.072356905255999
2019-05-02,37.90599822998047,38.349998474121094,37.45100021362305,37.79999923706055,53982000,0.8989982604980469,1.070071084158761
2019-05-03,38.50299835205078,38.50299835205078,37.82699966430664,38.15299987792969,51303000,0.6759986877441406,1.0298568180629186
2019-05-06,37.867000579833984,38.1349983215332,37.599998474121094,37.76900100708008,57931000,0.5349998474121094,0.9970711299351284
2019-05-07,37.04600143432617,37.99100112915039,36.58100128173828,37.70000076293945,69749000,1.4099998474121094,1.0137852260044642
2019-05-08,36.4370002746582,36.900001525878906,36.13600158691406,36.79199981689453,65720000,0.7639999389648438,0.9386425018310547
2019-05-09,36.275001525878906,36.41999816894531,35.275001525878906,36.09000015258789,58826000,1.1449966430664062,0.9577851976667132
2019-05-10,36.104000091552734,36.5260009765625,35.305999755859375,36.1619987487793,56571000,1.220001220703125,0.9114281790597099
2019-05-13,34.5260009765625,35.42599868774414,34.310001373291016,35.229000091552734,80267000,1.115997314453125,0.9190709250313895
2019-05-14,34.56100082397461,34.994998931884766,34.25,34.87099838256836,53530000,0.7449989318847656,0.9106423514229911
2019-05-15,35.499000549316406,35.650001525878906,34.138999938964844,34.33399963378906,63401000,1.5110015869140625,0.9538566044398716
2019-05-16,35.930999755859375,36.400001525878906,35.39400100708008,35.637001037597656,64415000,1.0060005187988281,0.9621423993791852
2019-05-17,35.44499969482422,35.96200180053711,35.37900161743164,35.638999938964844,47254000,0.5830001831054688,0.9647851671491351
2019-05-20,34.81100082397461,35.242000579833984,34.540000915527344,35.12300109863281,46215000,0.7019996643066406,0.9709993089948382
2019-05-21,35.426998138427734,35.643001556396484,34.99300003051758,35.095001220703125,40264000,0.6500015258789062,0.9258567265101841
2019-05-22,35.972999572753906,37.04600143432617,35.72999954223633,35.80099868774414,62294000,1.3160018920898438,0.9556427001953125
2019-05-23,35.22100067138672,35.742000579833984,34.77000045776367,35.54999923706055,56304000,0.9720001220703125,0.9767856597900391
2019-05-24,35.43899917602539,35.944000244140625,35.37900161743164,35.54100036621094,38310000,0.5649986267089844,0.9789284297398159
2019-05-28,35.50600051879883,36.119998931884766,35.3650016784668,35.43899917602539,47171000,0.7549972534179688,0.9321425301688058
2019-05-29,34.91899871826172,35.3849983215332,34.59000015258789,35.36000061035156,56589000,0.7949981689453125,0.934356689453125
2019-05-30,35.185001373291016,35.42100143432617,34.83000183105469,35.05500030517578,40080000,0.5909996032714844,0.8947854723249163
2019-05-31,34.327999114990234,34.933998107910156,34.29199981689453,34.72200012207031,50234000,0.641998291015625,0.8534995487758091
2019-06-03,33.66299819946289,34.76599884033203,33.26499938964844,34.35599899291992,78496000,1.5009994506835938,0.8809997013636998
2019-06-04,35.34000015258789,35.361000061035156,34.32500076293945,34.5,78916000,1.0359992980957031,0.9017854418073382
2019-06-05,35.573001861572266,35.78799819946289,34.87099838256836,35.4379997253418,50201000,0.9169998168945312,0.8593567439488002
2019-06-06,35.7130012512207,35.82099914550781,35.20899963378906,35.48400115966797,37100000,0.61199951171875,0.8312138148716518
2019-06-07,36.08700180053711,36.51499938964844,35.569000244140625,35.73899841308594,47773000,0.9459991455078125,0.8571423121861049
2019-06-10,35.20100021362305,36.709999084472656,34.92900085449219,36.3650016784668,78103000,1.7809982299804688,0.9342136383056641
2019-06-11,35.12699890136719,35.757999420166016,34.849998474121094,35.5,53967000,0.9080009460449219,0.9526421683175224
2019-06-12,34.555999755859375,35.361000061035156,34.323001861572266,35.18199920654297,45847000,1.0379981994628906,0.9327847617013114
2019-06-13,34.34299850463867,34.849998474121094,33.92499923706055,34.722999572753906,62093000,0.9249992370605469,0.9294275556291852
2019-06-14,33.972999572753906,34.34000015258789,33.61600112915039,34.16299819946289,50190000,0.7239990234375,0.9407847268240792
2019-06-17,35.0620002746582,35.176998138427734,34.20600128173828,34.26900100708008,53582000,0.9709968566894531,0.9562132699148995
2019-06-18,35.71200180053711,36.150001525878906,35.375,35.55699920654297,54285000,0.7750015258789062,0.9547849382672992
2019-06-19,36.35200119018555,36.4739990234375,35.61199951171875,36.172000885009766,56672000,0.86199951171875,0.9741420745849609
2019-06-20,36.520999908447266,37.012001037597656,36.12200164794922,36.590999603271484,58995000,0.8899993896484375,0.991856438773019
2019-06-21,36.92100143432617,37.14500045776367,36.5,36.5,74484000,0.6450004577636719,0.9307136535644531
2019-06-24,37.104000091552734,37.5,37.02000045776367,37.027000427246094,48302000,0.4799995422363281,0.8909993852887835
2019-06-25,36.029998779296875,37.099998474121094,35.82899856567383,37.07500076293945,57504000,1.2709999084472656,0.9162851061139788
2019-06-26,36.220001220703125,36.67900085449219,36.15999984741211,36.15999984741211,36697000,0.5190010070800781,0.9096423557826451
2019-06-27,37.00199890136719,37.084999084472656,36.31999969482422,36.31999969482422,41386000,0.7649993896484375,0.8967138017926898
2019-06-28,36.731998443603516,37.15399932861328,36.48699951171875,37.0260009765625,45927000,0.6669998168945312,0.8171424865722656
2019-07-01,37.459999084472656,37.66600036621094,37.20000076293945,37.349998474121094,49926000,0.4659996032714844,0.7855709620884487
2019-07-02,37.542999267578125,37.599998474121094,37.03099822998047,37.48899841308594,36250000,0.569000244140625,0.7520711081368583
2019-07-03,38.172000885009766,38.19900131225586,37.58399963378906,37.66899871826172,37990000,0.6150016784667969,0.7299284253801618
2019-07-05,38.05500030517578,38.13999938964844,37.555999755859375,37.82899856567383,37322000,0.5839996337890625,0.719928468976702
2019-07-08,37.61600112915039,37.82500076293945,37.5359992980957,37.819000244140625,31134000,0.28900146484375,0.6712145124162946
2019-07-09,37.99300003051758,38.47600173950195,37.75,37.90599822998047,69328000,0.7260017395019531,0.6677145276750837
2019-07-10,38.099998474121094,38.433998107910156,36.268001556396484,38.277000427246094,58788000,2.165996551513672,0.760857173374721
2019-07-11,37.95000076293945,38.45399856567383,37.880001068115234,38.11000061035156,43363000,0.5739974975585938,0.7382856096540179
2019-07-12,37.32500076293945,37.9739990234375,37.27899932861328,37.86800003051758,66369000,0.6949996948242188,0.7418569837297712
2019-07-15,36.65999984741211,37.36800003051758,36.22999954223633,37.29399871826172,79447000,1.13800048828125,0.7888570513044085
2019-07-16,36.5989990234375,37.13399887084961,36.492000579833984,37.00899887084961,58632000,0.641998291015625,0.7439283643450055
2019-07-17,36.24399948120117,36.650001525878906,36.17499923706055,36.625,136395000,0.4750022888183594,0.7407855987548828
2019-07-18,32.520999908447266,32.98500061035156,32.029998779296875,32.375999450683594,312871000,0.9550018310546875,0.7543572017124721
2019-07-19,31.510000228881836,32.584999084472656,31.42300033569336,32.34000015258789,163025000,1.1619987487792969,0.7897142682756696
2019-07-22,31.062000274658203,31.45400047302246,30.58099937438965,31.200000762939453,177180000,0.8730010986328125,0.8187858036586216
2019-07-23,30.729999542236328,31.350000381469727,30.600000381469727,31.143999099731445,91711000,0.75,0.831714357648577
2019-07-24,31.79400062561035,31.999000549316406,30.725000381469727,31.051000595092773,119618000,1.2740001678466797,0.8787856783185687
2019-07-25,32.645999908447266,32.76900100708008,31.6299991607666,31.88599967956543,107985000,1.1390018463134766,0.9184286934988839
2019-07-26,33.577999114990234,33.599998474121094,32.75,32.87900161743164,108475000,0.8499984741210938,0.9584999084472656
2019-07-29,33.27000045776367,33.63999938964844,32.87699890136719,33.597999572753906,57828000,0.76300048828125,0.9611426762172154
2019-07-30,32.59299850463867,32.96500015258789,32.323001861572266,32.91999816894531,60293000,0.641998291015625,0.852285657610212
2019-07-31,32.29899978637695,33.176998138427734,31.85300064086914,32.51599884033203,62595000,1.3239974975585938,0.9058570861816406
2019-08-01,31.950000762939453,32.858001708984375,31.874000549316406,32.42499923706055,65632000,0.9840011596679688,0.9265000479561942
2019-08-02,31.882999420166016,31.94099998474121,31.18000030517578,31.749000549316406,62803000,0.7609996795654297,0.899571418762207
2019-08-05,30.76300048828125,31.341999053955078,30.468000411987305,31.09600067138672,86925000,0.8739986419677734,0.9161428724016462
2019-08-06,31.010000228881836,31.187999725341797,30.530000686645508,31.058000564575195,61791000,0.6579990386962891,0.9292140688214984
2019-08-07,30.429000854492188,30.5,29.680999755859375,30.256000518798828,93224000,0.819000244140625,0.9194996697562081
2019-08-08,31.59000015258789,31.63599967956543,30.663000106811523,31.10300064086914,59059000,0.9729995727539062,0.9059997286115374
2019-08-09,30.89299964904785,31.663999557495117,30.56800079345703,31.374000549316406,53491000,1.095998764038086,0.9219281332833427
2019-08-12,31.08300018310547,31.288999557495117,30.323999404907227,30.54599952697754,65317000,0.9650001525878906,0.9372852870396206
2019-08-13,31.22800064086914,31.64299964904785,30.81599998474121,30.976999282836914,52894000,0.8269996643066406,0.9053566796439034
2019-08-14,29.910999298095703,30.840999603271484,29.801000595092773,30.801000595092773,73558000,1.039999008178711,0.898285048348563
2019-08-15,29.576000213623047,30.062999725341797,28.799999237060547,29.950000762939453,96292000,1.26300048828125,0.9277851922171456
2019-08-16,30.280000686645508,30.354999542236328,29.62700080871582,29.88599967956543,69058000,0.7279987335205078,0.9252850668770927
2019-08-19,30.937999725341797,31.174999237060547,30.475000381469727,30.625,49422000,0.6999988555908203,0.9294279643467495
2019-08-20,29.89900016784668,30.5,29.76799964904785,30.457000732421875,73499000,0.7320003509521484,0.8871424538748605
2019-08-21,29.7810001373291,30.288000106811523,29.6200008392334,30.160999298095703,56854000,0.667999267578125,0.8645708901541573
2019-08-22,29.69300079345703,30.033000946044922,29.315000534057617,29.864999771118164,49742000,0.7180004119873047,0.861499513898577
2019-08-23,29.143999099731445,29.900999069213867,29.031999588012695,29.5,63249000,0.8689994812011719,0.8611424309866769
2019-08-26,29.49799919128418,29.69499969482422,29.25,29.52400016784668,46957000,0.44499969482421875,0.8459281921386719
2019-08-27,29.10300064086914,29.677000045776367,28.719999313354492,29.45400047302246,63094000,0.957000732421875,0.8557853698730469
2019-08-28,29.177000045776367,29.281999588012695,28.774999618530273,28.94700050354004,39557000,0.5069999694824219,0.8224996839250837
2019-08-29,29.67799949645996,29.993000030517578,29.499000549316406,29.5,43885000,0.4939994812011719,0.7794997351510184
2019-08-30,29.375,29.893999099731445,29.084999084472656,29.878000259399414,44464000,0.8090000152587891,0.7683568681989398
2019-09-03,28.929000854492188,29.389999389648438,28.805999755859375,29.082000732421875,36828000,0.5839996337890625,0.7509997231619698
2019-09-04,29.152000427246094,29.238000869750977,28.650999069213867,29.125,46525000,0.5870018005371094,0.7186427797589984
2019-09-05,29.325000762939453,29.39699935913086,28.27899932861328,28.531999588012695,89668000,1.1180000305175781,0.7082856042044503
2019-09-06,29.017000198364258,29.334999084472656,28.702999114990234,29.334999084472656,51666000,0.6319999694824219,0.7014285496303013
2019-09-09,29.43400001525879,30.155000686645508,29.059999465942383,29.481000900268555,82327000,1.095001220703125,0.7296430042811802
2019-09-10,28.798999786376953,29.716999053955078,28.266000747680664,29.115999221801758,123202000,1.450998306274414,0.7810000010899135
2019-09-11,28.82699966430664,29.264999389648438,28.461000442504883,28.56999969482422,74059000,0.8039989471435547,0.7907142639160156
2019-09-12,28.88599967956543,29.273000717163086,28.65999984741211,28.809999465942383,50109000,0.6130008697509766,0.7832142966134208
2019-09-13,29.415000915527344,29.66200065612793,29.003999710083008,29.06100082397461,65831000,0.6580009460449219,0.7681429726736886
2019-09-16,29.429000854492188,29.743000030517578,28.97800064086914,29.42300033569336,53074000,0.7649993896484375,0.7910000937325614
2019-09-17,29.860000610351562,29.915000915527344,29.179000854492188,29.450000762939453,47771000,0.7360000610351562,0.7752143314906529
2019-09-18,29.1560001373291,29.604999542236328,28.7450008392334,29.499000549316406,78111000,0.8599987030029297,0.8004285267421177
2019-09-19,28.65999984741211,29.381000518798828,28.34000015258789,29.1560001373291,84613000,1.0410003662109375,0.8395000185285296
2019-09-20,27.075000762939453,28.25,26.600000381469727,28.025999069213867,238328000,1.6499996185302734,0.899571418762207
2019-09-23,26.591999053955078,27.339000701904297,26.18899917602539,26.834999084472656,134786000,1.1500015258789062,0.9400001253400531
2019-09-24,25.458999633789062,26.5,25.22800064086914,26.25,163382000,1.2719993591308594,0.9889285223824638
2019-09-25,26.475000381469727,26.65999984741211,25.3700008392334,25.570999145507812,116438000,1.289999008178711,1.0012141636439733
2019-09-26,26.33099937438965,26.80500030517578,26.020000457763672,26.642000198364258,76840000,0.7849998474121094,1.0121427263532365
2019-09-27,26.308000564575195,26.743999481201172,26.038999557495117,26.618000030517578,73283000,0.7049999237060547,0.9842854908534459
2019-09-30,26.761999130249023,26.88800048828125,26.277999877929688,26.399999618530273,67272000,0.6100006103515625,0.9242142268589565
2019-10-01,26.95800018310547,27.219999313354492,26.402999877929688,26.735000610351562,86503000,0.8169994354248047,0.9251428331647601
2019-10-02,26.80299949645996,26.934999465942383,26.2189998626709,26.361000061035156,76591000,0.7159996032714844,0.932499885559082
2019-10-03,26.815000534057617,26.884000778198242,25.701000213623047,26.777999877929688,89510000,1.1830005645751953,0.9699998583112445
2019-10-04,27.27899932861328,27.54800033569336,26.64699935913086,26.81999969482422,98904000,0.9010009765625,0.9797142573765346
2019-10-07,27.445999145507812,27.667999267578125,27.128000259399414,27.198999404907227,65256000,0.5399990081787109,0.9657141821725028
2019-10-08,27.07200050354004,27.55299949645996,27.06399917602539,27.30299949645996,62764000,0.4890003204345703,0.9392142977033343
2019-10-09,26.753000259399414,27.100000381469727,26.457000732421875,27.00200080871582,67944000,0.6429996490478516,0.9107856750488281
2019-10-10,28.04800033569336,28.05299949645996,26.503000259399414,26.597000122070312,108091000,1.5499992370605469,0.9036427906581334
2019-10-11,28.292999267578125,28.78700065612793,28.233999252319336,28.479999542236328,87861000,0.5530014038085938,0.8609999247959682
2019-10-14,28.55299949645996,28.69300079345703,28.200000762939453,28.39299964904785,55132000,0.4930000305175781,0.8053571156093052
2019-10-15,28.424999237060547,28.586999893188477,27.940000534057617,28.381999969482422,76856000,0.6469993591308594,0.7594285692487445
2019-10-16,28.628000259399414,28.816999435424805,28.073999404907227,28.312000274658203,161759000,0.7430000305175781,0.7564285823277065
2019-10-17,29.334999084472656,30.875,28.829999923706055,30.448999404907227,382589000,2.0450000762939453,0.8521428789411273
2019-10-18,27.530000686645508,29.09000015258789,27.336000442504883,28.93600082397461,234299000,1.7539997100830078,0.9338571003505162
2019-10-21,27.80500030517578,27.993999481201172,26.899999618530273,27.288999557495117,125992000,1.0939998626708984,0.9536428451538086
2019-10-22,26.66900062561035,27.541000366210938,26.579999923706055,27.115999221801758,118024000,0.9610004425048828,0.9711429050990513
2019-10-23,27.12700080871582,27.392000198364258,26.663000106811523,26.805999755859375,71335000,0.7290000915527344,0.9387142998831612
2019-10-24,27.149999618530273,27.402000427246094,26.8799991607666,27.180999755859375,48274000,0.5220012664794922,0.9116428920200893
2019-10-25,27.68199920654297,27.777000427246094,27.01799964904785,27.06800079345703,47478000,0.7590007781982422,0.927285875592913
2019-10-28,28.18600082397461,28.575000762939453,27.735000610351562,27.80500030517578,62484000,0.8400001525878906,0.952357292175293
2019-10-29,28.121000289916992,28.44099998474121,27.7549991607666,28.187000274658203,43562000,0.6860008239746094,0.9554288046700614
2019-10-30,29.145000457763672,29.349000930786133,28.299999237060547,28.43400001525879,93456000,1.049001693725586,0.9196432658604213
2019-10-31,28.740999221801758,29.145000457763672,28.47800064086914,29.100000381469727,50900000,0.6669998168945312,0.927786009652274
2019-11-01,28.680999755859375,28.91200065612793,28.302000045776367,28.8700008392334,55943000,0.6100006103515625,0.93614319392613
2019-11-04,29.285999298095703,29.538999557495117,28.715999603271484,28.799999237060547,55662000,0.8229999542236328,0.9487146650041852
2019-11-05,28.80299949645996,29.118999481201172,28.631000518798828,28.999000549316406,40624000,0.48799896240234375,0.9305003029959542
2019-11-06,28.858999252319336,29.055999755859375,28.583999633789062,28.819000244140625,34383000,0.4720001220703125,0.8181431634085519
2019-11-07,28.957000732421875,29.819000244140625,28.82699966430664,29.06999969482422,59285000,0.9920005798339844,0.7637146541050502
2019-11-08,29.156999588012695,29.39900016784668,28.750999450683594,28.87299919128418,45090000,0.6480007171630859,0.7318575722830636
2019-11-11,29.417999267578125,29.63599967956543,28.850000381469727,28.916000366210938,39443000,0.7859992980957031,0.7193574905395508
2019-11-12,29.201000213623047,29.53499984741211,28.8700008392334,29.531999588012695,57728000,0.6649990081787109,0.7147859845842633
2019-11-13,28.31100082397461,29.340999603271484,28.11400032043457,29.10300064086914,91589000,1.226999282836914,0.7651429857526507
2019-11-14,28.961999893188477,29.062999725341797,28.32200050354004,28.325000762939453,65290000,0.7409992218017578,0.7638571602957589
2019-11-15,29.503000259399414,29.582000732421875,28.756999969482422,29.05900001525879,63338000,0.8250007629394531,0.7627857753208706
2019-11-18,30.256999969482422,30.499000549316406,29.327999114990234,29.600000381469727,86166000,1.1710014343261719,0.7974286760602679
2019-11-19,30.260000228881836,30.566999435424805,29.851999282836914,30.400999069213867,59180000,0.7150001525878906,0.773571423121861
2019-11-20,30.516000747680664,30.825000762939453,30.100000381469727,30.10099983215332,51118000,0.7250003814697266,0.7777143205915179
2019-11-21,31.16900062561035,31.268999099731445,30.426000595092773,30.600000381469727,74884000,0.8429985046386719,0.7943570273263114
2019-11-22,31.04800033569336,31.139999389648438,30.44099998474121,30.90999984741211,59701000,0.6989994049072266,0.7854998452322823
2019-11-25,31.55500030517578,31.572999954223633,30.524999618530273,30.882999420166016,78739000,1.0480003356933594,0.8254999433244977
2019-11-26,31.249000549316406,31.649999618530273,31.16900062561035,31.5,53210000,0.4809989929199219,0.8261427198137555
2019-11-27,31.593000411987305,31.68199920654297,31.274999618530273,31.39299964904785,40969000,0.4069995880126953,0.7843569346836635
2019-11-29,31.465999603271484,31.66200065612793,31.333999633789062,31.577999114990234,24117000,0.3280010223388672,0.7614998136247907
2019-12-02,30.999000549316406,31.43899917602539,30.375,31.43899917602539,62188000,1.0639991760253906,0.7813569477626255
2019-12-03,30.615999221801758,30.736000061035156,30.187999725341797,30.222000122070312,49928000,0.5480003356933594,0.7729998997279576
2019-12-04,30.43199920654297,30.843000411987305,30.32699966430664,30.843000411987305,35121000,0.5160007476806641,0.7222142900739398
2019-12-05,30.285999298095703,30.648000717163086,29.881000518798828,30.527000427246094,46155000,0.7670001983642578,0.7240715026855469
2019-12-06,30.735000610351562,30.78499984741211,30.260000228881836,30.469999313354492,44578000,0.5249996185302734,0.7026428495134626
2019-12-09,30.25,31.14900016784668,30.243999481201172,30.735000610351562,57484000,0.9050006866455078,0.6836427961077008
2019-12-10,29.312000274658203,29.893999099731445,29.20199966430664,29.61199951171875,104761000,0.6919994354248047,0.6819998877389091
2019-12-11,29.89299964904785,29.94300079345703,29.420000076293945,29.448999404907227,55898000,0.5230007171630859,0.6675713402884347
2019-12-12,29.8439998626709,29.91699981689453,29.506000518798828,29.566999435424805,47666000,0.4109992980957031,0.636714254106794
2019-12-13,29.850000381469727,30.18000030517578,29.725000381469727,29.850000381469727,38797000,0.4549999237060547,0.6192857197352818
2019-12-16,30.42099952697754,30.570999145507812,29.863000869750977,30.084999084472656,46589000,0.7079982757568359,0.5949998583112445
2019-12-17,31.54800033569336,31.68000030517578,30.65999984741211,30.736000061035156,104271000,1.0200004577636719,0.6334999629429409
2019-12-18,32.08000183105469,32.5359992980957,31.559999465942383,31.625999450683594,112074000,0.9759998321533203,0.6741428375244141
2019-12-19,33.22200012207031,33.28300094604492,32.417999267578125,32.45000076293945,98223000,0.8650016784667969,0.7125000272478376
2019-12-20,33.689998626708984,33.79999923706055,33.060001373291016,33.5,99149000,0.7399978637695312,0.689357076372419
2019-12-23,33.310001373291016,33.79499816894531,33.10200119018555,33.7760009765625,57653000,0.6929969787597656,0.6997139794485909
2019-12-24,33.31999969482422,33.56999969482422,33.15999984741211,33.4010009765625,20193000,0.4099998474121094,0.6921424865722656
2019-12-26,33.26300048828125,33.645999908447266,33.20100021362305,33.459999084472656,35899000,0.44499969482421875,0.66914245060512
2019-12-27,32.909000396728516,33.38199996948242,32.60100173950195,33.29600143432617,50361000,0.7809982299804688,0.6874280657087054
2019-12-30,32.33100128173828,32.91899871826172,32.2859992980957,32.90800094604492,43115000,0.6329994201660156,0.667999403817313
2019-12-31,32.356998443603516,32.492000579833984,32.10900115966797,32.20000076293945,37133000,0.3829994201660156,0.645927974155971
2020-01-02,32.98099899291992,32.99800109863281,32.47800064086914,32.61000061035156,44858000,0.5200004577636719,0.6457136699131557
2020-01-03,32.59000015258789,32.986000061035156,32.553001403808594,32.678001403808594,38069000,0.4329986572265625,0.6472850527082171
2020-01-06,33.58300018310547,33.63600158691406,32.119998931884766,32.3120002746582,56631000,1.5160026550292969,0.7230709620884487
2020-01-07,33.07500076293945,33.66999816894531,33.029998779296875,33.64699935913086,47032000,0.6399993896484375,0.7182138987949916
2020-01-08,33.92599868774414,34.27000045776367,33.10499954223633,33.14899826049805,71045000,1.1650009155273438,0.7285710743495396
2020-01-09,33.566001892089844,34.34199905395508,33.46099853515625,34.20000076293945,47093000,0.8810005187988281,0.721785409109933
2020-01-10,32.904998779296875,33.849998474121094,32.72700119018555,33.7130012512207,47183000,1.1229972839355469,0.7402136666434151
2020-01-13,33.891998291015625,34.084999084472656,33.1510009765625,33.18000030517578,62900000,0.9339981079101562,0.7540708269391742
2020-01-14,33.86899948120117,34.53799819946289,33.551998138427734,34.439998626708984,71994000,0.9860000610351562,0.7749996185302734
2020-01-15,33.90700149536133,34.31700134277344,33.65999984741211,33.86800003051758,51580000,0.6570014953613281,0.7926425933837891
2020-01-16,33.86199951171875,34.35599899291992,33.584999084472656,34.349998474121094,50160000,0.7709999084472656,0.8159283229282924
2020-01-17,33.96699905395508,34.15700149536133,33.737998962402344,34.099998474121094,60665000,0.4190025329589844,0.7900714874267578
2020-01-21,33.81100082397461,34.099998474121094,33.25899887084961,34.0,143503000,0.8409996032714844,0.8049286433628627
2020-01-22,32.599998474121094,33.630001068115234,32.36000061035156,33.255001068115234,217300000,1.2700004577636719,0.8682858603341239
2020-01-23,34.959999084472656,34.987998962402344,32.500999450683594,32.604000091552734,182003000,2.48699951171875,1.0087857927594865
2020-01-24,35.316001892089844,35.98500061035156,34.5880012512207,34.84600067138672,179397000,1.3969993591308594,1.0776429857526506
2020-01-27,34.28799819946289,35.189998626708984,34.10200119018555,34.595001220703125,77095000,1.0879974365234375,1.0470711844308036
2020-01-28,34.85200119018555,35.2400016784668,34.27799987792969,34.5880012512207,68216000,0.9620018005371094,1.0700713566371374
2020-01-29,34.316001892089844,34.939998626708984,33.85499954223633,34.900001525878906,76435000,1.0849990844726562,1.0643569401332311
2020-01-30,34.77399826049805,34.81999969482422,33.92499923706055,34.11000061035156,53281000,0.8950004577636719,1.065356935773577
2020-01-31,34.50899887084961,34.73899841308594,34.097999572753906,34.73899841308594,52300000,0.6409988403320312,1.030928475516183
2020-02-03,35.79999923706055,35.9630012512207,34.62799835205078,34.7239990234375,66706000,1.3350028991699219,1.0595716748918806
2020-02-04,36.9010009765625,36.957000732421875,35.61000061035156,36.099998474121094,71615000,1.3470001220703125,1.085357393537249
2020-02-05,36.96699905395508,37.525001525878906,36.22999954223633,37.51300048828125,64370000,1.2950019836425781,1.1309288569859095
2020-02-06,36.69499969482422,37.154998779296875,36.250999450683594,36.959999084472656,39204000,0.9039993286132812,1.1404288155691964
2020-02-07,36.676998138427734,37.18000030517578,36.356998443603516,36.50400161743164,43852000,0.8230018615722656,1.1692859104701452
2020-02-10,37.106998443603516,37.47999954223633,36.25199890136719,36.5,52941000,1.2280006408691406,1.1969288417271204
2020-02-11,37.36899948120117,37.81100082397461,36.97200012207031,37.375,47729000,0.8390007019042969,1.1661431448800224
2020-02-12,38.000999450683594,38.0620002746582,37.5880012512207,37.71799850463867,46248000,0.4739990234375,1.022357395717076
2020-02-13,38.13999938964844,38.5369987487793,37.6510009765625,37.69599914550781,44854000,0.8859977722167969,0.9858572823660714
2020-02-14,38.040000915527344,38.51499938964844,37.94300079345703,38.14699935913086,37363000,0.5719985961914062,0.9490002223423549
2020-02-18,38.77799987792969,38.95399856567383,37.91899871826172,37.93000030517578,51739000,1.0349998474121094,0.954214368547712
2020-02-19,38.61899948120117,39.29499816894531,38.4900016784668,38.8120002746582,48964000,0.8049964904785156,0.9342141832624163
2020-02-20,38.599998474121094,38.970001220703125,37.667999267578125,38.65599822998047,40794000,1.302001953125,0.9632857186453683
2020-02-21,38.00699996948242,38.731998443603516,37.790000915527344,38.53300094604492,39301000,0.9419975280761719,0.984785624912807
2020-02-24,36.869998931884766,37.28200149536133,36.099998474121094,36.47600173950195,69364000,1.1820030212402344,0.9738570622035435
2020-02-25,36.00899887084961,37.564998626708984,35.77199935913086,37.20000076293945,64812000,1.792999267578125,1.0057141440255302
2020-02-26,37.92399978637695,38.20000076293945,36.5,36.63100051879883,89341000,1.7000007629394531,1.0346426282610213
2020-02-27,37.17100143432617,39.15599822998047,37.060001373291016,37.145999908447266,109677000,2.095996856689453,1.1197853088378906
2020-02-28,36.90299987792969,37.676998138427734,35.68000030517578,36.42100143432617,111686000,1.9969978332519531,1.2036421639578683
2020-03-02,38.10499954223633,38.13600158691406,36.45000076293945,37.31100082397461,69979000,1.6860008239746094,1.236356462751116
2020-03-03,36.87699890136719,39.35200119018555,36.7400016784668,38.10300064086914,83646000,2.61199951171875,1.3629992348807198
2020-03-04,38.37900161743164,38.4010009765625,37.05099868774414,37.777000427246094,54873000,1.3500022888183594,1.4255708966936385
2020-03-05,37.27799987792969,39.13999938964844,36.86399841308594,38.099998474121094,87470000,2.2760009765625,1.5248568398611886
2020-03-06,36.89699935913086,37.13100051879883,35.685001373291016,36.77000045776367,81472000,1.4459991455078125,1.5872854505266463
2020-03-09,34.64899826049805,35.74700164794922,34.172000885009766,34.38600158691406,74055000,1.5750007629394531,1.625856944492885
2020-03-10,36.41299819946289,36.45399856567383,34.78499984741211,35.643001556396484,76044000,1.6689987182617188,1.6875713893345423
2020-03-11,34.992000579833984,36.29800033569336,34.479000091552734,35.891998291015625,60360000,1.819000244140625,1.7244998386928014
2020-03-12,31.524999618530273,33.571998596191406,30.73200035095215,32.650001525878906,120716000,2.839998245239258,1.8600713184901647
2020-03-13,33.630001068115234,33.641998291015625,30.73900032043457,33.05099868774414,94582000,2.9029979705810547,1.982999529157366
2020-03-16,29.884000778198242,33.435001373291016,29.475000381469727,30.663000106811523,105599000,3.960000991821289,2.1377853666033064
2020-03-17,31.975000381469727,32.290000915527344,29.024999618530273,30.618999481201172,100139000,3.2650012969970703,2.2495711190359935
2020-03-18,31.547000885009766,33.15800094604492,30.0,30.239999771118164,125936000,3.158000946044922,2.3254285539899553
2020-03-19,33.202999114990234,34.85100173950195,31.68199920654297,32.43299865722656,106160000,3.1690025329589844,2.4091431753976003
2020-03-20,33.28300094604492,35.04899978637695,33.20000076293945,34.23099899291992,108538000,1.8489990234375,2.420785903930664
2020-03-23,36.027000427246094,36.611000061035156,34.0880012512207,34.78900146484375,134494000,2.522998809814453,2.4144287109375
2020-03-24,35.731998443603516,37.292999267578125,35.303001403808594,36.999000549316406,116387000,1.9899978637695312,2.4601426805768694
2020-03-25,34.23899841308594,36.20000076293945,33.91699981689453,36.10200119018555,87672000,2.283000946044922,2.4606426783970425
2020-03-26,36.29899978637695,36.38399887084961,34.17300033569336,34.400001525878906,72296000,2.21099853515625,2.5152854919433594
2020-03-27,35.71200180053711,36.85599899291992,35.29999923706055,35.909000396728516,79488000,1.555999755859375,2.5139282771519254
2020-03-30,37.09600067138672,37.779998779296875,36.117000579833984,36.29999923706055,86220000,1.6629981994628906,2.5134996686662947
2020-03-31,37.54999923706055,38.30099868774414,36.64400100708008,36.792999267578125,93665000,1.6569976806640625,2.501928056989397
2020-04-01,36.40800094604492,38.02299880981445,36.10200119018555,37.60499954223633,66725000,1.9209976196289062,2.4362851551600864
2020-04-02,37.007999420166016,37.0989990234375,36.00600051879883,36.40800094604492,45925000,1.0929985046386719,2.306999479021345
2020-04-03,36.17599868774414,37.09000015258789,35.750999450683594,36.74700164794922,48608000,1.3390007019042969,2.1197851725987027
2020-04-06,37.99599838256836,38.02899932861328,36.17100143432617,36.52199935913086,81839000,1.8579978942871094,2.019284929547991
2020-04-07,37.22800064086914,38.132999420166016,36.933998107910156,38.0,70464000,1.1990013122558594,1.8793563842773438
2020-04-08,37.11199951171875,37.8390007019043,36.83100128173828,37.4010009765625,69089000,1.0079994201660156,1.724999019077846
2020-04-09,37.071998596191406,37.209999084472656,36.303001403808594,37.10599899291992,77113000,0.9069976806640625,1.6577132088797433
2020-04-13,39.672000885009766,40.05099868774414,36.77000045776367,37.13100051879883,116929000,3.2809982299804688,1.7118560246058874
2020-04-14,41.35499954223633,41.78200149536133,39.48500061035156,39.75,115810000,2.2970008850097656,1.7337848118373327
2020-04-15,42.67499923706055,43.49800109863281,41.224998474121094,41.29999923706055,135612000,2.2730026245117188,1.7330706460135323
2020-04-16,43.91699981689453,44.95199966430664,43.1609992980957,43.70000076293945,161287000,1.7910003662109375,1.703070776803153
2020-04-17,42.29600143432617,43.20000076293945,41.470001220703125,43.099998474121094,126163000,1.7299995422363281,1.7154993329729353
2020-04-20,43.749000549316406,44.44900131225586,43.055999755859375,43.516998291015625,126558000,1.3930015563964844,1.696213858468192
2020-04-21,43.382999420166016,44.70000076293945,42.560001373291016,44.47700119018555,231776000,2.1399993896484375,1.7307139805385046
2020-04-22,42.141998291015625,43.29999923706055,41.29999923706055,42.972999572753906,210848000,2.0,1.7363570077078683
2020-04-23,42.66999816894531,43.840999603271484,41.92599868774414,41.92599868774414,139523000,1.9150009155273438,1.7950714656284876
2020-04-24,42.499000549316406,42.71699905395508,41.5880012512207,42.5,86589000,1.128997802734375,1.7800712585449219
2020-04-27,42.13800048828125,42.900001525878906,42.08399963378906,42.5,62775000,0.8160018920898438,1.7056429726736886
2020-04-28,40.382999420166016,42.099998474121094,40.29100036621094,41.999000549316406,101012000,1.8089981079101562,1.7492141723632812
2020-04-29,41.18899917602539,41.58599853515625,39.36000061035156,39.952999114990234,96931000,2.2259979248046875,1.8362140655517578
2020-04-30,41.98500061035156,42.444000244140625,40.79999923706055,41.03099822998047,79540000,1.6440010070800781,1.888857160295759
2020-05-01,41.527000427246094,42.797000885009766,41.17300033569336,41.5099983215332,82999000,1.6240005493164062,1.7705001831054688
2020-05-04,42.814998626708984,42.854000091552734,41.48699951171875,41.77799987792969,77991000,1.3670005798339844,1.7040715898786272
2020-05-05,42.46799850463867,43.099998474121094,42.15599822998047,42.75600051879883,62863000,0.944000244140625,1.609142848423549
2020-05-06,43.42599868774414,43.97700119018555,42.638999938964844,42.93000030517578,66607000,1.3380012512207031,1.5767857687813895
2020-05-07,43.65299987792969,43.88800048828125,43.066001892089844,43.68899917602539,56419000,0.8219985961914062,1.5119285583496094
2020-05-08,43.55500030517578,44.20000076293945,43.36399841308594,43.41400146484375,50493000,0.8360023498535156,1.4721429007393974
2020-05-11,44.051998138427734,44.48899841308594,43.555999755859375,43.632999420166016,54860000,0.9329986572265625,1.3859285627092635
2020-05-12,43.18199920654297,44.41699981689453,43.13600158691406,44.20000076293945,45982000,1.2809982299804688,1.334571293422154
2020-05-13,43.82699966430664,44.70000076293945,42.72700119018555,43.569000244140625,70146000,1.9729995727539062,1.3387140546526228
2020-05-14,44.19499969482422,45.237998962402344,43.28200149536133,44.4900016784668,90075000,1.9559974670410156,1.3977854592459542
2020-05-15,45.41899871826172,45.5,43.750999450683594,44.06999969482422,72440000,1.7490005493164062,1.464428220476423
2020-05-18,45.257999420166016,45.63600158691406,44.334999084472656,45.11600112915039,77735000,1.3010025024414062,1.428142820085798
2020-05-19,45.104000091552734,45.89699935913086,45.047000885009766,45.34000015258789,48105000,0.8499984741210938,1.3298571450369698
2020-05-20,44.766998291015625,45.58100128173828,44.400001525878906,45.42499923706055,56073000,1.180999755859375,1.296785627092634
2020-05-21,43.625,44.895999908447266,43.025001525878906,44.85599899291992,91173000,1.8709983825683594,1.3144283294677734
2020-05-22,42.93199920654297,43.909000396728516,42.71799850463867,43.70000076293945,54223000,1.1910018920898438,1.3018569946289062
2020-05-26,41.47700119018555,42.849998474121094,41.31399917602539,42.777000427246094,78811000,1.5359992980957031,1.3441426413399833
2020-05-27,41.98899841308594,42.00199890136719,39.7859992980957,41.03799819946289,104463000,2.2159996032714844,1.4068568093436105
2020-05-28,41.34400177001953,42.23699951171875,41.150001525878906,41.7239990234375,56551000,1.0869979858398438,1.4257853371756417
2020-05-29,41.972999572753906,42.029998779296875,41.185001373291016,41.74599838256836,52549000,0.8449974060058594,1.4264278411865234
2020-06-01,42.59199905395508,42.672000885009766,41.597999572753906,41.882999420166016,37437000,1.0740013122558594,1.4364994594029017
2020-06-02,42.73099899291992,42.75899887084961,41.94599914550781,42.58700180053711,34948000,0.8129997253417969,1.4030709947858537
2020-06-03,42.196998596191406,42.709999084472656,41.80500030517578,42.69499969482422,43160000,0.904998779296875,1.3267852238246374
2020-06-04,41.43299865722656,42.87099838256836,41.00299835205078,42.23899841308594,54105000,1.8680000305175781,1.3204996926443917
2020-06-05,41.959999084472656,42.02399826049805,40.42499923706055,40.729000091552734,50996000,1.5989990234375,1.3097852979387556
2020-06-08,41.94900131225586,42.08000183105469,40.650001525878906,41.599998474121094,58515000,1.4300003051757812,1.3189994267054967
2020-06-09,43.404998779296875,43.472999572753906,42.03099822998047,42.165000915527344,67970000,1.4420013427734375,1.3612853458949499
2020-06-10,43.448001861572266,43.96900177001953,43.05500030517578,43.599998474121094,48969000,0.91400146484375,1.3422140393938338
2020-06-11,42.555999755859375,44.55699920654297,42.41600036621094,42.81999969482422,74629000,2.1409988403320312,1.3614997863769531
2020-06-12,41.80699920654297,43.40599822998047,41.244998931884766,42.900001525878906,64611000,2.160999298095703,1.4307853153773717
2020-06-15,42.54999923706055,42.64899826049805,41.54199981689453,42.13999938964844,44679000,1.1069984436035156,1.4001423971993583
2020-06-16,43.612998962402344,43.79600143432617,42.518001556396484,42.57600021362305,55079000,1.2779998779296875,1.3331424168178014
2020-06-17,44.777000427246094,45.04600143432617,43.922000885009766,44.18199920654297,65296000,1.1240005493164062,1.3357854570661272
2020-06-18,44.98699951171875,45.2760009765625,44.279998779296875,44.87300109863281,42776000,0.996002197265625,1.3465715135846819
2020-06-19,45.37200164794922,45.39699935913086,44.560001373291016,44.9119987487793,59345000,0.8369979858398438,1.3296427045549666
2020-06-22,46.80400085449219,46.85900115966797,45.42100143432617,45.500999450683594,62721000,1.4379997253417969,1.3742855616978236
2020-06-23,46.625999450683594,47.4010009765625,46.45000076293945,46.650001525878906,59484000,0.9510002136230469,1.3775713784354073
2020-06-24,45.78499984741211,47.236000061035156,45.400001525878906,46.854000091552734,48262000,1.83599853515625,1.3752855573381697
2020-06-25,46.590999603271484,46.70100021362305,45.400001525878906,45.88600158691406,41345000,1.3009986877441406,1.3539998190743583
2020-06-26,44.34000015258789,46.803001403808594,44.2239990234375,46.638999938964844,68047000,2.5790023803710938,1.4360713958740234
2020-06-29,44.7239990234375,44.766998291015625,43.2140007019043,44.52299880981445,48440000,1.5529975891113281,1.4439996991838728
2020-06-30,45.50400161743164,45.75899887084961,44.70000076293945,45.00199890136719,41985000,1.0589981079101562,1.4543566022600447
2020-07-01,48.56399917602539,48.823001861572266,45.400001525878906,45.400001525878906,97059000,3.4230003356933594,1.5459281376429967
2020-07-02,47.68899917602539,49.22800064086914,47.553001403808594,48.56399917602539,63515000,1.6749992370605469,1.5112138475690569
2020-07-06,49.38100051879883,49.95000076293945,47.97999954223633,48.07699966430664,78390000,1.970001220703125,1.5728569030761719
2020-07-07,49.316001892089844,50.481998443603516,49.08300018310547,49.73099899291992,56699000,1.3989982604980469,1.5814996446881975
2020-07-08,50.27799987792969,50.5099983215332,49.38100051879883,49.858001708984375,56917000,1.128997802734375,1.5818565913609095
2020-07-09,50.7760009765625,51.0,49.577999114990234,50.84000015258789,58405000,1.4220008850097656,1.6122850690569197
2020-07-10,54.87300109863281,55.5880012512207,51.12799835205078,51.972999572753906,216056000,4.460002899169922,1.8710711342947823
2020-07-13,52.54999923706055,57.5369987487793,52.09600067138672,56.79800033569336,183990000,5.440998077392578,2.1569995880126953
2020-07-14,52.487998962402344,52.54999923706055,49.04899978637695,51.70800018310547,150833000,3.5009994506835938,2.339142390659877
2020-07-15,52.32600021362305,52.900001525878906,51.018001556396484,51.630001068115234,100667000,1.8819999694824219,2.342428207397461
2020-07-16,52.73899841308594,53.55400085449219,50.43600082397461,52.64799880981445,244990000,3.118000030517578,2.472214017595564
2020-07-17,49.29899978637695,50.35900115966797,48.41400146484375,49.48699951171875,249914000,1.9449996948242188,2.4269281114850725
2020-07-20,50.24100112915039,50.45000076293945,48.41999816894531,48.91400146484375,119403000,2.0300025939941406,2.4609998975481306
2020-07-21,49.0099983215332,50.62200164794922,48.861000061035156,50.599998474121094,91137000,1.7610015869140625,2.511143003191267
2020-07-22,48.981998443603516,49.720001220703125,48.720001220703125,49.21900177001953,69541000,1.0,2.338071550641741
2020-07-23,47.757999420166016,49.189998626708984,47.20199966430664,49.112998962402344,77220000,1.9879989624023438,2.360428673880441
2020-07-24,48.04499816894531,48.71699905395508,46.75400161743164,46.87699890136719,77462000,1.9629974365234375,2.359928403581892
2020-07-27,49.564998626708984,49.69200134277344,48.23099899291992,48.45100021362305,78631000,1.4610023498535156,2.3643572671072826
2020-07-28,48.85100173950195,49.77899932861328,48.7760009765625,49.60200119018555,59867000,1.0029983520507812,2.3553573063441684
2020-07-29,48.448001861572266,49.492000579833984,48.41299819946289,49.224998474121094,66118000,1.0790023803710938,2.330857413155692
2020-07-30,48.58000183105469,48.834999084472656,47.750999450683594,48.07099914550781,66086000,1.0839996337890625,2.089714322771345
2020-07-31,48.88800048828125,49.47999954223633,48.45000076293945,48.82899856567383,59163000,1.029998779296875,1.7746429443359375
2020-08-03,49.86199951171875,50.308998107910156,49.02299880981445,49.08599853515625,58731000,1.2859992980957031,1.6164286477225167
2020-08-04,50.9640007019043,51.04399871826172,49.8650016784668,49.8650016784668,56080000,1.1789970397949219,1.566214152744838
2020-08-05,50.21099853515625,51.0099983215332,50.119998931884766,50.86800003051758,43082000,0.8899993896484375,1.407071249825614
2020-08-06,50.90800094604492,51.082000732421875,49.869998931884766,50.4109992980957,37259000,1.2120018005371094,1.3547142573765345
2020-08-07,49.472999572753906,50.82899856567383,48.667999267578125,50.54499816894531,59103000,2.160999298095703,1.3640711648123605
2020-08-10,48.3380012512207,49.74599838256836,47.862998962402344,49.334999084472656,46912000,1.8829994201660156,1.3727852957589286
2020-08-11,46.69300079345703,48.09199905395508,46.654998779296875,47.974998474121094,73292000,1.4370002746582031,1.4039996010916573
2020-08-12,47.547000885009766,48.249000549316406,47.018001556396484,47.13399887084961,54392000,1.2309989929199219,1.3499281747000558
2020-08-13,48.132999420166016,48.44499969482422,47.64500045776367,47.84000015258789,30089000,0.7999992370605469,1.2668568747384208
2020-08-14,48.268001556396484,48.83300018310547,48.020999908447266,48.28200149536133,29435000,0.8120002746582031,1.2204995836530412
2020-08-17,48.23500061035156,48.624000549316406,47.90999984741211,48.41899871826172,24235000,0.7140007019042969,1.199856894356864
2020-08-18,49.1870002746582,49.529998779296875,48.279998779296875,48.435001373291016,35055000,1.25,1.2120710100446428
2020-08-19,48.452999114990234,49.45000076293945,48.349998474121094,49.393001556396484,31562000,1.1000022888183594,1.2132140568324499
2020-08-20,49.790000915527344,49.89400100708008,48.388999938964844,48.46900177001953,51325000,1.5050010681152344,1.2471427917480469
2020-08-21,49.23099899291992,49.8129997253418,49.0,49.645999908447266,39213000,0.8129997253417969,1.2133571079799108
2020-08-24,48.88100051879883,50.099998474121094,48.316001892089844,49.54399871826172,47622000,1.78399658203125,1.2565713609967912
2020-08-25,49.05799865722656,49.24700164794922,48.50899887084961,48.819000244140625,57277000,0.7380027770996094,1.2457144601004464
2020-08-26,54.75299835205078,54.90399932861328,49.20800018310547,49.25,203737000,5.6959991455078125,1.565999984741211
2020-08-27,52.62699890136719,54.099998474121094,52.125,53.77799987792969,90629000,1.9749984741210938,1.5527142116001673
2020-08-28,52.388999938964844,53.900001525878906,52.20000076293945,53.20000076293945,44175000,1.7000007629394531,1.5396428789411272
2020-08-31,52.95600128173828,53.19900131225586,51.757999420166016,52.11600112915039,49414000,1.4410018920898438,1.539928708757673
2020-09-01,55.654998779296875,55.73899841308594,53.244998931884766,53.2599983215332,95727000,2.493999481201172,1.6301430293491908
2020-09-02,55.284000396728516,55.650001525878906,53.73699951171875,55.37799835205078,58869000,1.9130020141601562,1.7096432277134486
2020-09-03,52.57500076293945,55.400001525878906,52.13199996948242,54.5,90711000,3.2680015563964844,1.8850718906947546
2020-09-04,51.60499954223633,52.736000061035156,48.597999572753906,52.018001556396484,82701000,4.13800048828125,2.129643304007394
2020-09-08,50.70199966430664,52.20000076293945,49.5,49.84000015258789,55727000,2.700000762939453,2.233214787074498
2020-09-09,50.01900100708008,52.0,49.25699996948242,51.92100143432617,68481000,2.743000030517578,2.350571768624442
2020-09-10,48.06700134277344,50.62900161743164,47.88399887084961,50.334999084472656,62402000,2.7450027465820312,2.439143317086356
2020-09-11,48.202999114990234,49.37300109863281,47.680999755859375,48.64899826049805,50352000,1.6920013427734375,2.501929146902902
2020-09-14,47.625999450683594,48.89899826049805,47.130001068115234,48.0620002746582,73591000,1.7689971923828125,2.5008577619280135
2020-09-15,49.5989990234375,49.74700164794922,48.16299819946289,48.400001525878906,53370000,1.5840034484863281,2.561286381312779
2020-09-16,48.38600158691406,50.465999603271484,48.33100128173828,49.999000549316406,43949000,2.134998321533203,2.306929179600307
2020-09-17,47.02000045776367,47.84000015258789,46.32699966430664,47.51599884033203,53793000,1.51300048828125,2.2739293234688893
2020-09-18,46.99599838256836,47.939998626708984,45.86000061035156,47.250999450683594,67177000,2.079998016357422,2.301071984427316
2020-09-21,48.73500061035156,48.77799987792969,46.63199996948242,46.76900100708008,54575000,2.1459999084472656,2.351428985595703
2020-09-22,49.117000579833984,49.18199920654297,47.92599868774414,48.9010009765625,34823000,1.2560005187988281,2.26300048828125
2020-09-23,47.06100082397461,49.104000091552734,46.900001525878906,49.104000091552734,37264000,2.203998565673828,2.283785956246512
2020-09-24,47.30799865722656,47.70000076293945,46.78200149536133,47.053001403808594,37272000,0.917999267578125,2.1159286499023438
2020-09-25,48.28799819946289,48.48699951171875,46.803001403808594,47.43899917602539,37694000,1.6839981079101562,1.9406427655901228
2020-09-28,49.064998626708984,49.20000076293945,47.78799819946289,48.9109992980957,47735000,1.4120025634765625,1.8486428941999162
2020-09-29,49.347999572753906,49.62900161743164,48.65299987792969,48.95000076293945,35415000,0.9760017395019531,1.7224287305559431
2020-09-30,50.00299835205078,50.4630012512207,48.926998138427734,49.25699996948242,46341000,1.5360031127929688,1.6360716138567244
2020-10-01,52.750999450683594,52.95500183105469,50.36000061035156,50.60300064086914,81537000,2.595001220703125,1.7005716051374162
2020-10-02,50.305999755859375,52.637001037597656,50.27000045776367,51.643001556396484,60712000,2.3670005798339844,1.7432861328125
2020-10-05,52.064998626708984,52.0989990234375,50.16999816894531,50.68000030517578,40881000,1.9290008544921875,1.7679288046700614
2020-10-06,50.58700180053711,52.18199920654297,50.41600036621094,51.87200164794922,41990000,1.7659988403320312,1.7415716988699776
2020-10-07,53.465999603271484,53.64899826049805,51.582000732421875,51.79999923706055,79887000,2.066997528076172,1.7811429159981864
2020-10-08,53.17900085449219,53.5,52.415000915527344,53.347999572753906,53865000,1.0849990844726562,1.7100715637207031
2020-10-09,53.944000244140625,54.428001403808594,53.5,53.78300094604492,47813000,0.9280014038085938,1.6230716705322266
2020-10-12,53.98099899291992,55.180999755859375,53.82400131225586,54.88100051879883,53911000,1.3569984436035156,1.6302858080182756
2020-10-13,55.409000396728516,55.76499938964844,53.720001220703125,54.055999755859375,56025000,2.0449981689453125,1.6189286368233817
2020-10-14,54.14500045776367,57.249000549316406,54.099998474121094,56.26100158691406,94990000,3.1490020751953125,1.7782859802246094
2020-10-15,54.194000244140625,55.12200164794922,53.5099983215332,54.551998138427734,51131000,1.6120033264160156,1.7731434958321708
2020-10-16,53.07899856567383,55.43299865722656,53.00299835205078,54.95000076293945,63474000,2.4300003051757812,1.8458576202392578
2020-10-19,53.071998596191406,54.18000030517578,52.53799819946289,53.707000732421875,75675000,1.6420021057128906,1.8934290749686105
2020-10-20,52.54199981689453,53.37799835205078,52.22600173950195,52.81399917602539,100472000,1.1519966125488281,1.866000039236886
2020-10-21,48.904998779296875,50.685001373291016,48.82500076293945,50.10300064086914,174057000,1.8600006103515625,1.813499995640346
2020-10-22,48.52299880981445,49.513999938964844,48.20000076293945,49.46900177001953,69979000,1.3139991760253906,1.7382856096540178
2020-10-23,48.827999114990234,49.00600051879883,48.1349983215332,48.81100082397461,49279000,0.871002197265625,1.6627142769949776
2020-10-26,48.82400131225586,49.68199920654297,47.88999938964844,48.702999114990234,61861000,1.7919998168945312,1.6645714896065849
2020-10-27,48.893001556396484,49.04899978637695,48.292999267578125,49.000999450683594,36272000,0.7560005187988281,1.5709288460867745
2020-10-28,48.624000549316406,49.400001525878906,48.327999114990234,48.63600158691406,59927000,1.0720024108886719,1.570000512259347
2020-10-29,50.42100143432617,51.38999938964844,47.933998107910156,48.849998474121094,111207000,3.4560012817382812,1.7505719321114677
2020-10-30,47.57400131225586,50.5880012512207,47.22100067138672,50.20100021362305,78079000,3.3670005798339844,1.894143513270787
2020-11-02,48.4119987487793,48.630001068115234,47.5,47.887001037597656,44082000,1.1300010681152344,1.8287865774972099
2020-11-03,48.72200012207031,49.53099822998047,47.875999450683594,48.49300003051758,36902000,1.654998779296875,1.7220720563616072
2020-11-04,49.69499969482422,50.77299880981445,49.39799880981445,49.5359992980957,51373000,1.375,1.7051432473318917
2020-11-05,51.375999450683594,51.87300109863281,50.345001220703125,50.65599822998047,53728000,1.5279998779296875,1.6407146453857422
2020-11-06,51.472999572753906,51.520999908447266,50.250999450683594,51.5,42363000,1.2700004577636719,1.6141430991036552
2020-11-09,47.04999923706055,49.584999084472656,46.72600173950195,48.55400085449219,104197000,2.858997344970703,1.7360717228480749
2020-11-10,48.02399826049805,48.459999084472656,46.340999603271484,47.095001220703125,83061000,2.118999481201172,1.7545716421944755
2020-11-11,49.07600021362305,49.167999267578125,47.82600021362305,48.29999923706055,54605000,1.3419990539550781,1.7565716334751673
2020-11-12,48.676998138427734,49.652000427246094,48.042999267578125,49.099998474121094,50637000,1.6090011596679688,1.8092858450753349
2020-11-13,48.284000396728516,48.89400100708008,47.779998779296875,48.676998138427734,30027000,1.1140022277832031,1.760857445853097
2020-11-16,47.90999984741211,48.55799865722656,47.72999954223633,48.0,39536000,0.8279991149902344,1.766000202723912
2020-11-17,48.0629997253418,48.750999450683594,47.8849983215332,48.012001037597656,36981000,0.8660011291503906,1.7512858254568917
2020-11-18,48.17900085449219,48.861000061035156,47.77199935913086,48.19499969482422,36292000,1.0890007019042969,1.58221435546875
2020-11-19,48.46699905395508,48.779998779296875,48.047000885009766,48.20000076293945,22547000,0.7329978942871094,1.394071306501116
2020-11-20,48.82400131225586,49.47600173950195,48.15700149536133,48.52199935913086,42534000,1.319000244140625,1.407571247645787
2020-11-23,47.6619987487793,49.1150016784668,47.58399963378906,49.04600143432617,54166000,1.5310020446777344,1.398714338030134
2020-11-24,48.28799819946289,48.404998779296875,47.5890007019043,47.88399887084961,35505000,0.8159980773925781,1.358785629272461
2020-11-25,48.5,48.689998626708984,47.891998291015625,48.51300048828125,35986000,0.7980003356933594,1.306642804827009
2020-11-27,49.13600158691406,49.32500076293945,48.185001373291016,48.65800094604492,28058000,1.1399993896484375,1.2973570142473494
2020-11-30,49.06999969482422,49.255001068115234,48.12699890136719,49.007999420166016,35309000,1.1280021667480469,1.1737145015171595
2020-12-01,50.45800018310547,50.946998596191406,49.198001861572266,49.23400115966797,50527000,1.7489967346191406,1.1472857339041573
2020-12-02,50.3380012512207,50.68000030517578,49.349998474121094,50.1619987487793,30284000,1.3300018310546875,1.1464287894112724
2020-12-03,49.75199890136719,50.87699890136719,49.604000091552734,50.29899978637695,28261000,1.2729988098144531,1.1224286215645927
2020-12-04,49.83100128173828,50.45000076293945,49.36399841308594,49.75,36662000,1.0860023498535156,1.1204286302839006
2020-12-07,51.577999114990234,51.7760009765625,49.777000427246094,50.000999450683594,42893000,1.9990005493164062,1.2040715898786272
2020-12-08,51.26599884033203,52.14899826049805,50.55500030517578,51.790000915527344,42290000,1.5939979553222656,1.2560713631766183
2020-12-09,49.36000061035156,51.45000076293945,49.12900161743164,51.053001403808594,41788000,2.3209991455078125,1.3440712520054408
2020-12-10,50.10900115966797,50.37699890136719,49.29100036621094,49.45600128173828,30182000,1.08599853515625,1.3692855834960938
2020-12-11,50.321998596191406,50.33399963378906,49.48500061035156,49.5,32109000,0.8489990234375,1.3357140677315849
2020-12-14,52.242000579833984,52.41600036621094,50.11800003051758,50.54399871826172,57704000,2.2980003356933594,1.3904996599469865
2020-12-15,51.97800064086914,52.470001220703125,51.35599899291992,51.849998474121094,33949000,1.1140022277832031,1.411785670689174
2020-12-16,52.483001708984375,52.737998962402344,51.76900100708008,52.01100158691406,36824000,0.9689979553222656,1.4239997863769531
2020-12-17,53.290000915527344,53.54899978637695,52.64400100708008,52.900001525878906,31934000,0.904998779296875,1.4072140284946986
2020-12-18,53.44499969482422,53.637001037597656,52.60200119018555,53.31999969482422,45027000,1.0349998474121094,1.400571005684989
2020-12-21,52.89099884033203,53.262001037597656,52.1150016784668,53.005001068115234,38940000,1.1469993591308594,1.3575711931501115
2020-12-22,52.733001708984375,53.040000915527344,52.04999923706055,52.76900100708008,19066000,0.9900016784667969,1.3332854679652624
2020-12-23,51.448001861572266,52.63199996948242,51.41999816894531,52.47600173950195,23932000,1.2120018005371094,1.3289285387311662
2020-12-24,51.39699935913086,51.935001373291016,51.22100067138672,51.512001037597656,11440000,0.7140007019042969,1.3023569924490792
2020-12-28,51.9119987487793,52.36600112915039,50.7130012512207,51.643001556396484,28919000,1.6529998779296875,1.2776426587785994
2020-12-29,53.08700180053711,53.654998779296875,51.54800033569336,51.9900016784668,40224000,2.1069984436035156,1.3142855507986886
2020-12-30,52.45899963378906,53.32600021362305,52.36899948120117,53.01300048828125,18763000,0.957000732421875,1.2168570927211217
2020-12-31,54.073001861572266,54.54999923706055,52.314998626708984,52.553001403808594,53923000,2.2350006103515625,1.298928669520787
2021-01-04,52.2859992980957,54.08000183105469,51.50899887084961,53.900001525878906,44444000,2.571002960205078,1.421928950718471
2021-01-05,52.08000183105469,52.678001403808594,51.5890007019043,52.154998779296875,31339000,1.0890007019042969,1.3355718340192522
2021-01-06,50.04899978637695,51.310001373291016,49.95000076293945,51.196998596191406,53462000,1.3600006103515625,1.3531431470598494
2021-01-07,50.888999938964844,51.64400100708008,50.641998291015625,50.827999114990234,36864000,1.0020027160644531,1.3555006299700056
2021-01-08,51.040000915527344,51.32400131225586,50.45100021362305,51.13100051879883,29739000,0.8730010986328125,1.3532150813511439
2021-01-11,49.90999984741211,51.073001861572266,49.79499816894531,50.784000396728516,38062000,1.2780036926269531,1.37057249886649
2021-01-12,49.42499923706055,50.10900115966797,48.56700134277344,50.0,59904000,1.5419998168945312,1.3987868172781808
2021-01-13,50.77899932861328,51.23500061035156,49.30099868774414,49.54999923706055,50321000,1.9340019226074219,1.4662154061453683
2021-01-14,50.08599853515625,51.45000076293945,49.95800018310547,50.73500061035156,41774000,1.4920005798339844,1.486215318952288
2021-01-15,49.79800033569336,50.63199996948242,49.5099983215332,50.0,58958000,1.1220016479492188,1.5153582436697823
2021-01-19,50.176998138427734,50.92499923706055,49.354000091552734,50.099998474121094,123158000,1.5709991455078125,1.5095010484967912
2021-01-20,58.63399887084961,59.32899856567383,55.68600082397461,56.54199981689453,326375000,3.6429977416992188,1.6192152840750558
2021-01-21,57.98400115966797,58.875,57.040000915527344,58.244998931884766,118021000,1.8349990844726562,1.681929452078683
2021-01-22,56.516998291015625,58.39899826049805,56.435001373291016,58.209999084472656,75508000,1.9639968872070312,1.6625720432826452
2021-01-25,55.678001403808594,56.974998474121094,54.8650016784668,56.70000076293945,72073000,2.109996795654297,1.6296430315290178
2021-01-26,56.19300079345703,56.79899978637695,55.40599822998047,55.472999572753906,50238000,1.3930015563964844,1.6513573782784599
2021-01-27,52.327999114990234,55.641998291015625,51.573001861572266,55.07099914550781,86703000,4.068996429443359,1.8448570796421595
2021-01-28,53.86000061035156,55.314998626708984,53.07400131225586,53.5880012512207,59690000,2.240997314453125,1.933356693812779
2021-01-29,53.23899841308594,54.099998474121094,53.018001556396484,53.79999923706055,43253000,1.0819969177246094,1.9482849666050501
2021-02-01,53.90399932861328,54.50600051879883,53.17300033569336,53.67900085449219,35475000,1.3330001831054688,1.9522132873535156
2021-02-02,54.816001892089844,55.54800033569336,53.893001556396484,54.20100021362305,37676000,1.654998779296875,1.960284641810826
2021-02-03,53.94499969482422,55.04800033569336,53.82400131225586,55.016998291015625,31723000,1.2239990234375,1.9095701490129744
2021-02-04,55.215999603271484,55.948001861572266,53.750999450683594,53.98099899291992,51645000,2.197002410888672,1.9599274226597376
2021-02-05,55.07899856567383,55.444000244140625,54.54800033569336,55.22600173950195,23762000,0.8959999084472656,1.943784441266741
2021-02-08,54.79199981689453,55.5,54.369998931884766,55.5,27917000,1.1300010681152344,1.9122845785958427
2021-02-09,55.90700149536133,56.599998474121094,54.29999923706055,54.599998474121094,37035000,2.299999237060547,1.8163561139787947
2021-02-10,56.35900115966797,56.665000915527344,55.34600067138672,56.25,39913000,1.319000244140625,1.7794990539550781
2021-02-11,55.75899887084961,56.59299850463867,55.422000885009766,56.444000244140625,27306000,1.1709976196289062,1.7228562491280692
2021-02-12,55.652000427246094,56.125,55.084999084472656,55.694000244140625,21971000,1.0400009155273438,1.6464279719761439
2021-02-16,55.72800064086914,56.362998962402344,55.27299880981445,55.729000091552734,26241000,1.0900001525878906,1.6247850145612444
2021-02-17,55.13399887084961,55.525001525878906,54.303001403808594,55.0989990234375,20696000,1.2220001220703125,1.4214281354631697
2021-02-18,54.821998596191406,55.0,53.823001861572266,54.900001525878906,24562000,1.1769981384277344,1.345428194318499
2021-02-19,54.02199935913086,54.89899826049805,53.88100051879883,54.79999923706055,28415000,1.0179977416992188,1.3408568246023995
2021-02-22,53.37799835205078,54.17900085449219,53.07899856567383,53.499000549316406,30786000,1.1000022888183594,1.3242141178676061
2021-02-23,54.6150016784668,54.854000091552734,51.827999114990234,52.5,41365000,3.0260009765625,1.422142846243722
2021-02-24,55.340999603271484,55.685001373291016,53.90700149536133,53.97999954223633,32450000,1.7779998779296875,1.4617143358503069
2021-02-25,54.66999816894531,55.64799880981445,53.57500076293945,55.027000427246094,42529000,2.072998046875,1.4528568812779017
2021-02-26,53.8849983215332,55.308998107910156,53.79999923706055,54.6510009765625,37556000,1.5089988708496094,1.4966425214494978
2021-03-01,55.06399917602539,55.2140007019043,54.20000076293945,54.55699920654297,30414000,1.0139999389648438,1.4883567265101842
2021-03-02,54.78200149536133,55.69900131225586,54.60200119018555,55.33399963378906,30422000,1.0970001220703125,1.402428218296596
2021-03-03,52.06999969482422,54.80099868774414,51.78099822998047,54.59299850463867,53624000,3.020000457763672,1.523928233555385
2021-03-04,51.12900161743164,53.150001525878906,50.768001556396484,52.150001525878906,50348000,2.381999969482422,1.6104284014020647
2021-03-05,51.638999938964844,51.7760009765625,49.87900161743164,51.198001861572266,50700000,1.8969993591308594,1.671642575945173
2021-03-08,49.33300018310547,51.88399887084961,49.28499984741211,51.44599914550781,39818000,2.5989990234375,1.779428209577288
2021-03-09,50.64400100708008,51.31100082397461,50.38199996948242,50.73099899291992,34700000,0.9290008544921875,1.7584996904645647
2021-03-10,50.45399856567383,51.89699935913086,50.42499923706055,51.349998474121094,37715000,1.4720001220703125,1.779571260724749
2021-03-11,52.305999755859375,53.02399826049805,51.07099914550781,51.220001220703125,47145000,1.9529991149902344,1.8463570731026786
2021-03-12,51.801998138427734,52.6510009765625,50.659000396728516,51.25,39817000,1.9920005798339844,1.9100712367466517
2021-03-15,52.025001525878906,52.073001861572266,50.803001403808594,51.63199996948242,34843000,1.2700004577636719,1.7846426282610213
2021-03-16,52.40299987792969,53.34199905395508,52.32099914550781,52.446998596191406,32389000,1.0209999084472656,1.7305712018694197
2021-03-17,52.444000244140625,52.83700180053711,51.43000030517578,52.20000076293945,28174000,1.4070014953613281,1.6830000196184431
2021-03-18,50.479000091552734,51.790000915527344,50.3849983215332,51.63999938964844,40945000,1.4050025939941406,1.6755717141287667
2021-03-19,51.21799850463867,51.319000244140625,50.16299819946289,50.49599838256836,43864000,1.1560020446777344,1.6857147216796875
2021-03-22,52.31100082397461,52.930999755859375,50.91299819946289,50.91299819946289,33606000,2.0180015563964844,1.7515005384172713
2021-03-23,53.50899887084961,54.3120002746582,52.939998626708984,52.98699951171875,55835000,1.3720016479492188,1.633786337716239
2021-03-24,52.08100128173828,53.44200134277344,52.0,53.37799835205078,41022000,1.4420013427734375,1.566643578665597
2021-03-25,50.2859992980957,51.85300064086914,49.70000076293945,51.69900131225586,49268000,2.1529998779296875,1.5849293300083704
2021-03-26,50.80500030517578,50.87200164794922,49.667999267578125,50.28200149536133,34678000,1.2040023803710938,1.4852867126464844
2021-03-29,51.39500045776367,51.79999923706055,50.439998626708984,50.566001892089844,33300000,1.3600006103515625,1.5160724094935827
2021-03-30,51.3390007019043,51.441001892089844,50.691001892089844,51.05099868774414,24181000,0.75,1.464500972202846
2021-03-31,52.16600036621094,52.8129997253418,51.54399871826172,51.56700134277344,35031000,1.2690010070800781,1.4156439644949776
2021-04-01,53.94200134277344,54.04999923706055,52.702999114990234,52.99300003051758,39386000,1.3470001220703125,1.3695725032261439
2021-04-05,54.06700134277344,54.28499984741211,52.92300033569336,54.000999450683594,33559000,1.36199951171875,1.3761438642229353
2021-04-06,54.452999114990234,55.41699981689453,54.33000183105469,54.48099899291992,34742000,1.0869979858398438,1.3808580126081194
2021-04-07,54.69900131225586,54.9640007019043,54.14500045776367,54.349998474121094,21513000,0.819000244140625,1.338857923235212
2021-04-08,55.45800018310547,55.689998626708984,54.75699996948242,55.112998962402344,43098000,0.9329986572265625,1.3051433563232422
2021-04-09,55.53099822998047,55.689998626708984,54.71099853515625,55.26900100708008,28940000,0.9790000915527344,1.2925003596714564
2021-04-12,55.27799987792969,55.79800033569336,54.95800018310547,55.10499954223633,29441000,0.8400001525878906,1.2083574022565569
2021-04-13,55.37300109863281,55.974998474121094,55.029998779296875,55.70000076293945,27203000,0.9449996948242188,1.1778572627476283
2021-04-14,54.00199890136719,55.48699951171875,53.85300064086914,55.48699951171875,37403000,1.6339988708496094,1.1915713718959264
2021-04-15,54.922000885009766,55.3489990234375,54.26599884033203,54.41699981689453,31391000,1.0830001831054688,1.115142822265625
2021-04-16,54.65399932861328,55.198001861572266,53.95100021362305,55.05400085449219,32091000,1.2470016479492188,1.1182141985212053
2021-04-19,55.444000244140625,55.64400100708008,54.553001403808594,54.689998626708984,42887000,1.0909996032714844,1.0989998408726283
2021-04-20,54.957000732421875,56.35599899291992,54.630001068115234,55.44200134277344,112576000,1.7259979248046875,1.1687139783586775
2021-04-21,50.88999938964844,51.54600143432617,50.36000061035156,50.79999923706055,228974000,1.1860008239746094,1.1627853938511439
2021-04-22,50.87799835205078,51.395999908447266,50.05500030517578,51.38199996948242,90611000,1.3409996032714844,1.1623567853655135
2021-04-23,50.55500030517578,50.970001220703125,50.06999969482422,50.9010009765625,73077000,0.9000015258789062,1.129356929234096
2021-04-26,51.029998779296875,51.04800033569336,50.29999923706055,50.67599868774414,43888000,0.7480010986328125,1.1051428658621651
2021-04-27,50.55500030517578,51.29899978637695,50.45800018310547,51.262001037597656,37613000,0.8409996032714844,1.1067142486572266
2021-04-28,50.652000427246094,50.84000015258789,50.33399963378906,50.52000045776367,31930000,0.5060005187988281,1.076214381626674
2021-04-29,50.900001525878906,50.92900085449219,49.900001525878906,50.7599983215332,51278000,1.0289993286132812,1.0797857557024275
2021-04-30,51.34700012207031,51.45500183105469,50.5,50.5,44132000,0.9550018310546875,1.0880001613071986
2021-05-03,50.9109992980957,51.89500045776367,50.52000045776367,51.26499938964844,40919000,1.375,1.1187144688197546
2021-05-04,50.31800079345703,51.16299819946289,49.67900085449219,51.077999114990234,43495000,1.4839973449707031,1.1080000741141183
2021-05-05,49.608001708984375,50.77799987792969,49.4630012512207,50.499000549316406,31294000,1.3149986267089844,1.1245713915143694
2021-05-06,49.95500183105469,49.95500183105469,49.137001037597656,49.5989990234375,37837000,0.8180007934570312,1.0939284733363561
2021-05-07,50.38399887084961,50.85499954223633,50.11199951171875,50.46200180053711,31328000,0.7430000305175781,1.0690713609967912
2021-05-10,48.66899871826172,50.314998626708984,48.611000061035156,50.20000076293945,51316000,1.7039985656738281,1.0674999782017298
2021-05-11,49.507999420166016,49.79899978637695,47.862998962402344,47.974998474121094,44010000,1.9360008239746094,1.1210714067731584
2021-05-12,48.49800109863281,49.354000091552734,48.27000045776367,48.68299865722656,41215000,1.0839996337890625,1.1027142660958427
2021-05-13,48.66600036621094,49.077999114990234,48.270999908447266,48.91299819946289,27125000,0.8069992065429688,1.0960712432861328
2021-05-14,49.33700180053711,49.48500061035156,48.659000396728516,48.7859992980957,28825000,0.8260002136230469,1.1016426086425781
2021-05-17,48.89400100708008,49.270999908447266,48.28099822998047,48.558998107910156,27052000,0.9900016784667969,1.1122856140136719
2021-05-18,48.62799835205078,49.347999572753906,48.61899948120117,48.84000015258789,23505000,0.7290000915527344,1.1282141549246651
2021-05-19,48.77000045776367,48.856998443603516,47.854000091552734,48.16299819946289,33499000,1.0029983520507812,1.126356942313058
2021-05-20,50.16699981689453,50.27000045776367,48.89799880981445,48.95500183105469,37212000,1.3720016479492188,1.1561426435198103
2021-05-21,49.78900146484375,50.540000915527344,49.72600173950195,50.3120002746582,33229000,0.8139991760253906,1.1160711560930525
2021-05-24,50.290000915527344,50.42499923706055,49.95100021362305,50.10499954223633,24126000,0.4739990234375,1.0439284188406808
2021-05-25,50.13399887084961,50.637001037597656,49.922000885009766,50.599998474121094,26995000,0.7150001525878906,1.0010713849748885
2021-05-26,50.236000061035156,50.41400146484375,50.04999923706055,50.23400115966797,24653000,0.3640022277832031,0.9686429159981864
2021-05-27,50.38600158691406,50.5099983215332,49.854000091552734,50.18000030517578,32538000,0.6559982299804688,0.9624285016741071
2021-05-28,50.28099822998047,51.17599868774414,50.25299835205078,50.439998626708984,29103000,0.9230003356933594,0.9066429138183594
2021-06-01,49.90800094604492,50.54100036621094,49.77399826049805,50.4010009765625,24826000,0.7670021057128906,0.8231430053710938
2021-06-02,49.92399978637695,50.321998596191406,49.582000732421875,49.981998443603516,22690000,0.7399978637695312,0.7985714503696987
2021-06-03,48.94300079345703,49.66600036621094,48.724998474121094,49.51900100708008,38874000,0.9410018920898438,0.808143070765904
2021-06-04,49.4739990234375,50.18600082397461,49.095001220703125,49.20000076293945,31605000,1.0909996032714844,0.8270715985979352
2021-06-07,49.465999603271484,49.66999816894531,49.05500030517578,49.29199981689453,27919000,0.6149978637695312,0.8002856118338448
2021-06-08,49.23899841308594,49.88199996948242,48.9370002746582,49.70000076293945,23740000,0.9449996948242188,0.8157141549246651
2021-06-09,48.58100128173828,49.60900115966797,48.46500015258789,49.45000076293945,30550000,1.1440010070800781,0.8257857731410435
2021-06-10,48.72700119018555,49.020999908447266,48.2140007019043,48.71699905395508,43829000,0.8069992065429688,0.7854284558977399
2021-06-11,48.87699890136719,49.14099884033203,48.77799987792969,49.0,31240000,0.36299896240234375,0.7532141549246651
2021-06-14,49.98899841308594,50.349998474121094,48.691001892089844,48.96799850463867,44002000,1.65899658203125,0.8378568376813617
2021-06-15,49.189998626708984,50.12300109863281,49.040000915527344,50.12300109863281,31041000,1.0830001831054688,0.8641425541469029
2021-06-16,49.24100112915039,49.645999908447266,48.62799835205078,49.5,35332000,1.0180015563964844,0.9108567919049945
2021-06-17,49.83399963378906,50.18000030517578,49.01499938964844,49.025001525878906,31983000,1.1650009155273438,0.9472141265869141
2021-06-18,50.07699966430664,50.44900131225586,49.52399826049805,49.63999938964844,51976000,0.9250030517578125,0.947357177734375
2021-06-21,49.70000076293945,50.20500183105469,49.22800064086914,50.16400146484375,52773000,0.9770011901855469,0.9623571123395648
2021-06-22,50.88199996948242,51.35499954223633,49.58000183105469,49.854000091552734,58093000,1.7749977111816406,1.036285672869001
2021-06-23,51.27399826049805,51.66299819946289,50.81999969482422,50.847999572753906,39448000,0.8429985046386719,1.0292854309082031
2021-06-24,51.805999755859375,52.09600067138672,51.439998626708984,51.79600143432617,33612000,0.6560020446777344,0.9982141767229352
2021-06-25,52.707000732421875,53.305999755859375,52.5,52.88399887084961,52991000,0.805999755859375,1.011857169015067
2021-06-28,53.303001403808594,53.39400100708008,52.45600128173828,52.8120002746582,28202000,0.9379997253417969,1.0113571711948939
2021-06-29,53.349998474121094,53.612998962402344,52.856998443603516,53.35499954223633,23146000,0.7560005187988281,0.9836428506033761
2021-06-30,52.82099914550781,53.4379997253418,52.68199920654297,53.40599822998047,27734000,0.7560005187988281,0.9800000871930804
2021-07-01,53.354000091552734,53.70399856567383,52.571998596191406,52.571998596191406,28054000,1.1319999694824219,1.0349287305559431
2021-07-02,53.39799880981445,53.854000091552734,52.93899917602539,53.54999923706055,19755000,0.9150009155273438,0.9817861829485212
2021-07-06,54.16400146484375,54.2859992980957,53.29999923706055,53.29999923706055,27751000,0.9860000610351562,0.9748576028006417
2021-07-07,53.59600067138672,54.4640007019043,53.16600036621094,54.42399978637695,27225000,1.2980003356933594,0.9948575156075614
2021-07-08,53.07600021362305,53.54999923706055,52.909000396728516,53.09299850463867,32690000,0.6409988403320312,0.9574287959507534
2021-07-09,53.597999572753906,53.82600021362305,52.858001708984375,53.099998474121094,27772000,0.9679985046386719,0.9604998997279576
2021-07-12,53.73099899291992,54.064998626708984,53.29199981689453,54.029998779296875,17807000,0.7729988098144531,0.9459283011300224
2021-07-13,54.06800079345703,54.53300094604492,53.57600021362305,53.57600021362305,27516000,0.957000732421875,0.8874999455043248
2021-07-14,54.79499816894531,55.40999984741211,54.10100173950195,54.10100173950195,46595000,1.3089981079101562,0.920785631452288
2021-07-15,54.29499816894531,55.75400161743164,53.81999969482422,55.39699935913086,57139000,1.9340019226074219,1.0120713370186942
2021-07-16,53.03099822998047,54.40599822998047,52.70500183105469,54.180999755859375,34421000,1.7009963989257812,1.0759996686662947
2021-07-19,53.22800064086914,53.49100112915039,52.2239990234375,52.60499954223633,38858000,1.2670021057128906,1.0994998386928014
2021-07-20,53.10499954223633,53.66400146484375,52.029998779296875,52.606998443603516,69304000,1.634002685546875,1.1622142791748047
2021-07-21,51.362998962402344,53.0989990234375,50.56100082397461,52.612998962402344,119068000,2.5379981994628906,1.2894998277936662
2021-07-22,51.176998138427734,51.36800003051758,50.70000076293945,51.020999908447266,43281000,0.667999267578125,1.256356920514788
2021-07-23,51.54100036621094,51.74100112915039,50.465999603271484,51.215999603271484,38205000,1.2750015258789062,1.282071249825614
2021-07-26,51.64899826049805,52.112998962402344,50.9010009765625,51.4379997253418,22545000,1.2119979858398438,1.2982139587402344
2021-07-27,51.89099884033203,52.19499969482422,51.20500183105469,51.80799865722656,27590000,0.9899978637695312,1.2762137821742467
2021-07-28,51.93000030517578,52.446998596191406,51.698001861572266,52.18199920654297,23905000,0.7489967346191406,1.2839279174804688
2021-07-29,51.42499923706055,52.077999114990234,51.37900161743164,51.99599838256836,17360000,0.6989974975585938,1.2647135598318917
2021-07-30,51.75699996948242,51.979000091552734,51.09600067138672,51.26900100708008,25371000,0.8829994201660156,1.2725707462855749
2021-08-02,51.51499938964844,51.98500061035156,51.05099868774414,51.900001525878906,20966000,0.9340019226074219,1.270927974155971
2021-08-03,51.082000732421875,51.5629997253418,50.5369987487793,51.43899917602539,25794000,1.0260009765625,1.250713893345424
2021-08-04,51.73500061035156,51.79800033569336,51.0369987487793,51.29999923706055,20394000,0.7610015869140625,1.1669281550816126
2021-08-05,52.48899841308594,52.54100036621094,51.402000427246094,51.7130012512207,25567000,1.1389999389648438,1.1267855507986886
2021-08-06,52.05500030517578,52.683998107910156,51.93899917602539,52.400001525878906,19198000,0.7449989318847656,1.0894996098109655
2021-08-09,51.99700164794922,52.266998291015625,51.79899978637695,52.1150016784668,13678000,0.4679985046386719,1.006213596888951
2021-08-10,51.58399963378906,52.07899856567383,51.297000885009766,52.0,19605000,0.7819976806640625,0.8807849884033203
2021-08-11,51.2400016784668,51.957000732421875,50.97700119018555,51.70000076293945,16739000,0.9799995422363281,0.9030707223074776
2021-08-12,51.071998596191406,51.29999923706055,50.720001220703125,51.18600082397461,16857000,0.5799980163574219,0.8534276144845145
2021-08-13,51.59199905395508,52.14400100708008,51.1510009765625,51.263999938964844,21777000,0.9930000305175781,0.837784903390067
2021-08-16,51.79199981689453,52.3380012512207,51.22999954223633,51.52399826049805,20328000,1.108001708984375,0.8462137494768415
2021-08-17,51.89099884033203,52.07899856567383,51.41999816894531,51.547000885009766,23098000,0.6590003967285156,0.8397854396275112
2021-08-18,52.1870002746582,52.63800048828125,51.8650016784668,52.0,25820000,0.7729988098144531,0.8450712476457868
2021-08-19,54.37099838256836,54.8390007019043,52.1870002746582,52.27399826049805,74973000,2.6520004272460938,0.971428462437221
2021-08-20,54.6879997253418,55.138999938964844,53.90999984741211,54.50899887084961,37764000,1.2290000915527344,0.992499760219029
2021-08-23,55.33300018310547,55.55500030517578,54.374000549316406,54.597999572753906,26020000,1.180999755859375,1.0035711015973772
2021-08-24,55.340999603271484,55.53099822998047,54.926998138427734,55.14799880981445,21095000,0.6040000915527344,0.992356709071568
2021-08-25,54.757999420166016,55.284000396728516,54.54499816894531,55.01599884033203,20656000,0.7390022277832031,0.9637854439871651
2021-08-26,55.012001037597656,55.2599983215332,54.59000015258789,54.61600112915039,15955000,0.6699981689453125,0.9584282466343471
2021-08-27,55.891998291015625,56.41699981689453,54.92499923706055,55.15999984741211,32526000,1.4920005798339844,1.0315712520054408
2021-08-30,56.61800003051758,56.715999603271484,55.64500045776367,55.724998474121094,24348000,1.0709991455078125,1.0522142137799944
2021-08-31,56.91899871826172,56.948001861572266,56.1609992980957,56.61199951171875,24319000,0.7870025634765625,1.038428715297154
2021-09-01,58.207000732421875,59.099998474121094,56.900001525878906,56.900001525878906,56262000,2.1999969482421875,1.1541429247174944
2021-09-02,58.85499954223633,59.875999450683594,58.36800003051758,58.36800003051758,61799000,1.5079994201660156,1.1909285954066686
2021-09-03,59.053001403808594,59.1879997253418,58.31399917602539,58.58000183105469,26812000,0.8740005493164062,1.1742142268589564
2021-09-07,60.67100143432617,61.3849983215332,59.39899826049805,59.46900177001953,58214000,1.9860000610351562,1.2689999171665736
2021-09-08,60.60499954223633,61.560001373291016,59.57099914550781,60.38399887084961,54245000,1.9890022277832031,1.3558573041643416
2021-09-09,59.75400161743164,60.944000244140625,59.654998779296875,60.64699935913086,29542000,1.28900146484375,1.258500235421317
2021-09-10,59.87200164794922,60.94499969482422,59.367000579833984,59.816001892089844,39508000,1.5779991149902344,1.283428737095424
2021-09-13,58.92900085449219,59.856998443603516,58.27799987792969,59.856998443603516,30629000,1.5789985656738281,1.3118572235107422
2021-09-14,57.7760009765625,58.72800064086914,57.555999755859375,58.48899841308594,34570000,1.1720008850097656,1.352428708757673
2021-09-15,58.2869987487793,58.46200180053711,57.5369987487793,57.81700134277344,27556000,0.9250030517578125,1.3657144818987166
2021-09-16,58.650001525878906,58.74800109863281,57.77199935913086,58.43000030517578,18320000,0.9760017395019531,1.3875718797956194
2021-09-17,58.935001373291016,59.02799987792969,58.084999084472656,58.78499984741211,41451000,0.9430007934570312,1.3483576093401228
2021-09-20,57.542999267578125,59.15299987792969,56.80799865722656,58.67900085449219,37322000,2.345001220703125,1.4393577575683594
2021-09-21,57.31399917602539,58.1879997253418,56.9370002746582,57.83100128173828,22509000,1.2509994506835938,1.4725003923688615
2021-09-22,59.064998626708984,59.564998626708984,57.96900177001953,57.96900177001953,40218000,1.5959968566894531,1.4293575286865234
2021-09-23,59.32600021362305,59.93199920654297,58.91299819946289,59.07899856567383,25262000,1.0190010070800781,1.3944290706089564
2021-09-24,59.23899841308594,59.29800033569336,58.36399841308594,59.25,21262000,0.9340019226074219,1.398714882986886
2021-09-27,59.263999938964844,59.358001708984375,57.69300079345703,58.79499816894531,25047000,1.6650009155273438,1.375786372593471
2021-09-28,58.3849983215332,59.95399856567383,58.01599884033203,58.900001525878906,44311000,1.9379997253417969,1.372143336704799
2021-09-29,59.90599822998047,60.987998962402344,58.80099868774414,58.9010009765625,62210000,2.187000274658203,1.436286108834403
2021-09-30,61.034000396728516,61.900001525878906,60.80500030517578,60.80500030517578,66126000,1.095001220703125,1.4017862592424666
2021-10-01,61.314998626708984,61.499000549316406,59.750999450683594,60.42399978637695,40908000,1.7480010986328125,1.413857868739537
2021-10-04,60.334999084472656,62.612998962402344,59.46799850463867,61.3390007019043,49959000,3.145000457763672,1.5547864096505302
2021-10-05,63.48099899291992,64.03900146484375,60.68899917602539,60.694000244140625,95343000,3.3500022888183594,1.7280006408691406
2021-10-06,63.90999984741211,63.98699951171875,62.63600158691406,62.81800079345703,45804000,1.3509979248046875,1.7547860826764787
2021-10-07,63.185001373291016,64.68399810791016,63.04499816894531,64.2229995727539,35569000,1.6389999389648438,1.8045003073556083
2021-10-08,63.26599884033203,64.37999725341797,63.08599853515625,63.41699981689453,32721000,1.2939987182617188,1.729428700038365
2021-10-11,62.70399856567383,63.94200134277344,62.678001403808594,63.31999969482422,28625000,1.2639999389648438,1.7303573063441686
2021-10-12,62.49399948120117,63.76599884033203,62.19900131225586,63.301998138427734,32273000,1.5669975280761719,1.7282859257289342
2021-10-13,62.97600173950195,63.21799850463867,62.209999084472656,63.21799850463867,24203000,1.0079994201660156,1.7275000980922155
2021-10-14,63.380001068115234,63.6879997253418,62.67900085449219,63.222999572753906,26717000,1.0089988708496094,1.7328570229666573
2021-10-15,62.82899856567383,63.94200134277344,62.51599884033203,63.79999923706055,41169000,1.4260025024414062,1.7157857077462333
2021-10-18,63.797000885009766,63.840999603271484,62.058998107910156,63.209999084472656,46691000,1.7820014953613281,1.7046429770333427
2021-10-19,63.900001525878906,64.0999984741211,63.22999954223633,63.696998596191406,76331000,0.8699989318847656,1.6105714525495256
2021-10-20,62.513999938964844,63.7400016784668,61.71500015258789,62.55699920654297,106220000,2.0250015258789062,1.6770000457763672
2021-10-21,65.31600189208984,65.4010009765625,62.8650016784668,62.888999938964844,84371000,2.535999298095703,1.733285631452288
2021-10-22,66.47799682617188,66.5459976196289,65.18099975585938,65.18099975585938,61860000,1.3649978637695312,1.606142589024135
2021-10-25,67.16600036621094,67.58799743652344,65.70700073242188,66.3740005493164,38335000,1.8809967041015625,1.501213618687221
2021-10-26,66.85199737548828,67.64900207519531,66.2770004272461,67.3759994506836,29048000,1.3720016479492188,1.502713884626116
2021-10-27,66.29199981689453,67.14099884033203,66.18499755859375,66.9000015258789,22769000,0.9560012817382812,1.4539282662527901
2021-10-28,67.40499877929688,67.68000030517578,66.8030014038086,67.09500122070312,28594000,0.8769989013671875,1.424142565046038
2021-10-29,69.03099822998047,69.09700012207031,67.1240005493164,67.30599975585938,38253000,1.9729995727539062,1.474785396030971
2021-11-01,68.11699676513672,68.99700164794922,67.65399932861328,68.90599822998047,31109000,1.3430023193359375,1.4587857382638114
2021-11-02,67.77200317382812,68.76799774169922,67.38200378417969,68.31099700927734,38886000,1.3859939575195312,1.4857853480747767
2021-11-03,68.8290023803711,68.93900299072266,67.72699737548828,67.72699737548828,23349000,1.212005615234375,1.5002858298165458
2021-11-04,66.83999633789062,68.59400177001953,66.55000305175781,68.58899688720703,48650000,2.0439987182617188,1.5444284166608537
2021-11-05,64.5719985961914,66.56400299072266,64.5009994506836,66.39700317382812,52835000,2.0630035400390625,1.564499991280692
2021-11-08,65.1449966430664,65.5999984741211,64.37899780273438,65.02899932861328,28875000,1.2210006713867188,1.58957154410226
2021-11-09,65.5989990234375,66.05000305175781,65.052001953125,65.37000274658203,24156000,0.9980010986328125,1.516214370727539
2021-11-10,64.69100189208984,66.03299713134766,64.21099853515625,65.3010025024414,24058000,1.8219985961914062,1.4652143205915178
2021-11-11,65.75800323486328,66.58200073242188,64.97100067138672,65.02400207519531,28683000,1.6110000610351562,1.482785906110491
2021-11-12,68.26100158691406,68.33399963378906,65.38200378417969,66.0009994506836,41984000,2.951995849609375,1.5592858450753349
2021-11-15,67.93299865722656,68.5260009765625,67.14900207519531,68.1240005493164,28722000,1.3769989013671875,1.5596427917480469
2021-11-16,68.73999786376953,68.83599853515625,67.69000244140625,67.8270034790039,20774000,1.14599609375,1.573213849748884
2021-11-17,69.16899871826172,70.0989990234375,68.60900115966797,69.0,27328000,1.4899978637695312,1.6169994899204798
2021-11-18,68.2020034790039,69.17400360107422,67.9739990234375,69.16100311279297,20129000,1.2000045776367188,1.5617855616978236
2021-11-19,67.87999725341797,69.41600036621094,67.5,69.23500061035156,26137000,1.9160003662109375,1.6027139936174666
2021-11-22,65.91999816894531,67.947998046875,65.64700317382812,67.60199737548828,27644000,2.300994873046875,1.6680712018694197
2021-11-23,65.40599822998047,66.64299774169922,64.6050033569336,65.81800079345703,23202000,2.037994384765625,1.7270703996930803
2021-11-24,65.8290023803711,66.14399719238281,65.11000061035156,65.8010025024414,18673000,1.03399658203125,1.6549273899623327
2021-11-26,66.56400299072266,67.64099884033203,66.06700134277344,67.5,28725000,1.5739974975585938,1.6199983869280135
2021-11-29,66.38400268554688,66.79900360107422,65.8290023803711,66.31999969482422,25294000,0.970001220703125,1.6020698547363281
2021-11-30,64.19000244140625,67.53800201416016,64.0009994506836,66.81999969482422,56089000,3.5370025634765625,1.7834271022251673
2021-12-01,61.777000427246094,65.4520034790039,61.707000732421875,64.947998046875,38828000,3.7450027465820312,1.9207845415387834
2021-12-02,61.64699935913086,62.5359992980957,61.28799819946289,61.709999084472656,33311000,1.2480010986328125,1.8948560442243303
2021-12-03,60.2130012512207,62.54999923706055,59.400001525878906,62.275001525878906,48293000,3.1499977111816406,1.908999034336635
2021-12-06,61.26900100708008,61.729000091552734,60.099998474121094,60.60100173950195,30757000,1.6290016174316406,1.926999228341239
2021-12-07,62.55799865722656,62.888999938964844,61.13999938964844,61.983001708984375,31252000,1.7490005493164062,1.9700709751674108
2021-12-08,62.80799865722656,63.24599838256836,62.31999969482422,63.0,22203000,0.9259986877441406,1.9297853197370256
2021-12-09,61.099998474121094,63.02399826049805,61.04399871826172,62.757999420166016,23763000,1.9799995422363281,1.9854992457798548
2021-12-10,61.16600036621094,61.77399826049805,60.5880012512207,61.678001403808594,27488000,1.1859970092773438,1.9333561488560267
2021-12-13,60.45600128173828,61.263999938964844,59.95199966430664,61.20000076293945,25179000,1.3120002746582031,1.8627136775425501
2021-12-14,59.79899978637695,60.229000091552734,58.8129997253418,59.87099838256836,29845000,1.4160003662109375,1.8182855333600725
2021-12-15,60.50400161743164,60.569000244140625,58.45100021362305,59.81800079345703,28662000,2.118000030517578,1.895714351109096
2021-12-16,59.10599899291992,60.28300094604492,58.79999923706055,59.70899963378906,31432000,1.483001708984375,1.8892146519252233
2021-12-17,58.67300033569336,59.32500076293945,58.17399978637695,59.1609992980957,43869000,1.1510009765625,1.9021432059151786
2021-12-20,59.374000549316406,60.28799819946289,58.42599868774414,58.643001556396484,33584000,1.86199951171875,1.7825001307896204
2021-12-21,60.492000579833984,60.78200149536133,59.38600158691406,59.75400161743164,23194000,1.3959999084472656,1.6147142137799944
2021-12-22,61.42399978637695,61.481998443603516,60.26300048828125,60.33599853515625,23357000,1.2189979553222656,1.612642560686384
2021-12-23,61.409000396728516,61.6879997253418,60.75699996948242,61.63999938964844,16211000,0.930999755859375,1.4541427067347936
2021-12-27,61.3120002746582,61.5,60.92499923706055,61.5,20615000,0.5750007629394531,1.378856931413923
2021-12-28,61.07099914550781,61.840999603271484,60.96900177001953,61.494998931884766,18828000,0.8719978332519531,1.316213880266462
2021-12-29,61.05400085449219,61.39799880981445,60.46799850463867,61.07099914550781,12872000,0.9300003051757812,1.3164997100830078
2021-12-30,61.20899963378906,62.06100082397461,61.124000549316406,61.29899978637695,16251000,0.9370002746582031,1.2419997623988561
2021-12-31,60.24399948120117,61.40800094604492,60.20500183105469,61.000999450683594,19959000,1.2029991149902344,1.2432141985212053
2022-01-03,59.73699951171875,60.999000549316406,59.055999755859375,60.56100082397461,30675000,1.9430007934570312,1.2882856641496931
2022-01-04,59.1150016784668,60.04100036621094,58.15999984741211,59.99100112915039,43931000,1.8810005187988281,1.321499960763114
2022-01-05,56.75199890136719,59.284000396728516,56.6879997253418,59.20000076293945,41487000,2.5960006713867188,1.355642863682338
2022-01-06,55.32899856567383,56.33599853515625,54.20100021362305,55.433998107910156,57118000,2.134998321533203,1.4022140502929688
2022-01-07,54.10599899291992,55.34299850463867,53.821998596191406,54.94599914550781,33829000,1.5209999084472656,1.4286425454275948
2022-01-10,53.98500061035156,54.36899948120117,52.63199996948242,53.8489990234375,44861000,1.73699951171875,1.4197139739990234
2022-01-11,54.08399963378906,54.39099884033203,53.00699996948242,53.69900131225586,30778000,1.3839988708496094,1.4188567570277624
2022-01-12,53.72200012207031,54.426998138427734,53.20199966430664,54.426998138427734,37874000,1.2249984741210938,1.4192853655133928
2022-01-13,51.91999816894531,54.07899856567383,51.82600021362305,53.70600128173828,44751000,2.2529983520507812,1.5137138366699219
2022-01-14,52.569000244140625,53.83700180053711,51.1879997253418,51.7599983215332,78611000,2.6490020751953125,1.6618567875453405
2022-01-18,51.08000183105469,52.17499923706055,50.86800003051758,52.007999420166016,48391000,1.3069992065429688,1.6929283142089844
2022-01-19,51.58599853515625,52.32099914550781,51.05099868774414,51.5,43535000,1.2700004577636719,1.7172140393938338
2022-01-20,50.82500076293945,52.66400146484375,50.69300079345703,51.775001525878906,126590000,1.9710006713867188,1.7910712105887276
2022-01-21,39.75,40.915000915527344,37.999000549316406,40.042999267578125,589043000,2.9160003662109375,1.913428442818778
2022-01-24,38.71500015258789,38.72600173950195,35.145999908447266,38.39099884033203,323460000,3.5800018310546875,2.0303570883614674
2022-01-25,36.641998291015625,38.770999908447266,36.51300048828125,37.91400146484375,151458000,2.2579994201660156,2.057285581316267
2022-01-26,35.970001220703125,38.26599884033203,35.6619987487793,37.82699966430664,126840000,2.6040000915527344,2.057856968470982
2022-01-27,38.66999816894531,39.47999954223633,37.810001373291016,38.20600128173828,243247000,1.6699981689453125,2.024642671857561
2022-01-28,38.43600082397461,38.70000076293945,37.20800018310547,38.67599868774414,119666000,1.4920005798339844,2.022571291242327
2022-01-31,42.7140007019043,42.77000045776367,39.81999969482422,40.196998596191406,200475000,2.950000762939453,2.1092142377580916
2022-02-01,45.7130012512207,45.847999572753906,42.55400085449219,43.29600143432617,225681000,3.2939987182617188,2.2456427982875278
2022-02-02,42.948001861572266,45.198001861572266,42.64799880981445,44.82500076293945,143460000,2.5500030517578125,2.340285982404436
2022-02-03,40.560001373291016,42.92599868774414,40.428001403808594,42.14400100708008,99052000,2.497997283935547,2.357785906110491
2022-02-04,41.016998291015625,41.277000427246094,39.66400146484375,40.73099899291992,77898000,1.6129989624023438,2.2837856837681363
2022-02-07,40.209999084472656,41.23500061035156,39.35499954223633,41.016998291015625,82329000,1.8800010681152344,2.324714388166155
2022-02-08,40.35300064086914,40.6609992980957,39.58300018310547,39.81800079345703,68185000,1.0779991149902344,2.311000006539481
2022-02-09,41.28900146484375,41.29800033569336,39.87900161743164,40.8650016784668,77382000,1.4189987182617188,2.271571295601981
2022-02-10,40.62699890136719,40.79999923706055,39.63600158691406,40.209999084472656,84529000,1.1639976501464844,2.14642824445452
2022-02-11,39.13100051879883,41.1609992980957,38.76499938964844,40.53300094604492,75589000,2.3959999084472656,2.06185667855399
2022-02-14,39.65700149536133,40.93600082397461,38.68899917602539,38.75899887084961,72022000,2.2470016479492188,2.061071123395647
2022-02-15,40.74599838256836,40.91600036621094,40.10100173950195,40.37900161743164,53923000,0.8149986267089844,1.9332853044782365
2022-02-16,39.80799865722656,40.15599822998047,39.03799819946289,40.15299987792969,52777000,1.1180000305175781,1.8938568660191126
2022-02-17,38.66699981689453,39.9109992980957,38.56999969482422,39.42399978637695,46692000,1.3409996032714844,1.8830710819789342
2022-02-18,39.12900161743164,40.2869987487793,38.904998779296875,39.25299835205078,68017000,1.3819999694824219,1.7710710253034319
2022-02-22,37.737998962402344,39.242000579833984,37.301998138427734,38.89500045776367,66975000,1.94000244140625,1.6743570055280412
2022-02-23,36.74599838256836,38.599998474121094,36.66600036621094,38.27199935913086,46143000,1.9339981079101562,1.6303566523960658
2022-02-24,39.00299835205078,39.073001861572266,35.47200012207031,35.50899887084961,70687000,3.601001739501953,1.7091426849365234
2022-02-25,39.08000183105469,39.12900161743164,37.55799865722656,38.6609992980957,48416000,1.5710029602050781,1.7061429704938615
2022-02-28,39.45199966430664,39.775001525878906,38.2130012512207,38.733001708984375,50350000,1.5620002746582031,1.6834286281040736
2022-03-01,38.624000549316406,39.5,38.37099838256836,39.15999984741211,32904000,1.1290016174316406,1.6870716639927454
2022-03-02,38.00299835205078,38.922000885009766,37.520999908447266,38.893001556396484,53568000,1.4010009765625,1.6857861110142298
2022-03-03,36.80699920654297,38.61199951171875,36.46500015258789,38.599998474121094,60768000,2.1469993591308594,1.7560005187988281
2022-03-04,36.17300033569336,37.481998443603516,35.71699905395508,36.79999923706055,53255000,1.7649993896484375,1.7109290531703405
2022-03-07,35.0260009765625,36.20000076293945,35.02000045776367,36.04100036621094,57084000,1.1800003051757812,1.6347146715436662
2022-03-08,34.17599868774414,35.88600158691406,34.06700134277344,34.97999954223633,64287000,1.819000244140625,1.7064290727887834
2022-03-09,35.87900161743164,36.41400146484375,35.05099868774414,35.76900100708008,65202000,1.3630027770996094,1.7239292689732142
2022-03-10,35.676998138427734,36.70199966430664,35.33000183105469,35.619998931884766,48078000,1.3719978332519531,1.7261434282575334
2022-03-11,34.03200149536133,36.33599853515625,34.0,36.11899948120117,48199000,2.33599853515625,1.7942861829485213
2022-03-14,33.10100173950195,34.13199996948242,32.981998443603516,33.87200164794922,59078000,1.1500015258789062,1.7378575461251395
2022-03-15,34.375,34.5359992980957,33.236000061035156,33.5099983215332,54606000,1.2999992370605469,1.6925719124930245
2022-03-16,35.75299835205078,35.999000549316406,34.305999755859375,34.81999969482422,69825000,1.6930007934570312,1.556286130632673
2022-03-17,37.13999938964844,37.33100128173828,35.487998962402344,35.970001220703125,58183000,1.8430023193359375,1.5757146562848772
2022-03-18,38.060001373291016,38.18000030517578,36.84700012207031,37.20000076293945,83248000,1.3330001831054688,1.5593575068882533
2022-03-21,37.45899963378906,38.18199920654297,36.89400100708008,37.801998138427734,48665000,1.2879981994628906,1.5707144056047713
2022-03-22,38.29199981689453,38.66600036621094,36.67599868774414,37.11399841308594,42428000,1.9900016784667969,1.612785884312221
2022-03-23,37.44900131225586,38.24599838256836,37.44900131225586,37.97700119018555,37290000,0.7969970703125,1.516357149396624
2022-03-24,37.57099914550781,37.97600173950195,36.88999938964844,37.97600173950195,38885000,1.0860023498535156,1.4678573608398438
2022-03-25,37.3849983215332,37.763999938964844,36.643001556396484,37.707000732421875,35745000,1.1209983825683594,1.4636429377964564
2022-03-28,37.85100173950195,38.02799987792969,36.67300033569336,37.52299880981445,43234000,1.3549995422363281,1.4305000305175781
2022-03-29,39.18199920654297,39.650001525878906,38.03300094604492,38.43899917602539,58807000,1.6170005798339844,1.4486427307128906
2022-03-30,38.14699935913086,39.27000045776367,37.862998962402344,38.95500183105469,40233000,1.4070014953613281,1.4511429922921317
2022-03-31,37.45899963378906,38.400001525878906,37.361000061035156,38.35900115966797,41347000,1.03900146484375,1.3585003444126673
2022-04-01,37.34700012207031,38.08700180053711,36.849998474121094,37.68000030517578,46442000,1.2370033264160156,1.3647147587367467
2022-04-04,39.150001525878906,39.60200119018555,37.3129997253418,37.35499954223633,70018000,2.28900146484375,1.4353577750069755
2022-04-05,38.01499938964844,39.0,37.73099899291992,38.93000030517578,42345000,1.2690010070800781,1.4050720759800501
2022-04-06,36.834999084472656,37.64699935913086,36.27299880981445,37.415000915527344,43549000,1.3740005493164062,1.3715719495500838
2022-04-07,36.21500015258789,36.854000091552734,35.36899948120117,36.5,49489000,1.4850006103515625,1.3824291229248047
2022-04-08,35.5880012512207,36.25,35.48699951171875,36.19599914550781,40252000,0.76300048828125,1.3449292864118303
2022-04-11,34.79999923706055,35.47800064086914,34.52000045776367,35.0,37771000,0.9580001831054688,1.2712148938860213
2022-04-12,34.40999984741211,35.941001892089844,34.224998474121094,35.590999603271484,38243000,1.71600341796875,1.3368582044328963
2022-04-13,35.042999267578125,35.20000076293945,34.11600112915039,34.391998291015625,32310000,1.0839996337890625,1.3367151532854353
2022-04-14,34.112998962402344,35.20000076293945,33.986000061035156,35.095001220703125,43438000,1.2140007019042969,1.3433581760951452
2022-04-18,33.7859992980957,34.236000061035156,33.1619987487793,34.0,51050000,1.0740013122558594,1.323286873953683
2022-04-19,34.861000061035156,35.167999267578125,33.321998596191406,33.321998596191406,209069000,1.8460006713867188,1.3396440233503069
2022-04-20,22.618999481201172,24.8700008392334,21.250999450683594,24.520000457763672,1333875000,3.6190013885498047,1.4976440157209123
2022-04-21,21.82200050354004,22.76799964904785,21.152000427246094,22.0,535016000,1.6159992218017578,1.538858141217913
2022-04-22,21.552000045776367,22.62700080871582,21.0049991607666,22.01799964904785,375151000,1.6220016479492188,1.5663580213274275
2022-04-25,20.990999221801758,21.666000366210938,20.451000213623047,21.381000518798828,281520000,1.2150001525878906,1.4896436418805803
2022-04-26,19.84000015258789,20.915000915527344,19.827999114990234,20.8799991607666,203181000,1.0870018005371094,1.4766436985560827
2022-04-27,18.854000091552734,20.018999099731445,18.777000427246094,19.400999069213867,222984000,1.2419986724853516,1.4672149930681502
2022-04-28,19.95199966430664,20.148000717163086,18.559999465942383,19.1560001373291,213632000,1.5880012512207031,1.4745721817016602
2022-04-29,19.035999298095703,20.47100067138672,19.0,19.868000030517578,163919000,1.4710006713867188,1.5251436233520508
2022-05-02,19.945999145507812,20.020999908447266,19.000999450683594,19.17099952697754,145916000,1.0200004577636719,1.5295722143990653
2022-05-03,19.98699951171875,20.31999969482422,19.476999282836914,19.82900047302246,118394000,0.8430004119873047,1.467214856828962
2022-05-04,20.400999069213867,20.437999725341797,19.10099983215332,19.764999389648438,122188000,1.3369998931884766,1.4852863039289201
2022-05-05,18.832000732421875,20.070999145507812,18.600000381469727,20.045000076293945,139713000,1.470998764038086,1.503643308367048
2022-05-06,18.097000122070312,18.72100067138672,17.58099937438965,18.674999237060547,171855000,1.1400012969970703,1.5083575929914201
2022-05-09,17.309999465942383,18.31999969482422,17.229999542236328,17.766000747680664,140313000,1.0900001525878906,1.4543575559343611
2022-05-10,17.766000747680664,18.187000274658203,17.05699920654297,17.60099983215332,138839000,1.1300010681152344,1.276571818760463
2022-05-11,16.636999130249023,18.091999053955078,16.55500030517578,17.608999252319336,126655000,1.5369987487792969,1.2709289278302873
2022-05-12,17.430999755859375,17.757999420166016,16.270999908447266,16.395999908447266,176621000,1.48699951171875,1.2612859180995397
2022-05-13,18.763999938964844,18.777000427246094,17.60099983215332,17.715999603271484,131363000,1.1760005950927734,1.258500235421317
2022-05-16,18.650999069213867,19.589000701904297,18.56999969482422,19.329999923706055,161450000,1.0190010070800781,1.2536430358886719
2022-05-17,19.055999755859375,19.139999389648438,18.517000198364258,18.91699981689453,98767000,0.6229991912841797,1.2094287872314453
2022-05-18,17.7189998626709,18.770000457763672,17.62700080871582,18.672000885009766,96656000,1.1429996490478516,1.1776429585048132
2022-05-19,18.347999572753906,18.6299991607666,17.570999145507812,17.80500030517578,104485000,1.059000015258789,1.148214340209961
2022-05-20,18.635000228881836,19.018999099731445,17.976999282836914,18.586999893188477,104294000,1.0419998168945312,1.1497857230050224
2022-05-23,18.743999481201172,18.766000747680664,17.788999557495117,18.614999771118164,96020000,0.9770011901855469,1.1593572071620397
2022-05-24,18.034000396728516,18.399999618530273,17.716999053955078,18.200000762939453,77064000,0.6830005645751953,1.1126429694039481
2022-05-25,18.783000946044922,18.886999130249023,18.017000198364258,18.027999877929688,85221000,0.8699989318847656,1.0697144099644251
2022-05-26,19.139999389648438,19.233999252319336,18.30900001525879,18.64900016784668,80499000,0.9249992370605469,1.0543571199689592
2022-05-27,19.518999099731445,19.524999618530273,19.03700065612793,19.319000244140625,85860000,0.48799896240234375,1.011357034955706
2022-05-31,19.743999481201172,19.9950008392334,19.079999923706055,19.618000030517578,113985000,0.9150009155273438,0.9959998811994281
2022-06-01,19.291000366210938,20.27400016784668,19.166000366210938,19.8700008392334,84162000,1.1079998016357422,0.9653570992606026
2022-06-02,20.509000778198242,20.547000885009766,19.172000885009766,19.20199966430664,96231000,1.375,0.9573571341378349
2022-06-03,19.898000717163086,20.295000076293945,19.80500030517578,20.013999938964844,71918000,0.48999977111816406,0.9083570752825055
2022-06-06,19.714000701904297,20.386999130249023,19.538000106811523,20.208999633789062,53720000,0.8489990234375,0.8962140764508929
2022-06-07,19.861000061035156,19.959999084472656,19.299999237060547,19.48699951171875,48395000,0.6599998474121094,0.8988569804600307
2022-06-08,20.283000946044922,20.738000869750977,19.763999938964844,19.795000076293945,72441000,0.9740009307861328,0.8867856434413365
2022-06-09,19.277000427246094,20.16900062561035,19.253999710083008,20.065000534057617,69490000,0.9150009155273438,0.876499993460519
2022-06-10,18.29400062561035,18.586000442504883,18.084999084472656,18.263999938964844,130656000,0.5010013580322266,0.8378572463989258
2022-06-13,16.9689998626709,17.909000396728516,16.895999908447266,17.707000732421875,102224000,1.01300048828125,0.8404286248343331
2022-06-14,16.753999710083008,17.20599937438965,16.42799949645996,16.975000381469727,115553000,0.7779998779296875,0.8472142900739398
2022-06-15,18.01099967956543,18.385000228881836,16.85300064086914,16.926000595092773,123960000,1.5319995880126953,0.8945000512259347
2022-06-16,17.334999084472656,17.62700080871582,17.1560001373291,17.399999618530273,82013000,0.47100067138671875,0.8620715822492327
2022-06-17,17.551000595092773,17.96500015258789,17.333999633789062,17.363000869750977,121334000,0.6310005187988281,0.8722859791346959
2022-06-21,17.090999603271484,17.86199951171875,16.979999542236328,17.760000228881836,121776000,0.8819999694824219,0.8699287687029157
2022-06-22,17.888999938964844,18.281999588012695,17.020000457763672,17.075000762939453,119924000,1.2619991302490234,0.8809287207467216
2022-06-23,18.17099952697754,18.275999069213867,17.586999893188477,18.049999237060547,95382000,0.6889991760253906,0.8319286618913923
2022-06-24,19.084999084472656,19.118999481201172,18.18400001525879,18.350000381469727,124240000,0.9349994659423828,0.8637143543788365
2022-06-27,18.913999557495117,19.17799949645996,18.23900032043457,19.177000045776367,83639000,0.9389991760253906,0.870142936706543
2022-06-28,17.959999084472656,19.219999313354492,17.937000274658203,18.920000076293945,71854000,1.282999038696289,0.9146428789411273
2022-06-29,17.836000442504883,18.066999435424805,17.510000228881836,17.954999923706055,57668000,0.5569992065429688,0.884857041495187
2022-06-30,17.48699951171875,17.94499969482422,17.030000686645508,17.707000732421875,78947000,0.9149990081787109,0.8848569052559989
2022-07-01,17.9950008392334,18.010000228881836,17.427000045776367,17.64900016784668,52016000,0.5830001831054688,0.8907139641898019
2022-07-05,18.58799934387207,18.591999053955078,17.26799964904785,17.628000259399414,73343000,1.3239994049072266,0.9129281725202288
2022-07-06,18.4060001373291,18.621999740600586,18.082000732421875,18.520000457763672,57534000,0.5399990081787109,0.8959281103951591
2022-07-07,18.927000045776367,19.020999908447266,18.350000381469727,18.427000045776367,63345000,0.6709995269775391,0.834428106035505
2022-07-08,18.697999954223633,18.990999221801758,18.274999618530273,18.601999282836914,58357000,0.7159996032714844,0.8519280297415597
2022-07-11,17.733999252319336,18.499000549316406,17.68899917602539,18.472999572753906,60388000,0.8100013732910156,0.8647138050624302
2022-07-12,17.44499969482422,17.97800064086914,17.341999053955078,17.732999801635742,68453000,0.6360015869140625,0.8471424920218331
2022-07-13,17.6560001373291,17.917999267578125,16.969999313354492,17.049999237060547,127344000,0.9479999542236328,0.8247139794485909
2022-07-14,17.47800064086914,17.75200080871582,17.18199920654297,17.555999755859375,90395000,0.5700016021728516,0.8162141527448382
2022-07-15,18.910999298095703,18.922000885009766,17.45599937438965,17.558000564575195,163191000,1.4660015106201172,0.8541428702218192
2022-07-18,19.091999053955078,19.966999053955078,18.979999542236328,19.25,163228000,0.98699951171875,0.8575714656284877
2022-07-19,20.163000106811523,20.19700050354004,18.84000015258789,19.302000045776367,281787000,1.3570003509521484,0.8628572736467633
2022-07-20,21.643999099731445,21.69700050354004,20.010000228881836,20.816999435424805,539203000,1.6870002746582031,0.9435716356549945
2022-07-21,22.38800048828125,22.43199920654297,21.149999618530273,21.43000030517578,234301000,1.2819995880126953,0.9697859627859933
2022-07-22,22.04400062561035,22.934999465942383,21.8439998626709,22.238000869750977,178055000,1.0909996032714844,1.0060716356549944
2022-07-25,21.85099983215332,22.523000717163086,21.635000228881836,22.131000518798828,109352000,0.88800048828125,0.9749288558959961
2022-07-26,21.391000747680664,21.93899917602539,21.163999557495117,21.666000366210938,95085000,0.7749996185302734,0.9917146137782505
2022-07-27,22.674999237060547,22.777999877929688,21.45800018310547,21.648000717163086,105084000,1.3199996948242188,1.038071768624442
2022-07-28,22.601999282836914,22.809999465942383,21.966999053955078,22.459999084472656,89727000,0.8430004119873047,1.0471432549612862
2022-07-29,22.489999771118164,23.075000762939453,22.239999771118164,22.32900047302246,90649000,0.8350009918212891,1.048928941999163
2022-08-01,22.621000289916992,22.839000701904297,22.100000381469727,22.309999465942383,55250000,0.7390003204345703,1.056285994393485
2022-08-02,22.142000198364258,22.81999969482422,22.08799934387207,22.275999069213867,63613000,0.7320003509521484,1.0408574513026647
2022-08-03,22.67300033569336,22.809999465942383,22.242000579833984,22.479000091552734,64007000,0.5679988861083984,1.0407144001552038
2022-08-04,22.990999221801758,23.207000732421875,22.5049991607666,22.76799964904785,71427000,0.7020015716552734,0.9861429759434291
2022-08-05,22.67799949645996,22.86199951171875,22.28700065612793,22.530000686645508,55397000,0.5749988555908203,0.956714357648577
2022-08-08,23.349000930786133,24.195999145507812,22.641000747680664,22.749000549316406,109821000,1.5549983978271484,0.9708570752825055
2022-08-09,22.993999481201172,23.219999313354492,22.46500015258789,23.16200065612793,61812000,0.7549991607666016,0.9042855671473912
2022-08-10,24.410999298095703,24.45400047302246,23.65999984741211,23.698999404907227,92548000,0.7940006256103516,0.8694284984043666
2022-08-11,24.270000457763672,25.16200065612793,24.150999069213867,24.468000411987305,87801000,1.0110015869140625,0.8637143543788365
2022-08-12,24.93000030517578,24.94099998474121,24.375999450683594,24.481000900268555,60985000,0.5650005340576172,0.8406429290771484
2022-08-15,24.910999298095703,25.198999404907227,24.750999450683594,24.81100082397461,65274000,0.4479999542236328,0.8172858101981026
2022-08-16,24.569000244140625,24.929000854492188,24.402999877929688,24.715999603271484,51368000,0.5260009765625,0.7605716160365513
2022-08-17,24.114999771118164,24.423999786376953,23.756000518798828,24.118000030517578,56272000,0.667999267578125,0.7480715342930385
2022-08-18,24.517000198364258,24.648000717163086,23.92799949645996,24.195999145507812,52804000,0.720001220703125,0.7398572649274554
2022-08-19,24.115999221801758,24.32900047302246,23.56800079345703,24.094999313354492,75047000,0.7609996795654297,0.7414286477225167
2022-08-22,22.65399932861328,23.347999572753906,22.458999633789062,23.2549991607666,86301000,0.8889999389648438,0.7526429040091378
2022-08-23,22.454999923706055,22.989999771118164,22.43000030517578,22.645999908447266,52769000,0.5599994659423828,0.7520715168544224
2022-08-24,22.961000442504883,23.40999984741211,22.393999099731445,22.56599998474121,54263000,1.016000747680664,0.7745000294276646
2022-08-25,23.398000717163086,23.416000366210938,22.899999618530273,23.02400016784668,37669000,0.5160007476806641,0.7702858788626534
2022-08-26,22.327999114990234,23.69499969482422,22.315000534057617,23.363000869750977,53498000,1.3799991607666016,0.7577859333583287
2022-08-29,22.457000732421875,22.98699951171875,22.152000427246094,22.19300079345703,71094000,0.8349990844726562,0.7635002136230469
2022-08-30,22.065000534057617,22.979000091552734,21.874000549316406,22.666000366210938,57404000,1.1049995422363281,0.7857144219534737
2022-08-31,22.356000900268555,23.38800048828125,22.343000411987305,22.700000762939453,86159000,1.0450000762939453,0.7881428854806083
2022-09-01,23.003999710083008,23.03700065612793,21.94700050354004,22.07200050354004,72929000,1.0900001525878906,0.8256428582327706
2022-09-02,22.611000061035156,23.38800048828125,22.503999710083008,23.10300064086914,81649000,0.8840007781982422,0.856785774230957
2022-09-06,21.839000701904297,22.684999465942383,21.4689998626709,22.55900001525879,74690000,1.2159996032714844,0.906071390424456
2022-09-07,22.895999908447266,22.933000564575195,21.82699966430664,22.020999908447266,81493000,1.1060009002685547,0.9373572213309151
2022-09-08,22.743999481201172,22.874000549316406,22.1299991607666,22.416000366210938,67374000,0.7440013885498047,0.9390715190342495
2022-09-09,23.35700035095215,23.47800064086914,22.961999893188477,22.961999893188477,66996000,0.5160007476806641,0.9215715953281948
2022-09-12,23.652999877929688,23.948999404907227,23.336999893188477,23.361000061035156,60474000,0.61199951171875,0.9017858505249023
2022-09-13,21.812999725341797,22.768999099731445,21.77199935913086,22.649999618530273,80001000,0.9969997406005859,0.9330001558576312
2022-09-14,22.41200065612793,22.799999237060547,21.579999923706055,21.98200035095215,82303000,1.2199993133544922,0.9475714819771903
2022-09-15,23.538000106811523,24.229000091552734,22.90999984741211,23.047000885009766,194541000,1.319000244140625,1.0049285888671875
2022-09-16,24.01300048828125,24.13599967956543,22.783000946044922,23.121999740600586,189142000,1.3529987335205078,1.002999986921038
2022-09-19,24.363000869750977,24.524999618530273,23.575000762939453,24.5049991607666,179124000,0.9499988555908203,1.011214256286621
2022-09-20,24.28499984741211,25.048999786376953,23.965999603271484,24.03700065612793,160374000,1.0830001831054688,1.0096428734915597
2022-09-21,23.687000274658203,24.829999923706055,23.667999267578125,24.267000198364258,91668000,1.1620006561279297,1.0180000577654158
2022-09-22,23.704999923706055,24.049999237060547,23.166000366210938,23.53499984741211,100180000,0.8839988708496094,1.0032856804983956
2022-09-23,22.641000747680664,23.645000457763672,22.14299964904785,23.513999938964844,112072000,1.5020008087158203,1.0474285398210799
2022-09-26,22.406999588012695,23.270000457763672,22.301000595092773,22.559999465942383,82343000,0.9689998626708984,1.0297857012067522
2022-09-27,22.43600082397461,23.06399917602539,22.07200050354004,22.863000869750977,77622000,0.9919986724853516,1.0216426849365234
2022-09-28,24.520000457763672,24.665000915527344,22.738000869750977,22.9689998626709,175797000,1.9270000457763672,1.106142589024135
2022-09-29,23.97100067138672,24.697999954223633,23.56800079345703,24.160999298095703,189949000,1.1299991607666016,1.1499996185302734
2022-09-30,23.54400062561035,24.243999481201172,23.326000213623047,23.700000762939453,118486000,0.917999267578125,1.1718567439488001
2022-10-03,23.90399932861328,24.15399932861328,23.28499984741211,23.78499984741211,86574000,0.8689994812011719,1.1627138682774134
2022-10-04,24.073999404907227,24.579999923706055,23.325000762939453,24.483999252319336,139259000,1.2549991607666016,1.1652138573782784
2022-10-05,23.67300033569336,24.159000396728516,22.738000869750977,23.875999450683594,108256000,1.420999526977539,1.172499520438058
2022-10-06,24.00200080871582,24.42799949645996,23.391000747680664,23.667999267578125,91889000,1.0369987487792969,1.149928092956543
2022-10-07,22.475000381469727,23.732999801635742,22.42799949645996,23.57699966430664,98061000,1.3050003051757812,1.1752853393554688
2022-10-10,22.99799919128418,23.382999420166016,22.42300033569336,22.56399917602539,99911000,0.9599990844726562,1.1664995465959822
2022-10-11,21.429000854492188,23.04400062561035,21.3700008392334,22.604999542236328,152824000,1.6739997863769531,1.203070913042341
2022-10-12,22.086999893188477,22.367000579833984,21.263999938964844,21.43000030517578,129526000,1.1030006408691406,1.2187138966151647
2022-10-13,23.250999450683594,23.44700050354004,21.17300033569336,21.268999099731445,175050000,2.2740001678466797,1.2738567079816545
2022-10-14,23.0,23.8799991607666,22.951000213623047,23.780000686645508,152934000,0.9289989471435547,1.2709994997297014
2022-10-17,24.510000228881836,24.992000579833984,23.440000534057617,23.44099998474121,210578000,1.5520000457763672,1.3109995978219169
2022-10-18,24.086000442504883,25.03700065612793,23.773000717163086,24.979999542236328,257767000,1.2639999389648438,1.2636424473353796
2022-10-19,27.238000869750977,27.93000030517578,26.266000747680664,26.5,466853000,1.6639995574951172,1.3017853328159876
2022-10-20,26.81599998474121,27.83799934387207,26.63800048828125,27.277999877929688,172071000,1.1999988555908203,1.3219281605311803
2022-10-21,28.957000732421875,29.075000762939453,26.56800079345703,26.895000457763672,248891000,2.506999969482422,1.4389281954084123
2022-10-24,28.2450008392334,29.048999786376953,28.035999298095703,29.023000717163086,133264000,1.01300048828125,1.421642575945173
2022-10-25,29.101999282836914,29.759000778198242,28.55500030517578,28.69499969482422,151007000,1.204000473022461,1.4061426435198103
2022-10-26,29.86199951171875,30.562999725341797,28.804000854492188,29.003999710083008,157141000,1.7589988708496094,1.4577140808105469
2022-10-27,29.694000244140625,30.520999908447266,29.47800064086914,29.83300018310547,146126000,1.042999267578125,1.4389997209821428
2022-10-28,29.57200050354004,30.118999481201172,29.229000091552734,29.770000457763672,99605000,0.8899993896484375,1.433999742780413
2022-10-31,29.187999725341797,29.761999130249023,28.950000762939453,29.51300048828125,75051000,0.8119983673095703,1.3724282128470284
2022-11-01,28.674999237060547,29.969999313354492,28.642000198364258,29.617000579833984,69164000,1.3279991149902344,1.3884995324271066
2022-11-02,27.299999237060547,28.732999801635742,27.284000396728516,28.639999389648438,103676000,1.4489994049072266,1.32957090650286
2022-11-03,26.9060001373291,27.628999710083008,26.8799991607666,27.125,70574000,0.7490005493164062,1.316713878086635
2022-11-04,26.07900047302246,27.496999740600586,25.531999588012695,27.20199966430664,111247000,1.9650001525878906,1.3462138857160295
2022-11-07,25.860000610351562,26.114999771118164,25.208999633789062,26.106000900268555,79270000,0.9060001373291016,1.3206424713134766
2022-11-08,26.34600067138672,26.607999801635742,25.687999725341797,25.992000579833984,76838000,0.9200000762939453,1.2674996512276786
2022-11-09,25.465999603271484,26.09000015258789,25.422000885009766,25.965999603271484,72660000,0.667999267578125,1.229499680655343
2022-11-10,27.496999740600586,27.535999298095703,26.009000778198242,26.599000930786133,96673000,1.526998519897461,1.1594995771135603
2022-11-11,29.01300048828125,29.06599998474121,27.1560001373291,27.44700050354004,95738000,1.9099998474121094,1.2235709599086217
2022-11-14,29.927000045776367,31.100000381469727,28.819000244140625,29.0,179782000,2.2810001373291016,1.300499507359096
2022-11-15,31.020000457763672,31.270999908447266,30.2549991607666,30.920000076293945,146269000,1.016000747680664,1.2474282128470284
2022-11-16,30.601999282836914,31.048999786376953,30.361000061035156,30.993999481201172,80386000,0.6879997253417969,1.2220711026872908
2022-11-17,29.527999877929688,29.98200035095215,29.100000381469727,29.472000122070312,98382000,0.8819999694824219,1.2214997155325753
2022-11-18,28.79800033569336,29.799999237060547,28.700000762939453,29.732999801635742,84001000,1.0999984741210938,1.2420711517333984
2022-11-21,28.5049991607666,29.187000274658203,28.266000747680664,29.100000381469727,72565000,0.9209995269775391,1.2129997525896346
2022-11-22,28.66900062561035,28.697999954223633,27.733999252319336,28.499000549316406,62451000,0.9640007019042969,1.1783569880894251
2022-11-23,29.149999618530273,29.246999740600586,28.375999450683594,28.590999603271484,59190000,0.8710002899169922,1.1870712552751814
2022-11-25,28.554000854492188,28.92099952697754,28.41699981689453,28.899999618530273,32360000,0.5039997100830078,1.0827140808105469
2022-11-28,28.117000579833984,28.954999923706055,28.05299949645996,28.399999618530273,47034000,0.9020004272460938,1.0824283872331892
2022-11-29,28.09600067138672,28.29599952697754,27.5939998626709,28.25,57869000,0.7019996643066406,1.066856929234096
2022-11-30,30.55299949645996,30.826000213623047,28.041000366210938,28.136999130249023,160701000,2.7849998474121094,1.2180712563650948
2022-12-01,31.69499969482422,31.979999542236328,30.30299949645996,30.39900016784668,146649000,1.6770000457763672,1.2287856510707311
2022-12-02,32.04100036621094,32.19900131225586,31.0,31.048999786376953,126906000,1.1990013122558594,1.178000041416713
2022-12-05,31.259000778198242,32.277000427246094,31.091999053955078,31.645999908447266,84230000,1.1850013732910156,1.0997144154139928
2022-12-06,30.555999755859375,31.32200050354004,30.312999725341797,31.100000381469727,71954000,1.0090007781982422,1.0992144175938197
2022-12-07,30.841999053955078,30.961000442504883,30.209999084472656,30.649999618530273,78216000,0.7510013580322266,1.1037145342145647
2022-12-08,31.025999069213867,31.238000869750977,30.481000900268555,30.910999298095703,72053000,0.7569999694824219,1.0947859627859933
2022-12-09,32.000999450683594,32.900001525878906,31.95199966430664,32.14500045776367,143640000,0.9480018615722656,1.0839290618896484
2022-12-12,31.51799964904785,32.31800079345703,30.885000228881836,32.0,101486000,1.4330005645751953,1.1205005645751953
2022-12-13,32.034000396728516,33.27199935913086,31.719999313354492,32.79999923706055,107564000,1.5520000457763672,1.1625005177089147
2022-12-14,31.783000946044922,32.47100067138672,31.441999435424805,31.89699935913086,75433000,1.029001235961914,1.1737862995692663
2022-12-15,29.041000366210938,30.339000701904297,28.655000686645508,30.211999893188477,177246000,1.684000015258789,1.2580720356532507
2022-12-16,29.070999145507812,29.472000122070312,28.8700008392334,28.875999450683594,140800000,0.6019992828369141,1.2366433824811662
2022-12-19,28.829999923706055,29.225000381469727,28.613000869750977,28.972999572753906,61637000,0.61199951171875,1.2302148001534599
2022-12-20,28.819000244140625,28.92799949645996,28.08099937438965,28.124000549316406,69181000,0.8470001220703125,1.0917862483433314
2022-12-21,29.79599952697754,30.06599998474121,28.649999618530273,28.999000549316406,63762000,1.4160003662109375,1.073143414088658
2022-12-22,29.774999618530273,29.88800048828125,29.08099937438965,29.80900001525879,78562000,0.8070011138916016,1.0451433999197823
2022-12-23,29.496000289916992,29.84600067138672,29.19099998474121,29.618000030517578,42511000,0.6550006866455078,1.007286208016532
2022-12-27,28.41699981689453,29.35700035095215,28.21299934387207,29.319000244140625,57781000,1.1440010070800781,1.0169290815080916
2022-12-28,27.687999725341797,28.518999099731445,27.340999603271484,28.191999435424805,59644000,1.177999496459961,1.0474289485386439
2022-12-29,29.11199951171875,29.549999237060547,28.10099983215332,28.31800079345703,95885000,1.4489994049072266,1.0968574796404158
2022-12-30,29.488000869750977,29.500999450683594,28.32200050354004,28.55299949645996,75669000,1.1789989471435547,1.1133572714669364
2023-01-03,29.4950008392334,29.839000701904297,28.8700008392334,29.805999755859375,67640000,0.9689998626708984,1.080214364188058
2023-01-04,30.94099998474121,31.11400032043457,29.551000595092773,29.823999404907227,93451000,1.5629997253417969,1.0810000555855888
2023-01-05,30.969999313354492,31.417999267578125,30.454999923706055,30.700000762939453,83284000,0.9629993438720703,1.0762856347220284
2023-01-06,31.55500030517578,31.677000045776367,30.368999481201172,31.156999588012695,89598000,1.3080005645751953,1.0494285311017717
2023-01-09,31.517000198364258,32.16999816894531,31.32200050354004,31.683000564575195,67666000,0.8479976654052734,1.066999844142369
2023-01-10,32.75400161743164,32.935001373291016,31.10700035095215,31.10700035095215,130723000,1.8280010223388672,1.1538570949009486
2023-01-11,32.72600173950195,32.88800048828125,32.1349983215332,32.650001525878906,95797000,0.7530021667480469,1.1471429552350725
2023-01-12,33.01300048828125,33.29499816894531,32.31399917602539,33.25,108562000,0.9809989929199219,1.1160714285714286
2023-01-13,33.28200149536133,33.665000915527344,32.888999938964844,32.99700164794922,82868000,0.7760009765625,1.1138571330479212
2023-01-17,32.62200164794922,33.25,32.36000061035156,33.108001708984375,92470000,0.8899993896484375,1.1306427546909876
2023-01-18,32.632999420166016,33.007999420166016,32.125,32.67499923706055,78141000,0.8829994201660156,1.111999784197126
2023-01-19,31.577999114990234,32.48899841308594,31.339000701904297,32.25699996948242,180082000,1.1499977111816406,1.109999656677246
2023-01-20,34.25,34.400001525878906,33.26300048828125,33.67900085449219,284303000,1.1370010375976562,1.0877140590122767
2023-01-23,35.742000579833984,36.224998474121094,34.0629997253418,34.172000885009766,156469000,2.161998748779297,1.1579283305576868
2023-01-24,36.382999420166016,36.564998626708984,35.513999938964844,35.75299835205078,117965000,1.0509986877441406,1.16378538949149
2023-01-25,36.79600143432617,36.88999938964844,35.849998474121094,36.05699920654297,77669000,1.0400009155273438,1.1264283316476005
2023-01-26,36.48699951171875,36.902000427246094,36.16999816894531,36.87699890136719,82568000,0.7320022583007812,1.1099285398210799
2023-01-27,36.07699966430664,36.59199905395508,36.058998107910156,36.31999969482422,67035000,0.5330009460449219,1.0545714242117745
2023-01-30,35.31100082397461,36.095001220703125,35.2859992980957,35.84400177001953,51276000,0.8090019226074219,1.051786014011928
2023-01-31,35.38600158691406,35.595001220703125,34.87099838256836,34.99800109863281,56607000,0.7240028381347656,0.9729290008544922
2023-02-01,36.19900131225586,36.53900146484375,34.99100112915039,35.38600158691406,80052000,1.5480003356933594,1.029714584350586
2023-02-02,36.68899917602539,36.832000732421875,35.84299850463867,36.51599884033203,78570000,0.9890022277832031,1.0302862439836775
2023-02-03,36.59000015258789,37.94300079345703,35.900001525878906,35.90800094604492,94020000,2.042999267578125,1.120786121913365
2023-02-06,36.14799880981445,36.845001220703125,36.06800079345703,36.36399841308594,49949000,0.7770004272460938,1.1127147674560547
2023-02-07,36.29499816894531,36.417999267578125,35.417999267578125,35.85100173950195,62894000,1.0,1.1210719517299108
2023-02-08,36.68299865722656,36.819000244140625,35.83100128173828,36.00199890136719,62532000,0.9879989624023438,1.1095006125313895
2023-02-09,36.25,37.382999420166016,36.17399978637695,37.24100112915039,69011000,1.2089996337890625,1.1146433694022042
2023-02-10,34.736000061035156,36.2140007019043,34.7140007019043,35.91600036621094,72911000,1.5,1.0673577444893974
2023-02-13,35.856998443603516,35.970001220703125,34.42499923706055,34.95000076293945,71344000,1.5450019836425781,1.1026436941964286
2023-02-14,35.99599838256836,36.375,35.34000015258789,35.755001068115234,46248000,1.0349998474121094,1.1022864750453405
2023-02-15,36.141998291015625,36.28799819946289,35.42399978637695,35.66299819946289,39660000,0.8639984130859375,1.1117147718157088
2023-02-16,35.07099914550781,36.150001525878906,35.03099822998047,35.5,52157000,1.1190032958984375,1.1535720825195312
2023-02-17,34.79600143432617,34.900001525878906,34.24399948120117,34.79100036621094,52947000,0.6560020446777344,1.1426435198102678
2023-02-21,33.75,34.41299819946289,33.641998291015625,34.28499984741211,57103000,0.7709999084472656,1.1460004534040178
2023-02-22,33.487998962402344,34.191001892089844,33.28200149536133,33.75,45462000,0.9090003967285156,1.1003576006208147
2023-02-23,32.3650016784668,33.12799835205078,31.43000030517578,33.12300109863281,132387000,1.697998046875,1.1510001591273717
2023-02-24,31.71500015258789,32.150001525878906,31.45199966430664,31.93000030517578,68307000,0.6980018615722656,1.054928915841239
2023-02-27,32.303001403808594,33.0,32.21200180053711,32.387001037597656,61426000,0.7879981994628906,1.0557144709995814
2023-02-28,32.2130012512207,32.762001037597656,32.117000579833984,32.369998931884766,36761000,0.6450004577636719,1.0303573608398438
2023-03-01,31.347999572753906,32.65999984741211,31.236000061035156,32.154998779296875,49113000,1.4239997863769531,1.0615002768380302
2023-03-02,31.187999725341797,31.55699920654297,31.038000106811523,31.09600067138672,49110000,0.5189990997314453,1.012214524405343
2023-03-03,31.51799964904785,31.749000549316406,31.082000732421875,31.545000076293945,59533000,0.6669998168945312,0.9527145113263812
2023-03-06,31.202999114990234,32.33000183105469,31.18400001525879,31.700000762939453,56607000,1.1460018157958984,0.9242144993373326
2023-03-07,30.847000122070312,31.43000030517578,30.66200065612793,31.26799964904785,45531000,0.7679996490478516,0.9051430565970284
2023-03-08,31.179000854492188,31.183000564575195,30.575000762939453,30.929000854492188,34795000,0.6079998016357422,0.886857441493443
2023-03-09,29.777999877929688,31.250999450683594,29.488000869750977,31.20800018310547,74434000,1.7629985809326172,0.9328571047101702
2023-03-10,29.275999069213867,29.878999710083008,28.899999618530273,29.790000915527344,57593000,0.9790000915527344,0.9559283937726702
2023-03-13,29.35099983215332,29.923999786376953,28.533000946044922,28.733999252319336,62924000,1.3909988403320312,1.0002140317644392
2023-03-14,29.493999481201172,29.7450008392334,29.0310001373291,29.597000122070312,59567000,0.7140007019042969,0.9862854821341378
2023-03-15,30.378999710083008,30.631000518798828,29.22800064086914,29.250999450683594,92153000,1.4029998779296875,0.9652141843523298
2023-03-16,31.006000518798828,31.65999984741211,30.17099952697754,30.475000381469727,79037000,1.4890003204345703,1.0217140742710658
2023-03-17,30.350000381469727,31.076000213623047,30.0,31.006000518798828,69188000,1.0760002136230469,1.042285646711077
2023-03-20,30.51300048828125,30.75,29.600000381469727,29.979000091552734,51134000,1.1499996185302734,1.0783570153372628
2023-03-21,30.57900047302246,30.79199981689453,30.042999267578125,30.631999969482422,48863000,0.7490005493164062,1.0301427841186523
2023-03-22,29.389999389648438,30.645000457763672,29.354000091552734,30.631000518798828,58080000,1.2910003662109375,1.0852857317243303
2023-03-23,32.0369987487793,32.27799987792969,30.413999557495117,30.468000411987305,156533000,1.8640003204345703,1.170785767691476
2023-03-24,32.8390007019043,33.18299865722656,32.0629997253418,32.0629997253418,129917000,1.1199989318847656,1.1689284188406808
2023-03-27,32.76599884033203,33.64400100708008,32.441001892089844,32.755001068115234,86258000,1.2029991149902344,1.1999998092651367
2023-03-28,32.35200119018555,33.332000732421875,32.12799835205078,32.60599899291992,64894000,1.2040023803710938,1.2425714220319475
2023-03-29,33.202999114990234,33.28499984741211,32.573001861572266,32.62900161743164,62873000,0.7119979858398438,1.1674999509538924
2023-03-30,33.84299850463867,34.32899856567383,33.529998779296875,34.027000427246094,71315000,0.7989997863769531,1.1546427862984794
2023-03-31,34.54800033569336,34.58399963378906,33.720001220703125,34.005001068115234,56102000,0.8639984130859375,1.116999898638044
2023-04-03,34.827999114990234,34.858001708984375,34.040000915527344,34.18299865722656,44137000,0.8180007934570312,1.1244284766060966
2023-04-04,34.67499923706055,34.97999954223633,34.39500045776367,34.8489990234375,32981000,0.5849990844726562,1.0659998485020228
2023-04-05,34.23500061035156,34.542999267578125,33.625,34.529998779296875,42055000,0.917999267578125,1.0252140590122767
2023-04-06,33.93299865722656,34.04800033569336,33.26300048828125,33.933998107910156,46605000,0.7849998474121094,1.0044283185686385
2023-04-10,33.89899826049805,33.987998962402344,33.33599853515625,33.527000427246094,26579000,0.6520004272460938,0.9688569477626255
2023-04-11,33.82099914550781,34.7140007019043,33.763999938964844,34.345001220703125,40448000,0.9500007629394531,0.9832141058785575
2023-04-12,33.10300064086914,34.279998779296875,33.00400161743164,34.08100128173828,39654000,1.2759971618652344,0.982142448425293
2023-04-13,34.61899948120117,34.643001556396484,33.875,33.999000549316406,74064000,0.7680015563964844,0.9038568224225726
2023-04-14,33.862998962402344,34.48500061035156,33.64099884033203,34.29399871826172,53505000,0.8440017700195312,0.8841427394321987
2023-04-17,33.27199935913086,33.8390007019043,32.75,33.79999923706055,61360000,1.0890007019042969,0.875999995640346
2023-04-18,33.369998931884766,33.71900177001953,33.04999923706055,33.5,179445000,0.6690025329589844,0.8377857208251953
2023-04-19,32.3120002746582,32.57500076293945,31.610000610351562,32.42100143432617,221283000,0.9650001525878906,0.8558573041643415
2023-04-20,32.53499984741211,33.143001556396484,31.83300018310547,32.03900146484375,99478000,1.3100013732910156,0.892357417515346
2023-04-21,32.79800033569336,32.82899856567383,31.950000762939453,32.29999923706055,63480000,0.878997802734375,0.8934288024902344
2023-04-24,32.902000427246094,33.465999603271484,32.67499923706055,33.02000045776367,55866000,0.7910003662109375,0.8915002005440849
2023-04-25,32.255001068115234,32.86600112915039,32.11000061035156,32.849998474121094,54266000,0.7560005187988281,0.9037145887102399
2023-04-26,32.1150016784668,32.59000015258789,32.047000885009766,32.13600158691406,46232000,0.542999267578125,0.8769288744245257
2023-04-27,32.584999084472656,32.744998931884766,31.743999481201172,32.43000030517578,56188000,1.0009994506835938,0.892357417515346
2023-04-28,32.99300003051758,33.08100128173828,32.400001525878906,32.52399826049805,42284000,0.680999755859375,0.8944287981305804
2023-05-01,32.4119987487793,33.12300109863281,31.80900001525879,32.944000244140625,53415000,1.3140010833740234,0.920428821018764
2023-05-02,31.7549991607666,32.606998443603516,31.562000274658203,32.5,43186000,1.0449981689453125,0.9039288929530552
2023-05-03,31.93000030517578,32.46200180053711,31.584999084472656,31.7549991607666,50641000,0.8770027160644531,0.9117146900721959
2023-05-04,32.077999114990234,32.361000061035156,31.795000076293945,31.900999069213867,38797000,0.5659999847412109,0.891857419695173
2023-05-05,32.2760009765625,32.415000915527344,31.944000244140625,32.361000061035156,39906000,0.47100067138671875,0.8477145603724888
2023-05-08,33.12099838256836,33.25600051879883,32.202999114990234,32.29899978637695,54886000,1.0530014038085938,0.8751430511474609
2023-05-09,33.2140007019043,33.63199996948242,32.9739990234375,33.06700134277344,55449000,0.6580009460449219,0.8532145363943917
2023-05-10,33.54199981689453,33.71099853515625,32.95100021362305,33.520999908447266,42899000,0.7599983215332031,0.8139286041259766
2023-05-11,34.47600173950195,34.547000885009766,33.183998107910156,33.49800109863281,80335000,1.3630027770996094,0.8485003880092076
2023-05-12,33.98899841308594,34.81700134277344,33.736000061035156,34.47600173950195,60824000,1.0810012817382812,0.8692147391183036
2023-05-15,33.5890007019043,34.189998626708984,33.55400085449219,34.0620002746582,36530000,0.6359977722167969,0.8606431143624442
2023-05-16,33.375,33.516998291015625,33.191001892089844,33.400001525878906,33322000,0.32599639892578125,0.8451429094587054
2023-05-17,33.99599838256836,34.13800048828125,32.96200180053711,33.17599868774414,39588000,1.1759986877441406,0.8576428549630302
2023-05-18,37.12900161743164,37.58700180053711,34.637001037597656,34.724998474121094,209252000,2.950000762939453,1.01971435546875
2023-05-19,36.5359992980957,36.999000549316406,36.38100051879883,36.986000061035156,78597000,0.6180000305175781,0.9699999945504325
2023-05-22,36.30099868774414,37.20100021362305,36.25,36.5359992980957,54064000,0.9510002136230469,0.9632858548845563
2023-05-23,35.5989990234375,36.41699981689453,35.430999755859375,36.02399826049805,68661000,0.9860000610351562,0.9710713795253209
2023-05-24,36.48500061035156,36.71500015258789,35.66299819946289,35.69300079345703,79733000,1.052001953125,1.0057858058384486
2023-05-25,35.900001525878906,36.744998931884766,35.742000579833984,35.96099853515625,62631000,1.0029983520507812,1.043785640171596
2023-05-26,37.88800048828125,38.375999450683594,35.599998474121094,36.11000061035156,93604000,2.7760009765625,1.1668570382254464
2023-05-30,39.29800033569336,40.51100158691406,38.57899856567383,39.74800109863281,108650000,1.9320030212402344,1.257857186453683
2023-05-31,39.52299880981445,39.625999450683594,38.89099884033203,39.18899917602539,69880000,0.7350006103515625,1.2560716356549944
2023-06-01,40.3129997253418,40.75199890136719,39.30799865722656,39.74100112915039,71601000,1.444000244140625,1.261857169015067
2023-06-02,40.047000885009766,40.65800094604492,39.59000015258789,40.28900146484375,59024000,1.0680007934570312,1.2609285627092635
2023-06-05,40.354000091552734,41.38600158691406,40.01499938964844,40.047000885009766,72474000,1.371002197265625,1.3134288787841797
2023-06-06,39.92900085449219,40.512001037597656,39.69300079345703,40.5,49915000,0.819000244140625,1.3486434391566686
2023-06-07,39.97700119018555,41.89500045776367,39.92300033569336,41.042999267578125,119324000,1.9720001220703125,1.4055006844656808
2023-06-08,40.9370002746582,40.95399856567383,39.63399887084961,39.97700119018555,59911000,1.3199996948242188,1.289072036743164
2023-06-09,42.00199890136719,42.59000015258789,41.47600173950195,42.45000076293945,123630000,1.1139984130859375,1.324500492640904
2023-06-12,42.39699935913086,42.470001220703125,41.65700149536133,41.882999420166016,59595000,0.8129997253417969,1.314643314906529
2023-06-13,43.573001861572266,43.72700119018555,42.84000015258789,43.000999450683594,78205000,0.8870010375976562,1.3075719560895647
2023-06-14,44.08599853515625,44.733001708984375,43.349998474121094,43.499000549316406,84131000,1.3830032348632812,1.3312149047851562
2023-06-15,44.527000427246094,44.8650016784668,43.95000076293945,44.40999984741211,70999000,0.9150009155273438,1.3249293736049108
2023-06-16,43.19599914550781,44.750999450683594,43.09000015258789,44.6150016784668,87537000,1.6609992980957031,1.2452863965715681
2023-06-20,43.470001220703125,44.0,43.0,43.018001556396484,47560000,1.0,1.1787147521972656
2023-06-21,42.44499969482422,43.45500183105469,42.25400161743164,43.26499938964844,51464000,1.2010002136230469,1.2120004381452287
2023-06-22,42.24800109863281,42.47100067138672,41.86800003051758,42.292999267578125,48695000,0.6030006408691406,1.1519290379115514
2023-06-23,42.402000427246094,42.582000732421875,41.77299880981445,41.85900115966797,82986000,0.8090019226074219,1.1334291185651506
2023-06-26,41.59400177001953,43.09600067138672,41.4900016784668,42.24399948120117,46400000,1.6059989929199219,1.150214603969029
2023-06-27,41.70800018310547,42.0880012512207,41.150001525878906,41.73899841308594,48181000,0.9379997253417969,1.1587145669119698
2023-06-28,42.98400115966797,43.729000091552734,42.28900146484375,42.310001373291016,88113000,1.4399986267089844,1.1207144601004464
2023-06-29,42.82400131225586,43.78499984741211,42.6150016784668,43.43299865722656,49323000,1.1699981689453125,1.1100000653948103
2023-06-30,44.04899978637695,44.4119987487793,43.11000061035156,43.11000061035156,73464000,1.3019981384277344,1.1234286172049386
2023-07-03,44.14400100708008,44.154998779296875,43.1619987487793,43.97600173950195,37332000,0.9930000305175781,1.1362857818603516
2023-07-05,44.59000015258789,45.09700012207031,43.96200180053711,44.49100112915039,68695000,1.1349983215332031,1.1539998735700334
2023-07-06,43.88399887084961,44.279998779296875,43.071998596191406,44.0,49388000,1.2080001831054688,1.1414996555873327
2023-07-07,43.810001373291016,44.233001708984375,43.58399963378906,43.86000061035156,41651000,0.6490020751953125,1.122499738420759
2023-07-10,44.17100143432617,44.441001892089844,43.68199920654297,43.85200119018555,42517000,0.759002685546875,1.0580714089529855
2023-07-11,44.020999908447266,44.08000183105469,43.104000091552734,43.8650016784668,45692000,0.9760017395019531,1.0563572474888392
2023-07-12,44.404998779296875,44.54100036621094,43.775001525878906,44.45500183105469,57317000,0.7659988403320312,1.0252857208251953
2023-07-13,45.03799819946289,45.16699981689453,44.11800003051758,44.70000076293945,61575000,1.0489997863769531,1.0571428026471819
2023-07-14,44.191001892089844,45.64799880981445,43.970001220703125,45.27899932861328,71959000,1.6779975891113281,1.1192139216831751
2023-07-17,45.005001068115234,45.667999267578125,44.51100158691406,44.55699920654297,68917000,1.1569976806640625,1.0871423993791853
2023-07-18,47.47999954223633,47.814998626708984,44.87799835205078,45.099998474121094,130418000,2.937000274658203,1.2299281529017858
2023-07-19,47.75899887084961,48.5,47.0,47.68600082397461,209965000,1.5,1.2342139652797155
2023-07-20,43.742000579833984,44.849998474121094,43.20000076293945,44.70000076293945,239897000,1.6499977111816406,1.2684996468680245
2023-07-21,42.75,43.82400131225586,42.319000244140625,43.73699951171875,173400000,1.5050010681152344,1.2829998561314173
2023-07-24,42.83700180053711,42.86399841308594,41.91899871826172,42.5,82644000,0.9449996948242188,1.279571260724749
2023-07-25,42.77000045776367,43.0880012512207,42.612998962402344,42.71799850463867,48598000,0.4750022888183594,1.232428686959403
2023-07-26,42.266998291015625,42.5260009765625,41.558998107910156,42.41999816894531,60092000,0.9670028686523438,1.2152145930698939
2023-07-27,41.31700134277344,42.75199890136719,41.1879997253418,42.689998626708984,65945000,1.5639991760253906,1.280571528843471
2023-07-28,42.577999114990234,42.74700164794922,41.375999450683594,41.555999755859375,64242000,1.371002197265625,1.3242857796805245
2023-07-31,43.89699935913086,43.91299819946289,42.630001068115234,42.6510009765625,65876000,1.2829971313476562,1.3462140219552177
2023-08-01,43.86199951171875,44.525001525878906,43.13999938964844,43.73699951171875,57115000,1.3850021362304688,1.3904285430908203
2023-08-02,42.970001220703125,43.555999755859375,42.65599822998047,43.52299880981445,49122000,0.9000015258789062,1.3797858101981026
2023-08-03,43.099998474121094,44.19300079345703,42.71900177001953,42.779998779296875,62439000,1.4739990234375,1.3652144840785436
2023-08-04,43.15999984741211,43.650001525878906,42.62699890136719,43.305999755859375,54418000,1.0230026245117188,1.3556434086390905
2023-08-07,44.07600021362305,44.111000061035156,42.89099884033203,43.645999908447266,47813000,1.220001220703125,1.2330006190708704
2023-08-08,43.83000183105469,44.356998443603516,43.5099983215332,44.0359992980957,37672000,0.8470001220703125,1.1863577706473214
2023-08-09,42.88999938964844,44.0620002746582,42.75899887084961,43.9739990234375,38466000,1.3030014038085938,1.1615723201206751
2023-08-10,42.99800109863281,43.8120002746582,42.86899948120117,43.11199951171875,54676000,0.9430007934570312,1.121429443359375
2023-08-11,42.16600036621094,43.0629997253418,42.132999420166016,42.89799880981445,39279000,0.9300003051757812,1.1203580583844865
2023-08-14,42.77799987792969,42.8849983215332,41.87799835205078,42.19900131225586,39660000,1.0069999694824219,1.158357892717634
2023-08-15,42.369998931884766,42.9119987487793,42.104000091552734,42.441001892089844,33680000,0.8079986572265625,1.147000449044364
2023-08-16,41.54499816894531,42.45100021362305,41.525001525878906,42.37300109863281,39670000,0.9259986877441406,1.1014289855957031
2023-08-17,40.29999923706055,41.52399826049805,40.15800094604492,41.5,60315000,1.365997314453125,1.101071493966239
2023-08-18,40.452999114990234,40.652000427246094,39.814998626708984,39.93299865722656,43122000,0.8370018005371094,1.0692146846226283
2023-08-21,40.82899856567383,40.96099853515625,39.95000076293945,40.222999572753906,38616000,1.0109977722167969,1.0425000871930803
2023-08-22,41.31700134277344,41.57400131225586,40.7400016784668,40.900001525878906,35997000,0.8339996337890625,1.0377856663295202
2023-08-23,42.755001068115234,43.70199966430664,41.770999908447266,41.84000015258789,81747000,1.930999755859375,1.0704285757882255
2023-08-24,40.69300079345703,42.75899887084961,40.617000579833984,42.54100036621094,56878000,2.141998291015625,1.1503568376813615
2023-08-25,41.60300064086914,41.92499923706055,40.75600051879883,41.20000076293945,53909000,1.1689987182617188,1.1467138017926897
2023-08-28,41.805999755859375,41.983001708984375,41.32699966430664,41.80400085449219,29286000,0.6560020446777344,1.1330710819789342
2023-08-29,42.999000549316406,43.21699905395508,41.45000076293945,41.599998474121094,44867000,1.766998291015625,1.1662137167794364
2023-08-30,43.46699905395508,43.816001892089844,42.834999084472656,43.084999084472656,36254000,0.9810028076171875,1.1689281463623047
2023-08-31,43.36800003051758,43.71500015258789,43.12300109863281,43.12300109863281,38030000,0.5919990539550781,1.1447851998465401
2023-09-01,43.987998962402344,44.54999923706055,43.59299850463867,43.77299880981445,47934000,0.957000732421875,1.141213825770787
2023-09-05,44.86800003051758,45.345001220703125,43.79999923706055,43.8390007019043,61559000,1.5450019836425781,1.193856920514788
2023-09-06,44.57600021362305,45.138999938964844,44.04899978637695,44.861000061035156,38623000,1.0900001525878906,1.2055713108607702
2023-09-07,44.31399917602539,44.459999084472656,43.66999816894531,44.1150016784668,29227000,0.7900009155273438,1.1644287109375
2023-09-08,44.279998779296875,44.680999755859375,43.8849983215332,44.35599899291992,26975000,0.7960014343261719,1.1615001133510046
2023-09-11,44.5359992980957,44.98899841308594,44.275001525878906,44.30699920654297,29138000,0.7139968872070312,1.1402857644217355
2023-09-12,43.46900177001953,44.54399871826172,43.4119987487793,44.28499984741211,31240000,1.1319999694824219,1.1615715026855469
2023-09-13,41.2239990234375,43.84000015258789,41.069000244140625,43.54999923706055,118430000,2.7709999084472656,1.2215715135846819
2023-09-14,40.04899978637695,41.138999938964844,40.0,41.040000915527344,107090000,1.1389999389648438,1.1499287741524833
2023-09-15,39.694000244140625,40.470001220703125,39.50299835205078,40.099998474121094,91167000,0.9670028686523438,1.135500499180385
2023-09-18,39.439998626708984,39.946998596191406,39.2599983215332,39.54999923706055,47047000,0.6870002746582031,1.1377146584647042
2023-09-19,39.619998931884766,39.823001861572266,39.025001525878906,39.284000396728516,40768000,0.7980003356933594,1.0685005187988281
2023-09-20,38.630001068115234,39.79899978637695,38.61199951171875,39.70500183105469,38666000,1.1870002746582031,1.083214623587472
2023-09-21,38.415000915527344,39.59000015258789,38.34199905395508,38.650001525878906,55479000,1.2480010986328125,1.1300719124930245
2023-09-22,37.98099899291992,38.6879997253418,37.83599853515625,38.5,36928000,0.8520011901855469,1.1225719451904297
2023-09-25,38.47999954223633,38.6619987487793,38.08100128173828,38.290000915527344,37573000,0.5809974670410156,1.0537144797188895
2023-09-26,37.92499923706055,38.45600128173828,37.736000061035156,38.28799819946289,40894000,0.720001220703125,1.0272859845842635
2023-09-27,37.75899887084961,38.422000885009766,37.625,38.2400016784668,38435000,0.7970008850097656,1.0277859824044364
2023-09-28,37.63600158691406,37.895999908447266,37.11000061035156,37.560001373291016,43699000,0.7859992980957031,1.02707154410226
2023-09-29,37.7599983215332,38.257999420166016,37.53499984741211,38.0,42053000,0.7229995727539062,1.0277145930698939
2023-10-02,38.03300094604492,38.48099899291992,37.68000030517578,37.74800109863281,31021000,0.8009986877441406,1.0040716443743025
2023-10-03,37.67499923706055,39.4900016784668,37.28499984741211,37.71099853515625,88781000,2.2050018310546875,0.9636432102748326
2023-10-04,37.689998626708984,38.02199935913086,37.358001708984375,37.650001525878906,43037000,0.6639976501464844,0.9297144753592355
2023-10-05,37.25899887084961,37.86000061035156,36.7239990234375,37.80099868774414,50348000,1.1360015869140625,0.9417858123779297
2023-10-06,38.1510009765625,38.25199890136719,36.777000427246094,36.84299850463867,47781000,1.4749984741210938,0.9980713980538505
2023-10-09,38.595001220703125,38.71699905395508,37.7760009765625,37.80500030517578,32998000,0.9409980773925781,1.0082855224609375
2023-10-10,37.332000732421875,38.869998931884766,37.224998474121094,38.55799865722656,72889000,1.6450004577636719,1.0409998212541853
2023-10-11,36.59299850463867,37.78099822998047,36.534000396728516,37.27799987792969,91514000,1.2469978332519531,1.0409281594412667
2023-10-12,36.119998931884766,36.882999420166016,35.904998779296875,36.64799880981445,73761000,0.9780006408691406,1.0499281202043806
2023-10-13,35.56800079345703,35.893001556396484,35.20500183105469,35.56399917602539,63126000,0.6879997253417969,1.0575711386544364
2023-10-16,36.082000732421875,36.30799865722656,35.47700119018555,35.62099838256836,51289000,0.8309974670410156,1.0654994419642858
2023-10-17,35.571998596191406,36.27000045776367,35.388999938964844,36.11000061035156,59084000,0.8810005187988281,1.0714994158063615
2023-10-18,34.61899948120117,35.479000091552734,34.472999572753906,35.099998474121094,114296000,1.0060005187988281,1.0872137887137276
2023-10-19,40.176998138427734,40.89500045776367,39.22600173950195,40.4739990234375,280744000,1.6689987182617188,1.15478515625
2023-10-20,40.09600067138672,41.06399917602539,39.80099868774414,40.5629997253418,127829000,1.26300048828125,1.1877852848597936
2023-10-23,40.683998107910156,40.75400161743164,39.85200119018555,40.332000732421875,73900000,0.9020004272460938,1.0947137560163225
2023-10-24,41.37300109863281,41.66899871826172,40.8390007019043,40.96799850463867,64592000,0.8299980163574219,1.1065709250313895
2023-10-25,41.125,41.88399887084961,41.01100158691406,41.60200119018555,62996000,0.8729972839355469,1.087784903390067
2023-10-26,40.354000091552734,41.73099899291992,40.15399932861328,41.141998291015625,68497000,1.5769996643066406,1.0950707026890345
2023-10-27,39.7869987487793,41.020999908447266,39.5620002746582,40.641998291015625,49976000,1.4589996337890625,1.132070813860212
2023-10-30,41.007999420166016,41.28200149536133,39.941001892089844,40.23500061035156,53171000,1.3409996032714844,1.1103564671107702
2023-10-31,41.16899871826172,41.25199890136719,40.4630012512207,40.92399978637695,38776000,0.7889976501464844,1.0776421683175224
2023-11-01,42.01900100708008,42.060001373291016,41.417999267578125,41.47700119018555,48061000,0.6420021057128906,1.0536422729492188
2023-11-02,42.47100067138672,42.66899871826172,41.709999084472656,42.117000579833984,44760000,0.9589996337890625,1.0729994092668806
2023-11-03,43.236000061035156,43.481998443603516,42.553001403808594,42.875999450683594,36671000,0.9289970397949219,1.0799993787493025
2023-11-06,43.4739990234375,43.50299835205078,42.96099853515625,43.4379997253418,30032000,0.5419998168945312,1.0557850428989954
2023-11-07,43.46099853515625,43.763999938964844,43.099998474121094,43.61800003051758,32911000,0.66400146484375,1.0313565390450614
2023-11-08,43.665000915527344,43.80699920654297,43.36800003051758,43.5,23568000,0.4389991760253906,0.9434994288853237
2023-11-09,43.51499938964844,44.03799819946289,43.435001373291016,43.803001403808594,27355000,0.602996826171875,0.8963563101632255
2023-11-10,44.7239990234375,44.74800109863281,43.55099868774414,43.74800109863281,44406000,1.1970024108886719,0.9174278804234096
2023-11-13,44.46200180053711,44.84299850463867,44.2599983215332,44.724998474121094,28961000,0.5830001831054688,0.8997851780482701
2023-11-14,44.8650016784668,45.40800094604492,44.56399917602539,44.87799835205078,40609000,0.8440017700195312,0.8977140699114118
2023-11-15,46.194000244140625,46.275001525878906,45.244998931884766,45.28099822998047,50353000,1.0300025939941406,0.8586428506033761
2023-11-16,46.69499969482422,46.72800064086914,45.96500015258789,46.29999923706055,36560000,0.76300048828125,0.8089286259242466
2023-11-17,46.590999603271484,46.76499938964844,46.2760009765625,46.69499969482422,27985000,0.4889984130859375,0.7480713980538505
2023-11-20,47.446998596191406,47.67599868774414,46.540000915527344,46.540000915527344,36176000,1.1359977722167969,0.7728571210588727
2023-11-21,47.494998931884766,47.70199966430664,47.12099838256836,47.26300048828125,29977000,0.5810012817382812,0.7684999193464007
2023-11-22,47.79999923706055,48.27000045776367,47.65599822998047,47.68000030517578,28416000,0.6140022277832031,0.7438572474888393
2023-11-24,47.95600128173828,48.040000915527344,47.52000045776367,47.71099853515625,14047000,0.5200004577636719,0.7146432059151786
2023-11-27,47.91699981689453,48.20000076293945,47.53499984741211,47.90299987792969,36259000,0.6650009155273438,0.7234289986746651
2023-11-28,47.900001525878906,48.04999923706055,47.595001220703125,47.81100082397461,28902000,0.4549980163574219,0.7085001809256417
2023-11-29,47.71900177001953,48.0989990234375,47.44900131225586,47.900001525878906,28555000,0.6499977111816406,0.7235715048653739
2023-11-30,47.39699935913086,47.85900115966797,47.04199981689453,47.53099822998047,42873000,0.8170013427734375,0.7388575417654855
2023-12-01,46.57400131225586,47.52299880981445,46.459999084472656,47.31700134277344,43415000,1.0629997253417969,0.7292859213692802
2023-12-04,45.38999938964844,46.119998931884766,45.119998931884766,46.0989990234375,51577000,1.0,0.7590716225760323
2023-12-05,45.51499938964844,45.638999938964844,44.95800018310547,45.06999969482422,33807000,0.680999755859375,0.7474286215645927
2023-12-06,44.67300033569336,46.04999923706055,44.573001861572266,46.0,41788000,1.4769973754882812,0.7793568202427456
2023-12-07,45.20000076293945,45.28900146484375,44.832000732421875,45.084999084472656,35067000,0.457000732421875,0.7574996948242188
2023-12-08,45.375999450683594,45.54999923706055,45.07600021362305,45.07600021362305,34584000,0.4739990234375,0.7564283098493304
2023-12-11,45.98899841308594,47.064998626708984,45.72100067138672,45.93600082397461,49297000,1.3439979553222656,0.7712854657854352
2023-12-12,46.29999923706055,46.56100082397461,45.91999816894531,46.52299880981445,33027000,0.6410026550292969,0.7755712781633649
2023-12-13,47.99800109863281,48.125,46.198001861572266,46.198001861572266,58202000,1.9269981384277344,0.8693567003522601
2023-12-14,46.983001708984375,48.07600021362305,46.47600173950195,48.0359992980957,51764000,1.5999984741210938,0.9464994158063617
2023-12-15,47.20600128173828,47.29999923706055,46.72999954223633,46.72999954223633,78410000,0.5699996948242188,0.939713614327567
2023-12-18,48.61199951171875,49.20399856567383,47.5099983215332,47.630001068115234,64107000,1.694000244140625,1.0282137734549386
2023-12-19,49.50199890136719,49.61399841308594,48.40599822998047,48.84000015258789,38490000,1.2080001831054688,1.0680710928780692
2023-12-20,48.926998138427734,50.0890007019043,48.8390007019043,49.20000076293945,45637000,1.25,1.0989995683942522
2023-12-21,49.1609992980957,49.439998626708984,48.676998138427734,49.26599884033203,27562000,0.76300048828125,1.0775710514613561
2023-12-22,48.67599868774414,49.60200119018555,48.54499816894531,49.400001525878906,27027000,1.0570030212402344,1.0816426958356584
2023-12-26,49.11899948120117,49.14799880981445,48.63800048828125,48.93899917602539,20345000,0.5099983215332031,1.0694283076695033
2023-12-27,49.17900085449219,49.402000427246094,48.92499923706055,49.124000549316406,25613000,0.4770011901855469,0.998000008719308
2023-12-28,49.05099868774414,49.28900146484375,48.90700149536133,49.20000076293945,17105000,0.3819999694824219,0.9926428113664899
2023-12-29,48.6879997253418,49.222999572753906,48.194000244140625,49.0369987487793,27406000,1.0289993286132812,1.0322856903076172
