Date,Close,High,Low,Open,Volume,High_Low,ATR
2014-01-02,0.37386393547058105,0.37669268622636576,0.3705637637233889,0.3752783108484734,260092000,0.0061289225029768635,
2014-01-03,0.3693852126598358,0.37527839793373513,0.36820657560505593,0.3745712100806824,259332000,0.0070718223286792,
2014-01-06,0.3743354082107544,0.37716413083197137,0.36962083304083665,0.37315674334258714,409492000,0.007543297791134718,
2014-01-07,0.38046422600746155,0.3818786010840194,0.3755139694413322,0.37810695294713953,333288000,0.006364631642687191,
2014-01-08,0.3856504559516907,0.38753628103104115,0.38046442995824525,0.3818788057929898,308192000,0.007071851072795898,
2014-01-09,0.37127095460891724,0.3804643103416184,0.37009231781749824,0.37975712264658346,292172000,0.010371992524120133,
2014-01-10,0.37079954147338867,0.37504264027574635,0.36749936912762304,0.3724496557471941,218492000,0.0075432711481233095,
2014-01-13,0.36207759380340576,0.37315677472719594,0.3613704060633937,0.3707995009944355,243332000,0.011786368663802227,
2014-01-14,0.3733924627304077,0.374099650374566,0.3623132552073981,0.36396336907740595,241828000,0.011786395167167896,
2014-01-15,0.37739986181259155,0.3788142372504401,0.3733925022065789,0.3750425881501231,175044000,0.005421735043861231,
2014-01-16,0.3785784840583801,0.3792856717500587,0.37574976139258354,0.3773998472725551,220652000,0.003535910357475136,
2014-01-17,0.37692850828170776,0.3830574325986641,0.37457123402148235,0.3785785946436804,340400000,0.008486198577181747,
2014-01-21,0.378342866897583,0.3807001410507641,0.3743355064573601,0.37739994037575586,246076000,0.006364634593404028,
2014-01-22,0.3778713047504425,0.3795213905443132,0.37339246833746076,0.3790499414747667,337940000,0.006128922206852461,0.007543282401447289
2014-01-23,0.3764570355415344,0.3807001345651599,0.3736283122260921,0.3766927741932063,185028000,0.007071822339067779,0.007610632389739497
2014-01-24,0.36679208278656006,0.3748068290606035,0.36679208278656006,0.3733924538060914,246696000,0.008014746274043416,0.007677984100122655
2014-01-27,0.3644348680973053,0.3719781384335696,0.36231330487400254,0.36679214183369535,233812000,0.009664833559567043,0.007829522369296392
2014-01-28,0.3679708242416382,0.36820656288481984,0.36231334971358625,0.36372772537083,167996000,0.005893213171233591,0.007795849621335421
2014-01-29,0.3644348680973053,0.36867796644299133,0.36419912948329847,0.3665564032196886,162944000,0.004478836959692867,0.007610634327542347
2014-01-30,0.3705637753009796,0.37127096301202056,0.36537775082062474,0.3665563876387202,202896000,0.005893212191395825,0.007290721446633468
2014-01-31,0.3700924515724182,0.3722139873233485,0.36514216401901045,0.36537787460193166,335348000,0.007071823304338032,0.0072570466006488055
2014-02-03,0.3651421368122101,0.3731568580529105,0.3637277610163567,0.37268540882126794,431728000,0.009429097036553813,0.0070886700558453475
2014-02-04,0.3672635555267334,0.36797074319960393,0.3630204575904269,0.3649062820177761,280692000,0.004950285609177041,0.006600376515988858
2014-02-05,0.3639633059501648,0.3658491299738635,0.3611345558641613,0.36467049347166564,214676000,0.004714574109702163,0.006549865020691782
2014-02-06,0.3686779737472534,0.36962087202012234,0.36396342618106853,0.36443487531750296,168380000,0.00565744583905381,0.006701403269375973
2014-02-07,0.37409964203834534,0.3745710910903068,0.3663206343277786,0.36962080579242385,157248000,0.008250456762528169,0.006684564568329289
2014-02-10,0.3752783238887787,0.3802286097824987,0.37339249935303204,0.37362823795784483,324372000,0.006836110429466691,0.006718241413762336
2014-02-11,0.3830573856830597,0.3840002840312965,0.3755141145943985,0.3773999112908721,235384000,0.008486169436898006,0.006886616215908446
2014-02-12,0.3967294692993164,0.39955821975414596,0.3842359151268673,0.3842359151268673,744528000,0.015322304627278682,0.007475936379352082
2014-02-13,0.4092230796813965,0.411580381417851,0.39955827463624893,0.4066300955428576,902836000,0.012022106781602093,0.007762176415606273
2014-02-14,0.4221881628036499,0.4231310611292229,0.4052157681359627,0.40545150676781677,817536000,0.017915292993260168,0.008351494946584354
2014-02-18,0.421952486038208,0.42383831106677416,0.41841657464749366,0.4224239633710439,428988000,0.0054217364192805095,0.008317818035730562
2014-02-19,0.42760977149009705,0.4313814198746014,0.4200664747210883,0.4219522989133405,450340000,0.011314945153513056,0.00880611147814629
2014-02-20,0.44269633293151855,0.4436392309686776,0.42784550619032885,0.4285526656677416,398088000,0.015793724778348728,0.009513290948642925
2014-02-21,0.43939629197120667,0.4476467792241795,0.43656756873926006,0.441989304659363,451052000,0.011079210484919444,0.009799532890113026
2014-02-24,0.4457608759403229,0.44906104778012823,0.4344459569024043,0.4384533164510018,403112000,0.014615090877723946,0.010169961021625179
2014-02-25,0.4437481164932251,0.4470632176674418,0.43901228186817354,0.44516887817186096,242184000,0.008050935799268244,0.010391436035203122
2014-02-26,0.4430377185344696,0.44943108897833395,0.44161695700125614,0.44280091553633466,360884000,0.00781413197707781,0.010612833025729953
2014-02-27,0.43806514143943787,0.4475368110183008,0.43688118274208,0.4430377792594617,388848000,0.010655628276220797,0.010969846056956167
2014-02-28,0.43522360920906067,0.4399594435958562,0.42883021020464707,0.4356971870021803,321692000,0.011129233391209137,0.011175472959004808
2014-03-03,0.4330925941467285,0.4330925941467285,0.4217265826307486,0.4255152625453445,375948000,0.011366011515979935,0.011499037322327182
2014-03-04,0.437591552734375,0.44043304789187837,0.4345132545521625,0.43522363539848863,260344000,0.005919793339715873,0.01131572474395703
2014-03-05,0.44138026237487793,0.4416170654311549,0.43522369341753087,0.43711800495652686,241472000,0.006393372013624055,0.010677943842981699
2014-03-06,0.43522360920906067,0.4444584749721921,0.43451322840548146,0.44209055777879436,290144000,0.009945246566710642,0.010529596684775168
2014-03-07,0.4347500205039978,0.43782831862358174,0.4314349475923232,0.4371179377917084,268452000,0.006393371031258532,0.009706602258917908
2014-03-10,0.42835667729377747,0.43522365481081715,0.42646233769501474,0.4333293152120544,300888000,0.008761317115802414,0.0099451437372409
2014-03-11,0.43261900544166565,0.4364076852619193,0.42906712869560554,0.4304878624573453,297220000,0.007340556566313772,0.009661258838155237
2014-03-12,0.43380290269851685,0.4364076232331956,0.4288302646696949,0.4304878012700345,239428000,0.007577358563500669,0.009074375537094661
2014-03-13,0.4200690686702728,0.4364077199370338,0.41793792551662085,0.43475015474159023,385172000,0.018469794420412966,0.009602274389629914
2014-03-14,0.42196327447891235,0.4257519536482397,0.4158067061135083,0.4158067061135083,460048000,0.009945247534731416,0.009268714150844733
2014-03-17,0.42196327447891235,0.426225531487455,0.421489696639697,0.42314723319085185,299656000,0.004735834847758025,0.00903192122573686
2014-03-18,0.43190857768058777,0.4347500731242023,0.4217265264654821,0.4236208661704931,293904000,0.013023546658720186,0.009404022274425602
2014-03-19,0.43948593735694885,0.4477736776433103,0.43403972093005116,0.4352237080233651,366168000,0.01373395671325911,0.009623902877071195
2014-03-20,0.43972259759902954,0.4435112760292125,0.43522356666250955,0.4371178776498042,191800000,0.008287709366702922,0.009420936875320751
2014-03-21,0.4390122890472412,0.4470632249781646,0.43664437169599346,0.4435113489512929,566116000,0.010418853282171125,0.00935328271576298
2014-03-24,0.43688124418258667,0.4428010385019024,0.430487843735481,0.43924916191031294,306096000,0.012313194766421398,0.009809954246241944
2014-03-25,0.43688124418258667,0.4420906575380233,0.43356614242708635,0.44161707963803926,304424000,0.008524515110936937,0.009962178753192866
2014-03-26,0.4269358515739441,0.44919428912597836,0.42314717294404086,0.4409065793223886,557756000,0.026047116181937502,0.011112312297137642
2014-03-27,0.42125290632247925,0.42954061700088303,0.41651704342130436,0.4259887409958528,540728000,0.013023573579578673,0.011585898193446223
2014-03-28,0.4238576889038086,0.42646240982111,0.41935865629516855,0.4205426152161588,398820000,0.0071037535259414475,0.01146750079417044
2014-03-31,0.42409443855285645,0.4283566957770351,0.42172652100917984,0.42456801641603104,273404000,0.006630174767855268,0.011416759237137688
2014-04-01,0.44161713123321533,0.44682654519728016,0.4323822340794644,0.43759167627133844,656272000,0.014444311117815745,0.011907255848160195
2014-04-02,0.43877553939819336,0.4425641904406639,0.43688119976305656,0.44161703473699704,239948000,0.005682990677607358,0.010993912723674079
2014-04-03,0.44351133704185486,0.4541669648363385,0.4394858550705872,0.4397226580904738,599548000,0.014681109765751321,0.011332188597318358
2014-04-04,0.42977747321128845,0.44848403942276094,0.42788313346195134,0.4458793187389468,368032000,0.0206009059608096,0.012465407962536328
2014-04-07,0.4311981499195099,0.4394858605292689,0.4276462739438989,0.4300141912609729,428576000,0.011839586585369988,0.012380839385868456
2014-04-08,0.44658970832824707,0.4477736671660521,0.4304878342607327,0.43119821520897683,470692000,0.017285832905319376,0.012634544828158475
2014-04-09,0.4461160898208618,0.45250948994968865,0.44256421340609337,0.4487208104828138,421968000,0.009945276543595283,0.012752942483650788
2014-04-10,0.43522360920906067,0.4503782679556865,0.4338028476019022,0.44422170018953205,372748000,0.016575420353784287,0.0131926972744803
2014-04-11,0.42906710505485535,0.4385387758558119,0.42338408563759805,0.4319086006495812,353112000,0.015154690218213862,0.013395661235322617
2014-04-14,0.43380290269851685,0.4354604392988564,0.42906706771023045,0.43190856305764164,290184000,0.006393371588625962,0.01324343669801469
2014-04-15,0.43688124418258667,0.43924916191031294,0.4300142658354969,0.4342765233909654,304636000,0.009234896074816035,0.012042563833220301
2014-04-16,0.43782833218574524,0.43948586869292633,0.4323821166097488,0.4390122908662748,235136000,0.007103752083177539,0.01161971944062022
2014-04-17,0.43948593735694885,0.44351142008192057,0.4352237080233651,0.43617086382464904,153532000,0.008287712058555496,0.011704287907235508
2014-04-21,0.4430377185344696,0.4442216770695481,0.4368811228609421,0.43972261769957094,117004000,0.0073405542086060205,0.011755029295860562
2014-04-22,0.4468264877796173,0.44966801160197684,0.4413802714238356,0.4437481891239315,255120000,0.008287740178141212,0.011315274228740953
2014-04-23,0.4520358443260193,0.4532198029535005,0.4468264037828616,0.4475367846049104,261580000,0.006393399170638914,0.01136601769252892
2014-04-24,0.45606133341789246,0.46079716829545975,0.45511417773349994,0.45511417773349994,391492000,0.005682990561959811,0.010723294892258099
2014-04-25,0.44351133704185486,0.45937640545143765,0.4425641531901093,0.4551141486880841,313600000,0.016812252261328375,0.010452676770866583
2014-04-28,0.44161713123321533,0.44943126629321717,0.4361709141775893,0.4470633482888414,226788000,0.013260352115627871,0.01055416002302786
2014-04-29,0.4425642788410187,0.44422184399523196,0.4375916680618049,0.443274659874566,171300000,0.006630175933427074,0.009793041667892697
2014-04-30,0.43735483288764954,0.4423274715298487,0.4364076770642814,0.44185389361816463,305740000,0.005919794465567285,0.009505507233747839
2014-05-01,0.43972259759902954,0.44493200926968346,0.4361707221561569,0.44398485377603614,198104000,0.008761287113526584,0.008947354859443717
2014-05-02,0.43640756607055664,0.44185378123927666,0.4338028458770559,0.44185378123927666,156376000,0.008050935362220735,0.00843994379830135
2014-05-05,0.4411434829235077,0.4444585563098159,0.43546046368265895,0.4359340415624452,239260000,0.00899809262715695,0.008625995301053565
2014-05-06,0.4321454167366028,0.44919441904666035,0.4309614578507959,0.44540576754876227,416188000,0.018232961195864428,0.009268714238271306
2014-05-07,0.43261900544166565,0.43617088218772576,0.4278831697802522,0.43214542752108576,293900000,0.008287712407473558,0.00935328283286388
2014-05-08,0.43806514143943787,0.44493209059299266,0.4288302466633654,0.4309613892552907,432728000,0.01610184392962727,0.009911435109369007
2014-05-09,0.42740944027900696,0.4288302018585138,0.4193585332692657,0.4248047483536431,539532000,0.009471668589248083,0.010063657565129154
2014-05-12,0.43995949625968933,0.4409066519593046,0.4281198806476807,0.42835668368648594,299856000,0.012786771311623923,0.01038501693180649
2014-05-13,0.4328556954860687,0.44114343449767507,0.4314349620026689,0.43403965416946944,221104000,0.00970847249500617,0.010621807883547009
2014-05-14,0.42859339714050293,0.4347499929900392,0.428356622363397,0.4330924566391022,214320000,0.006393370626642192,0.010672549316738607
2014-05-15,0.4262254238128662,0.4300141020250841,0.4219631678810698,0.42764618519939673,325896000,0.00805093414401431,0.010046740879787602
2014-05-16,0.4252784848213196,0.42835678390698795,0.42291056679046846,0.42291056679046846,283960000,0.005446217116519492,0.00948858837985129
2014-05-19,0.4390122890472412,0.441380206398489,0.4278830831419369,0.42977742266849545,360076000,0.013497123256552113,0.009979084617217363
2014-05-20,0.43389788269996643,0.4403207014002493,0.43175695258581115,0.439131289479537,256200000,0.008563748814438166,0.010167938499279569
2014-05-21,0.43389788269996643,0.4393691832068063,0.4312811651312726,0.4355630537174002,216712000,0.008088018075533665,0.010119847853708647
2014-05-22,0.4358009397983551,0.43817976359804217,0.43294635691029393,0.43294635691029393,130364000,0.005233406687748243,0.009918595805532041
2014-05-23,0.43984487652778625,0.4419858346795932,0.4355629885819852,0.4381797057593672,182656000,0.006422846097607959,0.00973464962484997
2014-05-27,0.4476950764656067,0.4476950764656067,0.4410343638920467,0.44246166957131583,209680000,0.00666071257355999,0.00890806043754251
2014-05-28,0.45150119066238403,0.4543557735658907,0.44507837204003986,0.4493602605742082,224676000,0.009277401525850826,0.0089787525174266
2014-05-29,0.45078739523887634,0.4550692824184546,0.44983587735799574,0.4512631541793167,171884000,0.005233405060458884,0.008202435455343144
2014-05-30,0.4519769549369812,0.45316636685690154,0.4484087191772202,0.45078754301706087,239128000,0.004757647679681343,0.007865719676088376
2014-06-02,0.45054957270622253,0.45625873724894056,0.44674344410587025,0.4534041549775815,181500000,0.009515293143070314,0.007632042664048834
2014-06-03,0.44864657521247864,0.4519769169653389,0.44269948775468876,0.4515011579089038,243212000,0.009277429210650168,0.007601253858023405
2014-06-04,0.44912227988243103,0.45245262123200347,0.4472192155293277,0.4474571092076448,161236000,0.005233405702675775,0.007518399220597232
2014-06-05,0.4510253667831421,0.45245264385096345,0.4472192378866598,0.44983595504771795,188696000,0.005233405964303661,0.007317147207760757
2014-06-06,0.45269060134887695,0.45673459614776607,0.4515011894458027,0.4531663604385433,161052000,0.005233406701963372,0.007301946463863891
2014-06-09,0.45316633582115173,0.4574482241111771,0.44912234124194483,0.4522148176935084,247456000,0.008325882869232248,0.006932572150483901
2014-06-10,0.4555451273918152,0.4576860855648433,0.4495980686186479,0.451501133097624,217608000,0.008088016946195431,0.006898591302752277
2014-06-11,0.46149224042892456,0.4626816522503263,0.4538799820857014,0.4538799820857014,266228000,0.008801670164624908,0.00694956645197308
2014-06-12,0.46434688568115234,0.4664878159049556,0.4574482791730181,0.46149230259680857,337148000,0.00903953673193747,0.007221432883700882
2014-06-13,0.4648226201534271,0.4693424024586281,0.46030283784822607,0.4691045087317902,227852000,0.009039564610402062,0.007408341348900461
2014-06-16,0.46339529752731323,0.46648777407379977,0.4593513028239767,0.4626816730885837,198620000,0.007136471249823084,0.007442324111490682
2014-06-17,0.4664878249168396,0.4683908897957728,0.46149231151218634,0.46387113552139814,157608000,0.006898578283586476,0.007272408165614657
2014-06-18,0.46601200103759766,0.4681529593631092,0.4610164599692193,0.46529834826242716,215536000,0.0071364993938898835,0.0074083434751454425
2014-06-19,0.455307275056839,0.45982702851038215,0.451976905034079,0.4574482049331881,474592000,0.00785012347630315,0.007629234603475572
2014-06-20,0.4503118097782135,0.45816193457201665,0.4467435738135592,0.45649676346007506,353148000,0.011418360758457424,0.007765168004574651
2014-06-23,0.4450782537460327,0.4453161190493781,0.4391311674374516,0.44436460112037823,414200000,0.0061849516119265036,0.007544276747522961
2014-06-24,0.43817973136901855,0.447932919573495,0.4362766667976799,0.4443646841364155,275780000,0.011656252775815112,0.008003051538461484
2014-06-25,0.44269949197769165,0.44293738568708585,0.4353251556380658,0.43936915019306255,215420000,0.007612230049020063,0.008172967544512657
2014-06-26,0.43675246834754944,0.44293742171674905,0.43532519104853074,0.442699527988004,256908000,0.007612230668218312,0.008342883542102294
2014-06-27,0.43722814321517944,0.43984483176847017,0.4336598799919467,0.4362765969030474,302820000,0.006184951776523451,0.008189959892623095
2014-06-30,0.4410342574119568,0.442223669071579,0.43556295810613244,0.43556295810613244,180512000,0.00666071096544657,0.008088009465426748
2014-07-01,0.44602981209754944,0.448646529176159,0.43913120723476595,0.4405585126154279,321180000,0.00951532194139304,0.008138984592338758
2014-07-02,0.4443645477294922,0.4462676117166458,0.4417478312024302,0.4443645477294922,179284000,0.004519780514215588,0.00781614486250148
2014-07-03,0.4484086334705353,0.44959804516311713,0.44032061694629165,0.44032061694629165,136892000,0.009277428216825478,0.007833135120103153
2014-07-07,0.4448404908180237,0.4493602732036043,0.4441268379826354,0.4491223794725357,127496000,0.005233435220968863,0.007697203975184994
2014-07-08,0.44127222895622253,0.4455541173580292,0.4369903405544158,0.4436510526952467,221940000,0.008563776803613365,0.007816146726615486
2014-07-09,0.45459356904029846,0.45649663335060475,0.44174790621408894,0.44507827584657755,387668000,0.014748727136515816,0.008359877279660196
2014-07-10,0.452214777469635,0.4541178419134619,0.4424615899186551,0.4460298251166508,266308000,0.011656251994806799,0.008631743602410456
2014-07-11,0.45316633582115173,0.4545936413704319,0.45102540585504663,0.4526905767573301,191188000,0.003568235515385265,0.008071020370762445
2014-07-14,0.4588755667209625,0.4600649786554856,0.4534042661505928,0.45506943718736165,272636000,0.006660712504892807,0.008105003291688609
2014-07-15,0.4607785642147064,0.461967975975577,0.45649667620400974,0.45958915245383586,395440000,0.00547129977156724,0.007663220934242333
2014-07-16,0.4603027105331421,0.4662497968388325,0.45768602205075987,0.46268156207010375,319728000,0.008563774788072631,0.007731188415603231
2014-07-17,0.45911338925361633,0.4638710649055906,0.45506939472514363,0.45506939472514363,324832000,0.008801670180446974,0.00781614838076242
2014-07-18,0.4386555254459381,0.4531663620584415,0.4379418726299792,0.4495981263364636,567816000,0.015224489428462329,0.008461829641615197
2014-07-21,0.44127222895622253,0.44436470548851714,0.4369903405544158,0.4369903405544158,243364000,0.0073743649341013184,0.008512804925090536
2014-07-22,0.43936917185783386,0.4469814022822039,0.43841765368896873,0.44460257850222473,298816000,0.008563748593235165,0.008444835400222117
2014-07-23,0.43009182810783386,0.43984501889924654,0.4296160689282625,0.4396071534883718,297352000,0.010228949970984058,0.008852633218562722
2014-07-24,0.43080538511276245,0.4336599679122775,0.42771290859753125,0.43247055604932827,254576000,0.005947059314746261,0.008614749725557064
2014-07-25,0.4231930673122406,0.43032953701355964,0.4224794146705467,0.42937799070536453,266132000,0.00785012234301291,0.00880165594856021
2014-07-28,0.4215279519557953,0.4250961875140736,0.4143914808392387,0.4250961875140736,330352000,0.010704706674834863,0.008954579510790317
2014-07-29,0.4229552447795868,0.4286644385155167,0.4215279392561506,0.4217658329626615,217972000,0.0071364992593661025,0.008410848948136766
2014-07-30,0.43009182810783386,0.4312812402356734,0.4243826612373331,0.4255720733651726,246184000,0.006898578998340288,0.008071015162674873
2014-07-31,0.41629457473754883,0.42818869410120897,0.41558092190416573,0.4248583520225111,401880000,0.012607772197043232,0.00871669635422187
2014-08-01,0.42081427574157715,0.4231930991543387,0.41486718885186125,0.416294494242643,219884000,0.00832591030247748,0.008835639054049346
2014-08-04,0.4198627471923828,0.42390674149425417,0.4177218173731018,0.4203385062235771,241724000,0.0061849241211523465,0.008886612221876854
2014-08-05,0.4201006293296814,0.42628558163849534,0.41510508874503843,0.4186733239175513,298136000,0.011180492893456906,0.009073520657975731
2014-08-06,0.4196249544620514,0.4248583614263347,0.41415365376210234,0.41724610217884833,223456000,0.010704707664232371,0.009209451906817545
2014-08-07,0.4153430461883545,0.42699927153134115,0.4124884349259101,0.42319317044444316,407696000,0.014510836605431066,0.009158476705172456
2014-08-08,0.4519769549369812,0.4543557787768219,0.4334221233146606,0.4334221233146606,894348000,0.02093365546216125,0.010126997457176736
2014-08-11,0.449598103761673,0.45435575115209037,0.4484086919140686,0.4524526865243603,344624000,0.005947059238021746,0.009940091074661492
2014-08-12,0.449598103761673,0.45197692745688167,0.4446025626586086,0.4493602384068413,296152000,0.007374364798273081,0.009736192133753565
2014-08-13,0.452214777469635,0.4560209063572888,0.44745713053897407,0.45031171302580814,256596000,0.008563775818314745,0.009923100455437027
2014-08-14,0.4472193121910095,0.4538800246876076,0.44531624742657905,0.4538800246876076,255992000,0.008563777261028527,0.009974075806723857
2014-08-15,0.4529283940792084,0.4555450826678158,0.444364618943487,0.4486465065113477,369796000,0.011180463724328793,0.01000805845311628
2014-08-18,0.45911338925361633,0.45958917666928406,0.4503117474309841,0.4548315010173098,284076000,0.009277429238299939,0.010160982023040126
2014-08-19,0.4628168046474457,0.4652061508251021,0.45756022026999904,0.4592327853809611,248260000,0.007645930555103042,0.01021436427709461
2014-08-20,0.45994967222213745,0.4632947747300805,0.4587549988585706,0.46114434558570433,221468000,0.0045397758715099434,0.009638078825270803
2014-08-21,0.4556487798690796,0.46114428228376353,0.4549319987359408,0.45875493588461885,272796000,0.006212283547822717,0.009487105485652606
2014-08-22,0.4558877944946289,0.45971076070176164,0.45230377435666447,0.455170984770384,251224000,0.007406986345097177,0.009574395644505808
2014-08-25,0.45660465955734253,0.4609054899407935,0.45564890364809585,0.45779933308145315,153380000,0.005256586292697651,0.00915125945873729
2014-08-26,0.46472829580307007,0.4656840228983465,0.45612663801256736,0.45779917467092796,269636000,0.009557384885779119,0.009069307831704914
2014-08-27,0.4594716727733612,0.46544503782572655,0.4587548632704271,0.46186101879430735,182972000,0.006690174555299466,0.008510689113838371
2014-08-28,0.46329477429389954,0.4642505015905493,0.4570824614158967,0.45851608084413115,179704000,0.007168040174652612,0.007527430879016326
2014-08-29,0.46472829580307007,0.4656840228983465,0.4599495748769268,0.4649672133352623,207932000,0.0057344480214197024,0.007512244363544751
2014-09-02,0.465923011302948,0.465923011302948,0.461622182016412,0.465923011302948,192636000,0.004300829286536023,0.00729270611270639
2014-09-03,0.4702237844467163,0.47189632105754853,0.4652061461309668,0.4683123018272283,259456000,0.006690174926581749,0.007158877477582605
2014-09-04,0.4785865247249603,0.4814537630680068,0.46926805707656866,0.46950700309957405,491832000,0.012185705991438145,0.007417586672611863
2014-09-05,0.4771529734134674,0.4802591297380178,0.47404681708891694,0.47810870067490197,253792000,0.006212312649100882,0.007062718738667012
2014-09-08,0.4728521406650543,0.4776308339073607,0.47094065767148,0.47667510665220286,319288000,0.006690176235880696,0.006877914952779923
2014-09-09,0.46687883138656616,0.47380795452789626,0.46640096770036527,0.4707017978426974,198588000,0.0074069868275309925,0.006860847543667634
2014-09-10,0.46855130791664124,0.4702238733268691,0.46425047833067784,0.4695070636486655,172376000,0.005973394996191261,0.0069632489097163
2014-09-11,0.46377265453338623,0.46687881108350837,0.45875501483832276,0.46520627401290743,250720000,0.00812379624518561,0.007099785530956506
2014-09-12,0.4568435251712799,0.4666398583472096,0.45636566151268193,0.4666398583472096,262536000,0.010274196834527682,0.007304586280201543
2014-09-15,0.4506312608718872,0.4589939749641661,0.44871977766842824,0.4582771652024613,294152000,0.010274197295737864,0.007662987066132986
2014-09-16,0.4573213458061218,0.4597106922087725,0.44800287774583086,0.4494364969807236,219936000,0.011707814462941613,0.00781658917878745
2014-09-17,0.45756033062934875,0.4618611604831016,0.45397631049843146,0.4561267396669379,173584000,0.00788484998467015,0.007901923138028214
2014-09-18,0.4644893705844879,0.4649672341535218,0.45899386833246075,0.46042748752281737,219604000,0.005973365821061061,0.007816589255628817
2014-09-19,0.4558877944946289,0.46640093732261395,0.455170984770384,0.4659230736675374,601316000,0.011229952552229971,0.008209125293543836
2014-09-22,0.45134812593460083,0.46520634525356647,0.4508702337127366,0.46520634525356647,221464000,0.014336111540829866,0.00892593116885054
2014-09-23,0.44943657517433167,0.4544541864029155,0.44728614594785787,0.4489586830240525,196144000,0.007168040455057645,0.00896006442088453
2014-09-24,0.4520646929740906,0.4534983119934651,0.4487196199065521,0.4491974834185931,159592000,0.00477869208691295,0.008430991999132732
2014-09-25,0.4422685205936432,0.45278166402564546,0.44131279322858014,0.45158699057768575,298440000,0.011468870797065323,0.008806460438273048
2014-09-26,0.4432241916656494,0.44656926528681334,0.4417905724090041,0.4437020552567791,241188000,0.004778692877809243,0.008669925912696516
2014-09-29,0.44250738620758057,0.4456135423040807,0.4353393468233141,0.4396401761505253,208540000,0.01027419548076658,0.008874726530784773
2014-09-30,0.4408349394798279,0.44394109621116956,0.4355783534037439,0.4405959933915468,277204000,0.00836274280742566,0.00904539423158723
2014-10-01,0.4365341067314148,0.4446578749199876,0.4353394332634916,0.44155174668999714,350976000,0.00931844165649598,0.009130726046680828
2014-10-02,0.43462249636650085,0.4379675697050046,0.4245872193844817,0.43581716948500276,288996000,0.013380350320522927,0.009352594152823345
2014-10-03,0.43557828664779663,0.44322421850183974,0.43557828664779663,0.4372508520429048,239140000,0.007645931854043109,0.009164860906988006
2014-10-06,0.43295004963874817,0.4408348995555186,0.43008281077209726,0.4372508794554647,199032000,0.01075208878342132,0.00909659478702227
2014-10-07,0.4284101724624634,0.4353392934408747,0.42793230892542716,0.43103846464104234,301896000,0.007406984515447523,0.009062461539220653
2014-10-08,0.4362950026988983,0.4384454312526286,0.4245871898617054,0.4279322914508685,260172000,0.013858241390923176,0.009625666937067947
2014-10-09,0.42793238162994385,0.4348615037855937,0.4243483617683774,0.4343836116841118,306956000,0.01051314201721626,0.009574466184566968
2014-10-10,0.40260520577430725,0.426020832760275,0.40236628824378934,0.4245872136441534,691376000,0.023654544516485687,0.010240068539970957
2014-10-13,0.4011717140674591,0.41335739410963224,0.40069385040533206,0.40523359792043,397628000,0.012663543704300173,0.010632604486345423
2014-10-14,0.4104900360107422,0.42171995620628283,0.4042777251877196,0.4066670711222282,376620000,0.017442231018563237,0.0115371429814633
2014-10-15,0.41670241951942444,0.41885284847252335,0.40188847682552437,0.40451674090163564,404428000,0.016964371646998988,0.011929678756458562
2014-10-16,0.41694143414497375,0.42172012796020936,0.4083397738842449,0.40929552973724914,351116000,0.01338035407596444,0.012544083127755361
2014-10-17,0.4162246584892273,0.42673780283434537,0.41455212121346835,0.42195910862745467,290716000,0.01218568162087702,0.012680617852048964
2014-10-20,0.41980859637260437,0.42363156237766547,0.4133573661619151,0.4162245764240816,200336000,0.010274196215750375,0.012817150238357873
2014-10-21,0.4377286732196808,0.4382065367934091,0.42172002987536766,0.4229147030513161,351092000,0.016486506918041433,0.013329154899896833
2014-10-22,0.42745456099510193,0.4384455677357605,0.42745456099510193,0.43701194825367085,239512000,0.01099100674065856,0.013158487501335093
2014-10-23,0.4370119273662567,0.440118083773482,0.4317553703219383,0.43486152672916356,214476000,0.008362713451543713,0.01320968618687085
2014-10-24,0.4415515959262848,0.44417985956836215,0.43701182120828347,0.4396401133336133,210156000,0.007168038360078677,0.012953682585203519
2014-10-27,0.44179055094718933,0.4434630876765209,0.43653399473360954,0.44131268737927387,145092000,0.00692909294291133,0.012919547472879505
2014-10-28,0.45230379700660706,0.4527816606856135,0.4401181165340036,0.4405959802130101,192580000,0.012663544151609862,0.012834211955785697
2014-10-29,0.44943657517433167,0.4530205954018605,0.44537466279652366,0.45039230250836837,168340000,0.007645932605336858,0.012629411283508597
2014-10-30,0.4465692341327667,0.4501532535410914,0.440834814472749,0.4482417993099217,170260000,0.009318439068342399,0.011605403751498362
2014-10-31,0.46687883138656616,0.4671177774712976,0.45445420464577063,0.45684355156003714,256316000,0.012663572825526992,0.011605405831585992
2014-11-03,0.4747636318206787,0.4793034075688719,0.47237428515844826,0.47763084211870344,308732000,0.006929122410423649,0.010854469502433165
2014-11-04,0.4809759855270386,0.4826485226364904,0.46998497855076465,0.47786982890476454,360196000,0.012663544085725731,0.010547267533770789
2014-11-05,0.4809759855270386,0.48408214214931267,0.47739196522824423,0.4838432245526832,335652000,0.006690176921068436,0.010069397736992503
2014-11-06,0.4831264019012451,0.48384321163852406,0.4745247135371586,0.4819317000169398,394088000,0.00931849810136548,0.00986459891417025
2014-11-07,0.4728521406650543,0.49435628873869175,0.46807344742274787,0.48862186824122744,450800000,0.026282841315943883,0.011008073564184071
2014-11-10,0.4783475995063782,0.48145375533931284,0.4711795322470844,0.4723742053764243,293388000,0.010274223092228418,0.010564339005197428
2014-11-11,0.47261327505111694,0.47810875009732484,0.4685513625619906,0.4754804856150649,212992000,0.00955738753533425,0.01046193763338855
2014-11-12,0.4695071280002594,0.47213539253623016,0.4630558684954625,0.4709407190698992,204584000,0.009079524040767672,0.010513138389761688
2014-11-13,0.46711769700050354,0.47189639000580674,0.4632947312029581,0.47117958035835983,225328000,0.008601658802848633,0.010615539849959542
2014-11-14,0.4728521406650543,0.4728521406650543,0.4630558081250227,0.4675955837951689,160248000,0.009796332540031594,0.010820342678325276
2014-11-17,0.47070181369781494,0.4757194537800936,0.46759565690798827,0.47070181369781494,158732000,0.008123796872105349,0.010496075015503524
2014-11-18,0.48193153738975525,0.48312623887091005,0.46974586141783614,0.47094053441573996,207772000,0.01338037745307391,0.010905678218913315
2014-11-19,0.4801320731639862,0.4837312894189523,0.47509322761463524,0.4822916029169659,240300000,0.008638061804317088,0.010857079842911507
2014-11-20,0.48805031180381775,0.48853022639343213,0.47533317585887896,0.47677286242011807,220968000,0.013197050534553167,0.010895185393556233
2014-11-21,0.49068981409072876,0.493089272906504,0.4866107398246719,0.4923694295410104,198976000,0.006478533081832105,0.01086300044151398
2014-11-24,0.49380895495414734,0.4959684271375597,0.4899698106615591,0.4918893542040572,136004000,0.0059986164760005845,0.010386934183676469
2014-11-25,0.493569016456604,0.49716823245357183,0.4918894013938849,0.49284917325721045,190240000,0.005278831059686961,0.010286123765006363
2014-11-26,0.501967191696167,0.5024471062724701,0.4904497567333117,0.4906897426252645,219264000,0.01199734953915843,0.010477470296277288
2014-11-28,0.5031668543815613,0.5060462272070413,0.4990877810171966,0.5036467689216739,124832000,0.0069584461898447025,0.009097156358698776
2014-12-01,0.49380895495414734,0.5038866443636504,0.49308911182381254,0.5010073290499032,190060000,0.01079753253983784,0.009134535604956593
2014-12-02,0.4945288300514221,0.4966883023744254,0.4887700846364915,0.493329072354113,245952000,0.007918217737933886,0.009017452047999423
2014-12-03,0.5072458982467651,0.5074858268720099,0.4954885374959459,0.4969282236625912,284424000,0.011997289376064035,0.00922586385766345
2014-12-04,0.5026866793632507,0.5084453641672636,0.4993274513282067,0.5065258216351133,185332000,0.009117912839056885,0.009262739145964038
2014-12-05,0.5055662989616394,0.5082056855430525,0.5026869265400324,0.5029268551726364,165680000,0.005518759003020013,0.008957198179034639
2014-12-08,0.49908798933029175,0.5098855847250254,0.495008914263372,0.5048467373848814,226944000,0.014876670461653418,0.009439546292573788
2014-12-09,0.49740803241729736,0.49860778984172516,0.4885300448653458,0.49596834639101706,239448000,0.010077744976379366,0.009203643972809891
2014-12-10,0.4863707721233368,0.49788820919521254,0.4858909146667667,0.49596860774609347,204364000,0.011997294528445834,0.009443589167390517
2014-12-11,0.48613080382347107,0.4926093366207109,0.4851710317808445,0.48925010586771367,135652000,0.007438304839866405,0.009032250189198605
2014-12-12,0.4710140824317932,0.4839711445657793,0.4705341679348484,0.4796521143198518,323964000,0.013436976630930852,0.009529281871277087
2014-12-15,0.4695744514465332,0.4851709593390005,0.4681347649937517,0.4765328692261111,254696000,0.017036194345248834,0.010317680290509104
2014-12-16,0.4642955958843231,0.47653284428098186,0.4640556672239523,0.4690945409411173,185308000,0.012477177057029554,0.010831847861747861
2014-12-17,0.4832513630390167,0.48397120627241785,0.45829697877184467,0.4736535295371352,345596000,0.025674227500573188,0.01180876771613463
2014-12-18,0.48517104983329773,0.4950088137495825,0.4806120609516783,0.4892501240719429,226156000,0.0143967527979042,0.012340075330996023
2014-12-19,0.4899698495864868,0.49188939328148024,0.48397117542633844,0.4885301632114435,325528000,0.007918217855141796,0.012134409996374875
2014-12-22,0.49860790371894836,0.49860790371894836,0.4878103132633636,0.4894899282751042,148976000,0.01079759045558476,0.012340079476207081
2014-12-23,0.49548864364624023,0.5048465485266239,0.49500872908534854,0.5024470901373665,109280000,0.009837819441275375,0.012185831623722177
2014-12-24,0.493569016456604,0.49740816111750386,0.49308915912873996,0.4966883179181103,45644000,0.004319001988763893,0.011843052277272679
2014-12-26,0.49404892325401306,0.49668831013871834,0.49236930821760094,0.4935690087260682,52636000,0.0043190019211173936,0.011757355342851062
2014-12-29,0.4933290481567383,0.49668827801228327,0.49020974694584857,0.4926092050151797,82944000,0.006478531066434701,0.011157488243192583
2014-12-30,0.488770067691803,0.4923692834513569,0.48805022453989216,0.4899698253475189,112120000,0.004319058911464724,0.010746153524270108
2014-12-31,0.4810918867588043,0.49212940664059035,0.4796521716995367,0.48948996240303294,166300000,0.012477234941053628,0.010780434982313522
2015-01-02,0.4830114543437958,0.4866106706596851,0.47533316434163364,0.4830114543437958,113680000,0.011277506318051467,0.01105466365932674
2015-01-05,0.4748533368110657,0.4844512004950466,0.472693835359548,0.4830115137914982,197952000,0.011757365135498576,0.010934691409653006
2015-01-06,0.460456520318985,0.47605300016081925,0.45997663435230407,0.47557311419413834,197764000,0.01607636580851518,0.010866132228457745
2015-01-07,0.4592567980289459,0.46789485997472313,0.45781711150338267,0.4638157576868942,321808000,0.010077748471340464,0.010694744472337096
2015-01-08,0.47653281688690186,0.4794121894762137,0.46429556919371645,0.46453552644409135,283780000,0.015116620282497273,0.00994062967104596
2015-01-09,0.47845229506492615,0.48205151009433744,0.47173380801634346,0.47821236646549276,209540000,0.010317702077993984,0.009649268905338087
2015-01-12,0.4724538028240204,0.47989213526845914,0.4681347720047914,0.4796521779881352,190732000,0.01175736326366772,0.009923493577375653
2015-01-13,0.4717338979244232,0.48565076047667055,0.4683746680617895,0.4760529281790926,236720000,0.01727609241488104,0.010386243717325386
2015-01-14,0.47365349531173706,0.47509318167451003,0.4654953488661516,0.46669507796719645,155260000,0.009597832808358409,0.010369101814974175
2015-01-15,0.4702942669391632,0.4798920997815794,0.4700543096765835,0.47701275564961415,188932000,0.009837790104995858,0.010763300966133602
2015-01-16,0.4789324402809143,0.47941232631484126,0.46813484719663195,0.46957453390221754,181512000,0.01127747911820931,0.011260335051640166
2015-01-20,0.48037201166152954,0.4849309421912557,0.47437333756425354,0.48229155533640417,140308000,0.01055760462700217,0.011551697448823558
2015-01-21,0.4870903491973877,0.488290106598067,0.4743732182296113,0.47773247602317365,144780000,0.013916888368455671,0.012237256695751483
2015-01-22,0.49548864364624023,0.4969283301213147,0.48301143713906197,0.4880502825942222,159712000,0.013916892982252738,0.01234008941297999
2015-01-23,0.4969283640384674,0.4978881360181581,0.4918894610317833,0.4959685348511722,120416000,0.005998674986374797,0.011963030032145942
2015-01-26,0.49476882815361023,0.4971682866774208,0.4916495263518961,0.49476882815361023,133240000,0.005518760325524674,0.011517415402862092
2015-01-27,0.4710140824317932,0.4875703602738826,0.47005428204170013,0.48709044577693783,357948000,0.017516078232182486,0.011620252004552615
2015-01-28,0.4633358120918274,0.47869236150784705,0.4630958548338437,0.4767727892553699,272728000,0.015596506674003363,0.012014449019028536
2015-01-29,0.4746132791042328,0.47725266587165627,0.46141623085192734,0.4635757603203251,235340000,0.015836435019728923,0.012065864357402225
2015-01-30,0.4606965184211731,0.47677291525598514,0.4599767036645858,0.47125415429805007,298200000,0.016796211591399324,0.012528615036931177
2015-02-02,0.47077417373657227,0.47269374611093684,0.4544578514601728,0.4635757987855548,259604000,0.01823589465076403,0.012991367278866628
2015-02-03,0.4825315475463867,0.4830114621321112,0.47173398423601737,0.47413344274943275,183468000,0.011277477896093846,0.01256289481323897
2015-02-04,0.4837312400341034,0.4892499995898986,0.479652138229517,0.4810918531883216,181516000,0.009597861360381599,0.0125628968526692
2015-02-05,0.49164944887161255,0.4918893775239015,0.4837312312701293,0.48421108857470724,140448000,0.008158146253772203,0.01244292229186751
2015-02-06,0.48949000239372253,0.49692836395214346,0.48733047253409023,0.49116961765979067,210524000,0.009597891418053228,0.012322951741856361
2015-02-09,0.4890102446079254,0.4904498742666287,0.4834914830921119,0.4866107855665985,273944000,0.006958391174516854,0.012065865066678838
2015-02-10,0.5026866793632507,0.502926607877879,0.48733011027580053,0.4894896385301411,226204000,0.015596497602078485,0.012185837154794753
2015-02-11,0.49932771921157837,0.5038866494731375,0.49596843216675496,0.5038866494731375,320832000,0.007918217306382591,0.011757360320804029
2015-02-12,0.5350795388221741,0.539878453835214,0.5247618658233801,0.5278811663026141,676904000,0.015116588011833909,0.012408639822622537
2015-02-13,0.5353198051452637,0.5360396485721287,0.5257219690638829,0.5338801182915335,310084000,0.010317679508245803,0.012751419764245474
2015-02-17,0.5369994640350342,0.5396389092155536,0.5310008446043324,0.534360076062135,203340000,0.008638064611221186,0.01211727593417681
2015-02-18,0.530760645866394,0.5372392346333896,0.5298008740071494,0.5362794055665476,170948000,0.007438360626240259,0.011534551216479446
2015-02-19,0.5322005152702332,0.5384391203120283,0.5298010561932055,0.5374793481227408,169432000,0.008638064118822841,0.011020381866414726
2015-02-20,0.536039412021637,0.536279340655508,0.5278812663941198,0.5317204105740074,157752000,0.008398074261388166,0.01042051491427107
2015-02-23,0.5317206382751465,0.5357997128357056,0.5290811933419027,0.5357997128357056,125008000,0.006718519493802866,0.009597845260202418
2015-02-24,0.537381112575531,0.537381112575531,0.5289506968908488,0.5337680936900672,149356000,0.008430415684682169,0.009394483673673012
2015-02-25,0.5332860946655273,0.5376217843198148,0.5308773973335479,0.5352130295599611,123820000,0.006744386986266893,0.009190664075521961
2015-02-26,0.5347312688827515,0.5378625808311307,0.5303955796798255,0.5337678015358351,152864000,0.007467001151305164,0.009141296568202886
2015-02-27,0.531359076499939,0.5344903882835806,0.5294320844796165,0.533286011092396,157492000,0.005058303803964104,0.008817040310053663
2015-03-02,0.5443662405014038,0.5472567009432691,0.5291914380373867,0.529914053147853,301512000,0.018065262905882395,0.009610388290865487
2015-03-03,0.5342496037483215,0.5429209263048027,0.5325635212273222,0.5402713762615008,160344000,0.010357405077480508,0.009236167396251346
2015-03-04,0.5402712225914001,0.5414755422947624,0.53015467291499,0.532322517294477,226840000,0.011320869379772391,0.009479213972922047
2015-03-05,0.5506287217140198,0.5515921891319931,0.538826087917197,0.5402713177580932,323056000,0.012766101214796155,0.009311322058847922
2015-03-06,0.5431618094444275,0.5501469917072241,0.5426800469931179,0.5474974417947108,257392000,0.0074669447141062495,0.009107698144980811
2015-03-09,0.5446068644523621,0.5487017008354088,0.5421981675712035,0.5434025447257146,222388000,0.0065035332642052746,0.00895523162019396
2015-03-10,0.5540008544921875,0.5576139288863919,0.5460521482528071,0.5470156156153052,527212000,0.011561780633584817,0.00924976162071857
2015-03-11,0.5511104464530945,0.5612269397918773,0.5496652167110202,0.5540008485093745,262120000,0.011561723080857123,0.00945859440372102
2015-03-12,0.5460522174835205,0.5499061448499987,0.5356948128108066,0.545811364969327,406972000,0.014211332039192115,0.009873827102135588
2015-03-13,0.5467748641967773,0.5482200942215935,0.5359356964385362,0.543402699090793,359288000,0.012284397783057233,0.010271389837082328
2015-03-16,0.5532784461975098,0.5566506693671841,0.5474975824361821,0.5511106581794436,236956000,0.00915308693100203,0.01032300921181946
2015-03-17,0.5600225925445557,0.5602634450138216,0.548219960132535,0.5520738867801199,299900000,0.012043484881286592,0.010701516204320869
2015-03-18,0.5508697628974915,0.5629132533170204,0.545811514149657,0.5600228500730687,413844000,0.01710173916736335,0.011389711776896452
2015-03-19,0.5593000650405884,0.5612269999513285,0.5487018081757685,0.5527965879319973,310756000,0.012525191775559996,0.01192306091772473
2015-03-20,0.5653217434883118,0.5686939655078663,0.558577414304945,0.563876571111784,462084000,0.01011655120292132,0.011355295796084654
2015-03-23,0.5470158457756042,0.5556871705423391,0.5467749931906069,0.5484610761413756,426012000,0.00891217735173222,0.01125206524424549
2015-03-24,0.5395486950874329,0.5491834839845148,0.5371399978631624,0.5453295569401077,330480000,0.01204348612135242,0.011303680725786922
2015-03-25,0.5067902207374573,0.5393076503901992,0.5051040815963044,0.5393076503901992,542552000,0.034203568793894856,0.012834928410008257
2015-03-26,0.5051040053367615,0.5072718489670748,0.49281967295400453,0.4964327456711934,311920000,0.01445217601307025,0.0133338735027914
2015-03-27,0.514979898929596,0.5169068335077482,0.49980510248608573,0.5079946605850303,318288000,0.017101731021662514,0.01409088762832406
2015-03-30,0.5171478986740112,0.5197974488714614,0.5106443633073718,0.5173887512116297,253252000,0.009153085564089558,0.01391883798050297
2015-03-31,0.5041408538818359,0.5161843414288024,0.5036591488366844,0.5157026363836509,357276000,0.01252519259211804,0.013987657231307321
2015-04-01,0.5060681700706482,0.5077542536629992,0.497396842004332,0.5060681700706482,330768000,0.010357411658667215,0.013712377204126972
2015-04-02,0.5072721242904663,0.510403436535611,0.5029364921045055,0.5089582066643329,192204000,0.0074669444311055155,0.013368273393273277
2015-04-06,0.5219654440879822,0.5236515271919195,0.4998053962741227,0.5051044981928118,515864000,0.02384613091779686,0.014417776535187193
2015-04-07,0.5265417695045471,0.5323226316640016,0.5190747675135384,0.5219652273072031,413964000,0.013247864150463196,0.014503803625842665
2015-04-08,0.5303956866264343,0.5323226791366854,0.5219652738562106,0.5270235215183449,366432000,0.010357405280474796,0.014022065491064911
2015-04-09,0.542680025100708,0.5443661074704592,0.5260599964773228,0.5263008489793234,379432000,0.018306110993136393,0.014434988292320369
2015-04-10,0.5482200980186462,0.5484609505484904,0.5412348578022407,0.5431618503246355,258728000,0.007226092746249746,0.014228526973986685
2015-04-13,0.5431618094444275,0.5501469917072241,0.5407530546157551,0.5470156793434011,236724000,0.009393937091469073,0.014262938383967888
2015-04-14,0.5385852456092834,0.543161787716082,0.5332860885683653,0.5409939429137237,220276000,0.009875699147716688,0.014108096457279621
2015-04-15,0.5450886487960815,0.5491834279165042,0.5373807954941884,0.5400304023698886,243560000,0.011802632422315829,0.012508029573595406
2015-04-16,0.5417166352272034,0.5465340305242056,0.5378627075040252,0.5419574877636889,155284000,0.008671323020180366,0.0120951115026747
2015-04-17,0.5347312688827515,0.5400304254325936,0.5301547272000636,0.5303955796798255,293636000,0.009875698232529984,0.011578966303450946
2015-04-20,0.5320818424224854,0.5405122554432713,0.5311183174247827,0.5371400902349569,231624000,0.009393938018488646,0.01159617005019374
2015-04-21,0.531359076499939,0.5385851673634509,0.5287094696504788,0.5385851673634509,230456000,0.009875697712972031,0.011406920415969024
2015-04-22,0.537381112575531,0.5381037278382037,0.5263010884517489,0.5344907089527399,207420000,0.01180263938645476,0.01151015096795385
2015-04-23,0.5352131128311157,0.5402714182147811,0.5214835416455048,0.5275053146262882,259380000,0.018787876569276274,0.01231878897782319
2015-04-24,0.5306365489959717,0.5352130337631611,0.5246147769047952,0.534972181256434,240960000,0.010598256858365906,0.011372512259292407
2015-04-27,0.5347312688827515,0.5441252047278892,0.5277460301188387,0.5323225718015265,248456000,0.016379174609050473,0.01159617729204864
2015-04-28,0.537381112575531,0.5393081057519582,0.528709786851358,0.5337680936900672,234484000,0.010598318900600145,0.01161338540777188
2015-04-29,0.5332860946655273,0.5388261042718673,0.5311182498383836,0.533526947170363,195156000,0.007707854433483652,0.010856367082082399
2015-04-30,0.5347312688827515,0.5373808184437384,0.5294321123329092,0.5306364895874559,218844000,0.007948706110829207,0.010907982322409502
2015-05-01,0.5479792952537537,0.5496653779715462,0.5366583639047554,0.5390670617055855,256968000,0.013007014066790834,0.011166059249218199
2015-05-04,0.5446068644523621,0.5511103977165673,0.5429207823783374,0.5474973236808978,200720000,0.008189615338229927,0.011045624691397717
2015-05-05,0.5306365489959717,0.5434026506985061,0.528227851645076,0.54268003575045,292928000,0.01517479905343011,0.011286493736477308
2015-05-06,0.5323224663734436,0.5385850890298707,0.5253372289929783,0.5335267859616027,316484000,0.013247860036892378,0.011613389237671023
2015-05-07,0.5417166352272034,0.5434027178383659,0.5284687694465062,0.5301548520576689,534564000,0.014933948391859686,0.011974692820480288
2015-05-08,0.5017324090003967,0.5260603062941561,0.4935428448304968,0.506068101157102,1146552000,0.0325174614636593,0.013626373066563906
2015-05-11,0.4969147741794586,0.5019730792792588,0.4908930589644889,0.4947469291366871,544144000,0.0110800203147699,0.013712396109549468
2015-05-12,0.5017324090003967,0.5058271910853467,0.49306108211489375,0.493301992186649,388800000,0.012766108970452938,0.013781215365549339
2015-05-13,0.5046223998069763,0.5091989403392628,0.49980500685547063,0.5053450144924876,308524000,0.009393933483792194,0.013110219430871903
2015-05-14,0.5128121972084045,0.5154618047757591,0.5048634893621027,0.5060678668796058,293052000,0.010598315413656412,0.013110223613392655
2015-05-15,0.5130529403686523,0.5173885716807572,0.5099216287546301,0.5149798748567296,215824000,0.007466942926127151,0.01247363563604099
2015-05-18,0.5123304128646851,0.5154617250121907,0.5094399532122578,0.5118486504466565,324972000,0.006021771799932907,0.012146739414564758
2015-05-19,0.5091360807418823,0.5147017320339986,0.5081680962351587,0.5130077879940705,253808000,0.006533635798839921,0.012062866654947348
2015-05-20,0.5091360807418823,0.5154276915672031,0.5086520884885205,0.5093780480217249,196824000,0.006775603078682635,0.011979073581222592
2015-05-21,0.5055065751075745,0.5115562221479405,0.5050225825746095,0.5093783422901635,239692000,0.006533639573330974,0.011516689688832602
2015-05-22,0.5047804117202759,0.5086521773424805,0.5035705174160358,0.5067163233782216,212592000,0.005081659926444715,0.011294692873705088
2015-05-26,0.5016347765922546,0.5057485109375223,0.497763009651501,0.5023607364995026,259732000,0.007985501286021268,0.010781171604604456
2015-05-27,0.5284950733184814,0.530914920230633,0.5033286192771438,0.5050225063462798,432332000,0.02758630095348924,0.011805345955789946
2015-05-28,0.5357545614242554,0.5374484483269898,0.5275270942699182,0.5284950214009527,327656000,0.009921354057071619,0.011447303503305084
2015-05-29,0.5355124473571777,0.539142187527586,0.5347864877843601,0.5357544146502237,335168000,0.004355699743225916,0.009435749094702699
2015-06-01,0.5415623188018799,0.5468860059088507,0.5355127294334091,0.5389005040952496,372660000,0.011373276475441618,0.009456695963322107
2015-06-02,0.530914843082428,0.5410782217140861,0.530430850692847,0.5381743827639859,224304000,0.010647371021239138,0.009305357538378264
2015-06-03,0.5251072645187378,0.5364805384857491,0.5241392796628113,0.5323668047760023,250788000,0.012341258822937795,0.009515880776888665
2015-06-04,0.5345447063446045,0.5362385933722251,0.5219614796323367,0.5219614796323367,323712000,0.01427711373988838,0.009778652085905235
2015-06-05,0.5386583805084229,0.541078227092998,0.5272850496365953,0.5328507025504876,313320000,0.013793177456402739,0.010230525980924918
2015-06-08,0.5263170599937439,0.5405941704541474,0.5202674730980882,0.5369644298554913,342812000,0.020326697356059187,0.011252306377791082
2015-06-09,0.5289789438247681,0.5328506518366455,0.5258331377948517,0.5268010647978211,256888000,0.007017514041793738,0.01128686910943064
2015-06-10,0.5195416808128357,0.5260752621501951,0.5166378412434737,0.5226874877817428,529460000,0.009437420906721394,0.011476998954290552
2015-06-11,0.5251072645187378,0.5287370058005213,0.5195416112187987,0.5195416112187987,283052000,0.009195394581722582,0.011667124312032809
2015-06-12,0.5108301043510437,0.5248651911457238,0.5096201522393565,0.5217193848877677,323728000,0.015245038906367303,0.012393079953455852
2015-06-15,0.5098621249198914,0.5122819712010782,0.5042964727037929,0.5081681805987429,306548000,0.00798549849728536,0.01239307975426043
2015-06-16,0.5161539316177368,0.5168798916266282,0.5038127268540128,0.5088943892225378,256892000,0.01306716477261538,0.011355998598483725
2015-06-17,0.522203266620636,0.5251071049184323,0.5147017612762355,0.515911655437864,233544000,0.010405343642196807,0.011390569283135523
2015-06-18,0.530914843082428,0.5343026167284164,0.5251072228759203,0.5265591423509705,299404000,0.009195393852496125,0.011736261719511967
2015-06-19,0.5292209386825562,0.5352705260360846,0.5243812457222571,0.5309148254492918,355656000,0.01088928031382752,0.01170169056511096
2015-06-22,0.5270431041717529,0.5330927497312498,0.5190576043416868,0.5301889106316999,514236000,0.014035145389562964,0.011943674448562662
2015-06-23,0.5134918093681335,0.5321246179272642,0.5093780769091317,0.5280108854682624,414064000,0.02274654101813245,0.012686908891076567
2015-06-24,0.5084102749824524,0.5154278474635126,0.5059904283710897,0.5127659758054277,253368000,0.009437419092422905,0.012341216416257603
2015-06-25,0.5122820138931274,0.5154278200902012,0.5084102479818298,0.5084102479818298,350460000,0.007017572108371395,0.011857244605683936
2015-06-26,0.5018766522407532,0.508652257571743,0.4996988306108777,0.5081682651574952,421296000,0.008953426960865318,0.011044868148884375
2015-06-29,0.4868735671043396,0.5011506777852911,0.48614760743465674,0.49606896009751067,391724000,0.015003070350634362,0.011615265028087277
2015-06-30,0.4866316020488739,0.4919552877179795,0.48324382830203155,0.48977740844056883,315916000,0.00871145941594792,0.01156341063588917
2015-07-01,0.49364930391311646,0.5057485402455537,0.4892936019109229,0.4987310235583369,302892000,0.016454938334630798,0.012081949475382615
2015-07-02,0.4941331148147583,0.497278920874255,0.4909873087552616,0.493407155132283,145764000,0.006291612118993428,0.011442418990570195
2015-07-06,0.4880835711956024,0.49679503149733373,0.48445382972453965,0.4900194833147096,214776000,0.012341201772794075,0.011753540653106532
2015-07-07,0.4788880944252014,0.4871155902123845,0.46364305500342856,0.48517973600066805,594252000,0.023472535208955925,0.012496781398559429
2015-07-08,0.47550034523010254,0.47913011533453403,0.4716285789133029,0.47622630502035856,332492000,0.007501536421231136,0.01228936659706188
2015-07-09,0.4696927070617676,0.4851797727017848,0.46678889667768897,0.48300189327858895,357588000,0.018390876024095837,0.012946186752176144
2015-07-10,0.47792014479637146,0.4822758742611548,0.47453234239183073,0.4757422656405569,216708000,0.007743531869324083,0.012721490434711614
2015-07-13,0.481065958738327,0.4837277726201658,0.4779201524717483,0.4827598455443783,212472000,0.005807620148417514,0.012133810060344082
2015-07-14,0.4813080430030823,0.4822759991608516,0.47501645778842067,0.4817920355053935,249216000,0.007259541372430955,0.011027595799936831
2015-07-15,0.47792014479637146,0.4832438013213975,0.47356441533158805,0.4800979951053403,265732000,0.009679385989809441,0.011044879149750155
2015-07-16,0.488567590713501,0.488567590713501,0.47913017005602154,0.48082405719551213,282848000,0.009437420657479434,0.011217725474686444
2015-07-17,0.4856637120246887,0.4873575990274719,0.47937209876080883,0.486873664280219,220372000,0.00798550026666306,0.011148587853671997
2015-07-20,0.47671031951904297,0.4875996598423534,0.47550039602165867,0.48566374763031656,188412000,0.012099263820694706,0.01094117310153345
2015-07-21,0.4788880944252014,0.48566367070675015,0.4757422880608916,0.4757422880608916,149720000,0.009921382645858567,0.011027596189384212
2015-07-22,0.4696927070617676,0.47550035667677404,0.4638850862936103,0.47550035667677404,356472000,0.011615270383163734,0.010681905621422278
2015-07-23,0.47550034523010254,0.4825178892265974,0.469692695754903,0.47066065175752725,169916000,0.012825193471694363,0.01114859000375806
2015-07-24,0.4699346423149109,0.4793720320505575,0.4679987593610526,0.47888806852380433,188844000,0.011373272689504887,0.011079452212094545
2015-07-27,0.4672728478908539,0.47259650492846844,0.4619491908532394,0.4658209283138461,192420000,0.010647314075229064,0.010163364988256913
2015-07-28,0.47743624448776245,0.48058202227353397,0.46364309454833574,0.46848278818410666,198308000,0.016938927725198227,0.010837464367111705
2015-07-29,0.4832439422607422,0.48711570932461506,0.4745324807904552,0.47646836432239165,232680000,0.012583228534159885,0.010422632403544851
2015-07-30,0.48445379734039307,0.4892934907740928,0.4820339217766949,0.4820339217766949,190180000,0.0072595689973978805,0.010388063626978694
2015-07-31,0.48275989294052124,0.4866316304706349,0.47985608258122375,0.48638966310135534,218340000,0.006775547889411149,0.010457201322763954
2015-08-03,0.4909873604774475,0.4914712951876179,0.4803400179888214,0.4866316019237462,397132000,0.011131277198796474,0.010733753881790061
2015-08-04,0.49292343854904175,0.4943753587262797,0.4873577829987767,0.4892936957996676,260100000,0.007017575727503,0.010543624577339603
2015-08-05,0.49800512194633484,0.5055066320430749,0.49703713677138034,0.5050226394555977,234628000,0.00846949527169455,0.01047448704978354
2015-08-06,0.4948592483997345,0.5004249027921244,0.48663172167160895,0.49679510310417063,655676000,0.013793181120515419,0.01088932139648728
2015-08-07,0.556081235408783,0.5655185956239098,0.5294628683284848,0.5434980115303647,1405248000,0.036055727295425055,0.012600497358968019
2015-08-10,0.5754401087760925,0.5795538424657566,0.5488217369357066,0.5522095685275156,662304000,0.030732105530050013,0.014086977564981692
2015-08-11,0.5725363492965698,0.5781020033439763,0.5669706952491633,0.5669706952491633,435008000,0.011131308094812997,0.014052408830099497
2015-08-12,0.5739882588386536,0.5781019930274632,0.5633409434268106,0.5633409434268106,384048000,0.01476104960065261,0.014190684267882229
2015-08-13,0.5691485404968262,0.5759241465199048,0.5676966207994736,0.5747141942075435,276884000,0.008227525720431172,0.013965988055805536
2015-08-14,0.5696324706077576,0.5730202444016156,0.5652767119924869,0.568664485786345,214652000,0.007743532409128728,0.013758575079655512
2015-08-17,0.5660028457641602,0.5686646606071103,0.5589852709668772,0.5686646606071103,273880000,0.009679389640233071,0.013240036645015144
2015-08-18,0.5608512163162231,0.5681413028863215,0.5564771296122895,0.5642532451283108,287084000,0.01166417327403202,0.013174389840720295
2015-08-19,0.5586639642715454,0.5664400768827472,0.5525888654309622,0.5601219926282003,249248000,0.013851211451785028,0.013645221444605091
2015-08-20,0.5384947061538696,0.5550188724077391,0.5358216349555294,0.5523458591458329,426932000,0.019197237452209692,0.014532484984804988
2015-08-21,0.5217275619506836,0.543597815405957,0.5212415331437676,0.534606717001322,382664000,0.02235628226218933,0.01533427106076162
2015-08-24,0.5032593607902527,0.530475700698407,0.48600611944827804,0.4925671900100494,682284000,0.04446958125012895,0.01800941431237776
2015-08-25,0.4928102195262909,0.5273166433028155,0.4928102195262909,0.5253725859718261,622684000,0.034506423776524575,0.019869194919865617
2015-08-26,0.5299897193908691,0.5304757482649847,0.504960420071132,0.508848477254708,614976000,0.025515328193852715,0.020706491139389712
2015-08-27,0.5499157905578613,0.5501587759446461,0.5324195681078951,0.5355786098818176,463764000,0.01773920783675098,0.01939816832091299
2015-08-28,0.5523460507392883,0.555748079332044,0.546027964531911,0.549916022039255,320944000,0.009720114800132906,0.017897311840204627
2015-08-31,0.5462707877159119,0.5535609295864578,0.5440838030911851,0.5496728732343122,219352000,0.009477126495272659,0.01777915601166603
2015-09-01,0.5239145755767822,0.5394668030167857,0.5200265766532259,0.5304757041172838,353408000,0.0194402263635598,0.01811338292330226
2015-09-02,0.5397098064422607,0.5399527918989653,0.5292606786301592,0.5382517778291402,344044000,0.010692113268806036,0.01828942489104332
2015-09-03,0.541167676448822,0.550401816334593,0.5401956769704329,0.5477287453484858,262556000,0.010206139364160038,0.018465325387831272
2015-09-04,0.5285314321517944,0.5404385833464764,0.5282884468018277,0.5319334587970118,287972000,0.012150136544648693,0.018641807309575244
2015-09-08,0.5511307716369629,0.5533178139122713,0.5392236766563966,0.5414106609952756,238448000,0.014094137255874717,0.01881537616542115
2015-09-09,0.5401957631111145,0.5574489448971446,0.5389807201170527,0.5528319321544507,289392000,0.018468224780091913,0.019145162831728787
2015-09-10,0.548700749874115,0.5555048621582861,0.5346066124667528,0.5370366401532932,357076000,0.02089824969153331,0.019266663705966188
2015-09-11,0.5504018664360046,0.5540468792958658,0.5404387115504187,0.5426257540281962,301584000,0.013608167745447153,0.018641798383341745
2015-09-14,0.5513739585876465,0.5547759866111561,0.5484579014609556,0.5530749725994013,192460000,0.006318085150200492,0.01591669151906114
2015-09-15,0.5574490427970886,0.5603651001458078,0.5499159718948295,0.5516169860360994,327976000,0.010449128250978212,0.014198313267236402
2015-09-16,0.561336874961853,0.5644959165113147,0.5523457789889333,0.5564768199529004,173508000,0.012150137522381366,0.013243656790702734
2015-09-17,0.5664399862289429,0.5761600964691076,0.5652249434807087,0.5710569980375222,268712000,0.010935152988398866,0.012757652872963297
2015-09-18,0.5659540891647339,0.570814145415106,0.5552619770012033,0.5586640047891757,326412000,0.015552168413902723,0.013174228131089713
2015-09-21,0.5717861652374268,0.573001208311079,0.5637670663479383,0.5666831233755496,281840000,0.009234141963140763,0.013156872093080292
2015-09-22,0.5562338829040527,0.5632809806601511,0.5533178264707898,0.5593929247279441,228356000,0.009963154189361334,0.01247993836635183
2015-09-23,0.5589069724082947,0.5623090000878438,0.554532945096937,0.5567199297843965,161632000,0.007776054990906833,0.01227164848935903
2015-09-24,0.5695992112159729,0.5754312676502414,0.5467568984490485,0.5555050120686743,382440000,0.02867436920119293,0.013590807763432808
2015-09-25,0.5737302899360657,0.5849084326058694,0.5681412186011637,0.5766462893696345,369692000,0.01676721400470571,0.013920599010579737
2015-09-28,0.5661970973014832,0.5773752387128837,0.562552083935755,0.5737302253471556,395584000,0.0148231547771287,0.013972671690669307
2015-09-29,0.5761603116989136,0.5771323114987438,0.5642531548257593,0.572272254563144,380736000,0.012879156672984449,0.013573452540161632
2015-09-30,0.5990025997161865,0.5997316140891257,0.5781043421891352,0.58150637063855,556380000,0.021627271899990475,0.01362552555505143
2015-10-01,0.5873384475708008,0.6007035750237593,0.5703281905528478,0.5990025609092535,489296000,0.030375384470911482,0.014823183892584595
2015-10-02,0.6026474833488464,0.6026474833488464,0.5781041616230059,0.5841792601878408,386144000,0.024543321725840506,0.01612498650513031
2015-10-05,0.6177137494087219,0.6252468191847379,0.603376566148437,0.606535608491769,482024000,0.021870253036300857,0.016940781132653356
2015-10-06,0.6257328987121582,0.6284059124745934,0.6087227005270848,0.6111527288392382,453216000,0.01968321194750866,0.017478857877305305
2015-10-07,0.6322936415672302,0.6386117234906936,0.6169844653436132,0.6271906021381628,310152000,0.02162725814708044,0.01824257967435399
2015-10-08,0.6359389424324036,0.637639956194158,0.6189286889419868,0.6296208582107806,460068000,0.018711267252171204,0.01846822959137317
2015-10-09,0.63350909948349,0.6386121422588638,0.6216019417378317,0.632537041675983,423248000,0.01701020052103208,0.01902366234550826
2015-10-12,0.6403130888938904,0.6439581604459537,0.6296209755685829,0.6342379889526006,227588000,0.01433718487737079,0.019336093108937507
2015-10-13,0.6415280699729919,0.6454160686703367,0.6330229424655573,0.6352099851851447,298444000,0.012393126204779392,0.019665883909928406
2015-10-14,0.6648564338684082,0.6753055620137153,0.641528149123919,0.642257105517278,612148000,0.0337774128897963,0.020030387030542933
2015-10-15,0.6665574312210083,0.6801656018075981,0.6592673460428116,0.6660714023678831,526048000,0.020898255764786544,0.020325461441977277
2015-10-16,0.6770066022872925,0.6833246880986943,0.6670434446860625,0.6687445168122826,448396000,0.01628124341263182,0.0204296106302275
2015-10-19,0.6757915019989014,0.6823526306667407,0.6680154460644272,0.6791935880277074,294712000,0.01433718460231348,0.02053375548232243
2015-10-20,0.67481929063797,0.6779783322863847,0.6677721932733195,0.6728752917480659,264824000,0.010206139013065219,0.019717960276113482
2015-10-21,0.6660715341567993,0.6830817942080218,0.6648565486882596,0.6789506929801952,386280000,0.018225245519762234,0.01885009320817425
2015-10-22,0.69012850522995,0.6923155475444577,0.6728753259126488,0.6738473254069531,306884000,0.01944022163180892,0.018485586058600567
2015-10-23,0.6947457194328308,0.6993627904095207,0.6857546208557902,0.6962037479450952,381776000,0.013608169553730454,0.017895437238416967
2015-10-26,0.6915866732597351,0.6969327584638885,0.6852685883647652,0.6952317445208492,247436000,0.011664170099123239,0.017322648534960867
2015-10-27,0.6911005973815918,0.6954746242939278,0.68769851207596,0.6881845408157455,208268000,0.007776112217967812,0.016333280968595678
2015-10-28,0.6966898441314697,0.6966898441314697,0.6852686583052608,0.6954748009416067,217036000,0.01142118582620888,0.015812560866741227
2015-10-29,0.6726322174072266,0.6925584658235061,0.6714172326411885,0.6855114267203501,327168000,0.021141233182317642,0.016107634628261622
2015-10-30,0.6893997192382812,0.6942598341908112,0.6748195481900405,0.6799226486124396,301160000,0.019440286000770635,0.016472141851361612
2015-11-02,0.697418749332428,0.6981477636055479,0.6874556508271962,0.6915866930839129,190088000,0.010692112778351692,0.016350640892331063
2015-11-03,0.692558765411377,0.6971758369797147,0.6847827089102526,0.6932877797609277,376768000,0.012393128069462134,0.014823191976592907
2015-11-04,0.6811375617980957,0.6957177313029884,0.6779785192783913,0.690614689357209,442264000,0.017739212024597162,0.014597545995150809
2015-11-05,0.673361599445343,0.6864838012959027,0.671417599582682,0.6845397434967851,478800000,0.015066201713220706,0.014510757302335728
2015-11-06,0.7666746973991394,0.7761518257006913,0.7246351995730121,0.7399443845461159,1172272000,0.051516626127679155,0.017166431697004707
2015-11-09,0.7632725238800049,0.7654595664417018,0.7525803544248892,0.7591414821099799,492568000,0.012879212016812525,0.017357365482986657
2015-11-10,0.7486923336982727,0.757440445747942,0.7326541379299516,0.7533093461645809,552260000,0.024786307817990405,0.017826012790002954
2015-11-11,0.741402268409729,0.7545244078422113,0.7387291970909369,0.7491783231410638,619896000,0.015795210751274436,0.017565654869964777
2015-11-12,0.7387292981147766,0.7465054118459591,0.7355702555325115,0.7397012978470633,291080000,0.010935156313447547,0.017374725352801712
2015-11-13,0.7241491079330444,0.7426173340723046,0.7205040366190391,0.739458291578981,292940000,0.022113297453265512,0.018121091592383304
2015-11-16,0.7387292981147766,0.7392153269491423,0.7277941418013291,0.7336262560679382,344280000,0.011421185147813206,0.018381453944515118
2015-11-17,0.7387292981147766,0.7450473832793069,0.7355702555325115,0.7406733555157946,257048000,0.009477127746795322,0.018242592653128435
2015-11-18,0.7569016218185425,0.7578773704618018,0.7337286674351562,0.7417782157252268,350216000,0.024148703026645624,0.01845741192772329
2015-11-19,0.7590970396995544,0.7666587143719514,0.753486746182473,0.7595849140666029,254072000,0.013171968189478411,0.018009674941202418
2015-11-20,0.765683114528656,0.7700738098830775,0.7600728203467482,0.7647074238353777,239744000,0.01000098953632933,0.017960308995343677
2015-11-23,0.7542183995246887,0.7720249676049186,0.7515352363564057,0.7720249676049186,242552000,0.020489731248512832,0.018538637793847297
2015-11-24,0.7603164911270142,0.7669024734424424,0.7508033797129852,0.7542183248904037,195428000,0.01609909372945728,0.01842148648705159
2015-11-25,0.7593408226966858,0.7678782446965632,0.756657659511092,0.7588530065664484,138300000,0.011220585185471199,0.018146799592212343
2015-11-27,0.765683114528656,0.7681223703400749,0.7569017819762591,0.7608046029058184,86996000,0.011220588363815787,0.015268511180507816
2015-11-30,0.773732602596283,0.7771476069841061,0.7656830532472021,0.7664148357477041,327244000,0.011464553736904026,0.015167464160514352
2015-12-01,0.7988569736480713,0.7995887561249697,0.7798307455615912,0.7805625280384896,409496000,0.01975801056337856,0.014808300070899219
2015-12-02,0.7927587628364563,0.80836998580067,0.7910512898682169,0.8000765290530973,294240000,0.017318695932453054,0.014917120440983407
2015-12-03,0.7910513281822205,0.8073943343753037,0.7871485077130277,0.7991008772260434,246656000,0.020245826662276034,0.015582168323042584
2015-12-04,0.8232495784759521,0.8247131435176656,0.7910513801840284,0.7910513801840284,458756000,0.03366176333363713,0.01640705874306913
2015-12-07,0.8076382279396057,0.8230055421712494,0.8051989726354787,0.8230055421712494,333588000,0.017806569535770755,0.016863157627923238
2015-12-08,0.8186150789260864,0.8220300256850387,0.792515045616308,0.7976374657547365,314488000,0.029514980068730656,0.018294432793775763
2015-12-09,0.7978811860084534,0.8232494888869679,0.7895877292165252,0.8183709780497823,372676000,0.033661759670442715,0.018973936839761268
2015-12-10,0.8044670224189758,0.8088576577879565,0.7976370740982683,0.8003202369261776,236596000,0.011220583689688146,0.018834552232633393
2015-12-11,0.7925148606300354,0.802027974229268,0.7908073876491122,0.7964176809391901,227320000,0.01122058658015579,0.018921666307192424
2015-12-14,0.7944663166999817,0.7988570117709037,0.7849532022027594,0.7932467179512426,275892000,0.013903809568144299,0.018451243330023244
2015-12-15,0.8042232394218445,0.8098335325446424,0.7991008206318079,0.80349145700092,307296000,0.010732711912834536,0.01806793034312162
2015-12-16,0.8091017603874207,0.811784982016993,0.7988569226773885,0.8059307225753338,236356000,0.012928059339604503,0.018189892782702572
2015-12-17,0.796905517578125,0.8186149088527414,0.7964177013747366,0.8103214518307561,254160000,0.0221972074780048,0.01897393700514464
2015-12-18,0.7839775085449219,0.7993448249209193,0.7830018179184101,0.7912952754784234,395896000,0.016343007002509236,0.01932239795268787
2015-12-21,0.8025158047676086,0.8032475872234353,0.7854410164966742,0.7925148747987069,284216000,0.017806570726761062,0.019183009392929478
2015-12-22,0.8032475709915161,0.8112971196865076,0.7983690601555476,0.8049550439684614,130012000,0.01292805953095999,0.018869392507108545
2015-12-23,0.8064188361167908,0.8095898748694811,0.8030038892004944,0.8044674544950365,122524000,0.006585985668986716,0.017893689579016454
2015-12-24,0.8091017603874207,0.8110531995867856,0.802759684763247,0.8039793415324046,52448000,0.008293514823538573,0.016081671828295126
2015-12-28,0.8083699345588684,0.8083699345588684,0.7893437668642268,0.8005643526497681,142024000,0.019026167694641605,0.016168785982500187
2015-12-29,0.8215420246124268,0.8239812800568593,0.8066625256918822,0.8088578730388026,203660000,0.017318754364977096,0.015297627003660648
2015-12-30,0.8144682049751282,0.8278841396335207,0.814224296866057,0.8208102810624978,180344000,0.013659842767463681,0.01386891865344786
2015-12-31,0.8039793968200684,0.8169074570487034,0.8039793968200684,0.8132486028024918,148528000,0.012928060228635019,0.013990881263372636
2016-01-04,0.7895879149436951,0.7947103350807067,0.7815383643532768,0.7876365334123907,358076000,0.013171970727429816,0.01413026584532078
2016-01-05,0.8022719025611877,0.8156878368079781,0.7927587887219967,0.8044672499447945,490272000,0.022929048085981396,0.014774925739452003
2016-01-06,0.7690979242324829,0.7927586937898731,0.7600726276772389,0.7890997819220131,449344000,0.03268606611263414,0.016343022468009116
2016-01-07,0.7386074662208557,0.7549504759736124,0.7288503838444625,0.749827997548627,645304000,0.026100092129149877,0.017283881952976643
2016-01-08,0.7227522730827332,0.7488523070661748,0.7212887078178492,0.7481205244337328,398472000,0.027563599248325632,0.017667195650856702
2016-01-11,0.7239716649055481,0.729094141867111,0.7110436056918528,0.7234838487277846,409372000,0.018050536175258203,0.017789162020338773
2016-01-12,0.7361679077148438,0.7469006773203111,0.7310454891461655,0.7368996901041452,469356000,0.01585518817414555,0.017649777552294806
2016-01-13,0.7137269377708435,0.7466569192808498,0.7129951552344928,0.7417783496530301,481672000,0.03366176404635701,0.019130756446251736
2016-01-14,0.6993353962898254,0.7073849470093861,0.6786016909439386,0.6990914299771607,600236000,0.028783256065447516,0.02071627576028465
2016-01-15,0.6612827777862549,0.6793333147237678,0.6498182829345871,0.6712837658863947,841452000,0.02951503178918069,0.02223209840068766
2016-01-19,0.6666494607925415,0.6939691574208968,0.6639662378774503,0.6749429214330004,457140000,0.03000291954344647,0.02301615210417372
2016-01-20,0.6703080534934998,0.6788454771482242,0.6451837150670011,0.6539650468341219,481180000,0.03366176208122307,0.02418350979819129
2016-01-21,0.6781137585639954,0.6886025644192992,0.6637221317603198,0.6776259422932278,481456000,0.024880432658979434,0.02498498050472813
2016-01-22,0.6939688324928284,0.6986034352157461,0.6895781378638213,0.691041702740157,257996000,0.00902529735192481,0.024706211727820258
2016-01-25,0.6932370662689209,0.7017744894762719,0.6917735013583536,0.6937249406245892,270728000,0.010000988117918275,0.024479712969998006
2016-01-26,0.7000669836997986,0.7029941136270949,0.6876267978216688,0.6947006563750083,227944000,0.015367315805426052,0.023939589235672624
2016-01-27,0.6917735934257507,0.7012867084540909,0.678601623790477,0.6990913607960635,231700000,0.022685084663613964,0.023225233417885467
2016-01-28,0.684211790561676,0.6998230130811239,0.6707958571351709,0.6973837577450717,276776000,0.029027155945953065,0.023434309404799982
2016-01-29,0.7144585847854614,0.7159221496996805,0.6873828664981605,0.6900660300699368,310504000,0.028539283201519994,0.023504001115742437
2016-02-01,0.7147026658058167,0.7183615205224486,0.7076288063554952,0.7137269750918113,289884000,0.010732714166953428,0.022981299543720666
2016-02-02,0.6844556927680969,0.7110435931495773,0.6795771821379043,0.7073847392551499,341908000,0.03146641101167302,0.02409638688925834
2016-02-03,0.6878708600997925,0.6939690294296041,0.6720157245238974,0.6898222998741714,326772000,0.021953304905706794,0.0232600683792119
2016-02-04,0.6881145238876343,0.7037257444368791,0.681284574914796,0.6888462480553121,348140000,0.022441169522083082,0.02280706219754301
2016-02-05,0.6446959972381592,0.6910419229212934,0.6427446155522494,0.6834802461928242,600428000,0.04829730736904403,0.024148653310390393
2016-02-08,0.6151807904243469,0.6381097785734563,0.6061554934891454,0.63493874087329,608852000,0.03195428508431086,0.024288036563309277
2016-02-09,0.6217668056488037,0.6476229247353973,0.6049359258017205,0.6078630555686695,425372000,0.04268699893367678,0.024932696338484543
2016-02-10,0.6203032732009888,0.6437201380917383,0.6168883270652719,0.6256696586688579,335800000,0.02683181102646648,0.02507208050759076
2016-02-11,0.617132306098938,0.623474382883546,0.6044481525297221,0.6044481525297221,340144000,0.019026230353823892,0.025786432864869265
2016-02-12,0.6276209950447083,0.6288406518097988,0.6037162574881414,0.6268892126169411,340816000,0.025124394321657362,0.026866676165136345
2016-02-16,0.658355712890625,0.6593314616964455,0.6346949384001234,0.6366463196988776,485352000,0.024636523296322155,0.027528762414486065
2016-02-17,0.6746987700462341,0.6810408464230201,0.6639659985671612,0.6666492205151507,771468000,0.017074847855858888,0.02712803121393213
2016-02-18,0.7327529788017273,0.7556820251605114,0.729338033010983,0.7300698154170615,1068660000,0.026343992149528428,0.026936376657044656
2016-02-19,0.7425100803375244,0.7490961227047566,0.7232399439243535,0.728850237540295,525628000,0.025856178780403027,0.026744726341250587
2016-02-22,0.7688542604446411,0.7773916860570247,0.7517794673763281,0.7532430326991886,449668000,0.02561221868069663,0.027807548092232244
2016-02-23,0.7708053588867188,0.778123124103679,0.7590968996457252,0.7627558113324195,369380000,0.019026224457953766,0.026918963338395156
2016-02-24,0.7761720418930054,0.7773916990679535,0.7464130930704418,0.767634674294189,336852000,0.030978605997511677,0.027563627702095504
2016-02-25,0.7778792381286621,0.7817820582782533,0.7639754885978466,0.7790988948688494,349616000,0.017806569680406725,0.02723258485626148
2016-02-26,0.7727568745613098,0.7834895871215525,0.7649512337048942,0.7815382059856678,361964000,0.018538353416658326,0.02510694528823393
2016-02-29,0.7677382230758667,0.7838959757332155,0.7672486295822034,0.773858608693242,323344000,0.016647346151012044,0.024013592507284014
2016-03-01,0.8017672896385193,0.8017672896385193,0.7684724885349841,0.7696965887140491,348700000,0.03329480110353522,0.023342721233702474
2016-03-02,0.8064190149307251,0.8093568097455113,0.795891994668849,0.7973608920762421,233812000,0.013464815076662306,0.02238793580871646
2016-03-03,0.7993192076683044,0.8088669212877122,0.7885473354096024,0.8054395339182677,302004000,0.02031958587810978,0.022480318346165453
2016-03-04,0.7968710660934448,0.8061739830129722,0.790750681470569,0.8054395345234946,175304000,0.015423301542403123,0.021787383147647294
2016-03-07,0.7917299866676331,0.7978503717543366,0.781447765404031,0.7924644352127702,239968000,0.01640260635030555,0.02119924622293182
2016-03-08,0.7772858142852783,0.7883024824649175,0.7748376722862818,0.7836509951563313,274940000,0.013464810178635767,0.020941386388844456
2016-03-09,0.776796281337738,0.7853647498166598,0.7667588575031689,0.7841407079060912,222788000,0.018605892313490968,0.020388664971984636
2016-03-10,0.7755721211433411,0.7858543408920257,0.7599040240149294,0.7814476502704568,286084000,0.025950316877096258,0.020395389121748438
2016-03-11,0.7887921333312988,0.7890369884068602,0.7777755227170728,0.7870784396439373,277400000,0.011261465689787364,0.019370335336683493
2016-03-14,0.7907508015632629,0.7939333927115738,0.7814478248625627,0.7851200678676609,190312000,0.012485567849011114,0.018903145578901874
2016-03-15,0.786833643913269,0.7917299282741829,0.7728792393214959,0.7865888472057174,226216000,0.018850688952686934,0.01803686578998582
2016-03-16,0.8103358745574951,0.8130288719934029,0.777285923733196,0.7809581664329259,363644000,0.03574294826020685,0.019318035688542973
2016-03-17,0.8034809827804565,0.8113150021228603,0.7924643146477858,0.807398021635813,353680000,0.018850687475074568,0.019340345264144132
2016-03-18,0.8277178406715393,0.8384896568018142,0.8078878440837309,0.8130289845752575,545512000,0.030601812718083266,0.02033709287607779
2016-03-21,0.8301658034324646,0.8304106001371835,0.8115599114026298,0.820373234823953,337780000,0.018850688734553644,0.01930537056400768
2016-03-22,0.8286970257759094,0.8345725561132601,0.8184148039093047,0.8274729837077753,242012000,0.016157752203955433,0.019497723215957188
2016-03-23,0.8428962826728821,0.8490166097164267,0.8286970212036134,0.832369264124397,429008000,0.020319588512813236,0.01949772340415029
2016-03-24,0.8441203236579895,0.8455892208244301,0.8326140598014067,0.8353069990276671,244956000,0.01297516102302343,0.0193228562241946
2016-03-28,0.8526888489723206,0.856361033509,0.8416721786256408,0.8426514239442006,265388000,0.014688854883359137,0.019200445405126998
2016-03-29,0.8663984537124634,0.8683569443386768,0.8470581107132437,0.849016601339457,261812000,0.021298833625433167,0.01976001850846967
2016-03-30,0.8754565119743347,0.8874524267091215,0.8690913303449247,0.8695809821503856,376700000,0.018361096364196805,0.019742533083520086
2016-03-31,0.8722740411758423,0.8813321630608038,0.8654192651661389,0.879373672306124,379884000,0.01591289789466488,0.01902557458477499
2016-04-01,0.8850043416023254,0.8854939934394248,0.8602780620110491,0.86688804078613,348292000,0.02521593142837575,0.0200223221375313
2016-04-04,0.8764357566833496,0.897000198607126,0.873008369152159,0.8923487107471865,393940000,0.02399182945496703,0.02084419796652815
2016-04-05,0.8752115964889526,0.8832904707886925,0.8651741736014619,0.8686016190379487,339568000,0.018116297187230623,0.0207917414118527
2016-04-06,0.8764357566833496,0.8769254084885124,0.8477924977367595,0.864195045237443,453376000,0.02913291075175295,0.020319595875534564
2016-04-07,0.8673776984214783,0.8786391654351636,0.8637055139078055,0.870805086199125,378104000,0.01493365152735815,0.02003980759355482
2016-04-08,0.8730084896087646,0.8801081207374836,0.8644399612301972,0.8744773868586133,255936000,0.015668159507286394,0.018973118078497903
2016-04-11,0.8783944249153137,0.8928384838950221,0.8754566304217039,0.8781495697952968,387524000,0.01738185347331822,0.018868201274123943
2016-04-12,0.8774150609970093,0.8825561422979163,0.8602780065906865,0.8813320419681863,292764000,0.022278135707229807,0.019305371524357826
2016-04-13,0.8994483351707458,0.8996931318876108,0.8813320356514727,0.8813320356514727,350716000,0.01836109623613813,0.019165479218881034
2016-04-14,0.9018964171409607,0.9058134561904753,0.8933278905721282,0.8970001329211457,416564000,0.012485565618347017,0.019130508118547003
2016-04-15,0.9089962244033813,0.9170751007816562,0.8987140021851252,0.9016517966384336,436972000,0.01836109859653101,0.019392811240916425
2016-04-18,0.9050788879394531,0.9072822330572653,0.8962655658365085,0.9072822330572653,307320000,0.011016667220756782,0.01865837078343954
2016-04-19,0.888921320438385,0.9102201524508787,0.8832905873540307,0.9085064586906382,309152000,0.026929565096848074,0.0192704042643432
2016-04-20,0.8923487067222595,0.8977346430814918,0.886473176928389,0.8874524221659814,200172000,0.01126146615310275,0.018938159139945905
2016-04-21,0.8913693428039551,0.8967552784460809,0.8874523040068006,0.8925933845958924,178280000,0.009302974439280298,0.017801519355010516
2016-04-22,0.8879421353340149,0.9004276443048942,0.8850043410498927,0.894307317370733,223540000,0.01542330325500152,0.017189481769298694
2016-04-25,0.8923487067222595,0.8972449912785376,0.8857387284081157,0.8881868706862548,191972000,0.01150626287042189,0.016717336460955214
2016-04-26,0.8930830359458923,0.9080167427055403,0.8891659971504386,0.8977345231635129,214536000,0.01885074555510169,0.015982896089765837
2016-04-27,0.9134029746055603,0.9138926265332149,0.8891663423691113,0.890880036563406,352396000,0.024726284164103607,0.01668236984953337
2016-04-28,0.8862285017967224,0.9131581306927891,0.8840252141568279,0.9077721932399102,381224000,0.029132916535961173,0.017644138208724427
2016-04-29,0.8698258996009827,0.88451475538383,0.8602781258316345,0.88255626462678,321904000,0.02423662955219541,0.018133765071501367
2016-05-02,0.8813320398330688,0.8867179762078637,0.8739876129774302,0.8781494490254604,256076000,0.012730363230433528,0.017451781323158777
2016-05-03,0.870805025100708,0.8749668611627459,0.8632158015014997,0.8712946769067251,224024000,0.011751059661246233,0.01697963585352364
2016-05-04,0.8509751558303833,0.8610125224991186,0.8421618312188571,0.8602780739174648,525764000,0.01885069128026151,0.017434287686517533
2016-05-05,0.8561161756515503,0.866153599963078,0.8497509939828539,0.8580747245171658,246884000,0.016402605980224028,0.01729439535678132
2016-05-06,0.8649294376373291,0.8671327830651161,0.8529335236882386,0.8546472173426355,183240000,0.014199259376877493,0.017521723367932802
2016-05-09,0.8637055158615112,0.87080508816889,0.8566058851858118,0.8671329036469108,333336000,0.014199202983078196,0.016612411788377808
2016-05-10,0.8803528547286987,0.8818217518738287,0.8607677151091536,0.8690913877737962,269676000,0.0210540367646751,0.017311881117775835
2016-05-11,0.8828009963035583,0.8925935661035962,0.8781495081380443,0.8830458514063834,328176000,0.014444057965551926,0.017679101369652377
2016-05-12,0.870805025100708,0.8930831608289487,0.8551369260962742,0.8891661214857611,670540000,0.037946234732674444,0.01928788218948616
2016-05-13,1.0032498836517334,1.0037394771884416,0.9547766214179444,0.9594280518583119,2110256000,0.04896285577049719,0.021963353110920108
2016-05-16,1.0328723192214966,1.0478060883781726,0.992477936946569,0.9956605281784314,973032000,0.05532815143160352,0.024568882102098812
2016-05-17,1.0350756645202637,1.042420033568484,1.0150008145327365,1.028220772208846,628392000,0.0274192190357474,0.02476123459293051
2016-05-18,1.0615155696868896,1.0735115435642846,1.028220762342728,1.028220762342728,541072000,0.04529078122155661,0.025915367784758756
2016-05-19,1.0661669969558716,1.073756278971172,1.0558848342796323,1.0573536146019806,398880000,0.017871444691539784,0.025460711723283354
2016-05-20,1.085262656211853,1.0896693478526107,1.071063394304953,1.0727770882646956,391084000,0.018605953547657705,0.025880396745942225
2016-05-23,1.0869760513305664,1.094075621963817,1.0803660740550258,1.089913844950054,413636000,0.013709547908791198,0.026020288763624007
2016-05-24,1.1133618354797363,1.1167982396702605,1.0873441324469661,1.090289554873271,415788000,0.029454107223294335,0.02677767561669778
2016-05-25,1.1086986064910889,1.1214619111378135,1.0998623374589993,1.1167984612506163,458076000,0.021599573678814155,0.027148887595168505
2016-05-26,1.1204802989959717,1.12858015460491,1.1074714435343371,1.110662299290579,309964000,0.021108711070572772,0.02764241985900388
2016-05-27,1.1266165971755981,1.1283347413011866,1.118025759507865,1.121707597239661,277416000,0.010308981793321514,0.027364546916878403
2016-05-31,1.1467434167861938,1.1491979751777053,1.1307891383607271,1.1315255526940948,412524000,0.018408836816978136,0.027175604063471477
2016-06-01,1.1489524841308594,1.1599976452098166,1.1379072060121223,1.1413434939531018,387132000,0.022090439197694378,0.027721774151481655
2016-06-02,1.1570523977279663,1.1668703972106484,1.1437979930905382,1.1550887041996012,329208000,0.023072404120110246,0.02665935767915564
2016-06-03,1.140852689743042,1.147234401781491,1.1207258238001168,1.1457618070401243,461076000,0.026508577981374293,0.02505548069421829
2016-06-06,1.134961485862732,1.1526339028194739,1.1290706411972349,1.1437976358212283,322512000,0.023563261622238985,0.022786559993549393
2016-06-07,1.1371705532073975,1.1482158290095104,1.1366796884730053,1.1418341193033898,193400000,0.01153614053650509,0.021652054386460656
2016-06-08,1.1334891319274902,1.1415889873754295,1.124161997280824,1.1374162849156726,234616000,0.017426990094605355,0.019661783591678424
2016-06-09,1.1629432439804077,1.1646613882104297,1.1271075305658957,1.1295620892029543,472168000,0.037553857644534006,0.02106767023117801
2016-06-10,1.1339800357818604,1.1595068822021206,1.1325073241007075,1.1491980174738416,400024000,0.02699955810141308,0.02166721341358911
2016-06-13,1.148461103439331,1.1707970843390894,1.1352068211154382,1.1352068211154382,475588000,0.03559026322365111,0.023230121650364817
2016-06-14,1.1506706476211548,1.1560705120428993,1.132998225739339,1.1457616480450827,298344000,0.023072286303560396,0.022774277298955252
2016-06-15,1.1624524593353271,1.1725158929545845,1.1474800251427877,1.1602434500412824,301036000,0.025035867811796786,0.02301972687988258
2016-06-16,1.1671158075332642,1.1690793839846476,1.1425708092915108,1.1538615201866957,246456000,0.026508574693136833,0.023405431424351444
2016-06-17,1.1467434167861938,1.1688339741506533,1.1420798494741509,1.1685885417194595,471000000,0.0267541246765024,0.02458008448743579
2016-06-20,1.1673611402511597,1.182333570343812,1.1644157173057719,1.1651521315620057,293768000,0.017917853038040166,0.02454501421751165
2016-06-21,1.1602429151535034,1.1754607748030956,1.1585246545571808,1.1722699200494995,212508000,0.016936120245914843,0.024176848578098827
2016-06-22,1.1592615842819214,1.1703068646523596,1.1572980074924624,1.1626978729234259,202620000,0.013008857159897191,0.023458023795226466
2016-06-23,1.1901881694793701,1.1914154487290534,1.1695703228358991,1.1703067372016254,297880000,0.021845125893154238,0.02312492007463932
2016-06-24,1.1224435567855835,1.1624519585956417,1.1118892627673245,1.1413432535193682,1017684000,0.05056269582831718,0.02505345108935919
2016-06-27,1.1104170083999634,1.121707721204383,1.0939717456093363,1.1131168825872395,449088000,0.02773597559504659,0.0262105821649693
2016-06-28,1.1266165971755981,1.1327527593156768,1.1111531830055112,1.1315255971115354,381920000,0.021599576310165514,0.02650862403750931
2016-06-29,1.145025372505188,1.1538616430368758,1.1334892279553144,1.1364346514658772,318932000,0.0203724150815614,0.025281378140154125
2016-06-30,1.153861165046692,1.1609791713820676,1.1376614594891665,1.1469884740224783,430940000,0.023317711892901105,0.02501838912526041
2016-07-01,1.1452702283859253,1.1624517788545086,1.141343077042114,1.1474793534265892,218488000,0.021108701812394548,0.023983991881599227
2016-07-05,1.1622066497802734,1.1641702259645352,1.1298072331007645,1.1388888168428888,371084000,0.03436299286377076,0.024790470921614256
2016-07-06,1.1695702075958252,1.1764429004929962,1.148216065730485,1.1541069119166945,273104000,0.0282268347625112,0.02501839713237957
2016-07-07,1.2000062465667725,1.2041789494681152,1.172024956705375,1.1774248218955257,395400000,0.03215399276274011,0.025421641280208376
2016-07-08,1.2481145858764648,1.2540054333353057,1.2081061671380806,1.2127697352030289,481932000,0.045899266197225064,0.026789151388831423
2016-07-11,1.2768322229385376,1.286159241526496,1.264559663739931,1.2660323755253557,448776000,0.02159957778656496,0.027052131728011766
2016-07-12,1.2959775924682617,1.3077591718333,1.2748687587561645,1.2910685913128441,436760000,0.03289041307713547,0.028191724073098952
2016-07-13,1.2954860925674438,1.3057950728007846,1.2935225162981603,1.2984315154912554,324604000,0.012272556502624266,0.02813913116900803
2016-07-14,1.3087400197982788,1.3205217082627159,1.291558585853876,1.3023584279330298,316892000,0.028963122408839803,0.028647559491557
2016-07-15,1.2935224771499634,1.2994133228193014,1.2724137695545281,1.2920497657326289,428616000,0.026999553264773324,0.026964477879875295
2016-07-18,1.3001495599746704,1.3114402689597153,1.2952405611568145,1.3094766928405257,252992000,0.01619970780290081,0.02614045875186488
2016-07-19,1.3136496543884277,1.318804086610935,1.2969589614739168,1.299413519888322,382652000,0.021845125137018195,0.02615799795378293
2016-07-20,1.3308309316635132,1.3379490565591368,1.3126676463791083,1.3180675103718307,296460000,0.025281410180028496,0.026508640460816295
2016-07-21,1.3062862157821655,1.3320584962940718,1.301868080455605,1.3278857934234651,361308000,0.03019041583846671,0.02699954788549955
2016-07-22,1.3418763875961304,1.3418763875961304,1.3013771096638358,1.3109496769059952,315768000,0.040499277932294575,0.028384589036920982
2016-07-25,1.3666669130325317,1.3698577689989317,1.344085488814901,1.349976335842038,312528000,0.02577228018403077,0.02777096670265384
2016-07-26,1.389984369277954,1.3971023766111568,1.37673008415281,1.3786936602750974,514508000,0.020372292458346708,0.02720992796664209
2016-07-27,1.3759938478469849,1.4044661149402478,1.3676485604685538,1.4020115566902378,446676000,0.03681755447169399,0.027543039517281653
2016-07-28,1.3789393901824951,1.3892482548285827,1.3747666876125324,1.3791848226207655,221916000,0.014481567216050317,0.02529891816148346
2016-07-29,1.4015207290649414,1.4052024494979225,1.3593033091780917,1.3840937395544977,409588000,0.04589914031983078,0.027034601199573873
2016-08-01,1.3924392461776733,1.4125662295927197,1.3833576598785164,1.4074117967678252,301120000,0.02920856971420327,0.026771612387935857
2016-08-02,1.3755031824111938,1.3998027508179116,1.3622488936511288,1.3990663364202436,282748000,0.037553857166782834,0.0285774195782329
2016-08-03,1.3791848421096802,1.3818848330483848,1.366175986379216,1.373784977272062,299828000,0.01570884666916883,0.02763068559682783
2016-08-04,1.4047117233276367,1.411093435129374,1.3831121464047227,1.3858120203702156,272712000,0.027981288724651332,0.027700809558247688
2016-08-05,1.4285204410552979,1.4292567384062447,1.4140388731285232,1.4209114498965396,371588000,0.01521786527772151,0.02763067794930631
2016-08-08,1.4417742490768433,1.4515922460554183,1.4265562718322227,1.4481559588168926,305064000,0.02503597422319559,0.027858595741176124
2016-08-09,1.4454559087753296,1.459446606557829,1.441774189320896,1.4488921958714345,372344000,0.017672417236933136,0.027315096245240738
2016-08-10,1.436129093170166,1.4604286575919847,1.4314655262157026,1.4582196488408292,375740000,0.028963131376282147,0.027227433069370414
2016-08-11,1.4653375148773193,1.4714737927508286,1.4407925204230478,1.4437379431655135,681064000,0.03068127232778073,0.02652614695476228
2016-08-12,1.5473181009292603,1.5556633884143087,1.488164674233598,1.5193368153523845,1425744000,0.06749871418071063,0.0295066065259537
2016-08-15,1.545845627784729,1.5586090519208804,1.5249823473344661,1.549036483818767,573304000,0.03362670458641426,0.030453350249387095
2016-08-16,1.5365184545516968,1.5460909046506803,1.5318548871989788,1.5436364632775477,287652000,0.014236017451701555,0.028840383319387635
2016-08-17,1.5009278059005737,1.53995448219355,1.4889007994232033,1.5365181946285869,595212000,0.05105368277034672,0.03145267728755167
2016-08-18,1.5242458581924438,1.526700299503784,1.4928281667208456,1.4987190131317163,331684000,0.033872132782938325,0.030593605320630775
2016-08-19,1.5281730890274048,1.5397092329704296,1.51688237752405,1.5235095215543029,291560000,0.022826855446379524,0.030137768587214793
2016-08-22,1.5345548391342163,1.5367639652262748,1.5146734065444483,1.5328366949736114,244748000,0.022090558681826522,0.02903324726686077
2016-08-23,1.546972632408142,1.5570546079141554,1.5425463563608248,1.5501693677886295,339764000,0.014508251553330576,0.028947490472872324
2016-08-24,1.5231207609176636,1.5531209338264194,1.5159896328253928,1.552383279439842,298448000,0.03713130100102657,0.0296010627783277
2016-08-25,1.513037919998169,1.5243494349457551,1.4941035117039376,1.5236117809788303,406032000,0.03024592324181752,0.03067449549004884
2016-08-26,1.525333285331726,1.5339398356538696,1.5049233319901236,1.5169726196965787,300024000,0.029016503663745974,0.030958819021516728
2016-08-29,1.5243498086929321,1.5376285213968264,1.521890844278177,1.5314810517322046,274652000,0.015737677118649485,0.03082062329878218
2016-08-30,1.5154974460601807,1.5304974697577178,1.5113170539204703,1.522382687461611,285544000,0.0191804158372475,0.03012185790313685
2016-08-31,1.5083661079406738,1.5226284765589237,1.5039399486065865,1.518448201937234,388544000,0.01868852795233722,0.029265233304890885
2016-09-01,1.5528743267059326,1.5585300261387747,1.5083659162648473,1.5095954569260568,428492000,0.05016410987392739,0.028027047282977797
2016-09-02,1.5376286506652832,1.5577927233877151,1.5201696618118872,1.5560714129760356,323148000,0.037623061575827954,0.028312501353650203
2016-09-06,1.552136778831482,1.552136778831482,1.5351695608351354,1.5430384580419438,306812000,0.016967217996346484,0.028507587106839125
2016-09-07,1.5292677879333496,1.5548416733595845,1.5204153522695174,1.5472186612216576,397988000,0.03442632109006705,0.027319918415390578
2016-09-08,1.5403332710266113,1.5427923523507912,1.5103332293065033,1.527792214235286,315808000,0.032459123044287885,0.027218989148344117
2016-09-09,1.4636117219924927,1.5319725873153522,1.4508247806723247,1.5233660372942583,697760000,0.08114780664302756,0.03138477137667612
2016-09-12,1.4938578605651855,1.496808711636651,1.409513306592372,1.4441856307988925,598260000,0.08729540504427913,0.03604226040256559
2016-09-13,1.4722182750701904,1.5073823637736596,1.463857609710134,1.4901691464402842,471768000,0.04352475406352574,0.03811486772472239
2016-09-14,1.4852514266967773,1.4901694731193968,1.4633661611555375,1.475661218584348,319048000,0.026803311963859322,0.03737715422206759
2016-09-15,1.5415630340576172,1.5432843443306599,1.4842676738472085,1.4877104116487623,515212000,0.05901667048345138,0.03943220759647
2016-09-16,1.5452516078948975,1.5553335852637706,1.5275466176897057,1.5469729182443277,902444000,0.027786967574064958,0.039344383590064216
2016-09-19,1.5656614303588867,1.6047599128431072,1.5543499130659728,1.5614810385799012,417128000,0.05040999977713434,0.041820978065670276
2016-09-20,1.5513992309570312,1.5836124761406005,1.5427926790110122,1.5836124761406005,331112000,0.040819797129588276,0.04336664815798034
2016-09-21,1.5949233770370483,1.5978742272059714,1.5558249054373934,1.556070790075565,336212000,0.04204932176857801,0.04503527628771182
2016-09-22,1.5988579988479614,1.6091859759448552,1.5897596796320537,1.6042679306981502,308732000,0.019426296312801572,0.042839718176202836
2016-09-23,1.5971370935440063,1.6054977608562178,1.590005967168864,1.6008257163552142,276132000,0.015491793687353761,0.0412589133270261
2016-09-26,1.5821365118026733,1.5885299817158756,1.562218448114052,1.5789397768460722,230040000,0.02631153360182359,0.04192636444170304
2016-09-27,1.636235237121582,1.6386943184792848,1.57525149686926,1.575989150923299,402752000,0.0634428216100249,0.04399897162170003
2016-09-28,1.6421372890472412,1.6433668299885063,1.6212355620676488,1.6386946682160817,319788000,0.0221312679208574,0.04326126768431214
2016-09-29,1.657382845878601,1.6625468932835272,1.6241860683066645,1.6394319740701737,336684000,0.03836082497686277,0.04020505470815751
2016-09-30,1.6849240064620972,1.701399452566068,1.6566451576820693,1.6664812484084832,429932000,0.044754294883998735,0.0371664039824232
2016-10-03,1.6832023859024048,1.7092681523151452,1.6802516528276874,1.6849238129745259,242596000,0.02901649948745777,0.03613010008413263
2016-10-04,1.6795144081115723,1.7139407324926519,1.666973348904763,1.6856619953506335,281624000,0.04696738358788899,0.03757039091442046
2016-10-05,1.6777927875518799,1.7109896821518258,1.6726288574377868,1.693776464516063,305440000,0.03836082471403901,0.036094973359462434
2016-10-06,1.6559081077575684,1.6679572822538458,1.6293505593030593,1.6576294183998936,360212000,0.03860672295078649,0.03686781302922826
2016-10-07,1.6438584327697754,1.6713995138817666,1.6391862714711245,1.6669732372953396,286260000,0.03221324241064205,0.03556804464590738
2016-10-10,1.6500056982040405,1.661317213551307,1.6345137917968402,1.6524646621027803,287876000,0.026803421754466816,0.034566874976255844
2016-10-11,1.6261532306671143,1.6470549527892477,1.6136121739427438,1.6445959887336472,388540000,0.03344277884650393,0.033952121910393415
2016-10-12,1.6335307359695435,1.6421372880421747,1.605989652081646,1.6195142506608489,419920000,0.036147635960528834,0.0351465033138025
2016-10-13,1.6069728136062622,1.6180384449609768,1.5663989101426095,1.614349940261222,390116000,0.05163953481836736,0.037728484823160616
2016-10-14,1.6227108240127563,1.6377108467651404,1.6131206166984124,1.6266452139212464,330636000,0.024590230066728003,0.03760553457065379
2016-10-17,1.6133663654327393,1.6377107087353258,1.61115328595267,1.6224648025555524,195328000,0.026557422782655715,0.034970863225841704
2016-10-18,1.6379567384719849,1.6473010611138839,1.629104302512347,1.635743658795942,269372000,0.0181967586015368,0.03468982684589023
2016-10-19,1.634514331817627,1.6421373452075998,1.6185306508009818,1.626891435683136,199060000,0.023606694406618,0.03363596037658704
2016-10-20,1.6654977798461914,1.670907712433295,1.6303338043073377,1.6536944930974031,312084000,0.04057390812595729,0.033337361322441215
2016-10-21,1.6608256101608276,1.6637763436830437,1.6450878175168868,1.6595960694608891,279508000,0.018688526166156905,0.0325996489423483
2016-10-24,1.738776683807373,1.7407438785728757,1.6718911237366476,1.6721371256808584,339836000,0.0688527548362281,0.034162889745801096
2016-10-25,1.7673012018203735,1.7778750636313927,1.7274650703475976,1.7358257355731637,397460000,0.05040999328379514,0.03502354464364082
2016-10-26,1.7744325399398804,1.7938588373803064,1.7508258510321477,1.7525471611056376,333792000,0.043032986348158664,0.03533970631488169
2016-10-27,1.7380386590957642,1.7913994982063035,1.7309075351396734,1.7879568785547122,388664000,0.06049196306663007,0.03735961493316654
2016-10-28,1.7350884675979614,1.7729574128413592,1.7318917316014455,1.7463999859505963,290856000,0.04106568123991372,0.03837834775355561
2016-10-31,1.7498421669006348,1.7613995670782845,1.7397600747301596,1.7407437306570543,252388000,0.0216394923481249,0.03753525586081425
2016-11-01,1.6979565620422363,1.7658256475957914,1.6792679222859972,1.7562354430770002,473224000,0.08655772530979422,0.041135976528618924
2016-11-02,1.6908258199691772,1.734104695391086,1.6878749688997683,1.7109898907731604,295848000,0.046229726491317624,0.04074956164811537
2016-11-03,1.6711540222167969,1.700170535682139,1.6386948874597012,1.6986951098063172,309664000,0.061475648222437895,0.04338423437352322
2016-11-04,1.6615629196166992,1.6900876482108358,1.6372185816331524,1.6600874945338693,328780000,0.05286906657768342,0.045263637501739486
2016-11-07,1.752547264099121,1.7636128965106916,1.7090225058165232,1.7102520465856892,487580000,0.05459039069416849,0.04786318265121318
2016-11-08,1.7498421669006348,1.7648421869392488,1.7336126062672634,1.7591863705566326,429884000,0.031229580671985335,0.04840767452731084
2016-11-09,1.7203336954116821,1.7434486119006034,1.6898418874785712,1.7023828257190285,456532000,0.05360672442203218,0.04933858997703048
2016-11-10,1.6664811372756958,1.7582028003010772,1.6416450274360663,1.7579569156376318,869280000,0.1165577728650109,0.05632925045552005
2016-11-11,2.1632044315338135,2.1828766141908655,1.9303347406828184,1.9551709709544856,2175344000,0.25254187350804713,0.0694499017892214
2016-11-14,2.0567288398742676,2.1686144722720213,2.0562370704598907,2.166155390689209,1348796000,0.11237740181213063,0.07387614525553109
2016-11-15,2.119434118270874,2.150417703511412,2.0638599504937214,2.0727125039242775,626092000,0.08655775301769042,0.07698505716049764
2016-11-16,2.2532050609588623,2.2760738645924543,2.123368546360063,2.1477128928473377,987984000,0.1527053182323912,0.08357172538662343
2016-11-17,2.2718935012817383,2.3309100508435434,2.2291062800640535,2.269926189158643,832988000,0.10180377077948988,0.08791016035373601
2016-11-18,2.295746088027954,2.3195984285198454,2.257385260261217,2.27189351302514,576060000,0.062213168258628215,0.09080828006162911
2016-11-21,2.2864022254943848,2.3200908989151396,2.2721397373101695,2.3136974263352084,436436000,0.04795116160497015,0.08805066836842738
2016-11-22,2.3028767108917236,2.3050897901020595,2.2716471310081583,2.2942701614565935,330368000,0.033442659093901206,0.08713730641146908
2016-11-23,2.314206123352051,2.3457286057648887,2.284653663980101,2.308049214194101,443236000,0.06107494178478756,0.08710868452306549
2016-11-25,2.3188843727111816,2.342033778414981,2.3004138873291065,2.325287414811933,195564000,0.041619891085874716,0.08630517198793629
2016-11-28,2.3176538944244385,2.3331688827232244,2.3050939406817426,2.3117433555881193,278736000,0.028074942041481865,0.08441121136988725
2016-11-29,2.2964744567871094,2.3257807800715975,2.2787430754950133,2.314944714134478,444568000,0.04703770457658418,0.08554036307735859
2016-11-30,2.270615816116333,2.318884895538684,2.2681530528618588,2.3050935622308475,440500000,0.05073184267682507,0.08533501438127236
2016-12-01,2.158316135406494,2.2698767657520067,2.0876365264406753,2.268152878578743,1035524000,0.18224023931133138,0.09002661912743812
2016-12-02,2.1782643795013428,2.186883816313569,2.0962561923529517,2.124084760430442,478292000,0.09062762396061741,0.078461315588336
2016-12-05,2.2627344131469727,2.280712157326087,2.1918084475230244,2.2161892335273836,602284000,0.08890370980306272,0.076784623301974
2016-12-06,2.299922227859497,2.3082955301723893,2.2551009166653238,2.270862274931785,498796000,0.05319461350706556,0.07440154190835793
2016-12-07,2.3412952423095703,2.3469594094499255,2.2681528705378144,2.2863769883491454,480804000,0.07880653891211109,0.06912305767119507
2016-12-08,2.302138090133667,2.3794671115208224,2.2915486318256058,2.3442504925654344,381544000,0.0879184796952166,0.06813125116517556
2016-12-09,2.2612569332122803,2.321593208554229,2.2339208786247147,2.3198693216833726,382312000,0.08767232992951435,0.06994976271309598
2016-12-12,2.206338882446289,2.215204688731009,2.155853412967606,2.212741925619362,601332000,0.059351275763403155,0.07076405658155549
2016-12-13,2.2452495098114014,2.2728319382784252,2.2176673162063802,2.2186523274459873,387796000,0.05516462207204498,0.07231562536570861
2016-12-14,2.37528133392334,2.391535198553158,2.2551010019540647,2.2789892931315356,983980000,0.1364341965990934,0.07769842928101618
2016-12-15,2.4309380054473877,2.4612293354315002,2.378974781884799,2.3863628366807688,746548000,0.08225455354670119,0.08060090517107521
2016-12-16,2.4728035926818848,2.4799452759171126,2.406802912562164,2.4585197564874592,1089528000,0.07314236335494861,0.08382000669346569
2016-12-19,2.5028493404388428,2.5230434848841337,2.438080021171726,2.455319131186831,744656000,0.0849634637124077,0.08652898948888166
2016-12-20,2.590029001235962,2.6136709189212217,2.5641704556028615,2.5754990261754505,848056000,0.04950046331836022,0.08644103382041989
2016-12-21,2.606283187866211,2.6092384573022174,2.554073819266878,2.6016040308310395,576136000,0.05516463803533922,0.07736420515784902
2016-12-22,2.637805223464966,2.6811487725529908,2.6235213857392914,2.6306633046021286,718612000,0.05762738681369939,0.07500704536164059
2016-12-23,2.7035603523254395,2.7050381046646765,2.6171193560673056,2.6198282555397725,647692000,0.08791874859737092,0.07493669098980546
2016-12-27,2.8892476558685303,2.890232667174002,2.739022393269251,2.7597092747182828,1194272000,0.15121027390475117,0.08193780958964014
2016-12-28,2.690507650375366,2.9535247386470855,2.676716550244624,2.9453978068040323,2295764000,0.2768081884024616,0.09608078455323661
2016-12-29,2.744194984436035,2.7456727367568083,2.5316633398291315,2.5833802086763398,2175368000,0.21400939692767684,0.10508727864126947
2016-12-30,2.628692626953125,2.7562609605098585,2.617856800128936,2.742223495276858,1212932000,0.1384041603809223,0.10871098081637005
2017-01-03,2.5122077465057373,2.6195817518685773,2.4474384248550436,2.5710662944923595,1501996000,0.17214332701353374,0.1167675559056651
2017-01-04,2.57081937789917,2.598155435405798,2.500385909157029,2.5464385888955823,1199220000,0.097769526248769,0.11981076334685967
2017-01-05,2.505558490753174,2.6060369521819053,2.4885657493338083,2.574268097681243,984296000,0.11747120284809709,0.11845626379321707
2017-01-06,2.5390517711639404,2.567372853671896,2.4922601928044292,2.5328948609260515,822856000,0.07511266086746682,0.11794612860184318
2017-01-09,2.64199161529541,2.659723227170538,2.5489014749680172,2.5489014749680172,916248000,0.11082175220252077,0.12063751351952691
2017-01-10,2.622044563293457,2.6890300446379642,2.601357677109476,2.655044798200247,880920000,0.08767236752848806,0.12083100664924694
2017-01-11,2.589782476425171,2.6153946502484717,2.564909178540396,2.610469358669698,525664000,0.050485471708075824,0.12090136439136948
2017-01-12,2.547423839569092,2.5784540443368833,2.502602537065401,2.5668793394711082,625616000,0.07585150727148227,0.12237899790823684
2017-01-13,2.5471785068511963,2.5858429137197243,2.5380663273796356,2.551364923653108,457820000,0.047776586340088745,0.12167536930297894
2017-01-17,2.4900429248809814,2.5415134081445223,2.4767443322428515,2.536588116545451,580612000,0.0647690759016708,0.12002182125328607
2017-01-18,2.5353565216064453,2.5422520701821743,2.4407886292132925,2.468617193763345,654424000,0.10146344096888171,0.11646847604358111
2017-01-19,2.589782476425171,2.621797693704297,2.536095600420196,2.538311993373746,644872000,0.08570209328410083,0.10281804067798392
2017-01-20,2.5614607334136963,2.630170306158469,2.5395427101589,2.6124386974479625,492024000,0.09062759599956882,0.09400505489740477
2017-01-23,2.5880584716796875,2.608006477080313,2.553826863000674,2.5562896261092978,369904000,0.054179614079639116,0.08798901587588455
2017-01-24,2.6432230472564697,2.6493799549120256,2.5833792670441382,2.5981556105554597,428052000,0.06600068786788738,0.08040739879405266
2017-01-25,2.6545517444610596,2.6917386229909877,2.6185962475216353,2.685581715038469,522760000,0.07314237546935232,0.07864831659552289
2017-01-26,2.7003583908081055,2.707746446396198,2.6277085120827164,2.6572609692971376,458800000,0.0800379343134816,0.07597451170019322
2017-01-27,2.752568244934082,2.755523514667342,2.6806572294363074,2.7072544221735533,471996000,0.07486628523103445,0.07595691344044805
2017-01-30,2.709470272064209,2.7338510663246804,2.65750727897753,2.7316346731850096,496004000,0.07634378734715064,0.07349420166506447
2017-01-31,2.6887831687927246,2.710208690294052,2.6646485140342357,2.6831190017564905,362756000,0.04556017625981612,0.07048618800301647
2017-02-01,2.8062546253204346,2.81044104103976,2.7055298154065133,2.723261194231866,590004000,0.10491122563324673,0.07437374185481439
2017-02-02,2.84171724319458,2.8503369142048207,2.759709297225785,2.7902467617026248,483240000,0.09062761697903587,0.0754291782624968
2017-02-03,2.8168435096740723,2.8542767521322983,2.8050226711572512,2.843194554555165,372744000,0.04925408097504702,0.07553471359356524
2017-02-06,2.889000654220581,2.88949315976568,2.8074849975265717,2.8074849975265717,506768000,0.08200816223910845,0.07676607690338222
2017-02-07,2.9338223934173584,2.9779048170495623,2.9035310665947818,2.9232327005691077,746224000,0.07437375045478056,0.07483109900951786
2017-02-08,2.9210166931152344,2.938255566400989,2.8660981991502767,2.915845031129508,449580000,0.07215736725071231,0.07386361857856152
2017-02-09,2.866098165512085,2.9320988586324153,2.8468892697117103,2.927173332115989,842568000,0.08520958892070496,0.07347661807292839
2017-02-10,2.7981276512145996,2.972487107275527,2.7730079829764387,2.953524347109578,1651092000,0.1994791242990881,0.08385515451717475
2017-02-13,2.6690828800201416,2.8069943901079957,2.66464985739265,2.792464409823366,1180724000,0.14234453271534564,0.0893082862919932
2017-02-14,2.6789321899414062,2.712671289600811,2.6176106629171327,2.6594766921335626,850632000,0.09506062668367843,0.09087387566444506
2017-02-15,2.684349775314331,2.7040514069419537,2.653812316750108,2.6818872475073596,373020000,0.05023909019184547,0.0887453867986139
2017-02-16,2.641252279281616,2.695185506868374,2.6020951561740526,2.693954125684783,647176000,0.09309035069432126,0.09004710576027726
2017-02-17,2.640760660171509,2.6451936812870613,2.5806707360148833,2.6277084368350474,563740000,0.06452294527217806,0.08920275989777922
2017-02-21,2.7353289127349854,2.7392691934372917,2.665141561809269,2.6653879321053124,551952000,0.0741276316280226,0.09124329242407968
2017-02-22,2.7311367988586426,2.7567812979238364,2.712149870613193,2.747411174407058,433772000,0.04463142731064362,0.08693759254389374
2017-02-23,2.4778969287872314,2.623380021349683,2.4579239856784167,2.60143433446641,1592888000,0.1654560356712662,0.09228247959333877
2017-02-24,2.5018162727355957,2.515131651388397,2.3597852535610793,2.3935669451063544,1029904000,0.15534639782731752,0.0998605022256438
2017-02-27,2.574557304382324,2.58959874312167,2.5042816181477665,2.520062865311889,715400000,0.08531712497390354,0.10009685670670058
2017-02-28,2.5023090839385986,2.594037576076002,2.485048453635691,2.5841740900075396,625360000,0.108989122440311,0.10256938327709562
2017-03-01,2.534611225128174,2.573571098971428,2.493185479927621,2.5592692332258475,504804000,0.08038561904380703,0.10315711554803096
2017-03-02,2.4411566257476807,2.535844108587207,2.438444308405568,2.5217889243301634,754332000,0.0973998001816394,0.104027844923812
2017-03-03,2.427100658416748,2.4354842881199588,2.3726060071333848,2.4305527827342464,864692000,0.062878280986574,0.09427064183006098
2017-03-06,2.4083614349365234,2.4189644934452623,2.3467160631226713,2.3908541248849127,883568000,0.07224843032259098,0.08926377737343565
2017-03-07,2.4347457885742188,2.4542258449711927,2.3955394648740724,2.408361714989978,603400000,0.05868638009712024,0.08666561690296722
2017-03-08,2.430307149887085,2.497870519468692,2.4280879597484137,2.4830755266134945,638712000,0.06978255972027814,0.08806157901214097
2017-03-09,2.429814100265503,2.4522529187243305,2.4017037305219344,2.414279533640161,478060000,0.05054918820239607,0.08502292454843204
2017-03-10,2.444115400314331,2.468033832447227,2.4258685186983966,2.4561980745456933,499740000,0.04216531374883026,0.0834259508681929
2017-03-13,2.511432409286499,2.5212956588131687,2.4537322937341925,2.4544721021172577,774136000,0.0675633650789762,0.08295707468611815
2017-03-14,2.509706497192383,2.53362469648294,2.477404194321031,2.524254808754648,522016000,0.05622050216190866,0.0837848657469228
2017-03-15,2.528693199157715,2.53954270378455,2.473705397276215,2.5212958203284375,615036000,0.0658373065083353,0.07666924223528489
2017-03-16,2.5597622394561768,2.560255601831062,2.5252409827196938,2.5392961666017295,523100000,0.03501461911136827,0.06807411518414565
2017-03-17,2.6154894828796387,2.6167224183279947,2.5597618823425408,2.5772691894557718,1119688000,0.05696053598545392,0.06604864454211354
2017-03-20,2.698834180831909,2.7027796688139567,2.616969185318364,2.6329971129545777,748568000,0.08581048349559284,0.06439302747463367
2017-03-21,2.611544370651245,2.7114100398929146,2.6036538648379977,2.681573609167124,913484000,0.10775617505491697,0.06634806718971295
2017-03-22,2.664806604385376,2.6694916665718034,2.5965034159890026,2.600448669630607,616764000,0.07298825058280078,0.06460438507551018
2017-03-23,2.6406402587890625,2.6768878035945702,2.6310236928054733,2.6569146282677214,533940000,0.04586411078909691,0.06338908720426183
2017-03-24,2.650010585784912,2.6948884459162645,2.624119648300504,2.686997941680553,439500000,0.07076879761576071,0.06328339915377394
2017-03-27,2.6692450046539307,2.673190258324086,2.5540914287184195,2.6034076874915404,506644000,0.11909882960566653,0.06759857411867011
2017-03-28,2.6554362773895264,2.685026030181421,2.645079899186131,2.6704777174218557,432444000,0.03994613099529021,0.06546740063831383
2017-03-29,2.646806001663208,2.675162819116546,2.644586811323474,2.662833696479913,349992000,0.030576007793071902,0.06404074489479068
2017-03-30,2.697601556777954,2.7123965505232523,2.648285302891039,2.6539566191773836,525532000,0.06411124763221343,0.06560831160074662
2017-03-31,2.6860132217407227,2.7096852203589594,2.6729445213988936,2.6879859666784203,440808000,0.03674069896006582,0.06340669259225303
2017-04-03,2.6724514961242676,2.7037673240717965,2.64877949660103,2.6865066870515544,445232000,0.05498782747076669,0.06331864440002859
2017-04-04,2.4850478172302246,2.5748035421363564,2.474198314555238,2.5496521764514792,1271280000,0.10060522758111823,0.0658020673337988
2017-04-05,2.466554880142212,2.5242550036132254,2.453485949267638,2.4663081989278632,747048000,0.07076905434558745,0.06835595556481446
2017-04-06,2.4845550060272217,2.4966374456814533,2.4266082086384113,2.47173275798155,635120000,0.07002923704304198,0.06928943421178503
2017-04-07,2.473952054977417,2.5084735477835816,2.458910616265414,2.49096623776576,429068000,0.049562931518167375,0.06670032335625464
2017-04-10,2.410827398300171,2.481349533271372,2.406635463943814,2.474691962668723,756332000,0.07471406932755809,0.06434017294715758
2017-04-11,2.4194581508636475,2.4386915280156822,2.3758132067677007,2.3807447153110908,618148000,0.06287832124798154,0.06361803513752763
2017-04-12,2.399484157562256,2.4337589652160156,2.3943059695131326,2.419457336579162,414092000,0.039452995702883076,0.06316009834565521
2017-04-13,2.354606866836548,2.3970188710755305,2.354606866836548,2.3753198592424907,506892000,0.042412004238982615,0.06113461310445678
2017-04-17,2.446828603744507,2.447075049823104,2.362251037408262,2.367429226960464,497292000,0.08482401241484228,0.058686411876540764
2017-04-18,2.448307991027832,2.4544726703832747,2.4066357932823172,2.43252674109976,370116000,0.04783687710095741,0.059250036598374134
2017-04-19,2.4579248428344727,2.4899802354497864,2.4512670360374837,2.4658153503671856,380828000,0.03871319941230267,0.05983126457117633
2017-04-20,2.496884346008301,2.501569407634582,2.4512666654532906,2.472472783374026,404016000,0.05030274218129138,0.058844942753253325
2017-04-21,2.5072412490844727,2.509953567114867,2.474692492085778,2.486528254075355,341896000,0.03526107502908893,0.05873925532961212
2017-04-24,2.5385563373565674,2.551625031539965,2.517843583484727,2.538802783383562,371820000,0.033781448055238084,0.05722451394278865
2017-04-25,2.5826938152313232,2.597242122930427,2.5316515152987438,2.553104072731881,388440000,0.06559060763168345,0.05472346966068616
2017-04-26,2.5649402141571045,2.59872165657657,2.562967470478147,2.5962560209258525,327004000,0.035754186098422736,0.05222240764303154
2017-04-27,2.6048872470855713,2.613270881554763,2.5543380535642535,2.572338493498021,319700000,0.05893282799050947,0.05142980699642208
2017-04-28,2.5718448162078857,2.6048866900325303,2.5661732655392253,2.59798243894903,348248000,0.03871342449330495,0.050654842208931905
2017-05-01,2.629544258117676,2.6347226807263406,2.5755429588574863,2.5826938899281413,307732000,0.05917972186885434,0.04954524596188164
2017-05-02,2.5516254901885986,2.603900981793853,2.528939988231022,2.602668045961994,629972000,0.07496099356283104,0.05040829398437089
2017-05-03,2.5706114768981934,2.580228043637444,2.529925550004483,2.5447203042430804,336904000,0.05030249363296102,0.0511832581222336
2017-05-04,2.560748338699341,2.587872212737434,2.552857598963525,2.5767760290040345,209788000,0.03501461377390891,0.05065487308901405
2017-05-05,2.560994863510132,2.5681457951749005,2.53362430747982,2.549159106279724,228428000,0.034521487695080566,0.047061835609031065
2017-05-08,2.5341179370880127,2.574310508901094,2.522775070659255,2.572831127275649,365240000,0.051535438241838705,0.047326018547665445
2017-05-09,2.538309335708618,2.587379132104084,2.531405085289669,2.539788952317475,847672000,0.05597404681441498,0.0485589362192449
2017-05-10,2.9907872676849365,3.0038561996028252,2.811522674503588,2.8181802459210843,2129096000,0.19233352509923707,0.058703992141955305
2017-05-11,3.119255304336548,3.2161619645433097,2.956758263206955,2.9602103885186835,1939792000,0.2594037013363546,0.07471417973533143
2017-05-12,3.1535305976867676,3.1956961514136606,3.101502028827095,3.1224614650907334,962620000,0.09419412258656568,0.0790293707732834
2017-05-15,3.3118362426757812,3.314302114245131,3.190271549176618,3.194710165033139,1087540000,0.12403056506851318,0.08320365344734267
2017-05-16,3.373481273651123,3.3890160748119182,3.288410829692858,3.362878215121293,1120700000,0.10060524511906044,0.08783587194881678
2017-05-17,3.149338722229004,3.325397835890939,3.1451467881792956,3.306657590839366,1271368000,0.18025104771164324,0.0965014590717549
2017-05-18,3.281259775161743,3.290136770472964,3.1328176667286507,3.1932301007652577,1156032000,0.15731910374431335,0.10497329330396979
2017-05-19,3.3570406436920166,3.411839188564605,3.3377870118263555,3.382465211817155,1018372000,0.07405217673824938,0.10603561150892658
2017-05-22,3.428623914718628,3.4429406064438894,3.38986971755904,3.40073088339787,836608000,0.05307088888484923,0.10447203260335645
2017-05-23,3.3824644088745117,3.450592574209828,3.349881383514407,3.448371047100016,681248000,0.10071119069542123,0.10807265382210361
2017-05-24,3.4204776287078857,3.4821879112740697,3.4083822306498215,3.479472502531543,815996000,0.0738056806242482,0.11084344431141356
2017-05-25,3.4128262996673584,3.4565172010079146,3.367901164144707,3.4557766134174375,608228000,0.08861603686320763,0.1147073406805655
2017-05-26,3.501195192337036,3.5861085217259445,3.384439423278809,3.404680344797055,779140000,0.20166909844713565,0.1254311735523724
2017-05-30,3.575988292694092,3.6110395538433995,3.53106315834622,3.547107731481699,989652000,0.07997639549717928,0.12714562702971272
2017-05-31,3.563152551651001,3.628565313962293,3.5063789576044573,3.620913203452091,887316000,0.12218635635783581,0.12213511497675549
2017-06-01,3.563399314880371,3.579937770322153,3.5179805330708707,3.578950241739443,503340000,0.061957237251282216,0.10803179611353604
2017-06-02,3.5456268787384033,3.586602370649756,3.53970264883635,3.560437218087437,487456000,0.04689972181340574,0.1046536246297389
2017-06-05,3.6534957885742188,3.6663315397297005,3.517733343806862,3.5293348609582322,817376000,0.14859819592283863,0.10640845540504786
2017-06-06,3.6369576454162598,3.694965232363003,3.623628247466925,3.6488058683678517,758728000,0.07133698489607809,0.10431786538912055
2017-06-07,3.680896043777466,3.6996560284363498,3.6458447784590664,3.6613957068655045,612612000,0.05381124997728337,0.0952864512652377
2017-06-08,3.9479775428771973,3.949458482462953,3.7468018695993415,3.788024297312083,1161744000,0.20265661286361158,0.098524844773759
2017-06-09,3.692744016647339,4.159273925836498,3.5236577068552033,4.066461778895721,3692928000,0.6356162189812946,0.13863656207683367
2017-06-12,3.7018775939941406,3.7445812065522524,3.507860574534015,3.600919675718029,1697532000,0.23672063201823734,0.15175440087207567
2017-06-13,3.737175226211548,3.820360670300085,3.595241371681763,3.811227385471868,1672504000,0.22511929861832236,0.16064069429514002
2017-06-14,3.7450740337371826,3.8028349155801897,3.665591291940793,3.7401373329863494,1184640000,0.1372436236393968,0.16517197593907923
2017-06-15,3.7611191272735596,3.791480392407653,3.6162231473938036,3.627577960175783,963824000,0.17525724501384943,0.17136063366412507
2017-06-16,3.742605686187744,3.8186329046912255,3.7085417201511537,3.770745658213769,924960000,0.11009118454007183,0.1648193540993348
2017-06-19,3.8833060264587402,3.888489669301935,3.7830884606780635,3.786790928191132,778176000,0.10540120862387159,0.16663541217981281
2017-06-20,3.8776283264160156,3.992409522258953,3.873432212451151,3.925515579554226,1095444000,0.11897730980780175,0.16640619456909608
2017-06-21,3.9363760948181152,3.940078797178212,3.843317007903689,3.905274242455218,682652000,0.09676178927452295,0.16889223399932757
2017-06-22,3.9092233180999756,3.9578511495901676,3.8852796961000218,3.9445215163893126,469132000,0.07257145349014582,0.17072592911909473
2017-06-23,3.7971584796905518,3.9326742531761063,3.7821009622756008,3.9168763834962874,1088588000,0.15057329090050553,0.17086700733178523
2017-06-26,3.7556893825531006,3.865533655463372,3.6613960394618936,3.8299885048725515,1063960000,0.2041376160014785,0.18035276669645667
2017-06-27,3.6181979179382324,3.7468021466850656,3.612520629330547,3.7381627432807427,999492000,0.13428151735451843,0.18610064293768774
2017-06-28,3.745814800262451,3.7505047956732276,3.5977100041620442,3.6858323884445774,994948000,0.15279479151118336,0.18253908426965718
2017-06-29,3.620666980743408,3.7203906654508327,3.556488208620523,3.717428785573893,1064424000,0.1639024568303098,0.14884524411601538
2017-06-30,3.568335771560669,3.6515212133555237,3.542170622651434,3.637944874675973,731060000,0.1093505907040897,0.1397473840221477
2017-07-03,3.4392383098602295,3.5952419391988726,3.4207252671228234,3.580431599171392,709072000,0.17451667207604915,0.13613291069769962
2017-07-05,3.531062602996826,3.55994292426096,3.4836690078031616,3.5026756928277063,820188000,0.07627391645779857,0.13177793161329973
2017-07-06,3.541677474975586,3.5885774353702766,3.4498526114954027,3.5019362145538038,746284000,0.13872482387487395,0.12916847296051578
2017-07-07,3.6226418018341064,3.640908141361102,3.5754951306853524,3.598451466763625,654972000,0.06541301067574956,0.1259771748273499
2017-07-10,3.7939491271972656,3.801354297110711,3.6700348834712586,3.6962000368777996,958492000,0.13131941363945243,0.12782847518560567
2017-07-11,3.8477606773376465,3.8554127883929534,3.7556888744753865,3.79765189707112,757956000,0.09972391391756696,0.1264532326220175
2017-07-12,4.011415958404541,4.0235111237282135,3.8645456229477544,3.907495936369993,1145208000,0.15896550078045912,0.1308963548724415
2017-07-13,3.9650094509124756,4.10496824805885,3.9186033810316947,4.023510684797449,1369132000,0.1863648670271556,0.13902445583937076
2017-07-14,4.071645259857178,4.073125964109027,3.9743895913978657,3.981301113947039,941948000,0.09873637271116165,0.1353218188258462
2017-07-17,4.054366588592529,4.134590168241512,3.9926562875739995,4.105709604237921,930792000,0.1419338806675121,0.13087869487342002
2017-07-18,4.0965776443481445,4.111141282197477,3.981549246335955,3.9933977094697055,776640000,0.1295920358615219,0.13054373190963456
2017-07-19,4.075347900390625,4.132121258267623,4.0632527354140935,4.1057091656238525,687044000,0.06886852285352951,0.12454899843408786
2017-07-20,4.134591102600098,4.134837808266001,4.0459752748699715,4.095837126498058,699596000,0.08886253339602934,0.11918900390306783
2017-07-21,4.149399280548096,4.179020423427312,4.099784160482967,4.114101085442263,648332000,0.07923626294434527,0.1170379804916575
2017-07-24,4.1012654304504395,4.166184769941161,4.090651442362435,4.156558074836679,652524000,0.075533327578726,0.10996774159899157
2017-07-25,4.081518173217773,4.095835098561295,4.037827280555946,4.07830911790055,496556000,0.0580078180053496,0.1086630202809595
2017-07-26,4.128665924072266,4.1945725743035975,4.093861129856091,4.139033209410651,640404000,0.10071144444750679,0.10594777889329042
2017-07-27,3.992408514022827,4.165197498979774,3.889228863705452,4.1535957470348,782856000,0.2759686352743218,0.120987466364617
2017-07-28,4.057821750640869,4.082259255988734,3.9316862285042915,3.9566169095934502,513348000,0.15057302748444235,0.122362724496402
2017-07-31,4.011415958404541,4.10743716422129,3.964763177870377,4.071398373841149,559672000,0.14267398635091277,0.12543058681306957
2017-08-01,4.060291767120361,4.062019648419396,3.9741444078363926,4.002037214288711,431384000,0.08787524058300322,0.12035271108467985
2017-08-02,4.057821750640869,4.095341713576656,3.980807709367627,4.091392541148992,478444000,0.11453400420902904,0.11522193516909938
2017-08-03,4.109411716461182,4.113114183118184,4.040296023720251,4.057328123641886,442420000,0.0728181593979329,0.11337063421815448
2017-08-04,4.127431869506836,4.1980282794236645,4.109412473212524,4.132121630081853,589096000,0.0886158062111404,0.10956220032841364
2017-08-07,4.254307746887207,4.254801158043025,4.146931498163025,4.156558665447548,717412000,0.10786965988000041,0.10801060204401924
2017-08-08,4.203704833984375,4.308858836963677,4.164456994325905,4.292320619746203,755336000,0.14440184263777223,0.11340583917146516
2017-08-09,4.24838399887085,4.25085246736625,4.138786445898662,4.157546429813921,530784000,0.11206602146758815,0.11506323117657649
2017-08-10,4.066462516784668,4.261960719208786,4.056341936297165,4.2496183756341726,1328088000,0.20561878291162117,0.12409055403138192
2017-08-11,3.849734306335449,3.9247739875667844,3.7744479195607847,3.878861568059892,1497196000,0.15032606800599968,0.12943289263333005
2017-08-14,4.156805992126465,4.160508459597006,3.9297120612925163,3.9413135811520457,1279020000,0.23079639830448961,0.1417749340832686
2017-08-15,4.121753215789795,4.188153258154282,4.087442313466549,4.161988346719625,764532000,0.10071094468773278,0.1417748983861419
2017-08-16,4.076582908630371,4.160262261852931,4.044247049094893,4.136812513656435,596632000,0.11601521275803783,0.13034965392069303
2017-08-17,3.9857447147369385,4.085221688617511,3.9835234226485636,4.068190056295138,525444000,0.1016982659689476,0.12685859952672912
2017-08-18,3.9864859580993652,4.057082850757812,3.9405735191721436,4.0400507448216345,601204000,0.11650933158566845,0.12498969561492597
2017-08-21,3.9284775257110596,4.022277206070906,3.884539918227118,4.010922628103092,623672000,0.13773728784378791,0.12855127041926773
2017-08-22,4.015933990478516,4.021863433407391,3.945769544122153,3.965040115834373,450456000,0.07609388928523764,0.1258055479247112
2017-08-23,4.096229553222656,4.1073472036002645,3.973935399068967,3.9825828793419076,579520000,0.1334118045312973,0.13013366543423724
2017-08-24,4.0811591148376465,4.132794721782083,4.054724240015659,4.12834728428752,469700000,0.0780704817664235,0.1293804279739003
2017-08-25,4.047066688537598,4.115502020099418,4.040642924250747,4.105372527940517,357200000,0.07485909584867123,0.12702253054309107
2017-08-28,4.075723648071289,4.078935528919779,4.010500224949067,4.066088476752473,389496000,0.06843530397071174,0.12159634920972962
2017-08-29,4.069052696228027,4.090794149991216,4.008770559722118,4.016923722689969,324096000,0.082023590269098,0.11945046126698032
2017-08-30,4.093266487121582,4.104384141358095,4.058431044853359,4.088819048445525,384400000,0.04595309650473567,0.10804576938077422
2017-08-31,4.186159133911133,4.190111783263288,4.106112329809888,4.113523782958517,612684000,0.08399945345339965,0.10330815405558849
2017-09-01,4.211360454559326,4.246937139028546,4.190113307270224,4.198760791133301,445432000,0.056823831758322285,0.09088154215943368
2017-09-05,4.098947525024414,4.164912194329234,4.040889097256875,4.159970911175108,695364000,0.12402309707235837,0.09254669590119266
2017-09-06,4.096477031707764,4.145641999785319,4.061642068031826,4.1318067834343974,397672000,0.08399993175349252,0.0902598901151537
2017-09-07,4.1155009269714355,4.147865248993115,4.075230363123344,4.113277208102748,352868000,0.07263488586977118,0.08818393439378396
2017-09-08,4.044101715087891,4.118713416583968,4.0198900801185635,4.103890033920867,498856000,0.09882333646540431,0.08692064902805081
2017-09-11,4.175288677215576,4.18591248330027,4.08437113903112,4.089806739083767,567444000,0.10154134426915018,0.08433522448700526
2017-09-12,4.190359592437744,4.199994765221594,4.125136159398264,4.199994765221594,411488000,0.07485860582333004,0.08424698995401185
2017-09-13,4.209136009216309,4.238041526996603,4.132794925634419,4.165159247485521,580960000,0.10524660136218333,0.08223518972764657
2017-09-14,4.185171604156494,4.263242095381917,4.145642277300084,4.170100830350117,513712000,0.11759981808183273,0.0850587137501758
2017-09-15,4.449771404266357,4.449771404266357,4.265465656850613,4.2706538637110505,1364792000,0.18430574741574457,0.09287633171925247
2017-09-18,4.633582592010498,4.723759371486783,4.567124068866998,4.574041677651797,1684460000,0.15663530261978487,0.0991763316227577
2017-09-19,4.628640651702881,4.6904052700763845,4.561193511257797,4.583181888810169,874280000,0.12921175881858726,0.10254691509057835
2017-09-20,4.591335296630859,4.679782194921176,4.5510647327853,4.632347100099268,724920000,0.1287174621358762,0.10845865549280267
2017-09-21,4.4658284187316895,4.513757816457141,4.388004878109579,4.487569399371724,1075600000,0.12575293834756174,0.11144104727095712
2017-09-22,4.422347068786621,4.504123749191941,4.41246497379538,4.454464937768215,491232000,0.09165877539656098,0.1139292575308313
2017-09-25,4.224699974060059,4.392699810758895,4.203947152845256,4.391464254509458,874580000,0.18875265791363915,0.11855279759092278
2017-09-26,4.248417854309082,4.414441388843439,4.208641608289688,4.359347447608947,1125620000,0.20579978055375125,0.12725278679094126
2017-09-27,4.341559886932373,4.354901259739183,4.26793635611186,4.338842322049042,713720000,0.08696490362732323,0.12827635948790928
2017-09-28,4.340323448181152,4.3526761833361896,4.292887889638134,4.348723063048724,435244000,0.059788293698055384,0.12548814214738435
2017-09-29,4.41666316986084,4.44038047065508,4.379110187903507,4.424322014108099,619092000,0.06127028275157276,0.12261163775327168
2017-10-02,4.422347068786621,4.495970584939476,4.372935651377029,4.46681767431394,503480000,0.12303493356244743,0.1260528040203515
2017-10-03,4.431488037109375,4.461382184906847,4.387264357945185,4.428523078993048,390332000,0.07411782696166203,0.12382932013459998
2017-10-04,4.468545913696289,4.490781210674983,4.40109878336404,4.4376636091399435,427848000,0.08968242731094378,0.12183522079382218
2017-10-05,4.4660773277282715,4.496465800820647,4.436183171536309,4.493006996198112,437364000,0.060282629284337474,0.11297642664157882
2017-10-06,4.479170799255371,4.492512170561095,4.42234745225509,4.438406388138381,318800000,0.07016471830600501,0.1067999563334517
2017-10-09,4.580218315124512,4.613324352839281,4.497206533616128,4.515983036054143,563492000,0.11611781922315245,0.10586467493377778
2017-10-10,4.667677402496338,4.766995051620681,4.6264186671965195,4.729442044019681,974876000,0.1405763844241612,0.10671174081151243
2017-10-11,4.717333793640137,4.71881627244566,4.638275168668634,4.684227770600697,529508000,0.08054110377702628,0.10348232405647417
2017-10-12,4.719557285308838,4.770451166665348,4.692380707569399,4.720792370103107,528292000,0.07807045909594912,0.1025117300350019
2017-10-13,4.807511329650879,4.817640818771001,4.734876446278366,4.781817222665219,628728000,0.08276437249263502,0.09494113821921589
2017-10-16,4.8900299072265625,4.892994866300068,4.774159476275626,4.837406595939919,576640000,0.11883539002444188,0.08872939603855093
2017-10-17,4.885581016540527,4.913992683267182,4.850992982477925,4.869275161735783,478596000,0.06299970078925643,0.08701759583583188
2017-10-18,4.881380558013916,4.895215770460905,4.776133985834585,4.89447500227403,567316000,0.11908178462631991,0.09125284518785078
2017-10-19,4.8868184089660645,4.891759221955359,4.754642119159731,4.803806624797513,570772000,0.13711710279562883,0.09667047519099763
2017-10-20,4.8645830154418945,4.931041543437328,4.855688609764402,4.90386542318161,451620000,0.07535293367292528,0.09326461805603177
2017-10-23,4.857664585113525,4.9127585272818415,4.837405606345006,4.8863231800094376,428696000,0.07535292093683577,0.09335283905425847
2017-10-24,4.908556938171387,4.910286339657049,4.8408628862850325,4.8668039085699775,407244000,0.06942345337201683,0.09190576948719224
2017-10-25,4.784534931182861,4.921899874191827,4.723017697464773,4.869029179432835,828160000,0.19888217672705455,0.10180573716167204
2017-10-26,4.83468770980835,4.846299206401788,4.788240780981238,4.812205484960618,322744000,0.058058425420550286,0.10094100195556813
2017-10-27,4.987123966217041,4.987370889047406,4.860876658337843,4.88681816355619,572192000,0.12649423070956267,0.10168217420459744
2017-10-30,5.036041736602783,5.091629534046241,4.971312139369533,4.9871241544183205,504056000,0.12031739467670821,0.10023510350835078
2017-10-31,5.109417915344238,5.136100190275117,5.0622297351117655,5.067912259057715,411908000,0.07387045516335178,0.09975862860737404
2017-11-01,5.119052410125732,5.187487726327024,5.054817137809243,5.172170030094623,502576000,0.13267058851778124,0.10365863785179062
2017-11-02,5.087922096252441,5.134122097990003,5.031345684014674,5.089404575245795,342308000,0.1027764139753291,0.10508806938626877
2017-11-03,5.155863285064697,5.155863285064697,5.073098920547906,5.119051530118745,353640000,0.08276436451679103,0.1025115675642937
2017-11-06,5.179088592529297,5.187735604700545,5.106700613145188,5.119053353039307,389944000,0.08103499155535676,0.10379980261901516
2017-11-07,5.238382339477539,5.259876878668183,5.189712150812514,5.2018179672681555,427700000,0.07016472785566918,0.10030572713539725
2017-11-08,5.167475700378418,5.237640412718127,5.1200406076421014,5.233934214766832,522988000,0.11759980507602563,0.09891163444113989
2017-11-09,5.072604179382324,5.0975570422782,4.950310506040619,5.071369094426796,978564000,0.14724653623758055,0.10404689176718669
2017-11-10,5.339923858642578,5.4024297391543135,5.228500393977329,5.264323998698677,1253256000,0.1739293451769841,0.11108806492719728
2017-11-13,5.253205299377441,5.365369510276178,5.237887603665737,5.33992279625022,582376000,0.12748190661044134,0.11523509730137046
2017-11-14,5.291497230529785,5.3068149209240785,5.218614975412779,5.262344328482983,529292000,0.08819994551129984,0.10732922364310227
2017-11-15,5.1877360343933105,5.237642257492658,5.133877631616187,5.236406700664814,501948000,0.1037646258764715,0.11059395224709664
2017-11-16,5.228005409240723,5.291993761130126,5.219111475522284,5.261852684387913,441768000,0.07288228560784216,0.10676452759697375
2017-11-17,5.221829414367676,5.32040581692193,5.206759110530093,5.285076531108008,515664000,0.11364670639183672,0.10628804986234007
2017-11-20,5.289029598236084,5.301135414239555,5.20058221635257,5.2373939812562345,396100000,0.10055319788698469,0.10819396005688528
2017-11-21,5.337699890136719,5.349311860702259,5.296935474191861,5.328805955697387,399176000,0.052376386510397666,0.10245865991350074
2017-11-22,5.313717365264893,5.364894184923892,5.281082994583403,5.364894184923892,356640000,0.083811190340489,0.10110400108244073
2017-11-24,5.36390495300293,5.3648942734494165,5.30555862436392,5.330034638555946,180752000,0.05933564908549638,0.09943052140877683
2017-11-27,5.294187068939209,5.373795312950632,5.290972955818318,5.37255936951022,422896000,0.08282235713231412,0.0995581903785595
2017-11-28,5.209386825561523,5.308773461909633,5.148321036240558,5.299378688817627,512752000,0.16045242566907447,0.10600731165094558
2017-11-29,4.856094837188721,5.194799891301983,4.727782135553212,5.192080438771233,1396788000,0.46701775574877136,0.13096573669899886
2017-11-30,4.962156772613525,5.010861242967123,4.861781756304604,4.92482524524282,823768000,0.1490794866625187,0.13109666172935158
2017-12-01,4.887246608734131,4.947818216480902,4.758439694483081,4.927545158581398,811548000,0.18937852199782146,0.1322001743594114
2017-12-04,4.614797115325928,4.952019049353075,4.5613955120615675,4.9458379196390965,1240844000,0.3906235372915079,0.1509960051223447
2017-12-05,4.641498565673828,4.7641247835091916,4.464481888253141,4.509477576362793,981488000,0.29964289525605015,0.16609907296125545
2017-12-06,4.6790771484375,4.7008332356213955,4.56980110925751,4.591063007842911,467032000,0.13103212636388584,0.16804675156749932
2017-12-07,4.746569633483887,4.78637396998077,4.700337545736704,4.74582787919464,542600000,0.08603642424406566,0.16898633289865814
2017-12-08,4.734211444854736,4.815550302815628,4.725805519432478,4.796513187634319,466876000,0.08974478338314995,0.16727905268375196
2017-12-11,4.8125810623168945,4.815548080063105,4.7324786564791586,4.748301179278959,372748000,0.08306942358394664,0.16603021166210638
2017-12-12,4.718142032623291,4.792311391061442,4.694655328472732,4.769071781354935,455016000,0.09765606258870996,0.1692644742391287
2017-12-13,4.602930068969727,4.76041542968112,4.595512996114211,4.7591794866488675,554280000,0.16490243356690915,0.1750567058981587
2017-12-14,4.610100746154785,4.681055965999012,4.563868637217065,4.596503011578501,438164000,0.11718732878194693,0.17918896873361945
2017-12-15,4.735940933227539,4.756213987228756,4.589086253556041,4.654107905726673,670036000,0.16712773367271527,0.1852107813436481
2017-12-18,4.892684459686279,4.895651006193768,4.746818646435386,4.776485997726457,477704000,0.14883235975838183,0.18438077663574148
2017-12-19,4.848430156707764,4.888481600496074,4.819998747979577,4.883289790334076,373100000,0.06848285251649688,0.15591399783343615
2017-12-20,4.865488529205322,4.896886480843627,4.809861661414073,4.887739276321822,288820000,0.08702481942955487,0.1514815216025102
2017-12-21,4.842991352081299,4.893920605894958,4.834585429296911,4.868950403426557,300904000,0.05933517659804721,0.142192711216812
2017-12-22,4.827663421630859,4.8370581940822435,4.728276792059835,4.806154424199499,466276000,0.10878140202240871,0.12206113012616207
2017-12-26,4.881310939788818,4.888975106799336,4.7423675564350365,4.772282470049768,355080000,0.1466075503642994,0.11113003406246559
2017-12-27,4.874635696411133,4.943860294860765,4.853374269752615,4.867960849570481,329488000,0.09048602510814963,0.10823388397277015
2017-12-28,4.88032341003418,4.929274971482377,4.8741427502079455,4.898371200797089,240248000,0.05513222127443118,0.10602644090351054
2017-12-29,4.783904075622559,4.906530316535513,4.783904075622559,4.906530316535513,279964000,0.12262624091295482,0.10837511644135375
2018-01-02,4.928534030914307,4.93224280466593,4.808627701506926,4.840272760492806,355616000,0.12361510315900404,0.1112712364110007
2018-01-03,5.252899169921875,5.283308751359066,5.037314533526364,5.045967551442448,914704000,0.2459942178327026,0.12186681892842875
2018-01-04,5.280587673187256,5.390852561261847,5.258336925821881,5.334236844096128,583268000,0.13251563543996614,0.11955347620507568
2018-01-05,5.325338363647461,5.362669891130359,5.218534649294459,5.295423439853613,580124000,0.1441352418359001,0.12147832713750091
2018-01-08,5.488510608673096,5.562679479781847,5.403957642917104,5.448953814541204,881216000,0.15872183686474362,0.1208779059369315
2018-01-09,5.487025260925293,5.533504454880867,5.405439341417313,5.493947674001484,497000000,0.12806511346355354,0.11939453120158662
2018-01-10,5.530041217803955,5.533502423071154,5.340168644990152,5.394559080839537,582664000,0.19333377808100138,0.12831245445619407
2018-01-11,5.539934158325195,5.594077534291679,5.51842468732009,5.562679101203703,406032000,0.0756528469715887,0.1275001707091965
2018-01-12,5.512736797332764,5.562430099746873,5.4721911707411985,5.528065131282328,359916000,0.09023892900567443,0.1297075815954556
2018-01-16,5.441783428192139,5.624733705324499,5.357230940283199,5.539192368368986,702348000,0.2675027650413,0.14104482181109068
2018-01-17,5.555756568908691,5.565645530782648,5.362422672309141,5.456369932105361,538408000,0.20322285847350674,0.14508877239031978
2018-01-18,5.548834323883057,5.6032247947391065,5.505321664265724,5.536472531719758,408632000,0.09790313047338284,0.14561856563069359
2018-01-19,5.68901252746582,5.713240974940806,5.612124223726254,5.639072123450914,609380000,0.1011167512145521,0.1489031749121308
2018-01-22,5.777520656585693,5.7792512599139485,5.639319013088401,5.6969235831092,550944000,0.1399322468255475,0.1501393181916017
2018-01-23,5.906577110290527,5.9293220556362005,5.812382272363345,5.8309242551128,475228000,0.11693978327285581,0.14966250962830538
2018-01-24,5.829687118530273,5.94563802891413,5.77406023855731,5.909789542758876,579972000,0.17157779035682008,0.1443470505228852
2018-01-25,5.8432841300964355,5.927342411315297,5.828450454456062,5.884076855995975,409884000,0.09889195685923458,0.1419453591956901
2018-01-26,6.015852451324463,6.016099545714782,5.874189559232004,5.88704554084129,516356000,0.1419099864827782,0.1417864123847528
2018-01-29,6.102876663208008,6.134028000623604,5.94860537164113,6.001265236057532,455116000,0.18542262898247408,0.14369361182173357
2018-01-30,6.000769138336182,6.092244487539131,5.894213020097887,5.960965263714578,570832000,0.19803146744124422,0.14869120853442577
2018-01-31,6.07691764831543,6.162706548735359,6.043541518292442,6.076175893663256,478576000,0.11916503044291726,0.14339344084599118
2018-02-01,5.9458842277526855,6.104111826017726,5.885560206427219,5.896932675059915,519224000,0.21855161959050662,0.15360049603305675
2018-02-02,5.773319244384766,5.883337075513033,5.715220470141936,5.859355716800514,718464000,0.16811660537109763,0.15916318720201555
2018-02-05,5.283308506011963,5.766148769523712,5.068218068311997,5.612124586215895,1165204000,0.6979307012117149,0.1899080397856166
2018-02-06,5.5770182609558105,5.579984807938679,5.043495325321507,5.053384758372647,1114800000,0.5364894826171724,0.2137127986530213
2018-02-07,5.656625747680664,5.809166896904459,5.604707641396188,5.67590995255354,802932000,0.20445925550827138,0.22132395044122763
2018-02-08,5.377748966217041,5.8153458548161865,5.377501400387581,5.78221730284882,1144000000,0.4378444544286051,0.24537592924223142
2018-02-09,5.737718105316162,5.906081798787461,5.377751115232891,5.890259270861358,1674604000,0.5283306835545707,0.27311867472287593
2018-02-12,5.6375885009765625,5.82177515436539,5.5634196509787,5.8188081362952095,1093172000,0.25835550338669044,0.2832197975881498
2018-02-13,5.751314640045166,5.797546742300246,5.568858588913541,5.601245864235173,625524000,0.22868815338670512,0.2872991092331416
2018-02-14,5.968632221221924,5.997558301288234,5.6998929894415715,5.711018368578287,744988000,0.29766531184666256,0.3014972060179579
2018-02-15,6.094223976135254,6.140456088711402,5.971103543738226,6.051947731374953,698900000,0.16935254497317587,0.303457388767272
2018-02-16,6.02846097946167,6.180754579916724,6.019313300468765,6.067028921992249,637656000,0.16144127944795894,0.3017444352290924
2018-02-20,6.158009052276611,6.226986100852342,6.047249480483804,6.050958253536445,686240000,0.179736620368538,0.30043766043818476
2018-02-21,5.970855236053467,6.229458332478876,5.967146934630271,6.222535918326724,892292000,0.26231139784860513,0.31066240096716247
2018-02-22,5.990397930145264,6.076487375000942,5.9248413831604765,6.004746328236906,534364000,0.15164599184046512,0.3058834275564452
2018-02-23,6.08390998840332,6.08390998840332,5.999552209456847,6.050265870358884,415300000,0.08435777894647334,0.29990065424040063
2018-02-26,6.099989891052246,6.134623471587733,6.037648974241224,6.130170650068477,469312000,0.0969744973465092,0.25697521110717164
2018-02-27,6.087124824523926,6.157629156097321,6.064118033668582,6.07327092296106,455436000,0.0935111224287386,0.22533389966514067
2018-02-28,5.986687183380127,6.137590956190693,5.975059927717954,6.098009592320996,523116000,0.16253102847273926,0.22233902630545982
2018-03-01,5.744499206542969,6.038391083821471,5.643319137357673,5.984461315186211,1040120000,0.3950719464637986,0.21928384716511648
2018-03-02,5.851615905761719,5.858048125781038,5.488209158236849,5.636886772044606,913428000,0.3698389675441893,0.2079630103072321
2018-03-05,5.829599380493164,5.869180750754734,5.677952895895069,5.801397548016186,620776000,0.1912278548596653,0.20316817826958747
2018-03-06,5.990645408630371,6.0099415960270575,5.871901309648214,5.914946033733068,636808000,0.13804028637884347,0.19669333062616876
2018-03-07,5.982728481292725,6.034926560855363,5.8864962197728055,5.887732930882715,581208000,0.14843034108255715,0.1860336898573041
2018-03-08,5.966402530670166,6.01018947484931,5.92212061882495,6.01018947484931,411912000,0.08806885602435965,0.1802277120752458
2018-03-09,6.069066524505615,6.08193002057617,5.997819969257524,6.013899575269276,505524000,0.08411005131864613,0.17470405292315203
2018-03-12,6.178657531738281,6.2588097329259025,6.102215936430128,6.110379835581523,605060000,0.1565937964957742,0.17305099407509747
2018-03-13,6.12794303894043,6.295916821795319,6.08662999670453,6.221454163516165,619772000,0.2092868250907891,0.16926352459239632
2018-03-14,6.153425216674805,6.198201627277066,6.091084294558158,6.170989256342004,505496000,0.10711733271890811,0.16608290608371368
2018-03-15,6.168267250061035,6.249408911960656,6.126211988070576,6.167030538758575,401952000,0.12319692389008008,0.16885713072254274
2018-03-16,6.196467876434326,6.215516340981511,6.1469909407026275,6.184593374110956,399456000,0.0685254002788831,0.16682505236056944
2018-03-19,5.961949825286865,6.168515077029109,5.862996397151445,6.139571500102066,713772000,0.3055186798776637,0.18196844932120695
2018-03-20,6.1742048263549805,6.213043980411077,5.964917968832188,5.964917968832188,554696000,0.24812601157888903,0.18808237668593192
2018-03-21,6.148972034454346,6.234072028773892,6.118543554879735,6.167772784495444,438688000,0.1155284738941571,0.16811498578810039
2018-03-22,5.982977867126465,6.132150476919721,5.945623138616527,6.085642384276189,551196000,0.18652733830319423,0.15502129798517217
2018-03-23,5.763301849365234,5.9990584426270175,5.752169557092655,5.996584547472304,735620000,0.2468888855343625,0.15899708589050768
2018-03-26,6.048039436340332,6.049276147790006,5.835784174299207,5.887734548434682,611424000,0.21349197349079851,0.1643864921127902
2018-03-27,5.578999042510986,6.184594527299858,5.438732578298572,6.128933082184735,1409000000,0.7458619490012861,0.20706017839269938
2018-03-28,5.475841999053955,5.674738369347159,5.368230148114585,5.54461468446432,945904000,0.3065082212325736,0.22266299019328611
2018-03-29,5.729161262512207,5.825888037042334,5.459760142890479,5.544117916720432,916628000,0.3661278941518544,0.24280712182422956
2018-04-02,5.468417644500732,5.804859693276539,5.380596527072272,5.658655996133383,922092000,0.4242631662042671,0.26192636251769336
2018-04-03,5.574794292449951,5.698486201262858,5.475840859769062,5.635403535381037,667432000,0.2226453414937959,0.26288054226076524
2018-04-04,5.596811294555664,5.607201368983579,5.294013289444341,5.318999012022968,789168000,0.31318807953923766,0.2775998813193602
2018-04-05,5.476583480834961,5.6683058593191,5.405089661716826,5.65519464058194,701240000,0.263216197602274,0.28760125801308833
2018-04-06,5.300197124481201,5.482024347827779,5.271005831846002,5.3739175715561425,662988000,0.21101851598177745,0.2977793377061522
2018-04-09,5.32889461517334,5.491178424649962,5.308856209958216,5.363280948847103,499524000,0.18232221469174625,0.2889795901928724
2018-04-10,5.638124465942383,5.665089116084822,5.502063088259853,5.559208970692893,761676000,0.16302602782496844,0.2829010199247352
2018-04-11,5.596811294555664,5.664594498095268,5.564156640111601,5.62328144829461,460244000,0.10043785798366756,0.2818231187882717
2018-04-12,5.803623199462891,5.821434956028327,5.645544980581532,5.689826888185787,593920000,0.17588997544679508,0.28106330715567174
2018-04-13,5.726934909820557,5.875612532985618,5.678695144028108,5.867201385591195,503036000,0.19691738895750976,0.2774939145430394
2018-04-16,5.726687908172607,5.760084779429793,5.632434547414362,5.733614624713608,350792000,0.1276502320154309,0.27136236158051313
2018-04-17,5.8763556480407715,5.897630767692855,5.7232251798296945,5.7788866380513895,447224000,0.17440558786316096,0.23054405007064707
2018-04-18,5.847410202026367,5.918656757203468,5.758352361940327,5.82588783955547,391364000,0.16030439526314133,0.22010091964425907
2018-04-19,5.666079521179199,5.766517398019447,5.610665780493406,5.733120521725171,471996000,0.15585161752604115,0.2050811855995581
2018-04-20,5.6579155921936035,5.741778411534169,5.6267453658111215,5.657420624475238,386200000,0.11503304572304707,0.18299331985089953
2018-04-23,5.538427352905273,5.726933549698966,5.512452173162509,5.675725405612807,427508000,0.21448137653645727,0.1824101794968039
2018-04-24,5.472129821777344,5.66014109311447,5.406820514175754,5.56415653050257,414596000,0.25332057893871607,0.17813392945390952
2018-04-25,5.359817028045654,5.481529990338182,5.20248102441101,5.442443119353928,588492000,0.27904896592717243,0.17926484147711655
2018-04-26,5.571578025817871,5.579741925606837,5.455555052577292,5.521606579103608,375824000,0.12418687302954456,0.17306258126624277
2018-04-27,5.599038600921631,5.697250303858932,5.556736079081176,5.677459614494893,400848000,0.140514224777756,0.17007629627238632
2018-04-30,5.563661575317383,5.665088895021589,5.544365857958718,5.615364698643373,327844000,0.12072303706287091,0.16705465407509365
2018-05-01,5.619076251983643,5.62179739472889,5.496868301597587,5.5554986178965695,253788000,0.1249290931313034,0.1688040280142105
2018-05-02,5.5985426902771,5.660140918146858,5.5723197857763305,5.615612232215377,268248000,0.0878211323705278,0.1625133963659057
2018-05-03,5.763795852661133,5.790018761582034,5.585184695643014,5.630456076595165,443144000,0.20483406593901954,0.16307887329315637
2018-05-04,5.913957595825195,5.917173706256831,5.717782409050456,5.73509920084051,400660000,0.1993912972063745,0.1682032350925095
2018-05-07,6.151941299438477,6.20908718880737,6.008705940020345,6.0186015200406935,687616000,0.2003812487870249,0.17005863944421407
2018-05-08,6.1944899559021,6.197211098158286,6.103204999372075,6.152186975524751,506616000,0.09400609878621147,0.16532304683871907
2018-05-09,6.327582836151123,6.329809482941717,6.1873163563701175,6.214528726301696,596760000,0.1424931265715994,0.1643688689134018
2018-05-10,6.435194492340088,6.444347382814036,6.362710752988787,6.380522509999874,994080000,0.08163662982524933,0.1619834106349877
2018-05-11,6.29665994644165,6.42678407310929,6.197954235801118,6.25336796809054,1214456000,0.2288298373081714,0.16300830069011013
2018-05-14,6.317193508148193,6.3946250532774735,6.293444965477421,6.334758021090902,523140000,0.10118008780005283,0.1521411227516342
2018-05-15,6.074757099151611,6.256337112175295,5.974319233008207,6.2536154975445495,963528000,0.2820178791670882,0.15235318798305672
2018-05-16,6.085888862609863,6.147982060929388,5.99930443766662,6.03616466563345,553828000,0.1486776232627678,0.1541025272854298
2018-05-17,6.12794303894043,6.221701411381892,6.071539383647874,6.08761946001451,519784000,0.15016202773401766,0.15479165606801995
2018-05-18,6.084157466888428,6.243225171930542,6.079209677381901,6.1798952592662815,483716000,0.16401549454864028,0.1578839744598606
2018-05-21,6.042102336883545,6.185337684971658,5.949333404843383,6.181627078681152,640624000,0.23600428012827468,0.1658179163882157
2018-05-22,6.004004955291748,6.080693801379532,5.943395716516996,6.055460831126614,518264000,0.13729808486253603,0.16935198442335914
2018-05-23,6.127525329589844,6.128763277877394,5.947070995802195,5.947813670346937,442956000,0.1816922820751996,0.16769899986165773
2018-05-24,6.1312384605407715,6.17356760620898,6.070592212062383,6.1238126590922075,437372000,0.10297539414659695,0.16081214964310217
2018-05-25,6.170598030090332,6.1869354572427975,6.108219020311304,6.143864101308028,292112000,0.07871643693149366,0.15212180593913566
2018-05-29,6.153517723083496,6.221590727398541,6.106733467308923,6.152527647552572,352684000,0.11485726008961805,0.15361117460366472
2018-05-30,6.262431621551514,6.271095369250389,6.162426949748016,6.187180716947163,390996000,0.10866841950237305,0.15119512409871996
2018-05-31,6.242629528045654,6.317138240251438,6.2198563802642335,6.230500279662674,493868000,0.09728185998720473,0.15231264053885965
2018-06-01,6.377042770385742,6.383231568042655,6.278770820286163,6.287434570439075,421968000,0.10446074775649183,0.1434291341423111
2018-06-04,6.556010723114014,6.578041194626373,6.379021915888453,6.411201484411799,642024000,0.1990192787379197,0.15041764778073016
2018-06-05,6.561456680297852,6.599082372375803,6.514424565200413,6.559228656896307,391712000,0.08465780717539051,0.13632049978132318
2018-06-06,6.5634379386901855,6.566656037878223,6.455016890957989,6.471354315577073,371356000,0.11163914692023447,0.13367489432828508
2018-06-07,6.507741928100586,6.571606271408705,6.417390591316016,6.559724423319073,369448000,0.1542156800926895,0.13396444092533308
2018-06-08,6.492395877838135,6.534971957839424,6.416154397475202,6.434967248687056,360456000,0.11881756036422253,0.13073601705501753
2018-06-11,6.4513044357299805,6.521357115279061,6.438432510227722,6.479771112335918,265372000,0.08292460505133903,0.11980175454952212
2018-06-12,6.499820709228516,6.5119499587248075,6.427540013865091,6.477790233917247,319160000,0.08440994485971665,0.11602403026360644
2018-06-13,6.495366096496582,6.57631055349467,6.486207071745903,6.5013070217214795,338208000,0.09010348174876714,0.1094819730974327
2018-06-14,6.607003211975098,6.663689148856311,6.5255635063348665,6.540416050873598,430016000,0.13812564252144455,0.11199270512420753
2018-06-15,6.566161155700684,6.621114357436662,6.518881629026692,6.549823730107257,432260000,0.10223272840996955,0.11367244022981295
2018-06-18,6.561954021453857,6.579528924871867,6.494871563162496,6.522100293417708,356268000,0.08465736170937088,0.11151530463122386
2018-06-19,6.440164566040039,6.526059860406424,6.312683273213872,6.458729541578607,594932000,0.2133765871925526,0.11899445946623669
2018-06-20,6.493136405944824,6.546108969555368,6.442886194997707,6.481254559408616,369780000,0.10322277455766038,0.11941881050698352
2018-06-21,6.364418029785156,6.543387009489068,6.356744355888867,6.525069435739338,359516000,0.1866426536002015,0.12528894663867707
2018-06-22,6.2119364738464355,6.398579640884511,6.196589594796939,6.38521244077224,434160000,0.20199004608757143,0.12550114430650933
2018-06-25,5.919098854064941,6.109206988803406,5.830480747780533,6.105494088684487,665816000,0.2787262410228726,0.1393631752956152
2018-06-26,5.990142345428467,6.080741085711662,5.938654650262679,6.03247148952847,478884000,0.14208643544898347,0.14153798161909728
2018-06-27,5.834936618804932,6.100048276676049,5.829490496596424,6.033708512012404,453892000,0.27055778007962505,0.1498481316181641
2018-06-28,5.9621710777282715,5.974052926434342,5.817361813848821,5.825035488132369,338012000,0.15669111258552082,0.15255338534825683
2018-06-29,5.864147663116455,6.03989858663541,5.862909714562639,6.027274533076319,392300000,0.17698887207277014,0.15927226156407334
2018-07-02,5.996331691741943,6.000044592668702,5.774043467145295,5.794589066932784,357572000,0.2260011255234069,0.1693859173257655
2018-07-03,5.862661838531494,6.036927870656044,5.854245488748233,6.03098694564074,222732000,0.18268238190781094,0.17599869590855435
2018-07-05,6.00846004486084,6.013410421310956,5.878998139877416,5.917861309809548,306216000,0.13441228143354067,0.17573345583084693
2018-07-06,6.122325897216797,6.1307422442461155,5.9626645929692605,5.983952861296701,296352000,0.16807765127685492,0.18043666460705302
2018-07-09,6.169855117797852,6.206243344240109,6.091138683897519,6.1965895176897225,303880000,0.11510466034259004,0.18261147165228295
2018-07-10,6.268869400024414,6.290899875958122,6.14188290579733,6.182231429035553,360016000,0.1490169701607913,0.1780143561500143
2018-07-11,6.1272783279418945,6.210698201105286,6.11663395495908,6.176043201019297,367508000,0.09406424614620601,0.17736017554919611
2018-07-12,6.218865871429443,6.266888063690376,6.162675203980663,6.1725769010871625,345508000,0.10421285970971361,0.17147233312844698
2018-07-13,6.171587944030762,6.237432924767739,6.129506664761962,6.237432924767739,246988000,0.10792626000577688,0.16475349126546165
2018-07-16,6.143862724304199,6.196835768283685,6.131486074320437,6.143862724304199,197036000,0.06534969396324808,0.14951230933263135
2018-07-17,6.279760837554932,6.294860786046719,6.069107066101221,6.0946035146802195,362136000,0.22575371994549798,0.15548854393952524
2018-07-18,6.2305006980896,6.286196567361284,6.179508276871868,6.272334568278364,277640000,0.10668829048941575,0.14378358039736744
2018-07-19,6.238668918609619,6.2723343117356976,6.1965881214798495,6.21168759608948,235752000,0.07574619025584806,0.13800180023096223
2018-07-20,6.210451602935791,6.275058635219856,6.199559827727253,6.236195455509406,222352000,0.07549880749260307,0.13075250990380743
2018-07-23,6.173813819885254,6.185695666484993,6.022073583183212,6.183962916861651,301584000,0.16362208330178163,0.1262968640308342
2018-07-24,6.156487464904785,6.308475130545054,6.138912092510818,6.221837161178626,354620000,0.16956303803423634,0.1253597680398646
2018-07-25,6.234708309173584,6.247332830971745,6.107969233912311,6.165893121577728,319112000,0.13936359705943424,0.12571343344171412
2018-07-26,6.3082275390625,6.345110563301713,6.197826339304394,6.214659037881903,325124000,0.14728422399731844,0.12422818863603295
2018-07-27,6.238422393798828,6.351794294310983,6.184459269042299,6.344863294079775,295420000,0.1673350252686836,0.1279589289878968
2018-07-30,6.043116092681885,6.258473322404388,6.00821321783401,6.252532397491154,340340000,0.25026010457037806,0.1351905814457244
2018-07-31,6.061187744140625,6.13594388935123,5.993857874914594,6.0327210610750805,283988000,0.14208601443663582,0.1386207077521837
2018-08-01,6.101038455963135,6.147823172474941,6.0371741144620295,6.09262257993178,283556000,0.11064905801291136,0.1390804362024121
2018-08-02,6.2037672996521,6.207727601359724,5.970835176504149,6.029748677586334,269668000,0.23689242485557482,0.1482923051202548
2018-08-03,6.2404022216796875,6.264165919607523,6.211440745986463,6.228272971902883,214288000,0.05272517362105944,0.14739055366724133
2018-08-06,6.288178443908691,6.291643944630566,6.181242723268498,6.227779582144843,207508000,0.11040122136206865,0.13915108948271065
2018-08-07,6.360457897186279,6.379023345740433,6.310208146674644,6.336942071538125,258132000,0.06881519906578859,0.1364458686667373
2018-08-08,6.396844863891602,6.441896830970049,6.326792197169073,6.361695066204969,262100000,0.1151046338009758,0.13925718606281784
2018-08-09,6.348329067230225,6.417391671686915,6.340655392052926,6.414668846070261,204280000,0.07673627963398921,0.13934557693005972
2018-08-10,6.306989669799805,6.339417116553359,6.255254573188358,6.266393747226047,256396000,0.08416254336500106,0.13366989550600397
2018-08-13,6.339911937713623,6.4607101025868205,6.31392068892518,6.31565343884441,375208000,0.1467894136616401,0.1320432080508185
2018-08-14,6.471354961395264,6.4854648357837945,6.36219122817637,6.445363708757196,466220000,0.12327360760742412,0.13089392308996065
2018-08-15,6.413182735443115,6.526059345309651,6.334465847841366,6.492146551694704,591136000,0.19159349746828536,0.1340588711950297
2018-08-16,6.372585773468018,6.48546284537794,6.312434337458264,6.482987421295123,801260000,0.1730285079196765,0.1344655485272435
2018-08-17,6.0601959228515625,6.261938543667501,6.033214125043516,6.261195869069054,1143188000,0.22872441862398496,0.13292728524535827
2018-08-20,6.134953022003174,6.267632591927562,5.90919926587753,6.019600955001107,854388000,0.3584333260500321,0.14838066464631514
2018-08-21,6.270601272583008,6.275056847309131,6.131485547982805,6.151288469540267,673988000,0.14357129932632517,0.15073225331155898
2018-08-22,6.505761623382568,6.510712472351774,6.23446161538752,6.237927115238175,749856000,0.27625085696425433,0.15354356989075038
2018-08-23,6.605271816253662,6.670621514774874,6.453284145386549,6.467146145419659,720684000,0.21733736938832493,0.1653015838741265
2018-08-24,6.738446235656738,6.753050909411109,6.609232195513568,6.613687770666964,531512000,0.14381871389754064,0.16768854762666022
2018-08-27,6.8295392990112305,6.903800138730226,6.736713013293034,6.768149910104254,505776000,0.16708712543719173,0.17470797093890328
2018-08-28,6.791914939880371,6.846373340370309,6.6718594356791865,6.823599715841663,475384000,0.17451390469112216,0.17895149028819946
2018-08-29,6.897423267364502,6.922438117772443,6.763432517648559,6.784236891564404,420108000,0.15900560012388443,0.18482787032319198
2018-08-30,6.880581378936768,6.977421393707401,6.843678179797916,6.866216251597537,346608000,0.13374321390948563,0.18836934679065515
2018-08-31,6.951661586761475,6.964540548943123,6.85061112275251,6.860518234767825,306592000,0.11392942619061319,0.18602220482843895
2018-09-04,7.026459217071533,7.064105017900618,6.910053002353439,6.938535243376741,391720000,0.15405201554717962,0.18822066253842148
2018-09-05,6.895689964294434,7.044293396147718,6.81470122856762,7.008876354328057,393156000,0.2295921675800976,0.1909348532606938
2018-09-06,6.7545166015625,6.881820107081899,6.721576340026129,6.879343328202863,322796000,0.16024376705577037,0.19002165748470048
2018-09-07,6.733215808868408,6.858785591335433,6.617552667541865,6.662381269786257,295420000,0.24123292379356798,0.1909151221396707
2018-09-10,6.804297924041748,6.834018794495546,6.711916398092858,6.755754386763955,220140000,0.12210239640268838,0.17403434145057473
2018-09-11,6.756498336791992,6.845660014829533,6.73717965041239,6.757984026207907,243112000,0.10848036441714282,0.17152784609991883
2018-09-12,6.642569541931152,6.736189714880415,6.487031307670231,6.716623490351396,419092000,0.24915840721018423,0.16959267111748527
2018-09-13,6.720338344573975,6.810986186168159,6.691113014471332,6.708449994634377,305536000,0.11987317169682665,0.16263094271094966
2018-09-14,6.846401691436768,6.912530209792336,6.773833927206966,6.810737122016542,386936000,0.1386962825853697,0.16226505476008032
2018-09-17,6.784484386444092,6.869931596503318,6.765166174324665,6.8208925129725895,205528000,0.10476542217865337,0.1578135045273276
2018-09-18,6.712411403656006,6.891230752083001,6.705724621217917,6.788447040596122,299520000,0.18550613086508427,0.15859866353975344
2018-09-19,6.736188888549805,6.754021412732932,6.643807352701748,6.6938370569624785,224860000,0.1102140600311845,0.15511355353313203
2018-09-20,6.595015525817871,6.656438032238799,6.541022883197873,6.614086202422878,430584000,0.11541514904092587,0.1538044060425206
2018-09-21,6.524924278259277,6.652475789122586,6.49173648139254,6.606904098173497,435128000,0.1607393077300463,0.15714796900962297
2018-09-24,6.580650806427002,6.584118202388503,6.406784991218473,6.493965434992196,293912000,0.17733321117003076,0.15881091155411234
2018-09-25,6.647768974304199,6.672783823248832,6.561083615661837,6.646778357375283,280388000,0.11170020758699462,0.1503900572688907
2018-09-26,6.610866546630859,6.693093902462129,6.595015729129467,6.652723305428943,268548000,0.09807817333266211,0.1459496577172401
2018-09-27,6.622753620147705,6.667334685328497,6.59129952736597,6.646034769591449,214428000,0.07603515796252758,0.13414981730073722
2018-09-28,6.960084438323975,6.982374975561883,6.726777350617428,6.754764526446273,709396000,0.25559762494445515,0.1436851907680063
2018-10-01,7.166640758514404,7.233511872733513,6.999214255901165,7.037851141119606,622060000,0.23429761683234762,0.15267213736909233
2018-10-02,7.095313549041748,7.250851286563945,7.073023012666199,7.1391515409273625,383964000,0.17782827389774614,0.14757712784677532
2018-10-03,7.101505279541016,7.173082437819138,6.997482933630596,7.165652101540807,320552000,0.17559950418854253,0.15155758016761217
2018-10-04,6.917235374450684,7.089614971378503,6.8402091352275765,7.065343207599121,391220000,0.2494058361509266,0.15946540542229481
2018-10-05,6.683681964874268,6.954635316062689,6.626221927892266,6.89246973027995,426636000,0.3284133881704223,0.1754402601359926
2018-10-08,6.582383155822754,6.715878345387611,6.441457631121017,6.600463212831702,408612000,0.27442071426659354,0.18179130180752898
2018-10-09,6.576688766479492,6.65643887878831,6.508826532243482,6.561828092193206,273500000,0.14761234654482802,0.18446260798707495
2018-10-10,6.085058212280273,6.516503319072675,6.082828969789823,6.47068362292545,684940000,0.4336743492828523,0.2071954080043554
2018-10-11,5.823515892028809,6.131372408899937,5.801968439552873,5.997876745600445,725436000,0.32940396934706406,0.2192428838341424
2018-10-12,6.106109619140625,6.18041155487176,5.935463695117018,6.080599698858484,608236000,0.24494785975474276,0.22407250159019323
2018-10-15,5.82970666885376,6.092734541035128,5.828716052130224,6.092734541035128,449760000,0.2640184889049042,0.23495237882718678
2018-10-16,6.088525295257568,6.099670562343093,5.893112053262091,5.942398670090558,408712000,0.2065585090810016,0.24270097423778245
2018-10-17,6.019920825958252,6.188833553271723,5.970881738492521,6.150691725866869,329668000,0.21795181477920256,0.25283787829611637
2018-10-18,5.932491779327393,6.127657492536262,5.8720598931390695,6.089268605216968,524020000,0.2555975993971922,0.2528378764713119
2018-10-19,5.675903797149658,6.007289040294297,5.639496142249984,5.987723291616021,613608000,0.36779289804431325,0.262373253700738
2018-10-22,5.726675510406494,5.82822105628428,5.6238918116069945,5.728161671830268,368844000,0.20432924467728597,0.2642661801849909
2018-10-23,5.475041389465332,5.5525627131488395,5.367303651916718,5.459437637880404,626436000,0.18525906123212188,0.2649561485452465
2018-10-24,4.938830852508545,5.483214283431702,4.924961271134348,5.436651982419131,884288000,0.5582530122973548,0.28701666112713425
2018-10-25,5.147619247436523,5.194924635184144,4.796915311699883,4.841248848377289,951720000,0.39800932348426077,0.291987799363837
2018-10-26,4.911092281341553,5.073317273653669,4.783045701934126,4.911587353651875,664784000,0.29027157171954254,0.2931200034676191
2018-10-29,4.597291469573975,5.0557326727108505,4.359278374475803,5.052265277008594,758016000,0.6964542982350475,0.33232300001692044
2018-10-30,5.027744770050049,5.037651883419425,4.597290803449994,4.620324416876345,807192000,0.4403610799694313,0.3328006236373904
2018-10-31,5.221673011779785,5.265263466149252,5.052760296346371,5.192447684767903,745772000,0.21250316980288098,0.3244505665270916
2018-11-01,5.401978492736816,5.411390062676877,5.1315202155299104,5.258080628831698,566528000,0.2798698471469665,0.3269449941979647
2018-11-02,5.322970867156982,5.4983228235564425,5.2063170990310255,5.392566786769668,452960000,0.29200572452541707,0.32894408245657275
2018-11-05,5.2449541091918945,5.3331256339925455,5.084214812320023,5.309844009169884,379332000,0.24891082167252243,0.3319692476416814
2018-11-06,5.227370262145996,5.32123796466394,5.190219050063657,5.237029369432599,299012000,0.1310189146002827,0.32575975477175856
2018-11-07,5.29498291015625,5.384640108997582,5.230340557305503,5.293992293344317,483812000,0.15429955169207865,0.318524179935679
2018-11-08,5.101799488067627,5.236532837110258,5.048301922821317,5.2357897563210765,511352000,0.18823091428894134,0.30569832395315244
2018-11-09,5.093874454498291,5.184274758919661,4.979202378116688,5.012885720975398,413240000,0.20507238080297263,0.3057514051049872
2018-11-12,4.6943793296813965,5.024526441101933,4.672583864639357,5.002483439892698,617116000,0.35194257646257565,0.31765737047859105
2018-11-13,4.9363555908203125,5.057714937530893,4.7860184470364615,4.792210631250156,644712000,0.27169649049443123,0.29718904749266795
2018-11-14,4.883847236633301,5.123841523086037,4.775862444353351,5.109476398130589,526580000,0.34797907873268663,0.29361545858184124
2018-11-15,5.012637615203857,5.0847103143793335,4.841991205166018,4.8779037866819195,840708000,0.24271910921331585,0.29021885411711074
2018-11-16,4.072474002838135,4.2267735763869965,4.002630075136236,4.044982374724914,1963520000,0.22414350125076066,0.2564823686182331
2018-11-19,3.5838165283203125,4.007831039907984,3.582082830610161,4.007088431515515,1697820000,0.4257482092978231,0.2554385921416897
2018-11-20,3.6922967433929443,3.8205908417452976,3.301717810750668,3.3202931764366403,1692032000,0.5188730309946297,0.277322153655386
2018-11-21,3.58406400680542,3.846348846272988,3.556820152341425,3.829507177902595,1025496000,0.2895286939315631,0.2780120712828572
2018-11-23,3.5912468433380127,3.7049282906441006,3.5365113579164085,3.5493903234507402,411968000,0.1684169327276921,0.26918430044016256
2018-11-26,3.790623188018799,3.80102537531958,3.6298838847705808,3.712358774710127,814832000,0.1711414905489992,0.26362934821705375
2018-11-27,3.807464122772217,3.8887006076438215,3.7287044161695295,3.7646167562745307,738060000,0.159996191474292,0.2656991537080544
2018-11-28,3.9644887447357178,3.9696898380597876,3.79260418410694,3.925108768197922,804524000,0.1770856539528478,0.2673267324409665
2018-11-29,3.901268720626831,4.003907480015778,3.8710225481507523,3.9667195785409217,549172000,0.1328849318650258,0.26337344798211537
2018-11-30,4.051756381988525,4.062416759669402,3.8606098614678235,3.9109376350113156,729564000,0.20180689820157838,0.2631401992248729
2018-12-03,4.215631008148193,4.33066604579233,4.148692504186223,4.279098647735979,890804000,0.1819735416061068,0.2509995538779823
2018-12-04,3.895070791244507,4.175963975872411,3.8799474686671274,4.171005462941813,812112000,0.2960165072052834,0.25273669792875747
2018-12-06,3.924325942993164,3.929284220231112,3.7388817401689804,3.754500632655693,692308000,0.19040248006213156,0.2414812265951464
2018-12-07,3.659546136856079,3.938704088168201,3.6102102165746732,3.9285392798873207,681676000,0.32849387159352794,0.24760799533659011
2018-12-10,3.7649128437042236,3.789704936670523,3.6109544618116325,3.614673346687054,629472000,0.1787504748588904,0.24436563630859937
2018-12-11,3.6739261150360107,3.864824369981192,3.5948395836679783,3.8566430128201854,671912000,0.26998478631321365,0.23323967752398442
2018-12-12,3.691528797149658,3.7877216394771915,3.590377441451514,3.6796285542081364,654136000,0.19734419802567738,0.2102733323119164
2018-12-13,3.691281318664551,3.802597501249005,3.655333037191331,3.7383862568590724,471384000,0.1472644640576739,0.2001116016066386
2018-12-14,3.630788564682007,3.733427336423378,3.6072360981481406,3.64963030147416,471820000,0.12619123827523726,0.1970954805743204
2018-12-17,3.559635639190674,3.672935034789407,3.5016223027691153,3.6007904537781372,662868000,0.17131273202029185,0.19710771210798414
2018-12-18,3.6429367065429688,3.7269815279542295,3.576246210263398,3.603517326389618,564372000,0.15073531769083148,0.19644622112345125
2018-12-19,3.433938980102539,3.6627691634678947,3.3823715881965577,3.60921831939827,745364000,0.280397575271337,0.2038256440747719
2018-12-20,3.3493993282318115,3.515505750691875,3.2896505634525437,3.4255108095773554,749588000,0.2258551872393313,0.21046637660150802
2018-12-21,3.212299108505249,3.4088997064269937,3.184779975743349,3.375926256584158,863740000,0.22411973068364466,0.21206015035022704
2018-12-24,3.150566816329956,3.2224635934299255,3.086603375606788,3.135939535281879,463840000,0.1358602178231374,0.20876634150858636
2018-12-26,3.299816131591797,3.3008077399642617,3.0856131184297144,3.19668129493561,695100000,0.21519462153454727,0.20299334967496235
2018-12-27,3.251966714859009,3.2819651082807484,3.103462632882509,3.2475042416371585,637044000,0.17850247539823938,0.2021433493418272
2018-12-28,3.3134500980377197,3.406172296168736,3.230644924953131,3.2725433154607684,628728000,0.17552737121560513,0.19121717074340414
2018-12-31,3.3097314834594727,3.3893135769195952,3.278989272949244,3.35683617073061,465140000,0.11032430397035142,0.1863295871085085
2019-01-02,3.377166271209717,3.4331961511819213,3.224199719565695,3.238827003762373,508752000,0.20899643161622627,0.18197327605872368
2019-01-03,3.173128366470337,3.350887027376785,3.165690831876521,3.316921962937244,705552000,0.1851961955002639,0.18110556159262273
2019-01-04,3.376422643661499,3.414602157842806,3.215522519387608,3.2462644996476775,585620000,0.19907963845519783,0.18480664547816014
2019-01-07,3.555172920227051,3.592113042695753,3.3823725513844485,3.433692174155903,709160000,0.20974049131130457,0.19077444926645068
2019-01-08,3.466665506362915,3.6389700768577153,3.394024887412629,3.6367386038009384,786016000,0.24494518944508625,0.19603391051107885
2019-01-09,3.534843683242798,3.582196402548422,3.4674093612937327,3.517984925429318,617260000,0.11478704125468919,0.19346617647992584
2019-01-10,3.600541830062866,3.6092189915794513,3.4550128275092074,3.5155054107654147,523156000,0.1542061640702439,0.18445250425127632
2019-01-11,3.689793825149536,3.712602469343439,3.5504627029914637,3.578229624739714,874764000,0.16213976635197547,0.17990140275932234
2019-01-14,3.729707956314087,3.754995851950746,3.6139293281542297,3.6374817915626334,730168000,0.1410665237965163,0.17396903083881315
2019-01-15,3.7155771255493164,3.8018531789337877,3.6972309567970747,3.762433800893337,617012000,0.10462222213671302,0.17173774543264
2019-01-16,3.6900413036346436,3.7758215552106362,3.6845872224196863,3.7428483383631446,470104000,0.09123433279094995,0.16288343909381162
2019-01-17,3.761442184448242,3.8013573664582143,3.6297966317500565,3.6570679827890755,493436000,0.1715607347081578,0.1623876004730915
2019-01-18,3.8906078338623047,3.9166395522157176,3.759706127220853,3.811273523518369,651336000,0.15693342499486462,0.16105946145732433
2019-01-22,3.688305139541626,3.8720138699469357,3.6580589693013676,3.8603616490696266,661552000,0.2139549006455681,0.16846164693412552
2019-01-23,3.7011971473693848,3.8323468793519804,3.6699593678437332,3.7435915807133604,591020000,0.16238751150824715,0.16513243835498415
2019-01-24,3.9131696224212646,3.930771731673405,3.7810282560710893,3.785738749605239,708972000,0.1497434756023157,0.16260010121941643
2019-01-25,3.9704387187957764,3.9885368677664954,3.7510296946117756,3.853668466718467,1154572000,0.2375071731547198,0.16534492512652513
2019-01-28,3.421544075012207,3.5115390206214054,3.247752326096619,3.3853477751296337,2511528000,0.26378669452478665,0.16920536821320242
2019-01-29,3.262627124786377,3.4237752648008613,3.2479998411710214,3.375430704579049,1153932000,0.1757754236298399,0.16426467065497055
2019-01-30,3.406172752380371,3.420552015040799,3.2591560991776434,3.338738438929054,974228000,0.16139591586315571,0.1675938759841467
2019-01-31,3.563850164413452,3.599550659300803,3.3811330006037914,3.4029500353779913,842852000,0.21841765869701169,0.17218041131463013
2019-02-01,3.588146209716797,3.6392178132657,3.5348436060100865,3.582444108105326,625048000,0.10437420725561353,0.16805429995060428
2019-02-04,3.698470115661621,3.7356580160683075,3.5819476651871502,3.6040124797901867,528592000,0.15371035088115725,0.16895743045665007
2019-02-05,3.717560052871704,3.754252151089736,3.676653265836587,3.710370303503436,542424000,0.07759888525314906,0.16702719210782407
2019-02-06,3.7931759357452393,3.8576351905941415,3.7453274168733373,3.7507814978286778,702464000,0.11230777372080425,0.16853243788852795
2019-02-07,3.654836893081665,3.7490465303665164,3.611946882233914,3.7468152936594596,637120000,0.13709964813260234,0.1660709317045597
2019-02-08,3.6734304428100586,3.684090820375833,3.5732707008321247,3.5876499632171868,461604000,0.11082011954370818,0.16277712417233423
2019-02-11,3.630788564682007,3.6835953627593336,3.5824440032246034,3.629300916040426,495180000,0.1011513595347302,0.15471972837870296
2019-02-12,3.747807025909424,3.763426156245649,3.6548370140372284,3.6692165158429617,591060000,0.10858914220842042,0.15087698771442962
2019-02-13,3.790200710296631,3.863337123882127,3.76367318522158,3.7773088598871563,605372000,0.09966393866054668,0.1472998779328747
2019-02-14,3.8311078548431396,3.8593708148593726,3.74607119097593,3.7892094553256914,827264000,0.11329962388344272,0.13842791012778347
2019-02-15,3.9007728099823,4.062664281657298,3.8779641711377293,4.039855879247633,1516748000,0.18470011051956892,0.13277886841312506
2019-02-19,3.8834192752838135,3.9639934749094197,3.871023462819844,3.890113222077128,551892000,0.09297001208957578,0.12686419616024905
2019-02-20,3.930771827697754,3.9979581308316945,3.9015174940275297,3.912673677475732,540988000,0.09644063680416481,0.12222453337032113
2019-02-21,3.861849784851074,3.9679594207848594,3.847222500961773,3.9434155827157973,448548000,0.12073691982308654,0.11524733773646934
2019-02-22,3.946638584136963,3.965480557983859,3.9000296900398594,3.913665366339842,401740000,0.06545086794399957,0.11246709921421119
2019-02-25,3.9342429637908936,4.097622121326246,3.92556556435629,4.030188033766175,656020000,0.17205655696995636,0.11377754250626827
2019-02-26,3.8948230743408203,3.9855618346970005,3.8613538187575283,3.9295319582533,488464000,0.12420801593947228,0.11710676612671993
2019-02-27,3.8529245853424072,3.9069710078849105,3.795902865732788,3.8804437188639986,500256000,0.11106814215212246,0.11701822101467123
2019-02-28,3.8283560276031494,3.8690569455378117,3.806020426433088,3.846721107689097,324944000,0.06303651910472352,0.1117279975126799
2019-03-01,3.8827056884765625,3.9248953043997576,3.819917224583058,3.87823838003678,357188000,0.10497807981669949,0.1113107089607507
2019-03-04,3.890895366668701,3.9440048579909295,3.8343111970243102,3.921172711470891,409992000,0.10969366096661926,0.11192087334874277
2019-03-05,3.8844430446624756,3.9226619051650116,3.820909987702736,3.8752603882977406,362924000,0.10175191746227563,0.11143250015258957
2019-03-06,3.773508310317993,3.883946327742124,3.770778459449249,3.875508499293919,403524000,0.11316786829287517,0.11239706655489876
2019-03-07,3.7042672634124756,3.759610528159688,3.658106654602032,3.7499315572195844,450104000,0.10150387355765567,0.11155451296019968
2019-03-08,3.738515615463257,3.749187216448156,3.5935809834350056,3.614924185404804,422416000,0.15560623301315024,0.10947637885259834
2019-03-11,3.9990992546081543,4.021931161073357,3.7149382526152483,3.762091720346126,859728000,0.30699290845810845,0.12476372859320782
2019-03-12,4.0333476066589355,4.0797560105295965,3.950704899840637,4.0268948026120075,579576000,0.12905111068895936,0.12709304815640743
2019-03-13,4.18473482131958,4.2140195355244705,4.063376932112146,4.07082236691848,768900000,0.15064260341232494,0.1292291684127816
2019-03-14,4.10879373550415,4.205830546710866,4.101100260514064,4.193918038767685,519384000,0.10473028619680136,0.1320348411451246
2019-03-15,4.214268684387207,4.256954619660461,4.148501850393394,4.151976292489557,661484000,0.1084527692670667,0.12749171345206103
2019-03-18,4.192924499511719,4.299640022774137,4.165873086640226,4.245785709520786,486992000,0.13376693613391133,0.12817449346594953
2019-03-19,4.360692024230957,4.405115656151409,4.270604564374885,4.28748022396908,854972000,0.13451109177652398,0.1298489898676925
2019-03-20,4.328179836273193,4.443084902958336,4.293434952548478,4.389727145118287,719148000,0.1496499504098585,0.136035663532345
2019-03-21,4.564939975738525,4.591246802463729,4.346297702344163,4.35126132600661,824312000,0.24494910011956605,0.14603359355397832
2019-03-22,4.405116081237793,4.586284121959003,4.391218310810665,4.5376419254640545,747644000,0.19506581114833832,0.15213160428124398
2019-03-25,4.3127946853637695,4.4286924300929424,4.246531765619962,4.364415244165796,525212000,0.1821606644729803,0.15787508621058002
2019-03-26,4.389481544494629,4.510590969831538,4.333145392551135,4.454503330498076,703508000,0.17744557728040355,0.16246635113826063
2019-03-27,4.380298614501953,4.461451940703796,4.310809759458087,4.4150435153812095,474372000,0.1506421812457086,0.16597623025883584
2019-03-28,4.398910999298096,4.464677357822436,4.345801266084862,4.406355961632342,480264000,0.1188760917375733,0.16335264873915176
2019-03-29,4.456239700317383,4.480561269794919,4.415290983655715,4.46567039704771,456896000,0.06527028613920383,0.1460867471449443
2019-04-01,4.523744583129883,4.55402193919096,4.476343051641361,4.548065683678922,483824000,0.07767888754959884,0.14241730263498997
2019-04-02,4.541612148284912,4.586035781574947,4.504882464098707,4.547816915410112,440920000,0.08115331747623955,0.13745378221098387
2019-04-03,4.681087493896484,4.740153495580749,4.5862844334520165,4.591248058472342,783504000,0.15386906212873264,0.14096369477755039
2019-04-04,4.672152996063232,4.71459089807257,4.609364517015921,4.665700189350782,457376000,0.10522638105664939,0.1407332384768063
2019-04-05,4.738910675048828,4.75628335646995,4.678852537650183,4.715334174584486,481744000,0.07743081881976721,0.13670923009722458
2019-04-08,4.7597575187683105,4.784823199412123,4.6843119643382805,4.708385015059141,424192000,0.10051123507384219,0.13428066890417586
2019-04-09,4.696969032287598,4.73742165988351,4.654779183997821,4.726253744943358,439972000,0.08264247588568896,0.12949442072387804
2019-04-10,4.767451763153076,4.793262041313991,4.691758623185401,4.696225695683008,444772000,0.10150341812858965,0.11924830058166545
2019-04-11,4.753554344177246,4.801452422506862,4.704167557143568,4.769933926780318,374600000,0.09728486536329406,0.11226394731130515
2019-04-12,4.715582370758057,4.796239594720298,4.706896266436853,4.792268601306097,471708000,0.08934332828344438,0.10563413758348116
2019-04-15,4.583802223205566,4.712853622392226,4.544094173203101,4.707889997802594,440092000,0.16875944918912467,0.10501369986267552
2019-04-16,4.670909404754639,4.68977078984003,4.59025267662998,4.623011824755754,394964000,0.09951811321005,0.10136198071727133
2019-04-17,4.648078918457031,4.726750411102566,4.625743085798759,4.705903760183431,351004000,0.10100732530380707,0.1000856402577166
2019-04-18,4.623508930206299,4.68877920186459,4.595713397949867,4.654779377351941,380988000,0.09306580391472341,0.10207103438453943
2019-04-22,4.677364349365234,4.692999339943308,4.568415493736092,4.599933514100925,279936000,0.12458384620721574,0.10542138857436921
2019-04-23,4.731961250305176,4.763231694598922,4.680837261945063,4.690515994850624,346856000,0.08239443265385837,0.10551003965848484
2019-04-24,4.74437141418457,4.785072088397006,4.681582945174319,4.742385680628854,318204000,0.10348914322268676,0.1019114740223387
2019-04-25,4.63864803314209,4.7265021784394925,4.558983913717464,4.704166346695598,499296000,0.16751826472202858,0.1063608942841515
2019-04-26,4.4197587966918945,4.4892481277504,4.300882674144726,4.484780581163319,868988000,0.18836545360567403,0.11428479676885914
2019-04-29,4.45053243637085,4.4783279777788305,4.355480867887423,4.427700046387642,391920000,0.12284710989140724,0.1158802163986852
2019-04-30,4.491977214813232,4.517538980248465,4.399159429705511,4.418268862320098,362920000,0.11837955054295346,0.11843286458848981
2019-05-01,4.478823184967041,4.58653134894412,4.478574672452426,4.544341497677258,354280000,0.10795667649169349,0.1188938116144258
2019-05-02,4.546326160430908,4.588019454548744,4.445318853830836,4.4885013294120535,394684000,0.1427006007179079,0.12213779271118394
2019-05-03,4.541861534118652,4.564693453180276,4.480313716312365,4.554766675914419,336824000,0.08437973686791089,0.12178325046721726
2019-05-06,4.463438034057617,4.4755985846694255,4.318255071130515,4.355481314095267,422176000,0.15734351353891007,0.12096782649220193
2019-05-07,4.296165943145752,4.415042020907966,4.248019839387,4.415042020907966,555220000,0.1670221815209656,0.12578954565726733
2019-05-08,4.3162689208984375,4.396429606729053,4.256706849757391,4.268619358657053,419168000,0.13972275697166214,0.1285549336335427
2019-05-09,4.223698616027832,4.256954326196563,4.104823002024501,4.247275591504085,660248000,0.15213132417206232,0.13277389936620976
2019-05-10,4.189700126647949,4.258444868219589,4.070079410199714,4.192926530361781,569500000,0.1883654580198746,0.13732972878139968
2019-05-13,3.932340383529663,4.08074944505167,3.91645712128113,4.0576690241252305,656912000,0.16429232377054026,0.14317957814687696
2019-05-14,4.02143669128418,4.056677668277631,3.933334248800551,3.972049431634826,524880000,0.12334341947707994,0.14459774073647647
2019-05-15,3.960383892059326,3.996865524304276,3.906529817304894,3.96584359293273,502320000,0.0903357069993822,0.13908470089914457
2019-05-16,3.9755237102508545,4.018210122322126,3.912487432379167,3.9549253318826563,781088000,0.10572268994295841,0.13318164635180776
2019-05-17,3.884690999984741,4.06288110796303,3.845231234428484,3.9335816975546996,1022068000,0.2176498735345458,0.13995327232631766
2019-05-20,3.766063928604126,3.841012954273963,3.7412462795256283,3.785917953195467,572064000,0.09976667474833478,0.1386237811981306
2019-05-21,3.8482093811035156,3.864092646059629,3.788150999978203,3.82686641393149,361848000,0.0759416460814264,0.13633699331168295
2019-05-22,3.777231216430664,3.835552374346456,3.766311339053399,3.8094940601751244,325868000,0.06924103529305681,0.13108988149562215
2019-05-23,3.6561219692230225,3.714939448237951,3.5963116233667836,3.714939448237951,591844000,0.11862782487116741,0.13353617349585475
2019-05-24,3.6022675037384033,3.7102237147782917,3.5955666591393607,3.6749827441966216,357584000,0.11465705563893103,0.1304871407887134
2019-05-28,3.5570998191833496,3.6526474524105756,3.555114322219888,3.619888290924512,428356000,0.09753313019068743,0.12552363712226497
2019-05-29,3.4828944206237793,3.5444417325252546,3.4481497718522216,3.5094490446264937,559800000,0.09629196067303303,0.1224214373866486
2019-05-30,3.456310510635376,3.5219036202131853,3.4180477843987265,3.4861255389026726,394300000,0.10385583581445879,0.11897318821824834
2019-05-31,3.3656229972839355,3.4746964495150117,3.3638837931577723,3.407364133260645,389720000,0.11081265635723936,0.11343370238520298
2019-06-03,3.3238821029663086,3.415563277116883,3.294563955112986,3.376803667722783,478644000,0.12099932200389674,0.11034134511615701
2019-06-04,3.55295991897583,3.5581775296066076,3.3658704291198838,3.3879831937382323,641836000,0.19230710048672384,0.11526732233113157
2019-06-05,3.510225534439087,3.632218832975695,3.473950577102758,3.6267526623672257,511616000,0.15826825587293714,0.12011964725067122
2019-06-06,3.572340488433838,3.596937902553327,3.5119649958724777,3.514449640599399,408140000,0.08497290668084911,0.11863751987480627
2019-06-07,3.6150755882263184,3.6493627870032497,3.5591722634338714,3.5783037445811052,348856000,0.09019052356937829,0.10953328059158
2019-06-10,3.6878738403320312,3.7564484705340457,3.6712270050970766,3.6712270050970766,402780000,0.08522146543696918,0.10849433706933961
2019-06-11,3.745515823364258,3.785517746959614,3.706011018229893,3.7477519086437514,383872000,0.07950672872972131,0.1087489858299321
2019-06-12,3.6324667930603027,3.708246785474572,3.6173108419671935,3.7020351747323326,358892000,0.09093594350737844,0.11029862213095508
2019-06-13,3.683649778366089,3.702035579496407,3.6369393608824816,3.6545799582012313,308080000,0.06509621861392523,0.10647493596972349
2019-06-14,3.593708038330078,3.614827045911955,3.5489856152351678,3.5904781895451867,394428000,0.06584143067678738,0.10298810561528467
2019-06-17,3.603398084640503,3.6404184879933794,3.56911064850605,3.5919688602794255,276040000,0.07130783948732944,0.1011148705650448
2019-06-18,3.7984375953674316,3.853843793364638,3.653834650270297,3.664766754332175,581920000,0.20000914309434092,0.10852324073799537
2019-06-19,3.80440092086792,3.84514805098579,3.7783126256635913,3.8337190645925183,331644000,0.06683542532219855,0.10587892570283393
2019-06-20,3.8287503719329834,3.9090025592862334,3.8143398570720115,3.8950889260482198,350168000,0.0946627022142219,0.10472535754976124
2019-06-21,3.7706100940704346,3.8630369263040083,3.7641501605527314,3.813842102657364,434428000,0.09888676575127686,0.10314588924600268
2019-06-24,3.79297137260437,3.822538073043303,3.744770312586503,3.7919776095984568,282948000,0.07776776045680034,0.09496450781529386
2019-06-25,3.76365327835083,3.8729752666224133,3.7609203115760996,3.797940708918767,311868000,0.11205495504631369,0.09166355775624933
2019-06-26,3.956953763961792,4.018074922362196,3.878192484455307,3.8911123501776355,584072000,0.13988243790688903,0.0955856671295379
2019-06-27,4.055592060089111,4.074723299938851,4.00664556249485,4.042672194049393,445440000,0.06807773744400158,0.0940061824062967
2019-06-28,4.080437183380127,4.108761553891615,4.033727017510942,4.099568419264093,397668000,0.07503453638067281,0.09327854461656125
2019-07-01,4.128640174865723,4.32194109801543,4.0911226520561925,4.2876536610419675,709756000,0.23081844595923773,0.10408652441866957
2019-07-02,4.0307464599609375,4.13311163470817,4.017578270454573,4.111992393143728,400228000,0.11553336425359717,0.10584348304339948
2019-07-03,4.043667793273926,4.059817751631844,3.9837894022296467,4.05410301974892,246636000,0.07602834940219694,0.10662434952827603
2019-07-05,3.9810545444488525,3.9897505623829805,3.9176973007602807,3.98527839228792,396552000,0.07205326162269987,0.10706805173869835
2019-07-08,3.906020164489746,3.9403075952902618,3.875956818917564,3.921424676121789,329788000,0.06435077637269782,0.1065711186590818
2019-07-09,3.9085047245025635,3.936580543417663,3.8511107644435345,3.863782072059623,342860000,0.08546977897412855,0.09838973550763806
2019-07-10,3.9768316745758057,4.03422540705508,3.938072067724618,3.951985699840806,452076000,0.09615333933046166,0.100483872222514
2019-07-11,4.13137149810791,4.1721186166409785,4.012608075389789,4.049876787144393,682560000,0.15951054125118969,0.10511586072515455
2019-07-12,4.164417266845703,4.235476772905067,4.159199655544953,4.159199655544953,506392000,0.07627711736011467,0.10350088584007154
2019-07-15,4.155969619750977,4.201686036695759,4.127645714579826,4.185536558037907,289840000,0.07404032211593314,0.10323464024429531
2019-07-16,4.151249885559082,4.178331710359048,4.095594880286139,4.141062983256248,341444000,0.08273683007290877,0.10114048846048067
2019-07-17,4.2165937423706055,4.2235505572545105,4.123670030538481,4.152988171519929,348204000,0.09988052671602965,0.098283209089705
2019-07-18,4.228271961212158,4.291132104887023,4.170381107496015,4.227029875671264,442192000,0.12075099739100814,0.10204558480020547
2019-07-19,4.185040473937988,4.272994921990984,4.179077420349852,4.266535223710774,344896000,0.09391750164113155,0.10339436803309539
2019-07-22,4.256596088409424,4.2695159571838275,4.198953560500736,4.206407494988965,315940000,0.0705623966830915,0.0919475073705135
2019-07-23,4.364427089691162,4.366414615941003,4.280199385711847,4.295852695096325,428176000,0.08621523022915589,0.08985335494019628
2019-07-24,4.43896484375,4.444679574485205,4.331630836479247,4.407659170612291,366236000,0.11304873800595772,0.09249766841189347
2019-07-25,4.307779788970947,4.410145007950954,4.284424688964967,4.397473457536817,392700000,0.12572031898598635,0.09633102965212822
2019-07-26,4.349767684936523,4.396477865521099,4.334860291406818,4.334860291406818,274160000,0.06161757411428148,0.0961358009193842
2019-07-29,4.343557357788086,4.359707314446263,4.255354586781505,4.342563594499486,248160000,0.10435272766475823,0.09748458296871489
2019-07-30,4.359210014343262,4.371384443442507,4.282684557536129,4.297095309364815,197772000,0.08869988590637767,0.09695219343842318
2019-07-31,4.191997528076172,4.328650175850589,4.149759505876463,4.327655938614953,359416000,0.17889066997412595,0.09833648834720433
2019-08-01,4.097583293914795,4.2928717658812525,4.045406691590111,4.202432669376725,421212000,0.24746507429114128,0.11056419955656338
2019-08-02,4.00490665435791,4.074226956016899,3.9574512715726557,4.00490665435791,428348000,0.11677568444424313,0.11361672543715695
2019-08-05,3.7465102672576904,3.822538597461443,3.6995515230292635,3.8212962750592467,589156000,0.12298707443217971,0.1164917428913906
2019-08-06,3.7852694988250732,3.8667639972502372,3.7375655524461435,3.8212961363345754,361272000,0.1291984448040937,0.11858587989768088
2019-08-07,3.8235318660736084,3.8354579700331706,3.707004741035037,3.7243967785187824,372560000,0.12845322899813372,0.11913603929818985
2019-08-08,3.9321084022521973,3.9333507244902846,3.8237804147476293,3.8811743752343184,309300000,0.10957030974265525,0.12025409701972725
2019-08-09,3.830737352371216,3.8945912483711345,3.7803002052439703,3.8911128407726174,341816000,0.1142910431271642,0.12337757176573245
2019-08-12,3.7629079818725586,3.8307371636508005,3.741043537367064,3.7785608152947523,279200000,0.08969362628373645,0.12362602862677392
2019-08-13,3.877199172973633,3.923164151825202,3.7224095529757264,3.7614174793234634,351956000,0.20075459884947566,0.12989073297273948
2019-08-14,3.728621006011963,3.8001771631502885,3.6848923486268808,3.7889964987881273,419880000,0.11528481452340777,0.129145339796841
2019-08-15,3.6963207721710205,3.7673800369263013,3.662033580446361,3.747503355965887,477200000,0.10534645647994045,0.13226883139438808
2019-08-16,3.9644086360931396,4.0136032294484005,3.897821528919343,3.9591910241168424,1007960000,0.11578170052905756,0.1330851865989809
2019-08-19,4.243179798126221,4.259081432867054,4.061556638508778,4.07770659560408,815112000,0.19752479435827652,0.1408583943455451
2019-08-20,4.170876979827881,4.238209274788241,4.149757740762352,4.237712156381874,463188000,0.08845153402588934,0.1343984560635282
2019-08-21,4.254360198974609,4.309518087668793,4.215352266366833,4.23696815729583,427244000,0.09416582130196005,0.12344850942144382
2019-08-22,4.260571002960205,4.306535740958399,4.22131428375063,4.264049410442258,303488000,0.08522145720776919,0.12119463604740997
2019-08-23,4.035964012145996,4.238458036425113,4.01608733008714,4.184045601517838,568056000,0.22237070633797362,0.1282934668978238
2019-08-26,4.110750675201416,4.138826734402694,4.072488188579572,4.114726201585745,318208000,0.06633854582312182,0.12380347411346869
2019-08-27,4.020061492919922,4.1517442891967775,3.990743361282103,4.149011323348731,290968000,0.16100092791467446,0.12612830975036446
2019-08-28,4.009617328643799,4.062342701369023,3.9544048518582726,3.993700431897789,255612000,0.1079378495107508,0.12601170544808557
2019-08-29,4.153368949890137,4.185700354271746,4.097658861975754,4.101140712822491,357976000,0.08804149229599201,0.12413673753157327
2019-08-30,4.166052341461182,4.249368663599318,4.147896909535147,4.199627533275065,290616000,0.1014717540641712,0.12497803237303289
2019-09-03,4.082985877990723,4.12626045181507,4.060105276036855,4.093182863925962,296140000,0.06615517577821528,0.11536378786794287
2019-09-04,4.197140693664551,4.204602005993086,4.14366914122656,4.14366914122656,227728000,0.06093286476652615,0.11148150574245132
2019-09-05,4.470218658447266,4.47643618128141,4.297617530169217,4.299358455537441,695676000,0.1788186511121932,0.11672951964475509
2019-09-06,4.443109035491943,4.503792848168668,4.405057249946579,4.446839453881401,376976000,0.09873559822208922,0.11551194090854307
2019-09-09,4.489121437072754,4.575671075327241,4.472706924115883,4.47419928193926,417524000,0.10296415121135816,0.10875760925519175
2019-09-10,4.555774688720703,4.582385715032894,4.446593012919558,4.45629238999192,352812000,0.13579270211333583,0.11213912126143792
2019-09-11,4.584373950958252,4.632622724271211,4.54134795366165,4.5704465482479675,361512000,0.09127477060956046,0.11193261764055225
2019-09-12,4.582880973815918,4.68559602927739,4.5749225268246,4.63088117254975,327840000,0.11067350245278984,0.11375062087233943
2019-09-13,4.524933338165283,4.553285753443613,4.481161163295235,4.516228711680695,324592000,0.0721245901483778,0.10301875543022544
2019-09-16,4.481907367706299,4.516477305763135,4.439378981727246,4.449824533568888,231832000,0.07709832403588912,0.10378731101685168
2019-09-17,4.503297328948975,4.507525359346143,4.442115883815484,4.488623743817637,223048000,0.06540947553065912,0.09695935013227916
2019-09-18,4.476187705993652,4.512001438992079,4.389638562797423,4.49633310869276,258152000,0.12236287619465624,0.09798970918112955
2019-09-19,4.400580406188965,4.500559787844312,4.389885813377005,4.482155316257779,245476000,0.11067397446730709,0.0996063150505092
2019-09-20,4.294880390167236,4.423212175913857,4.284683882773966,4.399585404863072,350244000,0.138528293139891,0.1022532106987749
2019-09-23,4.348353862762451,4.393866974515341,4.291400449627056,4.295131343617743,249712000,0.10246652488828545,0.10484687849235133
2019-09-24,4.2909040451049805,4.409287489986878,4.255339345439847,4.379691747358096,317268000,0.15394814454703099,0.11149082704810168
2019-09-25,4.432663917541504,4.452311706754026,4.245637779443651,4.290404701956607,308432000,0.2066739273103746,0.11348048963368607
2019-09-26,4.4105305671691895,4.431670721024697,4.359546104109924,4.422966091309706,234564000,0.07212461691477312,0.11157970525459206
2019-09-27,4.271751880645752,4.419482431562982,4.2110675912707505,4.368746557430835,362056000,0.20841484029223167,0.1191118973317973
2019-09-30,4.329203128814697,4.339400113814063,4.266280767666534,4.297617901367833,186184000,0.07311934614752946,0.11463522904852542
2019-10-01,4.327462673187256,4.501556192683491,4.322737506709411,4.352333243739101,366008000,0.1788186859740799,0.12088836586027682
2019-10-02,4.303586959838867,4.317514364321629,4.231213790658827,4.305576453517365,293372000,0.0863005736628022,0.1191474423752777
2019-10-03,4.509265422821045,4.515482945969058,4.277721388425438,4.3080632998556965,450588000,0.23776155754362005,0.13097865433208072
2019-10-04,4.525679588317871,4.555026750748866,4.446342727647082,4.511503143271314,265524000,0.10868402310178471,0.1332347756939304
2019-10-07,4.584373950958252,4.684104305808644,4.581886846993333,4.590591473687261,480984000,0.10221745881531064,0.1358639173571198
2019-10-08,4.4077935218811035,4.492601730338929,4.3896380892183835,4.492601730338929,444436000,0.1029636411205459,0.13447825770896907
2019-10-09,4.49434232711792,4.543834887746248,4.455793403019347,4.48464295407397,292412000,0.08804148472690176,0.1328616512989401
2019-10-10,4.552042007446289,4.603026452067715,4.4868815922346394,4.492104368174887,309124000,0.11614485983307521,0.13126283463416755
2019-10-11,4.625658988952637,4.708974836516087,4.617202930407315,4.636104540908654,446404000,0.09177190610877162,0.1304989332927737
2019-10-14,4.639089584350586,4.659980691880222,4.585866594282239,4.616954687448954,200040000,0.07411409759798282,0.12479650136784169
2019-10-15,4.883814811706543,4.956437025337233,4.715441689664922,4.729369568891344,664124000,0.24099533567231113,0.12724803053655145
2019-10-16,4.830093860626221,4.954695253064103,4.818653562070151,4.8497416495673775,428944000,0.13604169099395236,0.13181353582792138
2019-10-17,4.832084655761719,4.9196285467818335,4.777617876928295,4.874613049096965,263436000,0.14201066985353883,0.1270703807965862
2019-10-18,4.737574100494385,4.865159687878365,4.663211474641145,4.832579254681211,307440000,0.20194821323722056,0.1362724427315641
2019-10-21,4.874861240386963,4.8882915079634115,4.780104611767795,4.799006223870478,261868000,0.10818689619561628,0.13122731489024528
2019-10-22,4.864912986755371,5.0370165038770205,4.857203106670978,4.931814329150137,328720000,0.1798133972060425,0.13790680228619104
2019-10-23,4.851982116699219,4.866158092904088,4.751007934161913,4.782842212944292,279916000,0.11515015874217571,0.12914884522894501
2019-10-24,4.896000862121582,4.92957557871951,4.859192388663499,4.893264715786042,232020000,0.07038319005601146,0.1264130714399612
2019-10-25,5.087006568908691,5.107897674755416,4.968871729518342,4.976581610157008,423092000,0.13902594523707457,0.12904224904151576
2019-10-28,5.142965316772461,5.195441650413245,5.101431198094903,5.130778363782464,330792000,0.09401045231834182,0.12840273555564405
2019-10-29,5.046716690063477,5.135504372192702,5.027317939867172,5.1290378058828265,211236000,0.10818643232552994,0.12984166038411749
2019-10-30,5.048705101013184,5.079296051625831,4.980559973078376,5.073575665299105,205960000,0.09873607854745536,0.12859817600657322
2019-10-31,4.999462127685547,5.048705651103125,4.919628124688844,5.027814545598688,209732000,0.1290775264142816,0.1312628631712525
2019-11-01,5.038508892059326,5.070840295500885,4.939026628988037,4.964145762847227,283640000,0.13181366651284776,0.1353842609508857
2019-11-04,5.23523473739624,5.24767025937287,5.096457822450334,5.119586992030212,376716000,0.1512124369225365,0.12897119675447324
2019-11-05,5.213099956512451,5.261099692380898,5.1650997462773764,5.234985809574233,300868000,0.0959999461035217,0.12611107211944247
2019-11-06,5.163856506347656,5.214591915289873,5.07631214409579,5.188975642702698,269012000,0.13827977119408263,0.12584457935805274
2019-11-07,5.181514739990234,5.265079647165269,5.136747808490513,5.250406062923324,280340000,0.12833183867475562,0.12058626688930525
2019-11-08,5.1675872802734375,5.1991729847474,5.127048379340189,5.164603039575898,189100000,0.0721246054072111,0.11801038897584773
2019-11-11,5.177535057067871,5.200664224118962,5.080539893721595,5.166840461900579,243436000,0.12012433039736692,0.11374688420379948
2019-11-12,5.213099956512451,5.269058615645752,5.180768075961376,5.215835628849345,283504000,0.08829053968437606,0.11182833998538522
2019-11-13,5.187235355377197,5.209369779596259,5.120831133986629,5.181763535584075,300188000,0.08853864560963043,0.11312515823921514
2019-11-14,5.2175750732421875,5.21981360871871,5.13624873309255,5.19618636247699,518080000,0.08356487562616,0.10916365326700696
2019-11-15,5.07830286026001,5.2670695000893515,4.990012306286344,5.215338862328644,1053628000,0.27705719380300753,0.12223842051591165
2019-11-18,5.279503345489502,5.306114360371391,5.067855694970093,5.070839934954084,574588000,0.23825866540129859,0.131529294307038
2019-11-19,5.172808647155762,5.272041857389542,5.114611937301557,5.248415083283038,414564000,0.15742992008798495,0.13572171155993296
2019-11-20,5.252144813537598,5.335958254138734,5.137243291643561,5.149927376813404,472588000,0.19871496249517318,0.1406958141371395
2019-11-21,5.227275848388672,5.3033794338927756,5.205638563772144,5.247669818095416,288388000,0.09774087012063148,0.1382620429662669
2019-11-22,5.244933605194092,5.296415186005282,5.221306355043956,5.249907338687189,224100000,0.0751088309613257,0.1328260711118947
2019-11-25,5.501596450805664,5.506570658391442,5.360083423246124,5.37301607834922,506476000,0.14648723514531792,0.13643230604345158
2019-11-26,5.396892547607422,5.488664459135034,5.390425982090966,5.483938819047379,385244000,0.09823847704406763,0.1335722136041648
2019-11-27,5.431736946105957,5.476785657980302,5.405355042614716,5.442439433136044,215784000,0.07143061536558548,0.12950784051065264
2019-11-29,5.394402503967285,5.4292466981869465,5.370509070950065,5.400873839874675,141556000,0.058737627236881806,0.12855162778420054
2019-12-02,5.207986354827881,5.400875125146189,5.192804441469207,5.387434947196444,372036000,0.2080706836769819,0.1348335101613159
2019-12-03,5.1684136390686035,5.172395562482075,4.986974080154775,5.024307223097743,465232000,0.1854214823272997,0.14177143463581046
2019-12-04,5.212216854095459,5.2744389077986815,5.1835947663579685,5.252038930488194,273424000,0.09084414144071307,0.1419361129094592
2019-12-05,5.195292949676514,5.249799436817116,5.164679424539357,5.234119546988307,184884000,0.08512001227775912,0.14204719409885916
2019-12-06,5.280663013458252,5.313516737348054,5.2545298549607935,5.264485615178935,232236000,0.05898688238726013,0.12647074328344862
2019-12-09,5.280663013458252,5.335418745224478,5.249054471670881,5.257765524503367,211880000,0.08636427355359722,0.11562114386575566
2019-12-10,5.325710296630859,5.3774790918331785,5.258012385749654,5.3107766616725405,256388000,0.11946670608352417,0.11290948572257989
2019-12-11,5.409337043762207,5.414812900478476,5.333675277744945,5.336164217212946,233796000,0.08113762273353142,0.10451110431103405
2019-12-12,5.576838970184326,5.595007801220223,5.3715064467402796,5.380466249132867,404348000,0.2235013544799438,0.11349399605098494
2019-12-13,5.574848175048828,5.69904355345229,5.520839183395513,5.579826054178629,454704000,0.17820437005677725,0.12085796312923147
2019-12-16,5.6037187576293945,5.6761453290181985,5.594260977611441,5.622385566135441,320976000,0.08188435140675754,0.11624347143362002
2019-12-17,5.681869983673096,5.70451871570871,5.612927832005348,5.622385612100623,321196000,0.0915908837033621,0.11576864333785533
2019-12-18,5.712234973907471,5.772714833611327,5.708252575334013,5.71671487560466,343548000,0.064462258277314,0.11527090354583594
2019-12-19,5.86032247543335,5.87376265328227,5.741851713065646,5.746829591877591,445360000,0.13191094021662408,0.12049756875867468
2019-12-20,5.957637786865234,5.983024208500768,5.907611198148669,5.926775508813562,603044000,0.07541301035209891,0.11102202066404018
2019-12-23,5.943949222564697,6.018366756693051,5.933247210027286,5.986260244364152,355060000,0.08511954666576482,0.10385759668821626
2019-12-24,5.938971519470215,5.9561448701186555,5.894171556859793,5.928518258156674,138864000,0.06197331325886246,0.10179539467522693
2019-12-26,5.953158378601074,5.981282493413734,5.923540330405871,5.94245589111793,182852000,0.05774216300786339,0.09983983401309152
2019-12-27,5.895415306091309,5.981779548382364,5.869032930836672,5.968339371896367,254644000,0.11274661754569149,0.10367981509583661
2019-12-30,5.782172203063965,5.878740970463417,5.7508124187002325,5.873514339736128,258056000,0.1279285517631843,0.10664869211080712
2019-12-31,5.856339931488037,5.865797710341713,5.7276646736081585,5.7468289828147485,231004000,0.1381330367335547,0.10798200144295216
2020-01-02,5.9710774421691895,5.9710774421691895,5.8916825092904785,5.94220660064208,237536000,0.07939493287871091,0.10785752359617927
2020-01-03,5.875504016876221,5.9193084896201915,5.826472914547734,5.851361830304913,205384000,0.09283557507245721,0.09852425363850166
2020-01-06,5.900144100189209,5.905370730122537,5.756038175046519,5.78217132471316,262636000,0.14933255507601828,0.09646198113987602
2020-01-07,5.971575736999512,6.017371178391975,5.883469274492818,5.928517986580422,314856000,0.13390190389915713,0.10017752060361884
2020-01-08,5.982773780822754,6.024089307661958,5.927271825956355,5.967342646120171,277108000,0.09681748170560311,0.10055084903235034
2020-01-09,6.048482418060303,6.120908991813925,5.9947226534222215,6.069140188913055,255112000,0.12618633839170368,0.10495971189766388
2020-01-10,6.080836772918701,6.18611657317149,6.06665034190896,6.155752274996009,316296000,0.11946623126253009,0.10407080411522861
2020-01-13,6.271487236022949,6.296624912002817,6.14131847945188,6.163967690236453,319840000,0.1553064325509368,0.10977747712943131
2020-01-14,6.1545090675354,6.254064276830669,6.141317640332306,6.228677378026615,359088000,0.11274663649836292,0.1117508406889026
2020-01-15,6.111948013305664,6.1896012087473915,6.086063614825088,6.167201230265484,263104000,0.10353759392230355,0.11471971787914839
2020-01-16,6.195574760437012,6.201548119865506,6.142063751814368,6.165459211777373,284192000,0.05948436805113744,0.11484416109652511
2020-01-17,6.204285621643066,6.222205699382475,6.156747973897517,6.214738881645233,253792000,0.06545772548495865,0.11146638309218705
2020-01-21,6.170935153961182,6.2045351231948365,6.1368372069696315,6.167699485326466,217916000,0.06769791622520493,0.10716419483947424
2020-01-22,6.224943161010742,6.311556154821581,6.197316553531429,6.216232111329572,239240000,0.11423960129015143,0.10545752087923115
2020-01-23,6.2933878898620605,6.301850188800662,6.176161835918426,6.265015025340445,244516000,0.12568835288223656,0.10876419373662584
2020-01-24,6.234152793884277,6.458650095394929,6.179895054374351,6.408872256910902,373512000,0.27875504102057747,0.122044155590063
2020-01-27,5.978294849395752,6.029316912870455,5.779930728037973,5.929512498753077,470536000,0.2493861848324821,0.1291908434298104
2020-01-28,6.171681880950928,6.204037143136165,5.990988586548067,6.044250844374252,310976000,0.21304855658809796,0.13484417576473476
2020-01-29,6.11120080947876,6.193333892915198,6.071378262472821,6.157244991554016,258848000,0.12195563044237634,0.13663975781736143
2020-01-30,6.117921352386475,6.131361529317974,5.958384287501794,6.013388278054281,290504000,0.1729772418161808,0.13998196520482406
2020-01-31,5.884464263916016,6.084072633373489,5.842651224069046,6.072125914926748,370420000,0.24142140930444267,0.14869304935067498
2020-02-03,5.981531143188477,6.000944205107071,5.860073468931658,5.8662955798175345,255564000,0.14087073617541357,0.14766192818099474
2020-02-04,6.150774955749512,6.169939741532912,6.073370982195707,6.123397571961286,271544000,0.0965687593372051,0.14650636552662633
2020-02-05,6.241121292114258,6.281938851591867,6.157743488432498,6.271734343043309,208220000,0.12419536315936863,0.14798192047213096
2020-02-06,6.327983379364014,6.327983379364014,6.194330704477738,6.275468324748292,218284000,0.1336526748862754,0.15327965667464083
2020-02-07,6.261778831481934,6.3100632069700815,6.236391936795416,6.287911980673991,189752000,0.07367127017466579,0.15386633843819134
2020-02-10,6.545013904571533,6.545760159094966,6.279449833018814,6.284427711474743,529608000,0.2663103260761517,0.1680529391418304
2020-02-11,6.667465686798096,6.782203253813362,6.591305960564864,6.653279257290554,638556000,0.19089729324849802,0.1735284885674266
2020-02-12,6.783201217651367,6.789672556088112,6.68140581078922,6.7202324172595,374644000,0.10826674529889235,0.17228408802575915
2020-02-13,6.739395618438721,6.806595557928401,6.697831327462878,6.725209186080892,528016000,0.10876423046552297,0.16014188727182668
2020-02-14,7.2125325202941895,7.3414565446723685,7.118203946999055,7.149563729349154,1041924000,0.22325259767331396,0.15827520247474322
2020-02-18,7.381279468536377,7.399697527489978,7.089831416264805,7.109244481444673,620164000,0.3098661112251726,0.16519074209167714
2020-02-19,7.832513332366943,7.850184660782708,7.503732155214372,7.503732155214372,694332000,0.34645250556833584,0.18122623317210282
2020-02-20,7.6831793785095215,7.872831981192019,7.37580228217202,7.784476779114279,810052000,0.4970296990199987,0.2043728372580898
2020-02-21,7.31905460357666,7.596067364268382,7.234183832974162,7.570929699874237,768180000,0.3618835312942199,0.21297727454307389
2020-02-24,6.801617622375488,7.015412909789479,6.670204661652405,6.724711152192472,856916000,0.34520824813707396,0.22757281111176392
2020-02-25,6.5221147537231445,6.938753514884966,6.42031938911532,6.876780221196361,1055496000,0.5184341257696463,0.257706051571224
2020-02-26,6.66149377822876,6.8556267817629495,6.520872260486998,6.522365244375088,747732000,0.3347545212759515,0.2727459914366942
2020-02-27,6.290677070617676,6.649290620071094,6.198284236261924,6.347955488412159,906416000,0.4510063838091698,0.29541411350261526
2020-02-28,6.725745677947998,6.785265631071536,6.021468903542134,6.038154250442662,1133252000,0.7637967275294022,0.34470878902795354
2020-03-02,6.884131908416748,6.913020490869271,6.49986787674665,6.895836871565735,890744000,0.4131526141226214,0.3551975238884157
2020-03-03,6.621647834777832,6.999686077057141,6.5362280041934895,6.939917228179043,652792000,0.46345807286365126,0.37466615100378375
2020-03-04,7.085354328155518,7.094817764212099,6.654270899500302,6.7289823117891885,597408000,0.4405468647117967,0.39840044524756263
2020-03-05,6.805934906005859,7.052730474037817,6.761357053076483,6.885875600923197,540328000,0.29137342096133434,0.4114439588544063
2020-03-06,6.625383377075195,6.683907250630591,6.425157325422228,6.626379453327108,515412000,0.25874992520836315,0.413979482249767
2020-03-09,6.112368583679199,6.460024457445293,5.931567636290861,5.974401775823266,614160000,0.5284568211544318,0.4295931043875712
2020-03-10,6.501860618591309,6.501860618591309,6.126063912354889,6.388797656327091,580648000,0.3757967062364198,0.4316891187210058
2020-03-11,6.138017654418945,6.390292375183355,6.040893330926484,6.361902064085401,499964000,0.34939904425687107,0.42114407195221093
2020-03-12,5.386922836303711,5.880265190226763,5.374221793181292,5.614791586437089,816540000,0.5060433970454712,0.43144120522015744
2020-03-13,5.997808933258057,6.002291513290289,5.469103414722863,5.740304494178519,634836000,0.5331880985674262,0.44486833739375403
2020-03-16,4.891087532043457,5.630727877877242,4.831318696774143,5.289795809090351,726972000,0.7994091811030994,0.4649379842032864
2020-03-17,5.410828590393066,5.500233193091708,4.7566084388934895,5.003403997386374,833632000,0.7436247541982182,0.4941430008405912
2020-03-18,5.050970077514648,5.228284456212011,4.499602269107652,4.983232149697851,874268000,0.7286821871043587,0.5139769867902475
2020-03-19,5.303743362426758,5.397381175638423,4.816128672882115,5.029553080920315,765512000,0.5812525027563078,0.5009381135921693
2020-03-20,5.123939037322998,5.735822960901085,5.10849866717156,5.45391294297646,804636000,0.6273242937295249,0.5162360907069482
2020-03-23,5.296769618988037,5.391155078470453,4.943884109658483,5.122941742356388,643876000,0.4472709688119698,0.515079868988971
2020-03-24,6.205506324768066,6.292171604857981,5.679291186682041,5.70294954037005,1101644000,0.6128804181759406,0.5273894085221241
2020-03-25,6.116848945617676,6.5202887570171155,6.068037414793704,6.320561003595748,793432000,0.4522513422234118,0.5388806886122725
2020-03-26,6.406230449676514,6.530250721317108,6.22592736148756,6.324047752504339,696108000,0.3043233598295476,0.542135933942357
2020-03-27,6.293914794921875,6.5526642311293,6.193054598613622,6.225927488151051,638828000,0.3596096325156779,0.5300754204681604
2020-03-30,6.614175796508789,6.62339033184806,6.3153311111868184,6.3594106856467905,602252000,0.30805922066124136,0.5252370286413619
2020-03-31,6.56461763381958,6.8584814665930685,6.418930693842656,6.654270660343303,949960000,0.43955077275041265,0.531676437819472
2020-04-01,6.0533447265625,6.513067390574506,6.00876734687262,6.366633735921976,656912000,0.5043000437018854,0.5315519125806445
2020-04-02,6.362151145935059,6.37534998710841,6.034418319343871,6.082482203239504,675764000,0.3409316677645391,0.5178193103804383
2020-04-03,6.074263572692871,6.366134774325188,5.936795093852247,6.32454562778288,663212000,0.4293396804729408,0.4913857746211412
2020-04-06,6.684155464172363,6.721013131709734,6.298894869543771,6.356422660936497,727884000,0.42211826216596293,0.4684210251902658
2020-04-07,6.450808525085449,6.929458092806241,6.407725019484068,6.905799262273358,784520000,0.5217330733221734,0.45363894563439544
2020-04-08,6.648044586181641,6.672948388475926,6.489905987863526,6.5598854395602135,542444000,0.18304240061239963,0.42519536690983056
2020-04-09,6.548430919647217,6.796720857250795,6.485424465320429,6.7738096784050175,525564000,0.31129639193036596,0.4026219453527478
2020-04-13,6.720266819000244,6.728983080179184,6.400254158571719,6.488662221958455,398408000,0.3287289216074649,0.3941546562667117
2020-04-14,7.071407318115234,7.105525178182163,6.820875910614703,6.84851903902679,530948000,0.28464926756746056,0.37070957408039173
2020-04-15,6.993957996368408,7.076887398298058,6.85798385424075,6.903308409949775,366148000,0.21890354405730772,0.3540418742113843
2020-04-16,7.339122772216797,7.446208795471153,7.136157888607355,7.149356728799016,745620000,0.31005090686379866,0.3544509847138308
2020-04-17,7.279852867126465,7.442722969423419,7.145870875710724,7.421305667821515,539120000,0.29685209371269483,0.34996830337076057
2020-04-20,7.148609638214111,7.309238675011775,7.104281161663931,7.153341593716966,449388000,0.20495751334784362,0.34260389570551786
2020-04-21,6.711799621582031,7.091830043239888,6.6520307684707305,7.030567313176255,735160000,0.4397992747691575,0.34262164584971394
2020-04-22,7.12619686126709,7.169031464681237,6.858482252430744,6.904055709260202,483356000,0.3105492122504927,0.32878230074604303
2020-04-23,7.072903633117676,7.300274570202206,7.0477509235936,7.168285189036379,424160000,0.2525236466086067,0.32246744209204786
2020-04-24,7.211864948272705,7.21385710057877,6.9879805641097965,7.0626919755938395,352328000,0.22587653646897365,0.3079343603774788
2020-04-27,7.3983941078186035,7.558275973158622,7.321690541502693,7.346345445854458,479388000,0.2365854316559295,0.2946820153410478
2020-04-28,7.25594425201416,7.575707960165228,7.250465595877795,7.545823301692941,442904000,0.3252423642874325,0.28064696469570916
2020-04-29,7.432762622833252,7.485558469737009,7.315465963084503,7.390675190513507,379160000,0.1700925066525052,0.27972197227000245
2020-04-30,7.278855323791504,7.4327602339325765,7.2649093092804025,7.378718952701565,375916000,0.167850924652174,0.26947586746441726
2020-05-01,7.042270660400391,7.194681234845582,6.993957405102291,7.081369380151772,342096000,0.20072382974329095,0.2603326466169763
2020-05-04,7.2542009353637695,7.267898050583051,6.994953247305761,6.994953247305761,317556000,0.27294480327728987,0.25949661345339264
2020-05-05,7.315217018127441,7.477838238612764,7.254202710402939,7.358300526540982,368896000,0.22363552820982502,0.2598346123214296
2020-05-06,7.416075706481934,7.520920683811323,7.356805134500558,7.3946588804721864,323464000,0.16411554931076555,0.24941065821049868
2020-05-07,7.5923943519592285,7.6556497065405225,7.503986290733421,7.5552877802756075,373732000,0.15166341580710174,0.23904003836009918
2020-05-08,7.782408714294434,7.7886345462657625,7.630247043912532,7.664116006837052,339216000,0.1583875023532304,0.2357136090033411
2020-05-11,8.034435272216797,8.081254179162244,7.748789399788098,7.777428609621731,469060000,0.33246477937414554,0.22804685933226881
2020-05-12,7.7724480628967285,8.141022875859981,7.762735725697156,8.09221181454888,493060000,0.37828715016282555,0.232885283468864
2020-05-13,7.750034332275391,8.047384199025768,7.5654975701834575,7.887004539698094,625852000,0.48188662884231004,0.24926835362841424
2020-05-14,7.999570846557617,8.005049503643653,7.657891504633286,7.811547553370342,602312000,0.34715799901036704,0.25793131523851376
2020-05-15,8.458046913146973,8.467758774357401,7.843672178972516,7.859361447082682,987660000,0.6240865953848855,0.28560996979058206
2020-05-18,8.716547966003418,8.882157876251767,8.647066777794294,8.726758578966196,774460000,0.2350910984574739,0.27917059365987074
2020-05-19,8.771585464477539,9.052498925226844,8.728999759788941,8.756393994968642,717320000,0.32349916543790336,0.29012821214454204
2020-05-20,8.93545150756836,9.008170295929782,8.854514259220592,8.956370532987304,587536000,0.15365603670919015,0.28911429157718604
2020-05-21,8.741450309753418,9.01763174915092,8.70384547034908,9.016636148107677,761068000,0.3137862788018406,0.2971901807956539
2020-05-22,8.991483688354492,9.057977113329207,8.679689536790752,8.79125766258948,1038764000,0.3782875765384546,0.3047146646000228
2020-05-26,8.684172630310059,9.14638620409018,8.638599173736333,9.121481923174644,770780000,0.5077870303538479,0.32501120046745297
2020-05-27,8.492413520812988,8.59949858645233,7.965948602292473,8.591778878115948,1175892000,0.633549984159858,0.35854223152810244
2020-05-28,8.454310417175293,8.72675644648104,8.346974557136903,8.379847440837468,734896000,0.37978188934413737,0.3748364082093193
2020-05-29,8.841313362121582,8.841313362121582,8.45231740901086,8.521549680755234,745256000,0.3889959531107223,0.391308440406283
2020-06-01,8.772331237792969,8.806698478293196,8.656031150738611,8.799227669489188,389876000,0.15066732755458467,0.3783229081334572
2020-06-02,8.791258811950684,8.803212676992109,8.624653302312682,8.762371175601668,391320000,0.17855937467942695,0.3640566384560716
2020-06-03,8.735724449157715,8.832102079332936,8.666492155647125,8.788271870132402,365440000,0.1656099236858104,0.34146544523060735
2020-06-04,8.736720085144043,8.912868885632555,8.64802172457108,8.698350089058458,424280000,0.2648471610614749,0.3355860996628293
2020-06-05,8.889699935913086,8.9664380418545,8.678420180221178,8.764626517663563,481748000,0.2880178616333229,0.31158119010914626
2020-06-08,8.775090217590332,8.859551551083284,8.656245006553949,8.847094202962607,387736000,0.20330654452933494,0.3093108648285649
2020-06-09,9.01527214050293,9.078805861080788,8.72152408273164,8.770108413045627,468488000,0.3572817783491473,0.31172390860793947
2020-06-10,9.334930419921875,9.46772799834327,9.12240468175973,9.136607026501476,632180000,0.34532331658353854,0.32541442859896436
2020-06-11,8.76637077331543,9.229790438271351,8.756155499817682,9.11891841421048,583652000,0.4736349384536691,0.3368321900026664
2020-06-12,8.902154922485352,9.156039751688114,8.673683762718444,9.13137407424321,570908000,0.4823559889696707,0.34426564803346754
2020-06-15,9.142586708068848,9.151057932425964,8.714047113327261,8.785305003482147,400004000,0.43701081909870254,0.33921020437238575
2020-06-16,9.037694931030273,9.235272266881237,8.808725684298462,9.193664132376961,535716000,0.426546582582775,0.32442424711687984
2020-06-17,9.20462417602539,9.267409883163971,9.03943674835207,9.082789870444397,408304000,0.22797313481190074,0.3135807646502915
2020-06-18,9.186687469482422,9.250968222748897,9.083538687223703,9.195656722193018,254408000,0.16742953552519424,0.29775459196561094
2020-06-19,9.229787826538086,9.41291375503679,9.195903884184563,9.211102283168469,524160000,0.21700987085222678,0.30249334505829967
2020-06-22,9.494386672973633,9.498871773981955,9.241747842834549,9.268407534142762,398468000,0.2571239311474063,0.30810509909172673
2020-06-23,9.417899131774902,9.609745343124262,9.375543956112791,9.518555877885476,375108000,0.23420138701147053,0.3130044893292739
2020-06-24,9.204130172729492,9.524039932995835,9.113438716774155,9.444061780103016,449372000,0.41060121622168033,0.3234154932692886
2020-06-25,9.457761764526367,9.472711150928301,9.15105745767166,9.32396813027202,376072000,0.32165369325664095,0.32581805267095415
2020-06-26,9.123900413513184,9.467728722723272,9.094002588931565,9.467728722723272,592084000,0.37372613379170794,0.33799088047540937
2020-06-29,9.16874885559082,9.173233957575357,8.869767718362187,9.138602013071738,342248000,0.3034662392131704,0.33414691339426816
2020-06-30,9.465486526489258,9.49388931691423,9.23502227034489,9.282360571198074,367892000,0.258867046569339,0.32797146553611106
2020-07-01,9.497624397277832,9.543219591160486,9.381022242501066,9.48840613314034,326648000,0.16219734865942037,0.3057259234079504
2020-07-02,9.579597473144531,9.704421861503496,9.545712575907153,9.60625621550432,364056000,0.158709285596343,0.282608301738427
2020-07-06,9.805826187133789,9.875090068802235,9.679506757953977,9.70865754167774,315892000,0.1955833108482583,0.26536347972053814
2020-07-07,9.838216781616211,10.035793168745375,9.81728820722433,9.912463798097562,357800000,0.21850496152104526,0.25050336393041456
2020-07-08,10.181294441223145,10.190264642534341,9.931645698056236,9.959799470385146,365480000,0.25861894447810485,0.2526923503351434
2020-07-09,10.473299026489258,10.534091670213655,10.198734648692174,10.344986563450181,494548000,0.3353570215214816,0.26468717076344966
2020-07-10,10.44365119934082,10.619052957502204,10.343492498515767,10.55277915164797,497676000,0.2755604589864369,0.268869355630179
2020-07-13,10.018102645874023,10.755588654728152,9.990944924567389,10.559009293925586,457076000,0.7646437301607634,0.30512076984541875
2020-07-14,10.341752052307129,10.36741474634147,9.752260933126271,10.040777817284159,542676000,0.6151538132151995,0.3323316574313994
2020-07-15,10.192506790161133,10.397557343822024,10.021589192844909,10.37887180037714,403984000,0.37596815097711556,0.32985786705678766
2020-07-16,10.100321769714355,10.172076731074126,9.861884339535031,9.980978547691462,344964000,0.31019239153909517,0.32903920264839154
2020-07-17,10.166844367980957,10.21368463559378,10.053481282951243,10.190763004726778,266284000,0.1602033526425366,0.3137875754234507
2020-07-20,10.475044250488281,10.495474793400428,10.12224671574614,10.239347866244826,284852000,0.37322807765428756,0.3187705638835305
2020-07-21,10.293416023254395,10.52413028927334,10.251807884962611,10.477289056517796,277036000,0.27232240431072974,0.3197316608650584
2020-07-22,10.403288841247559,10.566482262810977,10.256538888598485,10.332280922279889,367292000,0.30994337421249263,0.33028494840456357
2020-07-23,10.095340728759766,10.511173062182083,9.997175070301086,10.414502437665947,411660000,0.5139979918809967,0.3556627131391817
2020-07-24,10.159869194030762,10.329540792966707,9.743787900157928,9.841454567795491,473292000,0.5857528928087792,0.3835319689935046
2020-07-27,10.386099815368652,10.406280397838827,10.183041317578041,10.19749267897111,292132000,0.22323908026078598,0.38387012033205753
2020-07-28,10.180797576904297,10.346732063604907,10.174569378566787,10.33900883154469,271636000,0.1721626850381206,0.3776946732292015
2020-07-29,10.429947853088379,10.48052523133756,10.311850649072026,10.355451837217872,284508000,0.16867458226553467,0.3657887847109196
2020-07-30,10.577945709228516,10.586914962321845,10.260278088332438,10.339757247035065,308880000,0.32663687398940766,0.3694371000682746
2020-07-31,10.578692436218262,10.72992751603733,10.397559530166061,10.527367058329665,386080000,0.3323679858712687,0.33856026119045357
2020-08-03,10.972846031188965,11.061045401487899,10.678848130192517,10.696039589259609,412720000,0.3821972712953823,0.32192050819618095
2020-08-04,11.189608573913574,11.189608573913574,10.868951887154713,11.012462764883185,310336000,0.32065668675886094,0.31796968932344843
2020-08-05,11.248407363891602,11.33311864646592,11.128317104973485,11.205803183965019,249924000,0.20480154149243468,0.3104417714629727
2020-08-06,11.29699420928955,11.319417817066762,11.140776947021354,11.311195605780336,244316000,0.17864087004540785,0.3117587369917492
2020-08-07,11.161457061767578,11.46567034057355,11.000007648007522,11.27407313407633,342516000,0.46566269256602766,0.31836120948544494
2020-08-10,11.12707233428955,11.369495904917775,10.819620023247541,11.295747876802203,427796000,0.5498758816702338,0.3381864578682667
2020-08-11,10.813141822814941,11.098917544126017,10.759075400874925,11.036130884846417,354512000,0.33984214325109185,0.3403220842281666
2020-08-12,11.401388168334961,11.428046911514224,10.92102515984254,10.953415024322775,464412000,0.5070217516716848,0.3398237813560729
2020-08-13,11.404128074645996,11.681931581652819,11.317174705404247,11.506777872851407,374460000,0.3647568762485722,0.3240383516017724
2020-08-14,11.524717330932617,11.664989136086199,11.401636988520456,11.490832433229327,366436000,0.2633521475657421,0.32690357069498355
2020-08-17,12.29509162902832,12.36759459161284,11.777107555045893,11.810991503437439,621300000,0.5904870365669463,0.3567838815184711
2020-08-18,12.219098091125488,12.453549380710092,12.045191382124148,12.407705171039536,503448000,0.40835799858594335,0.37390412554135743
2020-08-19,12.097267150878906,12.273166969973811,12.056904085940626,12.254730435791068,622624000,0.21626288403318483,0.36602026911591296
2020-08-20,12.099757194519043,12.33296250907546,11.838398102854091,11.934321676834784,921388000,0.4945644062213681,0.3776057277123486
2020-08-21,12.640413284301758,12.765237661782223,12.153821184084608,12.160299346303887,999868000,0.611416477697615,0.39397852816965095
2020-08-24,12.677041053771973,12.868638255826683,12.465013305133034,12.839985497737981,490564000,0.4036249506936489,0.3999048327364215
2020-08-25,12.706687927246094,12.717899254502674,12.531036196749055,12.587842725979177,289076000,0.18686305775361944,0.3986235124693633
2020-08-26,12.729607582092285,12.824783143783407,12.634681034243552,12.75576829206091,321244000,0.19010210953985407,0.3994421724332523
2020-08-27,12.585351943969727,12.806348917519589,12.523811298192753,12.738081095050577,317604000,0.2825376193268365,0.38636181005902437
2020-08-28,13.103086471557617,13.103335485435085,12.599552848710347,12.63194271103962,537160000,0.503782636724738,0.3830694354200604
2020-08-31,13.329065322875977,13.528883733964262,12.993459276887542,13.137966198424918,500840000,0.5354244570767204,0.39703960069331956
2020-09-01,13.778170585632324,13.95038477629032,13.394861600029344,13.438226745846599,511316000,0.5555231762609765,0.40050398816398325
2020-09-02,14.302043914794922,14.681115585297444,13.856926739094181,14.658186142029646,874012000,0.8241888462032634,0.4333205574464612
2020-09-03,12.975166320800781,13.841472858528125,12.838839874963439,13.78589572874662,945128000,1.0026329835646859,0.4861263314463858
2020-09-04,12.58338451385498,13.134172141716105,11.668478174710607,12.744133979096368,1463684000,1.4656939670054978,0.5486411121919966
2020-09-08,11.876082420349121,12.511108478488532,11.667979552490435,11.69813540641528,795728000,0.8431289259980979,0.5796961784357219
2020-09-09,12.675599098205566,12.769556763892693,12.193845970090976,12.361574683143147,736200000,0.5757107938017167,0.6053710291334742
2020-09-10,12.273598670959473,13.024763704510125,12.129296630055405,12.94899900089753,698684000,0.8954670744547197,0.634006934007285
2020-09-11,12.126805305480957,12.613293024359079,11.858887908507215,12.446810700699576,636928000,0.7544051158518634,0.6442204081611599
2020-09-14,12.83236026763916,13.273738223310861,12.592107869364126,13.040464102573118,1201744000,0.6816303539467352,0.6640779369649518
2020-09-15,12.95074462890625,13.257540745071386,12.788000526305535,13.238848656035094,727556000,0.46954021876585195,0.6842691627515398
2020-09-16,12.475717544555664,13.05217549389546,12.47497027949737,12.917095450622478,556384000,0.5772052143980897,0.7119193845271281
2020-09-17,12.424880027770996,12.550739089705951,11.997458534924247,12.094656264662824,792512000,0.5532805547817041,0.7312581656310472
2020-09-18,12.151476860046387,12.593352980887191,11.951598651235248,12.55472336706476,698460000,0.6417543296519437,0.741113286554419
2020-09-21,12.478462219238281,12.483695927978,11.867610925705225,11.888047583846728,721044000,0.616085002272774,0.7468747540684229
2020-09-22,12.598589897155762,12.608808227414983,12.117834951693215,12.536034473412162,646452000,0.4909732757217675,0.7422640468870508
2020-09-23,12.086180686950684,12.68756183930577,12.0418191842963,12.536530607405997,647012000,0.6457426550094709,0.7295178903732085
2020-09-24,12.309734344482422,12.530548333409163,11.976769742493792,12.034839657432418,731240000,0.5537785909153712,0.6974568623268288
2020-09-25,12.833856582641602,12.843576734436919,12.20780331992882,12.408927939676413,588016000,0.6357734145080993,0.6381768228627289
2020-09-28,12.994606971740723,13.01130540147052,12.710490282252483,12.999840680216156,573808000,0.3008151192180364,0.5994401223784388
2020-09-29,13.184768676757812,13.401096288428231,12.893175473246309,12.897411878279263,621460000,0.5079208151819223,0.5945979810484535
2020-09-30,13.488571166992188,13.580286078672284,13.109499534654345,13.116726900529311,689184000,0.4707865440179386,0.5642636574458263
2020-10-01,13.572311401367188,13.720101631240484,13.41903742390842,13.715367050280767,525004000,0.30106420733206285,0.5318821639801262
2020-10-02,13.021775245666504,13.47760804622641,13.010559610717664,13.184021189366515,552496000,0.46704843550874564,0.5165548840916985
2020-10-05,13.60022258758545,13.601967156828618,13.18177315614802,13.194982445011544,479820000,0.4201940006805973,0.513030154228466
2020-10-06,13.69393253326416,14.098176363229637,13.622654275454853,13.787142928368265,784420000,0.47552208777478455,0.5057670737553728
2020-10-07,13.92072868347168,14.075498148808256,13.820540002233665,13.95636829074398,418084000,0.2549581465745909,0.4844583303120075
2020-10-08,13.795866966247559,14.040855872703876,13.71536767762151,14.0313848089131,378900000,0.32548819508236626,0.4618678921284663
2020-10-09,13.720101356506348,13.781411326549797,13.618418151320464,13.724338711308537,346892000,0.16299317522933343,0.4295041901967919
2020-10-12,14.181916236877441,14.3025415705262,13.869388259768023,13.946149317152287,434744000,0.4331533107581773,0.42537419269939264
2020-10-13,14.204095840454102,14.304035417247032,13.97530722481421,14.252196515380486,344604000,0.3287281924328216,0.40273030251534625
2020-10-14,14.0515718460083,14.298304361964878,13.916740866696482,14.246216365246953,276100000,0.38156349526839506,0.390429224254848
2020-10-15,13.92670726776123,13.962345915766416,13.725083560892006,13.76795052455593,267224000,0.23726235487441016,0.3619641485667273
2020-10-16,13.768701553344727,14.077741366839037,13.749760375883875,13.993253808870179,242392000,0.32798099095516164,0.363904567976522
2020-10-19,13.455923080444336,13.940167071941861,13.36520451854094,13.859916877432626,298068000,0.5749625534009208,0.3686932635635933
2020-10-20,13.603215217590332,13.756987368926554,13.465144191368136,13.541407070698842,229212000,0.2918431775584178,0.35591159453077037
2020-10-21,13.482840538024902,13.748764292958706,13.435737157219936,13.582780136172405,219596000,0.3130271357387695,0.3567660894169637
2020-10-22,13.319596290588379,13.569568842575757,13.190746292496502,13.480595803068136,290480000,0.3788225500792546,0.35046424045771435
2020-10-23,13.548136711120605,13.55112767335209,13.250063461704105,13.408321110787174,233484000,0.3010642116479847,0.34195496981252776
2020-10-26,13.100526809692383,13.650318109771362,12.998095392130589,13.385391699339385,336896000,0.6522227176407736,0.3545764433743841
2020-10-27,13.355236053466797,13.400345770075305,13.150621352779737,13.264766581144487,250520000,0.2497244172955675,0.35420260556873956
2020-10-28,12.587869644165039,13.218908393043177,12.569925774801279,13.157100253005204,376520000,0.6489826182418987,0.3773093500801347
2020-10-29,12.983643531799316,13.151870446827061,12.71049239074227,12.798718184271744,320080000,0.4413780560847904,0.3971939844269531
2020-10-30,12.495160102844238,12.896412039377154,12.261885015446573,12.810180868510429,416820000,0.6345270239305805,0.41157782108212476
2020-11-02,12.541764259338379,12.796970513139906,12.356589868250463,12.618525311108584,299652000,0.4403806448894425,0.4195529962575977
2020-11-03,12.979154586791992,13.064389401209851,12.563696069043367,12.669118451633498,272900000,0.5006933321664846,0.42806227032174693
2020-11-04,13.75150203704834,13.78464980363339,13.295669383040554,13.347757372361434,410228000,0.48898042059283675,0.4460421321587774
2020-11-05,14.116120338439941,14.294565548026274,13.947644368672051,14.11861312375407,319028000,0.3469211793542222,0.4473950027587103
2020-11-06,14.516876220703125,14.543542941145084,13.851943272038088,14.066027152955076,383348000,0.6915996691069957,0.4557262253091442
2020-11-09,13.588508605957031,14.645971395758417,13.568571079455158,14.507402211518222,582976000,1.07740031630326,0.5118374495052044
2020-11-10,12.730427742004395,13.564334744395342,12.589116673777136,13.564334744395342,644068000,0.9752180706182063,0.5591368019965927
2020-11-11,13.376418113708496,13.393365628806619,12.908123456221261,13.01329673445137,404744000,0.48524217258535707,0.5667382036041715
2020-11-12,13.415048599243164,13.7233401382559,13.274734839904484,13.437229823328828,365812000,0.44860529835141527,0.5772768526544165
2020-11-13,13.255794525146484,13.626392406024213,13.018781223457097,13.585020917023794,346312000,0.6076111825671155,0.5740903144348695
2020-11-16,13.473367691040039,13.6072013508254,13.115230905233268,13.131679294091388,413776000,0.4919704455921323,0.5913936021703384
2020-11-17,13.380655288696289,13.554115863305508,13.262522754338525,13.510501631287235,312028000,0.29159310896698365,0.565865780079273
2020-11-18,13.387136459350586,13.563588009896126,13.1441421824514,13.423523328788992,510924000,0.4194458274447257,0.5642991923192684
2020-11-19,13.398600578308105,13.445703950537874,13.05940495942846,13.171805613149495,565936000,0.386298991109415,0.546568618546328
2020-11-20,13.047194480895996,13.452683781596887,13.024514126113623,13.412309593696861,341088000,0.4281696554832646,0.5456964050173153
2020-11-23,13.099282264709473,13.341030162070899,12.975167790038975,13.130435427576792,361356000,0.3658623720319234,0.536065622150561
2020-11-24,12.917596817016602,13.121213270629385,12.845072163597615,13.101773917836427,346500000,0.2761411070317692,0.5208628140390561
2020-11-25,13.193737983703613,13.228380285277073,12.979654112179025,12.992115187065773,259916000,0.24872617309804745,0.513848885020758
2020-11-27,13.2201566696167,13.365954204656186,13.129688136870538,13.333554646789729,167276000,0.23626606778564785,0.4813250563549474
2020-11-30,13.359971046447754,13.370937590814925,12.932051446429709,13.223894627264986,286952000,0.4388861443852168,0.4357169012179443
2020-12-01,13.348505973815918,13.486826076488711,13.187256431069839,13.450439209421589,296948000,0.2995696454188721,0.38745629941799187
2020-12-02,13.502525329589844,13.631125263716106,13.193236527009084,13.309126301011336,283360000,0.43788873670702166,0.3840739111409679
2020-12-03,13.35843276977539,13.621692359204236,13.29162122454906,13.549395446698242,199520000,0.3300711346551761,0.3756071851626651
2020-12-04,13.520228385925293,13.521973470709733,13.351203372803964,13.410785417444142,202244000,0.1707700979057698,0.34440425054399754
2020-12-07,13.568592071533203,13.692743209564702,13.462141895080437,13.563107654973566,223244000,0.23060131448426446,0.32573502689343553
2020-12-08,13.312562942504883,13.56061510598697,13.24425451987971,13.546903589065858,271920000,0.31636058610726003,0.3275041324034553
2020-12-09,12.894485473632812,13.37637985934221,12.832160755518315,13.263198528822178,401300000,0.5442191038238953,0.3364165092876817
2020-12-10,12.935871124267578,13.032100899132319,12.813465077975872,12.832911123321507,207764000,0.21863582115644675,0.3244405685767554
2020-12-11,12.976758003234863,12.983489181090265,12.787041115310338,12.930886519220268,209264000,0.19644806577992746,0.3078890264550885
2020-12-14,13.271430015563965,13.351205605047769,13.040828672493594,13.05129918295084,270156000,0.3103769325541741,0.30392578077810634
2020-12-15,13.323034286499023,13.426243461845102,13.14977159927555,13.402061434232618,193016000,0.2764718625695526,0.30394940617366234
2020-12-16,13.205367088317871,13.399570823617596,13.175450526420516,13.384861704701379,223116000,0.22412029719708038,0.3021918436093075
2020-12-17,13.303838729858398,13.341981438331054,13.141544871847286,13.329266568173495,231384000,0.20043656648376817,0.2996325935163161
2020-12-18,13.234781265258789,13.367407711372202,13.033846398297575,13.341480601086888,342064000,0.3335613130746271,0.2921093912798454
2020-12-21,13.294859886169434,13.332504261276176,12.931132904097742,13.038082338831583,302332000,0.40137135717843364,0.2993809421198141
2020-12-22,13.241013526916504,13.299848088352803,13.017392551262413,13.281898915745092,185580000,0.2824555370903905,0.28827857071862617
2020-12-23,12.972769737243652,13.23777446463362,12.968532080949581,13.218827690318811,179144000,0.2692423836840394,0.28393365993497355
2020-12-24,12.95731258392334,13.095673577659898,12.902467461442201,13.0006905480948,97884000,0.1932061162176968,0.28553623267153977
2020-12-28,12.863826751708984,13.025871466137538,12.727460942517704,13.025871466137538,212564000,0.2984105236198342,0.29037974760979474
2020-12-29,12.906951904296875,13.035839963058338,12.806235314111813,12.888753571154453,170372000,0.2296046489465251,0.2841828949554565
2020-12-30,13.108884811401367,13.176693956090814,12.860583496832678,12.95382047640574,225396000,0.31611045925813563,0.26788942034361657
2020-12-31,13.018391609191895,13.114122125495019,12.878783853374811,13.09966312099612,192424000,0.23533827212020775,0.26908245255531377
2021-01-04,13.076725006103516,13.61421397971434,12.926148437741286,13.067501258122682,560640000,0.688065541973053,0.30419798656910846
2021-01-05,13.367158889770508,13.405799918708546,13.050299979878782,13.063013897871317,322760000,0.35549993882976416,0.3074210584459363
2021-01-06,12.579123497009277,13.207855140807311,12.55070381903022,13.18541820256076,580424000,0.657151321777091,0.3346124483893319
2021-01-07,13.306580543518066,13.340236434139047,12.85036396210047,12.931136197590789,461480000,0.4898724720385772,0.353594746592296
2021-01-08,13.239517211914062,13.383362603495904,13.005425734005303,13.325027318748608,292528000,0.37793686949060046,0.36627333966421255
2021-01-11,13.58330249786377,13.921850895343624,13.32502896268327,13.381120845591191,518344000,0.5968219326603545,0.3850776696346217
2021-01-12,13.446934700012207,13.71592883730901,13.307577070665623,13.7139336394329,291476000,0.4083517666433867,0.38557627031068975
2021-01-13,13.493803024291992,13.586791799856059,13.347465053272895,13.452170148278045,210028000,0.23932674658316344,0.3824956424173164
2021-01-14,13.163232803344727,13.561612396886156,13.143538544960627,13.536932045657988,283120000,0.4180738519255289,0.39312646157742276
2021-01-15,12.823437690734863,13.287881316844615,12.812468857865895,13.190904052844246,277780000,0.4754124589787203,0.41328405748892444
2021-01-19,12.988723754882812,13.057280388815155,12.807981463243154,12.979748217546279,226188000,0.24929892557200084,0.4097760861997935
2021-01-20,13.328269958496094,13.392838104481921,13.02013644379151,13.074981565628885,258572000,0.3727016606904119,0.41999730132435686
2021-01-21,13.828611373901367,13.959992011036567,13.215834583904515,13.380870156744221,337780000,0.7441574271320519,0.4505720847439223
2021-01-22,13.674046516418457,13.802934593706915,13.58903567654734,13.701469552054299,246820000,0.21389891715957532,0.44904070224673426
2021-01-25,13.614960670471191,13.789719253954955,13.199379446661698,13.743100290828767,251112000,0.5903398072932564,0.4420602926267488
2021-01-26,13.397575378417969,13.606487262954001,13.349958806472381,13.542417439336141,163980000,0.2565284564816199,0.4349909010304528
2021-01-27,12.881525039672852,13.19564126498745,12.75787222578399,13.19289858121172,371272000,0.4377690392034612,0.4193207379894792
2021-01-28,13.01440143585205,13.302342356675961,12.924155341787754,12.959805478023089,228316000,0.3781870148882067,0.4113432053358813
2021-01-29,12.95332145690918,13.297354205271604,12.875290969662462,13.038332282925575,271552000,0.4220632356091425,0.4144950886300629
2021-02-01,13.199878692626953,13.233533625868915,12.866565612653634,13.016643847976683,217204000,0.3669680132152813,0.39807695152684336
2021-02-02,13.518733978271484,13.533940468097438,13.248243904367374,13.3611770550748,220440000,0.28569656373006325,0.38931586560446313
2021-02-03,13.49255657196045,13.89268122482267,13.478595893291107,13.597759985933012,245408000,0.41408533153156313,0.401798621672206
2021-02-04,13.625929832458496,13.635153579480152,13.300345542291058,13.493053287958364,201340000,0.33480803718909335,0.3958510634767463
2021-02-05,13.552886009216309,13.698726599293336,13.507762965833473,13.686511005543283,169152000,0.19096363345986234,0.3755332902253993
2021-02-08,14.398261070251465,14.433162770962314,13.688756093800874,13.688756093800874,434624000,0.7444066771614395,0.4108981296246449
2021-02-09,14.223251342773438,14.542353649548263,14.182615117513894,14.300533397758027,287560000,0.3597385320343687,0.409972191863499
2021-02-10,14.722848892211914,14.86320414212183,14.30128481843633,14.422693293603515,485352000,0.5619193236855011,0.3969551844744596
2021-02-11,15.207980155944824,15.229420446836574,14.88314429518778,14.938239518630787,450828000,0.34627615164879444,0.40641070122368955
2021-02-12,14.919294357299805,15.24836885971314,14.73356597486961,15.007795360880671,374756000,0.5148028848435313,0.4010152067629949
2021-02-16,15.287257194519043,15.32938933887205,14.908073601340806,15.022003377958422,321960000,0.4213157375312431,0.412785726837968
2021-02-17,14.864200592041016,15.180810369685322,14.738553519197914,15.128456867917356,274756000,0.44225685048740715,0.41310628478682127
2021-02-18,14.787413597106934,14.831539037044887,14.534125260124792,14.687693659586431,233868000,0.2974137769200951,0.407336767789099
2021-02-19,14.884641647338867,15.134438891463464,14.805115230939935,14.98236639799842,271724000,0.3293236605235297,0.40071251242584094
2021-02-22,14.315491676330566,15.090811453956276,14.284827635904886,14.733316330627298,325884000,0.8059838180513896,0.4320707841998487
2021-02-23,14.102339744567871,14.198818673240451,13.35194955644747,14.035776416282213,391780000,0.8468691167929805,0.4721545379900571
2021-02-24,14.458340644836426,14.466069421564784,13.717424178877225,14.08314643202328,448320000,0.7486452426875587,0.49605167450119964
2021-02-25,13.270183563232422,14.334441077467913,13.179189975141817,14.00611401149152,824436000,1.1552511023260958,0.5546547505824141
2021-02-26,13.676039695739746,13.815646473279205,13.323530680452917,13.713932284643422,500932000,0.49211579282628826,0.5761656191085873
2021-03-01,13.802934646606445,13.885951239822205,13.515243835324203,13.836091261293221,353184000,0.37070740449800255,0.5494728139183419
2021-03-02,13.36865234375,13.88145993841,13.358430998447613,13.861017247805227,264116000,0.5230289399623871,0.5611364144846289
2021-03-03,12.768841743469238,13.413777543276217,12.762858052083374,13.388598869860433,377592000,0.6509194911928429,0.5674935693065819
2021-03-04,12.335558891296387,12.938613575131294,12.049862368433251,12.764851636975537,573344000,0.8887512066980428,0.6062417875243853
2021-03-05,12.426553726196289,12.514805563806275,11.646497027872458,12.514805563806275,542840000,0.8683085359338172,0.6314921911736915
2021-03-08,11.560738563537598,12.43627563829937,11.534063017322843,12.415085459306246,543112000,0.9022126209765275,0.6658419685626403
2021-03-09,12.489450454711914,12.585712508751332,12.029584075134197,12.100409513789169,521824000,0.5561284336171344,0.6739756530719065
2021-03-10,12.437576293945312,12.948066572746527,12.42685292339801,12.808910100942292,384376000,0.5212136493485158,0.6899613582453652
2021-03-11,12.96153450012207,13.014155316080448,12.703171840009764,12.918141567568973,299916000,0.31098347607068355,0.6886513450701619
2021-03-12,12.824373245239258,12.857042807221505,12.559027830206189,12.617134005807182,243964000,0.2980149770153169,0.6523678564247282
2021-03-15,13.158799171447754,13.17426110970681,12.73584243101685,12.833102427316174,221988000,0.43841867868995976,0.6231928251316552
2021-03-16,13.258554458618164,13.479259776774319,13.084483255110108,13.323643391504907,272128000,0.39477652166421073,0.5979164879157018
2021-03-17,13.308430671691895,13.420154662329283,12.957545610939825,13.007672048190122,243864000,0.4626090513894585,0.548442055705942
2021-03-18,12.691202163696289,13.151567029011133,12.685715853663865,13.104184222736647,293896000,0.46585117534726805,0.5465660116002977
2021-03-19,12.814148902893066,12.889712905578849,12.581473040159986,12.718634595532432,299208000,0.3082398654188623,0.5421040445232163
2021-03-22,13.153809547424316,13.361547266325193,12.874997152443814,12.880982909051182,297804000,0.48655011388137837,0.5394984140888585
2021-03-23,13.038595199584961,13.311671106919352,12.989216509091099,13.221643113543065,222048000,0.32245459782825314,0.5160366359913878
2021-03-24,12.611896514892578,13.126877093413306,12.605662461359328,13.118896401350066,245840000,0.5212146320539777,0.4897840235168117
2021-03-25,12.504411697387695,12.683470687202513,12.241809920894694,12.468750209276983,295144000,0.4416607663078196,0.45930918282924044
2021-03-26,12.807663917541504,12.82462229390924,12.343059962632033,12.523614443030619,363968000,0.4815623312772068,0.4292627335650033
2021-03-29,12.916396141052246,13.03036526004874,12.66875684725543,12.78871077199155,273520000,0.36160841279330924,0.41536844636330145
2021-03-30,12.840082168579102,12.943327898120906,12.673742460758223,12.810405490366506,200204000,0.26958543736268226,0.39739500265002764
2021-03-31,13.315412521362305,13.437361379878029,12.950561986434117,12.983480795926578,314776000,0.48679939344391165,0.4099532824624011
2021-04-01,13.777772903442383,13.835879080768066,13.47801127894021,13.538862038226707,308276000,0.35786780182785627,0.4142284842347253
2021-04-05,13.953091621398926,13.979526181538688,13.699217290863874,13.833386929714822,255672000,0.2803088906748137,0.4029349279479292
2021-04-06,13.827396392822266,14.019672147921428,13.73961355339076,13.965306606978233,191744000,0.2800585945306686,0.3947407902955333
2021-04-07,14.1087064743042,14.208459897547266,13.677769060228261,13.846602230892788,251284000,0.5306908373190051,0.3996037750047866
2021-04-08,14.281776428222656,14.435896321157895,14.213942936380713,14.21768450941188,244416000,0.22195338477718174,0.38218250424978045
2021-04-09,14.364574432373047,14.372555124634204,14.140128521718337,14.179032137087,195172000,0.2324266029158668,0.37676727121385223
2021-04-12,15.171582221984863,15.314729508363083,14.104464204609696,14.254594239039143,869324000,1.2102653037533866,0.4284612133475671
2021-04-13,15.6409273147583,15.661377066442782,15.088539527921586,15.194029461631905,676212000,0.5728375385211955,0.4463457091113487
2021-04-14,15.239418029785156,15.681826557633755,15.190039338700716,15.586561501348141,385500000,0.4917872189330392,0.44424375103128166
2021-04-15,16.097551345825195,16.174361581809492,15.593044896398382,15.623968769706602,598480000,0.5813166854111103,0.4542191738243738
2021-04-16,15.873353958129883,16.12598105828335,15.82621945225456,16.013507430530804,335208000,0.29976160602879176,0.4412334077352013
2021-04-19,15.323956489562988,15.768610086032313,15.195523394059228,15.498276894788122,404420000,0.573086691973085,0.45633899910518533
2021-04-20,15.133926391601562,15.458874387907025,14.926188677668558,15.285551919658973,334132000,0.5326857102384679,0.47513187573917
2021-04-21,15.322712898254395,15.32470783357352,15.065097967523737,15.081556897402692,216776000,0.2596098660497823,0.45890405235387505
2021-04-22,14.81371784210205,15.400520875772711,14.747131525503809,15.33717668577237,277788000,0.6533893502689025,0.48001273438537834
2021-04-23,15.227696418762207,15.29727466051768,14.863594577488568,14.897510379080412,227500000,0.43368008302911143,0.49096781955354246
2021-04-26,15.439922332763672,15.440920276031514,15.087791058443576,15.147643871309407,197796000,0.3531292175879379,0.49618714977191886
2021-04-27,15.343910217285156,15.631949573137733,15.31672696447076,15.540175890217878,164572000,0.31522260866697316,0.4807965620110594
2021-04-28,15.239167213439941,15.494039448295446,15.178068161200418,15.32670177309296,209416000,0.315971287095028,0.48751212646233416
2021-04-29,15.287047386169434,15.398522104278095,15.03442032014005,15.36211192586429,173196000,0.36410178413804495,0.49691749654963263
2021-04-30,14.972573280334473,15.327198902340966,14.960104223015762,15.137168261722612,201912000,0.3670946793252039,0.436691023376191
2021-05-03,14.800250053405762,15.209241257751458,14.751121563712845,15.08779089742156,203912000,0.4581196940386132,0.4284968916274351
2021-05-04,14.31594467163086,14.601490591862607,13.975783949931254,14.6012413438704,405324000,0.6257066419313535,0.4380625646987433
2021-05-05,14.422930717468262,14.777057880701475,14.35210528482162,14.672814191288305,292024000,0.424952595879855,0.42689370116079645
2021-05-06,14.487271308898926,14.535402805545267,14.183022295182871,14.459589562260682,193380000,0.35238051036239604,0.4306521943274825
2021-05-07,14.775808334350586,14.93391810351152,14.635653930643976,14.771818464544744,229328000,0.2982641728675439,0.4110220143913724
2021-05-10,14.230655670166016,14.769576460567666,14.214944484231708,14.750872395980661,268904000,0.5546319763359584,0.41258960482690743
2021-05-11,14.2710542678833,14.319435012067427,13.71617310026738,13.790988399639572,285584000,0.6032619118000468,0.43713617952335493
2021-05-12,13.724652290344238,14.225167908494997,13.675523802229213,13.97503424774267,303408000,0.5496441062657844,0.4297258049517036
2021-05-13,13.631632804870605,14.046111298805778,13.42588999722822,13.999226037710349,285404000,0.6202213015775584,0.44305017770516414
2021-05-14,14.207961082458496,14.292752013541277,13.714677433186372,13.855829803441582,258616000,0.5780745803549046,0.4591177036170903
2021-05-17,14.130650520324707,14.134391142572785,13.819418762550056,14.122171332609264,216980000,0.31497238002272887,0.45909983014250144
2021-05-18,13.981270790100098,14.368815282209768,13.969549474724266,14.231902974365962,186256000,0.3992658074855022,0.46504943874182103
2021-05-19,14.031147003173828,14.044863252937322,13.509932366145637,13.533124795954503,344000000,0.5349308867916847,0.47725151750279526
2021-05-20,14.576552391052246,14.647627072883193,14.23539372799806,14.267314594726596,321592000,0.4122333448851325,0.48047570789993305
2021-05-21,14.95486831665039,15.184552232588912,14.832919461611446,15.126445108164015,672992000,0.35163277097746537,0.47286949910985104
2021-05-24,15.573593139648438,15.706265365867367,15.13866492809838,15.17507511104745,554816000,0.567600437768986,0.46871905595539626
2021-05-25,15.609254837036133,15.779584439719866,15.444411543967227,15.727213823403543,435408000,0.3351728957526383,0.4623062202320236
2021-05-26,15.661375045776367,15.754894404271841,15.547905385492475,15.695541043507959,370440000,0.2069890187793657,0.4519211136903786
2021-05-27,15.449895858764648,15.711251361963061,15.421964867002261,15.66112493529576,581476000,0.28928649496080006,0.451279850982754
2021-05-28,16.20453643798828,16.23745619906393,15.462866702379829,15.462866702379829,644536000,0.7745894966841025,0.4669911024361929
2021-06-01,16.224491119384766,16.34793739550379,15.864129823309375,16.229978381608333,472804000,0.48380757219441684,0.4584586496072193
2021-06-02,16.736970901489258,16.87712625493025,16.195556800663763,16.212265926193794,594168000,0.6815694542664872,0.46788188875012665
2021-06-03,16.92799949645996,17.21653919121197,16.542201731687715,16.659662203794827,580008000,0.6743374595242564,0.47174732860346225
2021-06-04,17.535005569458008,17.61755040818045,17.053443272743788,17.070399745238127,617120000,0.5641071354366609,0.4707496539664448
2021-06-07,17.575653076171875,17.768677543429288,17.150453185888143,17.528021981905518,575756000,0.6182243575411448,0.49241050950347454
2021-06-08,17.414058685302734,17.57815332039615,17.208564141055195,17.484135437637658,323848000,0.3695891793409558,0.4902907503502926
2021-06-09,17.319515228271484,17.535782653047317,17.21724494368834,17.47666498952007,381656000,0.31853770935897785,0.47483409481938504
2021-06-10,17.3861141204834,17.452965945027934,17.137671136572692,17.311282630136223,287772000,0.31529480845524205,0.4679099136458214
2021-06-11,17.78547477722168,17.89922071360538,17.40482582522779,17.44049548819086,416308000,0.4943948883775917,0.47810720774583043
2021-06-14,17.978540420532227,17.999244162607233,17.62333583892256,17.866042920276705,321376000,0.37590832368467275,0.4644149138826652
2021-06-15,17.748804092407227,17.97604663575129,17.68843990745718,17.875022883618865,243032000,0.28760672829410794,0.46101733049277016
2021-06-16,17.770509719848633,17.914688031036157,17.545263461195876,17.751054402065236,307124000,0.36942456984028027,0.4726198698542641
2021-06-17,18.615617752075195,18.79297075616805,17.71662916794355,17.73483795778775,809656000,1.0763415882244978,0.5288380908016711
2021-06-18,18.597156524658203,19.331763460015086,18.542528261234434,18.742082709800528,968856000,0.7892351987806521,0.5298842123799961
2021-06-21,18.38612937927246,18.495136607237573,17.782978507688828,18.394110948679845,672384000,0.7121580995487449,0.5461949643338766
2021-06-22,18.844600677490234,18.921430408685627,18.34496858666156,18.430278496257454,580144000,0.5764618220240649,0.5386872763165608
2021-06-23,19.01472282409668,19.110010659811476,18.865556539871367,18.965333770522275,332356000,0.24445411994010868,0.5079813234891216
2021-06-24,19.16264533996582,19.376667140371925,19.0456565249528,19.184846818923116,320924000,0.3310106154191246,0.49133157205929756
2021-06-25,18.988534927368164,19.302333968295713,18.852340103189597,19.237478474504314,278364000,0.4499938651061157,0.47931510831393837
2021-06-28,19.940406799316406,20.03394760894078,19.275892522351057,19.318047927502214,495436000,0.7580550865897244,0.5070626731174218
2021-06-29,19.9820613861084,20.053899319285392,19.61313549933401,19.838132408460762,367632000,0.4407638199513819,0.5157931095883078
2021-06-30,19.957862854003906,20.117505644957735,19.819422413072925,19.954619984922232,326568000,0.2980832318848101,0.5145637112618484
2021-07-01,20.166894912719727,20.410349886109096,19.974324818701906,20.08008916798285,480136000,0.43602506740718994,0.5103944383353911
2021-07-02,20.4412841796875,20.45949487196704,20.242479523162306,20.39463938213588,342764000,0.2170153488047326,0.49904494012968115
2021-07-06,20.652313232421875,20.795492403590373,20.30484087767398,20.691225766653048,446708000,0.4906515259163946,0.5135481399598445
2021-07-07,20.326290130615234,20.828417245407213,20.286629685691395,20.806965588248794,418428000,0.5417875597158179,0.5258597820938115
2021-07-08,19.858335494995117,20.088071080613446,19.656786608504444,19.812189314423424,503300000,0.43128447210900234,0.4797842737998475
2021-07-09,20.005504608154297,20.035438344735283,19.710165638972114,19.917950950252028,296624000,0.3252727057631688,0.4466440957271701
2021-07-12,20.466732025146484,20.486935258743095,20.142705728814533,20.194839054092,321984000,0.3442295299285618,0.42036348361144277
2021-07-13,20.204814910888672,20.41559384007116,20.06911869589807,20.3549784361798,290708000,0.3464751441730911,0.4039358637649446
2021-07-14,19.797225952148438,20.37219021147144,19.708675050402782,20.312324625479327,380100000,0.6635151610686592,0.4338687952741268
2021-07-15,18.923931121826172,19.802716607696613,18.8164215993445,19.767545548343364,550564000,0.986295008352112,0.4806748233407688
2021-07-16,18.120471954345703,19.114249610724638,18.032668986212673,18.988032725090143,688224000,1.0815806245119646,0.5257881632983293
2021-07-19,18.737844467163086,18.99950826063208,17.82563325949376,17.87527352298777,749060000,1.1738750011383203,0.5554895857660862
2021-07-20,18.570466995239258,18.795962510715192,18.123466749051826,18.688203709705867,434687000,0.6724957616633667,0.5720418673169423
2021-07-21,19.36668586730957,19.48342535694125,18.700177259556888,18.83986423648893,371017000,0.7832480973843623,0.6066965005669103
2021-07-22,19.550277709960938,19.842623177456858,19.232986505120362,19.598170937456786,323826000,0.6096366723364959,0.6190973294904322
2021-07-23,19.514358520507812,19.65604185729442,19.207045233457105,19.612139415403593,195672000,0.44899662383731354,0.6356674205641879
2021-07-26,19.250947952270508,19.398616517231275,18.87179481933325,19.267910216356587,203943000,0.5268216978980256,0.6382510042771615
2021-07-27,19.165136337280273,19.57821202904054,18.699177517637054,19.22200834655241,248863000,0.8790345114034857,0.6623400722548521
2021-07-28,19.459476470947266,19.60215699543012,18.95261072554939,19.27588707854818,202191000,0.6495462698807302,0.6779302006671184
2021-07-29,19.61812400817871,19.808697767774508,19.28486780665784,19.475441566253632,190781000,0.5238299611166681,0.6921128617637969
2021-07-30,19.455488204956055,19.586194490823832,19.22001478198621,19.374667678926546,183497000,0.3661797088376204,0.6936807316858725
2021-08-02,19.705930709838867,19.91646033514249,19.31779876840227,19.65604303889912,217444000,0.5986615667402191,0.7116940475835245
2021-08-03,19.770784378051758,20.176875767387045,19.177110872013746,19.69595097546281,301811000,0.9997648953732998,0.7357118857481417
2021-08-04,20.228757858276367,20.272660294584725,19.78375207608851,19.945391220735015,231309000,0.48890821849621346,0.7001842579012918
2021-08-05,20.59095001220703,20.686736469006593,20.29660819505483,20.454256579946396,211435000,0.3901282739517633,0.6507948042898489
2021-08-06,20.320556640625,20.524101928122093,20.16490458584402,20.47820503972447,178497000,0.35919734227807254,0.5926035429426884
2021-08-09,20.249710083007812,20.46223410099579,20.098048857451968,20.400372185145788,146443000,0.3641852435438224,0.5705813630770066
2021-08-10,19.891510009765625,20.384407041216143,19.79073367402778,20.276648260793813,179238000,0.5936733671883623,0.5570403109201495
2021-08-11,19.655038833618164,20.0042581491868,19.3866400361588,19.9982710212323,185925000,0.6176181130280014,0.5576104138266855
2021-08-12,19.860584259033203,19.984306207882916,19.576220366137818,19.825662510999912,151652000,0.4080858417450983,0.554688215105813
2021-08-13,20.1429500579834,20.168893013178696,19.806702182493282,19.860582533688213,183063000,0.3621908306854138,0.5429288674477694
2021-08-16,19.905488967895508,20.2417369578458,19.409596213913407,20.090075669026042,210876000,0.832140743932392,0.5395793126284055
2021-08-17,19.414575576782227,19.72587955742397,19.224001848545644,19.6410682631344,204585000,0.5018777088783253,0.5290315582710908
2021-08-18,18.997516632080078,19.590191092580813,18.95760497128759,19.456489312637267,285913000,0.6325861212932224,0.5367998554265591
2021-08-19,19.753820419311523,20.449265542336242,18.720131086069024,19.45049795314663,766555000,1.729134456267218,0.6341537659572446
2021-08-20,20.769550323486328,20.818440769765257,19.888521263811523,19.946390500496992,675741000,0.929919505953734,0.6578150473296385
2021-08-23,21.908998489379883,21.947911015070833,20.903248530842916,20.924201575683597,575807000,1.044662484227917,0.6610220179621111
2021-08-24,21.744369506835938,21.90999945326239,21.486945796783075,21.70445975402652,297299000,0.4230536564793148,0.6563181206751898
2021-08-25,22.163433074951172,22.419859572593847,21.673529472839984,21.68849539272734,347701000,0.7463300997538624,0.6817611082324826
2021-08-26,22.018756866455078,22.290149269083127,21.74137733496381,22.15046228289111,237940000,0.5487719341193156,0.6953021505068572
2021-08-27,22.585485458374023,22.67129398333885,22.117532210084512,22.134494471013152,304722000,0.5537617732543367,0.7088433312004653
2021-08-30,22.637371063232422,22.99157841787661,22.500677648901885,22.779054385708566,262580000,0.49090076897472557,0.7015024313280627
2021-08-31,22.338987350463867,22.648349605435055,22.07453267310366,22.648349605435055,259850000,0.5738169323313933,0.6983737755640193
2021-09-01,22.394874572753906,22.650348906025947,22.31104759248821,22.438784759124236,201767000,0.3393013135377352,0.693460594977779
2021-09-02,22.34996795654297,22.546563552164578,22.249175715898627,22.471716943160047,187834000,0.2973878362659512,0.6888318096621031
2021-09-03,22.79604148864746,22.938747169764824,22.154363669949504,22.279106704344652,280532000,0.7843834998153199,0.6854205779394551
2021-09-07,22.61541748046875,22.851929824701582,22.475703964992363,22.786065507103327,198107000,0.3762258597092192,0.6764454458559476
2021-09-08,22.29308319091797,22.563526062752924,21.93182586082569,22.466725323109348,254434000,0.6317002019272344,0.6763821659012341
2021-09-09,22.13141441345215,22.491672425697235,22.08550944017978,22.266137144440457,196856000,0.40616298551745444,0.5818842037048224
2021-09-10,22.431798934936523,22.57949354520945,22.22422627932548,22.302065073465506,248376000,0.35526726588396684,0.5408376151284104
2021-09-13,22.10646629333496,22.916797475878276,21.81306999526155,22.637372339454643,297500000,1.103727480616726,0.5450565434418968
2021-09-14,22.19628143310547,22.363935372792017,22.040601959070237,22.229212641217604,199755000,0.32333341372178026,0.5379336689592158
2021-09-15,22.295076370239258,22.321023900271747,21.920847204700245,22.2631425592537,166538000,0.4001766955715027,0.5132084258033329
2021-09-16,22.19628143310547,22.231209337206835,21.881928392765175,22.13740269427345,156033000,0.34928094444165936,0.49895906939778606
2021-09-17,21.854984283447266,22.275118448091163,21.78512847263095,22.25416170484627,294503000,0.4899899754602117,0.49440394098392
2021-09-20,21.06960678100586,21.388948772302225,20.619533519615455,21.102537995936945,349440000,0.7694152526867697,0.5142978326776374
2021-09-21,21.202327728271484,21.380958731216275,20.90693664793861,21.372975754388563,204688000,0.4740220832776636,0.5071696291737996
2021-09-22,21.89590072631836,21.91486077380473,21.15243122045159,21.32208186520741,268726000,0.7624295533531402,0.5373930748749
2021-09-23,22.435787200927734,22.488677753626337,21.845003134420406,22.094489243871266,248555000,0.6436746192059317,0.5621278450848985
2021-09-24,22.03561019897461,22.10347121162325,21.816063110959004,22.02463313008802,217655000,0.2874081006642477,0.5266296022883934
2021-09-27,21.6154727935791,21.754186986569398,21.281162375882687,21.66536924584113,245215000,0.47302461068671064,0.5335437987867857
2021-09-28,20.656450271606445,21.374971448404203,20.608548606029547,21.17039292521659,343069000,0.7664228423746557,0.5431668445330301
2021-09-29,20.474822998046875,20.973795138225515,20.424924641972414,20.896953763641275,218394000,0.5488704962531017,0.5533602381570049
2021-09-30,20.673416137695312,21.022697064179454,20.645473815850814,20.725309293039082,221009000,0.3772232483286402,0.5549285226173387
2021-10-01,20.69936180114746,20.8161199625749,20.16146834727318,20.70734477711829,240978000,0.6546516153017201,0.5228516750948382
2021-10-04,19.691442489624023,20.49977705360861,19.514806256090917,20.46185505357973,345635000,0.9849707975176933,0.5701114882231177
2021-10-05,20.408958435058594,20.605553958330656,19.813185585330604,19.908988905051082,279282000,0.7923683730000519,0.5981251794680141
2021-10-06,20.657447814941406,20.67740525437845,20.038721510128212,20.0786401958577,297202000,0.6386837442502369,0.6187968080257696
2021-10-07,21.03167724609375,21.278169233572847,20.92888834187174,21.04864059401469,256919000,0.3492808917011061,0.6087461591858335
2021-10-08,20.78818130493164,21.16241049332735,20.732296656436677,21.057626777399292,151258000,0.43011383689067273,0.5845103437718266
2021-10-11,20.652463912963867,21.019707569030924,20.46884208493034,20.532711622705843,163388000,0.5508654841005836,0.5899991581163209
2021-10-12,20.628507614135742,21.013713821439726,20.485801919360195,20.785184469191023,162134000,0.5279119020795306,0.5732478973110631
2021-10-13,20.89595603942871,20.9468517954333,20.670420782566904,20.874999299325843,180652000,0.2764310128663965,0.5470162111439534
2021-10-14,21.7012996673584,21.710280040317638,21.07858180049667,21.24424093983298,243589000,0.6316982398209667,0.5716083639408619
2021-10-15,21.817062377929688,21.885920792719308,21.6174746181001,21.765169217756938,226994000,0.26844617461920706,0.5569956185074688
2021-10-18,22.17632293701172,22.245181351573397,21.599509992231866,21.70429561198073,189494000,0.6456713593415309,0.5483705125765314
2021-10-19,22.24418067932129,22.33299652432015,21.991700497587633,22.23020761577493,161473000,0.34129602673251824,0.5335437647536325
2021-10-20,22.05756378173828,22.386885328770948,21.936812230588348,22.25914819788741,146276000,0.45007309818259955,0.5387473254574867
2021-10-21,22.64535903930664,22.664320992336002,22.03761150420353,22.051582668150076,187590000,0.6267094881324731,0.5367514592311119
2021-10-22,22.679285049438477,23.08245393094305,22.514625207539453,22.776085781397935,249384000,0.567828723403597,0.5069555967943907
2021-10-25,23.11838150024414,23.306992179062902,22.723195589304648,22.925777429517396,230235000,0.5837965897582542,0.4920576122771195
2021-10-26,24.66619300842285,25.207080642552555,23.874823758987613,23.939690683779567,485898000,1.3322568835649413,0.5415985507995984
2021-10-27,24.400739669799805,25.038426104852544,24.23208643543216,24.42369310756561,245990000,0.8063396694203853,0.5742456063509754
2021-10-28,24.88973045349121,24.898712729396866,24.47259043881091,24.826860232435095,234204000,0.42612229058595474,0.5739604959006385
2021-10-29,25.51444435119629,25.65615265639552,24.948610430057254,24.949607826287217,292503000,0.7075422263382656,0.5851516917747587
2021-11-01,25.77391242980957,25.84077414831852,25.17514534532995,25.59627881018903,265740000,0.6656288029885715,0.5949886132682616
2021-11-02,26.346731185913086,26.62316223217399,25.746966723249745,25.768922765601214,294112000,0.8761955089242441,0.6378289344152507
2021-11-03,26.543323516845703,26.728941989079054,26.181070751596593,26.615176012880656,239910000,0.547871237482461,0.6318412913910717
2021-11-04,29.7397403717041,31.30052452350246,27.06225509891964,27.17302698343725,1153631000,4.238269424582821,0.9154000949599013
2021-11-05,29.69084358215332,31.335454820246646,29.34954562668809,30.124948877614052,851260000,1.9859091935585553,1.0111313688325458
2021-11-08,30.740680694580078,31.036071770159673,29.845523288055762,30.0870264157735,503101000,1.1905484821039103,1.071792258501931
2021-11-09,30.593982696533203,32.243586659600666,29.9024083019337,32.215644336725056,646746000,2.3411783576669656,1.2068712056079571
2021-11-10,29.39845085144043,30.786592594994506,28.71885079368722,29.295663817162108,636206000,2.0677418013072852,1.3098020851204437
2021-11-11,30.327529907226562,30.527119549916076,29.715791021450595,30.405370591178073,332172000,0.8113285284654808,1.3271949283391498
2021-11-12,30.327529907226562,30.616934698783563,29.56909192980548,29.948311870229972,413054000,1.0478427689780823,1.3603410839977088
2021-11-15,29.96328353881836,30.581010672915156,29.186882831682748,30.4892007220748,384909000,1.3941278412324074,1.3647604381168137
2021-11-16,30.140914916992188,30.3275308006158,29.644936791171745,29.697829247202147,264484000,0.6825940094440561,1.3559214624042186
2021-11-17,29.200851440429688,30.446287176657105,28.74079861985027,30.355472726652906,428508000,1.7054885568068343,1.4473047671342816
2021-11-18,31.609895706176758,32.69266472677865,31.25662321230195,32.30047473697305,781711000,1.4360415144767025,1.4993404305727414
2021-11-19,32.91719436645508,33.01998327209769,31.839414565134348,32.176719094226264,533867000,1.1805687069633422,1.536121852285225
2021-11-22,31.89031410217285,34.57578276040281,31.834429453313092,33.44810439942293,754335000,2.7413533070897174,1.6693474092970444
2021-11-23,31.680747985839844,32.293486259552104,30.81652687837705,31.470181244113295,532163000,1.4769593811750532,1.7357108481322296
2021-11-24,32.60683822631836,32.787465936329255,30.86442684819975,31.396332208296116,435162000,1.9230390881295065,1.5703372526712784
2021-11-26,31.438243865966797,32.64276162923178,31.285558488884924,32.532987132035885,283069000,1.3572031403468543,1.5254296774418712
2021-11-29,33.30739974975586,33.343325056327004,31.970153780150458,32.29947733857546,454964000,1.3731712761765458,1.5384741627327738
2021-11-30,32.60882568359375,33.28443590404543,31.798496565026007,33.100812239560405,622066000,1.4859393390194242,1.4773856614008065
2021-12-01,31.37422752380371,33.2246452598097,31.31933354836932,33.15478089240637,484368000,1.9053117114403797,1.465783512124599
2021-12-02,32.06388854980469,32.41520919739524,30.96501733909854,31.153653016640646,472890000,1.4501918582967015,1.5114166071125434
2021-12-03,30.633665084838867,32.066889832044694,30.071751846895292,31.938137600537708,544325000,1.9951379851494018,1.5790805511247805
2021-12-06,29.97892951965332,30.18253369080409,27.983793678236385,29.82223155843537,658938000,2.198740012567704,1.6365528490773016
2021-12-07,32.36429977416992,32.38626040434348,30.591734640964802,30.897144642753478,593053000,1.7945257633786795,1.7159765457869176
2021-12-08,31.76447105407715,32.227574704104825,31.36025335466527,31.937136928475184,475551000,0.8673213494395533,1.6561074595463976
2021-12-09,30.431049346923828,32.142735562331445,30.369168945749347,31.6726436363354,488507000,1.773566616582098,1.6802163954110687
2021-12-10,30.139619827270508,31.24448007552964,29.803271437379514,31.08977904315852,488825000,1.4412086381501261,1.6988335333529818
2021-12-13,28.10655403137207,30.235431505717692,28.06164095629319,30.190518430638814,598344000,2.1737905494245027,1.658293336376895
2021-12-14,28.282215118408203,28.62255545688328,27.197316754829743,27.64544809567348,667035000,1.4252387020535373,1.6545990021539296
2021-12-15,30.400114059448242,30.44103516074104,27.784180879721173,28.345094654187285,698297000,2.656854281019868,1.7070143730746696
2021-12-16,28.332115173339844,31.099754518870387,28.038684877718026,31.091770564933462,707366000,3.0610696411523612,1.828719123132206
2021-12-17,27.747251510620117,28.866084513821278,27.706330412496648,27.930895789317223,713758000,1.15975410132463,1.813475039214212
2021-12-20,27.665409088134766,28.08958664914624,27.092519430074276,27.25220994036055,461847000,0.9970672190719654,1.7785556020751077
2021-12-21,29.018789291381836,29.063702367832537,27.3480239896124,28.319144340098806,524385000,1.7156783782201366,1.7650103639879475
2021-12-22,29.343158721923828,29.497859735844237,28.393997137740122,28.835143931093477,395184000,1.103862598104115,1.7402725596884772
2021-12-23,29.58269500732422,30.00088555963705,29.374099442198006,29.697472444063603,343022000,0.6267861174390461,1.6425331405663088
2021-12-27,30.885173797607422,31.026899467312578,29.58269644654039,29.60265823746476,403686000,1.4442030207721892,1.5886376411523435
2021-12-28,30.263378143310547,31.269428770384458,29.95397610422819,31.251463920554766,420591000,1.3154526661562684,1.5544181342078855
2021-12-29,29.942996978759766,30.488940318885827,29.309224428409372,30.214472371231356,343139000,1.179715890476455,1.5767320299962357
2021-12-30,29.528799057006836,30.39811536049081,29.482888465222835,29.76933233244258,308864000,0.9152268952679741,1.5154220499023696
2021-12-31,29.35413932800293,29.97194400779478,29.274294067292963,29.616631360255656,266530000,0.6976499405018153,1.4623107143560616
2022-01-03,30.062767028808594,30.651626527613114,29.727416179654284,29.757358865642377,391547000,0.9242103479588302,1.3730549856799423
2022-01-04,29.233373641967773,30.409095675209777,28.29419292188651,30.218464956704405,527154000,2.1149027533232676,1.4223167036277802
2022-01-05,27.550634384155273,29.35913159128193,27.479772498450824,28.893033464225883,498064000,1.8793590928311055,1.3667813330428686
2022-01-06,28.12352180480957,28.38301936449731,27.012674649326257,27.586561835852063,454186000,1.3703447151710542,1.2460152669013467
2022-01-07,27.194316864013672,28.367046109099267,27.004683701585318,28.08658929381284,409939000,1.3623624075139489,1.2604872887720122
2022-01-10,27.347026824951172,27.415893669977173,25.594421205944393,26.529609965171062,594681000,1.8214724640327802,1.3193733776977847
2022-01-11,27.763216018676758,28.010737613886754,26.7871082192804,27.270171672123823,404089000,1.223629394606352,1.2842270217253715
2022-01-12,27.944868087768555,28.539714564955542,27.554623289676226,28.012735506788296,383413000,0.9850912752793164,1.2757433558093145
2022-01-13,26.52362632751465,28.424942388694436,26.446773614266036,28.324137808063444,540171000,1.9781687744284007,1.3722706884514113
2022-01-14,26.889909744262695,27.144417793034062,26.15932464358932,26.249150789783805,395832000,0.9850931494447437,1.3394771262137366
2022-01-18,25.852920532226562,26.586500135365398,25.720178245364497,26.209230679570027,424270000,0.8663218900009007,1.307396356488353
2022-01-19,25.01853370666504,26.49167977055228,25.003563317549837,26.02857809333129,488315000,1.4881164530024442,1.3294249680973524
2022-01-20,24.103309631347656,25.529547751569282,24.031448328745114,25.25507979883061,435181000,1.4980994228241684,1.3710587200656519
2022-01-21,23.32880973815918,24.775007677466373,23.218024282355426,23.461552019986037,718958000,1.5569833951109473,1.4324396811091613
2022-01-24,23.326810836791992,23.334794790372676,20.84761430587089,22.286825688304823,913982000,2.487180484501785,1.544080405147944
2022-01-25,22.28083610534668,22.89864065896213,21.957463151064083,22.502406991705346,664616000,0.9411775078980469,1.460242887617571
2022-01-26,22.72797393798828,24.010489477432596,22.256886340278513,23.195069558309832,755959000,1.7536031371540837,1.4512603193549265
2022-01-27,21.901575088500977,23.948610407504805,21.633094151119476,23.52243589687238,573353000,2.3155162563853295,1.5187725722988035
2022-01-28,22.795839309692383,22.813804156653173,21.254823989187226,21.96943921654881,543774000,1.558980167465947,1.5328166980096605
2022-01-31,24.43865966796875,24.461615916333805,23.007432099177755,23.13717992402368,564680000,1.45418381715605,1.5065817946613225
2022-02-01,24.590370178222656,25.096390012740084,23.843815119185024,25.055468908649303,518925000,1.2525748935550602,1.508649330300516
2022-02-02,25.193201065063477,25.76708829461429,24.505532004420324,25.74413394762899,543419000,1.2615562901939654,1.528396831365848
2022-02-03,23.901700973510742,25.02851797372646,23.734026501108175,24.410715212297134,410178000,1.294491472618283,1.479562738379411
2022-02-04,24.27198600769043,24.587375091578327,23.58631386301413,23.925656716888817,354829000,1.0010612285641969,1.480703315459372
2022-02-07,24.68018913269043,25.13330989362577,24.155205177291837,24.32487655899554,376868000,0.9781047163339345,1.4886878030545887
2022-02-08,25.05945587158203,25.18121973728533,23.933636493420686,24.31190344360398,410359000,1.2475832438646428,1.4715068595447458
2022-02-09,26.653371810913086,26.67333360228873,25.30398631469552,25.57246536515148,524282000,1.3693472875932073,1.46231027845682
2022-02-10,25.774072647094727,26.87294386426825,25.55050669154954,25.944743476270883,513200000,1.3224371727187112,1.4455569768573746
2022-02-11,23.902692794799805,26.101434202459874,23.727034409482293,25.86589045956256,605472000,2.374399792977581,1.4375012131770741
2022-02-14,24.22008514404297,24.82690950810967,23.70907395093763,23.88772874556484,440424000,1.1178355571720395,1.4501196452680738
2022-02-15,26.443775177001953,26.49367774510804,24.73608279745119,24.900762795130042,699869000,1.7575949476568518,1.4504047745897
2022-02-16,26.459747314453125,26.530611104591138,25.502601665801084,26.208235589724197,732676000,1.028009438790054,1.3584400019043232
2022-02-17,24.45962142944336,25.735150594170214,24.118283550495068,25.580449565020423,810595000,1.6168670436751462,1.3625747787764089
2022-02-18,23.596290588378906,24.93769195223297,23.05533867775434,24.620305983753607,761255000,1.882353274478632,1.3931583114423076
2022-02-22,23.344778060913086,24.017474761924387,22.955532681143488,22.990464861191477,633422000,1.0619420807808986,1.379541681958439
2022-02-23,22.343717575073242,24.10830099326957,22.257885303841995,23.755982820677037,566511000,1.8504156894275745,1.4216030676179823
2022-02-24,23.702085494995117,23.753985005383658,20.84961126769638,20.97436959630377,735801000,2.90437373768728,1.5365946579800536
2022-02-25,24.11029624938965,24.17017971684617,23.335797438813806,23.67514026050262,528866000,0.8343822780323649,1.5246890186563513
2022-02-28,24.33785629272461,24.61731564927492,23.661167584235766,23.945616436590047,477319000,0.9561480650391552,1.5231206864210098
2022-03-01,23.431610107421875,24.329871618461585,23.087277797297364,24.244037444614957,412056000,1.2425938211642205,1.5227642990852654
2022-03-02,24.177295684814453,24.36596352986119,23.373716624457607,23.714114992353235,389642000,0.992246905403583,1.4958285575002923
2022-03-03,23.672183990478516,24.28310431664372,23.42761517996613,24.219216091275733,365095000,0.8554891366775905,1.462475126354498
2022-03-04,22.895559310913086,23.63824694769257,22.442359346497184,23.342769336842796,431415000,1.195887601195384,1.378295684084341
2022-03-07,21.314348220825195,22.992385688642184,21.292387654278762,22.77676506442822,450821000,1.6999980343634213,1.4198787181694397
2022-03-08,21.476062774658203,22.33354729257822,20.613586007361604,21.271424341879477,557467000,1.7199612852166162,1.4171905994237086
2022-03-09,22.973419189453125,23.179055323683137,22.207771447985007,22.34752397571556,492742000,0.9712838756981306,1.4131387734885712
2022-03-10,22.61804962158203,22.74781956359875,21.843416915189174,22.491272744824204,428066000,0.904402648409576,1.3622484595410305
2022-03-11,22.061033248901367,23.10419076158427,22.00712760972228,22.98140654078104,367209000,1.0970631518619918,1.3061563079255563
2022-03-14,21.292390823364258,22.22274672696289,21.121692803109244,21.830440015715702,385354000,1.1010539238536445,1.308950011002181
2022-03-15,22.9324893951416,22.99737530841706,21.284401668232853,21.480055192344064,491996000,1.712973640184206,1.2991327217705118
2022-03-16,24.452808380126953,24.553630127058703,23.131143481350605,23.458564260775105,671422000,1.4224866457080978,1.1932836437719987
2022-03-17,24.722328186035156,24.798192476295053,23.863844107563466,24.077467438937035,471941000,0.9343483687315874,1.2004240788219431
2022-03-18,26.406354904174805,26.522151490123896,24.580581386606394,24.755272049910502,730719000,1.9415701035175026,1.2708113672846824
2022-03-21,26.68686294555664,27.10412711770942,25.92121509093624,26.460263898678804,591727000,1.182912026773181,1.2665483819710366
2022-03-22,26.477230072021484,27.189971767703643,26.026027424283942,26.679871236174723,547007000,1.1639443434197005,1.2788124846864737
2022-03-23,25.588802337646484,26.565076642038694,25.529906352527405,26.079933507125094,502120000,1.0351702895112886,1.2916468527460234
2022-03-24,28.100364685058594,28.270065012059774,25.861319580253287,26.11986368042065,877379000,2.408745431806487,1.3782795549325308
2022-03-25,27.643171310424805,28.307997346511723,27.22291411401015,27.83682948218481,579016000,1.0850832325015745,1.334357069085256
2022-03-28,28.169240951538086,28.200186425941997,27.158026699534492,27.7070580201299,425494000,1.0421597264075046,1.2859426720274623
2022-03-29,28.605472564697266,28.894960233335265,27.93066392483216,28.644403356385414,488984000,0.9642963085031049,1.2854435600849605
2022-03-30,27.641176223754883,28.445754802964743,27.454505676769504,28.254093909967974,463487000,0.991249126195239,1.2916468799267935
2022-03-31,27.23788833618164,28.198192021006374,27.22191770517372,27.733014073153115,523440000,0.9762743158326543,1.283019105924698
2022-04-01,26.664901733398438,27.447519793495168,26.220686654732393,27.32673284930339,517235000,1.2268331387627747,1.2920033355610645
2022-04-04,27.311756134033203,27.509406950687776,26.566073594108467,26.680870583661918,397120000,0.9433333565793092,1.237029029589286
2022-04-05,25.88527488708496,27.270827874661148,25.774470555611817,27.205941957892414,436615000,1.4963573190493307,1.2423055062565171
2022-04-06,24.363967895507812,25.25539310742888,23.9606808533359,24.8900391745293,703833000,1.2947122540929783,1.2680457837823307
2022-04-07,24.165315628051758,24.6784092608977,23.436603251438946,24.397904594724462,557992000,1.2418060094587524,1.2180626342067058
2022-04-08,23.078231811523438,23.880814903915528,23.021333116459182,23.87482496633448,524781000,0.8594817874563461,1.1949604742555031
2022-04-11,21.878353118896484,22.280642378826183,21.621806322763018,22.17483029611759,575207000,0.6588360560631656,1.1588813108728935
2022-04-12,21.466083526611328,22.68493131080964,21.24447483857527,22.497263069478947,662258000,1.44045647223437,1.1878303239245422
2022-04-13,22.163846969604492,22.460324131590653,21.417166779097364,21.689686094459127,516943000,1.0431573524932887,1.0902883182593137
2022-04-14,21.220516204833984,22.736838829968864,21.125684399232618,22.465317170334803,569097000,1.6111544307362458,1.127864832418933
2022-04-18,21.74458885192871,22.049049416277743,21.041829811732452,21.162616730014566,525701000,1.0072196045452912,1.125369109428775
2022-04-19,22.158859252929688,22.33354992197156,21.276417192204843,21.681701448367473,512781000,1.0571327297667175,1.132000282376176
2022-04-20,21.444122314453125,22.630027304843697,21.16261996089313,22.477297203232133,468974000,1.4674073439505655,1.1660115836444136
2022-04-21,20.14741325378418,22.35251790891269,19.964735361645406,21.670721632732782,656209000,2.3877825472672853,1.2668336001754585
2022-04-22,19.480587005615234,20.44987543262351,19.465614065609277,20.267197567812772,624713000,0.9842613670142342,1.249507045050563
2022-04-25,19.86690330505371,19.909826743543505,19.062324927513657,19.168136991505488,641566000,0.8475018160298475,1.2426619350113157
2022-04-26,18.754871368408203,19.753108075976066,18.63707940645143,19.683231811083985,653143000,1.1160286695246349,1.2154956029024089
2022-04-27,18.38252830505371,19.133201147980134,18.257748727324,18.565204266444386,499460000,0.8754524206561349,1.1855484719426344
2022-04-28,19.74711799621582,20.001669421051762,18.457396362070916,18.933554552267157,570327000,1.5442730589808455,1.2071532611942124
2022-04-29,18.51429557800293,20.092507058531055,18.484347793800964,19.367787435913748,500435000,1.6081592647300909,1.2606302238566227
2022-05-02,19.498559951782227,19.53948612130761,18.358573351962736,18.508308488040186,572049000,1.180912769344875,1.2979214176624592
2022-05-03,19.567434310913086,19.79004256378469,19.099261454041525,19.36579084051425,475751000,0.6907811097431669,1.244373177484516
2022-05-04,20.29814338684082,20.364026989571897,18.717934609583033,19.887868830192616,648855000,1.6460923799888647,1.2874399651627715
2022-05-05,18.81077003479004,19.88986315661059,18.46737678729166,19.83196677519654,626331000,1.422486369318932,1.2739636750615346
2022-05-06,18.64206886291504,19.47759284066745,17.958277283967274,18.702962121693464,633297000,1.5193155567001781,1.3105419573583124
2022-05-09,16.92011260986328,18.222809887329202,16.79732840064044,18.00220081323754,644455000,1.4254814866887635,1.3368525828527442
2022-05-10,17.56397819519043,18.165915707053408,16.994983446576878,17.657812330043136,761474000,1.1709322604765298,1.3156757911760273
2022-05-11,16.60067367553711,17.721694464260565,16.538784636687943,17.316410271106523,670167000,1.1829098275726224,1.2296134540549801
2022-05-12,16.146480560302734,16.758400627921947,15.539553695242823,16.19040360695308,708728000,1.2188469326791243,1.2463695658881864
2022-05-13,17.674776077270508,17.896384717582276,16.56373981104597,16.758395637485194,670437000,1.3326449065363057,1.2810226437815049
2022-05-16,17.23356056213379,17.756636828299225,17.075840102694613,17.478129423094728,521446000,0.6807967256046119,1.2499346477872175
2022-05-17,18.14495086669922,18.33860905502481,17.602909000272085,18.042131833684838,585830000,0.7357000547527264,1.2399523359369742
2022-05-18,16.908132553100586,18.08605213605823,16.834263633079882,17.673780282023053,545161000,1.2517885029783464,1.2190605819367957
2022-05-19,17.09380340576172,17.655810314998515,16.704489852561316,16.90713289482446,621310000,0.9513204624371987,1.1721435246301604
2022-05-20,16.664562225341797,17.379299242685832,15.727217918276924,17.301437670488205,739105000,1.6520813244089076,1.2057984214204485
2022-05-23,16.868206024169922,16.885176247645457,16.150473907934177,16.24530571772281,639889000,0.73470233971128,1.2089356521324566
2022-05-24,16.125511169433594,16.567730715048278,15.75217113553823,16.480884249302466,588550000,0.8155595795100474,1.1496118806696838
2022-05-25,16.945068359375,17.08082823067403,15.971787196303193,15.991752387255069,781132000,1.1090410343708363,1.1272229281733914
2022-05-26,17.819520950317383,18.060095188303276,15.99374578065661,16.007721031792844,996575000,2.0663494076466655,1.166296774669569
2022-05-27,18.77783203125,18.84770829801262,18.068085271445213,18.15393407231878,738379000,0.7796230265674069,1.1201640275180436
2022-05-31,18.639076232910156,19.166145079805915,18.317643518254673,18.946531790942434,664100000,0.8485015615512417,1.0971332633090944
2022-06-01,18.287694931030273,19.01940218977042,18.09004412210462,18.690983767171357,544514000,0.9293580676658024,1.0790224233157502
2022-06-02,19.557453155517578,19.584405973838475,18.165912046478592,18.25974616242298,648656000,1.418493927359883,1.0932829229358043
2022-06-03,18.68699073791504,19.297913027935877,18.489339912786797,19.04835384760268,598779000,0.8085731151490805,1.0558492235510024
2022-06-06,18.752872467041016,19.30290143941971,18.531263815257763,19.10525063409832,422406000,0.7716376241619471,1.0623378591622408
2022-06-07,18.892627716064453,18.96649663523193,18.15592818906813,18.439427797960548,388914000,0.8105684461637992,1.0676856014058889
2022-06-08,18.619054794311523,19.15022859840962,18.506229327517012,18.76981947875276,363252000,0.643999270892607,1.024272084828336
2022-06-09,18.01998519897461,18.903611679964875,18.01299609524454,18.452313635347775,395574000,0.8906155847203365,1.0199360221342744
2022-06-10,16.947650909423828,17.669528115431987,16.84281246150541,17.572678573964275,465248000,0.826715653926577,0.9609813313855364
2022-06-13,15.622712135314941,16.28667984582384,15.581775412240182,15.975163876009786,604153000,0.7049044335836587,0.9588529095192778
2022-06-14,15.811420440673828,16.041062986887717,15.38807781748765,15.70658292230231,469680000,0.6529851694000666,0.9472404516542792
2022-06-15,16.50135040283203,16.841820772248433,15.901282374578718,16.070019757799376,563936000,0.9405383976697141,0.9352045490327704
2022-06-16,15.5767822265625,15.917253444550337,15.37709287922616,15.835380002777606,545749000,0.540160565324177,0.8261910602954499
2022-06-17,15.855347633361816,15.970168876163786,15.304204525279786,15.623707445143985,630334000,0.6659643508839999,0.8180725834609207
2022-06-21,16.540285110473633,16.98159844424935,16.381531524997932,16.44942676298862,483089000,0.6000669192514181,0.8003272518680762
2022-06-22,16.334606170654297,16.63613744371276,16.15488526686756,16.200813392123194,437135000,0.4812521768451994,0.7683196882380331
2022-06-23,16.199817657470703,16.559257608685368,15.828394343201415,16.493360062117382,463680000,0.7308632654839524,0.7192032123897524
2022-06-24,17.099414825439453,17.113393032351116,16.2846815144393,16.47438711137464,472153000,0.8287115179118167,0.7206416697299478
2022-06-27,16.842815399169922,17.30310027621306,16.600192553602746,17.285128566242904,427968000,0.7029077226103126,0.7157323910476883
2022-06-28,15.95719051361084,17.175295947359764,15.920247295866085,16.873764714738712,461149000,1.255048651493679,0.7474809771426797
2022-06-29,15.517873764038086,15.795442099062868,15.146451483578412,15.789451847143027,482352000,0.6489906154844558,0.7478375017563831
2022-06-30,15.135468482971191,15.542835120873681,14.838929596334417,15.337154575237786,686070000,0.7039055245392642,0.7345010688863065
2022-07-01,14.500454902648926,15.039616592506377,14.369658695440403,14.875871620652088,577610000,0.6699578970659736,0.7233040862534063
2022-07-05,14.940770149230957,14.947759252201296,14.033181805676074,14.152995407536388,651397000,0.9145774465252217,0.7382807300349465
2022-07-06,15.106513023376465,15.29521975828279,14.766041819442789,14.986699419920392,529066000,0.529177938840002,0.7294373564235134
2022-07-07,15.833383560180664,15.92024840415713,15.36511172210343,15.432008107054722,492903000,0.5551366820536998,0.7019086624509409
2022-07-08,15.81341552734375,16.012106984675512,15.365112136209438,15.406048858995538,467972000,0.6469948484660737,0.709539682675362
2022-07-11,15.128479957580566,15.502897844600374,15.014656599989385,15.50189899317143,437321000,0.4882412446109896,0.6968451750844328
2022-07-12,15.05859088897705,15.407049180495845,14.853909147255308,15.244302067424469,458483000,0.5531400332405365,0.693493254655084
2022-07-13,15.140460968017578,15.35113388131245,14.442546597436209,14.567352563950944,521918000,0.9085872838762405,0.724017190871587
2022-07-14,15.348137855529785,15.448980906104412,14.705137480469018,15.084547722465837,456235000,0.7438434256353936,0.7249443451681186
2022-07-15,15.737532615661621,15.757501074374188,15.421024308590031,15.63469281563619,385935000,0.3364767657841572,0.6897847200161429
2022-07-18,16.076007843017578,16.870771818679195,15.977162485969991,16.276696063894367,670517000,0.8936093327092038,0.7034062635946351
2022-07-19,16.965621948242188,17.08343879377703,16.14689523300348,16.460406952090203,702366000,0.9365435607735506,0.6806558999717688
2022-07-20,17.779356002807617,17.90516175903346,16.774919082030355,16.920692343350403,760538000,1.1302426770031069,0.715031047223101
2022-07-21,18.021982192993164,18.11583614993519,17.517766887314608,17.857239294768945,557049000,0.5980692626205837,0.7074713142289095
2022-07-22,17.292118072509766,17.939111072810018,17.11039945674806,17.86522652815311,536671000,0.828711616061959,0.7188108655857656
2022-07-25,16.997577667236328,17.09742284075761,16.623159694822746,16.992584361146708,480748000,0.47426314593486296,0.6873598441150257
2022-07-26,16.50733757019043,16.8927380811664,16.452422639321977,16.862783963132348,397865000,0.4403154418444224,0.6810125229010557
2022-07-27,17.762386322021484,17.908159601580824,16.886746840994853,17.005561604819313,569776000,1.0214127605859709,0.7143179570819322
2022-07-28,17.956083297729492,18.11184128131467,17.412929010303365,17.947098395523145,474646000,0.6989122710113058,0.7180263444065916
2022-07-29,18.134803771972656,18.21567740251665,17.66453428445213,17.785346732896347,435460000,0.5511431180645197,0.7225193353675581
2022-08-01,18.412378311157227,18.81675040946891,17.96207808023096,18.15377951960492,476469000,0.8546723292379497,0.7440573565102305
2022-08-02,18.497243881225586,18.90860504923339,18.063917500461706,18.09387162144665,489527000,0.8446875487716845,0.7394930897170479
2022-08-03,18.863677978515625,18.938562341322676,18.108850761921115,18.155778702216406,418146000,0.829711579401561,0.7456265292717742
2022-08-04,19.18517303466797,19.24408146520657,18.73087939960465,18.819741947233144,409652000,0.51320206560192,0.758249764973043
2022-08-05,18.95952033996582,19.199147517032394,18.637021835643775,18.78079738012871,386068000,0.5621256813886184,0.7345723613072869
2022-08-08,17.765380859375,18.210689626521116,17.21523743534715,17.474834090197074,981859000,0.9954521911739675,0.7387801206216024
2022-08-09,17.05947494506836,17.41991456445857,16.698037426611428,17.225217600745857,668263000,0.7218771378471409,0.7096111535390334
2022-08-10,18.06890296936035,18.08987027363949,17.290113301019463,17.67052228366937,597422000,0.7997569726200275,0.7240174185389936
2022-08-11,17.914148330688477,18.677962127300052,17.848250796763534,18.10285603043002,509327000,0.8297113305365187,0.7240888267157478
2022-08-12,18.679954528808594,18.688941333595494,17.925127675885207,18.131807046496085,478094000,0.763813657710287,0.7447710061282782
2022-08-15,19.002456665039062,19.134251734089823,18.584108348581022,18.67197109315223,457666000,0.5501433855088003,0.7526158592471622
2022-08-16,18.849693298339844,19.112285523433606,18.472279819564992,18.8906300185085,451240000,0.6400057038686136,0.7253724980530654
2022-08-17,18.306537628173828,18.65899030543156,18.11683393671878,18.49424742554819,446799000,0.542156368712778,0.7141756478888848
2022-08-18,18.743860244750977,18.835716492772463,18.15477592247858,18.27259278693306,415447000,0.6809405702938811,0.7234468944766963
2022-08-19,17.821292877197266,18.49125077215721,17.742415041253963,18.377427421122775,441588000,0.7488357309032452,0.7158871374527889
2022-08-22,17.00756072998047,17.530747560414262,16.939665485324408,17.4628523157582,409593000,0.5910820750898544,0.6977724607612296
2022-08-23,17.154329299926758,17.437888836392574,16.94365639819852,16.962627909583983,369986000,0.4942324381940537,0.6738096649606933
2022-08-24,17.195268630981445,17.37898304673185,16.868776526107535,16.985593596633255,522661000,0.5102065206243154,0.673595697462293
2022-08-25,17.88519287109375,17.919140487325382,16.806869484666464,16.81785208888546,770691000,1.1122710026589182,0.712891791838743
2022-08-26,16.23476219177246,17.89617896439729,16.211797175282506,17.829283522466564,769127000,1.6843817891147843,0.7621010488345156
2022-08-29,15.776471138000488,16.312637235028117,15.742524473597898,15.99513199090072,496132000,0.5701127614302184,0.7512607362333068
2022-08-30,15.443990707397461,16.01410353790401,15.158434390290923,15.935226643010983,530181000,0.8556691476130869,0.7552544630185254
2022-08-31,15.07056999206543,15.51587778140862,14.935779319161014,15.360119797456045,573710000,0.5800984622476051,0.7374249724264601
2022-09-01,13.915367126464844,14.3576793375617,13.249402633212377,14.186944285529073,1178865000,1.1082767043493238,0.7620294757578199
2022-09-02,13.625815391540527,14.149001175520134,13.56990161470963,14.078112245537563,743157000,0.5790995608105032,0.7640977739936557
2022-09-06,13.444098472595215,13.757611180820414,13.330275114521564,13.709685355906469,535751000,0.42733606629884946,0.7489070855958155
2022-09-07,13.69678020477295,13.820625056780996,13.329242241678006,13.545969780215222,512657000,0.4913828151029893,0.7452804031951163
2022-09-08,13.972433090209961,13.990411090298151,13.352213517895981,13.442099708429629,624873000,0.63819757240217,0.742227331917137
2022-09-09,14.368935585021973,14.455826240046429,14.108263619948604,14.139223880637113,486612000,0.34756262009782546,0.713564966859607
2022-09-12,14.486785888671875,14.528732965535994,14.18017123484447,14.350956986689939,484159000,0.3485617306915234,0.696242085116869
2022-09-13,13.114511489868164,13.904518628297684,13.082552082468736,13.784669421834586,714956000,0.821966545828948,0.7196516642336472
2022-09-14,13.111518859863281,13.273315181621578,12.89678862678675,13.237360125960722,588507000,0.3765265548348289,0.7101030952486839
2022-09-15,12.912765502929688,13.21638368394048,12.773940100304305,12.998657958319333,523625000,0.44244358363617486,0.6622582796042022
2022-09-16,13.181429862976074,13.195412225015103,12.601158980925465,12.726002043403634,670751000,0.5942532440896375,0.5843919549595489
2022-09-19,13.365198135375977,13.446096763090381,12.99366546083005,12.995662804943986,569685000,0.45243130226033124,0.575986136447414
2022-09-20,13.159455299377441,13.46606997721802,13.040605238954448,13.198406839856672,524818000,0.425464738263571,0.5452572500653058
2022-09-21,13.244349479675293,14.013383142940281,13.09353904887106,13.196410364553508,807679000,0.9198440940692212,0.5695247951954212
2022-09-22,12.545228958129883,13.132490994300221,12.412396524843558,13.053589709999544,759162000,0.7200944694566633,0.5417974927030883
2022-09-23,12.500285148620605,12.595166136683892,12.241610515089357,12.404405964748552,663309000,0.35355562159453413,0.5256872113305191
2022-09-26,12.212646484375,12.643106039060946,12.198664123420288,12.475316755127498,547343000,0.4444419156406578,0.5269090577120769
2022-09-27,12.39741325378418,12.720007620899862,12.242608152089579,12.491295081972565,553854000,0.47739946881028317,0.5259102472625978
2022-09-28,12.720008850097656,12.806899506976707,12.338488516455438,12.394417959508273,542414000,0.468410990521269,0.5137826342711049
2022-09-29,12.204659461975098,12.484307687481088,11.931003269829544,12.432372921782267,532763000,0.5533044176515443,0.5284784769535135
2022-09-30,12.123758316040039,12.617138488258727,12.059838544347494,12.071823561069651,565638000,0.5572999439112323,0.5433883493263497
2022-10-03,12.49629020690918,12.662082145584952,12.089800688912364,12.331497416498822,547478000,0.572281456672588,0.5255537001008955
2022-10-04,13.150468826293945,13.203402735078242,12.86283029973038,12.86283029973038,584182000,0.3405724353478625,0.5229855487089693
2022-10-05,13.192416191101074,13.304276043779296,12.60515506009069,12.894790937010699,507131000,0.6991209836886068,0.5413196487127144
2022-10-06,13.113513946533203,13.63885351819357,13.086547421310968,13.203401093971486,644157000,0.552306096882603,0.538323423912212
2022-10-07,12.060837745666504,12.654091789877265,12.006905646417971,12.48929899981872,672478000,0.6471861434592938,0.5522344839978521
2022-10-10,11.655348777770996,12.108778315761493,11.393677626274178,12.021887648057012,698699000,0.7151006894873149,0.5729227662281196
2022-10-11,11.571452140808105,11.831124940290422,11.268832162087126,11.546482961306186,667482000,0.5622927782032967,0.5473833865234107
2022-10-12,11.48556137084961,11.720265977710053,11.330756245153442,11.564462656173577,492590000,0.38950973255661125,0.5237701910305498
2022-10-13,11.944985389709473,12.062837282353456,10.799425027272152,10.957226665601702,850103000,1.2634122550813043,0.5887599505653192
2022-10-14,11.212903022766113,12.095792850477494,11.189932138993667,12.0418607547837,713432000,0.9058607114838271,0.6217184359826884
2022-10-17,11.873071670532227,11.932996747101859,11.502538201372328,11.503536397037033,580774000,0.4304585457295307,0.6183655129054918
2022-10-18,11.951972961425781,12.476313334237036,11.603411226043535,12.32849941509377,659362000,0.8729021081935002,0.6472577355963655
2022-10-19,12.035869598388672,12.334494942688758,11.819142034502585,11.864085613152273,523131000,0.5153529081861734,0.644546913491696
2022-10-20,12.178689002990723,12.752966821066378,12.089800053684597,12.097790381957378,652398000,0.6631667673817816,0.6521088294538782
2022-10-21,12.450347900390625,12.48230826375368,11.872075344682253,12.08280991281554,609494000,0.6102329190714268,0.6548196481966524
2022-10-24,12.583181381225586,12.69404207682602,12.048853249537009,12.492296031938748,517457000,0.6451888272890116,0.6765779619067345
2022-10-25,13.244349479675293,13.283301022718456,12.648098936943423,12.678061955431058,505482000,0.6352020857750329,0.6720123263414791
2022-10-26,12.879807472229004,13.371189335313101,12.69204380253107,12.852841899654189,532953000,0.6791455327820319,0.6810722860485813
2022-10-27,13.159455299377441,13.820624719501696,13.105523203117375,13.612885710217384,583113000,0.7151015163843208,0.6859233841146546
2022-10-28,13.816628456115723,13.832609111860705,13.044599338614265,13.087545565034905,521040000,0.78800977324644,0.691131175811735
2022-10-31,13.48005199432373,13.820624367893192,13.280303318353992,13.76069928886386,486341000,0.5403210495391999,0.6895617666214423
2022-11-01,13.525994300842285,13.907514593667278,13.502024269962124,13.793657423224907,432817000,0.4054903237051537,0.6907032374177667
2022-11-02,13.202401161193848,14.192156967485618,13.194411785659703,13.832609351575078,672628000,0.9977451818259144,0.6717270178995246
2022-11-03,13.40414810180664,13.7636966949046,12.939732756516582,13.02662341252142,500065000,0.8239639383880171,0.665877248392681
2022-11-04,14.138226509094238,14.21113480790427,13.679802221837274,13.968439877143796,612576000,0.5313325860669948,0.6730825369882142
2022-11-07,14.28304386138916,14.39390455505636,13.93648037167957,14.210135563074418,410061000,0.4574241833767889,0.6434055423584492
2022-11-08,14.58366584777832,14.872302535108739,14.198149880032776,14.782415387435028,595292000,0.6741526550759627,0.6547483814220055
2022-11-09,13.758705139160156,14.193159443673311,13.741726283453678,14.14422022090575,454414000,0.45143316021963287,0.6396245523389948
2022-11-10,15.730225563049316,15.753196449879484,14.528735884798065,14.78141849736078,700819000,1.2244605650814187,0.6834979556254229
2022-11-11,16.306499481201172,16.368421908305677,15.462561149104959,15.787152888563263,655487000,0.9058607592007188,0.702117379333402
2022-11-14,16.274538040161133,16.519231225758354,15.9020062807447,16.197635066244544,527852000,0.6172249450136533,0.7008332978504462
2022-11-15,16.64507484436035,16.976656817848582,16.361431033277864,16.70100428796189,545876000,0.6152257845707183,0.6962676015496382
2022-11-16,15.890023231506348,16.341455364463524,15.853069985925872,16.14170762768842,649547000,0.48838537853765196,0.6800735917034475
2022-11-17,15.657315254211426,16.245576378644603,15.515493358092419,15.695267646270135,710894000,0.7300830205521844,0.6759359665110007
2022-11-18,15.389652252197266,15.981908069637043,15.101014621390979,15.945952068716577,492072000,0.8808934482460646,0.7002625664186339
2022-11-21,15.297768592834473,15.45756754683471,15.06106570167587,15.127981966089996,404739000,0.39650184515883957,0.6996205322367544
2022-11-22,16.01786231994629,16.037837664544167,15.103012110863446,15.308753778828079,472866000,0.9348255536807208,0.6951262730835263
2022-11-23,16.498258590698242,16.506249872107517,16.02785119143118,16.07778765170836,427241000,0.47839868067633873,0.6704430403898349
2022-11-25,16.249570846557617,16.466297423181434,16.151694328082346,16.297510910083282,167934000,0.3146030950990877,0.6549623624635558
2022-11-28,15.807126998901367,16.336462207153392,15.7052557881983,16.005876536577063,303741000,0.6312064189550917,0.6673753792905774
2022-11-29,15.619363784790039,15.911996118227389,15.500513718012343,15.807127459770173,298384000,0.41148240021504634,0.6486132182290835
2022-11-30,16.906076431274414,16.91306940041339,15.581402288704355,15.681301711729667,565298000,1.3316671117090362,0.711487071906898
2022-12-01,17.11786460876465,17.247733765667537,16.618364626853012,16.98200093379881,470977000,0.6293691388145248,0.6689805414592627
2022-12-02,16.859121322631836,16.91606542821989,16.428552620891118,16.642339295101205,371389000,0.48751280732877333,0.6390985448969808
2022-12-05,16.59339141845703,16.978006665855066,16.455528923945028,16.662322665713035,352255000,0.5224777419100377,0.6323308875324368
2022-12-06,15.971012115478516,16.556425555356533,15.803179908628083,16.513469290675516,352694000,0.7532456467284501,0.642189449115132
2022-12-07,16.10387420654297,16.169808164146705,15.65132637159339,15.75622182381038,372388000,0.518481792553315,0.6443391929733936
2022-12-08,17.15182876586914,17.161818992856777,15.943037976538454,16.2567250065392,515456000,1.2187810163183226,0.679246192670975
2022-12-09,16.98399543762207,17.565414066145607,16.958022372086035,17.14283680576932,465338000,0.6073916940595723,0.6597103530862255
2022-12-12,17.51746368408203,17.52046094302297,16.78020276960981,17.019962525032387,457328000,0.7402581734131601,0.6842643765329627
2022-12-13,18.05392837524414,18.77121078174227,17.693289316822757,18.512469006153694,656589000,1.0779214649195126,0.6944855130500193
2022-12-14,17.65632438659668,18.233747362128558,17.402578696343596,17.969011087419783,496888000,0.8311686657849613,0.7196833691292065
2022-12-15,16.93504524230957,17.302677220211773,16.68329837585279,17.128851458484657,478542000,0.6193788443589838,0.7414530655049134
2022-12-16,16.554426193237305,17.023957357323482,16.393587913415725,16.847134332454832,478232000,0.6303694439077567,0.7413932815729609
2022-12-19,16.23774528503418,16.592389818438555,16.128855034819484,16.55542806937623,354039000,0.4635347836190711,0.7451113089589627
2022-12-20,16.06891632080078,16.293691733158465,15.836150439306303,16.0479374093435,403260000,0.45754129385216125,0.6826737505406145
2022-12-21,16.484493255615234,16.61036857261578,16.085892213568325,16.097881246349655,325025000,0.5244763590474548,0.6751814091286809
2022-12-22,15.323660850524902,16.121862595151498,14.867118068515888,16.077905969874042,565045000,1.2547445266356103,0.7299836747934549
2022-12-23,15.190791130065918,15.323657522843318,14.868114243720173,15.180800903515912,349326000,0.45554327912314463,0.7252026417372484
2022-12-27,14.106879234313965,15.084900321940324,14.04194370104502,15.058926299176873,464902000,1.0429566208953052,0.7458962827491665
2022-12-28,14.021964073181152,14.247737902630835,13.870115648293575,13.913072868778418,351066000,0.3776222543372594,0.7358348871623054
2022-12-29,14.588397979736328,14.66831791059792,14.212774495230988,14.387599701260994,354923000,0.45554341536693244,0.6813179156657776
2022-12-30,14.599384307861328,14.614368696054798,14.218764842042592,14.319663660456738,310490000,0.3956038540122062,0.6661902128052514
2023-01-03,14.300683975219727,14.981003655234762,14.081903121676092,14.836148204062967,401277000,0.8991005335586699,0.6775360956727878
2023-01-04,14.73425006866455,14.838146156406989,14.226758666083303,14.552432867835895,431324000,0.6113874903236862,0.6442122403445145
2023-01-05,14.250733375549316,14.549434120901816,14.133849812431897,14.476507176700567,389168000,0.4155843084699189,0.61452764339344
2023-01-06,14.84414005279541,14.994989063943777,14.01996530735585,14.45952485401676,405044000,0.9750237565879267,0.6399308514097931
2023-01-09,15.612370491027832,16.03994193956856,15.125857081198152,15.268714667138873,504231000,0.9140848583704084,0.6601962381571254
2023-01-10,15.893091201782227,15.946037698097602,15.456527932742713,15.491492779879401,384101000,0.48950976535488877,0.662051593995398
2023-01-11,15.984996795654297,16.011970219679487,15.547435115356448,15.824158513514837,353285000,0.4645351043230388,0.6625511518861751
2023-01-12,16.494487762451172,16.620361206682915,15.476506765719616,16.083899486490765,551409000,1.143854440963299,0.7067924434515925
2023-01-13,16.882099151611328,16.905076865313244,16.148833986111153,16.261719936070204,447287000,0.756242879202091,0.6711851829206268
2023-01-17,17.684295654296875,17.710270626929983,16.88209924852682,16.88209924852682,511102000,0.8281713784031624,0.6978014757263423
2023-01-18,17.3596248626709,17.855127276963216,17.264718637422014,17.649333889444033,439624000,0.5904086395412023,0.665476619915335
2023-01-19,16.748233795166016,17.179802892609352,16.71426930548233,17.018962694085385,452932000,0.4655335871270232,0.6717560008288895
2023-01-20,17.821157455444336,17.83814064956411,16.808171757754756,16.993984631195573,564967000,1.0299688918093537,0.7127863920033483
2023-01-23,19.173805236816406,19.22575327562238,17.800180419919084,18.045932771346358,655163000,1.4255728557032974,0.7863556064098548
2023-01-24,19.245737075805664,19.475508556003312,18.801182318643175,18.808175289131913,496204000,0.6743262373601375,0.770300299538531
2023-01-25,19.30367660522461,19.350630488500357,18.561419588158877,18.894086765066024,449537000,0.7892109003414802,0.7830019716826592
2023-01-26,19.782194137573242,20.14583038584764,19.258718073312,19.68129532518558,489535000,0.8871123125356384,0.8166825434016391
2023-01-27,20.344635009765625,20.607372500637613,19.38559591313847,19.442538121142203,542142000,1.2217765874991429,0.8343077456095831
2023-01-30,19.142841339111328,20.119862210867108,19.130852300870522,19.93005355617551,488611000,0.9890099099965859,0.839659535011453
2023-01-31,19.5174617767334,19.667311381220713,18.931048939885837,19.150828232771158,498017000,0.7362624413348762,0.8572847261528806
2023-02-01,20.92205810546875,21.170807752513607,19.5913893538845,19.67130927886173,660477000,1.5794183986291053,0.9369192471747425
2023-02-02,21.687288284301758,21.927048029670438,20.679298521540353,20.978997726890935,564276000,1.2477495081300845,0.9443403234009414
2023-02-03,21.078895568847656,21.723250879049424,20.76820581662644,20.978995210566314,429366000,0.9550450624229825,0.9585404793452909
2023-02-06,21.06791114807129,21.54842912938245,20.76521275361375,20.78519321039508,452197000,0.7832163757686992,0.9553294077285435
2023-02-07,22.150827407836914,22.23674185018041,21.128849688047,21.36061803940656,664150000,1.1078921621334104,0.9922925164851298
2023-02-08,22.182798385620117,22.855125825900906,21.985994851870544,22.36461562133086,559651000,0.8691309740303623,1.0211209012639397
2023-02-09,22.314664840698242,22.99698246425479,22.097882766878527,22.58339687022351,523876000,0.8990996973762613,1.011773101661576
2023-02-10,21.243732452392578,22.05591910392087,20.790187926657033,21.668308556927258,550737000,1.265731177263838,1.0003558389159004
2023-02-13,21.766212463378906,22.02595269628812,20.94103823644768,21.516462459286352,474919000,1.0849144598404372,1.0296835690930646
2023-02-14,22.948030471801758,23.025951590397128,21.34463396769386,21.556421868382394,675474000,1.6813176227032685,1.0934054778331923
2023-02-15,22.741233825683594,22.832142420903672,22.08389284711268,22.526448693208266,420575000,0.7482495737909929,1.0834867107800032
2023-02-16,21.979999542236328,22.52744999044247,21.905073777556623,22.110867159447228,412026000,0.6223762128858468,1.0406723983076251
2023-02-17,21.36661148071289,21.71825874769265,20.95402439345479,21.609368499758,465888000,0.7642343542378605,1.024617001467716
2023-02-21,20.63434410095215,21.472503832330847,20.597380448319672,20.97899838851901,410015000,0.8751233840111752,1.034535640230309
2023-02-22,20.733245849609375,21.082896233045748,20.400578664452947,20.686293870610594,513184000,0.6823175685928007,0.97045700951343
2023-02-23,23.64033317565918,23.86411008296413,23.001972300962063,23.416558173795323,1117995000,0.862137782002069,0.9429133147900003
2023-02-24,23.262712478637695,23.4505261030738,22.924052694816517,23.201774563076796,589716000,0.5264734082572815,0.9123010537781645
2023-02-27,23.477497100830078,23.85611778942511,23.43054512484724,23.64632871610379,452994000,0.4255726645778708,0.8867550744073911
2023-02-28,23.192779541015625,23.80117159295259,23.18278931411265,23.348623650908365,455963000,0.6183822788399382,0.8517900827435716
2023-03-01,22.6752986907959,23.2327411745783,22.485488184590242,23.168804101489602,460026000,0.7472529899880591,0.8430845124548357
2023-03-02,23.290685653686523,23.35661963979288,22.40956766613419,22.465513328824382,389415000,0.947051973658688,0.8465096750464376
2023-03-03,23.86610984802246,23.876100076867033,23.10686960480691,23.296680141971127,412393000,0.7692304720601228,0.8110453389604579
2023-03-06,23.53044891357422,24.223753312723673,23.46351456628389,23.867111836342136,437429000,0.7602387464397822,0.7878542165746969
2023-03-07,23.268661499023438,24.104966338425466,23.22169964405819,23.580402685270712,515154000,0.8832666943672756,0.7308505788364117
2023-03-08,24.160917282104492,24.179902508727604,23.404546005900805,23.467493409570896,513573000,0.7753565028267992,0.7327867880532549
2023-03-09,23.416536331176758,24.433690492678082,23.363578947056098,24.15492097788689,501257000,1.0701115456219839,0.7647678832486934
2023-03-10,22.94593048095703,23.607381425129905,22.70712862155447,23.389562036275382,474866000,0.9002528035754338,0.7744834867728058
2023-03-13,22.946929931640625,23.278654989366956,22.27848671220757,22.733108829622278,421890000,1.0001682771593856,0.7834152648548207
2023-03-14,24.043014526367188,24.198885099892102,23.440514699524858,23.47648600465492,474910000,0.7583704003672445,0.7888476099815668
2023-03-15,24.20787811279297,24.265828599325392,23.340598998344493,23.741265018407983,524486000,0.9252296009808987,0.7933541684800546
2023-03-16,25.519792556762695,25.566752509117528,23.874158867454014,24.00704975815061,583253000,1.692593641663514,0.876648470866214
2023-03-17,25.703638076782227,26.377078166810012,25.646684297201393,25.960424630848856,848547000,0.7303938696086192,0.898421414082696
2023-03-20,25.878490447998047,26.00238801858856,25.109129452450585,25.593727284385547,432747000,0.8932585661379768,0.9180554346039845
2023-03-21,26.177244186401367,26.370084715171625,25.359924553123577,26.158260863210074,547408000,1.0101601620480487,0.9368345183225552
2023-03-22,26.446022033691406,27.566091472465203,26.215212950904103,26.40305656588551,797295000,1.3508785215610999,0.965679271744156
2023-03-23,27.16841697692871,27.476161737040666,26.667833622545924,27.09247988394922,564889000,0.8083281144947421,0.968471960489486
2023-03-24,26.756759643554688,27.144437901398717,26.333111984663837,27.008551168176222,454920000,0.8113259167348801,0.972121044081993
2023-03-27,26.508968353271484,26.977578750651066,26.343105836527318,26.814714001840976,361026000,0.634472914123748,0.9543500597788839
2023-03-28,26.38806915283203,26.490984262629247,25.828534706856463,26.425039083852294,356104000,0.6624495557727847,0.9462852778464542
2023-03-29,26.96158790588379,27.055509697714722,26.57491019469119,26.802721471437458,393694000,0.4805995030235337,0.9041772748037078
2023-03-30,27.360261917114258,27.476166724602162,27.07949510855174,27.206390462009303,364516000,0.39667161605042267,0.8682071899804927
2023-03-31,27.753934860229492,27.81088673556325,27.082491993767807,27.117462777878853,433933000,0.7283947417954444,0.8487947945973541
2023-04-03,27.9417781829834,27.97674896673063,27.31330079051416,27.486157467758918,398716000,0.6634481762164697,0.8420146357294416
2023-04-04,27.43020248413086,27.976749146372356,27.284323812201485,27.942776983152683,368592000,0.6924253341708706,0.8253857595287253
2023-04-05,26.85867691040039,26.97557842011288,26.37308045320567,26.80672004860662,515015000,0.6024979669072081,0.7475217827604178
2023-04-06,27.014551162719727,27.05751472693762,26.40505705103106,26.561926278385005,397654000,0.6524576759065575,0.741954911781699
2023-04-10,27.556100845336914,27.59806578859015,26.646856596653627,26.800728055248833,395279000,0.951209191936524,0.746094242195881
2023-04-11,27.146438598632812,27.76692318959248,27.103473133288535,27.700978013397847,314378000,0.6634500563039438,0.7213292346427307
2023-04-12,26.472999572753906,27.445191173354328,26.426037716955808,27.347272978771652,446259000,1.01915345639852,0.6976345871311178
2023-04-13,26.441024780273438,26.864672482211642,26.307137180511106,26.71179965358217,353615000,0.5575353017005362,0.6797208147886745
2023-04-14,26.73577880859375,26.860675005002047,26.198225472529604,26.481990027168322,395660000,0.6624495324724435,0.6690867873413576
2023-04-17,26.979581832885742,26.983578222125814,26.411054013096596,26.542944386844006,321471000,0.5725242090292184,0.6646618798346056
2023-04-18,27.644023895263672,28.086656800927294,27.334281866827425,27.51013630310621,604812000,0.7523749340998691,0.671085121143683
2023-04-19,27.907804489135742,27.976747432102734,27.2093855674829,27.33827814990457,358660000,0.7673618646198328,0.6915681469719901
2023-04-20,27.081493377685547,28.00672503718342,26.97757964609056,27.648021986147068,427713000,1.0291453910928574,0.7367448451893068
2023-04-21,27.096477508544922,27.16042543986034,26.699807852164234,26.929616382803516,345103000,0.46061758769610606,0.7176179056107826
2023-04-24,27.019548416137695,27.343278823169992,26.648856146198746,26.99057316398151,339282000,0.6944226769712465,0.7198303699504096
2023-04-25,26.219209671020508,27.22437484436602,26.20322411553106,27.055514550596037,378527000,1.0211507288349608,0.7433107552835588
2023-04-26,26.933616638183594,27.30730663861179,26.682825603237607,26.979579875522322,406337000,0.6244810353741848,0.7448809744597715
2023-04-27,27.203388214111328,27.472165811654104,26.602887521704268,27.34027547020775,377161000,0.8692782899498361,0.7603681611771486
2023-04-28,27.7259578704834,27.734949268700237,27.04851947681164,27.20239283065348,292216000,0.686429791888596,0.7414553468880108
2023-05-01,28.8859920501709,29.033869862760206,27.756931277189757,27.81688091763852,570329000,1.2769385855704485,0.7852759561213326
2023-05-02,28.18657112121582,28.812052594905946,28.059677690450954,28.65618201325228,402730000,0.7523749044549923,0.7662203452682235
2023-05-03,27.778913497924805,28.34344486027376,27.449187603389927,27.81688204976608,383387000,0.894257256883833,0.7902719134956018
2023-05-04,27.539112091064453,27.83586443324702,27.217378984903736,27.628036978765422,321850000,0.6184854483432858,0.7871316217720905
2023-05-05,28.656185150146484,28.731121728563178,27.707973770612693,27.802894198913098,361494000,1.023147957950485,0.8193190324093239
2023-05-08,29.126792907714844,29.19573585601291,28.326459346526057,28.498315501122327,344979000,0.869276509486852,0.8276691449369655
2023-05-09,28.547271728515625,28.94893830563209,28.426373831725307,28.875000355164328,314869000,0.5225644739067832,0.8101836170288905
2023-05-10,28.86101531982422,29.08882663839483,28.437367605326653,28.98091460956097,369350000,0.6514590330681784,0.7832060200271277
2023-05-11,28.55426788330078,28.92596062028458,28.22254475076314,28.872004608217654,322149000,0.7034158695214394,0.8005487544432229
2023-05-12,28.31646728515625,28.756102453152394,28.022710790728325,28.505309520725387,274222000,0.7333916624240686,0.8033322534041388
2023-05-15,28.928955078125,28.94494253797439,28.12862158025983,28.484324933585533,293926000,0.8163209577145629,0.7887015554669675
2023-05-16,29.188739776611328,29.845195673358166,28.808057560657943,28.81704895850863,449405000,1.037138112700223,0.818177060990256
2023-05-17,30.152938842773438,30.173921312310178,29.40556081091014,29.55943225417957,432535000,0.7683605014000392,0.8109686475224134
2023-05-18,31.651695251464844,31.80157031583205,30.29482308288843,30.38474850266172,748725000,1.5067472329436171,0.8695627504549149
2023-05-19,31.238037109375,31.553774675559076,30.89032652886848,31.509810589762786,473908000,0.6634481466905946,0.8257420048206396
2023-05-22,31.150108337402344,31.49382250168603,30.654519985100055,30.875335205487943,372000000,0.839302516585974,0.8319511199728525
2023-05-23,30.662513732910156,31.262015821714414,30.605561863481356,30.974254895318953,356253000,0.6564539582330582,0.8149651700692259
2023-05-24,30.512643814086914,30.58158676598894,29.781251257198175,30.184915137347215,721419000,0.8003355087907664,0.8279544601011887
2023-05-25,37.94846725463867,39.44722190361269,36.604582699702306,38.491015705753476,1543911000,2.8426392039103874,0.9579181205268961
2023-05-26,38.913658142089844,39.137471155324974,37.51881748077454,37.858535295090505,714397000,1.618653674550437,1.0114450608885808
2023-05-30,40.077693939208984,41.903176556488546,39.91582970590061,40.56129320908205,923401000,1.987346850587933,1.1160723735086628
2023-05-31,37.802581787109375,40.26153667698876,37.79059071532984,39.45520761311079,1002580000,2.47094596165892,1.2460357255508587
2023-06-01,39.73698043823242,40.01674674166672,38.30816742592722,38.45704197696047,635873000,1.7085793157394988,1.3178331145664344
2023-06-02,39.29433822631836,40.46636437435307,39.02556062706971,40.06369919155993,482731000,1.4408037472833612,1.3683625491992408
2023-06-05,39.13846969604492,39.53213967153062,38.6748543493484,38.87668625179113,396094000,0.8572853221822214,1.3712885752326451
2023-06-06,38.62190246582031,39.12748282035394,38.116322111286685,38.79775882224138,388729000,1.011160709067255,1.3694330464017188
2023-06-07,37.44775390625,39.470284518759414,37.328840938446405,38.88670945650624,511998000,2.141443580313009,1.4675104091812166
2023-06-08,38.48200607299805,38.83574884803621,37.47773933461828,37.69657810413266,417772000,1.358009513417933,1.4568862863579535
2023-06-09,38.74181365966797,39.68212760699857,38.53896213031096,39.00861783598584,427717000,1.1431654766876065,1.4911518099291687
2023-06-12,39.45328903198242,39.50125446413874,38.589918877015606,39.171496406477914,388701000,0.9113355871231335,1.4962970292532514
2023-06-13,40.99217987060547,41.07112482299617,39.71111409271858,40.15678903495475,613208000,1.3600107302775868,1.5465510843992891
2023-06-14,42.96574401855469,42.96874019088657,40.52251795887016,40.79432339392405,740465000,2.44622223201641,1.6641144217725494
2023-06-15,42.62199401855469,43.25753327513272,42.116361328067455,42.571032403423146,568622000,1.141171947065267,1.5425810462836123
2023-06-16,42.66096115112305,43.689212322344694,42.6299816471878,43.41840945055139,655709000,1.059230675156897,1.5026222606126451
2023-06-20,43.776145935058594,43.95801662220809,42.64297159288135,42.96673732432782,451153000,1.3150450293267397,1.4546007019511313
2023-06-21,43.013710021972656,43.583299212657124,42.04941511162373,43.46937984975044,551603000,1.5338841010333937,1.3876677119064509
2023-06-22,42.99372100830078,43.39442663272672,42.20329572401854,42.22227910485018,417737000,1.1911309087081818,1.350707111404214
2023-06-23,42.178314208984375,42.77787649157712,41.98445500064074,42.4331298944521,358140000,0.7934214909363746,1.3044655216651435
2023-06-26,40.60246276855469,42.732912892803704,40.070848008649996,42.43013175413964,594322000,2.6620648841537076,1.4333783475202497
2023-06-27,41.84555435180664,41.90950699852485,40.41859495947549,40.769337698334375,462175000,1.4909120390493555,1.4676462996618282
2023-06-28,41.08710861206055,41.81457999808646,40.488545059577945,40.63044011815251,582639000,1.3260349385085135,1.4094028252472215
2023-06-29,40.792320251464844,41.56975450915622,40.57048152757147,41.527785226902004,380514000,0.9992729815847525,1.3837787872591372
2023-06-30,42.27124786376953,42.51906868482128,41.47083144000187,41.64970217474364,501148000,1.0482372448194113,1.3769981992685518
2023-07-03,42.382164001464844,42.8668120169638,42.171318861986485,42.48608848507777,198209000,0.6954931549773136,1.3615808826867075
2023-07-05,42.28623580932617,43.14560736549417,42.05440222255246,42.104365108899316,323618000,1.0912051429417104,1.3423804835912878
2023-07-06,42.072391510009766,42.14833647102733,41.31594188398918,41.81358093287342,303582000,0.8323945870381451,1.2271070803785544
2023-07-07,42.472103118896484,43.18258864442645,42.14933985780963,42.291234930923494,355881000,1.0332487866168236,1.2193982832036656
2023-07-10,42.14933395385742,42.77987571297271,41.618717966437515,42.625988347315335,353908000,1.1611577465351957,1.2266787883021155
2023-07-11,42.37417221069336,42.72691623562603,42.03642048343686,42.45011717550455,298244000,0.6904957521891646,1.1820681256494316
2023-07-12,43.870079040527344,43.90305599140233,42.74589703423399,43.001711413643235,481277000,1.1571589571683418,1.155159186801928
2023-07-13,45.94357681274414,46.12144500110187,44.459655768689124,44.485637843052004,478204000,1.661789232412744,1.188777638495111
2023-07-14,45.43594741821289,48.053042979669556,45.027244350268305,46.54913599395856,772075000,3.025798629401251,1.3482331483854593
2023-07-17,46.427215576171875,46.46218997431585,45.22908989980868,46.255343569249206,510488000,1.2331000745071705,1.2461642334107066
2023-07-18,47.45947265625,47.86118084029625,45.70075380485252,46.66704987722195,569164000,2.160427035443732,1.293986733153162
2023-07-19,47.04277038574219,47.78323273939186,46.708014876201304,47.42949003823852,427502000,1.0752178631905593,1.2760712277733082
2023-07-20,45.486907958984375,47.052770110424305,45.029240736563175,46.473189933800484,537865000,2.0235293738611304,1.3492323986501924
2023-07-21,44.27678680419922,45.83265793125683,44.067939106833165,45.754711707343915,963769000,1.7647188244236673,1.4004096543362106
2023-07-24,44.579566955566406,45.076207287411634,44.00798419764258,44.69847992512501,382516000,1.068223089769056,1.4270332211070493
2023-07-25,45.64578628540039,46.149417616243355,44.89033547721247,44.90832394413835,348081000,1.2590821390308875,1.4390244351134192
2023-07-26,45.41896057128906,46.019525442170895,44.597559486500465,45.98754720872081,364237000,1.42196595567043,1.481136675730011
2023-07-27,45.86663055419922,47.360542567448725,45.716738084889066,46.48518000024853,455976000,1.6438044825596592,1.524747796868785
2023-07-28,46.71601104736328,46.9928100852104,46.34727984222391,46.63406993246034,331194000,0.6455302429864886,1.48791726090102
2023-07-31,46.69502639770508,47.095735831876695,46.47218895380473,46.72000974655935,251055000,0.6235468780719629,1.4831351984640773
2023-08-01,46.47319030761719,46.86590615971662,45.99353971547932,46.42622359131387,237858000,0.8723664442373007,1.46279287611186
2023-08-02,44.236820220947266,45.80667734864654,43.35546141010275,45.79768501941141,530142000,2.4512159385437897,1.5191804979783632
2023-08-03,44.48263168334961,45.08519387093538,43.768151421029266,43.768151421029266,324176000,1.3170424499061113,1.3971264851572818
2023-08-04,44.64752197265625,45.60882067268021,44.36073184609566,44.95230057010458,362666000,1.2480888265845493,1.398197110305666
2023-08-07,45.38397979736328,45.50689146915822,44.53060059886417,45.078202515862756,322154000,0.9762908702940507,1.3136159556521174
2023-08-08,44.631534576416016,45.209113535751534,44.023974832392284,44.82039636629239,353843000,1.1851387033592502,1.3214674442355954
2023-08-09,42.52306365966797,44.279784996235016,42.10336702177276,44.2418106099287,586449000,2.176417974462254,1.332388058564247
2023-08-10,42.357181549072266,43.542320070346236,41.80458221463355,42.12934668006803,492705000,1.7377378557126875,1.3304608465134626
2023-08-11,40.82529830932617,41.98745483103536,40.609455735906536,41.72064683355446,533085000,1.3779990951288212,1.3525877040391603
2023-08-14,43.721187591552734,43.76815430441539,40.28169257903262,40.456564582325726,690286000,3.4864617253827674,1.5116862459214373
2023-08-15,43.90805435180664,45.23509182651046,43.67822201869262,44.52760635786077,676512000,1.55686980781784,1.521322235360538
2023-08-16,43.45438003540039,44.64251465307659,43.37443637616986,44.48762857822179,527451000,1.2680782769067278,1.4944846492424715
2023-08-17,43.31248474121094,44.029961162547856,42.9697318315635,43.93802900451183,452395000,1.060229330984356,1.5241060126708905
2023-08-18,43.26751708984375,43.54631355808522,41.6297088674994,42.603998420369834,583768000,1.9166046905858138,1.6164672849933086
2023-08-21,46.93285369873047,47.030782025071126,44.18985040134457,44.46165201493228,692573000,2.8409316237265543,1.7570790835282553
2023-08-22,45.634796142578125,48.15196569860594,45.30004062070193,48.10000155373569,755293000,2.8519250779040135,1.7857011649111283
2023-08-23,47.08175277709961,47.165691352034756,45.17513874604211,45.83266139495846,779046000,1.9905526059926473,1.8338090332030237
2023-08-24,47.12871170043945,50.229456525679716,47.12471680402284,50.17949363700367,1156044000,3.104739721656877,1.9664269542796187
2023-08-25,45.98455047607422,47.77025023235798,44.99126973402356,46.97782740620056,925341000,2.7789804983344197,2.095190499139645
2023-08-28,46.80095291137695,46.945847962697144,44.85536966380344,46.44820888033288,685192000,2.090478298893707,2.159857613106392
2023-08-29,48.748531341552734,49.04531628812588,46.35726964870884,46.632071231077255,701397000,2.6880466394170455,2.19640251774602
2023-08-30,49.228187561035156,49.890703795125454,48.3897967692124,49.00834626983168,735206000,1.500907025913051,2.1794860299031886
2023-08-31,49.31912612915039,49.707843325624495,48.922415326845325,49.34410948280614,528570000,0.7854279987791699,2.137159523021071
2023-09-01,48.473731994628906,49.76379378137674,48.10699823052651,49.72582320725818,463830000,1.6567955508502337,2.0064690819830324
2023-09-05,48.51270294189453,48.81548404497399,47.825203434833014,48.187938474576626,382653000,0.990280610140978,1.965998425006114
2023-09-06,47.03065872192383,48.5176983121161,46.54996984821671,48.409770048373865,468670000,1.967728463899391,2.0159734383627326
2023-09-07,46.21118927001953,46.31412350573911,45.122890653596215,45.49565127611613,433330000,1.191232852142896,2.0253308327312
2023-09-08,45.54262161254883,46.575955463730146,45.241816956969146,45.912385845022,473069000,1.3341385067610005,1.9837261053151418
2023-09-11,45.14887619018555,46.133237981165,44.28343335195331,46.1182482612765,473966000,1.8498046292116896,1.9129313199926514
2023-09-12,44.841068267822266,45.643551923371255,44.502286142152805,44.709153407474325,349256000,1.1412657812184506,1.7907413702293968
2023-09-13,45.4556770324707,45.90038984188142,44.474307858028645,44.571245445404095,398355000,1.4260819838527752,1.750422040076549
2023-09-14,45.55161666870117,45.9573531646138,45.10190600685458,45.92037826774396,370097000,0.8554471577592224,1.5897582855124308
2023-09-15,43.87169647216797,45.56959852066616,43.779752923471165,45.31176544872774,506831000,1.7898455971949971,1.5191057925739007
2023-09-18,43.937652587890625,44.21347561321812,41.97292056005233,42.7204393860463,500271000,2.2405550531657923,1.5298255607361924
2023-09-19,43.491943359375,43.93765497175379,42.97427575565499,43.80474129556245,373064000,0.9633792160987937,1.4066350304991744
2023-09-20,42.211769104003906,43.874697872716084,42.1957805773011,43.571891798323115,367108000,1.6789172954149834,1.4193500497493123
2023-09-21,40.990562438964844,42.072864617979214,40.95358753623693,41.55619953736175,450736000,1.1192770817422826,1.443196412818106
2023-09-22,41.58317565917969,42.087851165439716,41.204418374834624,41.54519814398996,479236000,0.8834327906050916,1.387956215657739
2023-09-25,42.19478225708008,42.508579017607495,41.15045392041829,41.56418850458507,419091000,1.3581250971892018,1.4142308218754691
2023-09-26,41.88397979736328,42.79239417282539,41.62814431891952,41.97392192797056,402282000,1.164249853905872,1.3568394925902179
2023-09-27,42.440616607666016,42.84435926371942,41.60216067664093,42.302708909565496,444935000,1.2421985870784908,1.3604799022284746
2023-09-28,43.061222076416016,43.417990370192356,42.08785097086144,42.43262596387141,424663000,1.3301393993309176,1.3601942516977543
2023-09-29,43.4709587097168,44.11554336483788,43.27908114153103,43.7987463785024,397830000,0.836462223306853,1.2878126512759802
2023-10-02,44.75312805175781,45.14587240598545,43.83272043820974,44.00161019361143,433298000,1.3131519677757097,1.3000902360300703
2023-10-03,43.48894119262695,45.10090400420974,43.2181160083425,44.77910920077743,470850000,1.8827879958672398,1.3327120940311035
2023-10-04,44.01260757446289,44.11454300550294,43.26408989829739,43.713800550252934,361821000,0.8504531072055457,1.3323553761344122
2023-10-05,44.65918731689453,44.87105243012171,43.859703876130915,44.021598176867194,393483000,1.0113485539907927,1.276748444476969
2023-10-06,45.73249435424805,45.759477372005065,43.99761364120761,44.16450577901021,434436000,1.761863730797458,1.2425562071649452
2023-10-09,45.243812561035156,45.575599261777526,44.339397209393,44.81309065878453,409675000,1.2362020523845274,1.2620435526139262
2023-10-10,45.76847457885742,46.22917591041197,45.05893322747722,45.280790227106074,368582000,1.1702426829347488,1.2257096517224808
2023-10-11,46.775821685791016,46.82878891705578,46.020308596739376,46.16621437205222,378137000,0.8084803203164057,1.203509883049204
2023-10-12,46.91474151611328,47.57831500193652,46.30014004632372,46.746850531672756,481325000,1.2781749556127977,1.2317057519783259
2023-10-13,45.43169021606445,47.0856258439627,45.25080714920821,46.92972437247631,474115000,1.834818694754496,1.2657552946615611
2023-10-16,46.065284729003906,46.19519817588755,44.8830449142491,45.03394854361238,375099000,1.31215326163845,1.2763198237853166
2023-10-17,43.90967559814453,44.72515146398081,42.452615298122,43.971635905037324,812333000,2.27253616585881,1.349915365126768
2023-10-18,42.168792724609375,43.19113575483381,41.79803354808787,42.563538500675094,627294000,1.3931022067459367,1.354412708513555
2023-10-19,42.07386016845703,43.26908828015481,41.85499958396407,42.783401532452814,501233000,1.4140886961907384,1.3956717422909755
2023-10-20,41.36031723022461,42.44261916103959,41.05151453316081,41.86299127969732,477266000,1.391104627878775,1.4012397894411943
2023-10-23,42.947296142578125,43.22012278548461,40.91860593108143,41.20242325687503,478530000,2.3015168544031823,1.4311489936223332
2023-10-24,43.634849548339844,43.66882802570082,42.66347986731124,43.049228794577566,401463000,1.0053481583895802,1.4422129258497642
2023-10-25,41.7520637512207,43.62185968396837,41.52820914347359,43.37001943801499,398379000,2.093650540494778,1.519520210600049
2023-10-26,40.29999923706055,42.22875513682953,39.85428765821612,41.826015100945305,541001000,2.374467478613404,1.5632776211583308
2023-10-27,40.4738883972168,41.17943449809006,39.98920048176121,41.103483284155644,416784000,1.1902340163288514,1.5599941900114966
2023-10-30,41.134464263916016,41.73907378443747,40.45490233078289,41.06051446991565,388028000,1.2841714536545794,1.5681319593486276
2023-10-31,40.75370788574219,40.8526468966784,39.204707934267006,40.42392261933526,517969000,1.647938962411395,1.628093290926841
2023-11-01,42.29771423339844,42.353677886742396,40.842651621979584,40.85764134166272,437593000,1.5110262647628119,1.6447255272946992
2023-11-02,43.47795486450195,43.85570954416318,42.86634987139054,43.300068207297876,409172000,0.9893596727726433,1.5843355971531383
2023-11-03,44.97598648071289,45.27978753454021,43.694811487819166,43.99162089726106,424610000,1.5849760467210459,1.6038229389447523
2023-11-06,45.721500396728516,45.90538367968417,44.87004855474041,45.255801257875405,400733000,1.0353351249437637,1.5154514360222489
2023-11-07,45.92537307739258,46.18820018807057,45.12888604597762,45.68952517362853,343165000,1.0593141420929442,1.4916094314041781
2023-11-08,46.543975830078125,46.83678620591324,45.93836370236791,46.07027857367067,346719000,0.8984225035453335,1.4547761319295063
2023-11-09,46.91973876953125,48.198912515516255,46.719866918661474,47.43640382521949,540496000,1.4790455968547818,1.4610576297135067
2023-11-10,48.30384063720703,48.440753359097926,47.25252065392858,47.46937982263058,421245000,1.188232705169348,1.3815373333396614
2023-11-13,48.58864974975586,49.084332134936744,48.06798577140686,48.288843946075154,384136000,1.016346363529884,1.3823229194211117
2023-11-14,49.62398147583008,49.80186810947218,49.00838133866222,49.647968075180216,416954000,0.7934867708099631,1.2894540787293391
2023-11-15,48.85647964477539,49.92778706317978,48.168923511551455,49.90280546942848,475497000,1.7588635516283233,1.2454823696589763
2023-11-16,49.4481086730957,49.49308165204174,48.298852158899884,48.64762624534689,339756000,1.1942294931418544,1.2457677608599051
2023-11-17,49.26622009277344,49.684948701072095,48.97540732164273,49.49207232670018,325205000,0.7095413794293677,1.2047227555581042
2023-11-20,50.37649917602539,50.51540949473078,49.14929028900057,49.280206345168914,414120000,1.3661192057302145,1.18459277293802
2023-11-21,49.911800384521484,50.48442900851123,49.1902657498463,50.09368225266799,565747000,1.2941632586649305,1.1691025582167427
2023-11-22,48.684593200683594,50.302548939584284,47.659253670052365,49.819862426084605,899420000,2.6432952695319187,1.2872408151281196
2023-11-24,47.745208740234375,48.88947123073476,47.71422667676618,48.438761692448246,294645000,1.1752445539685823,1.257974279931515
2023-11-27,48.210899353027344,48.49871188238506,47.62127956875629,47.769182964937485,395662000,0.8774323136287663,1.2466955076947295
2023-11-28,47.7901725769043,48.29185168991899,47.442397333062274,48.20490597283938,401491000,0.8494543568567181,1.231705523034999
2023-11-29,48.10896301269531,48.73056364947179,47.82914475163215,48.347811153163846,382005000,0.9014188978396405,1.231919551198878
2023-11-30,46.73984909057617,48.078985380939635,46.39207386383031,47.99303847449865,526247000,1.6869115171093227,1.2467671169313452
2023-12-01,46.73485565185547,47.16957663238465,46.157229102972245,46.49501248567539,369317000,1.012347529412402,1.2342038900915635
2023-12-04,45.480655670166016,46.047291437827624,44.980978046044385,46.047291437827624,437543000,1.0663133917832397,1.2377729635382317
2023-12-05,46.540069580078125,46.57404722962781,45.245788774851796,45.44067987557897,371718000,1.3282584547760123,1.275970940964378
2023-12-06,45.477664947509766,47.36061873070036,45.38671600748787,47.188713605709914,380590000,1.9739027232124897,1.2913308817918185
2023-12-07,46.57005310058594,46.603035669637734,45.57860492878931,45.67455214099108,350823000,1.0244307408484232,1.279202399485145
2023-12-08,47.479549407958984,47.71441917110969,46.52408042310089,46.56905734985708,359224000,1.1903387480087986,1.31354506866939
2023-12-11,46.601036071777344,47.504532035793474,45.8044827851011,47.46455720613541,509728000,1.7000492506923734,1.3373972147381157
2023-12-12,47.630470275878906,47.639464136950096,46.020367077736175,46.020367077736175,372387000,1.6190970592139209,1.3606067719201864
2023-12-13,48.06122589111328,48.5669446692335,47.58149361223289,47.60248182794816,447792000,0.9854510570006099,1.24218932816795
2023-12-14,48.32307434082031,48.64289584092454,47.395593515547255,48.36305298147659,391232000,1.2473023253772837,1.24733631184
2023-12-15,48.86277770996094,49.37649145661912,48.09320598416868,48.16716609290554,479948000,1.2832854724504443,1.2763258231844057
2023-12-18,50.04911422729492,50.404914981750885,49.12263228888661,49.372493076088325,412587000,1.2822826928642783,1.3072421328992314
2023-12-19,49.57637405395508,49.67232125952952,48.86776928450163,49.396473996646186,464444000,0.8045519750278913,1.3003230669841064
2023-12-20,48.08420944213867,49.97115859701397,48.07121619318162,49.62734838444094,397894000,1.8999424038323482,1.315539558892894
2023-12-21,48.96272659301758,49.067667676968775,48.392041537568524,48.78382539689311,300425000,0.6756261394002507,1.291488031034883
2023-12-22,48.80280685424805,49.35549646146205,48.4400062449087,49.167601439130266,252507000,0.9154902165533514,1.280714947089891
2023-12-26,49.251556396484375,49.572376781102484,48.93273380006729,48.9407287654443,244200000,0.6396429810351947,1.2315281275369756
2023-12-27,49.38948440551758,49.65233845498923,49.05766853127738,49.483433835302336,233648000,0.594669923711848,1.1330114990012154
2023-12-28,49.494422912597656,49.85622084400242,49.384483556355164,49.61535772949362,246587000,0.4717372876472581,1.0935333952011324
2023-12-29,49.494422912597656,49.969160695229064,48.7238523373362,49.78526123454254,389293000,1.245308357892867,1.097459795907137
