Date,Close,High,Low,Open,Volume,High_Low,ATR
2014-01-02,10.006667137145996,10.165332794189453,9.770000457763672,9.986666679382324,92826000,0.39533233642578125,
2014-01-03,9.970666885375977,10.145999908447266,9.90666675567627,10.0,70425000,0.2393331527709961,
2014-01-06,9.800000190734863,10.026666641235352,9.682666778564453,10.0,80416500,0.34399986267089844,
2014-01-07,9.957332611083984,10.026666641235352,9.683333396911621,9.841333389282227,75511500,0.34333324432373047,
2014-01-08,10.085332870483398,10.24666690826416,9.917332649230957,9.923333168029785,92448000,0.3293342590332031,
2014-01-09,9.835332870483398,10.228667259216309,9.789999961853027,10.166666984558105,80730000,0.43866729736328125,
2014-01-10,9.714667320251465,9.926667213439941,9.483332633972168,9.897333145141602,111691500,0.44333457946777344,
2014-01-13,9.28933334350586,9.800000190734863,9.187999725341797,9.718667030334473,94741500,0.6120004653930664,
2014-01-14,10.751333236694336,10.800000190734863,9.111332893371582,9.366666793823242,414105000,1.6886672973632812,
2014-01-15,10.942000389099121,11.482000350952148,10.80666732788086,11.229999542236328,306984000,0.6753330230712891,
2014-01-16,11.39799976348877,11.513333320617676,10.826666831970215,10.833333015441895,179391000,0.6866664886474609,
2014-01-17,11.333999633789062,11.546667098999023,11.196666717529297,11.345999717712402,138093000,0.35000038146972656,
2014-01-21,11.778667449951172,11.81933307647705,11.387332916259766,11.416000366210938,146020500,0.43200016021728516,
2014-01-22,11.904000282287598,12.021332740783691,11.650667190551758,11.854000091552734,105339000,0.3706655502319336,0.5249048641749791
2014-01-23,12.100000381469727,12.158666610717773,11.561332702636719,11.815333366394043,118011000,0.5973339080810547,0.5393335478646415
2014-01-24,11.640000343322754,12.031999588012695,11.5686674118042,11.856666564941406,114964500,0.4633321762084961,0.5553334781101772
2014-01-27,11.307999610900879,11.861332893371582,10.980667114257812,11.677332878112793,130746000,0.8806657791137695,0.5936667578560966
2014-01-28,11.892000198364258,11.932000160217285,11.399999618530273,11.433333396911621,91401000,0.5320005416870117,0.6071429933820452
2014-01-29,11.682000160217285,11.939332962036133,11.541999816894531,11.686667442321777,89032500,0.39733314514160156,0.6120000566755023
2014-01-30,12.189332962036133,12.3186674118042,11.800666809082031,11.866666793823242,128475000,0.518000602722168,0.6176667213439941
2014-01-31,12.093999862670898,12.399999618530273,11.900667190551758,11.923333168029785,97632000,0.4993324279785156,0.62166656766619
2014-02-03,11.807332992553711,12.325332641601562,11.677332878112793,12.192667007446289,101473500,0.6479997634887695,0.6242379461015973
2014-02-04,11.915332794189453,12.106666564941406,11.74666690826416,12.046667098999023,70294500,0.3599996566772461,0.5293331146240234
2014-02-05,11.628000259399414,12.03933334350586,11.290666580200195,11.886667251586914,109020000,0.7486667633056641,0.5345712389264788
2014-02-06,11.892000198364258,12.007332801818848,11.733332633972168,11.75333309173584,87624000,0.2740001678466797,0.5050950731549945
2014-02-07,12.435333251953125,12.442000389099121,11.973333358764648,12.067333221435547,133927500,0.46866703033447266,0.5135712623596191
2014-02-10,13.104000091552734,13.286666870117188,12.621333122253418,12.62266731262207,194560500,0.6653337478637695,0.5302379471915108
2014-02-11,13.107999801635742,13.479999542236328,12.846667289733887,13.264666557312012,160648500,0.6333322525024414,0.5489998544965472
2014-02-12,13.021332740783691,13.218000411987305,12.954667091369629,13.052000045776367,77605500,0.2633333206176758,0.5251426696777344
2014-02-13,13.308667182922363,13.514666557312012,12.883333206176758,12.88933277130127,120439500,0.6313333511352539,0.5371427536010742
2014-02-14,13.215332984924316,13.458666801452637,13.133333206176758,13.206666946411133,92370000,0.3253335952758789,0.4974761690412249
2014-02-18,13.579999923706055,13.733332633972168,13.423999786376953,13.682666778564453,139992000,0.30933284759521484,0.48157133374895367
2014-02-19,12.909333229064941,13.579999923706055,12.894000053405762,13.579999923706055,242535000,0.685999870300293,0.502190385546003
2014-02-20,13.998000144958496,14.347332954406738,13.751333236694336,14.333999633789062,270034500,0.5959997177124023,0.5077617509024483
2014-02-21,13.973333358764648,14.26533317565918,13.946000099182129,14.109333038330078,117282000,0.3193330764770508,0.49490465436662945
2014-02-24,14.510000228881836,14.557332992553711,13.887999534606934,13.917332649230957,124176000,0.6693334579467773,0.4964284896850586
2014-02-25,16.53333282470703,17.280000686645508,15.229999542236328,15.333333015441895,490225500,2.0500011444091797,0.617142881665911
2014-02-26,16.866666793823242,17.666667938232422,16.5,17.238666534423828,369069000,1.1666679382324219,0.6470001084463937
2014-02-27,16.836000442504883,17.459999084472656,16.55533218383789,17.416667938232422,269187000,0.9046669006347656,0.6920477322169712
2014-02-28,16.320667266845703,16.845333099365234,16.170000076293945,16.643333435058594,218847000,0.6753330230712891,0.7068095888410296
2014-03-03,16.70400047302246,16.77666664123535,15.666000366210938,15.817333221435547,196339500,1.110666275024414,0.7386190550667899
2014-03-04,16.98933219909668,17.333332061767578,16.85533332824707,17.23200035095215,131184000,0.4779987335205078,0.7275238037109375
2014-03-05,16.8439998626709,17.132667541503906,16.786666870117188,17.114667892456055,89035500,0.34600067138671875,0.7334286144801548
2014-03-06,16.862667083740234,17.166667938232422,16.6299991607666,16.94266700744629,110416500,0.5366687774658203,0.7266668592180524
2014-03-07,16.413999557495117,16.989999771118164,16.29400062561035,16.862667083740234,117184500,0.6959991455078125,0.7531429699489048
2014-03-10,15.922666549682617,16.200000762939453,15.737333297729492,16.18000030517578,115921500,0.46266746520996094,0.7640954426356724
2014-03-11,15.62733268737793,16.30666732788086,15.495332717895508,15.766667366027832,132151500,0.8113346099853516,0.773047924041748
2014-03-12,16.099332809448242,16.5,15.407333374023438,15.433333396911621,146316000,1.0926666259765625,0.8085241317749023
2014-03-13,15.852666854858398,16.279333114624023,15.600000381469727,16.252666473388672,93544500,0.6793327331542969,0.8342383929661342
2014-03-14,15.39799976348877,15.795999526977539,15.221332550048828,15.685999870300293,124345500,0.5746669769287109,0.8274765014648438
2014-03-17,15.59866714477539,15.862000465393066,15.366666793823242,15.66333293914795,88689000,0.4953336715698242,0.7164288248334613
2014-03-18,16.002666473388672,16.100000381469727,15.668000221252441,15.796667098999023,93634500,0.43200016021728516,0.6639525549752372
2014-03-19,15.72266674041748,16.10333251953125,15.567333221435547,16.092666625976562,76069500,0.5359992980957031,0.6376191547938755
2014-03-20,15.660667419433594,15.949999809265137,15.557332992553711,15.744000434875488,57268500,0.3926668167114258,0.6174287114824567
2014-03-21,15.259332656860352,15.74666690826416,15.166666984558105,15.73466682434082,123253500,0.5799999237060547,0.5795239721025739
2014-03-24,14.678000450134277,15.326666831970215,14.017999649047852,15.316666603088379,169932000,1.3086671829223633,0.6388574327741351
2014-03-25,14.696000099182129,15.136667251586914,14.526666641235352,14.942667007446289,117981000,0.6100006103515625,0.6577145712716239
2014-03-26,14.197333335876465,14.84000015258789,14.09000015258789,14.796667098999023,103609500,0.75,0.672952515738351
2014-03-27,13.821332931518555,14.239999771118164,13.533332824707031,14.157999992370605,142435500,0.7066669464111328,0.6737145015171596
2014-03-28,14.157999992370605,14.447999954223633,14.017999649047852,14.186667442321777,145272000,0.43000030517578125,0.6713811329432896
2014-03-31,13.896666526794434,14.449999809265137,13.759332656860352,14.433333396911621,125700000,0.6906671524047852,0.662762028830392
2014-04-01,14.464667320251465,14.543999671936035,13.905332565307617,13.934666633605957,110571000,0.638667106628418,0.630333491734096
2014-04-02,15.352666854858398,15.392666816711426,14.536666870117188,14.666666984558105,161734500,0.8559999465942383,0.6429525784083775
2014-04-03,15.026666641235352,15.715332984924316,14.800000190734863,15.353333473205566,163855500,0.9153327941894531,0.667285851069859
2014-04-04,14.148667335510254,15.218000411987305,14.083333015441895,15.067333221435547,170184000,1.1346673965454102,0.7129525457109723
2014-04-07,13.834667205810547,14.41333293914795,13.567333221435547,13.720666885375977,147832500,0.8459997177124023,0.7425239426749093
2014-04-08,14.36400032043457,14.432666778564453,13.761333465576172,14.00333309173584,103339500,0.6713333129882812,0.7521906580243792
2014-04-09,14.461999893188477,14.563332557678223,14.059332847595215,14.450667381286621,77368500,0.5039997100830078,0.7601430075509208
2014-04-10,13.612667083740234,14.5,13.586000442504883,14.454667091369629,108172500,0.9139995574951172,0.7840001242501395
2014-04-11,13.585332870483398,13.800000190734863,13.239999771118164,13.37399959564209,136008000,0.5600004196166992,0.7305239268711635
2014-04-14,13.206000328063965,13.895999908447266,12.96066665649414,13.84000015258789,115545000,0.935333251953125,0.7537619726998466
2014-04-15,12.927332878112793,13.28600025177002,12.288000106811523,13.272666931152344,204889500,0.9980001449584961,0.7714762687683105
2014-04-16,13.27400016784668,13.332667350769043,12.721332550048828,13.133333206176758,108033000,0.6113348007202148,0.7646668297903878
2014-04-17,13.208000183105469,13.486000061035156,12.938667297363281,13.307332992553711,88902000,0.547332763671875,0.7730477196829659
2014-04-21,13.625332832336426,13.74666690826416,12.933333396911621,13.138667106628418,78873000,0.8133335113525391,0.7818096024649483
2014-04-22,14.576000213623047,14.621999740600586,13.667332649230957,13.757332801818848,147070500,0.9546670913696289,0.8043810299464634
2014-04-23,13.866000175476074,14.449333190917969,13.800000190734863,14.42199993133545,109434000,0.6493330001831055,0.7896191052028111
2014-04-24,13.857333183288574,14.186667442321777,13.546667098999023,14.053999900817871,82428000,0.6400003433227539,0.7699525015694755
2014-04-25,13.323332786560059,13.779999732971191,13.176667213439941,13.466667175292969,104950500,0.60333251953125,0.7320000103541783
2014-04-28,13.234000205993652,13.586000442504883,12.699999809265137,13.333333015441895,105630000,0.8860006332397461,0.7348572186061314
2014-04-29,13.79466724395752,13.8100004196167,13.035332679748535,13.21399974822998,86686500,0.7746677398681641,0.7422382490975517
2014-04-30,13.859333038330078,13.87733268737793,13.41866683959961,13.573332786560059,66609000,0.4586658477783203,0.7390001160757882
2014-05-01,13.84866714477539,14.267999649047852,13.712667465209961,13.805333137512207,81598500,0.5553321838378906,0.7133810179574149
2014-05-02,14.060667037963867,14.090666770935059,13.767999649047852,13.90666675567627,61302000,0.32266712188720703,0.6964286395481655
2014-05-05,14.440667152404785,14.512666702270508,13.90133285522461,13.965332984924316,77205000,0.6113338470458984,0.673285824911935
2014-05-06,13.8186674118042,14.577333450317383,13.789999961853027,14.4399995803833,84550500,0.7873334884643555,0.6582382065909249
2014-05-07,13.423333168029785,14.013333320617676,13.149999618530273,13.97599983215332,152689500,0.8633337020874023,0.6762381281171527
2014-05-08,11.906000137329102,12.960000038146973,11.866666793823242,12.133333206176758,300849000,1.0933332443237305,0.7152381624494281
2014-05-09,12.150667190551758,12.226667404174805,11.814666748046875,11.990667343139648,127428000,0.4120006561279297,0.6865715299333844
2014-05-12,12.311332702636719,12.47933292388916,11.991999626159668,12.258000373840332,105034500,0.4873332977294922,0.6531905446733747
2014-05-13,12.677332878112793,12.755999565124512,12.199999809265137,12.250666618347168,106458000,0.555999755859375,0.6465238843645368
2014-05-14,12.708000183105469,12.898667335510254,12.473333358764648,12.596667289733887,81100500,0.42533397674560547,0.631190572466169
2014-05-15,12.572667121887207,12.843999862670898,12.353333473205566,12.665332794189453,90606000,0.49066638946533203,0.6231429917471749
2014-05-16,12.77066707611084,12.802666664123535,12.514666557312012,12.596667289733887,67315500,0.28800010681152344,0.5804286684308734
2014-05-19,13.072667121887207,13.12600040435791,12.666666984558105,12.714667320251465,68575500,0.4593334197998047,0.5579047884259906
2014-05-20,13.020000457763672,13.288666725158691,12.871333122253418,13.129332542419434,83191500,0.41733360290527344,0.5549524852207729
2014-05-21,13.296667098999023,13.324666976928711,12.986000061035156,13.078666687011719,79281000,0.3386669158935547,0.5394763946533203
2014-05-22,13.658666610717773,13.791999816894531,13.303999900817871,13.356666564941406,93217500,0.48799991607666016,0.551285879952567
2014-05-23,13.819999694824219,13.850666999816895,13.5,13.635333061218262,60102000,0.35066699981689453,0.5326668194362095
2014-05-27,14.104000091552734,14.258000373840332,13.846667289733887,13.90133285522461,80116500,0.4113330841064453,0.5058096476963588
2014-05-28,14.015999794006348,14.184666633605957,13.684000015258789,14.001333236694336,82426500,0.500666618347168,0.47990485600062777
2014-05-29,14.015999794006348,14.166000366210938,13.847999572753906,14.038000106811523,55387500,0.31800079345703125,0.4245239666530064
2014-05-30,13.851332664489746,14.319999694824219,13.8013334274292,14.020000457763672,83716500,0.5186662673950195,0.43214293888636995
2014-06-02,13.646666526794434,13.956666946411133,13.444666862487793,13.821999549865723,70021500,0.5120000839233398,0.4339048521859305
2014-06-03,13.662667274475098,13.866666793823242,13.505999565124512,13.565999984741211,57912000,0.36066722869873047,0.41995252881731304
2014-06-04,13.599332809448242,13.750666618347168,13.359999656677246,13.623332977294922,51411000,0.3906669616699219,0.4174763134547642
2014-06-05,13.793333053588867,13.946666717529297,13.603333473205566,13.631333351135254,60819000,0.34333324432373047,0.40695251737322125
2014-06-06,13.878000259399414,14.053999900817871,13.812000274658203,13.983332633972168,46107000,0.24199962615966797,0.4036667687552316
2014-06-09,13.687333106994629,13.999333381652832,13.613332748413086,13.863332748413086,42085500,0.3860006332397461,0.3984287125723703
2014-06-10,13.486666679382324,13.79800033569336,13.436667442321777,13.628666877746582,52720500,0.36133289337158203,0.3944286618913923
2014-06-11,13.631333351135254,13.666666984558105,13.283332824707031,13.433333396911621,59662500,0.3833341598510742,0.3976191793169294
2014-06-12,13.567999839782715,13.991999626159668,13.513999938964844,13.673333168029785,89905500,0.4779996871948242,0.39690487725394114
2014-06-13,13.761333465576172,13.78600025177002,13.438667297363281,13.652000427246094,53164500,0.3473329544067383,0.39666673115321566
2014-06-16,14.973999977111816,15.03266716003418,13.750666618347168,13.784000396728516,198696000,1.2820005416870117,0.45885726383754183
2014-06-17,15.444666862487793,15.702667236328125,14.856666564941406,14.940667152404785,199573500,0.8460006713867188,0.48352398191179546
2014-06-18,15.141332626342773,15.447333335876465,15.074666976928711,15.433333396911621,104103000,0.3726663589477539,0.4874286651611328
2014-06-19,15.185999870300293,15.687333106994629,15.133333206176758,15.2586669921875,131896500,0.5539999008178711,0.48995249611990793
2014-06-20,15.305999755859375,15.419333457946777,15.079999923706055,15.23466682434082,73558500,0.33933353424072266,0.4776191711425781
2014-06-23,15.814666748046875,15.932666778564453,15.214667320251465,15.300666809082031,116866500,0.7179994583129883,0.5031429018293109
2014-06-24,15.5,16.125333786010742,15.442000389099121,15.9313325881958,121138500,0.6833333969116211,0.5240476472037179
2014-06-25,15.792667388916016,15.83666706085205,15.349332809448242,15.536666870117188,87024000,0.4873342514038086,0.5343334334237235
2014-06-26,15.706666946411133,16.02666664123535,15.61400032043457,15.811332702636719,76821000,0.41266632080078125,0.5465239116123745
2014-06-27,15.937333106994629,16.0,15.633333206176758,15.645999908447266,84525000,0.3666667938232422,0.5451429230826241
2014-06-30,16.003999710083008,16.299333572387695,15.933333396911621,15.970000267028809,72429000,0.3660001754760742,0.5454763003758022
2014-07-01,15.981332778930664,16.229333877563477,15.91333293914795,16.163999557495117,65041500,0.31600093841552734,0.5406667845589774
2014-07-02,15.295332908630371,16.155332565307617,15.137999534606934,16.04400062561035,120411000,1.0173330307006836,0.5791905948093959
2014-07-03,15.283332824707031,15.460000038146973,14.933333396911621,15.419333457946777,77500500,0.5266666412353516,0.5920001438685826
2014-07-07,14.843999862670898,15.3186674118042,14.69333267211914,15.166666984558105,88405500,0.6253347396850586,0.5450954437255859
2014-07-08,14.604666709899902,14.730667114257812,14.284667015075684,14.576666831970215,117543000,0.4460000991821289,0.5165239742824009
2014-07-09,14.870667457580566,14.947999954223633,14.61400032043457,14.751333236694336,61731000,0.3339996337890625,0.5137620653424945
2014-07-10,14.630666732788086,14.814666748046875,14.402667045593262,14.478667259216309,72958500,0.4119997024536133,0.5036191940307617
2014-07-11,14.541999816894531,14.773332595825195,14.506667137145996,14.707332611083984,49534500,0.2666654586791992,0.49842861720493864
2014-07-14,15.113332748413086,15.252667427062988,14.363332748413086,14.666000366210938,108048000,0.8893346786499023,0.5106668472290039
2014-07-15,14.638667106628418,15.176667213439941,14.539999961853027,15.11533260345459,85777500,0.6366672515869141,0.5073335511343819
2014-07-16,14.477333068847656,14.986666679382324,14.454667091369629,14.788000106811523,60667500,0.5319995880126953,0.510523932320731
2014-07-17,14.359999656677246,14.703332901000977,14.239999771118164,14.410667419433594,69741000,0.4633331298828125,0.5141429901123047
2014-07-18,14.668000221252441,14.747332572937012,14.395333290100098,14.396666526794434,63805500,0.35199928283691406,0.5130953107561383
2014-07-21,14.702667236328125,14.880666732788086,14.447999954223633,14.483332633972168,57333000,0.4326667785644531,0.5178572109767369
2014-07-22,14.638667106628418,14.886667251586914,14.607333183288574,14.812666893005371,40950000,0.27933406829833984,0.5152381488255092
2014-07-23,14.832667350769043,14.983332633972168,14.628666877746582,14.667332649230957,46249500,0.35466575622558594,0.4679047720772879
2014-07-24,14.902667045593262,15.006667137145996,14.720000267028809,14.883333206176758,48682500,0.2866668701171875,0.45076193128313335
2014-07-25,14.904666900634766,15.131333351135254,14.783332824707031,14.847999572753906,46306500,0.34800052642822266,0.4309523446219308
2014-07-28,14.98799991607666,15.466667175292969,14.760000228881836,14.949999809265137,97714500,0.7066669464111328,0.44957140513828825
2014-07-29,15.000666618347168,15.220000267028809,14.990667343139648,15.107333183288574,50736000,0.22933292388916016,0.4420952115740095
2014-07-30,15.261333465576172,15.30666732788086,14.736000061035156,14.79466724395752,73917000,0.5706672668457031,0.45342860903058735
2014-07-31,14.886667251586914,15.426667213439941,14.766667366027832,15.284000396728516,116236500,0.6599998474121094,0.4815239225115095
2014-08-01,15.5513334274292,15.833333015441895,15.066666603088379,15.072667121887207,178437000,0.7666664123535156,0.47276190349033903
2014-08-04,15.90133285522461,16.03333282470703,15.5513334274292,15.625332832336426,89395500,0.48199939727783203,0.46171419961111887
2014-08-05,15.899333000183105,16.19933319091797,15.712667465209961,15.83133316040039,80829000,0.4866657257080078,0.45847606658935547
2014-08-06,16.595333099365234,16.761333465576172,15.905332565307617,15.926667213439941,138739500,0.8560009002685547,0.4865237644740513
2014-08-07,16.826000213623047,17.112667083740234,16.607999801635742,16.674667358398438,112183500,0.5046672821044922,0.4974286215645926
2014-08-08,16.54199981689453,16.784000396728516,16.433332443237305,16.743999481201172,76351500,0.35066795349121094,0.4915715626307896
2014-08-11,17.288000106811523,17.582666397094727,17.0,17.031999588012695,121519500,0.5826663970947266,0.5132381575448173
2014-08-12,17.33066749572754,17.35333251953125,16.972000122070312,17.205333709716797,95734500,0.3813323974609375,0.5151429176330566
2014-08-13,17.354000091552734,17.709333419799805,17.30733299255371,17.46733283996582,103989000,0.40200042724609375,0.5233810288565499
2014-08-14,17.42533302307129,17.53333282470703,17.100000381469727,17.499332427978516,61899000,0.4333324432373047,0.5294761657714844
2014-08-15,17.46733283996582,17.472667694091797,17.233333587646484,17.43199920654297,58018500,0.2393341064453125,0.49609524863106863
2014-08-18,17.32933235168457,17.817333221435547,17.316667556762695,17.549999237060547,87738000,0.5006656646728516,0.5154761586870465
2014-08-19,17.117332458496094,17.288667678833008,16.774667739868164,17.257999420166016,80022000,0.5139999389648438,0.5114284924098423
2014-08-20,17.047332763671875,17.249332427978516,16.866666793823242,16.97800064086914,45418500,0.38266563415527344,0.4916189057486398
2014-08-21,16.95599937438965,17.253332138061523,16.884000778198242,17.101333618164062,43734000,0.36933135986328125,0.4632378305707659
2014-08-22,17.118667602539062,17.1299991607666,16.840667724609375,16.96933364868164,42501000,0.28933143615722656,0.4494758333478655
2014-08-25,17.503332138061523,17.57866668701172,17.21266746520996,17.21266746520996,64771500,0.3659992218017578,0.44085679735456196
2014-08-26,17.44933319091797,17.700000762939453,17.444000244140625,17.665332794189453,57270000,0.2560005187988281,0.3979996272495815
2014-08-27,17.549999237060547,17.615999221801758,17.3526668548584,17.566667556762695,44776500,0.2633323669433594,0.3807614190237863
2014-08-28,17.590667724609375,17.631999969482422,17.44266700744629,17.459333419799805,42673500,0.1893329620361328,0.36923749106270926
2014-08-29,17.979999542236328,18.133333206176758,17.833999633789062,17.913333892822266,96706500,0.2993335723876953,0.3489994321550642
2014-09-02,18.941333770751953,18.992666244506836,18.286666870117188,18.366666793823242,147786000,0.7059993743896484,0.37218993050711496
2014-09-03,18.746000289916992,19.200000762939453,18.67333221435547,19.17799949645996,101584500,0.5266685485839844,0.3810947963169643
2014-09-04,19.069332122802734,19.42799949645996,18.69333267211914,18.93400001525879,125125500,0.7346668243408203,0.40261868068150114
2014-09-05,18.492666244506836,18.860000610351562,18.167333602905273,18.836666107177734,167548500,0.6926670074462891,0.43499960218157085
2014-09-08,18.80733299255371,18.992000579833984,18.501333236694336,18.507999420166016,82524000,0.49066734313964844,0.43428543635777067
2014-09-09,18.565332412719727,19.03266716003418,18.46666717529297,18.865999221801758,68382000,0.5659999847412109,0.4379997253417969
2014-09-10,18.739999771118164,18.76066780090332,18.243999481201172,18.633333206176758,56719500,0.5166683197021484,0.4475713457380022
2014-09-11,18.687332153320312,18.986000061035156,18.575332641601562,18.69733238220215,56491500,0.41066741943359375,0.450523921421596
2014-09-12,18.613332748413086,18.826000213623047,18.46666717529297,18.700000762939453,49869000,0.3593330383300781,0.45552403586251394
2014-09-15,16.923999786376953,18.293333053588867,16.608667373657227,18.291332244873047,246831000,1.6846656799316406,0.5497144971575055
2014-09-16,17.382667541503906,17.497333526611328,16.827999114990234,17.010000228881836,124501500,0.6693344116210938,0.5792383466448102
2014-09-17,17.42533302307129,17.64666748046875,17.299999237060547,17.493999481201172,77665500,0.3466682434082031,0.585190909249442
2014-09-18,17.58799934387207,17.706666946411133,17.488000869750977,17.55733299255371,55389000,0.21866607666015625,0.5872861317225865
2014-09-19,17.288000106811523,17.428667068481445,17.01799964904785,17.19933319091797,102163500,0.41066741943359375,0.5952385493687221
2014-09-22,16.66866683959961,17.06800079345703,16.31399917602539,17.0,123211500,0.7540016174316406,0.5986672810145787
2014-09-23,16.694000244140625,16.920000076293945,16.333332061767578,16.347999572753906,84880500,0.5866680145263672,0.6029529571533203
2014-09-24,16.80933380126953,16.856000900268555,16.46933364868164,16.7413330078125,56242500,0.38666725158691406,0.5780958448137555
2014-09-25,16.463333129882812,16.997333526611328,16.406667709350586,16.834667205810547,72513000,0.5906658172607422,0.570810045514788
2014-09-26,16.440000534057617,16.648666381835938,16.404666900634766,16.549999237060547,56931000,0.24399948120117188,0.5531909125191825
2014-09-29,16.35066795349121,16.576000213623047,16.091999053955078,16.266666412353516,72790500,0.48400115966796875,0.5473338535853794
2014-09-30,16.178667068481445,16.510000228881836,16.007999420166016,16.461332321166992,63574500,0.5020008087158203,0.5462861742292132
2014-10-01,16.016000747680664,16.17733383178711,15.710000038146973,16.14666748046875,89125500,0.4673337936401367,0.5503337723868233
2014-10-02,16.761333465576172,16.8526668548584,16.357332229614258,16.68000030517578,134973000,0.4953346252441406,0.5600481714521136
2014-10-03,17.013999938964844,17.100000381469727,16.735332489013672,16.87066650390625,81094500,0.3646678924560547,0.4657626152038574
2014-10-06,17.374666213989258,17.499332427978516,17.18666648864746,17.275333404541016,115699500,0.3126659393310547,0.4402862957545689
2014-10-07,17.30466651916504,17.430667877197266,17.048667907714844,17.235332489013672,67282500,0.3819999694824219,0.442809990474156
2014-10-08,17.28533363342285,17.525333404541016,16.842666625976562,17.34000015258789,75826500,0.6826667785644531,0.47595289775303434
2014-10-09,17.134000778198242,17.702667236328125,16.959999084472656,17.483333587646484,110419500,0.7426681518554688,0.49966723578316824
2014-10-10,15.793999671936035,16.392667770385742,15.680000305175781,16.30933380126953,193324500,0.7126674652099609,0.49671479633876253
2014-10-13,14.97266674041748,15.93066692352295,14.733332633972168,15.904666900634766,169030500,1.1973342895507812,0.5403338159833636
2014-10-14,15.137332916259766,15.498000144958496,14.866666793823242,15.216667175292969,106579500,0.6313333511352539,0.5578099659511021
2014-10-15,15.313332557678223,15.399333000183105,14.48799991607666,14.666666984558105,137209500,0.9113330841064453,0.5807147707257952
2014-10-16,15.09000015258789,15.32800006866455,14.606666564941406,14.64799976348877,80989500,0.7213335037231445,0.6148100580487933
2014-10-17,15.165332794189453,15.65133285522461,15.103333473205566,15.558667182922363,158241000,0.547999382019043,0.6193813596452985
2014-10-20,15.364666938781738,15.493332862854004,15.034000396728516,15.114666938781738,52416000,0.4593324661254883,0.6163336208888462
2014-10-21,15.689332962036133,15.692667007446289,15.386667251586914,15.618000030517578,61954500,0.305999755859375,0.6048097610473633
2014-10-22,15.40666675567627,15.826000213623047,15.370667457580566,15.545999526977539,61749000,0.45533275604248047,0.6019524846758161
2014-10-23,15.685999870300293,15.751999855041504,15.466667175292969,15.644000053405762,52386000,0.28533267974853516,0.5962856837681362
2014-10-24,15.682666778564453,15.853333473205566,15.41333293914795,15.751333236694336,51949500,0.4400005340576172,0.6053810119628906
2014-10-27,14.777999877929688,15.640666961669922,14.687333106994629,15.616666793823242,143299500,0.953333854675293,0.6461905751909528
2014-10-28,16.184667587280273,16.30666732788086,15.216667175292969,15.30666732788086,157744500,1.0900001525878906,0.675285816192627
2014-10-29,15.873332977294922,16.100000381469727,15.709333419799805,16.075332641601562,74437500,0.3906669616699219,0.6501428740365165
2014-10-30,15.910667419433594,16.03333282470703,15.670666694641113,15.87600040435791,48426000,0.36266613006591797,0.6251427786690849
2014-10-31,16.113332748413086,16.20800018310547,15.916666984558105,16.167333602905273,56629500,0.2913331985473633,0.5604284150259835
2014-11-03,16.172666549682617,16.503999710083008,16.08799934387207,16.200000762939453,63057000,0.4160003662109375,0.5450474875313895
2014-11-04,15.928667068481445,16.156667709350586,15.768667221069336,16.03266716003418,55239000,0.38800048828125,0.5076665878295898
2014-11-05,15.39799976348877,16.090667724609375,15.368666648864746,16.066667556762695,135688500,0.7220010757446289,0.5077142715454102
2014-11-06,16.08133316040039,16.445999145507812,15.233332633972168,15.63266658782959,230320500,1.2126665115356445,0.5551904950823102
2014-11-07,16.01333236694336,16.189332962036133,15.813332557678223,16.145999908447266,77415000,0.37600040435791016,0.5492382049560547
2014-11-10,16.1286678314209,16.191999435424805,15.786666870117188,15.940667152404785,68658000,0.4053325653076172,0.5563334056309291
2014-11-11,16.738666534423828,16.788000106811523,16.133333206176758,16.170000076293945,119232000,0.6546669006347656,0.5705715588160923
2014-11-12,16.606666564941406,16.82266616821289,16.371999740600586,16.648000717163086,88062000,0.4506664276123047,0.582381112234933
2014-11-13,16.780000686645508,17.049999237060547,16.683332443237305,16.70800018310547,93540000,0.3666667938232422,0.5771429879324776
2014-11-14,17.245332717895508,17.25666618347168,16.566667556762695,16.666667938232422,91516500,0.6899986267089844,0.558333328792027
2014-11-17,16.93199920654297,17.266666412353516,16.801332473754883,17.166000366210938,60385500,0.4653339385986328,0.5137143135070801
2014-11-18,17.18000030517578,17.332666397094727,17.034000396728516,17.05733299255371,67095000,0.29866600036621094,0.5071428162711007
2014-11-19,16.516000747680664,16.79199981689453,16.373332977294922,16.707332611083984,118777500,0.4186668395996094,0.5111428669520787
2014-11-20,16.58066749572754,16.728666305541992,16.399999618530273,16.530000686645508,53808000,0.32866668701171875,0.5138095446995327
2014-11-21,16.185333251953125,16.851999282836914,16.14466667175293,16.81399917602539,112276500,0.7073326110839844,0.5346189907618931
2014-11-24,16.447999954223633,16.50666618347168,16.042667388916016,16.34666633605957,71845500,0.46399879455566406,0.5400474412100655
2014-11-25,16.53933334350586,16.648000717163086,16.4060001373291,16.489999771118164,47397000,0.24200057983398438,0.5057616915021624
2014-11-26,16.562667846679688,16.600000381469727,16.440000534057617,16.555999755859375,29718000,0.15999984741210938,0.43057121549333843
2014-11-28,16.301332473754883,16.445999145507812,16.167999267578125,16.356666564941406,31795500,0.2779998779296875,0.42357117789132254
2014-12-01,15.442667007446289,16.1646671295166,15.267333030700684,16.077333450317383,129291000,0.897334098815918,0.45871414457048687
2014-12-02,15.428667068481445,15.658666610717773,15.199999809265137,15.637999534606934,88305000,0.4586668014526367,0.4447141374860491
2014-12-03,15.286666870117188,15.314666748046875,15.033332824707031,15.083333015441895,79615500,0.28133392333984375,0.43261895860944477
2014-12-04,15.218667030334473,15.393333435058594,15.187333106994629,15.239999771118164,57834000,0.20600032806396484,0.42114278248378206
2014-12-05,14.913999557495117,15.292667388916016,14.817333221435547,15.244667053222656,90954000,0.47533416748046875,0.4058096068246024
2014-12-08,14.290666580200195,14.990667343139648,14.156000137329102,14.769332885742188,138384000,0.8346672058105469,0.43219055448259625
2014-12-09,14.459333419799805,14.51533317565918,13.618000030517578,13.956000328063965,141472500,0.8973331451416016,0.4749524933951242
2014-12-10,13.989333152770996,14.451333045959473,13.846667289733887,14.275333404541016,109711500,0.6046657562255859,0.48823813029697966
2014-12-11,13.925333023071289,14.362000465393066,13.881999969482422,14.035332679748535,100416000,0.48000049591064453,0.49904768807547434
2014-12-12,13.800000190734863,14.112000465393066,13.633333206176758,13.654666900634766,107607000,0.4786672592163086,0.48271444865635466
2014-12-15,13.602666854858398,13.986666679382324,13.511333465576172,13.952667236328125,78274500,0.47533321380615234,0.4835240500313895
2014-12-16,13.187333106994629,13.578666687011719,13.024666786193848,13.392666816711426,126391500,0.5539999008178711,0.5058097158159528
2014-12-17,13.721332550048828,13.776666641235352,12.84333324432373,12.870667457580566,110517000,0.9333333969116211,0.5610478264944894
2014-12-18,14.550666809082031,14.562666893005371,14.119999885559082,14.158666610717773,112249500,0.44266700744628906,0.5728097643171038
2014-12-19,14.619333267211914,14.69333267211914,14.300000190734863,14.679332733154297,103657500,0.39333248138427734,0.5368096487862724
2014-12-22,14.84000015258789,14.937333106994629,14.550666809082031,14.666666984558105,71991000,0.38666629791259766,0.5316667556762695
2014-12-23,14.731332778930664,14.954667091369629,14.63466739654541,14.920666694641113,67585500,0.31999969482421875,0.534428596496582
2014-12-24,14.817333221435547,14.833333015441895,14.616666793823242,14.65133285522461,19983000,0.21666622161865234,0.5351904460362026
2014-12-26,15.187999725341797,15.233332633972168,14.766667366027832,14.767333030700684,49905000,0.46666526794433594,0.5345712389264788
2014-12-29,15.047332763671875,15.194000244140625,14.934666633605957,15.126667022705078,42037500,0.25933361053466797,0.49347598212105886
2014-12-30,14.815333366394043,15.043333053588867,14.760000228881836,14.932666778564453,43548000,0.28333282470703125,0.4496188163757324
2014-12-31,14.827333450317383,15.045332908630371,14.816666603088379,14.87266731262207,34462500,0.2286663055419922,0.42276171275547575
2015-01-02,14.620667457580566,14.883333206176758,14.21733283996582,14.857999801635742,71466000,0.6660003662109375,0.43604741777692524
2015-01-05,14.005999565124512,14.433333396911621,13.810667037963867,14.303333282470703,80527500,0.6226663589477539,0.44633306775774273
2015-01-06,14.085332870483398,14.279999732971191,13.61400032043457,14.003999710083008,93928500,0.6659994125366211,0.4599520819527762
2015-01-07,14.063332557678223,14.3186674118042,13.985333442687988,14.223333358764648,44526000,0.33333396911621094,0.4441902296883719
2015-01-08,14.041333198547363,14.25333309173584,14.000666618347168,14.187333106994629,51637500,0.2526664733886719,0.395571163722447
2015-01-09,13.77733325958252,13.998666763305664,13.663999557495117,13.928000450134277,70024500,0.3346672058105469,0.38785689217703684
2015-01-12,13.480667114257812,13.631333351135254,13.283332824707031,13.536666870117188,89254500,0.34800052642822266,0.3846188953944615
2015-01-13,13.616666793823242,13.840666770935059,13.394000053405762,13.554667472839355,67159500,0.4466667175292969,0.38890463965279715
2015-01-14,12.845999717712402,13.013333320617676,12.333333015441895,12.388667106628418,173278500,0.6800003051757812,0.41461896896362305
2015-01-15,12.791333198547363,13.050000190734863,12.666666984558105,12.965999603271484,78247500,0.3833332061767578,0.4265237535749163
2015-01-16,12.871333122253418,12.965999603271484,12.643333435058594,12.713333129882812,54048000,0.3226661682128906,0.4162381035940988
2015-01-20,12.795332908630371,12.941332817077637,12.469332695007324,12.924667358398438,67548000,0.4720001220703125,0.43142856870378765
2015-01-21,13.104666709899902,13.245332717895508,12.633999824523926,12.636667251586914,62295000,0.611332893371582,0.4548571450369699
2015-01-22,13.441332817077637,13.549332618713379,13.013333320617676,13.133333206176758,61753500,0.5359992980957031,0.4768095016479492
2015-01-23,13.419333457946777,13.566666603088379,13.222000122070312,13.352666854858398,51579000,0.3446664810180664,0.45385708127702984
2015-01-26,13.770000457763672,13.907999992370605,13.403332710266113,13.45533275604248,48517500,0.5046672821044922,0.4454285757882254
2015-01-27,13.732000350952148,13.868666648864746,13.553333282470703,13.628000259399414,41715000,0.31533336639404297,0.4203810010637556
2015-01-28,13.291333198547363,13.758000373840332,13.227999687194824,13.740667343139648,47244000,0.5300006866455078,0.43442862374441965
2015-01-29,13.680000305175781,13.732000350952148,13.100000381469727,13.404666900634766,53221500,0.6319999694824219,0.4615238734654018
2015-01-30,13.573332786560059,13.83133316040039,13.533332824707031,13.597332954406738,45105000,0.2980003356933594,0.4589048113141741
2015-02-02,14.062666893005371,14.130000114440918,13.553333282470703,13.597999572753906,62238000,0.5766668319702148,0.47523811885288786
2015-02-03,14.557332992553711,14.691332817077637,14.084667205810547,14.214667320251465,72393000,0.6066656112670898,0.4866666112627302
2015-02-04,14.569999694824219,14.76533317565918,14.453332901000977,14.552666664123535,49581000,0.3120002746582031,0.4603808947971889
2015-02-05,14.732666969299316,15.031999588012695,14.642666816711426,14.658666610717773,52843500,0.38933277130126953,0.4608094351632254
2015-02-06,14.490667343139648,14.893333435058594,14.433333396911621,14.800000190734863,48658500,0.46000003814697266,0.4706189973013742
2015-02-09,14.498666763305664,14.528667449951172,14.13266658782959,14.358667373657227,52086000,0.39600086212158203,0.4651904787336077
2015-02-10,14.419333457946777,14.699999809265137,14.333333015441895,14.50333309173584,80857500,0.3666667938232422,0.44771432876586914
2015-02-11,14.186667442321777,14.315999984741211,13.8186674118042,14.147333145141602,146536500,0.4973325729370117,0.4449524198259626
2015-02-12,13.525333404541016,13.53933334350586,12.885333061218262,12.904666900634766,234744000,0.6540002822875977,0.46704769134521484
2015-02-13,13.584667205810547,13.732666969299316,13.394000053405762,13.526666641235352,92865000,0.3386669158935547,0.4551905223301479
2015-02-17,13.623332977294922,13.713333129882812,13.433333396911621,13.713333129882812,59694000,0.2799997329711914,0.4526666913713728
2015-02-18,13.630666732788086,13.744667053222656,13.506667137145996,13.611332893371582,40704000,0.23799991607666016,0.4318094934735979
2015-02-19,14.11400032043457,14.162667274475098,13.583333015441895,13.666666984558105,77311500,0.5793342590332031,0.42804765701293945
2015-02-20,14.473999977111816,14.506667137145996,13.987333297729492,14.052000045776367,89731500,0.5193338394165039,0.44385719299316406
2015-02-23,13.822667121887207,14.546667098999023,13.755332946777344,14.37733268737793,127497000,0.7913341522216797,0.4591905730111258
2015-02-24,13.607333183288574,13.81933307647705,13.446666717529297,13.81933307647705,99054000,0.3726663589477539,0.44247634070260183
2015-02-25,13.583999633789062,13.809332847595215,13.505332946777344,13.662667274475098,58642500,0.3039999008178711,0.4419048854282924
2015-02-26,13.812666893005371,14.072667121887207,13.481332778930664,13.600000381469727,97093500,0.591334342956543,0.4563335691179548
2015-02-27,13.555999755859375,13.903332710266113,13.520000457763672,13.793333053588867,58231500,0.3833322525024414,0.450857298714774
2015-03-02,13.155332565307617,13.555999755859375,13.055333137512207,13.513333320617676,118831500,0.500666618347168,0.4583334241594587
2015-03-03,13.303999900817871,13.349332809448242,13.021332740783691,13.120667457580566,66484500,0.3280000686645508,0.4555715152195522
2015-03-04,13.496000289916992,13.501333236694336,13.147333145141602,13.283332824707031,63330000,0.3540000915527344,0.44533348083496094
2015-03-05,13.375332832336426,13.746000289916992,13.34333324432373,13.523332595825195,73155000,0.4026670455932617,0.4273811067853655
2015-03-06,12.925333023071289,13.383333206176758,12.8100004196167,13.280667304992676,100686000,0.5733327865600586,0.4441429546901158
2015-03-09,12.725333213806152,12.965999603271484,12.550000190734863,12.959333419799805,101050500,0.4159994125366211,0.45385721751621794
2015-03-10,12.687999725341797,12.899999618530273,12.506667137145996,12.564000129699707,83695500,0.39333248138427734,0.4649524007524763
2015-03-11,12.916000366210938,13.078666687011719,12.734000205993652,12.743332862854004,74623500,0.3446664810180664,0.4481904166085379
2015-03-12,12.73799991607666,12.963333129882812,12.649999618530273,12.916666984558105,62239500,0.31333351135253906,0.43347610746111187
2015-03-13,12.578666687011719,12.783332824707031,12.48799991607666,12.596667289733887,81514500,0.2953329086303711,0.39804744720458984
2015-03-16,13.046667098999023,13.060667037963867,12.653332710266113,12.800000190734863,84432000,0.4073343276977539,0.4005237306867327
2015-03-17,12.982000350952148,13.247332572937012,12.929332733154297,13.028667449951172,73411500,0.31799983978271484,0.40152372632707867
2015-03-18,13.380666732788086,13.392000198364258,12.87399959564209,12.997332572937012,72313500,0.518000602722168,0.3962856020246233
2015-03-19,13.043333053588867,13.63933277130127,12.968667030334473,13.466667175292969,127128000,0.6706657409667969,0.41680942262922016
2015-03-20,13.20533275604248,13.265999794006348,13.041333198547363,13.16333293914795,64042500,0.22466659545898438,0.3970951352800642
2015-03-23,13.308667182922363,13.366666793823242,13.164667129516602,13.233332633972168,39474000,0.20199966430664062,0.3880951063973563
2015-03-24,13.447999954223633,13.586000442504883,13.316666603088379,13.438667297363281,54748500,0.2693338394165039,0.38204751695905415
2015-03-25,12.953332901000977,13.239333152770996,12.846667289733887,13.218000411987305,85956000,0.3926658630371094,0.38133314677647184
2015-03-26,12.694000244140625,12.986000061035156,12.646666526794434,12.928000450134277,61920000,0.33933353424072266,0.3646189144679478
2015-03-27,12.333333015441895,12.619333267211914,12.09333324432373,12.604666709899902,129073500,0.5260000228881836,0.37247610092163086
2015-03-30,12.704667091369629,12.816666603088379,12.119999885559082,12.390000343322754,151342500,0.6966667175292969,0.3941428320748465
2015-03-31,12.584667205810547,12.917332649230957,12.560667037963867,12.902000427246094,75399000,0.35666561126708984,0.39499991280691965
2015-04-01,12.505999565124512,12.819999694824219,12.403332710266113,12.579999923706055,56919000,0.41666698455810547,0.4023808751787458
2015-04-02,12.733332633972168,12.881999969482422,12.666666984558105,12.682000160217285,75156000,0.2153329849243164,0.3966665949140276
2015-04-06,13.539999961853027,13.850000381469727,13.166666984558105,13.199999809265137,186837000,0.6833333969116211,0.4163808141435896
2015-04-07,13.550000190734863,13.670666694641113,13.409333229064941,13.500666618347168,65218500,0.2613334655761719,0.41233321598597933
2015-04-08,13.844667434692383,14.0600004196167,13.724666595458984,13.880000114440918,94546500,0.33533382415771484,0.3992855889456613
2015-04-09,14.005999565124512,14.024666786193848,13.7413330078125,13.895333290100098,57003000,0.28333377838134766,0.3716190201895578
2015-04-10,14.0600004196167,14.109999656677246,13.933333396911621,13.989999771118164,61015500,0.176666259765625,0.3681904247828892
2015-04-13,13.985333442687988,14.199999809265137,13.936667442321777,14.029333114624023,56373000,0.2633323669433594,0.37257133211408344
2015-04-14,13.830666542053223,13.965999603271484,13.699999809265137,13.904666900634766,45390000,0.26599979400634766,0.37233318601335796
2015-04-15,13.85533332824707,13.97266674041748,13.773332595825195,13.830666542053223,29286000,0.19933414459228516,0.3585237775530134
2015-04-16,13.779999732971191,13.944666862487793,13.752667427062988,13.846667289733887,24886500,0.1919994354248047,0.3479999133518764
2015-04-17,13.78600025177002,13.791999816894531,13.566666603088379,13.666000366210938,37048500,0.22533321380615234,0.3265237127031599
2015-04-20,13.684666633605957,13.856666564941406,13.59000015258789,13.785332679748535,38389500,0.2666664123535156,0.29580940519060406
2015-04-21,13.96066665649414,14.050000190734863,13.620667457580566,13.720000267028809,51487500,0.4293327331542969,0.30099991389683317
2015-04-22,14.629332542419434,14.791999816894531,14.112667083740234,14.166666984558105,117945000,0.6793327331542969,0.3197617530822754
2015-04-23,14.573332786560059,14.76533317565918,14.476667404174805,14.5513334274292,66168000,0.288665771484375,0.3249998092651367
2015-04-24,14.562000274658203,14.720000267028809,14.534000396728516,14.699999809265137,36417000,0.18599987030029297,0.28947598593575613
2015-04-27,15.436667442321777,15.916666984558105,14.800000190734863,14.837332725524902,175089000,1.1166667938232422,0.3505712236676897
2015-04-28,15.36533260345459,15.699999809265137,15.20199966430664,15.649999618530273,91281000,0.4980001449584961,0.36219024658203125
2015-04-29,15.49666690826416,15.664667129516602,15.175333023071289,15.33666706085205,59041500,0.4893341064453125,0.3769045557294573
2015-04-30,15.069999694824219,15.526000022888184,15.011333465576172,15.359333038330078,58678500,0.5146665573120117,0.40104743412562777
2015-05-01,15.0686674118042,15.451333045959473,14.694000244140625,15.329333305358887,79225500,0.7573328018188477,0.43633317947387695
2015-05-04,15.36733341217041,15.648667335510254,15.140666961669922,15.211999893188477,66519000,0.508000373840332,0.4536189351763044
2015-05-05,15.529999732971191,15.966667175292969,15.275333404541016,15.850666999816895,86953500,0.6913337707519531,0.4887617656162807
2015-05-06,15.362000465393066,15.631333351135254,15.213333129882812,15.606666564941406,79063500,0.4180002212524414,0.5049046788896833
2015-05-07,15.786666870117188,15.831999778747559,14.683333396911621,14.733332633972168,141838500,1.1486663818359375,0.570857048034668
2015-05-08,15.77400016784668,15.894000053405762,15.579999923706055,15.732666969299316,70023000,0.31400012969970703,0.5742380278451102
2015-05-11,15.965999603271484,16.191999435424805,15.687333106994629,15.752667427062988,85084500,0.5046663284301758,0.5796189989362445
2015-05-12,16.31599998474121,16.42333221435547,15.879332542419434,16.007333755493164,95451000,0.5439996719360352,0.5699523517063686
2015-05-13,16.211999893188477,16.553333282470703,16.149999618530273,16.507333755493164,81603000,0.4033336639404297,0.5781429154532296
2015-05-14,16.273332595825195,16.326000213623047,16.083332061767578,16.321332931518555,43438500,0.24266815185546875,0.5821906498500279
2015-05-15,16.589332580566406,16.626667022705078,16.166667938232422,16.261999130249023,67914000,0.45999908447265625,0.5352858134678432
2015-05-18,16.583332061767578,16.65999984741211,16.399999618530273,16.46666717529297,50298000,0.26000022888183594,0.5182858194623675
2015-05-19,16.47599983215332,16.733333587646484,16.40999984741211,16.562000274658203,55113000,0.323333740234375,0.5064286504473005
2015-05-20,16.290000915527344,16.516000747680664,16.091333389282227,16.475332260131836,56334000,0.4246673583984375,0.500000136239188
2015-05-21,16.374666213989258,16.441333770751953,16.157333374023438,16.20199966430664,29559000,0.2840003967285156,0.4661906787327358
2015-05-22,16.51533317565918,16.573333740234375,16.333999633789062,16.358667373657227,33346500,0.2393341064453125,0.4470002310616629
2015-05-26,16.497333526611328,16.799999237060547,16.433332443237305,16.511999130249023,52480500,0.3666667938232422,0.42380973270961214
2015-05-27,16.495332717895508,16.633333206176758,16.3700008392334,16.567333221435547,51123000,0.2633323669433594,0.41276202883039204
2015-05-28,16.76333236694336,16.786666870117188,16.336666107177734,16.468666076660156,54709500,0.4500007629394531,0.3628573417663574
2015-05-29,16.719999313354492,16.857999801635742,16.6286678314209,16.733333587646484,56839500,0.22933197021484375,0.3568096160888672
2015-06-01,16.6299991607666,16.773332595825195,16.49799919128418,16.76066780090332,37576500,0.2753334045410156,0.3404286929539272
2015-06-02,16.55666732788086,16.626667022705078,16.420000076293945,16.594667434692383,32022000,0.2066669464111328,0.316333498273577
2015-06-03,16.599332809448242,16.71466636657715,16.46733283996582,16.546667098999023,26722500,0.24733352661132812,0.3051906313214983
2015-06-04,16.39466667175293,16.6200008392334,16.380666732788086,16.5,36804000,0.2393341064453125,0.3049524852207729
2015-06-05,16.609333038330078,16.64666748046875,16.3786678314209,16.399999618530273,45330000,0.26799964904785156,0.29123823983328684
2015-06-08,17.086000442504883,17.25,16.687332153320312,16.72333335876465,75255000,0.5626678466796875,0.3128573553902762
2015-06-09,17.066667556762695,17.182666778564453,16.94266700744629,17.02666664123535,39166500,0.23999977111816406,0.3069049290248326
2015-06-10,16.713333129882812,16.933332443237305,16.566667556762695,16.793333053588867,51817500,0.3666648864746094,0.30276189531598774
2015-06-11,16.76066780090332,16.95800018310547,16.69533348083496,16.884000778198242,30661500,0.2626667022705078,0.3012380599975586
2015-06-12,16.71266746520996,16.8973331451416,16.680667877197266,16.680667877197266,21334500,0.21666526794433594,0.2996188572474888
2015-06-15,16.691999435424805,16.75200080871582,16.400667190551758,16.64666748046875,32793000,0.3513336181640625,0.29852363041469027
2015-06-16,16.874666213989258,16.895999908447266,16.606666564941406,16.67533302307129,29770500,0.2893333435058594,0.3003808430262974
2015-06-17,17.360666275024414,17.624000549316406,16.801332473754883,16.81133270263672,82693500,0.8226680755615234,0.32699993678501676
2015-06-18,17.459333419799805,17.56399917602539,17.334667205810547,17.46666717529297,41740500,0.22933197021484375,0.32699993678501676
2015-06-19,17.500667572021484,17.586666107177734,17.34000015258789,17.49333381652832,36945000,0.24666595458984375,0.32495226178850445
2015-06-22,17.319332122802734,17.626667022705078,17.04599952697754,17.476667404174805,68416500,0.5806674957275391,0.3516665867396763
2015-06-23,17.844667434692383,17.866666793823242,17.238000869750977,17.35466766357422,58062000,0.6286659240722656,0.3789046151297433
2015-06-24,17.67799949645996,17.823333740234375,17.58133316040039,17.798667907714844,36184500,0.24200057983398438,0.37909507751464844
2015-06-25,17.91933250427246,18.0939998626709,17.683332443237305,17.76333236694336,42738000,0.41066741943359375,0.38928563254220144
2015-06-26,17.805999755859375,17.94066619873047,17.733333587646484,17.926000595092773,57576000,0.20733261108398438,0.3639045442853655
2015-06-29,17.468000411987305,17.729999542236328,17.3799991607666,17.463333129882812,52183500,0.35000038146972656,0.37176173073904856
2015-06-30,17.884000778198242,18.06133270263672,17.600000381469727,17.65333366394043,46303500,0.4613323211669922,0.37852369035993305
2015-07-01,17.94333267211914,18.174667358398438,17.856666564941406,18.073999404907227,31518000,0.31800079345703125,0.38247612544468473
2015-07-02,18.667999267578125,18.829999923706055,18.220666885375977,18.68000030517578,107458500,0.6093330383300781,0.4105238233293806
2015-07-06,18.648000717163086,18.779333114624023,18.420000076293945,18.591999053955078,61828500,0.3593330383300781,0.411095210484096
2015-07-07,17.858667373657227,18.34666633605957,17.384666442871094,18.333332061767578,91576500,0.9619998931884766,0.4591428211757115
2015-07-08,16.997333526611328,17.386667251586914,16.95400047302246,17.288000106811523,93316500,0.4326667785644531,0.43128558567592074
2015-07-09,17.19466781616211,17.530000686645508,17.119333267211914,17.27199935913086,50011500,0.41066741943359375,0.44423811776297434
2015-07-10,17.27666664123535,17.53333282470703,17.187999725341797,17.481332778930664,39163500,0.3453330993652344,0.4512857709612165
2015-07-13,17.477333068847656,17.503332138061523,17.06999969482422,17.483333587646484,44404500,0.4333324432373047,0.4407618386404855
2015-07-14,17.709999084472656,17.732667922973633,17.367332458496094,17.47333335876465,28614000,0.36533546447753906,0.42195252009800505
2015-07-15,17.542667388916016,17.832666397094727,17.472000122070312,17.78266716003418,30324000,0.36066627502441406,0.4304286411830357
2015-07-16,17.778667449951172,17.81333351135254,17.54400062561035,17.614667892456055,24240000,0.2693328857421875,0.4203333173479353
2015-07-17,18.310667037963867,18.369333267211914,17.883333206176758,18.166667938232422,75061500,0.48600006103515625,0.4402381352015904
2015-07-20,18.817333221435547,19.110000610351562,18.16933250427246,18.333332061767578,74677500,0.9406681060791016,0.4824286869594029
2015-07-21,17.784666061401367,18.233333587646484,17.770000457763672,18.003332138061523,91630500,0.4633331298828125,0.4825716018676758
2015-07-22,17.857999801635742,17.96266746520996,17.390666961669922,17.417999267578125,46575000,0.5720005035400391,0.5007144383021763
2015-07-23,17.81333351135254,17.99333381652832,17.684667587280273,17.976667404174805,33408000,0.3086662292480469,0.4792382376534598
2015-07-24,17.694000244140625,18.07266616821289,17.594667434692383,17.825332641601562,42547500,0.4779987335205078,0.4877143587384905
2015-07-27,16.867332458496094,17.6286678314209,16.71933364868164,17.495332717895508,70413000,0.9093341827392578,0.48395252227783203
2015-07-28,17.654666900634766,17.69333267211914,16.78933334350586,17.049999237060547,58437000,0.9039993286132812,0.5176191329956055
2015-07-29,17.58799934387207,17.859333038330078,17.46666717529297,17.618000030517578,41851500,0.3926658630371094,0.5163333075387138
2015-07-30,17.785999298095703,17.79599952697754,17.474000930786133,17.512666702270508,30519000,0.32199859619140625,0.5146665573120117
2015-07-31,17.74333381652832,17.957332611083984,17.674667358398438,17.84000015258789,33339000,0.2826652526855469,0.5039046151297433
2015-08-03,17.332666397094727,17.78066635131836,17.13800048828125,17.752666473388672,38302500,0.6426658630371094,0.5237139293125698
2015-08-04,17.75200080871582,17.781333923339844,17.222667694091797,17.333999633789062,35287500,0.5586662292480469,0.5378567831856864
2015-08-05,18.0086669921875,18.066667556762695,17.360000610351562,17.57200050354004,93214500,0.7066669464111328,0.5690949303763253
2015-08-06,16.408666610717773,17.0,15.7413330078125,16.63599967956543,219357000,1.2586669921875,0.6242854254586356
2015-08-07,16.167333602905273,16.248666763305664,15.892666816711426,16.238666534423828,76101000,0.3559999465942383,0.5825234140668597
2015-08-10,16.076000213623047,16.197999954223633,15.736666679382324,15.876667022705078,62788500,0.4613332748413086,0.5823805672781808
2015-08-11,15.824666976928711,15.953332901000977,15.629332542419434,15.8100004196167,63973500,0.32400035858154297,0.5646662712097168
2015-08-12,15.878000259399414,15.98466682434082,15.515999794006348,15.666666984558105,55920000,0.46866703033447266,0.5760948998587472
2015-08-13,16.167333602905273,16.43199920654297,15.941332817077637,15.990667343139648,70338000,0.49066638946533203,0.5769997324262347
2015-08-14,16.209999084472656,16.528667449951172,16.118000030517578,16.482667922973633,65472000,0.41066741943359375,0.5413806779044015
2015-08-17,16.999332427978516,17.106000900268555,16.700666427612305,17.03733253479004,107650500,0.40533447265625,0.5057617596217564
2015-08-18,17.381332397460938,17.39666748046875,16.90399932861328,17.025333404541016,62925000,0.49266815185546875,0.5129047802516392
2015-08-19,17.016666412353516,17.376667022705078,17.001333236694336,17.35533332824707,54064500,0.3753337860107422,0.5167144366673061
2015-08-20,16.14533233642578,16.970666885375977,16.126667022705078,16.804000854492188,73587000,0.8439998626708984,0.5568097659519741
2015-08-21,15.38466739654541,16.253332138061523,15.36733341217041,15.733332633972168,98853000,0.8859987258911133,0.5741906847272601
2015-08-24,14.591333389282227,15.426667213439941,13.0,13.519332885742188,143724000,2.4266672134399414,0.7076193264552525
2015-08-25,14.66866683959961,15.393333435058594,14.607999801635742,15.368000030517578,64909500,0.7853336334228516,0.7132383755275181
2015-08-26,14.989333152770996,15.199999809265137,14.36733341217041,15.195332527160645,74445000,0.8326663970947266,0.68280976159232
2015-08-27,16.19933319091797,16.316667556762695,15.387332916259766,15.399999618530273,114840000,0.9293346405029297,0.7237622397286552
2015-08-28,16.565332412719727,16.76333236694336,16.10466766357422,16.124000549316406,82705500,0.6586647033691406,0.7378573417663574
2015-08-31,16.604000091552734,16.996667861938477,16.367332458496094,16.374666213989258,70503000,0.6293354034423828,0.759666987827846
2015-09-01,15.908666610717773,16.399999618530273,15.79800033569336,16.022666931152344,81822000,0.6019992828369141,0.7691907201494489
2015-09-02,16.512666702270508,16.525333404541016,15.985333442687988,16.35333251953125,69438000,0.5399999618530273,0.77271454674857
2015-09-03,16.3713321685791,16.80533218383789,16.333332061767578,16.804000854492188,62922000,0.4720001220703125,0.7770954540797642
2015-09-04,16.1286678314209,16.272666931152344,15.880000114440918,16.05933380126953,55338000,0.3926668167114258,0.7761906215122768
2015-09-08,16.544666290283203,16.610666275024414,16.270000457763672,16.336666107177734,47073000,0.3406658172607422,0.7653333118983677
2015-09-09,16.5939998626709,16.950000762939453,16.553333282470703,16.803333282470703,50862000,0.39666748046875,0.7668571472167969
2015-09-10,16.565332412719727,16.71466636657715,16.35533332824707,16.48200035095215,40635000,0.3593330383300781,0.7322380883353097
2015-09-11,16.682666778564453,16.682666778564453,16.315332412719727,16.50933265686035,35262000,0.36733436584472656,0.6951906340462821
2015-09-14,16.87933349609375,16.950000762939453,16.64466667175293,16.739999771118164,43363500,0.30533409118652344,0.5436668395996094
2015-09-15,16.904666900634766,16.97333335876465,16.633333206176758,16.850000381469727,44002500,0.3400001525878906,0.511857305254255
2015-09-16,17.483333587646484,17.525333404541016,16.858667373657227,16.869333267211914,66256500,0.6666660308837891,0.500000136239188
2015-09-17,17.471332550048828,17.700000762939453,17.37933349609375,17.597333908081055,53787000,0.3206672668457031,0.4565238952636719
2015-09-18,17.374666213989258,17.58799934387207,17.166667938232422,17.19733238220215,56446500,0.42133140563964844,0.4395715168544224
2015-09-21,17.613332748413086,18.10466766357422,17.053333282470703,17.59866714477539,91803000,1.0513343811035156,0.46971430097307476
2015-09-22,17.395999908447266,17.510000228881836,17.058000564575195,17.268667221069336,54966000,0.4519996643066406,0.4590000425066267
2015-09-23,17.40399932861328,17.472000122070312,17.172000885009766,17.463333129882812,39012000,0.2999992370605469,0.4418571335928781
2015-09-24,17.541332244873047,17.56333351135254,17.08066749572754,17.302000045776367,51723000,0.482666015625,0.4426189831324986
2015-09-25,17.12733268737793,17.79400062561035,17.07666778564453,17.77400016784668,56601000,0.7173328399658203,0.46580941336495535
2015-09-28,16.562000274658203,17.319332122802734,16.44066619873047,17.156667709350586,73516500,0.8786659240722656,0.5042379924229213
2015-09-29,16.44333267211914,16.98200035095215,16.36400032043457,16.69733238220215,55548000,0.6180000305175781,0.5200474602835519
2015-09-30,16.559999465942383,16.82666778564453,16.1560001373291,16.799999237060547,73944000,0.6706676483154297,0.542285646711077
2015-10-01,15.991999626159668,16.566667556762695,15.808667182922363,16.500667572021484,68595000,0.758000373840332,0.5701903615679059
2015-10-02,16.504667282104492,16.51333236694336,15.661999702453613,15.706666946411133,66360000,0.8513326644897461,0.6091902596609933
2015-10-05,16.40999984741211,16.6560001373291,16.275333404541016,16.589332580566406,55348500,0.38066673278808594,0.6120950153895787
2015-10-06,16.097333908081055,16.20199966430664,15.70533275604248,16.0,78378000,0.49666690826416016,0.599952220916748
2015-10-07,15.46399974822998,15.846667289733887,15.274666786193848,15.775333404541016,102210000,0.5720005035400391,0.6179045949663434
2015-10-08,15.114666938781738,15.381333351135254,14.753999710083008,15.338666915893555,91998000,0.6273336410522461,0.6326190403529576
2015-10-09,14.712667465209961,14.958000183105469,14.557332992553711,14.728667259216309,92376000,0.4006671905517578,0.5861428124564034
2015-10-12,14.371999740600586,14.866666793823242,14.351332664489746,14.866000175476074,57544500,0.5153341293334961,0.5906667028154645
2015-10-13,14.616666793823242,14.834667205810547,14.075332641601562,14.218667030334473,77572500,0.7593345642089844,0.623476369040353
2015-10-14,14.458666801452637,14.729999542236328,14.362000465393066,14.711333274841309,46566000,0.3679990768432617,0.6152858734130859
2015-10-15,14.753999710083008,14.781999588012695,14.24666690826416,14.428667068481445,42663000,0.5353326797485352,0.6022858619689941
2015-10-16,15.133999824523926,15.36533260345459,14.857999801635742,14.869333267211914,65017500,0.5073328018188477,0.5757620675223214
2015-10-19,15.206666946411133,15.40999984741211,14.996000289916992,15.100000381469727,37618500,0.4139995574951172,0.5611906051635742
2015-10-20,14.20199966430664,15.239999771118164,13.466667175292969,15.1813325881958,223500000,1.7733325958251953,0.6399523871285575
2015-10-21,14.005999565124512,14.320667266845703,13.920000076293945,14.13266658782959,62272500,0.4006671905517578,0.6144285883222308
2015-10-22,14.114666938781738,14.383333206176758,13.960000038146973,14.104000091552734,42378000,0.42333316802978516,0.5838571957179478
2015-10-23,13.939332962036133,14.356666564941406,13.845999717712402,14.333333015441895,63532500,0.5106668472290039,0.5931429181780133
2015-10-26,14.350666999816895,14.392000198364258,14.0,14.092000007629395,50871000,0.3920001983642578,0.5856667246137347
2015-10-27,14.023332595825195,14.473333358764648,13.833999633789062,14.322667121887207,52791000,0.6393337249755859,0.5904762404305595
2015-10-28,14.197333335876465,14.229999542236328,13.886667251586914,14.087332725524902,40929000,0.34333229064941406,0.5701904296875
2015-10-29,14.108667373657227,14.25,14.042667388916016,14.116666793823242,27075000,0.20733261108398438,0.5563808168683734
2015-10-30,13.795332908630371,14.108667373657227,13.592666625976562,14.026666641235352,66583500,0.5160007476806641,0.5564284324645996
2015-11-02,14.252667427062988,14.386667251586914,13.814666748046875,13.928000450134277,58918500,0.5720005035400391,0.5430474281311035
2015-11-03,13.890000343322754,14.295999526977539,13.850000381469727,14.256667137145996,124987500,0.4459991455078125,0.5486188616071429
2015-11-04,15.442000389099121,15.515999794006348,15.013333320617676,15.133333206176758,190896000,0.5026664733886719,0.5462855611528669
2015-11-05,15.451333045959473,15.638667106628418,15.279333114624023,15.371999740600586,67452000,0.35933399200439453,0.5357142175946917
2015-11-06,15.490667343139648,15.557332992553711,15.300000190734863,15.380000114440918,36679500,0.25733280181884766,0.5245237350463867
2015-11-09,15.022000312805176,15.53266716003418,14.954000473022461,15.53266716003418,57763500,0.5786666870117188,0.4391904558454241
2015-11-10,14.433333396911621,14.91333293914795,14.405332565307617,14.898667335510254,69255000,0.508000373840332,0.44685711179460796
2015-11-11,14.60533332824707,14.631999969482422,14.241999626159668,14.517999649047852,50217000,0.3900003433227539,0.44447619574410574
2015-11-12,14.196000099182129,14.600000381469727,14.177332878112793,14.523332595825195,43738500,0.4226675033569336,0.43819052832467215
2015-11-13,13.812666893005371,14.199333190917969,13.767999649047852,14.196666717529297,51454500,0.4313335418701172,0.44100005286080496
2015-11-16,14.287332534790039,14.331999778747559,13.720000267028809,13.739333152770996,43881000,0.61199951171875,0.4390476090567453
2015-11-17,14.266667366027832,14.399999618530273,14.09333324432373,14.346667289733887,32230500,0.30666637420654297,0.4364286150251116
2015-11-18,14.73799991607666,14.7586669921875,14.168000221252441,14.300000190734863,42178500,0.5906667709350586,0.46380962644304546
2015-11-19,14.786666870117188,15.079333305358887,14.686667442321777,14.702667236328125,37566000,0.3926658630371094,0.4549999918256487
2015-11-20,14.667332649230957,15.0,14.238666534423828,14.899333000183105,66010500,0.7613334655761719,0.46852377482822966
2015-11-23,14.516667366027832,14.612000465393066,14.312000274658203,14.489999771118164,37893000,0.3000001907348633,0.45809527805873324
2015-11-24,14.550000190734863,14.733332633972168,14.333333015441895,14.357999801635742,37204500,0.39999961853027344,0.45076193128313335
2015-11-25,15.309332847595215,15.388667106628418,14.692000389099121,14.755999565124512,59862000,0.6966667175292969,0.47485712596348356
2015-11-27,15.440667152404785,15.483332633972168,15.133999824523926,15.404000282287598,29241000,0.3493328094482422,0.48142855507986887
2015-11-30,15.350666999816895,15.618666648864746,15.272000312805176,15.452667236328125,39897000,0.3466663360595703,0.4648571014404297
2015-12-01,15.812666893005371,15.866666793823242,15.403332710266113,15.404000282287598,56010000,0.4633340835571289,0.4616666521344866
2015-12-02,15.465999603271484,15.90666675567627,15.415332794189453,15.800000190734863,44722500,0.4913339614868164,0.46890476771763395
2015-12-03,15.513999938964844,15.829999923706055,15.333333015441895,15.6986665725708,44094000,0.49666690826416016,0.4741904394967215
2015-12-04,15.358667373657227,15.5513334274292,15.177332878112793,15.497332572937012,38604000,0.37400054931640625,0.47009522574288504
2015-12-07,15.408666610717773,15.708666801452637,15.076666831970215,15.180000305175781,47163000,0.6319999694824219,0.4715238298688616
2015-12-08,15.114666938781738,15.25333309173584,14.946666717529297,15.168000221252441,40314000,0.30666637420654297,0.4715238298688616
2015-12-09,14.968000411987305,15.166666984558105,14.714667320251465,15.113332748413086,45867000,0.4519996643066406,0.4616190365382603
2015-12-10,15.137999534606934,15.232666969299316,14.909333229064941,14.980667114257812,31075500,0.323333740234375,0.45666674205235075
2015-12-11,14.468000411987305,15.050000190734863,14.442667007446289,15.015999794006348,49030500,0.6073331832885742,0.4456667218889509
2015-12-14,14.571999549865723,14.727999687194824,14.324666976928711,14.500666618347168,42406500,0.4033327102661133,0.45304761614118305
2015-12-15,14.739333152770996,14.814666748046875,14.533332824707031,14.788000106811523,33666000,0.28133392333984375,0.44457149505615234
2015-12-16,15.633999824523926,15.658666610717773,14.715332984924316,14.80666732788086,76564500,0.943333625793457,0.4621905599321638
2015-12-17,15.559332847595215,15.850666999816895,15.320667266845703,15.595999717712402,49479000,0.5299997329711914,0.475095340183803
2015-12-18,15.36400032043457,15.726667404174805,15.28600025177002,15.526000022888184,45213000,0.44066715240478516,0.4818096842084612
2015-12-21,15.503999710083008,15.722000122070312,15.405332565307617,15.446000099182129,29298000,0.3166675567626953,0.47133350372314453
2015-12-22,15.329999923706055,15.770000457763672,15.308667182922363,15.666000366210938,29422500,0.4613332748413086,0.4691905975341797
2015-12-23,15.313332557678223,15.563332557678223,15.208666801452637,15.478667259216309,23325000,0.35466575622558594,0.459047658102853
2015-12-24,15.371333122253418,15.458666801452637,15.218667030334473,15.370667457580566,10620000,0.23999977111816406,0.44947617394583567
2015-12-28,15.263333320617676,15.465332984924316,15.03600025177002,15.432666778564453,28519500,0.4293327331542969,0.434999942779541
2015-12-29,15.812666893005371,15.847999572753906,15.303333282470703,15.337332725524902,36094500,0.5446662902832031,0.45199993678501676
2015-12-30,15.87266731262207,16.242000579833984,15.711333274841309,15.773332595825195,55468500,0.5306673049926758,0.4576190539768764
2015-12-31,16.000667572021484,16.229999542236328,15.891332626342773,15.900667190551758,40725000,0.3386669158935547,0.45871428080967497
2016-01-04,14.894000053405762,15.425333023071289,14.600000381469727,15.381333351135254,102406500,0.8253326416015625,0.4742856706891741
2016-01-05,14.895333290100098,15.12600040435791,14.666666984558105,15.090666770935059,47802000,0.4593334197998047,0.4782857213701521
2016-01-06,14.602666854858398,14.670000076293945,14.398667335510254,14.666666984558105,56686500,0.2713327407836914,0.47757135118756977
2016-01-07,14.376667022705078,14.562666893005371,14.244667053222656,14.279333114624023,53314500,0.31799983978271484,0.43290465218680246
2016-01-08,14.066666603088379,14.696000099182129,14.0513334274292,14.52400016784668,54421500,0.6446666717529297,0.4410951478140695
2016-01-11,13.856666564941406,14.296667098999023,13.533332824707031,14.267333030700684,61371000,0.7633342742919922,0.4641427993774414
2016-01-12,13.998000144958496,14.249333381652832,13.687333106994629,14.106666564941406,46378500,0.5620002746582031,0.48166656494140625
2016-01-13,13.354000091552734,14.176667213439941,13.333333015441895,14.133999824523926,61896000,0.8433341979980469,0.5089523451668876
2016-01-14,13.745332717895508,14.0,12.892000198364258,13.480667114257812,97360500,1.1079998016357422,0.5627619198390416
2016-01-15,13.666000366210938,13.671333312988281,13.149999618530273,13.264666557312012,83679000,0.5213336944580078,0.5828572000776019
2016-01-19,13.64799976348877,14.031332969665527,13.385333061218262,13.913999557495117,60580500,0.6459999084472656,0.5983334268842425
2016-01-20,13.24666690826416,13.41866683959961,12.75,13.293333053588867,87579000,0.6686668395996094,0.6071906089782715
2016-01-21,13.33133316040039,13.548666954040527,13.001333236694336,13.436667442321777,47493000,0.5473337173461914,0.6083810670035226
2016-01-22,13.50333309173584,13.699999809265137,13.268667221069336,13.653332710266113,46861500,0.4313325881958008,0.6150000435965401
2016-01-25,13.092000007629395,13.571332931518555,13.058667182922363,13.337332725524902,40480500,0.5126657485961914,0.5926666940961566
2016-01-26,12.904000282287598,13.187999725341797,12.592000007629395,13.113332748413086,74463000,0.5959997177124023,0.6024285725184849
2016-01-27,12.538000106811523,12.883999824523926,12.38466739654541,12.825332641601562,54258000,0.4993324279785156,0.6187142644609723
2016-01-28,12.646666526794434,12.751999855041504,12.160667419433594,12.719332695007324,68892000,0.5913324356079102,0.6382380213056292
2016-01-29,12.74666690826416,12.916000366210938,12.538666725158691,12.66333293914795,42784500,0.3773336410522461,0.6191428048270089
2016-02-01,13.129332542419434,13.3013334274292,12.183333396911621,12.583999633789062,79464000,1.1180000305175781,0.6444760731288365
2016-02-02,12.185333251953125,12.874667167663574,12.01533317565918,12.82800006866455,86604000,0.8593339920043945,0.6657141957964215
2016-02-03,11.565333366394043,12.262666702270508,11.345333099365234,12.239333152770996,118971000,0.9173336029052734,0.6709998675755092
2016-02-04,11.688667297363281,11.732000350952148,11.13266658782959,11.380000114440918,65781000,0.5993337631225586,0.6346665791102818
2016-02-05,10.84000015258789,11.533332824707031,10.515999794006348,11.420000076293945,141564000,1.0173330307006836,0.6700951031276158
2016-02-08,9.866000175476074,10.476667404174805,9.733332633972168,10.473333358764648,139695000,0.7433347702026367,0.6770475932529995
2016-02-09,9.883333206176758,10.652667045593262,9.403332710266113,9.48799991607666,129774000,1.2493343353271484,0.7185238429478237
2016-02-10,9.57800006866455,10.33133316040039,9.449333190917969,10.033332824707031,156097500,0.8819999694824219,0.7424285752432687
2016-02-11,10.031332969665527,10.883999824523926,9.800000190734863,10.133333206176758,213786000,1.0839996337890625,0.7890476499285016
2016-02-12,10.06933307647705,10.46733283996582,9.579999923706055,10.333333015441895,108537000,0.8873329162597656,0.8158095904758998
2016-02-16,10.344667434692383,10.863332748413086,10.27400016784668,10.579999923706055,83907000,0.5893325805664062,0.815333366394043
2016-02-17,11.245332717895508,11.28933334350586,10.445332527160645,10.600000381469727,87378000,0.8440008163452148,0.8399525369916644
2016-02-18,11.118000030517578,11.529999732971191,10.98466682434082,11.494667053222656,58314000,0.5453329086303711,0.8366668564932687
2016-02-19,11.10533332824707,11.166000366210938,10.833333015441895,10.910667419433594,44391000,0.33266735076904297,0.8334764071873256
2016-02-22,11.849332809448242,11.927332878112793,11.323332786560059,11.341333389282227,75901500,0.6040000915527344,0.7967621258326939
2016-02-23,11.814000129699707,12.11533260345459,11.578666687011719,11.744000434875488,89766000,0.5366659164428711,0.773714406149728
2016-02-24,11.933333396911621,11.966667175292969,11.189332962036133,11.516667366027832,80934000,0.7773342132568359,0.7637144497462681
2016-02-25,12.495332717895508,12.567999839782715,11.680000305175781,11.90999984741211,86260500,0.8879995346069336,0.7843334334237235
2016-02-26,12.689332962036133,12.800000190734863,12.333333015441895,12.579999923706055,90976500,0.46666717529296875,0.7450001580374581
2016-02-29,12.795332908630371,13.09000015258789,12.614666938781738,12.826666831970215,67485000,0.47533321380615234,0.7258571897234235
2016-03-01,12.423333168029785,13.063332557678223,12.180000305175781,12.949999809265137,100683000,0.8833322525024414,0.699714183807373
2016-03-02,12.555999755859375,12.567999839782715,12.100000381469727,12.248666763305664,72936000,0.4679994583129883,0.6701427187238421
2016-03-03,13.049332618713379,13.161333084106445,12.281332969665527,12.552000045776367,72435000,0.880000114440918,0.6555713244846889
2016-03-04,13.402667045593262,13.60200023651123,13.166666984558105,13.199999809265137,97336500,0.435333251953125,0.6232856341770717
2016-03-07,13.685999870300293,13.979999542236328,13.15999984741211,13.178667068481445,79941000,0.8199996948242188,0.6397618566240583
2016-03-08,13.506667137145996,13.833333015441895,13.479999542236328,13.566666603088379,62680500,0.3533334732055664,0.6047141892569405
2016-03-09,13.914667129516602,13.958000183105469,13.519332885742188,13.63466739654541,48129000,0.43866729736328125,0.597095217023577
2016-03-10,13.678667068481445,14.219332695007324,13.378000259399414,14.0,77887500,0.8413324356079102,0.6334284373692104
2016-03-11,13.833333015441895,13.961333274841309,13.688667297363281,13.862000465393066,50146500,0.27266597747802734,0.6097617149353027
2016-03-14,14.34333324432373,14.447999954223633,14.042667388916016,14.176667213439941,60985500,0.4053325653076172,0.6003807612827846
2016-03-15,14.555999755859375,14.597999572753906,14.100000381469727,14.284667015075684,47707500,0.4979991912841797,0.5804282597133091
2016-03-16,14.795332908630371,14.838666915893555,14.468000411987305,14.533332824707031,52750500,0.37066650390625,0.543475900377546
2016-03-17,15.092000007629395,15.233332633972168,14.666666984558105,14.764666557312012,56743500,0.5666656494140625,0.5506186485290527
2016-03-18,15.515999794006348,15.631999969482422,15.204000473022461,15.273332595825195,70677000,0.42799949645996094,0.5472376687186105
2016-03-21,15.887999534606934,15.991999626159668,15.666666984558105,15.689332962036133,79617000,0.3253326416015625,0.507380553654262
2016-03-22,15.616000175476074,15.932666778564453,15.503999710083008,15.814000129699707,64740000,0.4286670684814453,0.5045710972377232
2016-03-23,14.838666915893555,15.648667335510254,14.802000045776367,15.4913330078125,74232000,0.8466672897338867,0.502190181187221
2016-03-24,15.183333396911621,15.259332656860352,14.333333015441895,14.385333061218262,74413500,0.925999641418457,0.5372377804347447
2016-03-28,15.350666999816895,15.654000282287598,15.0,15.440667152404785,58885500,0.6540002822875977,0.5253806795392718
2016-03-29,15.342000007629395,15.491999626159668,15.022000312805176,15.326000213623047,60214500,0.4699993133544922,0.5337139538356236
2016-03-30,15.12600040435791,15.699999809265137,15.100000381469727,15.672666549682617,60495000,0.5999994277954102,0.5452376774379185
2016-03-31,15.317999839782715,15.82800006866455,15.000666618347168,15.28933334350586,120193500,0.8273334503173828,0.5442377499171666
2016-04-01,15.839332580566406,16.52666664123535,15.550000190734863,16.32200050354004,239962500,0.9766664505004883,0.5945234979901995
2016-04-04,16.465999603271484,16.808000564575195,16.242666244506836,16.607999801635742,202129500,0.5653343200683594,0.6059521947588239
2016-04-05,17.031333923339844,17.104000091552734,16.0,16.03333282470703,149230500,1.1040000915527344,0.649237973349435
2016-04-06,17.69466781616211,17.849332809448242,16.89666748046875,16.931333541870117,175582500,0.9526653289794922,0.6908093179975238
2016-04-07,17.14666748046875,17.95599937438965,16.96733283996582,17.76333236694336,132843000,0.9886665344238281,0.7209522383553642
2016-04-08,16.67133331298828,17.38800048828125,16.534666061401367,17.366666793823242,110458500,0.8533344268798828,0.75133330481393
2016-04-11,16.661333084106445,17.266000747680664,16.35333251953125,16.733333587646484,137425500,0.9126682281494141,0.7932858467102051
2016-04-12,16.521333694458008,16.786666870117188,16.242000579833984,16.633333206176758,86448000,0.5446662902832031,0.8015715054103306
2016-04-13,16.968666076660156,17.03333282470703,16.488666534423828,16.567333221435547,73884000,0.5446662902832031,0.7800000054495675
2016-04-14,16.790666580200195,17.12266731262207,16.73666763305664,16.866666793823242,61983000,0.3859996795654297,0.7414285796029227
2016-04-15,16.96733283996582,16.97333335876465,16.607999801635742,16.753999710083008,56286000,0.36533355712890625,0.7208095278058734
2016-04-18,16.92533302307129,17.220666885375977,16.777332305908203,16.815332412719727,64071000,0.44333457946777344,0.7189049039568219
2016-04-19,16.4913330078125,16.95800018310547,16.083332061767578,16.874666213989258,95362500,0.8746681213378906,0.7385240963527134
2016-04-20,16.6646671295166,16.910667419433594,16.100000381469727,16.417333602905273,77911500,0.8106670379638672,0.7373336383274623
2016-04-21,16.55266761779785,16.726667404174805,16.46066665649414,16.599332809448242,41746500,0.26600074768066406,0.6865718024117606
2016-04-22,16.916667938232422,16.933332443237305,16.380666732788086,16.592666625976562,56794500,0.5526657104492188,0.6856669017246791
2016-04-25,16.788000106811523,17.158666610717773,16.71733283996582,16.867332458496094,55054500,0.4413337707519531,0.6383335930960519
2016-04-26,16.916000366210938,17.048667907714844,16.625999450683594,16.803333282470703,48357000,0.42266845703125,0.6004766736711774
2016-04-27,16.764667510986328,17.0,16.626667022705078,16.850000381469727,48087000,0.3733329772949219,0.5565242767333984
2016-04-28,16.513999938964844,16.89533233642578,16.496000289916992,16.656667709350586,37785000,0.39933204650878906,0.5240955352783203
2016-04-29,16.05066680908203,16.562000274658203,15.854000091552734,16.542667388916016,81207000,0.7080001831054688,0.5094763892037528
2016-05-02,16.1200008392334,16.21266746520996,15.654666900634766,16.100000381469727,57658500,0.5580005645751953,0.5104288373674665
2016-05-03,15.48799991607666,15.927332878112793,15.441332817077637,15.824000358581543,64533000,0.48600006103515625,0.5062383924211774
2016-05-04,14.837332725524902,15.630666732788086,14.69333267211914,15.352666854858398,130507500,0.9373340606689453,0.5456194196428571
2016-05-05,14.10200023651123,15.242667198181152,13.986000061035156,15.230667114257812,168822000,1.256667137145996,0.6092861039297921
2016-05-06,14.328666687011719,14.424667358398438,13.87399959564209,14.057999610900879,85278000,0.5506677627563477,0.616952759878976
2016-05-09,13.928000450134277,14.40999984741211,13.786666870117188,14.381333351135254,71646000,0.6233329772949219,0.5990002495901925
2016-05-10,13.912667274475098,13.964667320251465,13.666666984558105,13.83666706085205,61059000,0.2980003356933594,0.5623811994280133
2016-05-11,13.93066692352295,14.36533260345459,13.736666679382324,13.839332580566406,77428500,0.6286659240722656,0.5882858548845563
2016-05-12,13.8186674118042,14.111332893371582,13.577333450317383,14.095999717712402,54757500,0.5339994430541992,0.5869525500706264
2016-05-13,13.840666770935059,14.079999923706055,13.779999732971191,13.85200023651123,42342000,0.3000001907348633,0.57685729435512
2016-05-16,13.88599967956543,14.210000038146973,13.861332893371582,13.876667022705078,44241000,0.3486671447753906,0.5715714863368443
2016-05-17,13.644000053405762,13.98799991607666,13.601332664489746,13.936667442321777,42654000,0.38666725158691406,0.572523934500558
2016-05-18,14.07800006866455,14.354000091552734,13.850000381469727,13.94333267211914,84262500,0.5039997100830078,0.5800001961844308
2016-05-19,14.347332954406738,14.452667236328125,13.819999694824219,14.2413330078125,102994500,0.6326675415039062,0.5746192932128906
2016-05-20,14.685333251953125,14.703332901000977,14.423333168029785,14.465999603271484,135106500,0.2799997329711914,0.5547620909554618
2016-05-23,14.414667129516602,14.84000015258789,14.390666961669922,14.657999992370605,76537500,0.44933319091796875,0.552143028804234
2016-05-24,14.52733325958252,14.582667350769043,14.345333099365234,14.4399995803833,45207000,0.2373342514038086,0.5021430424281529
2016-05-25,14.638667106628418,14.757332801818848,14.434000015258789,14.52733325958252,46902000,0.3233327865600586,0.43547630310058594
2016-05-26,15.008000373840332,15.017333030700684,14.603333473205566,14.699999809265137,61086000,0.4139995574951172,0.4257142884390695
2016-05-27,14.869333267211914,15.062000274658203,14.716667175292969,14.999333381652832,54754500,0.3453330993652344,0.40585715430123465
2016-05-31,14.881999969482422,14.983332633972168,14.766667366027832,14.869333267211914,41835000,0.21666526794433594,0.4000475066048758
2016-06-01,14.637332916259766,14.826666831970215,14.459333419799805,14.76533317565918,44740500,0.36733341217041016,0.3813808986118862
2016-06-02,14.597332954406738,14.660667419433594,14.473999977111816,14.63933277130127,30492000,0.18666744232177734,0.35657146998814176
2016-06-03,14.599332809448242,14.795999526977539,14.534000396728516,14.666666984558105,33435000,0.26199913024902344,0.35385710852486746
2016-06-06,14.711999893188477,14.726667404174805,14.363332748413086,14.533332824707031,33742500,0.36333465576171875,0.35490478788103375
2016-06-07,15.489333152770996,15.629332542419434,14.767999649047852,14.815999984741211,93204000,0.861332893371582,0.38880947657993864
2016-06-08,15.701333045959473,16.05666732788086,15.507332801818848,15.58666706085205,89580000,0.5493345260620117,0.39204767772129606
2016-06-09,15.290666580200195,15.688667297363281,15.137332916259766,15.665332794189453,67381500,0.5513343811035156,0.38623816626412527
2016-06-10,14.586000442504883,15.197999954223633,14.561332702636719,15.159333229064941,90399000,0.6366672515869141,0.41171441759381977
2016-06-13,14.524666786193848,15.0513334274292,14.510666847229004,14.633333206176758,62895000,0.5406665802001953,0.4182382311139788
2016-06-14,14.330666542053223,14.813332557678223,14.16866683959961,14.592000007629395,53703000,0.6446657180786133,0.44733333587646484
2016-06-15,14.513333320617676,14.793333053588867,14.342000007629395,14.463333129882812,43627500,0.45133304595947266,0.45647621154785156
2016-06-16,14.528667449951172,14.53600025177002,14.233332633972168,14.494667053222656,36604500,0.30266761779785156,0.448523930140904
2016-06-17,14.364666938781738,14.666000366210938,14.300000190734863,14.52066707611084,46689000,0.3660001754760742,0.4500001498631069
2016-06-20,14.646666526794434,14.916666984558105,14.548666954040527,14.633333206176758,53332500,0.3680000305175781,0.4608097757611956
2016-06-21,14.640666961669922,14.838000297546387,14.587332725524902,14.711999893188477,67935000,0.2506675720214844,0.45247650146484375
2016-06-22,13.11066722869873,13.729999542236328,13.050000190734863,13.29800033569336,356136000,0.6799993515014648,0.48771449497767855
2016-06-23,13.09333324432373,13.170000076293945,12.808667182922363,13.045999526977539,151960500,0.36133289337158203,0.494809763772147
2016-06-24,12.876667022705078,13.008000373840332,12.648667335510254,12.670000076293945,105397500,0.3593330383300781,0.4945239339556013
2016-06-27,13.236666679382324,13.253999710083008,12.524666786193848,12.723999977111816,108081000,0.7293329238891602,0.4850953647068569
2016-06-28,13.452667236328125,13.603333473205566,13.293999671936035,13.459333419799805,93186000,0.30933380126953125,0.46795245579310824
2016-06-29,14.012666702270508,14.118666648864746,13.533332824707031,13.675333023071289,89923500,0.5853338241577148,0.47038098743983675
2016-06-30,14.152000427246094,14.233332633972168,13.934666633605957,14.197999954223633,72646500,0.29866600036621094,0.44623804092407227
2016-07-01,14.433333396911621,14.549332618713379,13.733332633972168,13.742667198181152,81000000,0.8159999847412109,0.46590471267700195
2016-07-05,14.26533317565918,14.302666664123535,13.866666793823242,13.982000350952148,77629500,0.43599987030029297,0.4510000092642648
2016-07-06,14.295999526977539,14.34866714477539,13.933333396911621,14.0,73798500,0.41533374786376953,0.4484286308288574
2016-07-07,14.395999908447266,14.541333198547363,14.200667381286621,14.206666946411133,54180000,0.3406658172607422,0.4511427879333496
2016-07-08,14.45199966430664,14.654000282287598,14.300000190734863,14.520000457763672,61122000,0.3540000915527344,0.45028563908168245
2016-07-11,14.985333442687988,15.118666648864746,14.633999824523926,14.663999557495117,81447000,0.4846668243408203,0.45861898149762836
2016-07-12,14.976667404174805,15.166666984558105,14.881333351135254,14.9399995803833,68569500,0.28533363342285156,0.46109512874058317
2016-07-13,14.835332870483398,15.03933334350586,14.685999870300293,15.033332824707031,53506500,0.3533334732055664,0.43776185171944754
2016-07-14,14.768667221069336,14.996000289916992,14.736666679382324,14.874667167663574,40137000,0.25933361053466797,0.43047618865966797
2016-07-15,14.69333267211914,14.850000381469727,14.642666816711426,14.834667205810547,33513000,0.20733356475830078,0.419619083404541
2016-07-18,15.083333015441895,15.13933277130127,14.553333282470703,14.642666816711426,51181500,0.5859994888305664,0.40938098090035574
2016-07-19,15.017333030700684,15.273332595825195,14.983332633972168,15.0,46726500,0.28999996185302734,0.40799999237060547
2016-07-20,15.223999977111816,15.319999694824219,15.0,15.097999572753906,38527500,0.31999969482421875,0.38904755456107004
2016-07-21,14.699999809265137,15.1899995803833,14.606666564941406,15.066666603088379,66430500,0.5833330154418945,0.4093809127807617
2016-07-22,14.817999839782715,14.966667175292969,14.592000007629395,14.799332618713379,38695500,0.3746671676635742,0.3778571401323591
2016-07-25,15.333999633789062,15.425999641418457,14.758000373840332,14.817999839782715,67360500,0.667999267578125,0.39442852565220426
2016-07-26,15.300666809082031,15.333333015441895,15.020000457763672,15.179332733154297,51450000,0.31333255767822266,0.3871427263532366
2016-07-27,15.232666969299316,15.557332992553711,15.128000259399414,15.28933334350586,43335000,0.4293327331542969,0.3934760774884905
2016-07-28,15.37399959564209,15.383999824523926,15.106666564941406,15.196666717529297,36286500,0.27733325958251953,0.38799987520490375
2016-07-29,15.652667045593262,15.685333251953125,15.349332809448242,15.380000114440918,46062000,0.3360004425048828,0.3773808479309082
2016-08-01,15.333999633789062,15.775333404541016,15.291999816894531,15.699999809265137,60244500,0.4833335876464844,0.39152370180402485
2016-08-02,15.146666526794434,15.324666976928711,14.760000228881836,15.291333198547363,59016000,0.564666748046875,0.4066189357212612
2016-08-03,15.052666664123535,15.313332557678223,14.947333335876465,15.157999992370605,58317000,0.3659992218017578,0.41423790795462473
2016-08-04,15.37399959564209,15.390666961669922,14.803333282470703,15.045999526977539,62205000,0.5873336791992188,0.44138077327183317
2016-08-05,15.335332870483398,15.466667175292969,15.15999984741211,15.333333015441895,48078000,0.3066673278808594,0.4214284760611398
2016-08-08,15.077333450317383,15.30666732788086,15.072667121887207,15.199999809265137,33954000,0.23400020599365234,0.41742849349975586
2016-08-09,15.272000312805176,15.435999870300293,15.109999656677246,15.121333122253418,33117000,0.3260002136230469,0.41785710198538645
2016-08-10,15.043333053588867,15.324666976928711,14.974666595458984,15.215999603271484,35074500,0.35000038146972656,0.4011904852730887
2016-08-11,14.994000434875488,15.171333312988281,14.894000053405762,15.07800006866455,28213500,0.27733325958251953,0.3942380632672991
2016-08-12,15.040666580200195,15.109999656677246,14.935999870300293,15.02733325958252,27202500,0.17399978637695312,0.358952386038644
2016-08-15,15.03933334350586,15.300000190734863,14.995332717895508,15.067999839782715,30514500,0.30466747283935547,0.35833345140729633
2016-08-16,14.907333374023438,15.145999908447266,14.894000053405762,15.03266716003418,34006500,0.2519998550415039,0.34566681725638254
2016-08-17,14.88266658782959,14.988666534423828,14.853333473205566,14.95533275604248,26806500,0.13533306121826172,0.33552394594464985
2016-08-18,14.900667190551758,15.043999671936035,14.81933307647705,14.921333312988281,25717500,0.22466659545898438,0.3275715282985142
2016-08-19,15.0,15.011333465576172,14.835332870483398,14.902667045593262,24892500,0.17600059509277344,0.3056191716875349
2016-08-22,14.862000465393066,15.007332801818848,14.845333099365234,14.944666862487793,30982500,0.16199970245361328,0.27685723985944477
2016-08-23,14.989333152770996,15.232666969299316,14.853333473205566,14.954667091369629,71766000,0.37933349609375,0.2778096880231585
2016-08-24,14.841333389282227,15.143333435058594,14.814666748046875,15.136667251586914,38560500,0.32866668701171875,0.2593334742954799
2016-08-25,14.730667114257812,14.920000076293945,14.718000411987305,14.87399959564209,26437500,0.20199966430664062,0.25185721261160715
2016-08-26,14.666000366210938,14.857333183288574,14.588000297546387,14.809332847595215,33585000,0.2693328857421875,0.25438097545078825
2016-08-29,14.346667289733887,14.69333267211914,14.333333015441895,14.676667213439941,48994500,0.3599996566772461,0.25680950709751676
2016-08-30,14.089332580566406,14.407333374023438,14.034667015075684,14.407333374023438,47533500,0.3726663589477539,0.2584285054888044
2016-08-31,14.133999824523926,14.173333168029785,13.90999984741211,14.028667449951172,49147500,0.2633333206176758,0.25742850984845844
2016-09-01,13.38466739654541,14.073332786560059,13.366666793823242,13.934000015258789,119146500,0.7066659927368164,0.2954760960170201
2016-09-02,13.185333251953125,13.546667098999023,13.079999923706055,13.488666534423828,89661000,0.46666717529296875,0.3070475033351353
2016-09-06,13.522000312805176,13.550000190734863,13.266667366027832,13.267999649047852,65859000,0.28333282470703125,0.3092855725969587
2016-09-07,13.447333335876465,13.766667366027832,13.380666732788086,13.699999809265137,54613500,0.3860006332397461,0.3271903991699219
2016-09-08,13.157333374023438,13.326000213623047,13.090666770935059,13.303333282470703,50668500,0.23533344268798828,0.32795231682913645
2016-09-09,12.964667320251465,13.32800006866455,12.91333293914795,13.272666931152344,56355000,0.41466712951660156,0.34499992643083843
2016-09-12,13.220000267028809,13.424667358398438,12.9399995803833,13.0,55728000,0.4846677780151367,0.3680476461138044
2016-09-13,13.069999694824219,13.232666969299316,12.896666526794434,13.137332916259766,53841000,0.3360004425048828,0.3649524280003139
2016-09-14,13.093999862670898,13.194666862487793,12.990667343139648,13.050000190734863,33817500,0.20399951934814453,0.3560476303100586
2016-09-15,13.361332893371582,13.501333236694336,13.09333324432373,13.099332809448242,46158000,0.40799999237060547,0.37076193945748465
2016-09-16,13.69333267211914,13.713333129882812,13.266667366027832,13.361332893371582,46617000,0.44666576385498047,0.38342857360839844
2016-09-19,13.755999565124512,13.961999893188477,13.666666984558105,13.800000190734863,34492500,0.2953329086303711,0.3788095201764788
2016-09-20,13.642666816711426,13.850000381469727,13.593999862670898,13.789999961853027,36157500,0.2560005187988281,0.37047624588012695
2016-09-21,13.6813325881958,13.800000190734863,13.437333106994629,13.758000373840332,39502500,0.3626670837402344,0.37757151467459543
2016-09-22,13.76200008392334,13.8186674118042,13.533332824707031,13.760000228881836,35743500,0.28533458709716797,0.3474764142717634
2016-09-23,13.829999923706055,14.01200008392334,13.711333274841309,13.732666969299316,43578000,0.30066680908203125,0.33561924525669645
2016-09-26,13.932666778564453,14.066666603088379,13.766667366027832,13.766667366027832,35916000,0.2999992370605469,0.33680970328194754
2016-09-27,13.720666885375977,13.998666763305664,13.640666961669922,13.976667404174805,50598000,0.3579998016357422,0.33480964388166157
2016-09-28,13.751333236694336,13.883333206176758,13.684000015258789,13.833999633789062,31326000,0.19933319091796875,0.33223819732666016
2016-09-29,13.380000114440918,13.821999549865723,13.371999740600586,13.706666946411133,40905000,0.4499998092651367,0.33476196016584125
2016-09-30,13.60200023651123,13.665332794189453,13.303333282470703,13.480667114257812,38794500,0.36199951171875,0.32599994114467074
2016-10-03,14.24666690826416,14.378000259399414,13.883333206176758,14.153332710266113,89998500,0.49466705322265625,0.33733327048165457
2016-10-04,14.093999862670898,14.221332550048828,13.921333312988281,14.206666946411133,53122500,0.2999992370605469,0.3441903931753976
2016-10-05,13.897333145141602,14.210000038146973,13.874667167663574,14.149333000183105,28162500,0.33533287048339844,0.3389998844691685
2016-10-06,13.399999618530273,13.61400032043457,13.347332954406738,13.497332572937012,70551000,0.26666736602783203,0.32614285605294363
2016-10-07,13.107333183288574,13.421333312988281,13.053333282470703,13.399999618530273,52395000,0.3680000305175781,0.3313333647591727
2016-10-10,13.396666526794434,13.609333038330078,13.310667037963867,13.423333168029785,49744500,0.29866600036621094,0.33438089915684294
2016-10-11,13.34000015258789,13.479999542236328,13.220666885375977,13.456666946411133,34926000,0.25933265686035156,0.3269998686654227
2016-10-12,13.434000015258789,13.592000007629395,13.361332893371582,13.396666526794434,29560500,0.2306671142578125,0.3230950491768973
2016-10-13,13.349332809448242,13.393333435058594,13.136667251586914,13.366666793823242,37419000,0.2566661834716797,0.3199521473475865
2016-10-14,13.100666999816895,13.428667068481445,13.08666706085205,13.37733268737793,64048500,0.34200000762939453,0.3229522023882185
2016-10-17,12.93066692352295,13.22599983215332,12.800000190734863,13.136667251586914,68311500,0.42599964141845703,0.32780933380126953
2016-10-18,13.273332595825195,13.29800033569336,12.883999824523926,13.065999984741211,85207500,0.4140005111694336,0.3431427138192313
2016-10-19,13.570667266845703,13.77733325958252,13.204000473022461,13.315999984741211,104868000,0.5733327865600586,0.35195221219744
2016-10-20,13.273332595825195,13.533332824707031,13.136667251586914,13.474666595458984,76093500,0.3966655731201172,0.3544283594403948
2016-10-21,13.339332580566406,13.437999725341797,13.160667419433594,13.239999771118164,44151000,0.2773323059082031,0.33890444891793386
2016-10-24,13.517333030700684,13.596667289733887,13.350000381469727,13.399999618530273,41274000,0.24666690826416016,0.3350949968610491
2016-10-25,13.489333152770996,13.645999908447266,13.41333293914795,13.526666641235352,36675000,0.2326669692993164,0.32776171820504324
2016-10-26,13.482666969299316,13.545999526977539,13.34000015258789,13.399999618530273,84492000,0.20599937438964844,0.32342829023088726
2016-10-27,13.600666999816895,14.24666690826416,13.44333267211914,14.089332580566406,196405500,0.8033342361450195,0.3545235906328474
2016-10-28,13.33133316040039,13.687999725341797,13.321999549865723,13.600000381469727,64201500,0.3660001754760742,0.35933317456926617
2016-10-31,13.182000160217285,13.499333381652832,13.053999900817871,13.499333381652832,70384500,0.44533348083496094,0.37261894771030973
2016-11-01,12.719332695007324,13.233332633972168,12.540666580200195,13.202667236328125,105900000,0.6926660537719727,0.4056188719613211
2016-11-02,12.534667015075684,12.846667289733887,12.500666618347168,12.670000076293945,63801000,0.34600067138671875,0.41199990681239534
2016-11-03,12.494667053222656,12.764666557312012,12.469332695007324,12.600000381469727,39795000,0.2953338623046875,0.40866661071777344
2016-11-04,12.704000473022461,12.897333145141602,12.397333145141602,12.600000381469727,77190000,0.5,0.4139523506164551
2016-11-07,12.880666732788086,12.952667236328125,12.670000076293945,12.906000137329102,58051500,0.2826671600341797,0.40457139696393696
2016-11-08,12.996000289916992,13.166000366210938,12.750666618347168,12.919333457946777,49014000,0.41533374786376953,0.39328575134277344
2016-11-09,12.670666694641113,12.800000190734863,12.263333320617676,12.458666801452637,122596500,0.5366668701171875,0.40328584398542133
2016-11-10,12.356666564941406,12.77400016784668,12.027999877929688,12.736666679382324,101254500,0.7460002899169922,0.4367621285574777
2016-11-11,12.570667266845703,12.592000007629395,12.199999809265137,12.28266716003418,59827500,0.3920001983642578,0.4471430778503418
2016-11-14,12.096667289733887,12.550000190734863,11.879332542419434,12.533332824707031,98283000,0.6706676483154297,0.47842884063720703
2016-11-15,12.251333236694336,12.428667068481445,12.136667251586914,12.185333251953125,58530000,0.29199981689453125,0.4845717293875558
2016-11-16,12.26200008392334,12.315333366394043,12.080666542053223,12.176667213439941,51516000,0.2346668243408203,0.4439526285443987
2016-11-17,12.577333450317383,12.63266658782959,12.140666961669922,12.232666969299316,73306500,0.49199962615966797,0.45295258930751253
2016-11-18,12.334667205810547,12.866666793823242,12.333333015441895,12.710000038146973,78154500,0.5333337783813477,0.4592383248465402
2016-11-21,12.3013334274292,12.592666625976562,12.293999671936035,12.336000442504883,65415000,0.29866695404052734,0.4310955320085798
2016-11-22,12.744667053222656,12.764666557312012,12.247332572937012,12.38933277130127,84051000,0.517333984375,0.44333362579345703
2016-11-23,12.87600040435791,13.042667388916016,12.600000381469727,12.707332611083984,73378500,0.44266700744628906,0.453857421875
2016-11-25,13.109999656677246,13.149333000183105,12.909333229064941,12.909333229064941,35491500,0.23999977111816406,0.43528597695486887
2016-11-28,13.074666976928711,13.289999961853027,12.970000267028809,13.031999588012695,67938000,0.31999969482421875,0.4379525865827288
2016-11-29,12.637999534606934,13.11533260345459,12.633333206176758,13.037332534790039,66589500,0.48199939727783203,0.44271441868373324
2016-11-30,12.626667022705078,12.792667388916016,12.5,12.733332633972168,53206500,0.2926673889160156,0.425285884312221
2016-12-01,12.125332832336426,12.5686674118042,12.066666603088379,12.550000190734863,76896000,0.5020008087158203,0.4078573499407087
2016-12-02,12.097999572753906,12.325332641601562,12.0,12.192000389099121,60634500,0.3253326416015625,0.40309538160051617
2016-12-05,12.453332901000977,12.592666625976562,12.167332649230957,12.167332649230957,61083000,0.42533397674560547,0.3855715479169573
2016-12-06,12.390000343322754,12.438667297363281,12.178667068481445,12.368000030517578,50874000,0.26000022888183594,0.38328586305890766
2016-12-07,12.876667022705078,12.893333435058594,12.333333015441895,12.40999984741211,81928500,0.5600004196166992,0.40652397700718473
2016-12-08,12.81933307647705,12.833333015441895,12.63599967956543,12.803333282470703,47911500,0.19733333587646484,0.3854763848440988
2016-12-09,12.812000274658203,12.922666549682617,12.720666885375977,12.724666595458984,40837500,0.20199966430664062,0.36180966241019114
2016-12-12,12.828666687011719,12.961333274841309,12.745332717895508,12.853333473205566,36583500,0.21600055694580078,0.3559049197605678
2016-12-13,13.210000038146973,13.41866683959961,12.866666793823242,12.878666877746582,102358500,0.5520000457763672,0.3583810670035226
2016-12-14,13.246000289916992,13.533332824707031,13.11733341217041,13.249333381652832,62263500,0.4159994125366211,0.3564762387956892
2016-12-15,13.17199993133545,13.38266658782959,13.159333229064941,13.227333068847656,48294000,0.22333335876464844,0.35528578077043804
2016-12-16,13.499333381652832,13.505999565124512,13.173333168029785,13.20533275604248,56953500,0.33266639709472656,0.3561905452183315
2016-12-19,13.51533317565918,13.630000114440918,13.322667121887207,13.499333381652832,52321500,0.30733299255371094,0.3437143734523228
2016-12-20,13.919333457946777,13.933333396911621,13.5,13.536666870117188,70336500,0.4333333969116211,0.35376194545200895
2016-12-21,13.846667289733887,14.148667335510254,13.827333450317383,13.896666526794434,78114000,0.3213338851928711,0.3408571652003697
2016-12-22,13.896666526794434,13.999333381652832,13.766667366027832,13.881333351135254,46666500,0.232666015625,0.3342381204877581
2016-12-23,14.22266674041748,14.229999542236328,13.847332954406738,13.866666793823242,70057500,0.38266658782958984,0.33119044985089985
2016-12-27,14.635333061218262,14.816666603088379,14.29466724395752,14.325332641601562,88735500,0.5219993591308594,0.3499046734401158
2016-12-28,14.649333000183105,14.920000076293945,14.479999542236328,14.768667221069336,56737500,0.4400005340576172,0.3413332530430385
2016-12-29,14.312000274658203,14.613332748413086,14.274666786193848,14.570667266845703,60675000,0.3386659622192383,0.3514284406389509
2016-12-30,14.246000289916992,14.5,14.112000465393066,14.420000076293945,69639000,0.3879995346069336,0.3647141456604004
2017-01-03,14.465999603271484,14.688667297363281,14.064000129699707,14.324000358581543,88849500,0.6246671676635742,0.3939046178545271
2017-01-04,15.13266658782959,15.199999809265137,14.287332534790039,14.316666603088379,168202500,0.9126672744750977,0.41966656276157926
2017-01-05,15.116666793823242,15.165332794189453,14.796667098999023,15.094667434692383,88675500,0.3686656951904297,0.416285582951137
2017-01-06,15.267333030700684,15.354000091552734,15.029999732971191,15.128666877746582,82918500,0.32400035858154297,0.42347608293805805
2017-01-09,15.41866683959961,15.461333274841309,15.199999809265137,15.264666557312012,59692500,0.2613334655761719,0.41838087354387554
2017-01-10,15.324666976928711,15.466667175292969,15.12600040435791,15.466667175292969,54900000,0.3406667709350586,0.42076185771397184
2017-01-11,15.315333366394043,15.331999778747559,15.112000465393066,15.271332740783691,54762000,0.2199993133544922,0.4055237088884626
2017-01-12,15.305999755859375,15.380000114440918,15.038666725158691,15.27066707611084,56853000,0.34133338928222656,0.40695224489484516
2017-01-13,15.850000381469727,15.856666564941406,15.305999755859375,15.333333015441895,91395000,0.5506668090820312,0.4296665872846331
2017-01-17,15.70533275604248,15.997332572937012,15.624667167663574,15.779999732971191,69262500,0.3726654052734375,0.4289522171020508
2017-01-18,15.890666961669922,15.980667114257812,15.70533275604248,15.776666641235352,56535000,0.27533435821533203,0.4113332884652274
2017-01-19,16.250667572021484,16.57866668701172,16.049999237060547,16.483333587646484,115984500,0.5286674499511719,0.4176666396004813
2017-01-20,16.315332412719727,16.399999618530273,16.200666427612305,16.36400032043457,63064500,0.19933319091796875,0.4077142987932478
2017-01-23,16.594667434692383,16.72599983215332,16.366666793823242,16.389999389648438,93943500,0.3593330383300781,0.40566669191632954
2017-01-24,16.974000930786133,16.98666763305664,16.643333435058594,16.666667938232422,74482500,0.3433341979980469,0.3855714797973633
2017-01-25,16.96466636657715,17.230667114257812,16.786666870117188,17.15399932861328,77139000,0.444000244140625,0.35209526334490093
2017-01-26,16.833999633789062,17.049333572387695,16.71666717529297,16.952667236328125,47281500,0.33266639709472656,0.3495238849094936
2017-01-27,16.863332748413086,16.866666793823242,16.56800079345703,16.7586669921875,47494500,0.29866600036621094,0.34771428789411274
2017-01-30,16.708667755126953,17.019332885742188,16.47333335876465,16.8353328704834,57016500,0.5459995269775391,0.3680475779942104
2017-01-31,16.795333862304688,17.05933380126953,16.51333236694336,16.615999221801758,61741500,0.5460014343261719,0.3827143396650042
2017-02-01,16.615999221801758,16.8799991607666,16.60333251953125,16.8700008392334,59382000,0.27666664123535156,0.38676200594220844
2017-02-02,16.770000457763672,16.827999114990234,16.513999938964844,16.555999755859375,37497000,0.3139991760253906,0.3848095621381487
2017-02-03,16.755332946777344,16.812000274658203,16.64533233642578,16.79400062561035,32800500,0.16666793823242188,0.3573810713631766
2017-02-06,17.184667587280273,17.187999725341797,16.708667755126953,16.733333587646484,53437500,0.47933197021484375,0.3650001117161342
2017-02-07,17.165332794189453,17.333332061767578,17.094667434692383,17.21266746520996,63672000,0.2386646270751953,0.36238084520612446
2017-02-08,17.472000122070312,17.55733299255371,17.079999923706055,17.156667709350586,58995000,0.47733306884765625,0.35871410369873047
2017-02-09,17.946666717529297,18.07866668701172,17.74333381652832,17.75,117303000,0.33533287048339844,0.3684283665248326
2017-02-10,17.948667526245117,18.06333351135254,17.74066734313965,17.986000061035156,54295500,0.3226661682128906,0.3658093043736049
2017-02-13,18.706666946411133,18.71933364868164,18.034000396728516,18.049333572387695,105444000,0.685333251953125,0.39023780822753906
2017-02-14,18.73200035095215,19.159332275390625,18.573999404907227,18.601999282836914,110178000,0.5853328704833984,0.40033299582345144
2017-02-15,18.650667190551758,18.81599998474121,18.429332733154297,18.666667938232422,74218500,0.38666725158691406,0.40419019971575054
2017-02-16,17.93000030517578,18.666667938232422,17.899999618530273,18.50666618347168,106159500,0.7666683197021484,0.43761893681117464
2017-02-17,18.148666381835938,18.19266700744629,17.610000610351562,17.719999313354492,93856500,0.5826663970947266,0.44023799896240234
2017-02-21,18.492666244506836,18.760000228881836,18.267332077026367,18.363332748413086,85150500,0.49266815185546875,0.43642847878592356
2017-02-22,18.233999252319336,18.89666748046875,18.17333221435547,18.687332153320312,131325000,0.7233352661132812,0.4683333805629185
2017-02-23,17.06599998474121,17.643999099731445,17.03733253479004,17.600000381469727,223728000,0.6066665649414062,0.48923819405691965
2017-02-24,17.133333206176758,17.21666717529297,16.68000030517578,16.8439998626709,122574000,0.5366668701171875,0.5156666891915458
2017-02-27,16.415332794189453,16.55733299255371,16.134000778198242,16.544666290283203,171912000,0.42333221435546875,0.5116667066301618
2017-02-28,16.666000366210938,16.733333587646484,16.260000228881836,16.279333114624023,91171500,0.47333335876464844,0.5284287588936942
2017-03-01,16.667999267578125,16.989999771118164,16.607332229614258,16.94533348083496,72142500,0.38266754150390625,0.5216669355119977
2017-03-02,16.698667526245117,16.885332107543945,16.551332473754883,16.6473331451416,50277000,0.3339996337890625,0.5215717043195452
2017-03-03,16.771333694458008,16.793333053588867,16.600000381469727,16.715999603271484,43791000,0.19333267211914062,0.512333597455706
2017-03-06,16.747333526611328,16.780000686645508,16.500667572021484,16.527332305908203,50332500,0.27933311462402344,0.4833335876464844
2017-03-07,16.57266616821289,16.926000595092773,16.55466651916504,16.794666290283203,51892500,0.3713340759277344,0.46804795946393696
2017-03-08,16.45800018310547,16.67133331298828,16.35466766357422,16.46666717529297,55878000,0.3166656494140625,0.463047845023019
2017-03-09,16.32666778564453,16.577333450317383,16.200000762939453,16.5086669921875,58189500,0.3773326873779297,0.4352381569998605
2017-03-10,16.246000289916992,16.433332443237305,16.200000762939453,16.413999557495117,45994500,0.23333168029785156,0.4102856772286551
2017-03-13,16.411333084106445,16.456666946411133,16.185333251953125,16.321332931518555,45339000,0.2713336944580078,0.3944760731288365
2017-03-14,17.200000762939453,17.20800018310547,16.40133285522461,16.407333374023438,113976000,0.8066673278808594,0.40042836325509207
2017-03-15,17.048667907714844,17.399999618530273,16.951332092285156,17.133333206176758,79962000,0.4486675262451172,0.38914271763392855
2017-03-16,17.469999313354492,17.71666717529297,17.270666122436523,17.49333381652832,106983000,0.4460010528564453,0.38266658782958984
2017-03-17,17.433332443237305,17.68866729736328,17.413333892822266,17.600000381469727,97462500,0.2753334045410156,0.3720952442714146
2017-03-20,17.461332321166992,17.636667251586914,17.254667282104492,17.373332977294922,54214500,0.3819999694824219,0.3655714307512556
2017-03-21,16.711999893188477,17.65333366394043,16.682666778564453,17.52199935913086,103629000,0.9706668853759766,0.4075713838849749
2017-03-22,17.000667572021484,17.004667282104492,16.700666427612305,16.770666122436523,60889500,0.3040008544921875,0.4054286139351981
2017-03-23,16.985332489013672,17.17799949645996,16.886667251586914,17.025999069213867,49803000,0.2913322448730469,0.41242858341761995
2017-03-24,17.54400062561035,17.592666625976562,17.000667572021484,17.046667098999023,84709500,0.5919990539550781,0.4347618647984096
2017-03-27,18.014667510986328,18.038000106811523,17.316667556762695,17.373332977294922,93462000,0.7213325500488281,0.45976175580705914
2017-03-28,18.496667861938477,18.711999893188477,18.333332061767578,18.468000411987305,119814000,0.37866783142089844,0.4641904830932617
2017-03-29,18.492000579833984,18.639999389648438,18.369333267211914,18.555999755859375,55143000,0.27066612243652344,0.45657144274030415
2017-03-30,18.527999877929688,18.799999237060547,18.480667114257812,18.535999298095703,62226000,0.3193321228027344,0.4627143314906529
2017-03-31,18.553333282470703,18.64533233642578,18.42133331298828,18.582000732421875,49419000,0.2239990234375,0.45933328356061665
2017-04-03,19.90133285522461,19.933332443237305,18.972000122070312,19.126667022705078,208329000,0.9613323211669922,0.4703807830810547
2017-04-04,20.246667861938477,20.320667266845703,19.635332107543945,19.792667388916016,152019000,0.6853351593017578,0.4872856140136719
2017-04-05,19.666667938232422,20.325332641601562,19.613332748413086,20.13599967956543,118213500,0.7119998931884766,0.5062855311802456
2017-04-06,19.913333892822266,20.12933349609375,19.606666564941406,19.79199981689453,82809000,0.5226669311523438,0.5239522116524833
2017-04-07,20.16933250427246,20.179332733154297,19.809999465942383,19.833332061767578,68694000,0.36933326721191406,0.5230474472045898
2017-04-10,20.826000213623047,20.915332794189453,20.58066749572754,20.610000610351562,114967500,0.33466529846191406,0.47761876242501394
2017-04-11,20.58066749572754,20.898000717163086,20.366666793823242,20.892000198364258,85869000,0.5313339233398438,0.4938568387712751
2017-04-12,19.78933334350586,20.56333351135254,19.754667282104492,20.422666549682617,90760500,0.8086662292480469,0.5308092662266323
2017-04-13,20.266666412353516,20.492666244506836,19.68666648864746,19.780000686645508,139269000,0.805999755859375,0.5460950306483677
2017-04-17,20.09600067138672,20.266666412353516,19.91200065612793,20.18000030517578,62080500,0.35466575622558594,0.519904545375279
2017-04-18,20.016666412353516,20.055999755859375,19.860000610351562,19.979999542236328,45535500,0.1959991455078125,0.5068567820957729
2017-04-19,20.368000030517578,20.441333770751953,20.140666961669922,20.163999557495117,58470000,0.30066680908203125,0.5089996882847377
2017-04-20,20.167333602905273,20.610000610351562,20.01533317565918,20.43400001525879,92241000,0.5946674346923828,0.5286664962768555
2017-04-21,20.373332977294922,20.426666259765625,20.027999877929688,20.133333206176758,67647000,0.3986663818359375,0.5411427361624581
2017-04-24,20.53533363342285,20.703332901000977,20.40133285522461,20.614667892456055,76252500,0.3020000457763672,0.49404757363455637
2017-04-25,20.91933250427246,20.93199920654297,20.390666961669922,20.53333282470703,101065500,0.5413322448730469,0.48376165117536274
2017-04-26,20.67799949645996,20.96666717529297,20.600000381469727,20.82466697692871,70425000,0.3666667938232422,0.4590950012207031
2017-04-27,20.575332641601562,20.87266731262207,20.5,20.779333114624023,52029000,0.3726673126220703,0.44838074275425505
2017-04-28,20.937999725341797,20.98666763305664,20.53333282470703,20.655332565307617,67582500,0.4533348083496094,0.454380852835519
2017-05-01,21.52199935913086,21.816667556762695,20.987333297729492,20.992000579833984,132444000,0.8293342590332031,0.48971435001918245
2017-05-02,21.25933265686035,21.8439998626709,21.104000091552734,21.600000381469727,80742000,0.7399997711181641,0.5046190534319196
2017-05-03,20.73466682434082,21.435333251953125,20.696666717529297,21.17799949645996,107001000,0.7386665344238281,0.4996190752301897
2017-05-04,19.69733238220215,20.51799964904785,19.384000778198242,20.496000289916992,212280000,1.1339988708496094,0.5230475834437779
2017-05-05,20.55666732788086,20.56999969482422,19.786666870117188,19.866666793823242,122659500,0.7833328247070312,0.5536666597638812
2017-05-08,20.479333877563477,20.91933250427246,20.38800048828125,20.726667404174805,105097500,0.5313320159912109,0.5776190076555524
2017-05-09,21.417333602905273,21.465999603271484,20.606666564941406,20.625333786010742,145147500,0.8593330383300781,0.6175237383161273
2017-05-10,21.681333541870117,21.700000762939453,21.20800018310547,21.437332153320312,86124000,0.4920005798339844,0.6101903915405273
2017-05-11,21.540000915527344,21.733333587646484,21.30666732788086,21.559999465942383,71307000,0.426666259765625,0.6121903828212193
2017-05-12,21.65399932861328,21.799999237060547,21.435333251953125,21.698667526245117,61824000,0.3646659851074219,0.6166665213448661
2017-05-15,21.058666229248047,21.34666633605957,20.8353328704834,21.225332260131836,114330000,0.5113334655761719,0.6145237513950893
2017-05-16,21.134000778198242,21.33733367919922,21.00933265686035,21.172666549682617,62287500,0.3280010223388672,0.6117619105747768
2017-05-17,20.407333374023438,20.975332260131836,20.366666793823242,20.959333419799805,100678500,0.6086654663085938,0.6286189215523856
2017-05-18,20.87066650390625,20.929332733154297,20.354000091552734,20.46666717529297,84807000,0.5753326416015625,0.6373330524989537
2017-05-19,20.722000122070312,21.100000381469727,20.68000030517578,21.03333282470703,70314000,0.4200000762939453,0.6080948965890067
2017-05-22,20.690000534057617,20.95800018310547,20.453332901000977,20.85333251953125,64938000,0.5046672821044922,0.5912854330880302
2017-05-23,20.257333755493164,20.715333938598633,20.23200035095215,20.69733238220215,64776000,0.4833335876464844,0.573047365461077
2017-05-24,20.681333541870117,20.733333587646484,20.360000610351562,20.43400001525879,75499500,0.3733329772949219,0.5187140873500279
2017-05-25,21.121999740600586,21.131332397460938,20.520666122436523,20.73466682434082,75210000,0.6106662750244141,0.5063807623726981
2017-05-26,21.676000595092773,21.69933319091797,21.08733367919922,21.152000427246094,117033000,0.61199951171875,0.5121427263532367
2017-05-30,22.34000015258789,22.41866683959961,21.71733283996582,21.733333587646484,116743500,0.7013339996337891,0.5008570807320731
2017-05-31,22.733999252319336,22.859333038330078,22.3439998626709,22.512666702270508,149451000,0.5153331756591797,0.502523694719587
2017-06-01,22.691333770751953,22.992000579833984,22.486000061035156,22.933332443237305,114120000,0.5060005187988281,0.508190427507673
2017-06-02,22.656667709350586,22.858667373657227,22.39533233642578,22.65133285522461,83853000,0.4633350372314453,0.5152382169451032
2017-06-05,23.154666900634766,23.229333877563477,22.28066635131836,22.566667556762695,101766000,0.9486675262451172,0.5464763641357422
2017-06-06,23.523332595825195,23.965999603271484,22.6646671295166,22.979999542236328,166302000,1.3013324737548828,0.6160000392368862
2017-06-07,23.976667404174805,24.03333282470703,23.676000595092773,23.756000518798828,140970000,0.3573322296142578,0.5980476651872907
2017-06-08,24.666667938232422,24.793333053588867,24.014667510986328,24.25,135922500,0.7786655426025391,0.6125714438302177
2017-06-09,23.821332931518555,25.124666213989258,23.65333366394043,24.961332321166992,258921000,1.4713325500488281,0.687666620526995
2017-06-12,23.93400001525879,24.299999237060547,23.374666213989258,23.865999221801758,157765500,0.9253330230712891,0.7177141734531948
2017-06-13,25.06333351135254,25.066667556762695,24.44066619873047,24.507999420166016,177118500,0.6260013580322266,0.7279047284807477
2017-06-14,25.37733268737793,25.616666793823242,25.08733367919922,25.4060001373291,192276000,0.5293331146240234,0.7390475954328265
2017-06-15,25.022666931152344,25.03066635131836,24.432666778564453,24.833332061767578,156397500,0.5979995727539062,0.738142830984933
2017-06-16,24.760000228881836,25.200666427612305,24.67333221435547,25.198667526245117,100965000,0.5273342132568359,0.7320953096662249
2017-06-19,24.65333366394043,25.113332748413086,24.520000457763672,25.0,98239500,0.5933322906494141,0.7243809018816266
2017-06-20,24.81599998474121,25.2586669921875,24.648666381835938,25.1113338470459,111580500,0.6100006103515625,0.7311428615025112
2017-06-21,25.093332290649414,25.132667541503906,24.534666061401367,24.956666946411133,73848000,0.5980014801025391,0.7377143587384906
2017-06-22,25.507333755493164,25.666667938232422,24.904666900634766,25.19933319091797,112947000,0.7620010375976562,0.7590476444789341
2017-06-23,25.56333351135254,25.799333572387695,25.290000915527344,25.496667861938477,96687000,0.5093326568603516,0.7276665823800224
2017-06-26,25.166000366210938,25.796667098999023,24.873332977294922,25.779333114624023,99061500,0.9233341217041016,0.7006667000906808
2017-06-27,24.158000946044922,25.093332290649414,24.134666442871094,25.093332290649414,104946000,0.9586658477783203,0.7436191013881138
2017-06-28,24.749332427978516,24.78266716003418,24.167999267578125,24.44533348083496,94537500,0.6146678924560547,0.7319049835205078
2017-06-29,24.049999237060547,24.733333587646484,23.606666564941406,24.707332611083984,123315000,1.1266670227050781,0.7072860172816685
2017-06-30,24.107332229614258,24.451332092285156,23.974666595458984,24.247333526611328,87727500,0.4766654968261719,0.6752383368355888
2017-07-03,23.507999420166016,24.75666618347168,23.433332443237305,24.682666778564453,94581000,1.323333740234375,0.7250477927071708
2017-07-05,21.805999755859375,23.14933204650879,21.755332946777344,23.14666748046875,255700500,1.3939990997314453,0.7868096487862724
2017-07-06,20.588666915893555,21.38599967956543,20.420000076293945,21.150667190551758,289867500,0.9659996032714844,0.8130953652518136
2017-07-07,20.881332397460938,21.133333206176758,20.492000579833984,20.899999618530273,212653500,0.6413326263427734,0.8212381090436663
2017-07-10,21.06999969482422,21.195999145507812,20.208667755126953,20.860000610351562,207313500,0.9873313903808594,0.8493809018816266
2017-07-11,21.814666748046875,21.818666458129883,20.953332901000977,21.066667556762695,173391000,0.8653335571289062,0.8676189695085798
2017-07-12,21.968000411987305,22.206666946411133,21.633333206176758,22.02666664123535,155191500,0.573333740234375,0.8658569880894252
2017-07-13,21.560667037963867,22.106666564941406,21.33133316040039,22.007333755493164,128917500,0.7753334045410156,0.8668093000139508
2017-07-14,21.851999282836914,21.89466667175293,21.4146671295166,21.54599952697754,84378000,0.4799995422363281,0.8647140775408063
2017-07-17,21.30466651916504,21.80666732788086,20.89666748046875,21.702667236328125,148153500,0.9099998474121094,0.8637616293770927
2017-07-18,21.882667541503906,21.941999435424805,21.04400062561035,21.166667938232422,95605500,0.8979988098144531,0.8594282695225307
2017-07-19,21.68400001525879,22.110000610351562,21.54800033569336,21.881999969482422,95355000,0.5620002746582031,0.8556662968226841
2017-07-20,21.994667053222656,22.014667510986328,21.613332748413086,21.793333053588867,77493000,0.4013347625732422,0.8038568496704102
2017-07-21,21.893333435058594,22.083999633789062,21.719999313354492,21.964000701904297,73524000,0.3640003204345703,0.7958093370710101
2017-07-24,22.834667205810547,22.893333435058594,22.000667572021484,22.016000747680664,129556500,0.8926658630371094,0.7650473458426339
2017-07-25,22.639999389648438,23.040000915527344,22.27666664123535,23.0,104838000,0.7633342742919922,0.7199998583112445
2017-07-26,22.92333221435547,23.03333282470703,22.541332244873047,22.69066619873047,72312000,0.4920005798339844,0.6861427852085659
2017-07-27,22.297332763671875,23.166667938232422,21.752666473388672,23.066667556762695,124536000,1.41400146484375,0.7413334165300641
2017-07-28,22.33799934387207,22.639999389648438,22.167333602905273,22.459333419799805,73206000,0.47266578674316406,0.7045715876988002
2017-07-31,21.564666748046875,22.766000747680664,21.402666091918945,22.366666793823242,128026500,1.3633346557617188,0.7401430947440011
2017-08-01,21.30466651916504,21.6299991607666,21.075332641601562,21.53333282470703,124546500,0.5546665191650391,0.7388097218104771
2017-08-02,21.72599983215332,21.808000564575195,20.74799919128418,21.262666702270508,196372500,1.0600013732910156,0.7591431481497628
2017-08-03,23.139333724975586,23.333332061767578,22.876667022705078,23.02199935913086,203025000,0.4566650390625,0.7574763979230609
2017-08-04,23.79400062561035,23.81800079345703,22.886667251586914,23.133333206176758,139033500,0.9313335418701172,0.7590002332414899
2017-08-07,23.67799949645996,23.965333938598633,23.516666412353516,23.823333740234375,94867500,0.4486675262451172,0.7269051415579659
2017-08-08,24.347999572753906,24.57200050354004,23.82666778564453,23.8353328704834,111747000,0.7453327178955078,0.7400003160749163
2017-08-09,24.235332489013672,24.666667938232422,23.93000030517578,24.066667556762695,103381500,0.7366676330566406,0.7639526639665876
2017-08-10,23.69333267211914,24.44333267211914,23.643999099731445,24.106666564941406,106393500,0.7993335723876953,0.7950478962489537
2017-08-11,23.857999801635742,24.083999633789062,23.57466697692871,23.79800033569336,65487000,0.5093326568603516,0.7676669529506138
2017-08-14,24.253332138061523,24.51066780090332,24.17333221435547,24.308666229248047,67788000,0.33733558654785156,0.7372384752546038
2017-08-15,24.155332565307617,24.365999221801758,23.95800018310547,24.34666633605957,46276500,0.40799903869628906,0.7312383651733398
2017-08-16,24.194000244140625,24.433332443237305,24.167999267578125,24.200000762939453,51207000,0.2653331756591797,0.6491906302315849
2017-08-17,23.461332321166992,24.219999313354492,23.439332962036133,24.08066749572754,75415500,0.7806663513183594,0.6711906705583844
2017-08-18,23.163999557495117,23.600000381469727,23.053333282470703,23.527332305908203,81123000,0.5466670989990234,0.6128572736467633
2017-08-21,22.52400016784668,23.05466651916504,22.123332977294922,23.05466651916504,97431000,0.9313335418701172,0.6397620609828404
2017-08-22,22.75666618347168,22.81599998474121,22.4913330078125,22.742000579833984,64830000,0.32466697692871094,0.5872381755283901
2017-08-23,23.51799964904785,23.56599998474121,22.553333282470703,22.599332809448242,74317500,1.0126667022705078,0.6269525800432477
2017-08-24,23.528667449951172,23.777332305908203,23.31599998474121,23.501333236694336,68770500,0.4613323211669922,0.5933810642787388
2017-08-25,23.203332901000977,23.71266746520996,23.15333366394043,23.615999221801758,52260000,0.5593338012695312,0.6012857982090541
2017-08-28,23.04400062561035,23.156667709350586,22.648000717163086,23.152000427246094,56460000,0.5086669921875,0.584381103515625
2017-08-29,23.157333374023438,23.270000457763672,22.583332061767578,22.631999969482422,61105500,0.6866683959960938,0.5808097294398716
2017-08-30,23.545333862304688,23.564666748046875,23.133333206176758,23.31133270263672,51193500,0.4313335418701172,0.5545240129743304
2017-08-31,23.726667404174805,23.895999908447266,23.521333694458008,23.56999969482422,61092000,0.3746662139892578,0.5449049813406808
2017-09-01,23.69333267211914,23.839332580566406,23.57933235168457,23.7413330078125,45742500,0.26000022888183594,0.5393810272216797
2017-09-05,23.305999755859375,23.69933319091797,23.05933380126953,23.586666107177734,57526500,0.6399993896484375,0.5559524808611188
2017-09-06,22.968666076660156,23.398666381835938,22.770666122436523,23.299999237060547,61371000,0.6280002593994141,0.5818572725568499
2017-09-07,23.374000549316406,23.498666763305664,22.89666748046875,23.065332412719727,63588000,0.6019992828369141,0.5690953390938895
2017-09-08,22.893333435058594,23.318666458129883,22.81999969482422,23.266000747680664,48952500,0.49866676330566406,0.565666743687221
2017-09-11,24.246000289916992,24.247333526611328,23.333332061767578,23.42333221435547,115006500,0.91400146484375,0.5644287381853376
2017-09-12,24.183332443237305,24.583999633789062,24.02666664123535,24.299333572387695,89593500,0.5573329925537109,0.5810477393014091
2017-09-13,24.415332794189453,24.538000106811523,23.972667694091797,24.254667282104492,62778000,0.5653324127197266,0.5490952900477818
2017-09-14,25.176000595092773,25.19733238220215,24.17533302307129,24.288667678833008,108037500,1.0219993591308594,0.5891429356166294
2017-09-15,25.320667266845703,25.333332061767578,24.84666633605957,24.96733283996582,81307500,0.4866657257080078,0.5839523587908063
2017-09-18,25.666667938232422,25.974000930786133,25.178667068481445,25.350000381469727,107820000,0.7953338623046875,0.6044285637991769
2017-09-19,25.00666618347168,25.492666244506836,24.904666900634766,25.333332061767578,96778500,0.5879993438720703,0.5973807743617466
2017-09-20,24.92733383178711,25.21666717529297,24.738000869750977,24.866666793823242,73786500,0.4786663055419922,0.6007616860525948
2017-09-21,24.43199920654297,25.121999740600586,24.30066680908203,24.99333381652832,69273000,0.8213329315185547,0.6326664515904018
2017-09-22,23.4060001373291,24.65999984741211,23.392000198364258,24.432666778564453,122391000,1.2679996490478516,0.7046664101736886
2017-09-25,22.999332427978516,23.83133316040039,22.858667373657227,23.543333053588867,114088500,0.9726657867431641,0.7284282956804548
2017-09-26,23.016666412353516,23.416000366210938,22.726667404174805,23.39533233642578,107344500,0.6893329620361328,0.732809203011649
2017-09-27,22.731332778930664,23.432666778564453,22.700000762939453,23.32666778564453,90904500,0.732666015625,0.7421425410679409
2017-09-28,22.639999389648438,22.850000381469727,22.360000610351562,22.658666610717773,79794000,0.48999977111816406,0.7415234701974052
2017-09-29,22.739999771118164,22.978666305541992,22.573333740234375,22.790666580200195,76606500,0.4053325653076172,0.7051899773733956
2017-10-02,22.768667221069336,22.913333892822266,22.367332458496094,22.834667205810547,79302000,0.5460014343261719,0.7043805803571429
2017-10-03,23.209333419799805,23.23666763305664,22.0853328704834,22.393333435058594,152304000,1.1513347625732422,0.7462378910609654
2017-10-04,23.667333602905273,23.908000946044922,23.30666732788086,23.416667938232422,122452500,0.6013336181640625,0.7161903381347656
2017-10-05,23.68866729736328,23.82933235168457,23.42333221435547,23.733333587646484,62575500,0.40600013732910156,0.7104285103934151
2017-10-06,23.79199981689453,24.00666618347168,23.483333587646484,23.540000915527344,64462500,0.5233325958251953,0.6909998485020229
2017-10-09,22.862667083740234,23.450000762939453,22.844667434692383,23.309999465942383,112405500,0.6053333282470703,0.6922379902430943
2017-10-10,23.70599937438965,23.708667755126953,23.03533363342285,23.1200008392334,104677500,0.6733341217041016,0.7061428342546735
2017-10-11,23.639999389648438,23.84000015258789,23.40999984741211,23.592666625976562,67512000,0.43000030517578125,0.6781905038016183
2017-10-12,23.711999893188477,23.985332489013672,23.50933265686035,23.530000686645508,61305000,0.4759998321533203,0.6216190883091518
2017-10-13,23.704666137695312,23.89933204650879,23.57866668701172,23.798667907714844,53107500,0.3206653594970703,0.5750476292201451
2017-10-16,23.373332977294922,23.631999969482422,23.143999099731445,23.583999633789062,80632500,0.48800086975097656,0.5606667654854911
2017-10-17,23.71666717529297,23.74799919128418,23.33799934387207,23.393999099731445,49399500,0.4099998474121094,0.5376191820417132
2017-10-18,23.976667404174805,24.200000762939453,23.608667373657227,23.731332778930664,74086500,0.5913333892822266,0.5448572976248605
2017-10-19,23.45400047302246,23.809999465942383,23.213333129882812,23.70400047302246,75927000,0.5966663360595703,0.5585239955357143
2017-10-20,23.00666618347168,23.636667251586914,22.95599937438965,23.512666702270508,73956000,0.6806678771972656,0.5681430271693638
2017-10-23,22.468000411987305,23.329999923706055,22.416667938232422,23.325332641601562,86209500,0.9133319854736328,0.551142828805106
2017-10-24,22.48933219909668,22.85333251953125,22.410667419433594,22.586666107177734,67375500,0.44266510009765625,0.5398093632289341
2017-10-25,21.722667694091797,22.5,21.570667266845703,22.446666717529297,128911500,0.9293327331542969,0.5771902629307338
2017-10-26,21.744667053222656,22.01533317565918,21.546667098999023,21.851999282836914,75352500,0.46866607666015625,0.5732855115618024
2017-10-27,21.391332626342773,21.639333724975586,21.110666275024414,21.316667556762695,104695500,0.5286674499511719,0.5678093773978097
2017-10-30,21.338666915893555,21.5853328704834,21.149999618530273,21.278667449951172,63816000,0.435333251953125,0.5508093152727399
2017-10-31,22.101999282836914,22.1299991607666,21.345333099365234,21.34866714477539,85084500,0.7846660614013672,0.5761425835745675
2017-11-01,21.405332565307617,22.173999786376953,21.35066795349121,22.149999618530273,126859500,0.8233318328857422,0.600952012198312
2017-11-02,19.950666427612305,20.57933235168457,19.5086669921875,20.0086669921875,296871000,1.0706653594970703,0.6545234407697406
2017-11-03,20.4060001373291,20.416667938232422,19.67533302307129,19.96666717529297,133410000,0.7413349151611328,0.6726187297276088
2017-11-06,20.185333251953125,20.5,19.93400001525879,20.46666717529297,97290000,0.5659999847412109,0.6837615966796875
2017-11-07,20.40333366394043,20.433332443237305,20.00200080871582,20.06800079345703,79414500,0.4313316345214844,0.672332899911063
2017-11-08,20.292667388916016,20.459333419799805,20.086666107177734,20.366666793823242,70879500,0.3726673126220703,0.6563329696655273
2017-11-09,20.19933319091797,20.297332763671875,19.753332138061523,20.166667938232422,81706500,0.5440006256103516,0.6465710231236049
2017-11-10,20.19933319091797,20.55733299255371,20.123332977294922,20.166667938232422,69381000,0.43400001525878906,0.6123330252511161
2017-11-13,21.02666664123535,21.1200008392334,19.94066619873047,20.0086669921875,113773500,1.1793346405029297,0.664952278137207
2017-11-14,20.579999923706055,21.09000015258789,20.459999084472656,21.0,85141500,0.6300010681152344,0.6435714449201312
2017-11-15,20.753332138061523,20.832666397094727,20.100000381469727,20.400667190551758,89680500,0.732666015625,0.66242858341762
2017-11-16,20.833332061767578,21.209333419799805,20.753332138061523,20.932666778564453,87331500,0.45600128173828125,0.6572381428309849
2017-11-17,21.003332138061523,21.777999877929688,20.876667022705078,21.711332321166992,206026500,0.9013328552246094,0.6905238287789481
2017-11-20,20.582666397094727,21.03333282470703,20.316667556762695,20.91933250427246,123715500,0.7166652679443359,0.6856666292463031
2017-11-21,21.187332153320312,21.215333938598633,20.58066749572754,20.724000930786133,108919500,0.6346664428710938,0.6721905299595424
2017-11-22,20.84000015258789,21.161333084106445,20.78933334350586,21.118000030517578,73764000,0.37199974060058594,0.6222858428955078
2017-11-24,21.036666870117188,21.0939998626709,20.733333587646484,20.91933250427246,48661500,0.36066627502441406,0.5950952257428851
2017-11-27,21.12066650390625,21.1560001373291,20.634000778198242,20.883333206176758,68338500,0.5219993591308594,0.5919523239135742
2017-11-28,21.170000076293945,21.333332061767578,20.92799949645996,21.090667724609375,74242500,0.4053325653076172,0.5900952475411552
2017-11-29,20.502666473388672,21.200000762939453,20.082000732421875,21.15333366394043,131511000,1.1180000305175781,0.6433332988194057
2017-11-30,20.59000015258789,20.713333129882812,20.30266761779785,20.570667266845703,65274000,0.41066551208496094,0.6338093621390206
2017-12-01,20.435333251953125,20.687999725341797,20.336666107177734,20.362667083740234,64393500,0.3513336181640625,0.6279046194893974
2017-12-04,20.34666633605957,20.551332473754883,20.040666580200195,20.433332443237305,87526500,0.5106658935546875,0.5801425661359515
2017-12-05,20.246667861938477,20.53333282470703,20.066667556762695,20.133333206176758,69697500,0.46666526794433594,0.5684757232666016
2017-12-06,20.884000778198242,20.892667770385742,20.0,20.00666618347168,107929500,0.8926677703857422,0.579904420035226
2017-12-07,20.749332427978516,21.242000579833984,20.73666763305664,20.799999237060547,71709000,0.5053329467773438,0.5834281103951591
2017-12-08,21.0086669921875,21.131999969482422,20.750667572021484,20.97333335876465,52027500,0.3813323974609375,0.5462852205548968
2017-12-11,21.92733383178711,21.93400001525879,20.916667938232422,20.975332260131836,119070000,1.0173320770263672,0.5677614212036133
2017-12-12,22.735332489013672,22.762666702270508,22.00200080871582,22.030000686645508,130998000,0.7606658935546875,0.5767613819667271
2017-12-13,22.601999282836914,22.947999954223633,22.433332443237305,22.728666305541992,93322500,0.5146675109863281,0.5869519369942802
2017-12-14,22.525999069213867,23.16266632080078,22.459999084472656,22.733999252319336,86998500,0.702667236328125,0.6113805770874023
2017-12-15,22.89666748046875,22.926666259765625,22.384000778198242,22.80266761779785,103998000,0.5426654815673828,0.6128567286900112
2017-12-18,22.591333389282227,23.115333557128906,22.505332946777344,22.99333381652832,82143000,0.6100006103515625,0.6274758747645787
2017-12-19,22.073333740234375,22.766000747680664,22.020000457763672,22.68400001525879,102375000,0.7460002899169922,0.6009044647216797
2017-12-20,21.93199920654297,22.206666946411133,21.66933250427246,22.179332733154297,89307000,0.5373344421386719,0.6099522454398019
2017-12-21,22.110666275024414,22.249332427978516,21.81399917602539,21.972667694091797,65778000,0.435333251953125,0.6159522192818778
2017-12-22,21.68000030517578,22.06133270263672,21.654666900634766,21.96733283996582,63237000,0.4066658020019531,0.6085236413138253
2017-12-26,21.152666091918945,21.59600067138672,21.10533332824707,21.588666915893555,65676000,0.49066734313964844,0.6102380752563477
2017-12-27,20.775999069213867,21.178667068481445,20.71666717529297,21.066667556762695,70681500,0.46199989318847656,0.5794760840279716
2017-12-28,21.02400016784668,21.05466651916504,20.63599967956543,20.78333282470703,64744500,0.4186668395996094,0.5732856478009906
2017-12-29,20.75666618347168,21.0939998626709,20.666667938232422,21.07866668701172,56658000,0.42733192443847656,0.5765713282993862
2018-01-02,21.368667602539062,21.474000930786133,20.733333587646484,20.799999237060547,65283000,0.7406673431396484,0.556809561593192
2018-01-03,21.149999618530273,21.683332443237305,21.036666870117188,21.399999618530273,67822500,0.6466655731201172,0.5486666815621513
2018-01-04,20.974666595458984,21.23666763305664,20.3786678314209,20.857999801635742,149194500,0.8579998016357422,0.573190416608538
2018-01-05,21.10533332824707,21.14933204650879,20.799999237060547,21.107999801635742,68868000,0.3493328094482422,0.5479522432599749
2018-01-08,22.42733383178711,22.468000411987305,21.03333282470703,21.066667556762695,147891000,1.4346675872802734,0.6116666793823242
2018-01-09,22.246000289916992,22.586666107177734,21.82666778564453,22.3439998626709,107199000,0.7599983215332031,0.6223808016095843
2018-01-10,22.31999969482422,22.46666717529297,22.0,22.14666748046875,64648500,0.46666717529296875,0.6024284362792969
2018-01-11,22.530000686645508,22.987333297729492,22.21733283996582,22.349332809448242,99682500,0.7700004577636719,0.6190474373953683
2018-01-12,22.4146671295166,22.694000244140625,22.244667053222656,22.575332641601562,72376500,0.44933319091796875,0.6200474330357143
2018-01-16,22.67066764831543,23.0,22.31999969482422,22.502666473388672,97114500,0.6800003051757812,0.6395713261195591
2018-01-17,23.143999099731445,23.266666412353516,22.649999618530273,22.697999954223633,106552500,0.6166667938232422,0.648571286882673
2018-01-18,22.971332550048828,23.48666763305664,22.916000366210938,23.044666290283203,85287000,0.5706672668457031,0.6563332421439034
2018-01-19,23.334667205810547,23.37266731262207,22.84000015258789,23.0,73324500,0.5326671600341797,0.6644761221749442
2018-01-22,23.437332153320312,23.85533332824707,23.280000686645508,23.293333053588867,93156000,0.5753326416015625,0.6750476019723075
2018-01-23,23.519332885742188,24.03333282470703,23.399999618530273,24.0,81981000,0.6333332061767578,0.6673808779035296
2018-01-24,23.05933380126953,23.649999618530273,22.90133285522461,23.6386661529541,79312500,0.7486667633056641,0.6746666772024972
2018-01-25,22.50933265686035,23.280000686645508,22.426666259765625,23.218000411987305,101104500,0.8533344268798828,0.6743334361485073
2018-01-26,22.856666564941406,22.933332443237305,22.380666732788086,22.766666412353516,68091000,0.5526657104492188,0.6888572147914341
2018-01-29,23.302000045776367,23.389999389648438,22.552000045776367,22.656667709350586,71206500,0.8379993438720703,0.6462380545479911
2018-01-30,23.05466651916504,23.218000411987305,22.81133270263672,23.00933265686035,70765500,0.40666770935058594,0.6210001536778041
2018-01-31,23.62066650390625,23.746000289916992,23.012666702270508,23.167333602905273,93211500,0.7333335876464844,0.6400477545601981
2018-02-01,23.28333282470703,23.977333068847656,23.242000579833984,23.399999618530273,62965500,0.7353324890136719,0.6375714710780552
2018-02-02,22.916667938232422,23.463333129882812,22.700666427612305,23.229333877563477,55572000,0.7626667022705078,0.6599524361746651
2018-02-05,22.208667755126953,22.96466636657715,22.200000762939453,22.531333923339844,66961500,0.7646656036376953,0.6659999574933734
2018-02-06,22.264667510986328,22.4146671295166,21.566667556762695,21.680667877197266,76326000,0.8479995727539062,0.6825237274169922
2018-02-07,23.0,23.066667556762695,22.37733268737793,22.599332809448242,104538000,0.6893348693847656,0.6909999847412109
2018-02-08,21.01533317565918,23.2413330078125,20.97333335876465,22.887332916259766,154719000,2.2679996490478516,0.8149523053850446
2018-02-09,20.69466781616211,21.398666381835938,19.650667190551758,21.32866668701172,194005500,1.7479991912841797,0.8987142017909459
2018-02-12,21.048667907714844,21.205333709716797,20.416667938232422,21.075332641601562,93417000,0.788665771484375,0.9098093850272042
2018-02-13,21.577333450317383,21.612667083740234,20.833999633789062,21.001333236694336,68403000,0.7786674499511719,0.911952291216169
2018-02-14,21.487333297729492,21.744667053222656,21.23466682434082,21.389333724975586,59260500,0.5100002288818359,0.8874284199305943
2018-02-15,22.271333694458008,22.274667739868164,21.49333381652832,21.633333206176758,88693500,0.7813339233398438,0.9037618637084961
2018-02-16,22.365999221801758,22.874666213989258,22.109333038330078,22.166667938232422,84639000,0.7653331756591797,0.898571423121861
2018-02-20,22.31800079345703,22.722667694091797,22.100000381469727,22.29800033569336,60141000,0.6226673126220703,0.9139999662126813
2018-02-21,22.219999313354492,22.645999908447266,22.211332321166992,22.402000427246094,48294000,0.43466758728027344,0.8926666804722377
2018-02-22,23.077999114990234,23.16266632080078,22.316667556762695,22.368667602539062,104547000,0.8459987640380859,0.9005714144025531
2018-02-23,23.469999313354492,23.666000366210938,23.139999389648438,23.18866729736328,87261000,0.5260009765625,0.8836667197091239
2018-02-26,23.827999114990234,23.933332443237305,23.49066734313965,23.566667556762695,65100000,0.44266510009765625,0.8606666837419782
2018-02-27,23.39933204650879,23.999332427978516,23.333999633789062,23.75,71961000,0.6653327941894531,0.8476190567016602
2018-02-28,22.87066650390625,23.682666778564453,22.814666748046875,23.504667282104492,91045500,0.8680000305175781,0.8603808539254325
2018-03-01,22.062000274658203,23.244667053222656,22.004667282104492,23.000667572021484,103284000,1.239999771118164,0.786952291216169
2018-03-02,22.341333389282227,22.347999572753906,21.531333923339844,21.798667907714844,76392000,0.8166656494140625,0.720428466796875
2018-03-05,22.22333335876465,22.516666412353516,21.952667236328125,22.159332275390625,57357000,0.5639991760253906,0.704380852835519
2018-03-06,21.8799991607666,22.424667358398438,21.802000045776367,22.25,64285500,0.6226673126220703,0.6932379858834403
2018-03-07,22.15333366394043,22.166667938232422,21.44933319091797,21.695999145507812,75109500,0.7173347473144531,0.708047594342913
2018-03-08,21.940000534057617,22.219999313354492,21.751333236694336,22.19066619873047,53493000,0.46866607666015625,0.6857141767229352
2018-03-09,21.81133270263672,21.89933204650879,21.4913330078125,21.606666564941406,82602000,0.40799903869628906,0.6601903097970145
2018-03-12,23.034000396728516,23.1473331451416,21.766666412353516,21.907333374023438,123960000,1.380666732788086,0.7143331255231585
2018-03-13,22.78933334350586,23.1473331451416,21.766666412353516,21.907333374023438,89487000,1.380666732788086,0.7819044930594308
2018-03-14,21.775333404541016,22.65399932861328,21.595333099365234,22.450666427612305,119511000,1.0586662292480469,0.7970950262887138
2018-03-15,21.706666946411133,22.190000534057617,21.406667709350586,21.958667755126953,98472000,0.7833328247070312,0.8154758725847516
2018-03-16,21.42333221435547,21.82666778564453,21.271333694458008,21.528667449951172,91759500,0.5553340911865234,0.8235236576625279
2018-03-19,20.90399932861328,21.383333206176758,20.64466667175293,21.100000381469727,112264500,0.7386665344238281,0.8287617819649833
2018-03-20,20.703332901000977,21.083332061767578,20.583999633789062,20.9913330078125,71464500,0.4993324279785156,0.8024283817836216
2018-03-21,21.101999282836914,21.496000289916992,20.679332733154297,20.683332443237305,89376000,0.8166675567626953,0.7721903664725167
2018-03-22,20.606666564941406,21.254667282104492,20.545333862304688,20.926000595092773,74097000,0.7093334197998047,0.7645237786429269
2018-03-23,20.1026668548584,20.75,20.030000686645508,20.75,99823500,0.7199993133544922,0.7756666455950055
2018-03-26,20.278667449951172,20.506000518798828,19.423999786376953,20.48933219909668,125628000,1.082000732421875,0.808476175580706
2018-03-27,18.61199951171875,20.284666061401367,18.478666305541992,20.266666412353516,208080000,1.805999755859375,0.8862379619053432
2018-03-28,17.185333251953125,17.91200065612793,16.80666732788086,17.6386661529541,315021000,1.1053333282470703,0.9317141941615513
2018-03-29,17.742000579833984,18.06399917602539,16.547332763671875,17.099332809448242,227560500,1.5166664123535156,1.0109047208513533
2018-04-02,16.832000732421875,17.35533332824707,16.305999755859375,17.083999633789062,241710000,1.0493335723876953,0.9872380665370396
2018-04-03,17.8353328704834,18.22333335876465,16.965999603271484,17.988000869750977,282666000,1.257333755493164,0.978428568158831
2018-04-04,19.12933349609375,19.224666595458984,16.799999237060547,16.851999282836914,298450500,2.4246673583984375,1.0760000773838587
2018-04-05,20.381332397460938,20.417333602905273,19.213333129882812,19.28933334350586,286816500,1.204000473022461,1.1060477665492467
2018-04-06,19.953332901000977,20.618667602539062,19.700000762939453,20.066667556762695,202804500,0.9186668395996094,1.13200010572161
2018-04-09,19.310667037963867,20.633333206176758,19.28066635131836,20.024667739868164,153747000,1.3526668548583984,1.1758572714669364
2018-04-10,20.31333351135254,20.47333335876465,19.57866668701172,19.931333541870117,164847000,0.8946666717529297,1.2040954317365373
2018-04-11,20.062000274658203,20.59866714477539,19.977333068847656,20.049333572387695,112243500,0.6213340759277344,1.190143040248326
2018-04-12,19.60533332824707,20.26333236694336,19.57866668701172,20.154666900634766,114132000,0.6846656799316406,1.1883810588291712
2018-04-13,20.022666931152344,20.26333236694336,19.73200035095215,20.239999771118164,109908000,0.5313320159912109,1.1749048233032227
2018-04-16,19.413999557495117,19.977333068847656,19.267332077026367,19.933332443237305,95077500,0.7100009918212891,1.1483334132603236
2018-04-17,19.179332733154297,19.47800064086914,18.833999633789062,19.257999420166016,105000000,0.6440010070800781,1.0653335026332311
2018-04-18,19.55666732788086,20.016000747680664,19.21066665649414,19.405332565307617,98365500,0.8053340911865234,1.0439049857003349
2018-04-19,20.005332946777344,20.067333221435547,19.23666763305664,19.405332565307617,91359000,0.8306655883789062,0.9949049268450055
2018-04-20,19.349332809448242,19.998666763305664,19.316667556762695,19.67799949645996,84418500,0.6819992065429688,0.9686667578560966
2018-04-23,18.891332626342773,19.441333770751953,18.82200050354004,19.41933250427246,73401000,0.6193332672119141,0.9230952944074359
2018-04-24,18.8973331451416,19.139333724975586,18.56399917602539,19.0,85279500,0.5753345489501953,0.7910000937325614
2018-04-25,18.71266746520996,19.01066780090332,18.483333587646484,18.899999618530273,60204000,0.5273342132568359,0.7426667894635882
2018-04-26,19.031999588012695,19.05266761779785,18.433332443237305,18.583332061767578,65340000,0.6193351745605469,0.7212859562465123
2018-04-27,19.60533332824707,19.631332397460938,18.922000885009766,19.024667739868164,65469000,0.7093315124511719,0.6753334317888532
2018-04-30,19.593332290649414,19.915332794189453,19.5,19.573999404907227,63423000,0.4153327941894531,0.6410952976771763
2018-05-01,19.994667053222656,20.05466651916504,19.54800033569336,19.567333221435547,69384000,0.5066661834716797,0.6329047339303153
2018-05-02,20.07666778564453,20.456666946411133,19.851999282836914,19.904666900634766,134556000,0.6046676635742188,0.6271905899047852
2018-05-03,18.963333129882812,19.202667236328125,18.34866714477539,18.586000442504883,260281500,0.8540000915527344,0.6502383095877511
2018-05-04,19.606000900268555,19.790666580200195,18.634666442871094,18.866666793823242,128541000,1.1560001373291016,0.6820953914097377
2018-05-07,20.184667587280273,20.3973331451416,19.67799949645996,19.833332061767578,130173000,0.7193336486816406,0.6874762943812779
2018-05-08,20.131332397460938,20.516666412353516,19.933332443237305,20.053333282470703,88950000,0.5833339691162109,0.671619142804827
2018-05-09,20.456666946411133,20.46733283996582,20.003332138061523,20.027332305908203,85911000,0.4640007019042969,0.6454287937709263
2018-05-10,20.334667205810547,20.865999221801758,20.27400016784668,20.5,84774000,0.5919990539550781,0.6390002114432198
2018-05-11,20.070667266845703,20.591999053955078,19.93866729736328,20.51333236694336,70194000,0.6533317565917969,0.6414286749703544
2018-05-14,19.46466636657715,20.32933235168457,19.441333770751953,20.221332550048828,109302000,0.8879985809326172,0.663761820111956
2018-05-15,18.94533348083496,19.130666732788086,18.700000762939453,19.000667572021484,142788000,0.4306659698486328,0.6568569455827985
2018-05-16,19.09866714477539,19.253999710083008,18.770666122436523,18.922000885009766,85110000,0.4833335876464844,0.6471425465175084
2018-05-17,18.96933364868164,19.279333114624023,18.931333541870117,19.059999465942383,66309000,0.34799957275390625,0.621333122253418
2018-05-18,18.454666137695312,18.976667404174805,18.266666412353516,18.976667404174805,108778500,0.7100009918212891,0.642380850655692
2018-05-21,18.965999603271484,19.432666778564453,18.753332138061523,18.755332946777344,137739000,0.6793346405029297,0.6547143118722099
2018-05-22,18.333999633789062,19.200000762939453,18.22800064086914,19.18400001525879,134187000,0.9720001220703125,0.6809523446219308
2018-05-23,18.60466766357422,18.660667419433594,18.266666412353516,18.517332077026367,89776500,0.3940010070800781,0.6480952671595982
2018-05-24,18.523332595825195,18.74066734313965,18.326000213623047,18.559999465942383,62650500,0.41466712951660156,0.5951429094587054
2018-05-25,18.59000015258789,18.642667770385742,18.374000549316406,18.5086669921875,58126500,0.26866722106933594,0.5629524503435407
2018-05-29,18.917333602905273,19.100000381469727,18.40999984741211,18.567333221435547,84999000,0.6900005340576172,0.5705714906964984
2018-05-30,19.447999954223633,19.667333602905273,18.773332595825195,18.88599967956543,112345500,0.8940010070800781,0.6012857982090541
2018-05-31,18.98200035095215,19.357999801635742,18.86199951171875,19.1473331451416,88795500,0.4960002899169922,0.5944287436349052
2018-06-01,19.454666137695312,19.463333129882812,18.922666549682617,19.05733299255371,81366000,0.5406665802001953,0.586381231035505
2018-06-04,19.78266716003418,19.933332443237305,19.56999969482422,19.62266731262207,71967000,0.36333274841308594,0.5489051001412528
2018-06-05,19.408666610717773,19.85333251953125,19.115999221801758,19.84666633605957,89928000,0.7373332977294922,0.5708099092755999
2018-06-06,21.299999237060547,21.47800064086914,19.832000732421875,20.03333282470703,281509500,1.6459999084472656,0.6538575036185128
2018-06-07,21.07266616821289,22.0,20.905332565307617,21.07666778564453,215179500,1.0946674346923828,0.707190922328404
2018-06-08,21.17733383178711,21.631999969482422,21.143333435058594,21.266666412353516,123078000,0.4886665344238281,0.6913813182285854
2018-06-11,22.139999389648438,22.310667037963867,21.5,21.500667572021484,197752500,0.8106670379638672,0.7007622037615094
2018-06-12,22.851333618164062,23.6646671295166,22.53333282470703,22.979999542236328,335211000,1.1313343048095703,0.7121432168143136
2018-06-13,22.985332489013672,23.14666748046875,22.65333366394043,23.11400032043457,142047000,0.4933338165283203,0.719238417489188
2018-06-14,23.847999572753906,23.916667938232422,23.106666564941406,23.17533302307129,164715000,0.8100013732910156,0.7474765777587891
2018-06-15,23.878000259399414,24.31133270263672,23.416667938232422,23.589332580566406,162724500,0.8946647644042969,0.7921906879970005
2018-06-18,24.722000122070312,24.915332794189453,23.633333206176758,23.69333267211914,181098000,1.2819995880126953,0.8344763347080776
2018-06-19,23.503332138061523,24.666667938232422,23.083332061767578,24.3439998626709,191428500,1.5833358764648438,0.8837145396641323
2018-06-20,24.148000717163086,24.29199981689453,23.46666717529297,23.869333267211914,125755500,0.8253326416015625,0.907238279070173
2018-06-21,23.167333602905273,24.413999557495117,23.084667205810547,24.133333206176758,119506500,1.3293323516845703,0.9635715484619141
2018-06-22,22.242000579833984,23.483333587646484,22.133333206176758,23.43600082397461,153991500,1.3500003814697266,1.0340478079659599
2018-06-25,22.200666427612305,22.564666748046875,21.833332061767578,22.007999420166016,103969500,0.7313346862792969,1.0336193357195174
2018-06-26,22.799999237060547,22.90333366394043,21.719999313354492,22.40333366394043,111787500,1.1833343505859375,1.0005717958722795
2018-06-27,22.96666717529297,23.38599967956543,22.633333206176758,23.0,125005500,0.7526664733886719,0.9761431557791573
2018-06-28,23.32866668701172,23.801332473754883,23.073999404907227,23.243999481201172,125970000,0.7273330688476562,0.9931907653808594
2018-06-29,22.863332748413086,23.590667724609375,22.827333450317383,23.55533218383789,97386000,0.7633342742919922,0.9898098536900112
2018-07-02,22.33799934387207,24.318666458129883,21.989999771118164,24.004667282104492,281397000,2.3286666870117188,1.075333595275879
2018-07-03,20.724000930786133,22.166000366210938,20.645999908447266,22.116666793823242,184239000,1.5200004577636719,1.1486669267926897
2018-07-05,20.610666275024414,20.959333419799805,19.74799919128418,20.917333602905273,262146000,1.211334228515625,1.1773335593087333
2018-07-06,20.593332290649414,20.80466651916504,20.133333206176758,20.329999923706055,132982500,0.6713333129882812,1.1613813127790178
2018-07-09,21.233999252319336,21.23466682434082,20.53333282470703,20.799333572387695,113952000,0.7013339996337891,1.1199051993233817
2018-07-10,21.49799919128418,21.845333099365234,21.280000686645508,21.637332916259766,142072500,0.5653324127197266,1.0471906661987305
2018-07-11,21.263999938964844,21.46266746520996,21.004667282104492,21.053333282470703,73261500,0.45800018310546875,1.0209526334490096
2018-07-12,21.11400032043457,21.548667907714844,20.851333618164062,21.428667068481445,85818000,0.6973342895507812,0.9758099147251674
2018-07-13,21.257999420166016,21.30533218383789,20.616666793823242,21.038667678833008,88047000,0.6886653900146484,0.9285717010498047
2018-07-16,20.67333221435547,21.01066780090332,20.416667938232422,20.78066635131836,117280500,0.5939998626708984,0.918762070792062
2018-07-17,21.512666702270508,21.64933204650879,20.566667556762695,20.58733367919922,104943000,1.0826644897460938,0.9115713664463588
2018-07-18,21.59000015258789,21.700000762939453,21.083332061767578,21.666667938232422,84363000,0.616668701171875,0.9018572398594448
2018-07-19,21.34866714477539,21.569332122802734,20.93400001525879,21.088666915893555,88729500,0.6353321075439453,0.8952857426234654
2018-07-20,20.905332565307617,21.549333572387695,20.78066635131836,21.415332794189453,77433000,0.7686672210693359,0.8956666673932757
2018-07-23,20.213333129882812,20.366666793823242,19.52400016784668,20.12266731262207,164893500,0.8426666259765625,0.7895238058907645
2018-07-24,19.82866668701172,20.514667510986328,19.503332138061523,20.294666290283203,143862000,1.0113353729248047,0.7531905855451312
2018-07-25,20.582666397094727,20.641332626342773,19.633333206176758,19.78266716003418,106131000,1.0079994201660156,0.7386666706630162
2018-07-26,20.44333267211914,20.713333129882812,20.242666244506836,20.323333740234375,69457500,0.47066688537597656,0.7243333544049945
2018-07-27,19.812000274658203,20.512666702270508,19.689332962036133,20.483333587646484,85549500,0.823333740234375,0.7330476215907505
2018-07-30,19.344667434692383,19.739999771118164,19.075332641601562,19.726667404174805,102211500,0.6646671295166016,0.740142958504813
2018-07-31,19.875999450683594,19.88800048828125,19.271333694458008,19.483333587646484,76153500,0.6166667938232422,0.7514762878417969
2018-08-01,20.055999755859375,20.200000762939453,19.53333282470703,19.865999221801758,151941000,0.6666679382324219,0.7492858341761998
2018-08-02,23.30266761779785,23.332666397094727,21.54400062561035,21.895999908447266,348225000,1.788665771484375,0.8278572899954659
2018-08-03,23.211332321166992,23.666667938232422,22.8353328704834,23.187332153320312,204847500,0.8313350677490234,0.8448098046439034
2018-08-06,22.799333572387695,23.665332794189453,22.788000106811523,23.03066635131836,128464500,0.8773326873779297,0.8301432473318917
2018-08-07,25.30466651916504,25.83066749572754,22.610000610351562,22.922666549682617,463137000,3.2206668853759766,1.0161431176321847
2018-08-08,24.689332962036133,25.50933265686035,24.474666595458984,24.606000900268555,368568000,1.0346660614013672,1.0446669714791434
2018-08-09,23.496667861938477,24.46733283996582,23.048667907714844,24.3700008392334,257757000,1.4186649322509766,1.0910953794206892
2018-08-10,23.69933319091797,24.0,23.066667556762695,23.600000381469727,173280000,0.9333324432373047,1.097571509225028
2018-08-13,23.76066780090332,24.21266746520996,23.26799964904785,24.075332641601562,156958500,0.9446678161621094,1.0928095408848353
2018-08-14,23.176000595092773,23.946666717529297,23.139999389648438,23.89666748046875,104796000,0.8066673278808594,1.0784286771501814
2018-08-15,22.57933235168457,22.965999603271484,22.142667770385742,22.79400062561035,136519500,0.8233318328857422,1.1036190305437361
2018-08-16,22.363332748413086,22.818666458129883,22.254667282104492,22.660667419433594,90960000,0.5639991760253906,1.0850951331002372
2018-08-17,20.366666793823242,21.784666061401367,20.235332489013672,21.566667556762695,284379000,1.5493335723876953,1.1482855933053153
2018-08-20,20.562667846679688,20.566667556762695,19.213333129882812,19.446666717529297,261034500,1.3533344268798828,1.200904709952218
2018-08-21,21.459999084472656,21.652666091918945,20.600000381469727,20.707332611083984,197583000,1.0526657104492188,1.2284759793962752
2018-08-22,21.44266700744629,21.591999053955078,20.97800064086914,21.391332626342773,89190000,0.6139984130859375,1.144571168082101
2018-08-23,21.34000015258789,21.821332931518555,21.206666946411133,21.275999069213867,77209500,0.6146659851074219,1.1290948050362724
2018-08-24,21.521333694458008,21.59000015258789,21.293333053588867,21.3799991607666,54039000,0.29666709899902344,1.087618691580636
2018-08-27,21.284666061401367,21.496000289916992,20.58733367919922,21.200000762939453,196189500,0.9086666107177734,0.9224758148193359
2018-08-28,20.790666580200195,21.2586669921875,20.746000289916992,21.227333068847656,114736500,0.5126667022705078,0.8851901463099888
2018-08-29,20.333999633789062,20.790000915527344,20.246000289916992,20.684667587280273,111711000,0.5440006256103516,0.822714124407087
2018-08-30,20.209999084472656,20.30666732788086,19.847999572753906,20.150667190551758,108250500,0.4586677551269531,0.7888095038277763
2018-08-31,20.110666275024414,20.354000091552734,19.906667709350586,20.133333206176758,80626500,0.44733238220214844,0.7532855442592076
2018-09-04,19.26333236694336,19.87933349609375,19.200000762939453,19.79599952697754,125257500,0.6793327331542969,0.7441902160644531
2018-09-05,18.715999603271484,19.118667602539062,18.478666305541992,19.003332138061523,115812000,0.6400012969970703,0.7310951777866909
2018-09-06,18.729999542236328,19.411333084106445,18.591999053955078,18.98666763305664,112212000,0.8193340301513672,0.749333381652832
2018-09-07,17.549333572387695,17.889999389648438,16.816667556762695,17.34000015258789,337378500,1.0733318328857422,0.7153332574026925
2018-09-10,19.03333282470703,19.068666458129883,18.066667556762695,18.21733283996582,214252500,1.0019989013671875,0.6902378627232143
2018-09-11,18.62933349609375,18.799999237060547,18.23666763305664,18.631332397460938,137550000,0.5633316040039062,0.6552854265485492
2018-09-12,19.369333267211914,19.5,18.57666778564453,18.762666702270508,150231000,0.9233322143554688,0.6773806980678013
2018-09-13,19.297332763671875,19.666667938232422,19.011999130249023,19.201332092285156,95104500,0.6546688079833984,0.6802380425589425
2018-09-14,19.68000030517578,19.82200050354004,19.101333618164062,19.250667572021484,101484000,0.7206668853759766,0.7105237415858677
2018-09-17,19.6560001373291,20.058000564575195,19.208667755126953,19.336000442504883,103314000,0.8493328094482422,0.7062856129237584
2018-09-18,18.997333526611328,20.176000595092773,18.366666793823242,19.779333114624023,248212500,1.8093338012695312,0.7989046914236886
2018-09-19,19.934667587280273,20.0,18.700000762939453,18.700666427612305,124423500,1.2999992370605469,0.8529045922415597
2018-09-20,19.8886661529541,20.398666381835938,19.55533218383789,20.237333297729492,110241000,0.8433341979980469,0.8803807667323521
2018-09-21,19.940000534057617,20.038667678833008,19.691333770751953,19.84666633605957,75757500,0.3473339080810547,0.8732380185808454
2018-09-24,19.978666305541992,20.200000762939453,19.57200050354004,19.898666381835938,72645000,0.6280002593994141,0.8695714133126395
2018-09-25,20.06599998474121,20.30666732788086,19.766666412353516,20.0,67225500,0.5400009155273438,0.8624285289219448
2018-09-26,20.6386661529541,20.926000595092773,20.073999404907227,20.12733268737793,117648000,0.8520011901855469,0.8647618974958148
2018-09-27,20.501333236694336,20.997333526611328,20.46066665649414,20.860000610351562,127636500,0.5366668701171875,0.8264286858694894
2018-09-28,17.65133285522461,18.53333282470703,17.37066650390625,18.017332077026367,504745500,1.1626663208007812,0.8379049301147461
2018-10-01,20.713333129882812,20.762666702270508,20.06999969482422,20.384666442871094,326664000,0.6926670074462891,0.8471431732177734
2018-10-02,20.06800079345703,21.12266731262207,19.94333267211914,20.93000030517578,176152500,1.1793346405029297,0.8654290607997349
2018-10-03,19.65333366394043,20.30666732788086,19.437999725341797,20.222000122070312,119925000,0.8686676025390625,0.8807146889822823
2018-10-04,18.788667678833008,19.600000381469727,18.511333465576172,19.59666633605957,147213000,1.0886669158935547,0.9070004054478237
2018-10-05,17.463333129882812,18.325332641601562,17.333332061767578,18.309999465942383,269167500,0.9920005798339844,0.9171909604753766
2018-10-08,16.70400047302246,17.85066795349121,16.600000381469727,17.634666442871094,202090500,1.2506675720214844,0.8772862298148019
2018-10-09,17.520000457763672,17.784666061401367,16.886667251586914,17.016666412353516,180909000,0.8979988098144531,0.848571913582938
2018-10-10,17.125333786010742,17.700666427612305,16.51799964904785,17.640666961669922,192229500,1.1826667785644531,0.8728099550519671
2018-10-11,16.815332412719727,17.483333587646484,16.601999282836914,17.16866683959961,122515500,0.8813343048095703,0.9109528405325753
2018-10-12,17.25200080871582,17.465999603271484,16.80066680908203,17.399999618530273,108021000,0.6653327941894531,0.9136194501604352
2018-10-15,17.305999755859375,17.552000045776367,16.96933364868164,17.270666122436523,93000000,0.5826663970947266,0.9166669845581055
2018-10-16,18.439332962036133,18.492000579833984,17.482667922973633,17.713333129882812,142896000,1.0093326568603516,0.9279049464634487
2018-10-17,18.118667602539062,18.84666633605957,17.719999313354492,18.82666778564453,129832500,1.1266670227050781,0.9700478145054409
2018-10-18,17.5939998626709,18.066667556762695,17.53333282470703,17.952667236328125,81318000,0.5333347320556641,0.9250955581665039
2018-10-19,17.333332061767578,17.977333068847656,16.899999618530273,17.826000213623047,140632500,1.0773334503173828,0.9525717326572963
2018-10-22,17.39666748046875,17.457332611083984,16.839332580566406,17.3786678314209,84004500,0.6180000305175781,0.9124764033726284
2018-10-23,19.609333038330078,19.86199951171875,17.47333335876465,17.591333389282227,285417000,2.3886661529541016,1.021047728402274
2018-10-24,19.233333587646484,20.29599952697754,19.048667907714844,20.06999969482422,300874500,1.2473316192626953,1.0323809215000697
2018-10-25,20.99066734313965,21.399999618530273,20.067333221435547,21.148000717163086,312610500,1.3326663970947266,1.0567141941615514
2018-10-26,22.059999465942383,22.65999984741211,20.44333267211914,20.549999237060547,411382500,2.2166671752929688,1.1257141658238001
2018-10-29,22.323333740234375,23.143999099731445,21.766666412353516,22.49799919128418,217290000,1.3773326873779297,1.1599522999354772
2018-10-30,21.99333381652832,22.52666664123535,21.483999252319336,21.892667770385742,136900500,1.0426673889160156,1.1499523435320174
2018-10-31,22.488000869750977,22.799999237060547,21.940000534057617,22.16933250427246,114364500,0.8599987030029297,1.1484283719744002
2018-11-01,22.95199966430664,23.189332962036133,22.315332412719727,22.55066680908203,120001500,0.8740005493164062,1.1633332116263253
2018-11-02,23.0939998626709,23.280000686645508,22.727333068847656,22.916000366210938,117120000,0.5526676177978516,1.1611904416765486
2018-11-05,22.760000228881836,22.930667877197266,22.00933265686035,22.700000762939453,117465000,0.9213352203369141,1.154904910496303
2018-11-06,22.737333297729492,23.253332138061523,22.4060001373291,22.60466766357422,101443500,0.8473320007324219,1.1349524089268275
2018-11-07,23.21066665649414,23.41200065612793,22.719999313354492,22.889333724975586,110617500,0.6920013427734375,1.1462857382638114
2018-11-08,23.426666259765625,23.838666915893555,23.229333877563477,23.233333587646484,106360500,0.6093330383300781,1.1128571374075753
2018-11-09,23.367332458496094,23.600000381469727,23.01533317565918,23.266666412353516,76482000,0.5846672058105469,1.1104762213570731
2018-11-12,22.0853328704834,23.318666458129883,22.022666931152344,23.224666595458984,104122500,1.295999526977539,1.03242860521589
2018-11-13,22.582000732421875,22.979999542236328,22.14666748046875,22.21066665649414,81729000,0.8333320617675781,1.0028572082519531
2018-11-14,22.933332443237305,23.140666961669922,22.476667404174805,22.84666633605957,75604500,0.6639995574951172,0.9550952911376953
2018-11-15,23.229333877563477,23.238666534423828,22.6026668548584,22.82200050354004,69385500,0.6359996795654297,0.8421904700142997
2018-11-16,23.62066650390625,23.713333129882812,23.007999420166016,23.012666702270508,108093000,0.7053337097167969,0.7941905430385044
2018-11-19,23.564666748046875,24.450000762939453,23.525333404541016,23.756000518798828,145633500,0.9246673583984375,0.785761969430106
2018-11-20,23.166000366210938,23.31999969482422,22.23666763305664,22.78333282470703,120070500,1.0833320617675781,0.8017143521990094
2018-11-21,22.54599952697754,23.540000915527344,22.49333381652832,23.46666717529297,70302000,1.0466670989990234,0.8140476771763393
2018-11-23,21.722000122070312,22.5,21.703332901000977,22.290000915527344,63039000,0.7966670989990234,0.8314762115478516
2018-11-26,23.066667556762695,23.08133316040039,21.666667938232422,21.666667938232422,119881500,1.4146652221679688,0.8667140688214984
2018-11-27,22.92799949645996,23.130666732788086,22.366666793823242,22.670000076293945,95374500,0.7639999389648438,0.8607617786952427
2018-11-28,23.191333770751953,23.218666076660156,22.81399917602539,23.06599998474121,61914000,0.4046669006347656,0.8402378899710519
2018-11-29,22.744667053222656,23.166667938232422,22.636667251586914,23.133333206176758,46210500,0.5300006866455078,0.834571293422154
2018-11-30,23.365333557128906,23.440000534057617,22.55066680908203,22.788667678833008,84436500,0.8893337249755859,0.8563331876482282
2018-12-03,23.89933204650879,24.399999618530273,23.46666717529297,24.0,124597500,0.9333324432373047,0.8304283959524972
2018-12-04,23.979999542236328,24.57866668701172,23.46666717529297,23.73666763305664,126928500,1.11199951171875,0.8503332138061523
2018-12-06,24.20400047302246,24.492000579833984,23.384000778198242,23.733999252319336,117637500,1.1079998016357422,0.8820475169590541
2018-12-07,23.864667892456055,25.299333572387695,23.843332290649414,24.600000381469727,172668000,1.4560012817382812,0.9406190599714007
2018-12-10,24.343332290649414,24.398666381835938,23.541332244873047,24.0,99202500,0.8573341369628906,0.9514762333461216
2018-12-11,24.450666427612305,24.81133270263672,24.01533317565918,24.660667419433594,94632000,0.7959995269775391,0.9422856739589146
2018-12-12,24.440000534057617,24.79400062561035,24.3439998626709,24.628000259399414,75405000,0.4500007629394531,0.89704772404262
2018-12-13,25.119333267211914,25.16266632080078,24.450000762939453,24.676666259765625,110488500,0.7126655578613281,0.8731904711042132
2018-12-14,24.380666732788086,25.191333770751953,24.288667678833008,25.0,95064000,0.9026660919189453,0.8807618277413505
2018-12-17,23.22800064086914,24.3799991607666,22.92533302307129,24.133333206176758,115110000,1.4546661376953125,0.8836190359933036
2018-12-18,22.468666076660156,23.43666648864746,22.246000289916992,23.369333267211914,106500000,1.1906661987304688,0.9140951974051339
2018-12-19,22.197999954223633,23.134000778198242,21.982667922973633,22.50666618347168,124113000,1.1513328552246094,0.967428479875837
2018-12-20,21.025333404541016,22.019332885742188,20.791332244873047,21.803333282470703,136078500,1.2280006408691406,1.0172856194632394
2018-12-21,21.31800079345703,21.564666748046875,20.82933235168457,21.15999984741211,120252000,0.7353343963623047,1.0062856674194336
2018-12-24,19.69266700744629,20.96666717529297,19.68000030517578,20.899999618530273,83398500,1.2866668701171875,1.0315238407679967
2018-12-26,21.73933219909668,21.79800033569336,19.606000900268555,20.0,122446500,2.1919994354248047,1.1086666924612862
2018-12-27,21.075332641601562,21.47800064086914,20.100000381469727,21.32266616821289,128626500,1.378000259399414,1.1279524394444056
2018-12-28,22.257999420166016,22.416000366210938,21.227333068847656,21.540000915527344,149085000,1.1886672973632812,1.1088571548461914
2018-12-31,22.18666648864746,22.61400032043457,21.68400001525879,22.519332885742188,94534500,0.9300003051757812,1.1140475954328264
2019-01-02,20.674667358398438,21.0086669921875,19.920000076293945,20.406667709350586,174879000,1.0886669158935547,1.1349524089268275
2019-01-03,20.02400016784668,20.626667022705078,19.825332641601562,20.46666717529297,104478000,0.8013343811035156,1.1600476673671178
2019-01-04,21.179332733154297,21.200000762939453,20.18199920654297,20.399999618530273,110911500,1.0180015563964844,1.1818573815482003
2019-01-07,22.33066749572754,22.44933319091797,21.183332443237305,21.447999954223633,113268000,1.266000747680664,1.2078098569597517
2019-01-08,22.356666564941406,22.93400001525879,21.801332473754883,22.797332763671875,105127500,1.1326675415039062,1.184809957231794
2019-01-09,22.568666458129883,22.899999618530273,22.097999572753906,22.366666793823242,81493500,0.8020000457763672,1.1570480891636439
2019-01-10,22.99799919128418,23.025999069213867,22.119333267211914,22.293333053588867,90846000,0.9066658020019531,1.1395718710763114
2019-01-11,23.150667190551758,23.227333068847656,22.584667205810547,22.805999755859375,75586500,0.6426658630371094,1.0977622440883092
2019-01-14,22.293333053588867,22.833332061767578,22.266666412353516,22.825332641601562,78709500,0.5666656494140625,1.085714476449149
2019-01-15,22.961999893188477,23.253332138061523,22.299999237060547,22.333332061767578,90849000,0.9533329010009766,1.0619049072265625
2019-01-16,23.06999969482422,23.46666717529297,22.899999618530273,22.985332489013672,70375500,0.5666675567626953,0.9458097730364118
2019-01-17,23.15399932861328,23.433332443237305,22.94333267211914,23.08066749572754,55150500,0.48999977111816406,0.8823811667306083
2019-01-18,20.150667190551758,21.808666229248047,19.98200035095215,21.53333282470703,362262000,1.8266658782958984,0.927952493940081
2019-01-22,19.92799949645996,20.53333282470703,19.700000762939453,20.321332931518555,181000500,0.8333320617675781,0.9210476194109235
2019-01-23,19.172666549682617,19.633333206176758,18.779333114624023,19.5,187950000,0.8540000915527344,0.9042857033865792
2019-01-24,19.43400001525879,19.57866668701172,18.618667602539062,18.868667602539062,120183000,0.9599990844726562,0.915618896484375
2019-01-25,19.80266761779785,19.90133285522461,19.303333282470703,19.625999450683594,108744000,0.5979995727539062,0.8856187547956195
2019-01-28,19.7586669921875,19.83066749572754,19.183332443237305,19.527332305908203,96349500,0.6473350524902344,0.8414283479963031
2019-01-29,19.83066749572754,19.90399932861328,19.453332901000977,19.684667587280273,69325500,0.4506664276123047,0.7927139827183315
2019-01-30,20.584667205810547,20.600000381469727,19.89933204650879,20.030000686645508,168754500,0.7006683349609375,0.7854760033743722
2019-01-31,20.468000411987305,20.770666122436523,19.600000381469727,20.066667556762695,188538000,1.1706657409667969,0.804333141871861
2019-02-01,20.81399917602539,21.073333740234375,20.233333587646484,20.3613338470459,109251000,0.8400001525878906,0.8184284482683454
2019-02-04,20.859333038330078,21.020000457763672,20.125333786010742,20.865333557128906,110281500,0.8946666717529297,0.8418570927211216
2019-02-05,21.42333221435547,21.496000289916992,20.816667556762695,20.832666397094727,101142000,0.6793327331542969,0.8222856521606445
2019-02-06,21.148000717163086,21.615999221801758,21.041332244873047,21.305999755859375,75577500,0.5746669769287109,0.8228570393153599
2019-02-07,20.500667572021484,20.979999542236328,20.200000762939453,20.886667251586914,97809000,0.779998779296875,0.8435712541852679
2019-02-08,20.386667251586914,20.496667861938477,19.899999618530273,20.455333709716797,87663000,0.5966682434082031,0.7557142802647182
2019-02-11,20.856000900268555,21.239999771118164,20.700000762939453,20.773332595825195,106945500,0.5399990081787109,0.7347619192940849
2019-02-12,20.78733253479004,21.21266746520996,20.641332626342773,21.079999923706055,82764000,0.5713348388671875,0.7145715441022601
2019-02-13,20.544666290283203,20.850000381469727,20.3713321685791,20.823333740234375,77124000,0.478668212890625,0.6801907675606864
2019-02-14,20.251333236694336,20.451332092285156,20.066667556762695,20.225332260131836,78012000,0.38466453552246094,0.6649525506155831
2019-02-15,20.525333404541016,20.53333282470703,20.260000228881836,20.299999237060547,58573500,0.2733325958251953,0.6382380894252232
2019-02-19,20.375999450683594,20.769332885742188,20.364667892456055,20.437332153320312,62526000,0.4046649932861328,0.6349522726876395
2019-02-20,20.17066764831543,20.420000076293945,19.933332443237305,20.29400062561035,107131500,0.4866676330566406,0.619666508265904
2019-02-21,19.415332794189453,20.215999603271484,19.366666793823242,20.12066650390625,133638000,0.8493328094482422,0.5967141560145787
2019-02-22,19.6473331451416,19.766666412353516,19.47333335876465,19.632667541503906,86109000,0.2933330535888672,0.557666506086077
2019-02-25,19.917999267578125,20.19333267211914,19.799999237060547,19.860666275024414,99397500,0.39333343505859375,0.5218569891793388
2019-02-26,19.857332229614258,20.134000778198242,19.251333236694336,19.481332778930664,128737500,0.8826675415039062,0.5363809040614537
2019-02-27,20.982667922973633,21.086666107177734,20.036666870117188,20.118667602539062,167758500,1.0499992370605469,0.5703332083565849
2019-02-28,21.325332641601562,21.333332061767578,20.720666885375977,21.261333465576172,157810500,0.6126651763916016,0.5583808081490653
2019-03-01,19.652666091918945,20.475332260131836,19.459999084472656,20.46266746520996,343671000,1.0153331756591797,0.5882854461669922
2019-03-04,19.02400016784668,19.933332443237305,18.851999282836914,19.874666213989258,256452000,1.0813331604003906,0.6269521713256836
2019-03-05,18.43600082397461,18.933332443237305,18.00666618347168,18.799999237060547,281470500,0.926666259765625,0.6523329871041434
2019-03-06,18.416000366210938,18.767332077026367,18.292667388916016,18.43199920654297,155032500,0.47466468811035156,0.6520470210484096
2019-03-07,18.439332962036133,18.979999542236328,18.28333282470703,18.589332580566406,141637500,0.6966667175292969,0.674332891191755
2019-03-08,18.94266700744629,19.03933334350586,18.392667770385742,18.46066665649414,132294000,0.6466655731201172,0.7009995324271066
2019-03-11,19.39466667175293,19.41866683959961,18.700000762939453,18.90133285522461,110884500,0.7186660766601562,0.7234281812395368
2019-03-12,18.890666961669922,19.204666137695312,18.737333297729492,19.099332809448242,112561500,0.4673328399658203,0.7220471245901925
2019-03-13,19.263999938964844,19.465999603271484,18.84666633605957,18.926666259765625,102670500,0.6193332672119141,0.7056185858590263
2019-03-14,19.33066749572754,19.69266700744629,19.21933364868164,19.496667861938477,106551000,0.47333335876464844,0.7184757505144391
2019-03-15,18.36199951171875,18.9146671295166,18.293333053588867,18.900667190551758,221782500,0.6213340759277344,0.7347615105765206
2019-03-18,17.965999603271484,18.536666870117188,17.81999969482422,18.399999618530273,154215000,0.7166671752929688,0.7229043415614537
2019-03-19,17.83133316040039,18.219999313354492,17.56399917602539,17.833332061767578,177009000,0.6560001373291016,0.6947615487234933
2019-03-20,18.239999771118164,18.33133316040039,17.753332138061523,17.979333877563477,103623000,0.5780010223388672,0.6922855377197266
2019-03-21,18.26799964904785,18.43000030517578,17.89666748046875,18.17333221435547,89206500,0.5333328247070312,0.6578569412231445
2019-03-22,17.635332107543945,18.18666648864746,17.600000381469727,18.172000885009766,131184000,0.5866661071777344,0.622523580278669
2019-03-25,17.3613338470459,17.545333862304688,16.964000701904297,17.31399917602539,153225000,0.5813331604003906,0.5978569303240094
2019-03-26,17.851333618164062,18.017332077026367,17.6286678314209,17.62933349609375,110263500,0.38866424560546875,0.5917140415736607
2019-03-27,18.32200050354004,18.357999801635742,17.8786678314209,17.916667938232422,131688000,0.47933197021484375,0.5761901310511998
2019-03-28,18.57466697692871,18.68866729736328,18.34000015258789,18.477333068847656,101611500,0.3486671447753906,0.5549045290265765
2019-03-29,18.657333374023438,18.67733383178711,18.299999237060547,18.579999923706055,89869500,0.3773345947265625,0.5305237088884626
2019-04-01,19.278667449951172,19.280000686645508,18.75200080871582,18.841333389282227,121656000,0.5279998779296875,0.5348570687430245
2019-04-02,19.058666229248047,19.29599952697754,18.92533302307129,19.219999313354492,82183500,0.37066650390625,0.5170951570783343
2019-04-03,19.45400047302246,19.744667053222656,19.14466667175293,19.154666900634766,118791000,0.6000003814697266,0.5261428015572684
2019-04-04,17.851999282836914,18.079999923706055,17.37266731262207,17.459333419799805,355810500,0.7073326110839844,0.5322855540684291
2019-04-05,18.33066749572754,18.406667709350586,17.74066734313965,17.99066734313965,195574500,0.6660003662109375,0.5286664962768555
2019-04-08,18.213333129882812,18.743999481201172,18.029333114624023,18.512666702270508,156156000,0.7146663665771484,0.5328569412231445
2019-04-09,18.15399932861328,18.333332061767578,17.974000930786133,18.110000610351562,88560000,0.3593311309814453,0.517237663269043
2019-04-10,18.40399932861328,18.558666229248047,18.19266700744629,18.44933319091797,105919500,0.3659992218017578,0.5052852630615234
2019-04-11,17.89466667175293,18.03333282470703,17.706666946411133,17.886667251586914,147538500,0.32666587829589844,0.4867138181413923
2019-04-12,17.84666633605957,18.1299991607666,17.788667678833008,18.014667510986328,101190000,0.34133148193359375,0.46957084110804964
2019-04-15,17.7586669921875,17.92533302307129,17.242000579833984,17.908666610717773,150579000,0.6833324432373047,0.4906185695103237
2019-04-16,18.224000930786133,18.333332061767578,17.648000717163086,17.71666717529297,109093500,0.6853313446044922,0.5053328105381557
2019-04-17,18.082000732421875,18.319332122802734,17.902666091918945,18.316667556762695,76897500,0.41666603088378906,0.5101898738316127
2019-04-18,18.21733283996582,18.32266616821289,17.983333587646484,18.082000732421875,88144500,0.33933258056640625,0.5074754442487445
2019-04-22,17.516666412353516,17.978666305541992,17.498666763305664,17.933332443237305,182206500,0.4799995422363281,0.5040468488420758
2019-04-23,17.593332290649414,17.706666946411133,17.049999237060547,17.343332290649414,164158500,0.6566677093505859,0.5244755063738141
2019-04-24,17.243999481201172,17.687999725341797,17.200000762939453,17.59000015258789,160912500,0.48799896240234375,0.5164754050118583
2019-04-25,16.5086669921875,17.266666412353516,16.404666900634766,17.0,327741000,0.86199951171875,0.5275230407714844
2019-04-26,15.675999641418457,16.44533348083496,15.408666610717773,16.433332443237305,335410500,1.0366668701171875,0.5539992196219308
2019-04-29,16.097999572753906,16.26533317565918,15.477999687194824,15.723999977111816,250717500,0.7873334884643555,0.5591897283281598
2019-04-30,15.912667274475098,16.28066635131836,15.800000190734863,16.137332916259766,141969000,0.4806661605834961,0.5678565161568778
2019-05-01,15.600666999816895,16.0,15.433333396911621,15.923333168029785,160566000,0.5666666030883789,0.5821899005344936
2019-05-02,16.273332595825195,16.475332260131836,15.847999572753906,16.368000030517578,272389500,0.6273326873779297,0.6036661011832101
2019-05-03,17.00200080871582,17.107332229614258,16.232667922973633,16.257333755493164,355602000,0.874664306640625,0.641761302947998
2019-05-06,17.022666931152344,17.22333335876465,16.566667556762695,16.667999267578125,162508500,0.6566658020019531,0.6398565428597587
2019-05-07,16.470666885375977,17.1473331451416,16.34000015258789,17.1200008392334,151971000,0.8073329925537109,0.6485709462847028
2019-05-08,16.32266616821289,16.706666946411133,16.280000686645508,16.46266746520996,92646000,0.426666259765625,0.6492852483476911
2019-05-09,16.131999969482422,16.245332717895508,15.795999526977539,16.133333206176758,100671000,0.44933319091796875,0.6571424348013741
2019-05-10,15.968000411987305,16.132667541503906,15.73466682434082,15.983332633972168,105124500,0.39800071716308594,0.6512853758675712
2019-05-13,15.133999824523926,15.498000144958496,14.966667175292969,15.46733283996582,162522000,0.5313329696655273,0.6423328944614956
2019-05-14,15.487333297729492,15.633333206176758,15.199999809265137,15.286666870117188,108786000,0.4333333969116211,0.6384282112121582
2019-05-15,15.463333129882812,15.496000289916992,15.016667366027832,15.288000106811523,109440000,0.47933292388916016,0.6110948835100446
2019-05-16,15.222000122070312,15.399999618530273,15.100000381469727,15.299332618713379,112249500,0.2999992370605469,0.5584757668631417
2019-05-17,14.0686674118042,14.815999984741211,13.928000450134277,14.797332763671875,266800500,0.8879995346069336,0.5656661987304688
2019-05-20,13.690667152404785,13.733332633972168,13.016667366027832,13.520000457763672,307893000,0.7166652679443359,0.5825232778276715
2019-05-21,13.67199993133545,13.826666831970215,13.06933307647705,13.184000015258789,270058500,0.7573337554931641,0.5961423601422992
2019-05-22,12.84866714477539,13.595999717712402,12.785332679748535,13.273332595825195,280278000,0.8106670379638672,0.6092376708984375
2019-05-23,13.03266716003418,13.29800033569336,12.414667129516602,12.956000328063965,398206500,0.8833332061767578,0.6098568780081612
2019-05-24,12.708666801452637,13.331999778747559,12.583333015441895,13.321999549865723,212049000,0.7486667633056641,0.6164283752441406
2019-05-28,12.579999923706055,13.0,12.523332595825195,12.74666690826416,154693500,0.4766674041748047,0.5928094046456474
2019-05-29,12.657333374023438,12.826000213623047,12.336000442504883,12.473333358764648,179529000,0.48999977111816406,0.5973332268851144
2019-05-30,12.54800033569336,12.817333221435547,12.468000411987305,12.583333015441895,118897500,0.3493328094482422,0.5901903424944196
2019-05-31,12.343999862670898,12.661333084106445,12.273332595825195,12.34000015258789,156100500,0.38800048828125,0.5894760404314313
2019-06-03,11.9313325881958,12.445332527160645,11.799332618713379,12.36733341217041,195966000,0.6459999084472656,0.5976665360586983
2019-06-04,12.90666675567627,12.932000160217285,11.973999977111816,12.073332786560059,207112500,0.9580001831054688,0.6351427350725446
2019-06-05,13.105999946594238,13.41866683959961,12.789999961853027,13.245332717895508,202662000,0.628666877746582,0.6458094460623605
2019-06-06,13.729999542236328,14.066666603088379,13.453332901000977,13.629332542419434,303633000,0.6133337020874023,0.6681904792785645
2019-06-07,13.633333206176758,14.055999755859375,13.566666603088379,13.666666984558105,240052500,0.4893331527709961,0.6397143091474261
2019-06-10,14.192000389099121,14.462667465209961,13.934000015258789,14.016667366027832,158775000,0.5286674499511719,0.6262858935764858
2019-06-11,14.473333358764648,14.726667404174805,14.233332633972168,14.609333038330078,174802500,0.4933347702026367,0.6074288231985909
2019-06-12,13.950667381286621,14.892000198364258,13.933333396911621,14.863332748413086,227962500,0.9586668014526367,0.6180002348763602
2019-06-13,14.260666847229004,14.326666831970215,13.833999633789062,14.025333404541016,122524500,0.49266719818115234,0.5900955200195312
2019-06-14,14.32800006866455,14.44333267211914,14.026666641235352,14.083333015441895,111501000,0.41666603088378906,0.5663811819893974
2019-06-17,15.001999855041504,15.133333206176758,14.284667015075684,14.36533260345459,184752000,0.8486661911010742,0.5929525239127023
2019-06-18,14.982666969299316,15.649333000183105,14.837332725524902,15.248000144958496,190737000,0.8120002746582031,0.615952559879848
2019-06-19,15.095333099365234,15.184666633605957,14.737333297729492,15.007332801818848,98626500,0.44733333587646484,0.6229525974818638
2019-06-20,14.641332626342773,15.126667022705078,14.423333168029785,14.866666793823242,177952500,0.703333854675293,0.6454764093671527
2019-06-21,14.790666580200195,14.812000274658203,14.366666793823242,14.414667129516602,123031500,0.44533348083496094,0.6311430931091309
2019-06-24,14.909333229064941,15.057332992553711,14.73466682434082,14.88266658782959,86262000,0.3226661682128906,0.5857620920453753
2019-06-25,14.650667190551758,15.022666931152344,14.63266658782959,14.959333419799805,92731500,0.3900003433227539,0.5687144824436733
2019-06-26,14.618000030517578,15.148667335510254,14.539999961853027,14.687333106994629,127608000,0.6086673736572266,0.5683811732700893
2019-06-27,14.855999946594238,14.859999656677246,14.489999771118164,14.630000114440918,95095500,0.36999988555908203,0.5598573684692383
2019-06-28,14.897333145141602,15.011333465576172,14.720000267028809,14.732666969299316,102771000,0.2913331985473633,0.5429049219403949
2019-07-01,15.14466667175293,15.539999961853027,15.085332870483398,15.347332954406738,123201000,0.4546670913696289,0.5401429448808942
2019-07-02,14.970000267028809,15.276666641235352,14.814666748046875,15.259332656860352,138885000,0.46199989318847656,0.5046667371477399
2019-07-03,15.65999984741211,16.10466766357422,15.633999824523926,15.959333419799805,213016500,0.47066783905029297,0.5030953543526786
2019-07-05,15.539999961853027,15.696666717529297,15.386667251586914,15.637999534606934,105985500,0.3099994659423828,0.495476313999721
2019-07-08,15.355999946594238,15.483332633972168,15.244000434875488,15.416000366210938,88207500,0.2393321990966797,0.4519524574279785
2019-07-09,15.337332725524902,15.399999618530273,15.152000427246094,15.264666557312012,92862000,0.2479991912841797,0.41166666575840544
2019-07-10,15.928000450134277,15.929332733154297,15.542667388916016,15.609999656677246,137185500,0.38666534423828125,0.40733323778424946
2019-07-11,15.90666675567627,16.100000381469727,15.720000267028809,15.87600040435791,112716000,0.38000011444091797,0.3842379706246512
2019-07-12,16.338666915893555,16.358667373657227,15.980667114257812,15.983332633972168,138007500,0.37800025939941406,0.37942845480782644
2019-07-15,16.899999618530273,16.961332321166992,16.323999404907227,16.53333282470703,165001500,0.6373329162597656,0.40190465109688894
2019-07-16,16.825332641601562,16.902000427246094,16.528667449951172,16.6200008392334,122235000,0.3733329772949219,0.4007141249520438
2019-07-17,16.99066734313965,17.220666885375977,16.889999389648438,17.044666290283203,146470500,0.33066749572753906,0.380856990814209
2019-07-18,16.902666091918945,17.049999237060547,16.792667388916016,17.003332138061523,71379000,0.25733184814453125,0.3728092738560268
2019-07-19,17.211999893188477,17.33066749572754,16.974666595458984,17.04599952697754,105726000,0.3560009002685547,0.3774283954075405
2019-07-22,17.045333862304688,17.476667404174805,16.945999145507812,17.25,102636000,0.5306682586669922,0.38285705021449495
2019-07-23,17.344667434692383,17.365333557128906,16.96666717529297,17.11400032043457,75346500,0.3986663818359375,0.3783332279750279
2019-07-24,17.658666610717773,17.738000869750977,17.21066665649414,17.277999877929688,166092000,0.5273342132568359,0.38238082613263813
2019-07-25,15.254667282104492,15.633333206176758,15.036666870117188,15.566666603088379,336274500,0.5966663360595703,0.4028570311410086
2019-07-26,15.202667236328125,15.350666999816895,14.816666603088379,15.128000259399414,150415500,0.5340003967285156,0.42390475954328266
2019-07-29,15.718000411987305,15.72933292388916,15.0686674118042,15.13933277130127,139099500,0.6606655120849609,0.45338092531476704
2019-07-30,16.150667190551758,16.224000930786133,15.478667259216309,15.526666641235352,121635000,0.7453336715698242,0.4790000915527344
2019-07-31,16.107332229614258,16.44533348083496,15.776666641235352,16.200000762939453,137673000,0.6686668395996094,0.49961914334978375
2019-08-01,15.59000015258789,16.30066680908203,15.451333045959473,16.176666259765625,123892500,0.8493337631225586,0.5332858221871513
2019-08-02,15.62266731262207,15.751333236694336,15.281999588012695,15.423333168029785,92047500,0.4693336486816406,0.5212858745029995
2019-08-05,15.221332550048828,15.424667358398438,15.052000045776367,15.30666732788086,105424500,0.3726673126220703,0.5212383270263672
2019-08-06,15.383333206176758,15.5,15.050000190734863,15.458666801452637,83463000,0.4499998092651367,0.5297620637076241
2019-08-07,15.561332702636719,15.571332931518555,15.053333282470703,15.100000381469727,71647500,0.5179996490478516,0.5483811923435756
2019-08-08,15.886667251586914,15.986666679382324,15.510000228881836,15.630000114440918,79114500,0.4766664505004883,0.5570001602172852
2019-08-09,15.667332649230957,15.93066692352295,15.587332725524902,15.736666679382324,58473000,0.3433341979980469,0.5436191558837891
2019-08-12,15.267333030700684,15.718000411987305,15.25,15.53266716003418,69958500,0.4680004119873047,0.5485715866088867
2019-08-13,15.666666984558105,15.733332633972168,15.170000076293945,15.253999710083008,72721500,0.5633325576782227,0.5511428969247001
2019-08-14,14.641332626342773,15.433333396911621,14.446000099182129,15.413999557495117,143439000,0.9873332977294922,0.579047679901123
2019-08-15,14.37600040435791,14.77066707611084,14.103333473205566,14.723999977111816,122394000,0.6673336029052734,0.58857148034232
2019-08-16,14.662667274475098,14.815999984741211,14.40133285522461,14.444000244140625,76477500,0.41466712951660156,0.571000167301723
2019-08-19,15.121999740600586,15.188667297363281,14.779999732971191,14.947333335876465,79644000,0.40866756439208984,0.5469525882175991
2019-08-20,15.057332992553711,15.272666931152344,14.969332695007324,15.174667358398438,61878000,0.30333423614501953,0.520857402256557
2019-08-21,14.722000122070312,14.881333351135254,14.506667137145996,14.800666809082031,116914500,0.3746662139892578,0.48695257731846403
2019-08-22,14.8100004196167,15.026666641235352,14.54800033569336,14.853333473205566,98385000,0.4786663055419922,0.487619195665632
2019-08-23,14.09333324432373,14.744667053222656,14.066666603088379,14.664667129516602,128079000,0.6780004501342773,0.5094287054879325
2019-08-26,14.333333015441895,14.334667205810547,14.102666854858398,14.239999771118164,75778500,0.23200035095214844,0.4938573156084333
2019-08-27,14.272000312805176,14.58666706085205,14.135333061218262,14.38266658782959,81243000,0.45133399963378906,0.4890954835074289
2019-08-28,14.37266731262207,14.483332633972168,14.154000282287598,14.246000289916992,48382500,0.3293323516845703,0.47857161930629183
2019-08-29,14.780667304992676,14.893333435058594,14.533332824707031,14.600000381469727,77692500,0.3600006103515625,0.47976207733154297
2019-08-30,15.040666580200195,15.496000289916992,14.947333335876465,15.276666641235352,139809000,0.5486669540405273,0.48552397319248747
2019-09-03,15.000666618347168,15.263333320617676,14.87733268737793,14.938667297363281,80311500,0.3860006332397461,0.4728574071611677
2019-09-04,14.711999893188477,15.230667114257812,14.61400032043457,15.12600040435791,86415000,0.6166667938232422,0.44638122831072125
2019-09-05,15.305333137512207,15.319999694824219,14.723333358764648,14.833333015441895,110929500,0.5966663360595703,0.44133356639317106
2019-09-06,15.16333293914795,15.309332847595215,15.011333465576172,15.146666526794434,62841000,0.29799938201904297,0.43300015585763113
2019-09-09,15.452667236328125,15.583999633789062,15.281999588012695,15.333333015441895,72040500,0.3020000457763672,0.42538104738507954
2019-09-10,15.702667236328125,15.702667236328125,15.262666702270508,15.386667251586914,73255500,0.4400005340576172,0.43514292580740793
2019-09-11,16.47333335876465,16.544666290283203,15.733332633972168,15.825332641601562,150642000,0.8113336563110352,0.4663334574018206
2019-09-12,16.391332626342773,16.899999618530273,16.293333053588867,16.51333236694336,128718000,0.6066665649414062,0.4754763330732073
2019-09-13,16.34666633605957,16.56333351135254,16.32466697692871,16.464000701904297,79696500,0.23866653442382812,0.4440953390938895
2019-09-16,16.187332153320312,16.495332717895508,16.077999114990234,16.399999618530273,70921500,0.41733360290527344,0.45733342851911274
2019-09-17,16.319332122802734,16.373332977294922,16.024667739868164,16.1646671295166,57981000,0.3486652374267578,0.44999994550432476
2019-09-18,16.232667922973633,16.544666290283203,16.158000946044922,16.333332061767578,62553000,0.38666534423828125,0.4540951592581613
2019-09-19,16.440000534057617,16.529333114624023,16.32266616821289,16.399999618530273,71937000,0.2066669464111328,0.44314275469098774
2019-09-20,16.041332244873047,16.463333129882812,15.87733268737793,16.432666778564453,95295000,0.5860004425048828,0.4458094324384417
2019-09-23,16.082000732421875,16.345333099365234,15.947999954223633,16.0,65103000,0.39733314514160156,0.4466188975742885
2019-09-24,14.880666732788086,16.132667541503906,14.840666770935059,16.101333618164062,193372500,1.2920007705688477,0.49485703877040316
2019-09-25,15.24666690826416,15.26533317565918,14.557332992553711,14.970666885375977,141406500,0.7080001831054688,0.5028094564165387
2019-09-26,16.17066764831543,16.220666885375977,15.15999984741211,15.37733268737793,178267500,1.0606670379638672,0.5572857175554548
2019-09-27,16.142000198364258,16.58066749572754,15.915332794189453,16.14666748046875,166746000,0.6653347015380859,0.5832381929670062
2019-09-30,16.058000564575195,16.26533317565918,15.740667343139648,16.200000762939453,88197000,0.5246658325195312,0.5892857142857143
2019-10-01,16.312667846679688,16.39666748046875,15.942000389099121,16.100000381469727,92439000,0.4546670913696289,0.5638095310756138
2019-10-02,16.208667755126953,16.309999465942383,15.961999893188477,16.21933364868164,84471000,0.34799957275390625,0.5453333173479352
2019-10-03,15.535332679748535,15.631999969482422,14.95199966430664,15.457332611083984,226267500,0.6800003051757812,0.576857158115932
2019-10-04,15.428667068481445,15.652000427246094,15.204667091369629,15.440667152404785,119925000,0.44733333587646484,0.5789999961853027
2019-10-07,15.847999572753906,15.904000282287598,15.236666679382324,15.319999694824219,120963000,0.6673336029052734,0.601762022290911
2019-10-08,16.003332138061523,16.262666702270508,15.633333206176758,15.724666595458984,130173000,0.62933349609375,0.6190954617091587
2019-10-09,16.302000045776367,16.48666763305664,16.043333053588867,16.08799934387207,103416000,0.44333457946777344,0.6360002926417759
2019-10-10,16.31599998474121,16.618667602539062,16.10533332824707,16.351999282836914,94249500,0.5133342742919922,0.630809852055141
2019-10-11,16.525999069213867,16.738666534423828,16.45400047302246,16.476667404174805,127131000,0.2846660614013672,0.6227622032165527
2019-10-14,17.130666732788086,17.23666763305664,16.475332260131836,16.52666664123535,153075000,0.7613353729248047,0.584857531956264
2019-10-15,17.19266700744629,17.333332061767578,16.941333770751953,17.18000030517578,96492000,0.391998291015625,0.5622859682355609
2019-10-16,17.316667556762695,17.47333335876465,17.128000259399414,17.159332275390625,100261500,0.3453330993652344,0.511190686907087
2019-10-17,17.46466636657715,17.652000427246094,17.344667434692383,17.5,71539500,0.30733299255371094,0.485619136265346
2019-10-18,17.1299991607666,17.520000457763672,17.00666618347168,17.3799991607666,86247000,0.5133342742919922,0.4848097392490932
2019-10-21,16.899999618530273,17.299999237060547,16.678667068481445,17.222000122070312,75304500,0.6213321685791016,0.4967143876211984
2019-10-22,17.038667678833008,17.222000122070312,16.72333335876465,16.954666137695312,69012000,0.49866676330566406,0.5074763298034668
2019-10-23,16.978666305541992,17.076000213623047,16.75666618347168,16.96666717529297,78916500,0.3193340301513672,0.4817144530160086
2019-10-24,19.978666305541992,20.32866668701172,19.280000686645508,19.891332626342773,445813500,1.048666000366211,0.5246667861938477
2019-10-25,21.875333786010742,22.0,19.74066734313965,19.847999572753906,450091500,2.2593326568603516,0.6383810043334961
2019-10-28,21.847333908081055,22.722667694091797,21.50666618347168,21.836000442504883,283054500,1.2160015106201172,0.6802858625139508
2019-10-29,21.08133316040039,21.6200008392334,20.983333587646484,21.332666397094727,190264500,0.6366672515869141,0.6940953390938895
2019-10-30,21.000667572021484,21.252666473388672,20.6646671295166,20.866666793823242,144627000,0.5879993438720703,0.6994285583496094
2019-10-31,20.994667053222656,21.266666412353516,20.866666793823242,20.873332977294922,76005000,0.39999961853027344,0.7076666695731026
2019-11-01,20.887332916259766,21.09866714477539,20.65333366394043,21.08799934387207,95758500,0.44533348083496094,0.6850951058523995
2019-11-04,21.1646671295166,21.46266746520996,20.617332458496094,20.98666763305664,131805000,0.8453350067138672,0.7174762998308454
2019-11-05,21.148000717163086,21.567333221435547,21.07466697692871,21.308000564575195,104151000,0.49266624450683594,0.7280000959123883
2019-11-06,21.77199935913086,21.781333923339844,20.96666717529297,21.200000762939453,119113500,0.814666748046875,0.7642382213047573
2019-11-07,22.369333267211914,22.766666412353516,21.868000030517578,21.94266700744629,217009500,0.8986663818359375,0.791761943272182
2019-11-08,22.47599983215332,22.497333526611328,22.166667938232422,22.299999237060547,91038000,0.33066558837890625,0.7710000446864537
2019-11-11,23.006000518798828,23.279333114624023,22.799999237060547,22.93000030517578,149800500,0.47933387756347656,0.7696191242762974
2019-11-12,23.32866668701172,23.357999801635742,22.93600082397461,23.126667022705078,110391000,0.4219989776611328,0.7769523348127093
2019-11-13,23.073999404907227,23.755332946777344,23.011999130249023,23.666667938232422,126301500,0.7433338165283203,0.7551428931100028
2019-11-14,23.290000915527344,23.589332580566406,22.860666275024414,23.073999404907227,96973500,0.7286663055419922,0.6458095823015485
2019-11-15,23.47800064086914,23.520000457763672,23.224000930786133,23.375999450683594,72135000,0.29599952697753906,0.5800951548985073
2019-11-18,23.332666397094727,23.543333053588867,23.073333740234375,23.527999877929688,66006000,0.4699993133544922,0.56819030216762
2019-11-19,23.968000411987305,23.999332427978516,23.18666648864746,23.450000762939453,115872000,0.8126659393310547,0.584237916128976
2019-11-20,23.481332778930664,24.079999923706055,23.30466651916504,24.0,100876500,0.7753334045410156,0.6110474722726005
2019-11-21,23.655332565307617,24.055999755859375,23.600000381469727,23.634000778198242,91650000,0.45599937438964844,0.611809321812221
2019-11-22,22.202667236328125,22.733333587646484,22.0,22.67733383178711,253059000,0.7333335876464844,0.6038092204502651
2019-11-25,22.422666549682617,22.971332550048828,22.297332763671875,22.954666137695312,185092500,0.6739997863769531,0.6167616162981305
2019-11-26,21.92799949645996,22.366666793823242,21.80666732788086,22.351333618164062,119211000,0.5599994659423828,0.5985710961478097
2019-11-27,22.086000442504883,22.261999130249023,21.904666900634766,22.07466697692871,83334000,0.3573322296142578,0.5599043709891183
2019-11-29,21.996000289916992,22.083999633789062,21.833332061767578,22.073999404907227,36984000,0.2506675720214844,0.5541902269635882
2019-12-02,22.32466697692871,22.42533302307129,21.91266632080078,21.959999084472656,91117500,0.5126667022705078,0.5565711430140904
2019-12-03,22.413333892822266,22.527332305908203,22.145999908447266,22.174667358398438,98605500,0.3813323974609375,0.553666387285505
2019-12-04,22.20199966430664,22.52400016784668,22.190000534057617,22.516666412353516,82995000,0.3339996337890625,0.524428231375558
2019-12-05,22.024667739868164,22.294666290283203,21.816667556762695,22.18866729736328,55869000,0.4779987335205078,0.5065234048025948
2019-12-06,22.392667770385742,22.590667724609375,22.31800079345703,22.333332061767578,114186000,0.27266693115234375,0.504856790815081
2019-12-09,22.635332107543945,22.963333129882812,22.338666915893555,22.439332962036133,135346500,0.6246662139892578,0.515904426574707
2019-12-10,23.256000518798828,23.381999969482422,22.62066650390625,22.663999557495117,132424500,0.7613334655761719,0.5122378213065011
2019-12-11,23.51333236694336,23.812667846679688,23.4060001373291,23.458667755126953,103467000,0.40666770935058594,0.4859045573643276
2019-12-12,23.978666305541992,24.182666778564453,23.548667907714844,23.661333084106445,116458500,0.6339988708496094,0.4986188071114676
2019-12-13,23.892667770385742,24.347333908081055,23.642667770385742,24.06999969482422,98563500,0.7046661376953125,0.49657113211495535
2019-12-16,25.433332443237305,25.573999404907227,24.166667938232422,24.170000076293945,272613000,1.4073314666748047,0.5489519664219448
2019-12-17,25.266000747680664,25.700000762939453,25.059999465942383,25.266000747680664,127452000,0.6400012969970703,0.554666382925851
2019-12-18,26.209999084472656,26.347999572753906,25.371999740600586,25.375333786010742,211815000,0.9759998321533203,0.5988569259643555
2019-12-19,26.93600082397461,27.123332977294922,26.433332443237305,26.488000869750977,271606500,0.6900005340576172,0.6302378518240792
2019-12-20,27.03933334350586,27.53333282470703,26.679332733154297,27.3526668548584,221290500,0.8540000915527344,0.6546188082013812
2019-12-23,27.947999954223633,28.134000778198242,27.333332061767578,27.45199966430664,199794000,0.8006687164306641,0.6845714024135044
2019-12-24,28.350000381469727,28.364667892456055,27.512666702270508,27.890666961669922,120820500,0.8520011901855469,0.721571513584682
2019-12-26,28.729333877563477,28.898666381835938,28.42333221435547,28.527332305908203,159508500,0.47533416748046875,0.7213811874389648
2019-12-27,28.691999435424805,29.020666122436523,28.407333374023438,29.0,149185500,0.6133327484130859,0.7457144601004464
2019-12-30,27.64666748046875,28.600000381469727,27.284000396728516,28.586000442504883,188796000,1.315999984741211,0.7950954437255859
2019-12-31,27.8886661529541,28.086000442504883,26.80533218383789,27.0,154285500,1.2806682586669922,0.8321907860892159
2020-01-02,28.68400001525879,28.713333129882812,28.11400032043457,28.299999237060547,142981500,0.5993328094482422,0.8459525789533343
2020-01-03,29.534000396728516,30.266666412353516,29.128000259399414,29.366666793823242,266677500,1.1386661529541016,0.882000241960798
2020-01-06,30.1026668548584,30.104000091552734,29.333332061767578,29.364667892456055,151995000,0.7706680297851562,0.8867146628243583
2020-01-07,31.270666122436523,31.441999435424805,30.224000930786133,30.760000228881836,268231500,1.2179985046386719,0.8731908798217773
2020-01-08,32.80933380126953,33.232666015625,31.215333938598633,31.579999923706055,467164500,2.017332077026367,0.97157164982387
2020-01-09,32.089332580566406,33.253334045410156,31.524667739868164,33.13999938964844,426606000,1.7286663055419922,1.0253335407802038
2020-01-10,31.876667022705078,32.3293342590332,31.579999923706055,32.11933135986328,194392500,0.7493343353271484,1.0295716694423132
2020-01-13,34.990665435791016,35.04199981689453,32.79999923706055,32.900001525878906,397764000,2.2420005798339844,1.1287145614624023
2020-01-14,35.861331939697266,36.49399948120117,34.99333190917969,36.284000396728516,434943000,1.5006675720214844,1.1787144797188895
2020-01-15,34.56666564941406,35.85599899291992,34.452667236328125,35.31733322143555,260532000,1.4033317565917969,1.2180952344621931
2020-01-16,34.232666015625,34.297332763671875,32.81133270263672,32.91666793823242,326050500,1.4860000610351562,1.290285655430385
2020-01-17,34.03333282470703,34.37799835205078,33.54399871826172,33.840667724609375,204436500,0.8339996337890625,1.3060475758143835
2020-01-21,36.47999954223633,36.571998596191406,35.227333068847656,35.349998474121094,267052500,1.34466552734375,1.3080951145717077
2020-01-22,37.97066879272461,39.633331298828125,37.27333450317383,38.125999450683594,470535000,2.359996795654297,1.3851900100708008
2020-01-23,38.14666748046875,38.79999923706055,37.040000915527344,37.616668701171875,294765000,1.7599983215332031,1.4680946895054408
2020-01-24,37.654666900634766,38.25733184814453,36.95066833496094,38.04199981689453,215304000,1.3066635131835938,1.4800945009504045
2020-01-27,37.201332092285156,37.62933349609375,35.95199966430664,36.132667541503906,204121500,1.6773338317871094,1.544856343950544
2020-01-28,37.793331146240234,38.45399856567383,37.2053337097168,37.89933395385742,176827500,1.2486648559570312,1.5470467976161413
2020-01-29,38.732666015625,39.31999969482422,37.82866668701172,38.37933349609375,267022500,1.4913330078125,1.5094754355294364
2020-01-30,42.72066879272461,43.391998291015625,41.20000076293945,42.16133117675781,435085500,2.191997528076172,1.5425705228533064
2020-01-31,43.371334075927734,43.53333282470703,42.167999267578125,42.66666793823242,235789500,1.3653335571289062,1.5865704672677177
2020-02-03,52.0,52.409332275390625,44.90133285522461,44.91266632080078,705975000,7.507999420166016,1.9627132415771484
2020-02-04,59.137332916259766,64.59933471679688,55.59199905395508,58.86399841308594,914082000,9.007335662841797,2.498903819492885
2020-02-05,48.97999954223633,56.39866638183594,46.94066619873047,54.88399887084961,726357000,9.458000183105469,3.074237278529576
2020-02-06,49.930667877197266,53.05533218383789,45.79999923706055,46.66133117675781,598212000,7.255332946777344,3.486332484654018
2020-02-07,49.871334075927734,51.31666564941406,48.66666793823242,48.70333480834961,255952500,2.6499977111816406,3.616046633039202
2020-02-10,51.41866683959961,54.66600036621094,50.15999984741211,53.33333206176758,370338000,4.506000518798828,3.8418562752859935
2020-02-11,51.62533187866211,52.23400115966797,50.53333282470703,51.25266647338867,175462500,1.7006683349609375,3.7947613852364674
2020-02-12,51.15266799926758,52.650001525878906,50.891334533691406,51.858001708984375,180337500,1.7586669921875,3.794666290283203
2020-02-13,53.599998474121094,54.53333282470703,49.0,49.45600128173828,394339500,5.533332824707031,4.0965712411063055
2020-02-14,53.33533477783203,54.198001861572266,52.366668701171875,52.4813346862793,235405500,1.8313331604003906,4.107571193150112
2020-02-18,57.22666549682617,57.33333206176758,55.490665435791016,56.106666564941406,245725500,1.8426666259765625,4.149999891008649
2020-02-19,61.16133117675781,62.98533248901367,60.06800079345703,61.56666564941406,381345000,2.9173316955566406,4.251856940133231
2020-02-20,59.96066665649414,60.79999923706055,57.3293342590332,60.79666519165039,264523500,3.4706649780273438,4.3431903294154575
2020-02-21,60.06666564941406,60.87066650390625,58.6966667175293,60.46533203125,214722000,2.173999786376953,4.400952202933175
2020-02-24,55.58599853515625,57.56666564941406,54.813331604003906,55.93333435058594,227883000,2.7533340454101562,4.061333247593471
2020-02-25,53.32733154296875,57.106666564941406,52.46666717529297,56.599998474121094,259357500,4.6399993896484375,3.749380656651088
2020-02-26,51.91999816894531,54.22066879272461,51.740665435791016,52.16666793823242,211282500,2.4800033569335938,3.2509523119245256
2020-02-27,45.266666412353516,49.31800079345703,44.599998474121094,48.66666793823242,364158000,4.7180023193359375,3.0697144099644254
2020-02-28,44.53266525268555,46.03466796875,40.768001556396484,41.97999954223633,363343500,5.266666412353516,3.256619317190988
2020-03-02,49.574668884277344,49.5793342590332,45.77799987792969,47.41733169555664,302925000,3.8013343811035156,3.2062860216413225
2020-03-03,49.70066833496094,53.798667907714844,47.740665435791016,53.66666793823242,386760000,6.058002471923828,3.517524174281529
2020-03-04,49.96666717529297,51.10133361816406,48.31533432006836,50.930667877197266,225735000,2.785999298095703,3.5909050532749722
2020-03-05,48.30266571044922,49.71666717529297,47.871334075927734,48.2513313293457,162790500,1.8453330993652344,3.3274765014648438
2020-03-06,46.89866638183594,47.133331298828125,45.61800003051758,46.0,189943500,1.5153312683105469,3.3049049377441406
2020-03-09,40.53333282470703,44.20000076293945,40.33333206176758,40.35933303833008,256105500,3.866668701171875,3.449476514543806
2020-03-10,43.02199935913086,44.53333282470703,40.53333282470703,43.96200180053711,233916000,4.0,3.526809964861189
2020-03-11,42.28200149536133,43.571998596191406,40.866668701171875,42.68000030517578,199837500,2.7053298950195312,3.4721431732177734
2020-03-12,37.369998931884766,39.633331298828125,36.41666793823242,38.72600173950195,283636500,3.216663360595703,3.546619142804827
2020-03-13,36.44133377075195,40.50466537475586,33.46666717529297,39.66666793823242,339604500,7.037998199462891,3.852666582380022
2020-03-16,29.67133331298828,32.9913330078125,29.47800064086914,31.299999237060547,307342500,3.5133323669433594,3.772190366472517
2020-03-17,28.68000030517578,31.456666946411133,26.399999618530273,29.333999633789062,359919000,5.056667327880859,3.95623779296875
2020-03-18,24.08133316040039,26.99066734313965,23.367332458496094,25.933332443237305,356793000,3.6233348846435547,3.8780472619192943
2020-03-19,28.50933265686035,30.133333206176758,23.8973331451416,24.979999542236328,452932500,6.236000061035156,3.9472853796822682
2020-03-20,28.50200080871582,31.799999237060547,28.38599967956543,29.213333129882812,424282500,3.413999557495117,3.919618606567383
2020-03-23,28.952667236328125,29.46666717529297,27.366666793823242,28.906667709350586,246817500,2.1000003814697266,3.636904171534947
2020-03-24,33.66666793823242,34.24599838256836,31.600000381469727,31.81999969482422,343428000,2.645998001098633,3.626904078892299
2020-03-25,35.95000076293945,37.133331298828125,34.07400131225586,36.349998474121094,318340500,3.0593299865722656,3.71361814226423
2020-03-26,35.21066665649414,37.33333206176758,34.150001525878906,36.49266815185547,260710500,3.183330535888672,3.8327609470912387
2020-03-27,34.29066848754883,35.0533332824707,32.935333251953125,33.66666793823242,215661000,2.118000030517578,3.7078560420445035
2020-03-30,33.47533416748047,34.44333267211914,32.7486686706543,34.017333984375,179971500,1.6946640014648438,3.5431891850062778
2020-03-31,34.93333435058594,36.19733428955078,33.133331298828125,33.41666793823242,266572500,3.0640029907226562,3.5688086918422153
2020-04-01,32.104000091552734,34.26333236694336,31.67333221435547,33.599998474121094,200298000,2.5900001525878906,3.5240470341273715
2020-04-02,30.29800033569336,32.95066833496094,29.760000228881836,32.068668365478516,297876000,3.1906681060791016,3.249237741742815
2020-04-03,32.000667572021484,34.36600112915039,31.22599983215332,33.96666717529297,338431500,3.1400012969970703,3.222571236746652
2020-04-06,34.41600036621094,34.733333587646484,33.19733428955078,34.08000183105469,223527000,1.5359992980957031,2.971094948904855
2020-04-07,36.36333465576172,37.66666793823242,35.48933410644531,36.33333206176758,268797000,2.1773338317871094,2.867809159415109
2020-04-08,36.589332580566406,37.14733123779297,35.55533218383789,36.9466667175293,189840000,1.5919990539550781,2.5360948017665317
2020-04-09,38.20000076293945,38.345333099365234,37.14066696166992,37.4726676940918,204750000,1.2046661376953125,2.3782852717808316
2020-04-13,43.39666748046875,43.46666717529297,38.70199966430664,39.34400177001953,337131000,4.764667510986328,2.5686186381748746
2020-04-14,47.32600021362305,49.45866775512695,46.1619987487793,46.597999572753906,458647500,3.2966690063476562,2.6150951385498047
2020-04-15,48.65533447265625,50.20866775512695,47.33333206176758,49.46666717529297,353655000,2.875335693359375,2.601952689034598
2020-04-16,49.680667877197266,50.630001068115234,47.11466598510742,47.79600143432617,309868500,3.5153350830078125,2.625667299543108
2020-04-17,50.259334564208984,51.663333892822266,49.84400177001953,51.48533248901367,196923000,1.8193321228027344,2.6043338775634766
2020-04-20,49.75733184814453,51.03799819946289,47.48066711425781,48.8466682434082,221199000,3.557331085205078,2.7373815264020647
2020-04-21,45.781333923339844,50.22200012207031,44.919334411621094,48.67466735839844,303136500,5.302665710449219,2.8972860063825334
2020-04-22,48.807334899902344,48.93333435058594,45.91400146484375,46.93199920654297,212482500,3.0193328857421875,2.927952630179269
2020-04-23,47.04199981689453,48.93333435058594,46.87533187866211,48.50666809082031,198550500,2.058002471923828,2.8470479420253207
2020-04-24,48.34333419799805,48.71533203125,46.54533386230469,47.387332916259766,198180000,2.1699981689453125,2.777762004307338
2020-04-27,53.25,53.29933166503906,49.0,49.17399978637695,310221000,4.2993316650390625,2.9751428876604353
2020-04-28,51.27466583251953,53.66666793823242,50.44599914550781,53.042667388916016,228330000,3.2206687927246094,3.0496668134416853
2020-04-29,53.367332458496094,53.54666519165039,52.21066665649414,52.678001403808594,243240000,1.33599853515625,3.031381062098912
2020-04-30,52.12533187866211,57.987998962402344,50.900001525878906,57.01266860961914,427078500,7.0879974365234375,3.4516190120152066
2020-05-01,46.75466537475586,51.518001556396484,45.5359992980957,50.33333206176758,487977000,5.982002258300781,3.5385714939662387
2020-05-04,50.74599838256836,50.79999923706055,46.53333282470703,46.733333587646484,288556500,4.266666412353516,3.6078570229666576
2020-05-05,51.2140007019043,53.26133346557617,50.8120002746582,52.65266799926758,254875500,2.4493331909179688,3.5774282727922713
2020-05-06,52.172000885009766,52.6533317565918,50.740665435791016,51.766666412353516,166848000,1.9126663208007812,3.4629519326346263
2020-05-07,52.00266647338867,53.09333419799805,51.4900016784668,51.81399917602539,172915500,1.60333251953125,3.447523389543806
2020-05-08,54.62799835205078,54.93333435058594,52.46733474731445,52.917999267578125,241297500,2.4659996032714844,3.3695711408342635
2020-05-11,54.08599853515625,54.93333435058594,52.33333206176758,52.70066833496094,247794000,2.6000022888183594,3.1765237535749162
2020-05-12,53.96066665649414,56.21933364868164,53.866668701171875,55.133331298828125,238603500,2.3526649475097656,3.1289046151297435
2020-05-13,52.73066711425781,55.06666564941406,50.88666534423828,54.72200012207031,285982500,4.180000305175781,3.2804758889334544
2020-05-14,53.55533218383789,53.557334899902344,50.93333435058594,52.0,205233000,2.6240005493164062,3.3129046303885326
2020-05-15,53.27799987792969,53.66999816894531,52.436668395996094,52.689998626708984,157776000,1.2333297729492188,3.093904495239258
2020-05-18,54.242000579833984,55.64799880981445,53.59199905395508,55.185333251953125,174987000,2.055999755859375,3.010713849748884
2020-05-19,53.867332458496094,54.80466842651367,53.73866653442383,54.34466552734375,144547500,1.0660018920898438,2.9914283752441406
2020-05-20,54.37066650390625,55.06666564941406,54.119998931884766,54.70000076293945,109639500,0.9466667175292969,2.552761895315988
2020-05-21,55.17333221435547,55.5,53.06666564941406,54.400001525878906,183819000,2.4333343505859375,2.2992856161934987
2020-05-22,54.45866775512695,55.45199966430664,54.133331298828125,54.81133270263672,149812500,1.3186683654785156,2.0887143271309987
2020-05-26,54.591331481933594,55.63999938964844,54.38066864013672,55.633331298828125,121345500,1.2593307495117188,2.003714152744838
2020-05-27,54.68199920654297,55.180667877197266,52.33333206176758,54.7239990234375,173242500,2.8473358154296875,2.0704762595040456
2020-05-28,53.72066879272461,54.983333587646484,53.44599914550781,54.23400115966797,108834000,1.5373344421386719,2.0657621111188615
2020-05-29,55.66666793823242,55.66666793823242,53.61399841308594,53.91666793823242,176467500,2.0526695251464844,2.036238534109933
2020-06-01,59.87333297729492,59.93333435058594,56.939998626708984,57.20000076293945,224092500,2.993335723876953,2.0643337794712613
2020-06-02,58.770668029785156,60.57733154296875,58.06666564941406,59.64666748046875,203484000,2.5106658935546875,2.075619561331613
2020-06-03,58.86399841308594,59.862667083740234,58.67333221435547,59.20800018310547,119242500,1.1893348693847656,1.8620006016322546
2020-06-04,57.62533187866211,59.71666717529297,57.229331970214844,59.32533264160156,133315500,2.487335205078125,1.8522387913295202
2020-06-05,59.04399871826172,59.10133361816406,57.746665954589844,58.522666931152344,117178500,1.3546676635742188,1.8609057835170202
2020-06-08,63.327999114990234,63.33333206176758,60.61066818237305,61.266666412353516,212620500,2.7226638793945312,1.908524649483817
2020-06-09,62.711334228515625,63.62933349609375,61.595333099365234,62.66733169555664,170823000,2.0340003967285156,1.9776673998151506
2020-06-10,68.336669921875,68.49866485595703,65.5,66.12533569335938,278451000,2.9986648559570312,2.1242386954171315
2020-06-11,64.85600280761719,67.9306640625,64.80000305175781,66.01333618164062,238747500,3.1306610107421875,2.1740477425711497
2020-06-12,62.35200119018555,65.8653335571289,60.84000015258789,65.33333587646484,251451000,5.025333404541016,2.4388095310756137
2020-06-15,66.05999755859375,66.5893325805664,60.56666564941406,61.18600082397461,235458000,6.022666931152344,2.77904782976423
2020-06-16,65.47533416748047,67.52532958984375,64.15933227539062,67.4566650390625,210766500,3.365997314453125,2.8160950796944753
2020-06-17,66.11933135986328,67.0,65.50466918945312,65.84733581542969,148362000,1.495330810546875,2.813094820295061
2020-06-18,66.9306640625,67.94667053222656,66.2979965209961,66.86666870117188,146278500,1.6486740112304688,2.7842379978724887
2020-06-19,66.72666931152344,67.73133087158203,66.0893325805664,67.51866912841797,130195500,1.641998291015625,2.6877138955252513
2020-06-22,66.28800201416016,67.2586669921875,66.00133514404297,66.663330078125,95436000,1.2573318481445312,2.598190035138811
2020-06-23,66.78533172607422,67.46666717529297,66.267333984375,66.59200286865234,95479500,1.1993331909179688,2.5989042009626115
2020-06-24,64.0566635131836,66.72533416748047,63.542667388916016,66.27400207519531,164394000,3.182666778564453,2.6485707419259206
2020-06-25,65.73200225830078,65.73200225830078,62.47666549682617,63.61800003051758,138817500,3.2553367614746094,2.784332820347377
2020-06-26,63.982666015625,66.33333587646484,63.65800094604492,66.31866455078125,132823500,2.675334930419922,2.780952181134905
2020-06-29,67.29000091552734,67.33333587646484,63.23466873168945,64.60066986083984,135396000,4.098667144775391,2.9284283774239674
2020-06-30,71.98733520507812,72.51266479492188,66.91533660888672,67.0999984741211,253777500,5.597328186035156,3.114047186715262
2020-07-01,74.64199829101562,75.68866729736328,72.03333282470703,72.19999694824219,199903500,3.65533447265625,3.151523862566267
2020-07-02,80.57733154296875,81.86666870117188,79.04000091552734,81.43199920654297,258751500,2.8266677856445312,2.994476318359375
2020-07-06,91.43866729736328,91.85266876220703,84.40266418457031,85.11266326904297,308548500,7.450004577636719,3.096429007393973
2020-07-07,92.65733337402344,95.30000305175781,89.11399841308594,93.6673355102539,322345500,6.186004638671875,3.297858101981027
2020-07-08,91.05867004394531,94.48400115966797,87.42266845703125,93.66666412353516,244669500,7.061332702636719,3.69542966570173
2020-07-09,92.9520034790039,93.90399932861328,90.08533477783203,93.1326675415039,175764000,3.81866455078125,3.850428989955357
2020-07-10,102.97666931152344,103.2613296508789,91.73400115966797,93.06666564941406,350064000,11.527328491210938,4.556524004255023
2020-07-13,99.80400085449219,119.66600036621094,98.0739974975586,110.5999984741211,584781000,21.592002868652344,6.009000505719866
2020-07-14,101.12000274658203,106.0,95.4000015258789,103.73332977294922,351271500,10.599998474121094,6.680476597377232
2020-07-15,103.06732940673828,103.33333587646484,97.13333129882812,102.86666870117188,245517000,6.200004577636719,6.896000725882394
2020-07-16,100.04266357421875,102.11399841308594,97.73332977294922,98.47733306884766,214512000,4.380668640136719,6.976381574358259
2020-07-17,100.05599975585938,102.50066375732422,99.33333587646484,100.89666748046875,139950000,3.167327880859375,7.011523927961077
2020-07-20,109.53333282470703,110.0,99.19999694824219,101.267333984375,256821000,10.800003051757812,7.490190778459821
2020-07-21,104.55733489990234,111.66666412353516,103.86666870117188,109.32866668701172,241608000,7.799995422363281,7.647524152483259
2020-07-22,106.15533447265625,108.4280014038086,104.13333129882812,106.5999984741211,212416500,4.294670104980469,7.69319098336356
2020-07-23,100.87133026123047,112.5999984741211,98.71800231933594,111.93000030517578,364927500,13.881996154785156,8.482857295445033
2020-07-24,94.46666717529297,97.66666412353516,91.10266876220703,94.40066528320312,290949000,6.563995361328125,8.419570922851562
2020-07-27,102.63999938964844,103.19599914550781,94.19999694824219,95.66666412353516,240730500,8.996002197265625,8.620285034179688
2020-07-28,98.43267059326172,104.3133316040039,98.29467010498047,100.26667022705078,237130500,6.0186614990234375,8.545808519635882
2020-07-29,99.94066619873047,102.32066345214844,99.13333129882812,100.06666564941406,141403500,3.1873321533203125,8.500713348388672
2020-07-30,99.16600036621094,100.8826675415039,98.06666564941406,99.19999694824219,114315000,2.8160018920898438,7.878475734165737
2020-07-31,95.38400268554688,101.13666534423828,94.73200225830078,101.0,183123000,6.4046630859375,6.793665749686105
2020-08-03,99.0,100.65399932861328,96.29199981689453,96.61333465576172,132139500,4.36199951171875,6.348094395228794
2020-08-04,99.13333129882812,101.82733154296875,97.46666717529297,99.6673355102539,126225000,4.360664367675781,6.216712951660156
2020-08-05,99.00133514404297,99.98933410644531,97.88733673095703,99.53266906738281,74217000,2.1019973754882812,6.053950718470982
2020-08-06,99.30533599853516,101.15399932861328,98.48400115966797,99.38866424560547,89884500,2.6699981689453125,6.018427167619977
2020-08-07,96.84733581542969,99.98332977294922,94.33399963378906,99.96932983398438,133446000,5.649330139160156,5.650521959577288
2020-08-10,94.57133483886719,97.16666412353516,92.38933563232422,96.53333282470703,112834500,4.7773284912109375,5.434617178780692
2020-08-11,91.6259994506836,94.66666412353516,91.0,93.06666564941406,129387000,3.6666641235351562,5.389759608677456
2020-08-12,103.65066528320312,105.66666412353516,95.66666412353516,98.0,327441000,10.0,5.1124741690499445
2020-08-13,108.06666564941406,110.07866668701172,104.48400115966797,107.4000015258789,306379500,5.59466552734375,5.043236323765346
2020-08-14,110.04733276367188,111.25333404541016,108.44266510009766,110.99933624267578,188664000,2.8106689453125,4.6014268057686945
2020-08-17,122.3759994506836,123.05733489990234,111.52200317382812,111.80000305175781,303634500,11.535331726074219,4.995474679129464
2020-08-18,125.80599975585938,128.25999450683594,123.00733184814453,126.59933471679688,247117500,5.252662658691406,5.142998286655971
2020-08-19,125.23533630371094,127.4000015258789,122.74732971191406,124.33333587646484,183079500,4.652671813964844,5.274188995361328
2020-08-20,133.45533752441406,134.79933166503906,123.80400085449219,124.04533386230469,309177000,10.995330810546875,5.602093832833426
2020-08-21,136.6653289794922,139.69932556152344,135.00332641601562,136.3173370361328,322344000,4.6959991455078125,5.625950949532645
2020-08-24,134.27999877929688,141.93333435058594,128.50132751464844,141.7519989013672,300954000,13.4320068359375,6.273903982979911
2020-08-25,134.8893280029297,135.19667053222656,131.1999969482422,131.65933227539062,159883500,3.996673583984375,6.409237997872489
2020-08-26,143.54466247558594,144.39999389648438,136.90866088867188,137.3333282470703,213591000,7.4913330078125,6.753619057791574
2020-08-27,149.25,153.0399932861328,142.8333282470703,145.36399841308594,355395000,10.2066650390625,7.079142979213169
2020-08-28,147.55999755859375,154.5659942626953,145.76800537109375,153.00799560546875,301218000,8.797988891601562,7.3663330078125
2020-08-31,166.10667419433594,166.7133331298828,146.70333862304688,148.20333862304688,355123200,20.009994506835938,8.533713749476842
2020-09-01,158.35000610351562,167.49667358398438,156.836669921875,167.3800048828125,269523300,10.660003662109375,8.58085686819894
2020-09-02,149.1233367919922,159.67999267578125,135.0399932861328,159.663330078125,288528300,24.639999389648438,9.94123785836356
2020-09-03,135.6666717529297,143.93333435058594,134.0,135.7433319091797,262788300,9.933334350585938,10.449999673025948
2020-09-04,139.44000244140625,142.6666717529297,124.00666809082031,134.27000427246094,330965700,18.660003662109375,10.958904811314174
2020-09-08,110.06999969482422,122.913330078125,109.95999908447266,118.66666412353516,346397100,12.953330993652344,11.50895254952567
2020-09-09,122.09333038330078,123.0,113.836669921875,118.86666870117188,238397400,9.163330078125,11.83114242553711
2020-09-10,123.77999877929688,132.99667358398438,120.1866683959961,128.73666381835938,254791800,12.810005187988281,11.960762023925781
2020-09-11,124.23999786376953,127.5,120.16666412353516,127.3133316040039,182152500,7.333335876464844,12.14914321899414
2020-09-14,139.8733367919922,140.0,124.43333435058594,126.98332977294922,249061800,15.566665649414062,12.30161884852818
2020-09-15,149.9199981689453,153.97999572753906,143.56666564941406,145.52000427246094,291894600,10.413330078125,12.75995145525251
2020-09-16,147.25332641601562,152.59666442871094,145.10333251953125,146.6233367919922,216837900,7.4933319091796875,12.760094233921595
2020-09-17,141.14332580566406,145.92999267578125,136.0,138.53334045410156,230337600,9.92999267578125,12.74033192225865
2020-09-18,147.38333129882812,150.3333282470703,142.93333435058594,149.31333923339844,259220400,7.399993896484375,12.640475136893135
2020-09-21,149.79666137695312,151.89332580566406,135.69000244140625,151.0433349609375,328430400,16.203323364257812,12.368570055280413
2020-09-22,141.41000366210938,145.9199981689453,139.1999969482422,143.1999969482422,238742400,6.720001220703125,12.08714130946568
2020-09-23,126.78666687011719,137.38333129882812,125.2933349609375,135.05332946777344,285222600,12.089996337890625,11.190712520054408
2020-09-24,129.26333618164062,133.1666717529297,117.0999984741211,121.26667022705078,289683300,16.066673278808594,11.628808157784599
2020-09-25,135.77999877929688,136.2433319091797,130.43333435058594,131.1566619873047,201625500,5.80999755859375,10.710950578962054
2020-09-28,140.39999389648438,142.69332885742188,138.51666259765625,141.5399932861328,149158800,4.176666259765625,10.084045955113002
2020-09-29,139.69000244140625,142.8333282470703,137.1999969482422,138.6666717529297,150657900,5.633331298828125,9.831903185163226
2020-09-30,143.00332641601562,144.64332580566406,140.1566619873047,140.44000244140625,144436800,4.486663818359375,9.237378801618304
2020-10-01,149.3866729736328,149.6266632080078,144.80667114257812,146.9199981689453,152224500,4.8199920654296875,9.05785424368722
2020-10-02,138.3633270263672,146.3766632080078,138.3333282470703,140.4633331298828,214290000,8.0433349609375,8.52047348022461
2020-10-05,141.89332580566406,144.54666137695312,139.77667236328125,141.11666870117188,134168400,4.769989013671875,8.11737768990653
2020-10-06,137.9933319091797,142.92666625976562,135.35000610351562,141.26333618164062,147438900,7.57666015625,8.123329707554408
2020-10-07,141.76666259765625,143.3000030517578,137.9499969482422,139.9566650390625,129383100,5.350006103515625,7.796187809535435
2020-10-08,141.97332763671875,146.3333282470703,141.76666259765625,146.14666748046875,121263300,4.5666656494140625,7.593807220458984
2020-10-09,144.6666717529297,144.8633270263672,142.15333557128906,143.3766632080078,86777100,2.709991455078125,6.629997798374721
2020-10-12,147.43333435058594,149.5800018310547,146.19332885742188,147.3333282470703,116373300,3.3866729736328125,6.391902923583984
2020-10-13,148.88333129882812,149.6300048828125,145.53334045410156,147.78334045410156,103391100,4.0966644287109375,5.820950644356864
2020-10-14,153.76666259765625,155.3000030517578,149.11666870117188,149.92666625976562,143639100,6.1833343505859375,5.114997863769531
2020-10-15,149.6266632080078,152.19000244140625,147.5,150.10333251953125,107017200,4.69000244140625,5.034998212541852
2020-10-16,146.55667114257812,151.98333740234375,146.28334045410156,151.47999572753906,98327700,5.6999969482421875,5.143807547433036
2020-10-19,143.61000061035156,149.0,142.9566650390625,148.74667358398438,108863400,6.0433349609375,5.173093523297991
2020-10-20,140.64666748046875,143.9166717529297,139.68333435058594,143.9166717529297,94968900,4.23333740234375,5.154998779296875
2020-10-21,140.8800048828125,144.31666564941406,140.4166717529297,140.89999389648438,97111500,3.899993896484375,5.08928462437221
2020-10-22,141.92999267578125,148.41000366210938,141.50332641601562,147.30667114257812,119979600,6.90667724609375,5.008094787597656
2020-10-23,140.2100067138672,140.9633331298828,135.7933349609375,140.6133270263672,101151000,5.1699981689453125,5.0366668701171875
2020-10-26,140.0933380126953,141.9199981689453,136.6666717529297,137.2100067138672,84717600,5.253326416015625,4.870714460100446
2020-10-27,141.55999755859375,143.5,140.03334045410156,141.25332641601562,68059500,3.4666595458984375,4.736189705984933
2020-10-28,135.33999633789062,139.53334045410156,135.3333282470703,138.82666015625,76354200,4.20001220703125,4.710000174386161
2020-10-29,136.94332885742188,139.35333251953125,135.48666381835938,136.65333557128906,67965900,3.866668701171875,4.792619977678571
2020-10-30,129.34666442871094,135.8633270263672,126.37000274658203,135.63333129882812,127533900,9.493324279785156,5.228809356689453
2020-11-02,133.50332641601562,135.66000366210938,130.76666259765625,131.3333282470703,87063300,4.893341064453125,5.285714830671038
2020-11-03,141.3000030517578,142.58999633789062,135.56333923339844,136.57666015625,103055100,7.0266571044921875,5.34595217023577
2020-11-04,140.32666015625,145.13333129882812,139.03334045410156,143.5399932861328,96429300,6.0999908447265625,5.4466656276157925
2020-11-05,146.02999877929688,146.6666717529297,141.3333282470703,142.76666259765625,85243500,5.333343505859375,5.42047609601702
2020-11-06,143.31666564941406,145.52333068847656,141.42666625976562,145.36666870117188,65118000,4.0966644287109375,5.28142820085798
2020-11-09,140.4199981689453,150.8333282470703,140.3333282470703,146.5,104499000,10.5,5.729046957833426
2020-11-10,136.7866668701172,140.02999877929688,132.00999450683594,140.02999877929688,90852600,8.020004272460938,6.023333413260324
2020-11-11,139.0433349609375,139.56666564941406,136.86000061035156,138.81666564941406,52073100,2.7066650390625,5.72333254132952
2020-11-12,137.25332641601562,141.0,136.5066680908203,138.35000610351562,59565300,4.4933319091796875,5.674999237060547
2020-11-13,136.1666717529297,137.50999450683594,133.8866729736328,136.9499969482422,59313300,3.623321533203125,5.558570316859654
2020-11-16,136.02999877929688,137.48333740234375,134.69667053222656,136.30999755859375,80515800,2.7866668701171875,5.5099994114467075
2020-11-17,147.20333862304688,154.0,144.336669921875,153.38999938964844,183564900,9.663330078125,5.900236402239118
2020-11-18,162.2133331298828,165.3333282470703,147.8333282470703,149.4499969482422,234132000,17.5,6.874045780726841
2020-11-19,166.42333984375,169.5366668701172,162.52333068847656,164.0,187425900,7.013336181640625,6.696903773716518
2020-11-20,163.20333862304688,167.5,163.02000427246094,165.99667358398438,98735700,4.4799957275390625,6.667379106794085
2020-11-23,173.9499969482422,175.3333282470703,167.26333618164062,167.8333282470703,150780900,8.069992065429688,6.741903032575335
2020-11-24,185.1266632080078,186.663330078125,175.39999389648438,180.13333129882812,160945500,11.263336181640625,7.110713413783482
2020-11-25,191.3333282470703,191.3333282470703,181.7899932861328,183.35333251953125,146790600,9.5433349609375,7.411427089146206
2020-11-27,195.25332641601562,199.5933380126953,192.81666564941406,193.72000122070312,112683300,6.77667236328125,7.6028562273297995
2020-11-30,189.1999969482422,202.60000610351562,184.836669921875,200.73666381835938,189009300,17.763336181640625,8.121665954589844
2020-12-01,194.9199981689453,199.28334045410156,190.68333435058594,199.19667053222656,120310500,8.600006103515625,8.163094656808036
2020-12-02,189.60667419433594,190.51333618164062,180.40333557128906,185.47999572753906,143327100,10.110000610351562,8.69190434047154
2020-12-03,197.7933349609375,199.6566619873047,194.14332580566406,196.67333984375,127656000,5.513336181640625,8.764761788504464
2020-12-04,199.67999267578125,199.67999267578125,195.1666717529297,197.00332641601562,88203900,4.5133209228515625,8.828333173479352
2020-12-07,213.9199981689453,216.26333618164062,201.01666259765625,201.63999938964844,168929100,15.246673583984375,9.718333653041295
2020-12-08,216.6266632080078,217.0933380126953,206.1666717529297,208.50332641601562,192795000,10.926666259765625,9.808571951729911
2020-12-09,201.4933319091797,218.10667419433594,196.0,217.89666748046875,213873600,22.106674194335938,10.137620108468193
2020-12-10,209.02333068847656,209.25,188.77999877929688,191.4566650390625,201249600,20.470001220703125,11.098810468401227
2020-12-11,203.3300018310547,208.0,198.93333435058594,205.00332641601562,139425000,9.066665649414062,11.426429748535156
2020-12-14,213.27667236328125,214.25,203.39999389648438,206.3333282470703,156121800,10.850006103515625,11.625002179827009
2020-12-15,211.0833282470703,215.63333129882812,207.93333435058594,214.42666625976562,135214500,7.6999969482421875,11.370477948869977
2020-12-16,207.58999633789062,210.8333282470703,201.6666717529297,209.41000366210938,126287400,9.166656494140625,11.343572344098773
2020-12-17,218.63333129882812,219.60667419433594,206.5,209.39666748046875,168810300,13.106674194335938,11.79571533203125
2020-12-18,231.6666717529297,231.6666717529297,209.51333618164062,222.96665954589844,666378600,22.153335571289062,12.109286717006139
2020-12-21,216.6199951171875,222.8333282470703,215.35667419433594,222.0800018310547,174135900,7.476654052734375,12.029047284807477
2020-12-22,213.44667053222656,216.6266632080078,204.7433319091797,216.0,155148000,11.883331298828125,12.155713762555804
2020-12-23,215.32666015625,217.1666717529297,207.52333068847656,210.73333740234375,99519000,9.643341064453125,12.450714111328125
2020-12-24,220.58999633789062,222.02999877929688,213.6666717529297,214.3300018310547,68596800,8.363327026367188,12.725714547293526
2020-12-28,221.22999572753906,227.13333129882812,220.26666259765625,224.836669921875,96835800,6.866668701171875,12.127142769949776
2020-12-29,221.99667358398438,223.3000030517578,218.3333282470703,220.3333282470703,68732400,4.9666748046875,11.701429094587054
2020-12-30,231.5933380126953,232.1999969482422,222.7866668701172,224.0,128538000,9.413330078125,10.794761657714844
2020-12-31,235.22332763671875,239.57333374023438,230.3733367919922,233.3300018310547,148949700,9.199996948242188,9.989761352539062
2021-01-04,243.2566680908203,248.163330078125,239.06333923339844,239.82000732421875,145914600,9.099990844726562,9.992141723632812
2021-01-05,245.0366668701172,246.94667053222656,239.73333740234375,241.22000122070312,96735600,7.2133331298828125,9.732379368373326
2021-01-06,251.9933319091797,258.0,249.6999969482422,252.8300018310547,134100000,8.300003051757812,9.77523694719587
2021-01-07,272.0133361816406,272.3299865722656,258.3999938964844,259.2099914550781,154496700,13.92999267578125,10.115475245884486
2021-01-08,293.3399963378906,294.8299865722656,279.46331787109375,285.3333435058594,225166500,15.366668701171875,10.276903424944196
2021-01-11,270.39666748046875,284.80999755859375,267.8733215332031,283.1333312988281,177904800,16.936676025390625,9.904284885951451
2021-01-12,283.14666748046875,289.3333435058594,275.7799987792969,277.0,138812100,13.5533447265625,10.338334219796318
2021-01-13,284.8033447265625,286.8233337402344,277.3333435058594,284.2533264160156,99937500,9.489990234375,10.167381286621094
2021-01-14,281.6666564941406,287.6666564941406,279.5833435058594,281.1300048828125,93798900,8.08331298828125,10.055950709751674
2021-01-15,275.38665771484375,286.6333312988281,273.0333251953125,284.0,116332800,13.600006103515625,10.429999215262276
2021-01-19,281.51666259765625,283.3333435058594,277.6666564941406,279.26666259765625,76101000,5.66668701171875,10.344286237444196
2021-01-20,283.48333740234375,286.5,279.09332275390625,286.2466735839844,76997700,7.40667724609375,10.518572126116071
2021-01-21,281.663330078125,285.239990234375,280.47332763671875,285.0,61563300,4.76666259765625,10.186667306082589
2021-01-22,282.21331787109375,282.6666564941406,276.2066650390625,278.10333251953125,60199500,6.459991455078125,9.990952627999443
2021-01-25,293.6000061035156,300.1333312988281,279.6066589355469,285.0,123520200,20.52667236328125,10.807144165039062
2021-01-26,294.36334228515625,298.6333312988281,290.5333251953125,297.1266784667969,69394800,8.100006103515625,10.870477948869977
2021-01-27,288.0533447265625,297.1666564941406,286.2200012207031,290.1166687011719,82002000,10.9466552734375,11.059524536132812
2021-01-28,278.4766540527344,282.6666564941406,267.0,273.3333435058594,79134000,15.666656494140625,11.183571951729911
2021-01-29,264.510009765625,280.8033447265625,260.0333251953125,276.6666564941406,104972400,20.77001953125,11.569525582449776
2021-02-01,279.9366760253906,280.6666564941406,265.1866760253906,271.42999267578125,76174200,15.47998046875,11.465475899832589
2021-02-02,290.92999267578125,293.5,280.73333740234375,281.55999755859375,73038600,12.76666259765625,11.409284319196429
2021-02-03,284.89666748046875,292.6933288574219,284.35333251953125,292.3399963378906,55030500,8.339996337890625,11.327141898018974
2021-02-04,283.3299865722656,285.5,277.8066711425781,285.0,47438100,7.693328857421875,11.299285888671875
2021-02-05,284.07666015625,288.25665283203125,279.65667724609375,281.6666564941406,55699800,8.5999755859375,10.942140851702009
2021-02-08,287.8066711425781,292.5899963378906,284.9166564941406,289.8900146484375,60485100,7.67333984375,11.085473196847099
2021-02-09,283.1533203125,286.6000061035156,280.5833435058594,285.0400085449219,45473100,6.01666259765625,10.98618643624442
2021-02-10,268.2733459472656,281.6066589355469,266.67333984375,281.21331787109375,108648300,14.933319091796875,11.712376185825892
2021-02-11,270.5533447265625,276.6266784667969,267.24334716796875,270.8133239746094,64868400,9.383331298828125,11.921186174665179
2021-02-12,272.0400085449219,272.4433288574219,261.77667236328125,267.086669921875,71304900,10.666656494140625,11.21689932686942
2021-02-16,265.40667724609375,273.6666564941406,264.14666748046875,272.6666564941406,59406900,9.519989013671875,11.318326677594866
2021-02-17,266.04998779296875,266.61334228515625,254.00332641601562,259.6966552734375,77989500,12.610015869140625,11.437138148716517
2021-02-18,262.4599914550781,264.89666748046875,258.75665283203125,260.29998779296875,53871300,6.1400146484375,10.756663731166295
2021-02-19,260.4333190917969,265.5966796875,259.1233215332031,265.0,56874900,6.473358154296875,9.7354736328125
2021-02-22,238.1666717529297,256.1666564941406,236.73333740234375,254.2133331298828,111809100,19.433319091796875,10.017854963030134
2021-02-23,232.94667053222656,237.8699951171875,206.3333282470703,220.7100067138672,199820700,31.536666870117188,11.358569553920201
2021-02-24,247.33999633789062,248.3333282470703,231.38999938964844,237.28334045410156,110301000,16.943328857421875,11.97309330531529
2021-02-25,227.4066619873047,245.73666381835938,223.52667236328125,242.0500030517578,117071700,22.209991455078125,13.009997776576451
2021-02-26,225.1666717529297,235.56666564941406,219.836669921875,233.3333282470703,123267600,15.729995727539062,13.519284929547991
2021-03-01,239.47666931152344,239.6666717529297,228.35000610351562,230.0366668701172,81408600,11.316665649414062,13.779522487095424
2021-03-02,228.81333923339844,240.3699951171875,228.3333282470703,239.42666625976562,71196600,12.036666870117188,14.209522792271205
2021-03-03,217.73333740234375,233.56666564941406,217.23666381835938,229.3300018310547,90624000,16.330001831054688,14.309285845075335
2021-03-04,207.14666748046875,222.81666564941406,200.0,218.60000610351562,197758500,22.816665649414062,15.268809727260045
2021-03-05,199.31666564941406,209.27999877929688,179.8300018310547,208.68666076660156,268189500,29.449996948242188,16.610476902553014
2021-03-08,187.6666717529297,206.7100067138672,186.26333618164062,200.18333435058594,155361000,20.446670532226562,17.390954153878347
2021-03-09,224.52667236328125,226.02999877929688,198.40333557128906,202.72666931152344,202569900,27.626663208007812,18.46357182094029
2021-03-10,222.68666076660156,239.28334045410156,218.35333251953125,233.43333435058594,181817100,20.930007934570312,19.51999991280692
2021-03-11,233.1999969482422,234.1666717529297,225.72666931152344,233.13333129882812,108761700,8.44000244140625,19.660474504743302
2021-03-12,231.2433319091797,231.6266632080078,222.04666137695312,223.3333282470703,100751400,9.580001831054688,18.956666128976003
2021-03-15,235.97999572753906,237.72666931152344,228.01333618164062,231.3633270263672,88006800,9.713333129882812,17.39785657610212
2021-03-16,225.6266632080078,235.97332763671875,223.6666717529297,234.4499969482422,96587100,12.306655883789062,17.066665649414062
2021-03-17,233.93666076660156,234.57666015625,217.00332641601562,218.9566650390625,121117500,17.573333740234375,16.73547581263951
2021-03-18,217.72000122070312,229.7433319091797,217.3333282470703,228.09666442871094,99674400,12.410003662109375,16.498333522251674
2021-03-19,218.2899932861328,219.07666015625,208.2066650390625,215.53334045410156,128682000,10.8699951171875,16.46642848423549
2021-03-22,223.3333282470703,233.2066650390625,222.9166717529297,228.19667053222656,118536600,10.289993286132812,16.341666085379465
2021-03-23,220.72000122070312,225.93333435058594,219.1699981689453,225.2566680908203,91475700,6.763336181640625,15.658332824707031
2021-03-24,210.08999633789062,222.67333984375,210.0366668701172,222.6366729736328,101385600,12.636672973632812,14.931190490722656
2021-03-25,213.4633331298828,215.1666717529297,203.1666717529297,204.3333282470703,117674700,12.0,13.684762137276786
2021-03-26,206.23666381835938,214.60667419433594,199.9633331298828,213.9566650390625,101558400,14.643341064453125,13.270238603864398
2021-03-29,203.76333618164062,205.4933319091797,198.67333984375,205.2133331298828,85911000,6.8199920654296875,11.78404780796596
2021-03-30,211.8733367919922,212.55332946777344,197.00332641601562,200.5833282470703,118297200,15.550003051757812,11.399761744907924
2021-03-31,222.64332580566406,224.0,213.70333862304688,215.5399932861328,100011900,10.296661376953125,11.53238024030413
2021-04-01,220.5833282470703,230.80667114257812,219.80667114257812,229.4566650390625,105895200,11.0,11.63380868094308
2021-04-05,230.35000610351562,236.05332946777344,228.23333740234375,235.90333557128906,125528400,7.8199920654296875,11.498570033482142
2021-04-06,230.5399932861328,232.18333435058594,227.1233367919922,230.10000610351562,84815400,5.05999755859375,10.980951581682477
2021-04-07,223.6566619873047,230.4600067138672,222.6133270263672,229.0,78928200,7.8466796875,10.286190577915736
2021-04-08,227.93333435058594,229.85000610351562,223.88333129882812,225.7933349609375,71772900,5.9666748046875,9.825952802385602
2021-04-09,225.67333984375,226.99000549316406,223.14332580566406,225.92333984375,64311300,3.8466796875,9.324287414550781
2021-04-12,233.9933319091797,234.93333435058594,227.3633270263672,228.56666564941406,87407100,7.57000732421875,9.130002702985491
2021-04-13,254.10667419433594,254.3333282470703,236.8866729736328,237.56666564941406,133958400,17.4466552734375,9.893096923828125
2021-04-14,244.07666015625,260.2633361816406,242.67666625976562,256.8999938964844,147052200,17.586669921875,10.246668134416852
2021-04-15,246.28334045410156,247.89666748046875,240.43666076660156,247.6999969482422,83546700,7.4600067138671875,9.92238289969308
2021-04-16,246.5933380126953,249.80332946777344,241.53334045410156,242.88333129882812,83938500,8.269989013671875,9.46714346749442
2021-04-19,238.2100067138672,241.8000030517578,230.60000610351562,239.86666870117188,119058600,11.199996948242188,9.780000959123884
2021-04-20,239.663330078125,245.75,236.89666748046875,239.13999938964844,106827000,8.85333251953125,9.30166734967913
2021-04-21,248.0399932861328,248.27999877929688,232.6666717529297,234.92333984375,93646500,15.613327026367188,9.681429181780134
2021-04-22,239.89666748046875,251.2566680908203,239.34666442871094,247.1666717529297,106770900,11.910003662109375,9.746429443359375
2021-04-23,243.13333129882812,245.7866668701172,238.48666381835938,239.93333435058594,85110000,7.3000030517578125,9.709287370954241
2021-04-26,246.06666564941406,249.76666259765625,244.20333862304688,247.0,93115500,5.563323974609375,9.7452392578125
2021-04-27,234.913330078125,241.3333282470703,234.4499969482422,239.32000732421875,88311000,6.883331298828125,9.676428658621651
2021-04-28,231.46665954589844,236.1666717529297,231.1999969482422,232.1366729736328,66813000,4.9666748046875,9.60500008719308
2021-04-29,225.6666717529297,234.0833282470703,222.8333282470703,233.1699981689453,86536200,11.25,10.13380868094308
2021-04-30,236.47999572753906,238.49000549316406,222.04666137695312,222.52999877929688,122276100,16.443344116210938,10.767618451799665
2021-05-03,228.3000030517578,235.3333282470703,226.8333282470703,234.60000610351562,81129300,8.5,10.12857164655413
2021-05-04,224.53334045410156,227.81666564941406,219.23333740234375,226.31333923339844,89217900,8.583328247070312,9.485475812639509
2021-05-05,223.64666748046875,228.43333435058594,222.44667053222656,227.02000427246094,65705700,5.986663818359375,9.380237034388951
2021-05-06,221.17999267578125,227.0066680908203,216.6666717529297,226.9199981689453,83353800,10.339996337890625,9.528094700404576
2021-05-07,224.1233367919922,230.0,220.07333374023438,221.93333435058594,70407600,9.926666259765625,9.437142508370536
2021-05-10,209.67999267578125,221.68333435058594,209.20333862304688,221.63333129882812,94177200,12.479995727539062,9.696189880371094
2021-05-11,205.73333740234375,209.03334045410156,198.53334045410156,199.74667358398438,139511700,10.5,9.33095223563058
2021-05-12,196.6300048828125,206.80332946777344,195.58999633789062,200.8300018310547,101470800,11.213333129882812,9.281190054757255
2021-05-13,190.56333923339844,202.15333557128906,186.5500030517578,200.51333618164062,132554700,15.60333251953125,9.874285016741071
2021-05-14,196.5800018310547,197.6233367919922,190.15333557128906,194.47000122070312,100112700,7.470001220703125,10.010476248604911
2021-05-17,192.27667236328125,196.57666015625,187.06666564941406,191.85000610351562,97171200,9.509994506835938,10.198095049176898
2021-05-18,192.6233367919922,198.75,187.7933349609375,189.3333282470703,110491800,10.9566650390625,10.625951494489398
2021-05-19,187.82000732421875,188.73666381835938,182.32666015625,184.18333435058594,118735200,6.410003662109375,10.280237470354352
2021-05-20,195.5933380126953,196.28334045410156,190.35667419433594,191.6666717529297,92463300,5.926666259765625,9.529046194893974
2021-05-21,193.6266632080078,198.89332580566406,193.3333282470703,198.70333862304688,78091800,5.55999755859375,9.319046020507812
2021-05-24,202.14666748046875,204.82666015625,191.21665954589844,193.86666870117188,103674300,13.610000610351562,9.678094046456474
2021-05-25,201.56333923339844,204.663330078125,198.57000732421875,202.43666076660156,84017700,6.09332275390625,9.685712541852679
2021-05-26,206.3766632080078,208.72332763671875,200.5,202.52000427246094,85917900,8.22332763671875,9.534521920340401
2021-05-27,210.28334045410156,210.3766632080078,205.40333557128906,206.74667358398438,79111800,4.97332763671875,9.180712018694196
2021-05-28,208.4066619873047,211.8633270263672,207.4600067138672,209.5,68211000,4.4033203125,8.603806631905693
2021-06-01,207.96665954589844,211.26666259765625,206.85000610351562,209.26666259765625,54254700,4.416656494140625,8.16928209577288
2021-06-02,201.7066650390625,207.7866668701172,199.7133331298828,206.7100067138672,69908400,8.073333740234375,7.944996425083706
2021-06-03,190.94667053222656,201.51666259765625,190.4066619873047,200.60000610351562,90335700,11.110000610351562,7.624044145856585
2021-06-04,199.68333435058594,200.20333862304688,192.39999389648438,193.23666381835938,72110700,7.8033447265625,7.647854396275112
2021-06-07,201.7100067138672,203.3333282470703,194.2933349609375,197.27667236328125,67631100,9.039993286132812,7.614282880510602
2021-06-08,201.19667053222656,207.69667053222656,198.5,207.6699981689453,78160200,9.196670532226562,7.488568987165179
2021-06-09,199.5933380126953,203.92999267578125,199.2100067138672,200.72332763671875,49753800,4.7199859619140625,7.367853437151227
2021-06-10,203.3733367919922,205.52999877929688,200.1666717529297,201.2933349609375,71758800,5.3633270263671875,7.327614920479911
2021-06-11,203.29666137695312,204.18666076660156,200.5066680908203,203.41000366210938,48615900,3.67999267578125,7.193328857421875
2021-06-14,205.89666748046875,208.49667358398438,203.05999755859375,204.07666015625,61272000,5.436676025390625,6.609519958496094
2021-06-15,199.7866668701172,205.59666442871094,199.41000366210938,205.56333923339844,53292300,6.1866607666015625,6.616186959402902
2021-06-16,201.6233367919922,202.8333282470703,197.8333282470703,199.17999267578125,66432300,5.0,6.385949271065848
2021-06-17,205.53334045410156,207.1566619873047,200.44667053222656,200.6300048828125,68104200,6.709991455078125,6.509996686662946
2021-06-18,207.77000427246094,209.4499969482422,203.93333435058594,204.4566650390625,73682700,5.51666259765625,6.589521135602679
2021-06-21,206.94332885742188,210.4633331298828,202.9600067138672,208.16000366210938,74438100,7.503326416015625,6.80999755859375
2021-06-22,207.90333557128906,209.52333068847656,205.1666717529297,206.0833282470703,57476700,4.356658935546875,6.544520786830357
2021-06-23,218.85667419433594,219.06666564941406,210.01333618164062,210.6666717529297,93297600,9.053329467773438,6.397615705217634
2021-06-24,226.60667419433594,232.5399932861328,222.5366668701172,224.99667358398438,137947200,10.003326416015625,6.554757254464286
2021-06-25,223.9566650390625,231.27000427246094,222.89999389648438,229.86000061035156,97490100,8.370010375976562,6.506901332310268
2021-06-28,229.57333374023438,231.56666564941406,223.44000244140625,223.8800048828125,64884600,8.126663208007812,6.430472237723214
2021-06-29,226.9199981689453,229.1699981689453,225.29666137695312,228.21665954589844,52143900,3.8733367919921875,6.369997297014509
2021-06-30,226.56666564941406,230.93666076660156,226.04666137695312,226.58999633789062,56774700,4.8899993896484375,6.336188180106027
2021-07-01,225.97332763671875,229.3300018310547,224.26666259765625,227.97332763671875,55903500,5.0633392333984375,6.434998648507254
2021-07-02,226.3000030517578,233.3333282470703,224.4199981689453,226.32666015625,81163500,8.913330078125,6.6833310808454245
2021-07-06,219.86000061035156,228.0,217.13333129882812,227.23666381835938,69853500,10.866668701171875,7.017617361886161
2021-07-07,214.88333129882812,221.89999389648438,212.77333068847656,221.42333984375,56376000,9.126663208007812,7.312379019601004
2021-07-08,217.60333251953125,218.14332580566406,206.82000732421875,209.4566650390625,68319900,11.323318481445312,7.641902378627232
2021-07-09,218.98333740234375,219.6366729736328,214.89666748046875,217.72666931152344,54421500,4.7400054931640625,7.586426871163504
2021-07-12,228.56666564941406,229.0800018310547,220.72000122070312,220.73333740234375,77781000,8.360000610351562,7.647617885044643
2021-07-13,222.84666442871094,231.0933380126953,222.10000610351562,228.77333068847656,62898300,8.993331909179688,7.9788088117327005
2021-07-14,217.7933349609375,226.20333862304688,217.6133270263672,223.5833282470703,64923600,8.590011596679688,7.945714678083148
2021-07-15,216.86666870117188,222.04666137695312,212.6266632080078,219.4633331298828,60628800,9.419998168945312,7.904048374720982
2021-07-16,214.74000549316406,218.89999389648438,214.06666564941406,218.22666931152344,49113000,4.8333282470703125,7.65142822265625
2021-07-19,215.4066619873047,215.73333740234375,207.09666442871094,209.9633331298828,63891300,8.636672973632812,7.687857491629464
2021-07-20,220.1666717529297,220.79666137695312,213.5,217.3300018310547,46461300,7.296661376953125,7.932380676269531
2021-07-21,218.42999267578125,221.6199951171875,216.76333618164062,219.8699951171875,41859900,4.856658935546875,7.929999215262277
2021-07-22,216.4199981689453,220.72332763671875,214.86666870117188,218.81333923339844,45317100,5.856658935546875,7.986664908272879
2021-07-23,214.4600067138672,216.26666259765625,212.43333435058594,215.45333862304688,43814700,3.8333282470703125,7.623807634626116
2021-07-26,219.2066650390625,222.73333740234375,215.70333862304688,216.99000549316406,76009800,7.029998779296875,7.349759783063616
2021-07-27,214.92666625976562,222.1666717529297,209.0800018310547,221.13333129882812,98439900,13.086669921875,7.6326174054827005
2021-07-28,215.66000366210938,218.32333374023438,213.13333129882812,215.6666717529297,48019800,5.19000244140625,7.194523402622768
2021-07-29,225.78334045410156,227.89666748046875,216.26666259765625,216.59666442871094,91183800,11.6300048828125,7.686666216169085
2021-07-30,229.06666564941406,232.50999450683594,223.0,223.9199981689453,88969200,9.509994506835938,7.76880863734654
2021-08-02,236.55667114257812,242.31333923339844,232.8000030517578,233.3333282470703,100847400,9.513336181640625,7.805951799665179
2021-08-03,236.5800018310547,240.88333129882812,233.6699981689453,239.6666717529297,64860900,7.2133331298828125,7.707617623465402
2021-08-04,236.97332763671875,241.63333129882812,236.30999755859375,237.0,51007800,5.323333740234375,7.414998735700335
2021-08-05,238.2100067138672,240.31666564941406,237.1366729736328,238.6666717529297,38758800,3.17999267578125,7.296903337751116
2021-08-06,233.03334045410156,238.77667236328125,232.5433349609375,237.3000030517578,46869000,6.23333740234375,7.125236511230469
2021-08-09,237.9199981689453,239.67666625976562,235.0433349609375,236.72332763671875,44145900,4.633331298828125,6.934998648507254
2021-08-10,236.663330078125,238.8633270263672,233.9600067138672,237.99667358398438,40296900,4.9033203125,6.938331604003906
2021-08-11,235.94000244140625,238.39332580566406,234.73666381835938,237.57000732421875,29401800,3.6566619873046875,6.78118896484375
2021-08-12,240.75,240.93333435058594,233.13333129882812,235.44667053222656,52377300,7.8000030517578125,7.064522879464286
2021-08-13,239.05667114257812,243.3000030517578,238.1133270263672,241.23666381835938,50194500,5.186676025390625,6.932856968470982
2021-08-16,228.72332763671875,236.5,225.46665954589844,235.02333068847656,68032200,11.033340454101562,6.786190577915737
2021-08-17,221.90333557128906,224.86000061035156,216.27999877929688,224.22000122070312,71163900,8.580001831054688,7.028333391462054
2021-08-18,229.663330078125,231.92333984375,223.11666870117188,223.25,61048200,8.806671142578125,6.826666695731027
2021-08-19,224.49000549316406,228.85000610351562,222.52999877929688,226.07000732421875,42940500,6.32000732421875,6.598810468401227
2021-08-20,226.75332641601562,230.7100067138672,224.56666564941406,227.61666870117188,44525700,6.143341064453125,6.358096531459263
2021-08-23,235.43333435058594,237.3766632080078,226.9166717529297,228.47999572753906,60794700,10.459991455078125,6.590000697544643
2021-08-24,236.163330078125,238.4066619873047,234.2133331298828,236.89332580566406,39249300,4.193328857421875,6.509286063058036
2021-08-25,237.06666564941406,238.99000549316406,234.6666717529297,235.67666625976562,37936800,4.323333740234375,6.590953281947544
2021-08-26,233.72000122070312,238.46665954589844,232.5399932861328,236.10333251953125,39642900,5.926666259765625,6.569048200334821
2021-08-27,237.30667114257812,238.3333282470703,234.03334045410156,235.0,41501400,4.29998779296875,6.545237949916294
2021-08-30,243.6366729736328,243.6666717529297,237.57666015625,238.24000549316406,55812600,6.0900115966796875,6.630001613071987
2021-08-31,245.24000549316406,246.79666137695312,242.14666748046875,244.3333282470703,62566200,4.649993896484375,6.700953892299107
2021-09-01,244.69667053222656,247.3300018310547,243.7566680908203,244.69332885742188,39612900,3.573333740234375,6.399048941476004
2021-09-02,244.1300048828125,246.99000549316406,243.51333618164062,244.8333282470703,38331900,3.4766693115234375,6.276905604771206
2021-09-03,244.52333068847656,244.6666717529297,241.39999389648438,244.0833282470703,45738300,3.2666778564453125,5.722143990652902
2021-09-07,250.97332763671875,253.39999389648438,246.4199981689453,246.6666717529297,60119400,6.9799957275390625,5.607857840401786
2021-09-08,251.2899932861328,254.81666564941406,246.92333984375,253.86000061035156,56379000,7.8933258056640625,5.542618887765067
2021-09-09,251.6199951171875,254.03334045410156,250.5433349609375,251.1366729736328,42233100,3.4900054931640625,5.340475899832589
2021-09-10,245.42333984375,254.20333862304688,244.83999633789062,253.1999969482422,45552600,9.36334228515625,5.570475987025669
2021-09-13,247.6666717529297,248.25999450683594,236.28334045410156,246.73666381835938,68857500,11.976654052734375,5.678809029715402
2021-09-14,248.163330078125,251.49000549316406,245.46665954589844,247.52333068847656,55574700,6.023345947265625,5.8095245361328125
2021-09-15,251.94332885742188,252.2866668701172,246.1199951171875,248.3333282470703,46073100,6.1666717529296875,5.941191537039621
2021-09-16,252.3300018310547,252.97000122070312,249.20333862304688,250.94332885742188,41770200,3.76666259765625,5.786905561174665
2021-09-17,253.163330078125,253.67999267578125,250.0,252.38333129882812,84612600,3.67999267578125,5.742620195661273
2021-09-20,243.38999938964844,247.3333282470703,239.5399932861328,244.85333251953125,74273100,7.7933349609375,5.864286150251116
2021-09-21,246.4600067138672,248.24667358398438,243.47999572753906,244.92999267578125,48992100,4.7666778564453125,5.872620718819754
2021-09-22,250.64666748046875,251.22332763671875,246.3733367919922,247.8433380126953,45378900,4.8499908447265625,5.963810511997768
2021-09-23,251.2133331298828,252.73333740234375,249.30667114257812,251.6666717529297,35842500,3.426666259765625,5.960238865443638
2021-09-24,258.1300048828125,258.26666259765625,248.18666076660156,248.6300048828125,64119000,10.080001831054688,6.446904863630023
2021-09-27,263.78668212890625,266.3333435058594,256.4366760253906,257.7066650390625,84212100,9.89666748046875,6.655238560267857
2021-09-28,259.1866760253906,265.21331787109375,255.39332580566406,262.3999938964844,76144200,9.819992065429688,6.792857578822544
2021-09-29,260.4366760253906,264.5,256.8933410644531,259.9333190917969,62828700,7.606658935546875,7.08690425327846
2021-09-30,258.49334716796875,263.0433349609375,258.3333435058594,260.3333435058594,53868000,4.709991455078125,6.754522051130023
2021-10-01,258.40667724609375,260.260009765625,254.52999877929688,259.4666748046875,51094200,5.730010986328125,6.308333260672433
2021-10-04,260.510009765625,268.989990234375,258.7066650390625,265.5,91449900,10.2833251953125,6.612617492675781
2021-10-05,260.1966552734375,265.7699890136719,258.0666809082031,261.6000061035156,55297800,7.70330810546875,6.722377232142857
2021-10-06,260.9166564941406,262.2200012207031,257.739990234375,258.73333740234375,43898400,4.480010986328125,6.7733306884765625
2021-10-07,264.53668212890625,268.3333435058594,261.1266784667969,261.82000732421875,57587400,7.2066650390625,7.025235857282366
2021-10-08,261.8299865722656,265.4599914550781,260.3033447265625,265.4033203125,50215800,5.156646728515625,6.836900983537946
2021-10-11,263.9800109863281,267.0799865722656,261.8333435058594,262.54998779296875,42600900,5.24664306640625,6.871184212820871
2021-10-12,268.5733337402344,270.7733459472656,265.5233459472656,266.9766540527344,66060000,5.25,6.899756295340402
2021-10-13,270.3599853515625,271.8033447265625,268.59332275390625,270.15667724609375,42360300,3.21002197265625,6.884281703404018
2021-10-14,272.7733459472656,273.4166564941406,271.1166687011719,271.8299865722656,36741600,2.29998779296875,6.328566414969308
2021-10-15,281.010009765625,281.07000732421875,274.1166687011719,274.5799865722656,56773800,6.953338623046875,6.1183286394391745
2021-10-18,290.03668212890625,291.7533264160156,283.8233337402344,283.92999267578125,72621600,7.92999267578125,5.983328683035714
2021-10-19,288.0899963378906,292.6499938964844,287.5033264160156,292.510009765625,52143300,5.14666748046875,5.807615007672991
2021-10-20,288.6000061035156,289.8299865722656,285.7933349609375,288.45001220703125,42096300,4.036651611328125,5.759519304547991
2021-10-21,298.0,300.0,285.1666564941406,285.3333435058594,94444500,14.833343505859375,6.409757341657366
2021-10-22,303.2266540527344,303.3333435058594,296.9866638183594,298.5,68642400,6.3466796875,6.128568376813616
2021-10-25,341.6199951171875,348.3399963378906,314.73333740234375,316.84332275390625,188556300,33.606658935546875,7.978807721819196
2021-10-26,339.4766540527344,364.9800109863281,333.8133239746094,341.5633239746094,187245000,31.16668701171875,9.884998866489955
2021-10-27,345.9533386230469,356.9599914550781,343.59332275390625,346.5533447265625,115579500,13.366668701171875,10.324999128069196
2021-10-28,359.0133361816406,360.3333435058594,351.3999938964844,356.10333251953125,81639600,8.933349609375,10.594763619559151
2021-10-29,371.3333435058594,371.7366638183594,357.7366638183594,360.6199951171875,89755200,14.0,11.220003400530134
2021-11-01,402.86334228515625,403.25,372.88665771484375,381.6666564941406,168146100,30.36334228515625,13.01381356375558
2021-11-02,390.6666564941406,402.86334228515625,382.0,386.4533386230469,128213400,20.86334228515625,14.274765014648438
2021-11-03,404.6199951171875,405.1300048828125,384.2066650390625,392.4433288574219,103885500,20.92333984375,15.605004446847099
2021-11-04,409.9700012207031,414.4966735839844,405.6666564941406,411.4700012207031,76192200,8.83001708984375,15.739052908761161
2021-11-05,407.36334228515625,413.2900085449219,402.6666564941406,409.3333435058594,64886400,10.62335205078125,15.931435721261161
2021-11-08,387.64666748046875,399.0,377.6666564941406,383.2633361816406,100337100,21.333343505859375,17.08762686593192
2021-11-09,341.1666564941406,391.5,337.17333984375,391.20001220703125,177317400,54.32666015625,20.67977033342634
2021-11-10,355.98333740234375,359.3666687011719,329.10333251953125,336.8033447265625,128408100,30.263336181640625,21.781912667410715
2021-11-11,354.5033264160156,368.3233337402344,351.55999755859375,367.5899963378906,67189800,16.763336181640625,22.52595955984933
2021-11-12,344.47332763671875,351.5,339.73333740234375,349.1666564941406,76719300,11.76666259765625,20.965959821428573
2021-11-15,337.7966613769531,343.99334716796875,326.20001220703125,339.2099914550781,104326800,17.7933349609375,20.01072038922991
2021-11-16,351.57666015625,352.3999938964844,334.05999755859375,334.4366760253906,79627200,18.339996337890625,20.365958077566965
2021-11-17,363.0033264160156,373.21331787109375,351.8333435058594,354.5033264160156,94336200,21.379974365234375,21.25500270298549
2021-11-18,365.4599914550781,370.6666564941406,358.3399963378906,368.8500061035156,62696700,12.32666015625,21.13547842843192
2021-11-19,379.0199890136719,379.5733337402344,364.23333740234375,366.2900085449219,64926900,15.339996337890625,20.062382289341517
2021-11-22,385.6233215332031,400.6499938964844,377.4766540527344,387.4433288574219,99217500,23.17333984375,20.227382114955358
2021-11-23,369.6766662597656,393.5,354.23333740234375,389.1700134277344,108515100,39.26666259765625,21.53761945452009
2021-11-24,372.0,377.5899963378906,354.0,360.1300048828125,67680600,23.589996337890625,22.591903686523438
2021-11-26,360.6400146484375,369.59332275390625,360.3333435058594,366.489990234375,35042700,9.259979248046875,22.494519914899552
2021-11-29,378.9966735839844,380.8900146484375,366.7300109863281,366.9966735839844,58393500,14.160003662109375,21.98213849748884
2021-11-30,381.586669921875,389.3333435058594,372.6666564941406,381.4566650390625,81276000,16.66668701171875,19.292140415736608
2021-12-01,365.0,390.9466552734375,363.586669921875,386.8999938964844,68450400,27.3599853515625,19.08475821358817
2021-12-02,361.5333251953125,371.0,352.2166748046875,366.35333251953125,73114800,18.7833251953125,19.22904314313616
2021-12-03,338.3233337402344,363.52667236328125,333.4033203125,361.5966796875,92322000,30.12335205078125,20.540235246930802
2021-12-06,336.336669921875,340.5466613769531,316.8333435058594,333.836669921875,81663000,23.71331787109375,20.963091169084823
2021-12-07,350.5833435058594,352.5566711425781,342.2699890136719,348.0666809082031,56084700,10.28668212890625,20.387854439871653
2021-12-08,356.32000732421875,357.4599914550781,344.3333435058594,350.9033203125,41906400,13.12664794921875,19.798331124441965
2021-12-09,334.6000061035156,354.163330078125,334.1199951171875,353.5466613769531,59438400,20.0433349609375,20.349522181919642
2021-12-10,339.010009765625,340.32666015625,327.510009765625,336.25,59664300,12.816650390625,20.169283185686385
2021-12-13,322.13665771484375,335.0,317.1400146484375,333.6966552734375,78595500,17.8599853515625,19.789757864815847
2021-12-14,319.5033264160156,322.13665771484375,310.0,315.0,70806300,12.13665771484375,17.851900373186385
2021-12-15,325.3299865722656,326.25,309.4166564941406,317.7366638183594,75169200,16.833343505859375,17.36928231375558
2021-12-16,308.97332763671875,331.6600036621094,307.2833251953125,331.5,82771500,24.376678466796875,18.449046543666295
2021-12-17,310.8566589355469,320.2200012207031,303.0133361816406,304.92333984375,100437300,17.2066650390625,18.66666521344866
2021-12-20,299.9800109863281,307.2300109863281,297.7966613769531,303.5666809082031,56480100,9.433349609375,18.149998256138392
2021-12-21,312.84332275390625,313.1666564941406,295.3733215332031,305.6233215332031,71517900,17.7933349609375,17.466666085379465
2021-12-22,336.2900085449219,338.5533447265625,319.01666259765625,321.88665771484375,93634200,19.53668212890625,17.520477294921875
2021-12-23,355.6666564941406,357.6600036621094,332.5199890136719,335.6000061035156,92713200,25.1400146484375,17.164524623325892
2021-12-27,364.64666748046875,372.3333435058594,356.90667724609375,357.8900146484375,71145900,15.426666259765625,16.572620936802455
2021-12-28,362.8233337402344,373.0,359.47332763671875,369.8299865722656,60324000,13.52667236328125,16.804048810686385
2021-12-29,362.0633239746094,368.0,354.71331787109375,366.21331787109375,56154000,13.28668212890625,16.815479823521205
2021-12-30,356.7799987792969,365.1833190917969,351.04998779296875,353.77667236328125,47040900,14.133331298828125,16.393336704799108
2021-12-31,352.260009765625,360.6666564941406,351.5299987792969,357.8133239746094,40733700,9.13665771484375,16.130480085100448
2022-01-03,399.9266662597656,400.3566589355469,378.67999267578125,382.5833435058594,103931400,21.676666259765625,16.403100149972097
2022-01-04,383.1966552734375,402.6666564941406,374.3500061035156,396.51666259765625,100248300,28.316650390625,17.558813912527903
2022-01-05,362.7066650390625,390.11334228515625,360.336669921875,382.2166748046875,80119800,29.77667236328125,18.48333740234375
2022-01-06,354.8999938964844,362.6666564941406,340.1666564941406,359.0,90336600,22.5,18.349288940429688
2022-01-07,342.32000732421875,360.30999755859375,336.6666564941406,360.1233215332031,84164700,23.643341064453125,18.809051513671875
2022-01-10,352.7066650390625,353.0333251953125,326.6666564941406,333.3333435058594,91815000,26.366668701171875,20.01857430594308
2022-01-11,354.79998779296875,358.6166687011719,346.2733459472656,351.22332763671875,66063300,12.34332275390625,19.629287719726562
2022-01-12,368.739990234375,371.61334228515625,357.5299987792969,359.6166687011719,83739000,14.083343505859375,19.239763532366073
2022-01-13,343.85333251953125,371.8666687011719,342.17999267578125,369.69000244140625,97209900,29.686676025390625,19.564525059291295
2022-01-14,349.8699951171875,350.6666564941406,337.7933349609375,339.9599914550781,72924300,12.873321533203125,19.38214329310826
2022-01-18,343.5033264160156,356.92999267578125,338.6866760253906,342.2033386230469,66743400,18.243316650390625,19.719046456473215
2022-01-19,331.8833312988281,351.5566711425781,331.6666564941406,347.2366638183594,75442500,19.8900146484375,20.19071306501116
2022-01-20,332.0899963378906,347.2200012207031,331.3333435058594,336.57666015625,70488600,15.88665771484375,20.315950666155135
2022-01-21,314.6333312988281,334.8500061035156,313.5,332.11334228515625,103416000,21.350006103515625,21.18833269391741
2022-01-24,310.0,311.1700134277344,283.8233337402344,301.586669921875,151565700,27.3466796875,21.593333653041295
2022-01-25,306.1333312988281,317.086669921875,301.07000732421875,304.73333740234375,86595900,16.01666259765625,20.71476309640067
2022-01-26,312.4700012207031,329.2300109863281,302.0,317.4766540527344,104867400,27.230010986328125,20.53285871233259
2022-01-27,276.3666687011719,311.7966613769531,276.3333435058594,311.1199951171875,147109500,35.46331787109375,21.458809988839285
2022-01-28,282.1166687011719,285.8333435058594,264.0033264160156,277.1866760253906,134789100,21.83001708984375,21.32928684779576
2022-01-31,312.239990234375,312.663330078125,287.3500061035156,290.9033203125,104436000,25.313323974609375,21.25404793875558
2022-02-01,310.4166564941406,314.5666809082031,301.6666564941406,311.7366638183594,73138200,12.9000244140625,21.293812343052455
2022-02-02,301.88665771484375,310.5,296.4700012207031,309.3933410644531,66792900,14.029998779296875,21.290002005440847
2022-02-03,297.0466613769531,312.3333435058594,293.50665283203125,294.0,78855600,18.826690673828125,20.514288766043528
2022-02-04,307.7733459472656,312.1666564941406,293.72332763671875,299.0733337402344,73625400,18.443328857421875,20.912146432059153
2022-02-07,302.4466552734375,315.92333984375,300.9033203125,307.92999267578125,60994500,15.02001953125,20.681910923549108
2022-02-08,307.3333435058594,308.7633361816406,298.26666259765625,301.84332275390625,50729100,10.496673583984375,20.010957990373885
2022-02-09,310.6666564941406,315.42333984375,306.6666564941406,311.6666564941406,52259400,8.756683349609375,19.501674107142858
2022-02-10,301.51666259765625,314.60333251953125,298.8999938964844,302.7900085449219,66126900,15.703338623046875,19.098340715680802
2022-02-11,286.6666564941406,305.32000732421875,283.5666809082031,303.2099914550781,79645800,21.753326416015625,18.698815482003347
2022-02-14,291.9200134277344,299.6266784667969,284.3833312988281,287.19000244140625,67756500,15.24334716796875,18.643578665597097
2022-02-15,307.4766540527344,307.6666564941406,297.7933349609375,300.0,57286200,9.873321533203125,17.403815133231028
2022-02-16,307.7966613769531,308.80999755859375,300.4033203125,304.6833190917969,51294300,8.40667724609375,15.471197945731026
2022-02-17,292.1166687011719,306.1666564941406,291.3666687011719,304.4200134277344,55178400,14.79998779296875,14.969052995954241
2022-02-18,285.6600036621094,295.6233215332031,279.2033386230469,295.3333435058594,68501700,16.41998291015625,14.333814348493304
2022-02-22,273.84332275390625,285.57666015625,267.0333251953125,278.0433349609375,83288100,18.5433349609375,14.736907958984375
2022-02-23,254.67999267578125,278.4333190917969,253.52000427246094,276.80999755859375,95256900,24.913314819335938,15.514287676130023
2022-02-24,266.92333984375,267.49334716796875,233.3333282470703,233.4633331298828,135322200,34.16001892089844,16.609525408063615
2022-02-25,269.9566650390625,273.1666564941406,260.79998779296875,269.74334716796875,76067700,12.366668701171875,16.17547825404576
2022-02-28,290.1433410644531,292.28668212890625,271.57000732421875,271.6700134277344,99006900,20.7166748046875,16.582382202148438
2022-03-01,288.1233215332031,296.6266784667969,284.59332275390625,289.8933410644531,74766900,12.033355712890625,16.692145211356028
2022-03-02,293.2966613769531,295.49334716796875,281.42333984375,290.7099914550781,74643300,14.07000732421875,17.071668352399552
2022-03-03,279.7633361816406,295.4800109863281,277.5333251953125,292.92333984375,61623600,17.946685791015625,17.231907435825892
2022-03-04,279.42999267578125,285.2166748046875,275.0533447265625,283.0333251953125,66999600,10.163330078125,16.40405055454799
2022-03-07,268.1933288574219,288.71331787109375,268.19000244140625,285.4333190917969,72494100,20.5233154296875,16.78119114467076
2022-03-08,274.79998779296875,283.3299865722656,260.72332763671875,265.1766662597656,80399100,22.606658935546875,17.69071524483817
2022-03-09,286.3233337402344,286.85333251953125,277.336669921875,279.82666015625,59184000,9.51666259765625,17.76999991280692
2022-03-10,279.4333190917969,284.8166809082031,270.1199951171875,283.8166809082031,58648500,14.696685791015625,17.762621198381698
2022-03-11,265.1166687011719,281.26666259765625,264.5899963378906,280.0666809082031,67037100,16.676666259765625,17.780955723353795
2022-03-14,255.4566650390625,266.8999938964844,252.01333618164062,260.2033386230469,71152200,14.88665771484375,17.519764491489955
2022-03-15,267.2966613769531,268.5233459472656,252.19000244140625,258.42333984375,66841200,16.333343505859375,16.9069093976702
2022-03-16,280.07666015625,280.6666564941406,267.4200134277344,269.6666564941406,84028800,13.24664306640625,15.413096836635045
2022-03-17,290.5333251953125,291.6666564941406,275.239990234375,276.9966735839844,66582900,16.426666259765625,15.703096662248884
2022-03-18,301.7966613769531,302.6166687011719,289.1300048828125,291.4966735839844,100414200,13.486663818359375,15.186667306082589
2022-03-21,307.0533447265625,314.2833251953125,302.36334228515625,304.99334716796875,81981600,11.91998291015625,15.17856924874442
2022-03-22,331.32666015625,332.6199951171875,307.25,310.0,105868500,25.3699951171875,15.985711233956474
2022-03-23,333.03668212890625,346.8999938964844,325.4666748046875,326.64666748046875,120676200,21.433319091796875,16.234756469726562
2022-03-24,337.97332763671875,341.4966735839844,329.6000061035156,336.57666015625,68920800,11.89666748046875,16.358566284179688
2022-03-25,336.8800048828125,340.6000061035156,332.44000244140625,336.0,62031600,8.160003662109375,15.475472586495536
2022-03-28,363.9466552734375,365.9599914550781,351.20001220703125,355.0333251953125,102506100,14.759979248046875,14.914995465959821
2022-03-29,366.5233459472656,371.5899963378906,357.7033386230469,369.3299865722656,73614900,13.88665771484375,15.227137974330358
2022-03-30,364.663330078125,371.3166809082031,361.3333435058594,363.72332763671875,59865000,9.98333740234375,14.890470232282366
2022-03-31,359.20001220703125,367.71331787109375,358.8800048828125,364.8566589355469,48992700,8.83331298828125,14.330230712890625
2022-04-01,361.5299987792969,364.9166564941406,355.5466613769531,360.3833312988281,54263100,9.3699951171875,13.936183384486608
2022-04-04,381.8166809082031,383.3033447265625,357.510009765625,363.1266784667969,82035900,25.7933349609375,14.61189705984933
2022-04-05,363.7533264160156,384.2900085449219,362.4333190917969,378.76666259765625,80075100,21.856689453125,15.226900373186384
2022-04-06,348.586669921875,359.6666564941406,342.5666809082031,357.8233337402344,89348400,17.0999755859375,15.274993896484375
2022-04-07,352.4200134277344,358.86334228515625,340.5133361816406,350.7966613769531,79447200,18.350006103515625,15.62237548828125
2022-04-08,341.8299865722656,349.4800109863281,340.8133239746094,347.7366638183594,55013700,8.66668701171875,15.389997209821429
2022-04-11,325.30999755859375,336.15667724609375,324.8800048828125,326.79998779296875,59357100,11.27667236328125,14.383331298828125
2022-04-12,328.98333740234375,340.39666748046875,325.5333251953125,332.5466613769531,65976000,14.86334228515625,13.914047241210938
2022-04-13,340.7900085449219,342.0799865722656,324.3666687011719,327.02667236328125,55121100,17.71331787109375,14.329522269112724
2022-04-14,328.3333435058594,337.57000732421875,327.39666748046875,333.0966796875,58422300,10.17333984375,14.473331996372767
2022-04-18,334.7633361816406,338.3066711425781,324.4700012207031,329.6766662597656,51715200,13.836669921875,14.407381330217634
2022-04-19,342.7166748046875,344.9800109863281,331.77667236328125,335.0199890136719,49847700,13.203338623046875,14.358572823660714
2022-04-20,325.73333740234375,344.6666564941406,325.0833435058594,343.3333435058594,70711200,19.58331298828125,15.044285365513392
2022-04-21,336.260009765625,364.0733337402344,332.1400146484375,358.24334716796875,105416400,31.933319091796875,16.694285801478795
2022-04-22,335.01666259765625,344.95001220703125,331.3333435058594,338.3033447265625,69696600,13.616668701171875,16.99761962890625
2022-04-25,332.67333984375,336.2066650390625,325.1000061035156,326.3233337402344,68341200,11.106658935546875,15.948571341378349
2022-04-26,292.1400146484375,333.3333435058594,291.6666564941406,331.80999755859375,136133700,41.66668701171875,17.363571166992188
2022-04-27,293.836669921875,306.0,292.4533386230469,299.52667236328125,76956300,13.546661376953125,17.10976300920759
2022-04-28,292.5033264160156,300.0,273.8999938964844,299.99334716796875,124948500,26.100006103515625,17.663334437779017
2022-04-29,290.2533264160156,311.4666748046875,290.0,300.75,88133100,21.4666748046875,18.577619280133927
2022-05-02,300.9800109863281,302.1199951171875,282.6766662597656,286.92333984375,75781500,19.443328857421875,19.16095188685826
2022-05-03,303.0833435058594,308.02667236328125,296.1966552734375,301.05999755859375,63709500,11.83001708984375,18.944285801478795
2022-05-04,317.5400085449219,318.5,295.09332275390625,301.3133239746094,81643800,23.40667724609375,19.35095432826451
2022-05-05,291.09332275390625,315.20001220703125,285.8999938964844,313.00665283203125,92519100,29.300018310546875,20.717145647321427
2022-05-06,288.54998779296875,296.0,281.03668212890625,295.6666564941406,72903000,14.96331787109375,20.797620500837052
2022-05-09,262.3699951171875,281.8766784667969,260.3833312988281,278.8166809082031,90810300,21.49334716796875,21.389763968331472
2022-05-10,266.67999267578125,275.1199951171875,258.0833435058594,273.10333251953125,84401700,17.036651611328125,21.207859584263392
2022-05-11,244.6666717529297,269.92333984375,242.39999389648438,265.0,97224600,27.523345947265625,20.89286150251116
2022-05-12,242.6666717529297,253.22000122070312,226.6666717529297,233.6666717529297,140313000,26.553329467773438,21.81690870012556
2022-05-13,256.5299987792969,262.45001220703125,250.52333068847656,257.82666015625,92150700,11.926681518554688,21.875481741768972
2022-05-16,241.4566650390625,256.586669921875,239.69667053222656,255.72000122070312,86098500,16.889999389648438,20.10571834019252
2022-05-17,253.8699951171875,254.82666015625,242.9499969482422,249.1199951171875,80236200,11.876663208007812,19.986432756696427
2022-05-18,236.60333251953125,253.5,233.60333251953125,248.17333984375,87811800,19.89666748046875,19.54333714076451
2022-05-19,236.47332763671875,244.6666717529297,231.3699951171875,235.6666717529297,90296700,13.296676635742188,18.9597658429827
2022-05-20,221.3000030517578,240.52667236328125,211.0,237.99667358398438,144973200,29.52667236328125,19.6800046648298
2022-05-23,224.96665954589844,226.65333557128906,212.68666076660156,218.33999633789062,88903500,13.9666748046875,19.832623073032924
2022-05-24,209.3866729736328,217.97332763671875,206.85667419433594,217.8433380126953,89092500,11.116653442382812,18.954764229910715
2022-05-25,219.60000610351562,223.10667419433594,207.6699981689453,207.9499969482422,92139300,15.436676025390625,17.964525495256698
2022-05-26,235.91000366210938,239.55667114257812,217.8866729736328,220.47332763671875,106003200,21.669998168945312,18.44357408796038
2022-05-27,253.2100067138672,253.26666259765625,240.17666625976562,241.0833282470703,89295000,13.089996337890625,17.8433347429548
2022-05-31,252.75332641601562,259.6000061035156,244.7433319091797,257.9466552734375,101914500,14.856674194335938,17.6876220703125
2022-06-01,246.7899932861328,257.32666015625,243.63999938964844,251.72000122070312,77247900,13.686660766601562,16.69928741455078
2022-06-02,258.3333435058594,264.2099914550781,242.06666564941406,244.1566619873047,93473100,22.143325805664062,16.38428715297154
2022-06-03,234.51666259765625,247.79666137695312,233.4166717529297,243.22666931152344,112393800,14.379989624023438,16.55952344621931
2022-06-06,238.27999877929688,244.86666870117188,234.35000610351562,244.35333251953125,84204600,10.51666259765625,16.104285103934153
2022-06-07,238.8866729736328,239.99667358398438,230.0933380126953,234.0,72808500,9.903335571289062,15.963333129882812
2022-06-08,241.86666870117188,249.9633331298828,239.17666625976562,240.086669921875,76210500,10.786666870117188,15.312618800571986
2022-06-09,239.7066650390625,255.54666137695312,239.32666015625,249.33999633789062,96491400,16.220001220703125,15.521427699497767
2022-06-10,232.22999572753906,239.5,227.913330078125,235.1566619873047,97536600,11.586669921875,14.239998953683036
2022-06-13,215.73666381835938,226.63333129882812,214.68333435058594,223.1666717529297,102767400,11.949996948242188,14.095950535365514
2022-06-14,220.88999938964844,226.3300018310547,211.73666381835938,218.2866668701172,97988700,14.593338012695312,14.344285147530693
2022-06-15,233.0,235.663330078125,218.14999389648438,220.9166717529297,119131800,17.513336181640625,14.492618015834264
2022-06-16,213.10000610351562,225.1666717529297,208.69332885742188,222.73666381835938,107390700,16.473342895507812,14.12142835344587
2022-06-17,216.75999450683594,220.97000122070312,213.19667053222656,213.43333435058594,92641800,7.7733306884765625,13.741666521344866
2022-06-21,237.0366668701172,243.57666015625,224.3333282470703,224.60333251953125,122793000,19.243331909179688,14.054999215262276
2022-06-22,236.086669921875,246.8333282470703,233.82666015625,234.50332641601562,101107500,13.006668090820312,14.00642830984933
2022-06-23,235.07000732421875,239.31666564941406,228.6366729736328,237.9066619873047,104202600,10.67999267578125,13.187618800571986
2022-06-24,245.7066650390625,246.06666564941406,236.086669921875,237.47000122070312,95770800,9.979995727539062,12.873333522251674
2022-06-27,244.9199981689453,252.07000732421875,242.56666564941406,249.36666870117188,89178300,9.503341674804688,12.800953456333705
2022-06-28,232.663330078125,249.97000122070312,232.3433380126953,244.48333740234375,90391200,17.626663208007812,13.35261971609933
2022-06-29,228.49000549316406,231.17333984375,222.27333068847656,230.5,82897200,8.900009155273438,13.217858450753349
2022-06-30,224.47332763671875,229.4566650390625,218.8633270263672,224.50999450683594,94600500,10.593338012695312,12.815953935895648
2022-07-01,227.26333618164062,230.22999572753906,222.1199951171875,227.0,74460300,8.110000610351562,12.567620413643974
2022-07-05,233.06666564941406,233.14666748046875,216.1666717529297,223.0,84581100,16.979995727539062,12.926906040736608
2022-07-06,231.73333740234375,234.56333923339844,227.18666076660156,230.77999877929688,71853600,7.376678466796875,12.411430358886719
2022-07-07,244.5433349609375,245.3633270263672,232.2100067138672,233.9199981689453,81930600,13.1533203125,12.100000653948102
2022-07-08,250.76333618164062,254.97999572753906,241.16000366210938,242.3333282470703,101854200,13.819992065429688,11.910475594656807
2022-07-11,234.3433380126953,253.06333923339844,233.6266632080078,252.10333251953125,99241200,19.436676025390625,12.74357169015067
2022-07-12,233.07000732421875,239.77333068847656,228.3699951171875,236.84666442871094,87930900,11.403335571289062,12.183571951729911
2022-07-13,237.0399932861328,242.05999755859375,225.03334045410156,225.5,97954500,17.026657104492188,12.470714024135045
2022-07-14,238.31333923339844,238.65333557128906,229.3333282470703,234.89666748046875,78557400,9.32000732421875,12.373572213309151
2022-07-15,240.06666564941406,243.6233367919922,236.88999938964844,240.0,69683100,6.73333740234375,12.141668047223773
2022-07-18,240.54666137695312,250.51666259765625,239.60333251953125,244.93666076660156,82537500,10.913330078125,12.242381504603795
2022-07-19,245.52999877929688,247.13999938964844,236.97666931152344,245.0,80890200,10.163330078125,11.709286281040736
2022-07-20,247.5,250.663330078125,243.48333740234375,246.78334045410156,88864200,7.17999267578125,11.586427961077009
2022-07-21,271.7066650390625,273.26666259765625,254.86666870117188,255.10667419433594,142032300,18.399993896484375,12.144046238490514
2022-07-22,272.24334716796875,280.78668212890625,270.71331787109375,276.2200012207031,103472700,10.0733642578125,12.284286499023438
2022-07-25,268.4333190917969,274.14666748046875,267.3999938964844,272.2166748046875,64073400,6.746673583984375,11.55333491734096
2022-07-26,258.8599853515625,267.30999755859375,256.2633361816406,266.5133361816406,66820800,11.046661376953125,11.815476553780693
2022-07-27,274.82000732421875,275.9266662597656,261.7900085449219,263.80999755859375,88110000,14.13665771484375,11.885714939662389
2022-07-28,280.8999938964844,283.29998779296875,272.79998779296875,280.0666809082031,84723000,10.5,11.648572649274554
2022-07-29,297.1499938964844,298.32000732421875,279.1000061035156,280.70001220703125,95313000,19.220001220703125,11.633095877511161
2022-08-01,297.27667236328125,311.8766784667969,295.0,301.27667236328125,117042900,16.876678466796875,12.024048941476005
2022-08-02,300.586669921875,307.8333435058594,292.6666564941406,294.0033264160156,95577600,15.16668701171875,11.89119393484933
2022-08-03,307.39666748046875,309.54998779296875,301.1499938964844,305.0,80091000,8.399993896484375,11.825478690011161
2022-08-04,308.6333312988281,313.6066589355469,305.0,311.0,72256200,8.606658935546875,11.959287370954241
2022-08-05,288.1700134277344,304.6066589355469,285.5433349609375,302.6700134277344,113172900,19.063323974609375,12.541429792131696
2022-08-08,290.42333984375,305.20001220703125,289.086669921875,295.0,98994000,16.11334228515625,12.9664306640625
2022-08-09,283.3333435058594,292.39666748046875,279.35333251953125,290.2933349609375,86244600,13.0433349609375,13.385240827287946
2022-08-10,294.3566589355469,297.510009765625,283.3699951171875,297.0666809082031,94918800,14.1400146484375,13.080956595284599
2022-08-11,286.6300048828125,298.2366638183594,285.8333435058594,296.5133361816406,70155000,12.4033203125,13.247382027762276
2022-08-12,300.0299987792969,300.1600036621094,285.0333251953125,289.4166564941406,79657200,15.126678466796875,13.845953805106026
2022-08-15,309.32000732421875,313.1333312988281,301.2300109863281,301.78668212890625,89359200,11.9033203125,13.907143729073661
2022-08-16,306.5633239746094,314.6666564941406,302.8833312988281,311.6666564941406,88136400,11.7833251953125,13.739048549107142
2022-08-17,303.9966735839844,309.65667724609375,300.0333251953125,303.39666748046875,68766000,9.62335205078125,13.676430838448661
2022-08-18,302.8699951171875,306.5,301.85333251953125,306.0,47500500,4.64666748046875,12.63547842843192
2022-08-19,296.6666564941406,300.3599853515625,292.5,299.0,61395300,7.8599853515625,11.991428920200892
2022-08-22,289.913330078125,292.3999938964844,286.2966613769531,291.913330078125,55843200,6.10333251953125,11.344046456473214
2022-08-23,296.4533386230469,298.82666015625,287.92333984375,291.4533386230469,63984900,10.9033203125,11.522855486188616
2022-08-24,297.0966796875,303.64666748046875,296.5,297.5633239746094,57259800,7.14666748046875,11.418570382254464
2022-08-25,296.07000732421875,302.9599914550781,291.6000061035156,302.3599853515625,53230000,11.3599853515625,10.868331909179688
2022-08-26,288.0899963378906,302.0,287.4700012207031,297.42999267578125,57163900,14.529998779296875,10.755235944475446
2022-08-29,284.82000732421875,287.739990234375,280.70001220703125,282.8299865722656,41864700,7.03997802734375,10.326424734933036
2022-08-30,277.70001220703125,288.4800109863281,272.6499938964844,287.8699951171875,50541800,15.83001708984375,10.447139195033483
2022-08-31,275.6099853515625,281.25,271.80999755859375,280.6199951171875,52107300,9.44000244140625,10.2354736328125
2022-09-01,277.1600036621094,277.5799865722656,266.1499938964844,272.5799865722656,54287000,11.42999267578125,9.971424647739955
2022-09-02,270.2099914550781,282.3500061035156,269.0799865722656,281.07000732421875,50890100,13.27001953125,10.069046020507812
2022-09-06,274.4200134277344,275.989990234375,265.739990234375,272.67999267578125,55860000,10.25,9.959522792271205
2022-09-07,283.70001220703125,283.8399963378906,272.2699890136719,273.1000061035156,50028900,11.57000732421875,10.098569597516741
2022-09-08,289.260009765625,289.5,279.760009765625,281.29998779296875,53713100,9.739990234375,10.462378365652901
2022-09-09,299.67999267578125,299.8500061035156,291.25,291.6700134277344,54338100,8.600006103515625,10.515236990792411
2022-09-12,304.4200134277344,305.489990234375,300.3999938964844,300.7200012207031,48674600,5.089996337890625,10.442855834960938
2022-09-13,292.1300048828125,297.3999938964844,290.3999938964844,292.8999938964844,68229600,7.0,10.164047241210938
2022-09-14,302.6099853515625,306.0,291.6400146484375,292.239990234375,72628700,14.3599853515625,10.679284232003349
2022-09-15,303.75,309.1199951171875,300.7200012207031,301.8299865722656,64795500,8.399993896484375,10.467856270926339
2022-09-16,303.3500061035156,303.7099914550781,295.6000061035156,299.6099853515625,87087800,8.1099853515625,10.009283883231026
2022-09-19,309.07000732421875,309.8399963378906,297.79998779296875,300.0899963378906,60231200,12.040008544921875,10.366428920200892
2022-09-20,308.7300109863281,313.3299865722656,305.5799865722656,306.9100036621094,61642800,7.75,9.789284842354911
2022-09-21,300.79998779296875,313.79998779296875,300.6300048828125,308.2900085449219,62555700,13.16998291015625,10.055712018694196
2022-09-22,288.5899963378906,301.2900085449219,285.82000732421875,299.8599853515625,70545400,15.470001220703125,10.344284057617188
2022-09-23,275.3299865722656,284.5,272.82000732421875,283.0899963378906,63748400,11.67999267578125,10.230710710797991
2022-09-26,276.010009765625,284.0899963378906,270.30999755859375,271.8299865722656,58076900,13.779998779296875,10.482853480747767
2022-09-27,282.94000244140625,288.6700134277344,277.510009765625,283.8399963378906,61925200,11.160003662109375,10.453567504882812
2022-09-28,287.80999755859375,289.0,277.57000732421875,283.0799865722656,54664800,11.42999267578125,10.574281964983259
2022-09-29,268.2099914550781,283.6499938964844,265.7799987792969,282.760009765625,77620600,17.8699951171875,11.236424037388392
2022-09-30,265.25,275.57000732421875,262.4700012207031,266.1499938964844,67726600,13.100006103515625,11.808567592075892
2022-10-03,242.39999389648438,255.16000366210938,241.00999450683594,254.5,98363500,14.150009155273438,12.319282531738281
2022-10-04,249.44000244140625,257.5,242.00999450683594,250.52000427246094,109578500,15.490005493164062,12.399998256138392
2022-10-05,240.80999755859375,246.6699981689453,233.27000427246094,245.00999450683594,86982700,13.399993896484375,12.75714111328125
2022-10-06,238.1300048828125,244.5800018310547,235.35000610351562,239.44000244140625,69298400,9.229995727539062,12.837141854422432
2022-10-07,223.07000732421875,234.57000732421875,222.02000427246094,233.94000244140625,83916800,12.550003051757812,12.873570033482142
2022-10-10,222.9600067138672,226.99000549316406,218.36000061035156,223.92999267578125,67925000,8.6300048828125,12.936427525111608
2022-10-11,216.5,225.75,215.0,220.9499969482422,77013200,10.75,12.763571602957589
2022-10-12,217.24000549316406,219.3000030517578,211.50999450683594,215.3300018310547,66860700,7.790008544921875,12.215000697544642
2022-10-13,221.72000122070312,222.99000549316406,206.22000122070312,208.3000030517578,91483000,16.770004272460938,12.578572954450335
2022-10-14,204.99000549316406,226.25999450683594,204.16000366210938,224.00999450683594,94124500,22.099990844726562,13.172858101981026
2022-10-17,219.35000610351562,221.86000061035156,209.4499969482422,210.0399932861328,79428800,12.410003662109375,13.262143816266741
2022-10-18,220.19000244140625,229.82000732421875,217.25,229.5,75891900,12.57000732421875,13.343573434012276
2022-10-19,222.0399932861328,222.92999267578125,217.77999877929688,219.8000030517578,66571500,5.149993896484375,12.435001918247767
2022-10-20,207.27999877929688,215.5500030517578,202.0,208.27999877929688,117798100,13.550003051757812,12.467144557407924
2022-10-21,214.44000244140625,214.66000366210938,203.8000030517578,206.4199981689453,75713800,10.860000610351562,12.232143947056361
2022-10-24,211.25,213.5,198.58999633789062,205.82000732421875,100446800,14.910003662109375,12.19071524483817
2022-10-25,222.4199981689453,224.35000610351562,210.0,210.10000610351562,96507900,14.350006103515625,12.258573259626116
2022-10-26,224.63999938964844,230.60000610351562,218.1999969482422,219.39999389648438,85012500,12.400009155273438,12.485002790178571
2022-10-27,225.08999633789062,233.80999755859375,222.85000610351562,229.77000427246094,61638800,10.959991455078125,12.37143053327288
2022-10-28,228.52000427246094,228.86000061035156,216.35000610351562,225.39999389648438,69152400,12.509994506835938,12.648572649274554
2022-10-31,227.5399932861328,229.85000610351562,221.94000244140625,226.19000244140625,61554300,7.910003662109375,12.445715767996651
2022-11-01,227.82000732421875,237.39999389648438,227.27999877929688,234.0500030517578,62688800,10.1199951171875,12.612143380301339
2022-11-02,214.97999572753906,227.8699951171875,214.82000732421875,226.0399932861328,63070300,13.04998779296875,12.346427917480469
2022-11-03,215.30999755859375,221.1999969482422,210.13999938964844,211.36000061035156,56538800,11.05999755859375,11.557856968470983
2022-11-04,207.47000122070312,223.8000030517578,203.0800018310547,222.60000610351562,98622200,20.720001220703125,12.15142822265625
2022-11-07,197.0800018310547,208.89999389648438,196.66000366210938,208.64999389648438,93916500,12.239990234375,12.127855573381696
2022-11-08,191.3000030517578,195.1999969482422,186.75,194.02000427246094,128803400,8.449996948242188,12.363570077078682
2022-11-09,177.58999633789062,195.88999938964844,177.1199951171875,190.77999877929688,127062700,18.770004272460938,12.736427307128906
2022-11-10,190.72000122070312,191.0,180.02999877929688,189.89999389648438,132703000,10.970001220703125,12.744284493582589
2022-11-11,195.97000122070312,196.52000427246094,182.58999633789062,186.0,114403600,13.930007934570312,12.67428479875837
2022-11-14,190.9499969482422,195.72999572753906,186.33999633789062,192.77000427246094,92226600,9.389999389648438,12.319998604910714
2022-11-15,194.4199981689453,200.82000732421875,192.05999755859375,195.8800048828125,91293800,8.760009765625,12.059998648507255
2022-11-16,186.9199981689453,192.57000732421875,185.66000366210938,191.50999450683594,66567600,6.910003662109375,11.770713806152344
2022-11-17,183.1699981689453,186.16000366210938,180.89999389648438,183.9600067138672,64336000,5.260009765625,11.252857753208705
2022-11-18,180.19000244140625,185.19000244140625,176.5500030517578,185.0500030517578,76048900,8.639999389648438,11.305000305175781
2022-11-21,167.8699951171875,176.77000427246094,167.5399932861328,175.85000610351562,92882700,9.230010986328125,11.241430010114398
2022-11-22,169.91000366210938,170.9199981689453,166.19000244140625,168.6300048828125,78452300,4.7299957275390625,10.647144862583705
2022-11-23,183.1999969482422,183.6199951171875,172.5,173.57000732421875,109536700,11.1199951171875,10.651430402483259
2022-11-25,182.86000061035156,185.1999969482422,180.6300048828125,185.05999755859375,50672700,4.5699920654296875,9.497858319963727
2022-11-28,182.9199981689453,188.5,179.0,179.9600067138672,92905200,9.5,9.302144731794085
2022-11-29,180.8300018310547,186.3800048828125,178.75,184.99000549316406,83357100,7.6300048828125,9.243573869977679
2022-11-30,194.6999969482422,194.75999450683594,180.6300048828125,182.42999267578125,109186400,14.129989624023438,8.912144252232142
2022-12-01,194.6999969482422,198.9199981689453,191.8000030517578,197.0800018310547,80046200,7.1199951171875,8.637143816266741
2022-12-02,194.86000061035156,196.25,191.11000061035156,191.77999877929688,73645900,5.1399993896484375,8.009286063058036
2022-12-05,182.4499969482422,191.27000427246094,180.5500030517578,189.44000244140625,93122700,10.720001220703125,8.104286193847656
2022-12-06,179.82000732421875,183.64999389648438,175.3300018310547,181.22000122070312,92150800,8.319992065429688,8.07285635811942
2022-12-07,174.0399932861328,179.3800048828125,172.22000122070312,175.02999877929688,84213300,7.160003662109375,8.090713500976562
2022-12-08,173.44000244140625,175.1999969482422,169.05999755859375,172.1999969482422,97624500,6.1399993896484375,8.153569902692523
2022-12-09,179.0500030517578,182.5,173.36000061035156,173.83999633789062,104872300,9.139999389648438,8.189284188406807
2022-12-12,167.82000732421875,177.3699951171875,167.52000427246094,176.10000610351562,109794500,9.849990844726562,8.233568464006696
2022-12-13,160.9499969482422,175.0500030517578,156.91000366210938,174.8699951171875,175862700,18.139999389648438,9.19142586844308
2022-12-14,156.8000030517578,161.6199951171875,155.30999755859375,159.25,140682300,6.30999755859375,8.847854614257812
2022-12-15,157.6699981689453,160.92999267578125,153.27999877929688,153.44000244140625,122334500,7.649993896484375,9.067854745047432
2022-12-16,150.22999572753906,160.99000549316406,150.0399932861328,159.63999938964844,139032200,10.95001220703125,9.171427045549665
2022-12-19,149.8699951171875,155.25,145.82000732421875,154.0,139390600,9.42999267578125,9.29999760219029
2022-12-20,137.8000030517578,148.47000122070312,137.66000366210938,146.0500030517578,159563300,10.80999755859375,9.062855311802455
2022-12-21,137.57000732421875,141.25999450683594,135.88999938964844,139.33999633789062,145417400,5.3699951171875,8.937855311802455
2022-12-22,125.3499984741211,136.6300048828125,122.26000213623047,136.0,210090300,14.370002746582031,9.59714126586914
2022-12-23,123.1500015258789,128.6199951171875,121.0199966430664,126.37000274658203,166989700,7.599998474121094,9.374283926827568
2022-12-27,109.0999984741211,119.66999816894531,108.76000213623047,117.5,208643400,10.909996032714844,9.559284210205078
2022-12-28,112.70999908447266,116.2699966430664,108.23999786376953,110.3499984741211,221070500,8.029998779296875,9.621426718575615
2022-12-29,121.81999969482422,123.56999969482422,117.5,120.38999938964844,221923300,6.069999694824219,9.616426740373884
2022-12-30,123.18000030517578,124.4800033569336,119.75,119.94999694824219,157777300,4.730003356933594,9.301427023751396
2023-01-03,108.0999984741211,118.80000305175781,104.63999938964844,118.47000122070312,231402800,14.160003662109375,9.609285082135882
2023-01-04,113.63999938964844,114.58999633789062,107.5199966430664,109.11000061035156,180389000,7.069999694824219,8.818570818219866
2023-01-05,110.33999633789062,111.75,107.16000366210938,110.51000213623047,157986300,4.589996337890625,8.695713588169642
2023-01-06,113.05999755859375,114.38999938964844,101.80999755859375,103.0,220911100,12.580001831054688,9.047857012067523
2023-01-09,119.7699966430664,123.5199966430664,117.11000061035156,118.95999908447266,190284000,6.409996032714844,8.723570142473493
2023-01-10,118.8499984741211,122.76000213623047,114.91999816894531,121.06999969482422,167642500,7.840003967285156,8.609999520438057
2023-01-11,123.22000122070312,125.94999694824219,120.51000213623047,122.08999633789062,183810800,5.439994812011719,8.226427895682198
2023-01-12,123.55999755859375,124.12999725341797,117.0,122.55999755859375,169400900,7.129997253417969,8.352142333984375
2023-01-13,122.4000015258789,122.62999725341797,115.5999984741211,116.55000305175781,180714100,7.029998779296875,7.827856336321149
2023-01-17,131.49000549316406,131.6999969482422,125.0199966430664,125.69999694824219,186477000,6.680000305175781,7.762142181396484
2023-01-18,128.77999877929688,136.67999267578125,127.01000213623047,136.55999755859375,195680300,9.669990539550781,7.6735703604561945
2023-01-19,127.16999816894531,129.99000549316406,124.30999755859375,127.26000213623047,170291900,5.6800079345703125,7.505713871547154
2023-01-20,133.4199981689453,133.50999450683594,127.3499984741211,128.67999267578125,138858100,6.159996032714844,7.512142181396484
2023-01-23,143.75,145.3800048828125,134.27000427246094,135.8699951171875,203119200,11.110000610351562,7.967856270926339
2023-01-24,143.88999938964844,146.5,141.10000610351562,143.0,158699100,5.399993896484375,7.342141287667411
2023-01-25,144.42999267578125,146.41000366210938,138.07000732421875,141.91000366210938,192734300,8.339996337890625,7.432855333600726
2023-01-26,160.27000427246094,161.4199981689453,154.75999450683594,159.97000122070312,234815100,6.660003662109375,7.580712999616351
2023-01-27,177.89999389648438,180.67999267578125,161.1699981689453,162.42999267578125,306590600,19.509994506835938,8.075712476457868
2023-01-30,166.66000366210938,179.77000427246094,166.5,178.0500030517578,230878800,13.270004272460938,8.565713065011161
2023-01-31,173.22000122070312,174.3000030517578,162.77999877929688,164.57000732421875,196813500,11.520004272460938,8.828570229666573
2023-02-01,181.41000366210938,183.80999755859375,169.92999267578125,173.88999938964844,213806300,13.8800048828125,9.43142809186663
2023-02-02,188.27000427246094,196.75,182.61000061035156,187.3300018310547,217448300,14.139999389648438,9.932142530168806
2023-02-03,189.97999572753906,199.0,183.69000244140625,183.9499969482422,232662000,15.30999755859375,10.523571014404297
2023-02-06,194.75999450683594,198.1699981689453,189.9199981689453,193.00999450683594,186188100,8.25,10.635713849748884
2023-02-07,196.80999755859375,197.5,189.5500030517578,196.42999267578125,186010300,7.9499969482421875,10.512857164655413
2023-02-08,201.2899932861328,203.0,194.30999755859375,196.10000610351562,180673600,8.69000244140625,10.727856772286552
2023-02-09,207.32000732421875,214.0,204.77000427246094,207.77999877929688,215431400,9.229995727539062,10.947142464773995
2023-02-10,196.88999938964844,206.1999969482422,192.88999938964844,202.22999572753906,204754100,13.30999755859375,11.104285103934151
2023-02-13,194.63999938964844,196.3000030517578,187.61000061035156,194.4199981689453,172475500,8.69000244140625,11.339285714285714
2023-02-14,209.25,209.82000732421875,189.44000244140625,191.94000244140625,216455700,20.3800048828125,12.199286324637276
2023-02-15,214.24000549316406,214.66000366210938,206.11000061035156,211.75999450683594,181006400,8.550003051757812,12.334286281040736
2023-02-16,202.0399932861328,217.64999389648438,201.83999633789062,210.77999877929688,229586500,15.80999755859375,12.070000784737724
2023-02-17,208.30999755859375,208.44000244140625,197.5,199.99000549316406,213738500,10.94000244140625,11.903572082519531
2023-02-21,197.3699951171875,209.7100067138672,197.22000122070312,204.99000549316406,180018600,12.490005493164062,11.972857883998326
2023-02-22,200.86000061035156,201.99000549316406,191.77999877929688,197.92999267578125,191828500,10.210006713867188,11.710715157645089
2023-02-23,202.07000732421875,205.13999938964844,196.3300018310547,203.91000366210938,146360000,8.80999755859375,11.330000741141182
2023-02-24,196.8800048828125,197.6699981689453,192.8000030517578,196.3300018310547,142228100,4.8699951171875,10.584286281040736
2023-02-27,207.6300048828125,209.4199981689453,201.25999450683594,202.02999877929688,161028300,8.160003662109375,10.577857971191406
2023-02-28,205.7100067138672,211.22999572753906,203.75,210.58999633789062,153144900,7.4799957275390625,10.544286455426898
2023-03-01,202.77000427246094,207.1999969482422,198.52000427246094,206.2100067138672,156852800,8.67999267578125,10.543571472167969
2023-03-02,190.89999389648438,193.75,186.00999450683594,186.74000549316406,181500700,7.7400054931640625,10.43714359828404
2023-03-03,197.7899932861328,200.47999572753906,192.8800048828125,194.8000030517578,154193300,7.5999908447265625,10.029285975864955
2023-03-06,193.80999755859375,198.60000610351562,192.3000030517578,198.5399932861328,128100100,6.3000030517578125,9.85857173374721
2023-03-07,187.7100067138672,194.1999969482422,186.10000610351562,191.3800048828125,148125800,8.099990844726562,8.981427873883929
2023-03-08,182.0,186.5,180.0,185.0399932861328,151897800,6.5,8.834999084472656
2023-03-09,172.9199981689453,185.17999267578125,172.50999450683594,180.25,170023800,12.669998168945312,8.610713413783483
2023-03-10,173.44000244140625,178.2899932861328,168.44000244140625,175.1300048828125,191488900,9.849990844726562,8.532855442592076
2023-03-13,174.47999572753906,177.35000610351562,163.91000366210938,167.4600067138672,167790300,13.44000244140625,8.600712367466517
2023-03-14,183.25999450683594,183.8000030517578,177.13999938964844,177.30999755859375,143717900,6.660003662109375,8.347140720912389
2023-03-15,180.4499969482422,182.33999633789062,176.02999877929688,180.8000030517578,145995600,6.30999755859375,8.16856929234096
2023-03-16,184.1300048828125,185.80999755859375,178.83999633789062,180.3699951171875,121136800,6.970001220703125,8.318569728306361
2023-03-17,180.1300048828125,186.22000122070312,177.3300018310547,184.52000427246094,133197100,8.889999389648438,8.370712280273438
2023-03-20,183.25,186.44000244140625,176.35000610351562,178.0800018310547,129684400,10.089996337890625,8.557140895298549
2023-03-21,197.5800018310547,198.0,188.0399932861328,188.27999877929688,153391400,9.960006713867188,8.648570469447545
2023-03-22,191.14999389648438,200.66000366210938,190.9499969482422,199.3000030517578,150376400,9.710006713867188,8.789284842354911
2023-03-23,192.22000122070312,199.30999755859375,188.64999389648438,195.25999450683594,144193900,10.660003662109375,9.007857186453682
2023-03-24,190.41000366210938,192.36000061035156,187.14999389648438,191.64999389648438,116312400,5.2100067138671875,8.930000305175781
2023-03-27,191.80999755859375,197.38999938964844,189.94000244140625,194.4199981689453,120851600,7.4499969482421875,8.883572169712611
2023-03-28,189.19000244140625,192.35000610351562,185.42999267578125,192.0,98654600,6.920013427734375,8.913573128836495
2023-03-29,193.8800048828125,195.2899932861328,189.44000244140625,193.1300048828125,123660000,5.8499908447265625,8.426429748535156
2023-03-30,195.27999877929688,197.3300018310547,194.4199981689453,195.5800018310547,110252200,2.910003662109375,7.930716378348214
2023-03-31,207.4600067138672,207.7899932861328,197.1999969482422,197.52999877929688,170222100,10.589996337890625,7.727144513811384
2023-04-03,194.77000427246094,202.69000244140625,192.1999969482422,199.91000366210938,169545900,10.490005493164062,8.000716073172432
2023-04-04,192.5800018310547,198.74000549316406,190.32000732421875,197.32000732421875,126463800,8.419998168945312,8.151430402483259
2023-04-05,185.52000427246094,190.67999267578125,183.75999450683594,190.52000427246094,133882500,6.9199981689453125,8.14785875592913
2023-04-06,185.05999755859375,186.38999938964844,179.74000549316406,183.0800018310547,123857900,6.649993896484375,7.987858363560268
2023-04-10,184.50999450683594,185.10000610351562,176.11000061035156,179.94000244140625,142154600,8.990005493164062,7.909287588936942
2023-04-11,186.7899932861328,189.19000244140625,185.64999389648438,186.69000244140625,115770900,3.540008544921875,7.450716291155134
2023-04-12,180.5399932861328,191.5800018310547,180.30999755859375,190.74000549316406,150256300,11.270004272460938,7.562144688197544
2023-04-13,185.89999389648438,186.5,180.94000244140625,182.9600067138672,112933000,5.55999755859375,7.197858537946429
2023-04-14,185.0,186.27999877929688,182.00999450683594,183.9499969482422,96438700,4.2700042724609375,7.130715506417411
2023-04-17,187.0399932861328,189.69000244140625,182.69000244140625,186.32000732421875,116662200,7.0,7.098572867257254
2023-04-18,184.30999755859375,187.69000244140625,183.5800018310547,187.14999389648438,92067000,4.1100006103515625,6.897857666015625
2023-04-19,180.58999633789062,183.5,177.64999389648438,179.10000610351562,125732700,5.850006103515625,6.897858755929129
2023-04-20,162.99000549316406,169.6999969482422,160.55999755859375,166.1699981689453,210970800,9.139999389648438,7.342858450753348
2023-04-21,165.0800018310547,166.0,161.32000732421875,164.8000030517578,123539000,4.67999267578125,6.92071533203125
2023-04-24,162.5500030517578,165.64999389648438,158.61000061035156,164.64999389648438,140006600,7.0399932861328125,6.674285888671875
2023-04-25,160.6699981689453,163.47000122070312,158.75,159.82000732421875,121999300,4.720001220703125,6.410000392368862
2023-04-26,153.75,160.6699981689453,153.13999938964844,160.2899932861328,153364100,7.529998779296875,6.453571864536831
2023-04-27,160.19000244140625,160.47999572753906,152.3699951171875,152.63999938964844,127015200,8.110000610351562,6.557858058384487
2023-04-28,164.30999755859375,165.0,157.32000732421875,160.89999389648438,122515800,7.67999267578125,6.464285714285714
2023-05-01,161.8300018310547,163.27999877929688,158.8300018310547,163.1699981689453,109015000,4.4499969482421875,6.5292848859514505
2023-05-02,160.30999755859375,165.49000549316406,158.92999267578125,161.8800048828125,128259700,6.5600128173828125,6.192856924874442
2023-05-03,160.61000061035156,165.0,159.91000366210938,160.00999450683594,119728000,5.089996337890625,6.159285409109933
2023-05-04,161.1999969482422,162.9499969482422,159.64999389648438,162.7100067138672,95108500,3.3000030517578125,6.089999607631138
2023-05-05,170.05999755859375,170.7899932861328,163.50999450683594,163.97000122070312,107607300,7.279998779296875,6.109999520438058
2023-05-08,171.7899932861328,173.8000030517578,169.19000244140625,173.72000122070312,112249400,4.6100006103515625,6.145713806152344
2023-05-09,169.14999389648438,169.82000732421875,166.55999755859375,168.9499969482422,88965000,3.260009765625,5.960714067731585
2023-05-10,168.5399932861328,174.42999267578125,166.67999267578125,172.5500030517578,119840700,7.75,5.861428397042411
2023-05-11,172.0800018310547,173.57000732421875,166.7899932861328,168.6999969482422,103889900,6.7800140380859375,6.011429922921317
2023-05-12,167.97999572753906,177.3800048828125,167.22999572753906,176.07000732421875,157849600,10.150009155273438,6.233573913574219
2023-05-15,166.35000610351562,169.75999450683594,164.5500030517578,167.66000366210938,105592500,5.209991455078125,6.2685732160295755
2023-05-16,166.52000427246094,169.52000427246094,164.35000610351562,165.64999389648438,98288800,5.1699981689453125,6.100001743861607
2023-05-17,173.86000061035156,174.5,167.19000244140625,168.41000366210938,125473600,7.30999755859375,6.0428586687360495
2023-05-18,176.88999938964844,177.05999755859375,172.4499969482422,174.22000122070312,109520300,4.6100006103515625,5.823573521205357
2023-05-19,180.13999938964844,181.9499969482422,176.30999755859375,177.1699981689453,136196700,5.6399993896484375,5.908573695591518
2023-05-22,188.8699951171875,189.32000732421875,180.11000061035156,180.6999969482422,132001400,9.210006713867188,6.097858973911831
2023-05-23,185.77000427246094,192.9600067138672,185.25999450683594,186.1999969482422,156952100,7.70001220703125,6.284288678850446
2023-05-24,182.89999389648438,184.22000122070312,178.22000122070312,182.22999572753906,137605100,6.0,6.477145603724888
2023-05-25,184.47000122070312,186.77999877929688,180.5800018310547,186.5399932861328,96870700,6.1999969482421875,6.400002615792411
2023-05-26,193.1699981689453,198.60000610351562,184.52999877929688,184.6199951171875,162061500,14.07000732421875,7.075717381068638
2023-05-30,201.16000366210938,204.47999572753906,197.52999877929688,200.10000610351562,128818700,6.9499969482421875,7.339287894112723
2023-05-31,203.92999267578125,203.9499969482422,195.1199951171875,199.77999877929688,150711700,8.830001831054688,7.4164308820452005
2023-06-01,207.52000427246094,209.8000030517578,199.3699951171875,202.58999633789062,148029900,10.430007934570312,7.677144731794085
2023-06-02,213.97000122070312,217.25,209.75,210.14999389648438,164398400,7.5,7.487858363560268
2023-06-05,217.61000061035156,221.2899932861328,214.52000427246094,217.8000030517578,151143100,6.769989013671875,7.599286760602679
2023-06-06,221.30999755859375,221.91000366210938,212.52999877929688,216.13999938964844,146911600,9.3800048828125,7.900001525878906
2023-06-07,224.57000732421875,230.8300018310547,223.1999969482422,228.0,185710800,7.6300048828125,7.922859191894531
2023-06-08,234.86000061035156,235.22999572753906,223.00999450683594,224.22000122070312,164489700,12.220001220703125,8.4664306640625
2023-06-09,244.39999389648438,252.4199981689453,242.02000427246094,249.07000732421875,200242400,10.399993896484375,8.806430271693639
2023-06-12,249.8300018310547,250.97000122070312,244.58999633789062,247.94000244140625,150337900,6.3800048828125,8.604287283761161
2023-06-13,258.7099914550781,259.67999267578125,251.33999633789062,253.50999450683594,162384300,8.339996337890625,8.650000435965401
2023-06-14,256.7900085449219,261.57000732421875,250.5,260.1700134277344,170575500,11.07000732421875,9.012143816266741
2023-06-15,255.89999389648438,258.95001220703125,247.2899932861328,248.39999389648438,160171200,11.660018920898438,9.402145385742188
2023-06-16,260.5400085449219,263.6000061035156,257.2099914550781,258.9200134277344,167915600,6.3900146484375,8.853574480329241
2023-06-20,274.45001220703125,274.75,261.1199951171875,261.5,165611200,13.6300048828125,9.33071790422712
2023-06-21,259.4599914550781,276.989990234375,257.7799987792969,275.1300048828125,211797100,19.209991455078125,10.072145734514509
2023-06-22,264.6099853515625,265.0,248.25,250.77000427246094,166875900,16.75,10.523573739188057
2023-06-23,256.6000061035156,262.45001220703125,252.8000030517578,259.2900085449219,177460800,9.650009155273438,10.677145821707589
2023-06-26,241.0500030517578,258.3699951171875,240.6999969482422,250.07000732421875,179990600,17.669998168945312,11.45571790422712
2023-06-27,250.2100067138672,250.38999938964844,240.85000610351562,243.24000549316406,164968200,9.539993286132812,11.467145647321429
2023-06-28,256.239990234375,259.8800048828125,248.88999938964844,249.6999969482422,159770800,10.990005493164062,11.707145690917969
2023-06-29,257.5,260.739990234375,253.61000061035156,258.0299987792969,131283400,7.1299896240234375,11.343573434012276
2023-06-30,261.7699890136719,264.45001220703125,259.8900146484375,260.6000061035156,112620800,4.55999755859375,10.926430838448661
2023-07-03,279.82000732421875,284.25,275.1099853515625,276.489990234375,119685900,9.1400146484375,11.123574393136161
2023-07-05,282.4800109863281,283.8500061035156,277.6000061035156,278.82000732421875,131530900,6.25,10.974288940429688
2023-07-06,276.5400085449219,279.9700012207031,272.8800048828125,278.0899963378906,120332100,7.089996337890625,10.69000244140625
2023-07-07,274.42999267578125,280.7799987792969,273.7699890136719,278.42999267578125,113879200,7.010009765625,10.35785893031529
2023-07-10,269.6099853515625,277.5199890136719,265.1000061035156,276.4700012207031,119425400,12.41998291015625,10.788570949009486
2023-07-11,269.7900085449219,270.8999938964844,266.3699951171875,268.6499938964844,91972400,4.529998779296875,10.138570513044085
2023-07-12,271.989990234375,276.5199890136719,271.4599914550781,276.3299865722656,95672100,5.05999755859375,9.127856663295201
2023-07-13,277.8999938964844,279.45001220703125,270.6000061035156,274.5899963378906,112681500,8.850006103515625,8.563571384974889
2023-07-14,281.3800048828125,285.29998779296875,276.30999755859375,277.010009765625,120062400,8.989990234375,8.516427176339286
2023-07-17,290.3800048828125,292.2300109863281,283.57000732421875,286.6300048828125,131569600,8.660003662109375,7.872856140136719
2023-07-18,293.3399963378906,295.260009765625,286.010009765625,290.1499938964844,112120300,9.25,7.852142333984375
2023-07-19,291.260009765625,299.2900085449219,289.5199890136719,296.0400085449219,142355400,9.77001953125,7.765000479561942
2023-07-20,262.8999938964844,280.92999267578125,261.20001220703125,279.55999755859375,175158300,19.72998046875,8.664999825613839
2023-07-21,260.0199890136719,268.0,255.8000030517578,268.0,161796100,12.199996948242188,9.210714067731585
2023-07-24,269.05999755859375,269.8500061035156,254.1199951171875,255.85000610351562,136508500,15.730010986328125,9.68142809186663
2023-07-25,265.2799987792969,272.8999938964844,265.0,272.3800048828125,112757300,7.899993896484375,9.79928479875837
2023-07-26,264.3500061035156,268.0400085449219,261.75,263.25,95856200,6.290008544921875,9.742142813546318
2023-07-27,255.7100067138672,269.1300048828125,255.3000030517578,268.30999755859375,103697300,13.830001831054688,10.229285103934151
2023-07-28,266.44000244140625,267.25,258.2300109863281,259.8599853515625,111446000,9.019989013671875,9.986428397042411
2023-07-31,267.42999267578125,269.0799865722656,263.7799987792969,267.4800109863281,84582200,5.29998779296875,10.041427612304688
2023-08-01,261.07000732421875,266.4700012207031,260.25,266.260009765625,83166000,6.220001220703125,10.124285016741071
2023-08-02,254.11000061035156,259.5199890136719,250.49000549316406,255.57000732421875,101752900,9.029983520507812,10.137140546526227
2023-08-03,259.32000732421875,260.489990234375,252.0,252.0399932861328,97569100,8.489990234375,10.101426260811943
2023-08-04,253.86000061035156,264.7699890136719,253.11000061035156,260.9700012207031,99539900,11.659988403320312,10.315710885184151
2023-08-07,251.4499969482422,253.64999389648438,242.75999450683594,251.4499969482422,111097900,10.889999389648438,10.432853698730469
2023-08-08,249.6999969482422,250.9199981689453,245.00999450683594,247.4499969482422,96642200,5.910003662109375,10.157138279506139
2023-08-09,242.19000244140625,251.10000610351562,241.89999389648438,250.8699951171875,101596300,9.20001220703125,9.40499768938337
2023-08-10,245.33999633789062,251.8000030517578,243.0,245.39999389648438,109498600,8.800003051757812,9.16214098249163
2023-08-11,242.64999389648438,243.7899932861328,238.02000427246094,241.77000427246094,99038600,5.769989013671875,8.450710841587611
2023-08-14,239.75999450683594,240.66000366210938,233.75,235.6999969482422,98595300,6.910003662109375,8.379997253417969
2023-08-15,232.9600067138672,240.5,232.61000061035156,238.72999572753906,88197600,7.8899993896484375,8.49428231375558
2023-08-16,225.60000610351562,233.97000122070312,225.3800048828125,228.02000427246094,112484500,8.589996337890625,8.119996207101005
2023-08-17,219.22000122070312,226.74000549316406,218.8300018310547,226.05999755859375,120718400,7.910003662109375,8.040711539132255
2023-08-18,215.49000549316406,217.5800018310547,212.36000061035156,214.1199951171875,136276600,5.220001220703125,8.034998212541852
2023-08-21,231.27999877929688,232.1300048828125,220.5800018310547,221.5500030517578,135702700,11.550003051757812,8.415712629045759
2023-08-22,233.19000244140625,240.82000732421875,229.5500030517578,240.25,130442800,11.270004272460938,8.575714111328125
2023-08-23,236.86000061035156,238.97999572753906,229.2899932861328,229.33999633789062,101077600,9.69000244140625,8.661429268973214
2023-08-24,230.0399932861328,238.9199981689453,228.17999267578125,238.66000366210938,99777400,10.740005493164062,8.595716203962054
2023-08-25,238.58999633789062,239.0,230.35000610351562,231.30999755859375,106612200,8.649993896484375,8.435715811593193
2023-08-28,238.82000732421875,244.3800048828125,235.35000610351562,242.5800018310547,107673700,9.029998779296875,8.658572605678014
2023-08-29,257.17999267578125,257.4800109863281,237.77000427246094,238.5800018310547,134047600,19.710006713867188,9.409286499023438
2023-08-30,256.8999938964844,260.510009765625,250.58999633789062,254.1999969482422,121988400,9.920013427734375,9.48928724016462
2023-08-31,258.0799865722656,261.17999267578125,255.0500030517578,255.97999572753906,108861700,6.1299896240234375,9.515001569475446
2023-09-01,245.00999450683594,259.0799865722656,242.00999450683594,257.260009765625,132541600,17.069992065429688,10.240715026855469
2023-09-05,256.489990234375,258.0,244.86000061035156,245.0,129469600,13.139999389648438,10.615715026855469
2023-09-06,251.9199981689453,255.38999938964844,245.05999755859375,255.13999938964844,116959800,10.330001831054688,10.740001133510045
2023-09-07,251.49000549316406,252.80999755859375,243.27000427246094,245.07000732421875,115312900,9.539993286132812,10.856428963797432
2023-09-08,248.5,256.5199890136719,246.6699981689453,251.22000122070312,118367700,9.849990844726562,11.187142508370536
2023-09-11,273.5799865722656,274.8500061035156,260.6099853515625,264.2699890136719,174667900,14.240020751953125,11.379286629813057
2023-09-12,267.4800109863281,278.3900146484375,266.6000061035156,270.760009765625,135999900,11.790008544921875,11.416429792131696
2023-09-13,271.29998779296875,274.9800109863281,268.1000061035156,270.07000732421875,111673700,6.8800048828125,11.215715680803571
2023-09-14,276.0400085449219,276.7099914550781,270.4200134277344,271.32000732421875,107709800,6.28997802734375,10.89785657610212
2023-09-15,274.3900146484375,278.9800109863281,271.0,277.54998779296875,133692300,7.980010986328125,10.850000653948102
2023-09-18,265.2799987792969,271.44000244140625,263.760009765625,271.1600036621094,101543300,7.67999267578125,10.75357164655413
2023-09-19,266.5,267.8500061035156,261.20001220703125,264.3500061035156,103704000,6.649993896484375,9.820713588169642
2023-09-20,262.5899963378906,273.92999267578125,262.4599914550781,267.0400085449219,122514600,11.470001220703125,9.931427001953125
2023-09-21,255.6999969482422,260.8599853515625,254.2100067138672,257.8500061035156,119951500,6.6499786376953125,9.968569074358259
2023-09-22,244.8800048828125,257.7900085449219,244.47999572753906,257.3999938964844,127524100,13.310012817382812,9.699999128069196
2023-09-25,246.99000549316406,247.10000610351562,238.30999755859375,243.3800048828125,104636600,8.790008544921875,9.389285496303014
2023-09-26,244.1199951171875,249.5500030517578,241.66000366210938,242.97999572753906,101993600,7.8899993896484375,9.214999607631139
2023-09-27,240.5,245.3300018310547,234.5800018310547,244.25999450683594,136597200,10.75,9.301428658621651
2023-09-28,246.3800048828125,247.5500030517578,238.64999389648438,240.02000427246094,117058900,8.900009155273438,9.233572823660714
2023-09-29,250.22000122070312,254.77000427246094,246.35000610351562,250.0,128522700,8.419998168945312,8.817856924874443
2023-10-02,251.60000610351562,254.27999877929688,242.6199951171875,244.80999755859375,123810400,11.660003662109375,8.808570861816406
2023-10-03,246.52999877929688,250.02000427246094,244.4499969482422,248.61000061035156,101985300,5.57000732421875,8.714999607631139
2023-10-04,261.1600036621094,261.8599853515625,247.60000610351562,248.13999938964844,129721600,14.259979248046875,9.284285409109932
2023-10-05,260.04998779296875,263.6000061035156,256.25,260.0,119159200,7.350006103515625,9.239285060337611
2023-10-06,260.5299987792969,261.6499938964844,250.64999389648438,253.97999572753906,118121800,11.0,9.476428440638951
2023-10-09,259.6700134277344,261.3599853515625,252.0500030517578,255.30999755859375,101377900,9.309982299804688,9.666427612304688
2023-10-10,263.6199951171875,268.94000244140625,257.6499938964844,257.75,122656000,11.290008544921875,9.653570992606026
2023-10-11,262.989990234375,268.6000061035156,260.8999938964844,266.20001220703125,103706300,7.70001220703125,9.728573390415736
2023-10-12,258.8699951171875,265.4100036621094,256.6300048828125,262.9200134277344,111508100,8.779998779296875,9.405000959123884
2023-10-13,251.1199951171875,259.6000061035156,250.22000122070312,258.8999938964844,102073800,9.3800048828125,9.4471435546875
2023-10-16,253.9199981689453,255.39999389648438,248.47999572753906,250.0500030517578,88917200,6.9199981689453125,9.377857753208705
2023-10-17,254.85000610351562,257.17999267578125,247.0800018310547,250.10000610351562,93562900,10.099990844726562,9.331428527832031
2023-10-18,242.67999267578125,254.6300048828125,242.0800018310547,252.6999969482422,125147800,12.550003051757812,9.592142377580915
2023-10-19,220.11000061035156,230.61000061035156,216.77999877929688,225.9499969482422,170772700,13.830001831054688,9.978571210588727
2023-10-20,211.99000549316406,218.86000061035156,210.4199981689453,217.00999450683594,138010100,8.44000244140625,9.748571123395648
2023-10-23,212.0800018310547,216.97999572753906,202.50999450683594,210.0,150683400,14.470001220703125,10.384284973144531
2023-10-24,216.52000427246094,222.0500030517578,214.11000061035156,216.5,118231100,7.94000244140625,9.932858058384486
2023-10-25,212.4199981689453,220.10000610351562,212.1999969482422,215.8800048828125,107065100,7.9000091552734375,9.972143990652901
2023-10-26,205.75999450683594,214.8000030517578,204.8800048828125,211.32000732421875,115112600,9.919998168945312,9.895001002720424
2023-10-27,207.3000030517578,212.41000366210938,205.77000427246094,210.60000610351562,94881200,6.6399993896484375,9.704287937709264
2023-10-30,197.36000061035156,210.8800048828125,194.6699981689453,209.27999877929688,136448200,16.210006713867188,10.055716378348214
2023-10-31,200.83999633789062,202.8000030517578,194.07000732421875,196.1199951171875,118068300,8.729995727539062,10.129286629813057
2023-11-01,205.66000366210938,205.99000549316406,197.85000610351562,204.0399932861328,121661700,8.139999389648438,10.083572387695312
2023-11-02,218.50999450683594,219.1999969482422,211.4499969482422,212.97000122070312,125987600,7.75,9.96714346749442
2023-11-03,219.9600067138672,226.3699951171875,218.39999389648438,221.14999389648438,119534800,7.970001220703125,10.04214368547712
2023-11-06,219.27000427246094,226.32000732421875,215.0,223.97999572753906,117335800,11.32000732421875,10.129287719726562
2023-11-07,222.17999267578125,223.1199951171875,215.72000122070312,219.97999572753906,116900100,7.399993896484375,9.761429922921318
2023-11-08,222.11000061035156,224.14999389648438,217.63999938964844,223.14999389648438,106584800,6.5099945068359375,9.238572256905693
2023-11-09,209.97999572753906,220.8000030517578,206.67999267578125,219.75,142110500,14.120010375976562,9.644287109375
2023-11-10,214.64999389648438,215.3800048828125,205.69000244140625,210.02999877929688,130994000,9.69000244140625,9.302858625139509
2023-11-13,223.7100067138672,225.39999389648438,211.61000061035156,215.60000610351562,140447600,13.789993286132812,9.720715114048549
2023-11-14,237.41000366210938,238.13999938964844,230.72000122070312,235.02999877929688,149771600,7.4199981689453125,9.686428615025111
2023-11-15,242.83999633789062,246.6999969482422,236.4499969482422,239.2899932861328,150354000,10.25,9.710000174386161
2023-11-16,233.58999633789062,240.8800048828125,230.9600067138672,239.49000549316406,136816800,9.919998168945312,9.944285801478795
2023-11-17,234.3000030517578,237.38999938964844,226.5399932861328,232.0,142532800,10.850006103515625,9.561428615025111
2023-11-20,235.60000610351562,237.10000610351562,231.02000427246094,234.0399932861328,116320100,6.0800018310546875,9.372143336704799
2023-11-21,241.1999969482422,243.6199951171875,233.33999633789062,235.0399932861328,122288000,10.279998779296875,9.525000435965401
2023-11-22,234.2100067138672,244.00999450683594,231.39999389648438,242.0399932861328,117950600,12.610000610351562,9.872143336704799
2023-11-24,235.4499969482422,238.75,232.3300018310547,233.75,65125200,6.4199981689453125,9.761428833007812
2023-11-27,236.0800018310547,238.3300018310547,232.10000610351562,236.88999938964844,112031800,6.2299957275390625,9.39785657610212
2023-11-28,246.72000122070312,247.0,234.00999450683594,236.67999267578125,148549900,12.990005493164062,9.797143118722099
2023-11-29,244.13999938964844,252.75,242.75999450683594,249.2100067138672,135401300,9.990005493164062,10.04571533203125
2023-11-30,240.0800018310547,245.22000122070312,236.91000366210938,245.13999938964844,132353200,8.30999755859375,9.630714416503906
2023-12-01,238.8300018310547,240.19000244140625,231.89999389648438,233.13999938964844,121331700,8.290008544921875,9.530714852469307
2023-12-04,235.5800018310547,239.3699951171875,233.2899932861328,235.75,104099800,6.0800018310546875,8.980001177106585
2023-12-05,238.72000122070312,246.66000366210938,233.6999969482422,233.8699951171875,137971100,12.960006713867188,9.375716073172432
2023-12-06,239.3699951171875,246.57000732421875,239.1699981689453,242.9199981689453,126436200,7.4000091552734375,9.172145298549108
2023-12-07,242.63999938964844,244.0800018310547,236.97999572753906,241.5500030517578,107142300,7.100006103515625,8.970717293875557
2023-12-08,243.83999633789062,245.27000427246094,239.27000427246094,240.27000427246094,103126800,6.0,8.624288286481585
2023-12-11,239.74000549316406,243.44000244140625,237.4499969482422,242.74000549316406,97913900,5.9900054931640625,8.617859976632255
2023-12-12,237.00999450683594,238.99000549316406,233.8699951171875,238.5500030517578,95328300,5.1200103759765625,8.249289376395089
2023-12-13,239.2899932861328,240.3000030517578,228.1999969482422,234.19000244140625,146286300,12.100006103515625,8.21286119733538
2023-12-14,251.0500030517578,253.8800048828125,240.7899932861328,241.22000122070312,160829200,13.090011596679688,8.689290727887835
2023-12-15,253.5,254.1300048828125,248.3000030517578,251.2100067138672,135932800,5.8300018310546875,8.660719735281807
2023-12-18,252.0800018310547,258.739990234375,251.36000061035156,253.77999877929688,116416500,7.3799896240234375,8.260004316057477
2023-12-19,257.2200012207031,258.3399963378906,253.00999450683594,253.47999572753906,106737400,5.3300018310546875,7.927146911621094
2023-12-20,247.13999938964844,259.8399963378906,247.0,256.4100036621094,125097000,12.839996337890625,8.250718252999443
2023-12-21,254.5,254.8000030517578,248.5500030517578,251.89999389648438,109594200,6.25,8.105003356933594
2023-12-22,252.5399932861328,258.2200012207031,251.3699951171875,256.760009765625,93370100,6.850006103515625,8.160003662109375
2023-12-26,256.6099853515625,257.9700012207031,252.91000366210938,254.49000549316406,86892400,5.05999755859375,7.595717293875558
2023-12-27,261.44000244140625,263.3399963378906,257.5199890136719,258.3500061035156,106494400,5.82000732421875,7.482860020228794
2023-12-28,253.17999267578125,265.1300048828125,252.7100067138672,263.6600036621094,113619900,12.419998168945312,7.862859453473773
2023-12-29,248.47999572753906,255.19000244140625,247.42999267578125,255.10000610351562,100891600,7.760009765625,7.9885744367327005
