Date,Close,High,Low,Open,Volume
2013-01-02,16.612207412719727,16.792844456906085,16.38830415578678,16.75714074184966,560518000
2013-01-03,16.402528762817383,16.631577166849617,16.369245684205428,16.57741641791351,352965200
2013-01-04,15.94564437866211,16.29753820470344,15.910242825897395,16.247310595401558,594333600
2013-01-07,15.851831436157227,16.015220077108804,15.588592026734247,15.794341942534961,484156400
2013-01-08,15.894501686096191,16.093595743492777,15.771657963794507,16.012505733199003,458707200
2013-01-09,15.646084785461426,15.885419978614445,15.612497935128328,15.809473460509789,407604400
2013-01-10,15.840044975280762,15.997684311152142,15.598287373955166,15.99254084183178,601146000
2013-01-11,15.742905616760254,15.894797004787389,15.704175308471326,15.76408544614706,350506800
2013-01-14,15.181638717651367,15.355618166218097,15.083604192493505,15.209776701210638,734207600
2013-01-15,14.702667236328125,15.09813097276474,14.625812536174234,15.077253305642763,876772400
2013-01-16,15.312959671020508,15.414323020608796,14.901763297529676,14.966513160716811,690804800
2013-01-17,15.209775924682617,15.453954079084323,15.19011020123271,15.440640529741364,453678400
2013-01-18,15.128690719604492,15.195861217902934,15.019763272534641,15.083908771487078,472922800
2013-01-22,15.273017883300781,15.367117661348805,15.026722827739096,15.266664092026335,461546400
2013-01-23,15.552592277526855,15.582244373635472,15.273014217132731,15.395253569412212,861509600
2013-01-24,13.630950927734375,14.091770475642678,13.62338519748696,13.918395351826854,1460852400
2013-01-25,13.309615135192871,13.804322860724108,13.161958986492357,13.666955263708676,1208026400
2013-01-28,13.610675811767578,13.712945661874675,13.187980684166977,13.247587868603855,785517600
2013-01-29,13.866049766540527,13.924447445913774,13.679967053518428,13.87300952760366,571158000
2013-01-30,13.822481155395508,13.997066625833371,13.75198185509041,13.827624624563729,417155200
2013-01-31,13.78193187713623,13.896607126931526,13.766501474404004,13.827015994449997,319334400
2013-02-01,13.725354194641113,13.902662480924018,13.565898577250298,13.891467396738246,539484400
2013-02-04,13.383444786071777,13.795550049540225,13.373762202600899,13.734127372585691,477117200
2013-02-05,13.853038787841797,13.91052831594958,13.3804182126975,13.435789271812697,573347600
2013-02-06,13.838213920593262,14.115067623935774,13.693884926544131,13.811586815294811,593706400
2013-02-07,14.249675750732422,14.303846570817578,13.820559443419793,14.098420366894182,704580800
2013-02-08,14.455410957336426,14.571971948868546,14.250590954967285,14.425586036544201,633158400
2013-02-11,14.606054306030273,14.758528701241726,14.402758904865662,14.50166710162508,517490400
2013-02-12,14.23994255065918,14.680623302755356,14.235073042326412,14.593277716038743,609053200
2013-02-13,14.212849617004395,14.414625303751587,14.097506037083487,14.21893649955102,475207600
2013-02-14,14.200067520141602,14.353757642500995,14.12185311359988,14.137069506809713,355275200
2013-02-15,14.004380226135254,14.308717875028696,13.997075966529563,14.268848385013657,391745200
2013-02-19,13.99920654296875,14.082596035724107,13.812344904893324,14.032989153324657,435783600
2013-02-20,13.660177230834961,13.929211007897644,13.658654290801083,13.929211007897644,476302400
2013-02-21,13.575267791748047,13.669917630508838,13.476662696906198,13.573441726324965,447182400
2013-02-22,13.719827651977539,13.743869626296435,13.59170158000987,13.672351579110114,330654800
2013-02-25,13.476051330566406,13.850994394305626,13.46905100859037,13.812343905197167,372579200
2013-02-26,13.663827896118164,13.742042317091093,13.319622356000512,13.50709349099657,501499600
2013-02-27,13.529914855957031,13.769428366774317,13.41061522617341,13.647388421243896,587350400
2013-02-28,13.43344783782959,13.630353282765089,13.43344783782959,13.51409703139693,322515200
2013-03-01,13.100801467895508,13.335445494952458,13.085889012802065,13.329966488290879,552448400
2013-03-04,12.783685684204102,13.031720106709962,12.751729950244613,13.019546338979096,582755600
2013-03-05,13.121193885803223,13.244450430574332,12.804988012854505,12.82720473097721,638433600
2013-03-06,12.95441722869873,13.24627719074285,12.916983302376153,13.223755722315314,460250000
2013-03-07,13.104151725769043,13.147672536835719,12.814422570012185,12.919114529111853,468473600
2013-03-08,13.138847351074219,13.251756206962833,13.044198334845312,13.080414888961423,391482000
2013-03-11,13.326013565063477,13.360708801875731,12.938591953674427,13.07889177749811,474236000
2013-03-12,13.038718223571777,13.356750963878728,13.012545438415174,13.256928517156346,465911600
2013-03-13,13.036279678344727,13.223446813090261,12.94528364508668,13.039323931734723,405549200
2013-03-14,13.162583351135254,13.227710559008683,13.100193208848522,13.172625488740595,303875600
2013-03-15,13.502226829528809,13.519574043707632,13.30714584182026,13.327841248747925,643960800
2013-03-18,13.869257926940918,13.922211383497789,13.42735986917117,13.434968068377515,606197200
2013-03-19,13.831823348999023,14.029033507814532,13.649524023800964,13.984294505617674,526775200
2013-03-20,13.758478164672852,13.927386362215243,13.682698485661511,13.920995539937605,308660800
2013-03-21,13.778258323669434,13.938035360978443,13.69821864876015,13.701870778915927,383255600
2013-03-22,14.057640075683594,14.063421395882548,13.789823708772477,13.834561082535819,395105200
2013-03-25,14.108463287353516,14.302326851298368,14.053682966423928,14.142244268548641,501135600
2013-03-26,14.034204483032227,14.177242163606069,14.015639897071036,14.165068398166627,294294000
2013-03-27,13.758478164672852,13.902125385653939,13.717392914028363,13.891778494855505,331237200
2013-03-28,13.471790313720703,13.750563057315073,13.440139334386963,13.689695851878495,442839600
2013-04-01,13.053327560424805,13.503442444002907,13.017720510389914,13.448661304306412,389732000
2013-04-02,13.080108642578125,13.334229930068053,12.976938000394853,13.013459300873897,529519200
2013-04-03,13.147063255310059,13.308057670956607,13.09593424528309,13.128193915982138,363216000
2013-04-04,13.017112731933594,13.238670448140939,12.941941741244884,13.200933390187654,358447600
2013-04-05,12.879548072814941,12.932807071092252,12.772420575395024,12.91911118031516,383695200
2013-04-08,12.971156120300293,13.010415300078428,12.857943337280732,12.92976612495201,300829200
2013-04-09,12.994589805603027,13.040848493649335,12.865855067304734,12.97572127991772,306614000
2013-04-10,13.259668350219727,13.301363097499467,12.965069678585154,13.028676394658085,375928000
2013-04-11,13.218279838562012,13.32966656598421,13.123021322199115,13.199714435878866,328364400
2013-04-12,13.080414772033691,13.212800843220451,13.058806739972988,13.212800843220451,238613200
2013-04-15,12.777597427368164,13.022284443790115,12.76846710255108,12.995198219833425,317520000
2013-04-16,12.972071647644043,12.983331164988613,12.799512128741576,12.829945738632356,305771200
2013-04-17,12.25870418548584,12.800425527998309,12.115970401134419,12.790381762250972,945056000
2013-04-18,11.931540489196777,12.349699625164783,11.861238205197095,12.32535290432571,666299200
2013-04-19,11.88528060913086,12.16131466645346,11.720024575060275,11.807370129729104,609274400
2013-04-22,12.13300895690918,12.240441214601573,11.90780080455904,11.949493918235223,429920400
2013-04-23,12.360051155090332,12.42852658261735,12.137275217841886,12.294922295455033,664238400
2013-04-24,12.339653968811035,12.637599956731927,11.945232925834073,11.97688471453906,969651200
2013-04-25,12.428524017333984,12.597735329350995,12.386525330362991,12.515260082744472,384837600
2013-04-26,12.696949005126953,12.744729825209852,12.42456704293314,12.472043925152088,764097600
2013-04-29,13.09014892578125,13.196666919183878,12.782159208315365,12.795854286019384,640326400
2013-04-30,13.475446701049805,13.55061851633538,13.149501709971547,13.241715991617705,691538400
2013-05-01,13.369233131408691,13.540879232035815,13.220108506195864,13.526575458039243,506909200
2013-05-02,13.558833122253418,13.652263134305203,13.41001165333619,13.445010017206014,421828400
2013-05-03,13.694561958312988,13.793471752091502,13.669300993480094,13.735037689057648,361300800
2013-05-06,14.021122932434082,14.066468190053827,13.82634588011554,13.868952446058548,496641600
2013-05-07,13.958730697631836,14.17450543761561,13.807779235929232,14.150767404386,483753200
2013-05-08,14.116375923156738,14.162940172799956,13.871993660325407,13.970293978606037,472598000
2013-05-09,13.9932222366333,14.184079166286722,13.956766786271226,14.086353625241165,398487600
2013-05-10,13.876810073852539,14.083291715444599,13.800528814482089,14.029986127945701,334852000
2013-05-13,13.931032180786133,14.027839869663445,13.831775259016318,13.832081208616117,316948800
2013-05-14,13.597724914550781,13.945127461920901,13.545337991598215,13.903770269010488,447118000
2013-05-15,13.137889862060547,13.51010786756516,12.9390684063282,13.453739509454312,741613600
2013-05-16,13.313430786132812,13.41360803240192,12.833071814038377,12.966028212987183,603204000
2013-05-17,13.272991180419922,13.48222964894841,13.204062526046949,13.450369165897564,427904400
2013-05-20,13.569231986999512,13.657154866341516,13.17618246471059,13.231632148187726,451578400
2013-05-21,13.469056129455566,13.647352775205363,13.301788395210028,13.422797199938975,456022000
2013-05-22,13.520828247070312,13.735275193756227,13.424940042821762,13.603543439502946,443038400
2013-05-23,13.545029640197754,13.668183348162984,13.350496420706383,13.355398158501659,353021200
2013-05-24,13.637242317199707,13.652866198292088,13.490500214773803,13.505511378606737,276166800
2013-05-28,13.523589134216309,13.819831059515696,13.505515197023165,13.782763699956734,386145200
2013-05-29,13.63111400604248,13.709234223026332,13.461088661959227,13.479470178207311,330576400
2013-05-30,13.834229469299316,13.923684572822314,13.617638369553815,13.652562443001067,353519600
2013-05-31,13.77755355834961,14.003334574795424,13.770506900104449,13.86241122645815,384302800
2013-06-03,13.80788516998291,13.858126366545878,13.555451298083124,13.80819111969495,372352400
2013-06-04,13.764684677124023,13.921537028392745,13.705865454421804,13.884468042028967,292728800
2013-06-05,13.636015892028809,13.807879389606246,13.593126505030439,13.652558438785013,290589600
2013-06-06,13.432294845581055,13.693919427063323,13.297194351447564,13.647047776973304,416934000
2013-06-07,13.534919738769531,13.57872779170281,13.25797728941031,13.372247002624343,404535600
2013-06-10,13.445470809936523,13.757642596053595,13.381443878085843,13.624380224723403,450153200
2013-06-11,13.405948638916016,13.564026450180753,13.274830392271282,13.348968376929065,286112400
2013-06-12,13.240214347839355,13.517769620039784,13.219076005319213,13.464158071456191,265227200
2013-06-13,13.355708122253418,13.391857631311572,13.134828813772454,13.2497112827605,285832400
2013-06-14,13.174652099609375,13.365815804169337,13.127166918579551,13.33855029374289,271866000
2013-06-17,13.234393119812012,13.347743391310932,13.184151926163121,13.21723784965422,259414400
2013-06-18,13.227347373962402,13.323235608255242,13.179557049711553,13.22091424986263,195025600
2013-06-19,12.958674430847168,13.22397447059176,12.958674430847168,13.216009145895272,310940000
2013-06-20,12.769962310791016,13.049966762952879,12.718801641761196,12.845324904880753,357310800
2013-06-21,12.66763973236084,12.866768764021435,12.502210152098069,12.82050901703526,481118400
2013-06-24,12.331879615783691,12.51936703067377,12.1943274367894,12.48076665648913,480746000
2013-06-25,12.334638595581055,12.492715595502881,12.218224743017233,12.428688671932957,314162800
2013-06-26,12.194940567016602,12.400808677130259,12.121109357430225,12.373543165562623,367724000
2013-06-27,12.063515663146973,12.296649302519526,12.05616387283636,12.231090998803873,337246000
2013-06-28,12.147762298583984,12.262337165995689,11.913096471749661,11.98937855152514,578516400
2013-07-01,12.536519050598145,12.629957193217603,12.291437905609117,12.336472209190278,391053600
2013-07-02,12.820512771606445,12.916707779491862,12.544184551643905,12.559195720820947,469865200
2013-07-03,12.891277313232422,12.958062684181469,12.788650023582228,12.893115465223143,240928800
2013-07-05,12.787729263305664,12.967558100585546,12.72431507106768,12.878716550701911,274024800
2013-07-08,12.71512222290039,12.897401911035002,12.580327709353455,12.870137222354577,298138400
2013-07-09,12.938759803771973,12.97398981585603,12.572057147456743,12.670702162948501,352584400
2013-07-10,12.889129638671875,13.013815543607933,12.813155160102099,12.854512343983028,281405600
2013-07-11,13.090100288391113,13.119510721817093,12.902613683583771,12.957143892800016,326292400
2013-07-12,13.066206932067871,13.166690139328999,12.971238181834963,13.101131008532601,279563200
2013-07-15,13.094696044921875,13.217849788137459,13.013819802291659,13.020253744013063,241917200
2013-07-16,13.179250717163086,13.194873784366598,12.994520095483857,13.066512347512608,216538000
2013-07-17,13.182616233825684,13.241130324440196,13.118589323842086,13.163929584048567,198990400
2013-07-18,13.227041244506836,13.322315942017221,13.19181121923781,13.2766697204042,218878800
2013-07-19,13.018411636352539,13.295046504903437,13.000030119943867,13.268087765551066,268721600
2013-07-22,13.060077667236328,13.165462597210508,13.034344356604091,13.156578604666208,207796400
2013-07-23,12.835827827453613,13.079989536549594,12.82724978523958,13.050579924148607,369395600
2013-07-24,13.49509334564209,13.620084377343257,13.334258768172699,13.446689506790854,591936800
2013-07-25,13.433515548706055,13.52235789685305,13.351107139475813,13.500913615255623,229493600
2013-07-26,13.509803771972656,13.511335156480028,13.306079731608083,13.335489349356235,200152400
2013-07-29,13.718117713928223,13.78551496828934,13.485596859163575,13.503977556695254,248057600
2013-07-30,13.887533187866211,14.004865689918505,13.762234542712857,13.784598315571433,309422400
2013-07-31,13.86333179473877,14.010686641370317,13.768363056299036,13.93869521338518,322957600
2013-08-01,13.990466117858887,13.994142421649462,13.885693913968872,13.961976808599747,206250800
2013-08-02,14.169986724853516,14.179484251016644,13.989852766100633,14.031209952379973,274783600
2013-08-05,14.381678581237793,14.419053521143915,14.15804247719174,14.235855125674282,318855600
2013-08-06,14.253009796142578,14.456427025703578,14.15865297070691,14.337869094673438,334857600
2013-08-07,14.24474048614502,14.306624125734102,14.146401388187606,14.208590977454222,298858000
2013-08-08,14.216370582580566,14.311658406799209,14.122006667682628,14.30425725085046,255777200
2013-08-09,14.014073371887207,14.199406916936526,13.989404502901614,14.143282316752266,266865200
2013-08-12,14.412188529968262,14.451967685192905,14.081302176902142,14.088395363188162,364434000
2013-08-13,15.097086906433105,15.254049368030728,14.433463162879487,14.522584995352682,881941200
2013-08-14,15.372464179992676,15.549778990658602,15.215193752517495,15.353345352906866,756372400
2013-08-15,15.354269027709961,15.49273024261849,15.081974378346938,15.308322249458264,490294000
2013-08-16,15.490572929382324,15.509383788592753,15.383567434167963,15.423346587851094,362306000
2013-08-19,15.657408714294434,15.842432728356265,15.542076469510416,15.552560620164352,510518400
2013-08-20,15.451717376708984,15.744674022920355,15.444008251318756,15.718154038695006,358688400
2013-08-21,15.491499900817871,15.63921011940604,15.455727644624833,15.529429592470274,335879600
2013-08-22,15.509998321533203,15.591101411067944,15.363212039050525,15.57229055356346,244207600
2013-08-23,15.450170516967773,15.522021319308182,15.39867206209511,15.519554268288058,222731600
2013-08-26,15.510308265686035,15.733263539007142,15.43413927794716,15.44184840295485,330965600
2013-08-27,15.066864013671875,15.49612276285088,14.996246719377114,15.357043962368168,424188800
2013-08-28,15.138099670410156,15.28920412016433,14.986996867553014,14.986996867553014,307608000
2013-08-29,15.162768363952637,15.31078815775615,15.14519103402468,15.161226868514376,239657600
2013-08-30,15.024618148803711,15.20131537335314,15.00241468363538,15.172020369762109,272297200
2013-09-03,15.066558837890625,15.437224356139037,15.028629147214524,15.205943987053567,331928800
2013-09-04,15.378326416015625,15.4878006292904,15.30400852231085,15.405156022148331,345032800
2013-09-05,15.27286148071289,15.439693827874805,15.222596527082336,15.426433010515177,236367600
2013-09-06,15.3638334274292,15.399604039065032,15.108808070475618,15.370618644737654,359525600
2013-09-09,15.608988761901855,15.662954289798789,15.526036196147441,15.572908537745176,340687200
2013-09-10,15.253427505493164,15.648455408807683,15.094923592715809,15.60990814786189,743195600
2013-09-11,14.422975540161133,14.60738182827006,14.333545769710563,14.401388021633894,898696400
2013-09-12,14.576554298400879,14.660122815786732,14.370558718258991,14.44734531193921,404051200
2013-09-13,14.336321830749512,14.550024775129044,14.330155850032986,14.47323986996685,298835600
2013-09-16,13.880549430847168,14.234871107817957,13.791121271321309,14.216061896018086,543706800
2013-09-17,14.04090690612793,14.176283517917666,13.799758309907398,13.8139430370682,399380800
2013-09-18,14.329543113708496,14.381041586535169,14.205576227073317,14.283286714403005,456862000
2013-09-19,14.564520835876465,14.67337741751302,14.470466562263592,14.51518145602761,404541200
2013-09-20,14.413723945617676,14.757251736762008,14.37024258380536,14.740291996441456,699302800
2013-09-23,15.130084037780762,15.323434708932549,14.882150252960809,15.298456219206058,762106800
2013-09-24,15.082592964172363,15.279026611942168,15.043121782146802,15.260833340033445,364344400
2013-09-25,14.84915542602539,15.099246658940025,14.846072434322618,15.085679519171094,316957200
2013-09-26,14.993783950805664,15.065942761257666,14.922241079988698,14.987000380333182,237221600
2013-09-27,14.886772155761719,14.945979739918721,14.824171964351418,14.918534205998206,228040400
2013-09-30,14.701754570007324,14.853165379299508,14.629594112085636,14.717172823774506,260156400
2013-10-01,15.047443389892578,15.083831592917177,14.752019600123017,14.754178682909405,353883600
2013-10-02,15.096780776977539,15.165856594825964,14.917616455209606,14.975590537652451,289184000
2013-10-03,14.907122611999512,15.182809794937363,14.824787667592798,15.126067622384879,322753200
2013-10-04,14.89541244506836,14.943826286323535,14.758802310288727,14.92100687670923,258868400
2013-10-07,15.040960311889648,15.192063093874348,14.966950416308064,15.004264157250052,312292400
2013-10-08,14.830962181091309,15.130084840331087,14.818626920461307,15.108497310779944,290917200
2013-10-09,15.0051908493042,15.04219498050958,14.748932011808613,14.945057695060484,301725200
2013-10-10,15.099242210388184,15.183736250297219,15.019064686970749,15.151050289668145,278602800
2013-10-11,15.196996688842773,15.228758739589033,14.961090257491204,15.01752282157247,267738800
2013-10-14,15.296605110168457,15.344095037636878,15.09030323944483,15.105105551418966,261898000
2013-10-15,15.37801456451416,15.480395564688573,15.28056931471009,15.341934344589747,320073600
2013-10-16,15.452951431274414,15.496740780134239,15.39497735708721,15.443083223430266,251101200
2013-10-17,15.557485580444336,15.566120259923828,15.408849858074884,15.41810047692598,253593200
2013-10-18,15.692866325378418,15.704276028868522,15.594803481178825,15.60343816296269,290542000
2013-10-21,16.077407836914062,16.16806951184083,15.773967081141908,15.781676205580277,398106800
2013-10-22,16.031465530395508,16.296051148317208,15.666349992898715,16.233142956122823,534063600
2013-10-23,16.18842124938965,16.210316742984553,16.004629208043458,16.004629208043458,313723200
2013-10-24,16.402746200561523,16.42001556552476,16.111024696327522,16.189659101143427,384764800
2013-10-25,16.219263076782227,16.443450254937602,16.193051060594982,16.384550622685744,337792000
2013-10-28,16.34014129638672,16.37468001639691,16.134455412435134,16.314237256379077,550440800
2013-10-29,15.933087348937988,16.629089056591567,15.867096188148999,16.537193853675046,635807200
2013-10-30,16.186574935913086,16.26736841721629,15.943575258668032,16.02344483065958,354163600
2013-10-31,16.118728637695312,16.266440469942516,16.074631325587617,16.189655547634885,275696400
2013-11-01,16.036396026611328,16.183490294101944,15.907187062369267,16.15943736095782,274890000
2013-11-04,16.243619918823242,16.245779000541567,15.998770829342945,16.06938811767254,244627600
2013-11-05,16.203542709350586,16.309624349226866,16.12799126431116,16.176714741182906,265213200
2013-11-06,16.15762710571289,16.279836296904936,16.073259280343834,16.257812966550503,223375600
2013-11-07,15.896149635314941,16.22803686180141,15.892738876307911,16.116064906929996,262620400
2013-11-08,16.146465301513672,16.164145261945954,15.89925562334336,15.960980600915525,279316800
2013-11-11,16.09962272644043,16.180887896275863,15.955701643525467,16.12877899563757,227452400
2013-11-12,16.12940216064453,16.25068039471308,16.036039471636602,16.056820418277088,204276800
2013-11-13,16.148637771606445,16.198886431375957,16.03480221087061,16.067061141455152,197220800
2013-11-14,16.3821964263916,16.4169351502449,16.187095695954632,16.21625197264825,282419200
2013-11-15,16.28386878967285,16.411039239283983,16.268360521478773,16.333186474000357,317920400
2013-11-18,16.086597442626953,16.35210822159513,16.073260861196154,16.28386984928606,244944000
2013-11-19,16.11513328552246,16.233930066556702,16.066125368533015,16.09900382506188,208938800
2013-11-20,15.974003791809082,16.142119918215766,15.953222844251027,16.10520785329459,193916800
2013-11-21,16.164447784423828,16.166619471647426,15.932748138856446,16.054645886928732,262026800
2013-11-22,16.122886657714844,16.196087933679458,16.083494796605123,16.11420156403115,223725600
2013-11-25,16.245101928710938,16.31116863117819,16.16011453633618,16.160734072146496,229311600
2013-11-26,16.544719696044922,16.629708690365057,16.25315705443796,16.25687757993679,401382800
2013-11-27,16.934307098388672,16.935547826260482,16.544726829203313,16.63498853949301,363448400
2013-11-29,17.247896194458008,17.317994839885902,16.99169166684251,17.043490817125615,318127600
2013-12-02,17.097766876220703,17.504094410374506,17.08504983205806,17.307754645307245,472544800
2013-12-03,17.56581687927246,17.56767879872194,17.29782637345686,17.317056820867005,450968000
2013-12-04,17.524883270263672,17.654846637867603,17.395229670551828,17.54039154302175,377809600
2013-12-05,17.61482810974121,17.83939485326351,17.56861307368845,17.762161624799266,447580000
2013-12-06,17.370410919189453,17.57915964134039,17.356454802283626,17.549382174574912,344352400
2013-12-09,17.56923484802246,17.66693926767203,17.397707949282946,17.397707949282946,320493600
2013-12-10,17.541940689086914,17.61421268012462,17.407014419541355,17.480836906432994,278269600
2013-12-11,17.4119815826416,17.710061170311626,17.36018407549019,17.586920958308855,359718800
2013-12-12,17.386537551879883,17.535421548461763,17.370719517618323,17.436166655081923,262290000
2013-12-13,17.197023391723633,17.459121746262905,17.173451220894528,17.458190786318706,332822000
2013-12-16,17.29224967956543,17.451680742006758,17.215018089101488,17.215327856971783,282592800
2013-12-17,17.214397430419922,17.352424696860997,17.164458541247548,17.239831526825956,229902400
2013-12-18,17.083498001098633,17.104590371342905,16.71221894510561,17.050309778539617,565863200
2013-12-19,16.887771606445312,17.059608183578217,16.865128749013518,17.044099921724648,320308800
2013-12-20,17.02922248840332,17.10955838606216,16.898949358115175,16.917870046468256,436413600
2013-12-23,17.682756423950195,17.702296642470518,17.455398460900625,17.617928816982342,501306400
2013-12-24,17.607696533203125,17.73827940622847,17.556826693703755,17.676554440927564,167554800
2013-12-26,17.49076271057129,17.664461315345083,17.474633246775657,17.621035835895302,204008000
2013-12-27,17.372583389282227,17.506578682736354,17.35428389605948,17.488279189513612,225884400
2013-12-30,17.199811935424805,17.372579521213765,17.131573576053494,17.291004582940225,253629600
2013-12-31,17.40142822265625,17.40949212456944,17.183684649364736,17.188958984552002,223084400
2014-01-02,17.15670394897461,17.27767244413937,17.122274989377967,17.2357991165468,234684800
2014-01-03,16.779834747314453,17.17437613339979,16.762774330919463,17.148322513722114,392467600
2014-01-06,16.871337890625,16.960357198006893,16.55092702458093,16.67034498675292,412610800
2014-01-07,16.750682830810547,16.934305569725026,16.68492591605309,16.883437388085266,317209200
2014-01-08,16.85676383972168,16.921899567251256,16.708810770368622,16.71253129741604,258529600
2014-01-09,16.641498565673828,16.96221920106993,16.60520769692469,16.960357281384244,279148800
2014-01-10,16.530460357666016,16.774257602474176,16.47369829623849,16.744170363762095,304976000
2014-01-13,16.617000579833984,16.826988410791607,16.435547836448453,16.43647879657939,378492800
2014-01-14,16.947643280029297,16.958188637403417,16.676859838540487,16.69423002663741,332561600
2014-01-15,17.287904739379883,17.37599475402112,17.11110517447223,17.16879818718284,391638800
2014-01-16,17.191444396972656,17.272090060716135,17.111728036847616,17.211605812908527,229278000
2014-01-17,16.770221710205078,17.123820810925455,16.746338116865875,17.105521320315233,426739600
2014-01-21,17.0307674407959,17.061783971959386,16.762465501066792,16.78014545391383,328526800
2014-01-22,17.1064510345459,17.285730370660524,16.991686219062174,17.08784012099154,379985200
2014-01-23,17.251304626464844,17.261230448870354,16.898636445809267,17.057756059094654,403239200
2014-01-24,16.937715530395508,17.233931371685113,16.896771520255896,17.18368273295165,429354800
2014-01-27,17.075122833251953,17.208498573321208,16.92779097750279,17.061786253152377,554878800
2014-01-28,15.710349082946777,15.973996151054319,15.572939791886393,15.78044768296127,1065523200
2014-01-29,15.53200626373291,15.737342584635638,15.465939575392895,15.631262836674903,502810000
2014-01-30,15.501921653747559,15.710360657895494,15.406388904735277,15.587530234645321,678501600
2014-01-31,15.527351379394531,15.556197884967762,15.308678500807714,15.359236913383832,464797200
2014-02-03,15.556195259094238,15.748504711616643,15.48702759876956,15.589694902124917,401464000
2014-02-04,15.781387329101562,15.802169936852112,15.594352141909884,15.690196307527534,376681200
2014-02-05,15.89925479888916,15.982691684566639,15.702603556134363,15.712219612068724,328344800
2014-02-06,15.991918563842773,16.0228107911725,15.845262972172707,15.91547121629983,257765200
2014-02-07,16.21565055847168,16.31706102173192,16.14388417919692,16.268696287935157,370280400
2014-02-10,16.506153106689453,16.59976302631733,16.163230578637634,16.18382429435596,345559200
2014-02-11,16.723634719848633,16.779486698058896,16.522060337814082,16.556697029755256,282256800
2014-02-12,16.722389221191406,16.835969604133805,16.638766210005155,16.754529613306932,308100800
2014-02-13,16.98792266845703,17.00102745106615,16.6687135607352,16.68306649723219,307398000
2014-02-14,16.974199295043945,17.03629539678647,16.887456725095106,16.926771091418527,272924400
2014-02-18,17.036609649658203,17.198864757191917,17.02475134709974,17.03692127171813,260251600
2014-02-19,16.76763343811035,17.064687499844325,16.67340028681878,16.997912077098967,313768000
2014-02-20,16.57355499267578,16.756093871381275,16.506467926161335,16.630968443483624,305858000
2014-02-21,16.389455795288086,16.680269170307884,16.36917369832473,16.624727120206117,278784800
2014-02-24,16.461223602294922,16.53517635689785,16.301153166580406,16.3239315748608,288909600
2014-02-25,16.289915084838867,16.524249829798904,16.256839825681507,16.51832234608152,231952000
2014-02-26,16.1429500579834,16.381654209795506,16.088344543950747,16.338282087184183,276217200
2014-02-27,16.464962005615234,16.499597034915652,16.102380708695247,16.136392494108136,301882000
2014-02-28,16.420345306396484,16.623477864273323,16.291787062059324,16.508960941155475,371968800
2014-03-03,16.467775344848633,16.557952432568133,16.313319127798376,16.332353069032294,238781200
2014-03-04,16.576364517211914,16.620049936698454,16.46809000087705,16.56887725458544,259140000
2014-03-05,16.61131477355957,16.68588911777067,16.5105275081972,16.566382860463463,200062800
2014-03-06,16.561071395874023,16.676211571741895,16.478383238775525,16.624725612416718,185488800
2014-03-07,16.5513973236084,16.59945043509736,16.41441529359369,16.571679416129278,220729600
2014-03-10,16.566373825073242,16.64157303897796,16.485868705547098,16.486493615913943,178584000
2014-03-11,16.727693557739258,16.810381703434317,16.61848254773782,16.707724753832288,279224400
2014-03-12,16.74391746520996,16.767007485425143,16.600071438580734,16.678391867282624,199326400
2014-03-13,16.557960510253906,16.83910039155694,16.511467144863087,16.769830276411216,257742800
2014-03-14,16.371986389160156,16.56544540201833,16.31925226052169,16.499918102087165,237199200
2014-03-17,16.435945510864258,16.53673106286898,16.40817449194629,16.465901216598994,199544800
2014-03-18,16.581350326538086,16.59913610913152,16.387891404694468,16.409733272252993,209647200
2014-03-19,16.576984405517578,16.732375470255672,16.506464511497473,16.608188267125556,224756000
2014-03-20,16.497106552124023,16.620983817438457,16.45498258273303,16.534237902941733,208398400
2014-03-21,16.627220153808594,16.654679551386373,16.42315273612564,16.597889357791693,374046400
2014-03-24,16.824432373046875,16.865308198358314,16.695562455854592,16.80040580656066,355700800
2014-03-25,17.005407333374023,17.029122274224953,16.836909770710818,16.89650957814062,282293200
2014-03-26,16.842836380004883,17.130530181242047,16.814130490789044,17.05314626289096,299768000
2014-03-27,16.770442962646484,16.896504894216665,16.697428427804223,16.850323180098584,222031600
2014-03-28,16.75172233581543,16.81662470658658,16.670282333711107,16.797279144096986,200564000
2014-03-31,16.747983932495117,16.874980776199394,16.722707546171893,16.82567949129878,168669200
2014-04-01,16.90118980407715,16.90805548895395,16.748918245508648,16.77980882816913,200760000
2014-04-02,16.929269790649414,16.95828896968549,16.85781501989669,16.923965549988345,180420800
2014-04-03,16.81194496154785,16.927708378020682,16.7760617686114,16.893073339614922,162344000
2014-04-04,16.594446182250977,16.849687772831032,16.55575508527782,16.84376029277532,275251200
2014-04-07,16.333913803100586,16.5657539532883,16.284614192658438,16.475888482347465,289850400
2014-04-08,16.33298110961914,16.41660581825584,16.18507725933318,16.3875866345605,243888400
2014-04-09,16.54765510559082,16.552959345936994,16.288668863316232,16.3080144260491,206169600
2014-04-10,16.3342342376709,16.607573567705746,16.324560618017717,16.55889551366801,239652000
2014-04-11,16.213470458984375,16.313944407926485,16.13639815973616,16.194434850891135,271717600
2014-04-14,16.27806282043457,16.293039011176013,16.13858444179119,16.28492683842322,205674000
2014-04-15,16.161983489990234,16.276810376935348,15.955106453840779,16.23406316618569,266490000
2014-04-16,16.194744110107422,16.259646468853074,16.042784236647147,16.16478840618127,214765600
2014-04-17,16.379776000976562,16.467770039597063,16.2006700378508,16.225633122059097,284334400
2014-04-21,16.574176788330078,16.60444245162793,16.349200691340414,16.392261187960635,182548800
2014-04-22,16.590723037719727,16.594779125305756,16.42846620284852,16.484943139733534,202563200
2014-04-23,16.373851776123047,16.572928246224723,16.364489784468464,16.50833750280508,394940000
2014-04-24,17.716217041015625,17.78580042573188,17.496546781491702,17.729946744691198,759911600
2014-04-25,17.846328735351562,17.847886845359504,17.59732775823238,17.61511187588451,390275200
2014-04-28,18.537479400634766,18.589276980336848,17.86536235189166,17.87316456751323,669485600
2014-04-29,18.482563018798828,18.59645505134916,18.394570612701013,18.526560055061815,337377600
2014-04-30,18.41266441345215,18.70410264425872,18.403615710320548,18.492233009608274,456640800
2014-05-01,18.456037521362305,18.559631003789768,18.296277090889834,18.472261862147533,244048000
2014-05-02,18.490365982055664,18.540917086866408,18.400813787513897,18.482878719358627,191514400
2014-05-05,18.751846313476562,18.753096134607343,18.409860257103517,18.414229631776724,287067200
2014-05-06,18.547462463378906,18.85949272669842,18.547462463378906,18.7780527363185,374564400
2014-05-07,18.482563018798828,18.637330867669696,18.33902856215009,18.573676644839093,282864400
2014-05-08,18.449617385864258,18.651060928629196,18.39972738191126,18.457774867365103,230297200
2014-05-09,18.37274169921875,18.395018928335006,18.209263636659298,18.34136355003853,291597600
2014-05-12,18.601478576660156,18.627521177540395,18.4310981993036,18.433923488865666,213208800
2014-05-13,18.63066291809082,18.655137037074137,18.53464996901393,18.575439050162363,159737200
2014-05-14,18.634109497070312,18.744872238912425,18.567276152144764,18.58892665026271,166404000
2014-05-15,18.475656509399414,18.71977261630597,18.451182393778073,18.660156653461407,230846000
2014-05-16,18.748327255249023,18.748953980294893,18.36834587082113,18.469694348826906,276256400
2014-05-19,18.970483779907227,19.056457404863107,18.74268258021661,18.758999219651272,317755200
2014-05-20,18.974245071411133,19.027272043482665,18.849362563932345,18.967969442211036,234836000
2014-05-21,19.02444839477539,19.036684614891815,18.891095044919883,18.94663226857074,196859600
2014-05-22,19.05457305908203,19.13552785185376,18.95510808951551,19.03355095443866,200760000
2014-05-23,19.269821166992188,19.288648056059042,19.029470414979812,19.053944532898942,232209600
2014-05-27,19.630661010742188,19.637876727596673,19.31688625037646,19.324730368025282,348866000
2014-05-28,19.579830169677734,19.76244680054722,19.572612776749367,19.642898152090574,315481600
2014-05-29,19.93659019470215,19.98334321430994,19.69780794466656,19.700318196400342,376474000
2014-05-30,19.86191749572754,20.212402680732,19.73326957703654,20.018176514394717,564020800
2014-06-02,19.725419998168945,19.91933274823033,19.532449011407426,19.89203501841734,369350800
2014-06-03,20.00436782836914,20.04202160910524,19.71287193104714,19.719460923742037,292709200
2014-06-04,20.232797622680664,20.329127297236955,19.95950018938398,20.001232714654048,335482000
2014-06-05,20.312185287475586,20.375568329210246,20.16345700685698,20.276101662325615,303805600
2014-06-06,20.256324768066406,20.434864321074205,20.221811321661647,20.3921900432463,349938400
2014-06-09,20.580459594726562,20.61999523110182,20.152158263774478,20.360817542805314,301660000
2014-06-10,20.701263427734375,20.876977739855647,20.551906765152058,20.806692350154314,251108000
2014-06-11,20.615598678588867,20.81327681780668,20.529938430883732,20.674901282486456,182724000
2014-06-12,20.270753860473633,20.67269899335405,20.185093642087306,20.655127236829948,218996000
2014-06-13,20.048927307128906,20.303712905383197,19.9610701464986,20.250997603563437,218100000
2014-06-16,20.250993728637695,20.371797510856165,20.086262212377402,20.09944187317846,142244000
2014-06-17,20.224637985229492,20.360814967727098,20.16313848658726,20.275154712370327,118904000
2014-06-18,20.246601104736328,20.270761860558547,20.064297829254333,20.266368081826002,134056000
2014-06-19,20.176315307617188,20.272958328899,20.062100523241302,20.270761439578354,142112000
2014-06-20,19.9676570892334,20.327869872424614,19.965460199800283,20.174119451083808,403592000
2014-06-23,19.950088500976562,20.123605927629683,19.899570090387055,20.057712640032225,174776000
2014-06-24,19.829286575317383,20.149963808781727,19.80951959260923,19.9325186203117,156144000
2014-06-25,19.846853256225586,19.921530739406084,19.690907621581918,19.813906617754807,147476000
2014-06-26,19.9654598236084,19.99840646154176,19.723853938323096,19.849049821881383,130516000
2014-06-27,20.202672958374023,20.20706506128109,19.936904649768575,19.94788742063958,256116000
2014-06-30,20.41133689880371,20.58705121878516,20.226836695249595,20.22903358507675,197929200
2014-07-01,20.540924072265625,20.661727871786603,20.45526380560016,20.540924072265625,152892000
2014-07-02,20.532135009765625,20.659526096904308,20.44647308761987,20.617795256175896,113860000
2014-07-03,20.652942657470703,20.668317534658975,20.4706393452841,20.573871381720753,91567200
2014-07-07,21.079044342041016,21.08343644499535,20.66831317278437,20.677099054428616,225872000
2014-07-08,20.942867279052734,21.26134922881078,20.62877910831795,21.1449375449943,260888000
2014-07-09,20.95164680480957,21.074645768372676,20.813272970801076,20.96262957329993,145744000
2014-07-10,20.87477684020996,20.986794734562718,20.540920046458563,20.593635335410184,158744000
2014-07-11,20.9143123626709,21.061472106507292,20.83524110538123,20.945062109868488,136072000
2014-07-14,21.184471130371094,21.281114150715258,21.008758528341897,21.054883149214643,171240000
2014-07-15,20.93627166748047,21.272323599885294,20.87257529766577,21.261342507270108,181911600
2014-07-16,20.817668914794922,21.327238298117447,20.80888303352818,21.298685440802164,213585200
2014-07-17,20.446481704711914,20.927498426304172,20.332268553275348,20.87258790286163,229192000
2014-07-18,20.740793228149414,20.808881708963195,20.431097217218223,20.56288375209514,199952000
2014-07-21,20.6331729888916,20.865993006199027,20.58485147381216,20.863796116676582,156316000
2014-07-22,20.80449104309082,20.84182978187445,20.672706174849157,20.79570516177664,220788000
2014-07-23,21.347009658813477,21.498561521623905,20.90333181508603,20.958242323169625,371672000
2014-07-24,21.311859130859375,21.3755555004079,21.177877401073715,21.3140560196673,182916000
2014-07-25,21.452438354492188,21.48977710035115,21.226207313923847,21.272331942761834,173876000
2014-07-28,21.748945236206055,21.797266733511478,21.426072976068657,21.485375565475703,221272000
2014-07-29,21.608386993408203,21.841208735190428,21.579834126582035,21.817047972592874,172572000
2014-07-30,21.557865142822266,21.678667251433044,21.452436233234852,21.621561531319877,132040000
2014-07-31,20.99777603149414,21.404113418923245,20.938473425522883,21.34041871003157,227372000
2014-08-01,21.114185333251953,21.22181112221045,20.82425795373813,20.844026605566725,194044000
2014-08-04,20.99557876586914,21.213025560582846,20.90332952457362,21.166900939935086,159832000
2014-08-05,20.892351150512695,21.015350154925475,20.7254227332841,20.945064770155923,223732000
2014-08-06,20.85720443725586,20.97141921741099,20.802293936417758,20.811079817640117,154232000
2014-08-07,20.854999542236328,21.179477893046858,20.771119341394648,20.954329409045755,186844000
2014-08-08,20.912389755249023,20.930048922547666,20.590117530367806,20.806438119598948,167460000
2014-08-11,21.188304901123047,21.208171882512662,20.93445988071102,21.029375786288714,146340000
2014-08-12,21.18389129638672,21.38475882573938,21.104426737677564,21.199342644798463,135180000
2014-08-13,21.4642276763916,21.4642276763916,21.199346883776506,21.223627819574507,127664000
2014-08-14,21.52161979675293,21.537071148731343,21.367106276968766,21.484095325386928,112464000
2014-08-15,21.6275634765625,21.67391751181301,21.380340271156136,21.60990431530412,195804000
2014-08-18,21.88804054260254,21.93439459973337,21.62757368534041,21.740147102341957,190288000
2014-08-19,22.19044303894043,22.223553556757878,21.923354447602556,21.943221431921383,277596000
2014-08-20,22.199270248413086,22.314051455957358,22.062414241970828,22.170575367544696,210796000
2014-08-21,22.201478958129883,22.280943521960964,22.09773346179093,22.19927114133714,133912000
2014-08-22,22.364816665649414,22.39792717330786,22.115387318220474,22.137460428635983,176736000
2014-08-25,22.41338348388672,22.552445625971977,22.355992036837087,22.468567114184626,161080000
2014-08-26,22.26990509033203,22.40455327924824,22.263283324331347,22.386894113865953,132608000
2014-08-27,22.543611526489258,22.640735235257765,22.227961157062023,22.29859612232901,209476000
2014-08-28,22.57010841369629,22.687097459249905,22.41780103073048,22.42442279797751,273840000
2014-08-29,22.625289916992188,22.713584068116575,22.559068882631184,22.70475448459705,178380000
2014-09-02,22.801881790161133,22.89900385594412,22.67385533518456,22.74890428074737,214256000
2014-09-03,21.839473724365234,22.77980155741821,21.760009163252207,22.757728442458085,501684000
2014-09-04,21.65847396850586,22.093319603658138,21.58563116512848,21.819609241839064,342872000
2014-09-05,21.846097946166992,21.938806049863274,21.70041233972634,21.80857347810958,233828000
2014-09-08,21.711444854736328,21.92114194934734,21.643017700845046,21.91893581694929,185426800
2014-09-09,21.629777908325195,22.75331763447084,21.221419330936403,21.870379441599525,759385200
2014-09-10,22.294189453125,22.31847038824517,21.579009985772544,21.634193623032754,403478400
2014-09-11,22.389102935791016,22.391310752580605,21.989573984485098,22.163954461305508,249412400
2014-09-12,22.439870834350586,22.55685985384064,22.31184441586045,22.340539295561765,250504400
2014-09-15,22.43324851989746,22.74669281621502,22.39131010652998,22.6937153192181,245266000
2014-09-16,22.263282775878906,22.351576916544527,21.82843552245901,22.029304734575067,267632400
2014-09-17,22.42221450805664,22.470776375291532,22.203686105499624,22.35378565692072,243706000
2014-09-18,22.46856689453125,22.5921776862875,22.41779721416237,22.499469592470312,149197600
2014-09-19,22.285358428955078,22.59217929756886,22.183820745046354,22.578935764384937,283609600
2014-09-22,22.30742835998535,22.545822027677033,22.20147674150279,22.470773104924437,211153600
2014-09-23,22.656200408935547,22.722421466070536,22.192658061204934,22.205901599003354,253608800
2014-09-24,22.459735870361328,22.70254348890246,22.33833121905545,22.550237825711278,240687200
2014-09-25,21.603288650512695,22.230173895552632,21.5701781348221,22.186027664012357,400368000
2014-09-26,22.239004135131836,22.239004135131836,21.720278320903226,21.748973203844347,249482000
2014-09-29,22.097734451293945,22.170577252079354,21.771046598240826,21.775462232024044,199065200
2014-09-30,22.239004135131836,22.413384617783652,22.190442268561604,22.252247668170686,221056400
2014-10-01,21.892446517944336,22.225756065309625,21.78649322304851,22.203681269323063,205965200
2014-10-02,22.0513858795166,22.122020880959205,21.640819407359206,21.912322010000253,191031200
2014-10-03,21.98957633972168,22.119808915053014,21.861549897345448,21.949844053607364,173878400
2014-10-06,21.98957633972168,22.21693265534822,21.945428419555242,22.062417460872126,148204800
2014-10-07,21.797534942626953,22.099941856450922,21.793120992996826,21.9476344911137,168376800
2014-10-08,22.250051498413086,22.31847869518164,21.70042105419788,21.799752648680048,229618800
2014-10-09,22.298599243164062,22.59879830858117,22.208098970657637,22.413382130331534,309506000
2014-10-10,22.234594345092773,22.521548280399433,22.139678411058988,22.2257647600581,265326400
2014-10-13,22.03150749206543,22.466354678869735,22.03150749206543,22.367024838381717,214333600
2014-10-14,21.797534942626953,22.18823432162009,21.757802659672496,22.159539438847194,254754400
2014-10-15,21.53044319152832,21.88582586893387,21.009509640203554,21.62535909327149,403734400
2014-10-16,21.24791145324707,21.570183742674132,21.060287394315928,21.09119010124241,288618000
2014-10-17,21.55913734436035,21.85271462173841,21.369305547264055,21.521612885045403,272718800
2014-10-20,22.020475387573242,22.06462161634279,21.680544037021534,21.702617151406308,310069200
2014-10-21,22.618669509887695,22.74007250141877,22.353787040593517,22.74007250141877,378495600
2014-10-22,22.73345375061035,22.980677084604963,22.64736739978756,22.700343227046694,273052400
2014-10-23,23.13960075378418,23.188162618932477,22.874718312267316,22.974049859362687,284298800
2014-10-24,23.225692749023438,23.28529034456019,23.073385350104456,23.21686316374555,188215600
2014-10-27,23.20140266418457,23.283075032755164,23.110900713816843,23.144011224538463,136750800
2014-10-28,23.561203002929688,23.561203002929688,23.254382144311595,23.265419544319187,192243600
2014-10-29,23.693641662597656,23.70026511256385,23.47732278434751,23.541335994788664,210751600
2014-10-30,23.614181518554688,23.695852219471508,23.375787814323754,23.60976588473326,162619200
2014-10-31,23.839330673217773,23.848160257037105,23.66495018194554,23.841538490190334,178557200
2014-11-03,24.14835548400879,24.347016877792527,23.841534652970267,23.887888697508032,209130400
2014-11-04,23.971765518188477,24.168219081537902,23.77751977130099,24.139524203814798,166297600
2014-11-05,24.029159545898438,24.12628327183869,23.868022608231264,24.082135358197345,149743600
2014-11-06,24.097888946533203,24.117842080565193,23.898367754454743,24.075720113121548,139874000
2014-11-07,24.166622161865234,24.23534607455972,24.064644142863255,24.108981823690513,134766000
2014-11-10,24.12670135498047,24.237547173913903,24.091229881062745,24.168821616041555,108782000
2014-11-11,24.319578170776367,24.330663432032804,24.031379983216418,24.097886476634837,109769200
2014-11-12,24.663196563720703,24.703101129186592,24.24641686214495,24.248632560901374,187769600
2014-11-13,25.011253356933594,25.150918495756777,24.740789257400593,24.785128604833226,238091600
2014-11-14,25.31275177001953,25.31496916002562,24.654327322170715,25.08440964920958,176254400
2014-11-17,25.270633697509766,25.999999515203044,25.11766759105919,25.33270709622864,186986800
2014-11-18,25.598745346069336,25.647517799217923,25.24847199288745,25.259557256375306,176896000
2014-11-19,25.421382904052734,25.658592918735657,25.228512237340983,25.592086433838674,167476800
2014-11-20,25.78495216369629,25.90688323305529,25.46128259665668,25.474585244187665,173582000
2014-11-21,25.82042694091797,26.064287419483122,25.722882072942674,26.050986461622156,228717200
2014-11-24,26.29928207397461,26.330318772312243,25.85368303725294,25.904671173933387,189803200
2014-11-25,26.070940017700195,26.547577445816213,26.037685928971502,26.396827042769594,275361600
2014-11-26,26.381309509277344,26.403478338657546,26.121930653645123,26.146316873375326,163073200
2014-11-28,26.365795135498047,26.4699905098081,26.170707039610694,26.441169505031734,99257600
2014-12-01,25.51006317138672,26.436734520341684,24.66763405729188,26.33918963370219,335256000
2014-12-02,25.412513732910156,25.66080899471227,24.99573403156638,25.162002772352853,237395600
2014-12-03,25.700712203979492,25.793822287977136,25.518925124633757,25.6608076406415,172253600
2014-12-04,25.603168487548828,25.98226101056499,25.558830833573975,25.665241879662855,168178000
2014-12-05,25.494544982910156,25.733972419983626,25.414735837219,25.71401928787413,153275600
2014-12-08,24.918142318725586,25.416948541643865,24.74522309873361,25.295017455047937,230659600
2014-12-09,25.29945945739746,25.339364034277175,24.241989015771903,24.42821093833508,240832000
2014-12-10,24.818378448486328,25.461284543461264,24.727485755501267,25.363741371888636,178261200
2014-12-11,24.745227813720703,25.228515780556084,24.683152717842937,24.88711036440876,165606800
2014-12-12,24.326223373413086,24.800643327654946,24.29296929054376,24.488057316605346,224112400
2014-12-15,23.993688583374023,24.740788378821897,23.57690718917354,24.54126555089327,268872400
2014-12-16,23.665584564208984,24.421553932170685,23.55695612503971,23.581342342804486,243162800
2014-12-17,24.25528907775879,24.35061488255999,23.6811067101843,23.747614895003196,213647200
2014-12-18,24.97356414794922,24.97356414794922,24.532398247976165,24.80064493546596,236024800
2014-12-19,24.78069305419922,25.104362669218304,24.75409113793961,24.887105793356984,353719200
2014-12-22,25.03785514831543,25.15978453931675,24.82281398014958,24.864935934310363,180670000
2014-12-23,24.949176788330078,25.124313382821743,24.931441051613035,25.10214455761191,104113600
2014-12-24,24.831684112548828,24.98686760301388,24.831684112548828,24.958048295176997,57918400
2014-12-26,25.270633697509766,25.388130015280954,24.831685125784443,24.851636564784112,134884000
2014-12-29,25.252899169921875,25.4435524517826,25.206342430392432,25.22629556038694,110395600
2014-12-30,24.94474220275879,25.255110832232706,24.85384951127864,25.193037444612514,119526000
2014-12-31,24.47032356262207,25.079975596248364,24.43263638829107,25.011251726424412,165613600
2015-01-02,24.237550735473633,24.70532029541843,23.79860048379208,24.69423503534699,212818400
2015-01-05,23.554744720458984,24.086805174772298,23.368524491704783,24.006996022056626,257142000
2015-01-06,23.55695152282715,23.81633030688087,23.19559310729505,23.61902490451117,263188400
2015-01-07,23.88727378845215,23.987034348142444,23.654496894010858,23.765342712054718,160423600
2015-01-08,24.80507469177246,24.862714985314312,24.097877897978044,24.215375874798344,237458000
2015-01-09,24.831684112548828,25.106581306246863,24.432638435105563,24.977999733362566,214798000
2015-01-12,24.21980857849121,24.96912561715125,24.12004802977422,24.96247513941982,198603200
2015-01-13,24.434858322143555,25.006823287798543,24.14444274972402,24.70310506385616,268367600
2015-01-14,24.341747283935547,24.494713393902764,24.053547421688574,24.17326113255855,195826400
2015-01-15,23.681100845336914,24.39938128317444,23.645631062558422,24.386080326054127,240056000
2015-01-16,23.49710464477539,23.849595354822647,23.321967985130645,23.727664233749223,314053200
2015-01-20,24.102323532104492,24.157746460869866,23.610167654048226,23.907233740371307,199599600
2015-01-21,24.286327362060547,24.621080624373143,24.00256055420087,24.153310983755834,194303600
2015-01-22,24.918142318725586,24.933660666894788,24.324008616661335,24.443722313126493,215185600
2015-01-23,25.04672622680664,25.217428072632536,24.725272282705173,24.895975819904326,185859200
2015-01-26,25.073328018188477,25.352660001314483,25.006821530740638,25.21521055439176,222460000
2015-01-27,24.195425033569336,24.935875977807996,24.171038818283535,24.922573329505678,382274800
2015-01-28,25.56326675415039,26.186221517154262,25.56326675415039,26.077591377548313,585908400
2015-01-29,26.359140396118164,26.423431184589887,25.61868932490351,25.78717547085102,337745600
2015-01-30,25.97339630126953,26.602999818446985,25.904670734938115,26.24829349247566,334982000
2015-02-02,26.29928207397461,26.41899577815114,25.73396933307641,26.17070219145008,250956400
2015-02-03,26.30372428894043,26.401267500696697,26.073164685143794,26.270470190930336,207662800
2015-02-04,26.50545883178711,26.7160669593945,26.228344209703778,26.27046617349994,280598800
2015-02-05,26.69463539123535,26.75917990136998,26.54106391201681,26.712439426613575,168984800
2015-02-06,26.469846725463867,26.763634579747894,26.363014006611284,26.71244351282826,174826400
2015-02-09,26.645679473876953,26.672386384989608,26.35856829307448,26.385276902235912,155559200
2015-02-10,27.157573699951172,27.186508442480807,26.743601417936667,26.745825861171046,248034000
2015-02-11,27.79412078857422,27.80302365774681,27.264412808170146,27.32450505252429,294247200
2015-02-12,28.145776748657227,28.372795669606173,27.947692577307883,28.05674975412918,297898000
2015-02-13,28.28376579284668,28.328278436550338,27.96549546602483,28.328278436550338,217088800
2015-02-17,28.450695037841797,28.68439069759659,28.24815857298114,28.375021494492632,252609600
2015-02-18,28.648773193359375,28.662126646062973,28.36611265877822,28.406174714937425,179566800
2015-02-19,28.58868408203125,28.71777314010031,28.561977172119512,28.595360809509188,149449600
2015-02-20,28.822376251220703,28.822376251220703,28.49965534307122,28.626516545928553,195793600
2015-02-23,29.60135841369629,29.60135841369629,28.857986769347917,28.938110882852925,283896400
2015-02-24,29.41663360595703,29.734905680161766,29.194066956842338,29.588010876682656,276912400
2015-02-25,28.664350509643555,29.289765499417644,28.521908023525217,29.280860933730825,298846800
2015-02-26,29.02713966369629,29.12729396862077,28.179161341319833,28.664354967712665,365150000
2015-02-27,28.590904235839844,29.060519853426552,28.541939316766616,28.93365527325596,248059200
2015-03-02,28.73111915588379,28.99597393092262,28.555293050994763,28.76673062394371,192386800
2015-03-03,28.791213989257812,28.826825458437778,28.508553471298843,28.702188712404517,151265200
2015-03-04,28.608713150024414,28.835732063722944,28.559751615792635,28.73335331565114,126665200
2015-03-05,28.1346492767334,28.655454390000926,27.989980623698415,28.617618469406004,226068400
2015-03-06,28.17693328857422,28.7934420686846,28.101261454083147,28.577552179150562,291368400
2015-03-09,28.297119140625,28.837957778090015,27.83418017642311,28.479623696005753,354114000
2015-03-10,27.711772918701172,28.314928311443243,27.553750807514756,28.13464987578879,275426400
2015-03-11,27.2065372467041,27.769630401366676,27.177604203683053,27.76517981707428,275756000
2015-03-12,27.698415756225586,27.79857175613911,27.070777942685456,27.22212331535712,193450800
2015-03-13,27.507007598876953,27.90985433352595,27.282216536512934,27.687287714754685,207309200
2015-03-16,27.809696197509766,27.809696197509766,27.346758956585212,27.571550001661393,143497200
2015-03-17,28.27486228942871,28.33718066843354,27.965494837905844,28.021136490309935,204092400
2015-03-18,28.593130111694336,28.746701602291754,28.125740611932834,28.265956952446786,261083600
2015-03-19,28.377246856689453,28.76673848021264,28.354990532097872,28.655455159206014,183238000
2015-03-20,28.021129608154297,28.577544297487986,27.856430832942756,28.544160672683525,274780400
2015-03-23,28.312698364257812,28.455140859366967,28.15912685938606,28.292668184343317,150838800
2015-03-24,28.196962356567383,28.497425221015355,28.168027612576598,28.317148521175586,131369200
2015-03-25,27.46027374267578,28.225903592078875,27.46027374267578,28.163585199322597,206620800
2015-03-26,27.65167236328125,27.794114843477228,27.286663295523013,27.322274764596163,190291600
2015-03-27,27.43133544921875,27.75405636351956,27.355663614766957,27.72512331470832,158184800
2015-03-30,28.125741958618164,28.13241868495542,27.598258503345505,27.60938751260654,188398800
2015-03-31,27.693960189819336,28.15244681072186,27.6783805968192,28.06341983727182,168362400
2015-04-01,27.653905868530273,27.847539462569245,27.39795388506692,27.780768789300975,162485600
2015-04-02,27.89204216003418,27.945457660759356,27.640542550157,27.82749765171919,128880400
2015-04-06,28.34385108947754,28.37946255415707,27.671700825108353,27.70286000767889,148776000
2015-04-07,28.045618057250977,28.515232026334367,28.03894133086354,28.40840100803854,140049200
2015-04-08,27.954364776611328,28.13241873682573,27.81414842912516,28.010006426922278,149316800
2015-04-09,28.16802978515625,28.172482068289785,27.745154582088954,28.010007694885584,129936000
2015-04-10,28.2882137298584,28.31269619101809,27.878692012365974,28.032261807401454,160752000
2015-04-13,28.23257064819336,28.615387139797868,28.17915514385127,28.5708711064243,145460400
2015-04-14,28.110166549682617,28.3305070418597,28.02336569827805,28.265962514242442,102098400
2015-04-15,28.216989517211914,28.294887477224574,28.045614005184056,28.134640972933457,115881600
2015-04-16,28.08123016357422,28.28821718902274,28.067876709689976,28.105712627727698,113476000
2015-04-17,27.765182495117188,28.07454992374797,27.700637979338687,27.94323644885431,207828000
2015-04-20,28.399499893188477,28.515233786494267,27.8586629477924,27.947689933899905,188217200
2015-04-21,28.245929718017578,28.533039154983896,28.192512508213536,28.510784531304967,129740400
2015-04-22,28.626514434814453,28.682156083705696,28.11461228384406,28.263731495340977,150618000
2015-04-23,28.86021614074707,29.02714112271059,28.519689449229297,28.555300927111567,183083600
2015-04-24,28.995973587036133,29.073873247981275,28.76227800029719,29.042714062822512,178103600
2015-04-27,29.523462295532227,29.630296723789787,29.189612348446236,29.44779045592275,387816800
2015-04-28,29.058290481567383,29.94410446846122,28.83795175345525,29.926302131643034,475696000
2015-04-29,28.63096809387207,29.28753890312954,28.55529626280579,28.969270286299476,253544400
2015-04-30,27.85420799255371,28.630964885927803,27.727345109119845,28.630964885927803,332781600
2015-05-01,28.699962615966797,28.962592971997786,27.88759587803151,28.065648140599507,234050400
2015-05-04,28.64432144165039,29.06052330317985,28.546391591878752,28.822375405226378,203953200
2015-05-05,27.998886108398438,28.58868639055813,27.994433824354495,28.52191571428968,197085600
2015-05-06,27.823049545288086,28.210314931617717,27.455814336746123,28.168026736668235,288564000
2015-05-07,27.995149612426758,28.17841652722197,27.718012947016163,27.885635187565743,175763600
2015-05-08,28.522600173950195,28.522600173950195,28.185120262756058,28.312513093384876,222201600
2015-05-11,28.232051849365234,28.509186777069623,28.077838860535024,28.471192816243498,168143200
2015-05-12,28.1314697265625,28.35719968026921,27.89679801432942,28.07112479249533,192640000
2015-05-13,28.162765502929688,28.426491170136035,28.131476161493442,28.19405484436593,138776800
2015-05-14,28.81984519958496,28.81984519958496,28.41978835091865,28.475662422034667,180814000
2015-05-15,28.779617309570312,28.94053490611256,28.65445993676693,28.846666876510024,152832000
2015-05-18,29.096982955932617,29.21543571850021,28.687984330162653,28.692455210905617,203531600
2015-05-19,29.07016372680664,29.25119517387914,28.974058549918123,29.208730333645796,178532800
2015-05-20,29.067922592163086,29.27353873903243,28.90700501456408,29.054513362410205,145819600
2015-05-21,29.365177154541016,29.418817491382214,29.016523490780013,29.07016382762121,158921600
2015-05-22,29.6221981048584,29.718303287216482,29.36741245924062,29.412114447472042,182384000
2015-05-26,28.96958351135254,29.704888100810432,28.857835383738582,29.635604807334932,282790400
2015-05-27,29.510454177856445,29.55962364372095,29.065698659741216,29.130511095498946,183332800
2015-05-28,29.45233726501465,29.49033122049038,29.300361443111733,29.470217375288346,122933200
2015-05-29,29.117090225219727,29.37858041993668,29.032160561706146,29.32941097372166,203538000
2015-06-01,29.175201416015625,29.36517460852647,29.065690426931717,29.11709361385442,128451200
2015-06-02,29.045578002929688,29.202024716623274,28.902540520369467,29.023227010852352,134670400
2015-06-03,29.08133316040039,29.264601736210718,29.032163708855297,29.20202305429558,123934000
2015-06-04,28.91147804260254,29.184143768776664,28.810905401701508,28.960647495537707,153800400
2015-06-05,28.752798080444336,28.98523614583699,28.68798565295545,28.942771302527778,142507200
2015-06-08,28.562820434570312,28.877950954532867,28.346028806818655,28.808664254815543,210699200
2015-06-09,28.477901458740234,28.625409852415125,28.07560909489732,28.31698383114641,224301600
2015-06-10,28.804195404052734,28.90700176077434,28.57399285331299,28.58963752131075,156349200
2015-06-11,28.7393856048584,29.09474386884714,28.714800877836893,28.871247590572576,141563600
2015-06-12,28.422025680541992,28.681282221775838,28.408616447423533,28.64999287440507,147544800
2015-06-15,28.36614990234375,28.43766864992524,28.09571958476557,28.18288300509484,175955600
2015-06-16,28.518129348754883,28.5740034273007,28.243229837188753,28.390736517876093,125976400
2015-06-17,28.45107650756836,28.580703051243066,28.325917433993066,28.544944533893883,131672400
2015-06-18,28.580713272094727,28.676816772979137,28.433206564424395,28.435442005414785,141628800
2015-06-19,28.294631958007812,28.567297723759552,28.249933378928493,28.542712993723477,218867600
2015-06-22,28.520362854003906,28.6209355065051,28.40191008834739,28.493542684270917,136157200
2015-06-23,28.390737533569336,28.520365809667116,28.35721274421417,28.491311901634834,121075600
2015-06-24,28.632102966308594,29.009812151267777,28.41084216983035,28.430956012627934,221123600
2015-06-25,28.495769500732422,28.87571241201915,28.495769500732422,28.799724511818173,127752400
2015-06-26,28.328155517578125,28.6052904471744,28.27451688397852,28.53377170066112,176267200
2015-06-29,27.831995010375977,28.26557839428839,27.82082121804163,28.039846645379797,196645600
2015-06-30,28.033140182495117,28.187353170768603,27.90574736331223,28.06442952719678,177482800
2015-07-01,28.294631958007812,28.37062158861245,28.158299075131943,28.361681531768287,120955200
2015-07-02,28.258872985839844,28.314747061370124,28.10912916751118,28.25663754537902,108844000
2015-07-06,28.160524368286133,28.211929250331497,27.90350336834106,27.923618915277377,112241600
2015-07-07,28.09124755859375,28.194055641238762,27.662133411506012,28.135946131868533,187787200
2015-07-08,27.393938064575195,27.856575280654905,27.387233449219746,27.82081676371209,243046400
2015-07-09,26.835203170776367,27.726953013346197,26.645231639120965,27.68001899059427,314380000
2015-07-10,27.55262565612793,27.680018488469813,27.089988348660913,27.25314141015077,245418000
2015-07-13,28.08454132080078,28.106890606147157,27.78505544070762,27.943737583350398,165762000
2015-07-14,28.0733642578125,28.24322188621343,27.945971462797072,28.169467714062108,127072400
2015-07-15,28.343788146972656,28.417542302547762,28.066653335129438,28.09794266686299,134596800
2015-07-16,28.72150993347168,28.734922576878994,28.462255097267985,28.549418522858513,144889600
2015-07-17,28.96958351135254,28.96958351135254,28.67680396264912,28.84889703405364,184658800
2015-07-20,29.517152786254883,29.7182980567629,29.21096059011771,29.271305535383036,235600800
2015-07-21,29.222139358520508,29.707125889309452,29.12603759259452,29.69148292265571,307025600
2015-07-22,27.986204147338867,28.048782832229605,27.26431042059781,27.26431042059781,461802400
2015-07-23,27.972795486450195,28.404141673972873,27.950444494126867,28.205230119312716,203998000
2015-07-24,27.825292587280273,28.102427554083405,27.691195132707254,28.008559506396455,168649200
2015-07-27,27.438636779785156,27.62637453642065,27.29336556595134,27.510155519184096,177822000
2015-07-28,27.574966430664062,27.693420874277674,27.389465840958135,27.574966430664062,134472400
2015-07-29,27.48780632019043,27.601789897612022,27.326888729746123,27.523566542574166,148046800
2015-07-30,27.349241256713867,27.393939832061694,27.201732888811602,27.338065760306236,134513200
2015-07-31,27.110107421875,27.409591706715727,27.02294398344274,27.4006516482686,171540000
2015-08-03,26.470897674560547,27.393936617805483,26.26527981871911,27.154795686957268,279904000
2015-08-04,25.621612548828125,26.305510597188796,25.310952866393624,26.242931913697134,496554400
2015-08-05,25.79146957397461,26.247402163645372,25.053931210213424,25.24390269629094,397250400
2015-08-06,25.84759521484375,26.155171669995845,25.6208434576588,26.036182751048223,211612000
2015-08-07,25.935155868530273,26.09904741455517,25.706158528744663,25.724119574610878,154681600
2015-08-10,26.878087997436523,26.938704381143143,26.161907196752338,26.161907196752338,219806400
2015-08-11,25.479406356811523,26.532349173520984,25.443485976075305,26.449280616725197,388331200
2015-08-12,25.872297286987305,25.912708789014243,24.61280747215082,25.2638809102027,404870000
2015-08-13,25.85208511352539,26.13271998945845,25.71513515704131,26.05189700816098,194143200
2015-08-14,26.033939361572266,26.112516794513375,25.596149583143525,25.66574649334,171718000
2015-08-17,26.303348541259766,26.41335694167236,25.93066457455252,26.05189905602863,163538800
2015-08-18,26.155170440673828,26.366208415520436,26.045162048893072,26.13945495613372,138242800
2015-08-19,25.820659637451172,26.15966540643854,25.746571603357356,26.065372479151712,193146000
2015-08-20,25.290817260742188,25.672480035526398,25.061818225584076,25.6118636514313,274006400
2015-08-21,23.743961334228516,25.122440013835654,23.719265322634598,24.792413052407607,513102000
2015-08-24,23.151254653930664,24.42645956080686,20.654726255156334,21.29906452778893,648825200
2015-08-25,23.290456771850586,24.945081158898475,23.236575337624984,24.945081158898475,414406400
2015-08-26,24.626270294189453,24.671171185754808,23.584553851568398,24.042548426684522,387098400
2015-08-27,25.351428985595703,25.423271437511183,24.70035580162839,25.19651971566308,338464400
2015-08-28,25.43450164794922,25.43899105254729,25.04161280052923,25.183052168971024,212657600
2015-08-31,25.31551170349121,25.712889939424134,25.144885217060533,25.151620180114747,224917200
2015-09-01,24.18399429321289,25.117946383585018,24.10317130205401,24.729548627105544,307383600
2015-09-02,25.22122573852539,25.22122573852539,24.500555325768413,24.74751547491314,247555200
2015-09-03,24.77893829345703,25.320001458230458,24.70485027311687,25.254893959706628,212935600
2015-09-04,24.531982421875,24.7969018657635,24.36135761675743,24.464631066021123,199985200
2015-09-08,25.21448516845703,25.270612151175783,24.767714865616448,25.088761275282092,219374400
2015-09-09,24.72954750061035,25.598392046700837,24.644233395573615,25.540021221302467,340043200
2015-09-10,25.27285385131836,25.432254252358536,24.673418178492778,24.756485004003405,251571200
2015-09-11,25.64104461669922,25.64104461669922,25.091000999115515,25.09773596141797,199662000
2015-09-14,25.888010025024414,26.242732981471587,25.78698213712246,26.173136068155117,233453600
2015-09-15,26.105789184570312,26.161916182890376,25.688204180040238,26.027211729494237,173364800
2015-09-16,26.134965896606445,26.16415130746334,25.91719295592064,26.09904380983546,148694000
2015-09-17,25.57594108581543,26.1529263547926,25.531040188275043,25.96658608842649,256450400
2015-09-18,25.470420837402344,25.661253924694364,25.115699653449386,25.192031518078707,297141200
2015-09-21,25.865562438964844,25.901484535533204,25.51757612097302,25.51981996736366,200888000
2015-09-22,25.459199905395508,25.63431581880713,25.261631828430936,25.45470878754108,201384800
2015-09-23,25.665742874145508,25.755546376068878,25.43674557145728,25.51083187614918,143026800
2015-09-24,25.818408966064453,25.93066291809082,25.227953795035138,25.425520133972167,200878000
2015-09-25,25.753307342529297,26.19783384760581,25.598396305283583,26.14170685879038,224607600
2015-09-28,25.243671417236328,25.72187267672953,25.243671417236328,25.560226698067176,208436000
2015-09-29,24.484838485717773,25.483899972818953,24.2154296087803,25.331234485791757,293461600
2015-09-30,24.76323127746582,25.041620697542985,24.410753811710542,24.734044143365967,265892000
2015-10-01,24.601577758789062,24.610558280940232,24.091943832081967,24.48707824243601,255716400
2015-10-02,24.781187057495117,24.92262816309932,24.1458308568426,24.249104308937568,232079200
2015-10-05,24.870990753173828,25.003451336098365,24.48708235918129,24.668933252951508,208258800
2015-10-06,24.989971160888672,25.086509616204506,24.64422882587054,24.837305736502213,192787200
2015-10-07,24.870990753173828,25.09325314698851,24.56341595386961,25.086518182457723,187062400
2015-10-08,24.583616256713867,24.738527263432836,24.294000845954656,24.738527263432836,247918400
2015-10-09,25.171833038330078,25.207753421166636,24.581376008554745,24.695875547512134,211064400
2015-10-12,25.05508804321289,25.31327254029787,25.019167660228614,25.308783134747262,121868800
2015-10-13,25.097749710083008,25.245924100485254,24.84854569122184,24.87997667442414,132197200
2015-10-14,24.743019104003906,25.03712394828069,24.597088604901675,24.98548808286365,177849600
2015-10-15,25.11345672607422,25.16733814868498,24.80588025098785,24.904664286490533,150694000
2015-10-16,24.929367065429688,25.144894527263027,24.8148675125351,25.0955024960983,156930400
2015-10-19,25.084272384643555,25.08876178969489,24.72056891253932,24.875479936134393,119036800
2015-10-20,25.542264938354492,25.63206844763822,24.879967268998524,24.99671063206574,195871200
2015-10-21,25.54002571105957,25.94863012497534,25.526554068872166,25.593907141229842,167180800
2015-10-22,25.930667877197266,25.930667877197266,25.616356408841117,25.66799399030679,166616400
2015-10-23,26.734403610229492,26.76808014090915,26.11700682825398,26.200073662689697,237467600
2015-10-26,25.88127899169922,26.52112637559676,25.800455983958486,26.509902004602715,265335200
2015-10-27,25.717388153076172,26.16415852516625,25.591662527554156,25.90821958132692,279537600
2015-10-28,26.77705955505371,26.78379623162936,26.05638931881799,26.25171183088282,342205600
2015-10-29,27.0599422454834,27.095864338734838,26.552553811894782,26.649092296433416,204909200
2015-10-30,26.828699111938477,27.21485304685405,26.81747302967664,27.163215466453153,197461200
2015-11-02,27.205875396728516,27.246286899135292,26.853397958514936,27.12056298625193,128813200
2015-11-03,27.517934799194336,27.72448166785264,27.09810438569282,27.118310988528656,182076000
2015-11-04,27.389970779418945,27.798575193023755,27.304658372309294,27.643664154434862,179544400
2015-11-05,27.263702392578125,27.662783358908804,27.09685586731794,27.47338856466931,158210800
2015-11-06,27.29526710510254,27.464368796343848,27.19606194930443,27.306541239261836,132169200
2015-11-09,27.184791564941406,27.46437258470477,27.06754846639277,27.272724318900785,135485600
2015-11-10,26.328006744384766,26.62111704753071,26.167924007192934,26.357318806814234,236511600
2015-11-11,26.179201126098633,26.47456491372113,25.9762787177279,26.23782353744832,180872000
2015-11-12,26.091266632080078,26.33928212793578,26.075483874712667,26.213020068996485,130102400
2015-11-13,25.329181671142578,26.057447155325942,25.313398913042832,25.974023022403507,183249600
2015-11-16,25.744047164916992,25.75757475270898,25.02705576868221,25.11273335835102,152426800
2015-11-17,25.633563995361328,25.940201887265186,25.550139869410955,25.910889824535648,110467600
2015-11-18,26.44525909423828,26.490352205953155,26.04166937967995,26.10029180106284,186698800
2015-11-19,26.78120231628418,26.999907478817157,26.325755782085313,26.52416784408029,173183200
2015-11-20,26.89844512939453,27.038234770748733,26.796983074659412,26.87589685932573,137148400
2015-11-23,26.54897117614746,26.995400492936465,26.456528072899424,26.891683253129298,129930000
2015-11-24,26.80374526977539,26.90971594009224,26.406921199054125,26.454269467031388,171212800
2015-11-25,26.612092971801758,26.88265667354652,26.587291256137046,26.87814633241232,85553200
2015-11-27,26.56249237060547,26.697775095987275,26.51514410479836,26.67071820687265,52185600
2015-11-30,26.67298126220703,26.9232519698755,26.54897263401389,26.60308470804734,156721200
2015-12-01,26.456525802612305,26.78796543478524,26.348301669775168,26.77443784822849,139409600
2015-12-02,26.217533111572266,26.630141763993894,26.17244000297407,26.456529683487997,133546400
2015-12-03,25.97402000427246,26.332516496869523,25.75306141655099,26.27840443541406,166278000
2015-12-04,26.837566375732422,26.887169815402363,25.953728585841446,25.994313061917634,231108000
2015-12-07,26.6684627532959,27.024704048666933,26.562492088959715,26.826292024504085,128336800
2015-12-08,26.657194137573242,26.7406165463424,26.348301063499722,26.497109672774585,137238000
2015-12-09,26.068723678588867,26.53544439107156,25.946970224872715,26.524170254171413,185445600
2015-12-10,26.192726135253906,26.366338180957943,26.043917530556215,26.163415792559743,116850800
2015-12-11,25.518571853637695,26.01685794907438,25.44416669888514,25.97176485417718,187544800
2015-12-14,25.360750198364258,25.40584330374682,24.754238125876054,25.293108820098706,257274800
2015-12-15,24.91205596923828,25.43289024967105,24.88049046378066,25.23898687603652,213292400
2015-12-16,25.103715896606445,25.250271080500156,24.531026190017453,25.042840027704788,224954000
2015-12-17,24.571609497070312,25.308892283775666,24.571609497070312,25.257033662969082,179091200
2015-12-18,23.90646743774414,24.693353425186913,23.856864004003178,24.555818977347712,385813200
2015-12-21,24.199588775634766,24.20860774227873,23.802762844260442,24.188314637281817,190362400
2015-12-22,24.177032470703125,24.28751175720932,24.001165272345258,24.21536177334121,131157600
2015-12-23,24.488183975219727,24.54229604416937,24.17027191473331,24.186054673184938,130629600
2015-12-24,24.35740852355957,24.5761136635021,24.33937059609821,24.5761136635021,54281600
2015-12-28,24.08458709716797,24.280745653474778,23.9402871431691,24.25819738800715,106816800
2015-12-29,24.517486572265625,24.673060656543264,24.09360567910691,24.1161522240276,123724800
2015-12-30,24.19732666015625,24.508473179220985,24.165761146056557,24.481418007244965,100855200
2015-12-31,23.732858657836914,24.131937883584733,23.633651784009544,24.12742926213409,163649200
2016-01-04,23.753149032592773,23.757659374044465,22.997828537412097,23.13536470843741,270597600
2016-01-05,23.157909393310547,23.86588156747759,23.09026975869442,23.843335022605547,223164000
2016-01-06,22.7047176361084,23.081252008015664,22.51757975567741,22.67315212759275,273829600
2016-01-07,21.746477127075195,22.57620283984095,21.74196850545963,22.249273586684012,324377600
2016-01-08,21.861465454101562,22.346223957897735,21.81637235987501,22.21996191791037,283192000
2016-01-11,22.215452194213867,22.334950445409778,21.947143631587423,22.314659068500887,198957600
2016-01-12,22.537874221801758,22.70246729894013,22.285348398855252,22.670901786095747,196616800
2016-01-13,21.958415985107422,22.815198491300194,21.938124609843808,22.619039929462637,249758400
2016-01-14,22.438671112060547,22.65512283678372,21.586398681658064,22.086940069720914,252680400
2016-01-15,21.899797439575195,22.030569837123405,21.500718174178445,21.690111257365654,319335600
2016-01-19,21.7938289642334,22.24251168137656,21.53228416336344,22.18839961644163,212350800
2016-01-20,21.823139190673828,22.138796054786017,21.063308233798463,21.442096126694782,289337600
2016-01-21,21.712663650512695,22.068903334658593,21.406025697436156,21.884018838261724,208646000
2016-01-22,22.867067337036133,22.876086304157223,22.179387865925783,22.23800857192474,263202000
2016-01-25,22.42063331604004,22.891862603783906,22.368774699782414,22.88960743259229,207178000
2016-01-26,22.544635772705078,22.74530296448651,22.111735879436683,22.53110818860021,300308000
2016-01-27,21.063308715820312,21.787063832700888,21.045270787128768,21.654037979031745,533478800
2016-01-28,21.21437644958496,21.311328184120864,20.831079854550108,21.146736784680392,222715200
2016-01-29,21.947145462036133,21.947145462036133,21.27299382328388,21.37220070584501,257666000
2016-02-01,21.741968154907227,21.805099177655535,21.509735441143935,21.75098711818432,163774000
2016-02-02,21.302303314208984,21.65403426236576,21.257208500220127,21.514242919287195,149428800
2016-02-03,21.723928451538086,21.83440773231145,21.21211479881186,21.41954577664506,183857200
2016-02-04,21.898483276367188,22.06396947259922,21.57884792409105,21.730731401623157,185886800
2016-02-05,21.313617706298828,21.971025981954458,21.238810532180526,21.880348680221665,185672400
2016-02-08,21.538047790527344,21.69446438775061,21.091463436407842,21.111864924492025,216085600
2016-02-09,21.53350830078125,21.748867095584664,21.29321493579432,21.374824329473952,177324800
2016-02-10,21.37029266357422,21.84181329000121,21.33175536907968,21.74433548482184,169374400
2016-02-11,21.241077423095703,21.47230464218728,20.989448717950868,21.261480638674737,200298800
2016-02-12,21.306814193725586,21.42242778029908,21.084656651945615,21.352153702933542,161405600
2016-02-16,21.90755271911621,21.95515791409869,21.447367438093213,21.540310419861186,196231600
2016-02-17,22.243059158325195,22.26346064438002,21.796474848627966,21.914354136949324,179452800
2016-02-18,21.821409225463867,22.417609568857365,21.78287020599631,22.40627425792121,156084000
2016-02-19,21.77153205871582,21.934750816623165,21.717126382588457,21.762464157773717,141496800
2016-02-22,21.961956024169922,21.966490840071426,21.744331558086568,21.83274144338526,137123200
2016-02-23,21.465503692626953,21.875816379034177,21.433766895309585,21.853147485168304,127770400
2016-02-24,21.78513526916504,21.848608852713806,21.154930790323082,21.304548576852696,145022800
2016-02-25,21.934757232666016,21.934757232666016,21.59245122245748,21.7738058352963,110330800
2016-02-26,21.9687557220459,22.220382630830805,21.89394683400225,22.034494979329367,115964400
2016-02-29,21.918893814086914,22.2680003989326,21.90982590843202,21.95743111597559,140865200
2016-03-01,22.789384841918945,22.843790529227164,22.08437139689242,22.136511405643443,201628400
2016-03-02,22.839258193969727,22.87099499007076,22.587629503793217,22.78485250487163,132678400
2016-03-03,23.00927734375,23.056882537607784,22.771249644935427,22.80072076222286,147822800
2016-03-04,23.35158920288086,23.519341127620194,22.979813732093096,23.206506176696664,184220400
2016-03-07,23.09315299987793,23.310777473616483,22.886862107240784,23.211032274580887,143315600
2016-03-08,22.902732849121094,23.06821906177893,22.759917260038176,22.846059749235305,126247600
2016-03-09,22.92313575744629,23.027414052296553,22.73044583679451,22.966206136705175,108806800
2016-03-10,22.93446922302246,23.17703001687174,22.703243740751244,22.988876643166282,134054400
2016-03-11,23.181562423706055,23.186095510150654,23.009275736877065,23.177027607735916,109632800
2016-03-14,23.240501403808594,23.32891302076485,23.072749531443367,23.102220646937305,100304400
2016-03-15,23.70749282836914,23.843507929470757,23.542006606852844,23.566942910499492,160270800
2016-03-16,24.022592544555664,24.09966712601931,23.70975594337211,23.71429075964977,153214000
2016-03-17,23.98405647277832,24.135939964811694,23.79363395852878,23.92058114834464,137682800
2016-03-18,24.011255264282227,24.142737253141327,23.845770803757425,24.106465643997222,176820800
2016-03-21,24.008989334106445,24.40343356702225,23.834435243600403,24.01352242043917,142010800
2016-03-22,24.192609786987305,24.32182436755188,23.85030382707832,23.85937172934037,129777600
2016-03-23,24.058862686157227,24.271954085834214,24.006724405082437,24.138206406139542,102814000
2016-03-24,23.954586029052734,24.086068039081677,23.77776622981937,23.909248239848313,104532000
2016-03-28,23.845779418945312,24.072471869420614,23.816308293486795,24.02939975038194,77645600
2016-03-29,24.410232543945312,24.435168841038994,23.775493266238612,23.77776067402678,124760400
2016-03-30,24.8364200592041,25.031375671524557,24.618795551630864,24.630130864020177,182404400
2016-03-31,24.70720100402832,24.91349189158519,24.682264704883522,24.87268719566875,103553600
2016-04-01,24.93389892578125,24.936166334260715,24.528119284253354,24.659601303647495,103496000
2016-04-04,25.190061569213867,25.43262238207788,24.997371634435904,25.031375842310005,149424800
2016-04-05,24.893095016479492,25.101653365108593,24.80468510773956,24.82508832565507,106314800
2016-04-06,25.153789520263672,25.15832433698267,24.754810395757254,24.988305030062563,105616400
2016-04-07,24.60519790649414,25.031379075591563,24.509987495769092,24.924833350935685,127207600
2016-04-08,24.63239097595215,24.884017887106307,24.521310481923138,24.689064062059686,94326800
2016-04-11,24.714000701904297,25.07444245913687,24.67093032892686,24.702667121447277,117630000
2016-04-12,25.03590202331543,25.049503009963257,24.63238994386088,24.786539071270248,108929200
2016-04-13,25.39862060546875,25.466627298200994,25.11752247055157,25.11752247055157,133029200
2016-04-14,25.412214279174805,25.477955273883552,25.237661915622667,25.303402910331414,101895600
2016-04-15,24.902156829833984,25.457554181436986,24.874954851968493,25.41448207711589,187756000
2016-04-18,24.364900588989258,24.69813697343318,24.242486482049816,24.684535982504066,243286000
2016-04-19,24.23568344116211,24.48277730789355,24.081532551894348,24.455573599366666,129539600
2016-04-20,24.285551071166992,24.503175521759335,24.04299032346794,24.174472302844165,122444000
2016-04-21,24.022592544555664,24.24021702869059,23.920579932616203,24.24021702869059,126210000
2016-04-22,23.95685386657715,24.13820848569555,23.71656046634222,23.804970367542836,134732400
2016-04-25,23.820838928222656,23.95005353312316,23.691624323322156,23.802703120282906,112126400
2016-04-26,23.655353546142578,23.870712381629517,23.555610057989227,23.555610057989227,224064800
2016-04-27,22.175052642822266,22.37680875996707,21.689930998280158,21.76247250411283,458408400
2016-04-28,21.497238159179688,22.188648859516505,21.36575616767708,22.127442679762147,328970800
2016-04-29,21.25014305114746,21.472302342805527,20.97131239445713,21.30681614570532,274126000
2016-05-02,21.22747802734375,21.327223245389547,20.946379911381666,21.302286940878098,192640400
2016-05-03,21.576581954956055,21.70352914111735,21.236543366716273,21.35442264964809,227325200
2016-05-04,21.352155685424805,21.739799445136008,21.268278882746422,21.58111374246276,164102000
2016-05-05,21.265487670898438,21.45478833702356,21.137767578117998,21.438823325426007,143562000
2016-05-06,21.14689064025879,21.313382655087167,20.948466862255355,21.295138170487395,174799600
2016-05-09,21.16284942626953,21.386359522353885,21.117233878049593,21.210744446859035,131745600
2016-05-10,21.306543350219727,21.340754590600596,21.00776878034248,21.28601765002479,134747200
2016-05-11,21.09899139404297,21.340747732276988,21.087587070895726,21.320222038678434,114876400
2016-05-12,20.60407257080078,21.16057012906534,20.405650573264623,21.146886333388476,305258800
2016-05-13,20.645132064819336,20.90741591653148,20.526535072248734,20.526535072248734,177571200
2016-05-16,21.411449432373047,21.527766915008076,20.90284864251872,21.07162183493153,245039200
2016-05-17,21.322505950927734,21.598473576008658,21.213032082163878,21.56426407955481,187667600
2016-05-18,21.566543579101562,21.714791110788134,21.41373536123413,21.47531593503823,168249600
2016-05-19,21.48444175720215,21.584794274523496,21.34075662199251,21.584794274523496,121768400
2016-05-20,21.717073440551758,21.7649684781644,21.557421575120426,21.58479091378016,128104000
2016-05-23,21.9930419921875,22.1663776641088,21.8197063202662,21.865321886590717,152074400
2016-05-24,22.32830810546875,22.371640716652795,22.086549963876266,22.173218666356085,140560800
2016-05-25,22.72058868408203,22.747956277201364,22.376198636867795,22.503918711572723,152675200
2016-05-26,22.90077018737793,22.973753348456786,22.497080718241886,22.73427642676213,225324800
2016-05-27,22.8870849609375,22.914454299236763,22.636205450056355,22.679539800682896,145364800
2016-05-31,22.77532958984375,22.898489000566585,22.538133881050424,22.716030227631464,169228800
2016-06-01,22.456026077270508,22.70234488193408,22.426377268212295,22.58374616558983,116693200
2016-06-02,22.28725242614746,22.314620021657646,22.038652413244066,22.25988309058161,160766400
2016-06-03,22.33287239074707,22.412697466376837,22.22567797202018,22.303223574100628,114019600
2016-06-06,22.494796752929688,23.238313811742945,22.248479701959216,22.348830448630295,93170000
2016-06-07,22.586029052734375,22.777610939469497,22.5700640405111,22.636205302594902,89638000
2016-06-08,22.565502166748047,22.706906056125884,22.506202807300966,22.58374665114614,83392400
2016-06-09,22.72743034362793,22.804974176725523,22.45602344767536,22.46514655863781,106405600
2016-06-10,22.54041290283203,22.6590098756707,22.4605878499545,22.47199043461949,126851600
2016-06-13,22.200586318969727,22.606557013557584,22.145849381519177,22.508485724761755,152082000
2016-06-14,22.227954864501953,22.460589885462802,22.066023531116475,22.196024840457255,127727600
2016-06-15,22.154970169067383,22.444623318622153,22.129882046190804,22.31005959227909,117780800
2016-06-16,22.24848175048828,22.294095572260883,21.910933553181433,21.997600510571683,125307200
2016-06-17,21.74216079711914,22.043216551506706,21.73531889771012,22.036374652097685,244032800
2016-06-20,21.689699172973633,22.02496610012959,21.673734164064086,21.894964816136,137647600
2016-06-21,21.874439239501953,21.974789978877943,21.59390923566194,21.653208586240122,142185600
2016-06-22,21.792335510253906,22.097951929355492,21.74671995064911,21.9519856187315,116876400
2016-06-23,21.91777801513672,21.961112368926514,21.72391663985264,21.881287301463182,128960800
2016-06-24,21.301979064941406,21.58935099951601,21.13092463198961,21.190223989295156,301245600
2016-06-27,20.99180793762207,21.22216181256169,20.86864849181444,21.21075748348353,181958400
2016-06-28,21.345314025878906,21.3612807785024,21.01460944838268,21.187945113442538,161779600
2016-06-29,21.53005599975586,21.56426724128149,21.354439105283774,21.431984702078935,146124000
2016-06-30,21.803733825683594,21.84250573871391,21.50724057655986,21.539170592003103,143345600
2016-07-01,21.86988067626953,22.00216319705296,21.74216058175079,21.778651291589384,104106000
2016-07-05,21.66461181640625,21.758122400495783,21.543733638968,21.755841187698216,110820800
2016-07-06,21.78777313232422,21.817423681146657,21.523209846255547,21.57566556484717,123796400
2016-07-07,21.881277084350586,22.00899713265508,21.808293951025853,21.82653842931567,100558400
2016-07-08,22.05005645751953,22.097951489108617,21.906371362752264,22.006722111772223,115648400
2016-07-11,22.118484497070312,22.271292742068407,22.061466339379432,22.066027026370026,95179600
2016-07-12,22.21883201599121,22.28269206483961,22.15041128082042,22.161813866654306,96670000
2016-07-13,22.093395233154297,22.275852284355423,22.08655159293596,22.21655465624445,103568800
2016-07-14,22.531288146972656,22.57690196241551,22.196021209295587,22.211986218706137,155676000
2016-07-15,22.529014587402344,22.647613331931172,22.465154528066563,22.560944617070234,120548000
2016-07-18,22.768489837646484,22.836910578907997,22.48795975231194,22.510766666065777,145975600
2016-07-19,22.777605056762695,22.80725386036123,22.656725149656264,22.70690138655792,95119600
2016-07-20,22.79814338684082,22.91217971935206,22.74796712212686,22.80726650224848,105104000
2016-07-21,22.67725944519043,23.03533336955051,22.608836966882272,22.768488836249336,130808000
2016-07-22,22.50164222717285,22.647608543379352,22.421815429825386,22.63848543110948,113254800
2016-07-25,22.200586318969727,22.54269522313343,22.104796243417297,22.408133222722523,161531600
2016-07-26,22.047775268554688,22.3442703102066,21.99075712516437,22.08198650260001,224959200
2016-07-27,23.480066299438477,23.799368189884166,23.434452489398513,23.781121969846055,369379200
2016-07-28,23.797096252441406,23.822184379758244,23.450426636877086,23.4527078502848,159479200
2016-07-29,23.767438888549805,23.84498445601271,23.646560722264308,23.762878203430983,110934800
2016-08-01,24.187095642089844,24.209902550039196,23.813056783542745,23.813056783542745,152671600
2016-08-02,23.829021453857422,24.191655983239222,23.71954586118139,24.187095297736498,135266400
2016-08-03,24.127796173095703,24.139198756987657,23.89516118898907,23.904284300135952,120810400
2016-08-04,24.276845932006836,24.306655351209045,24.141553261359228,24.21034638195723,109634800
2016-08-05,24.646034240722656,24.685016196080177,24.34793302444092,24.368569912754236,162213600
2016-08-08,24.850114822387695,24.850114822387695,24.572652282735984,24.655201573917193,112148800
2016-08-09,24.95101547241211,24.980826647077354,24.767570029813914,24.818018095110094,105260800
2016-08-10,24.765275955200195,24.971653604723272,24.710242498488057,24.928084503856724,96034000
2016-08-11,24.74921989440918,24.978527962827876,24.73087482906007,24.88451081502498,109938000
2016-08-12,24.80655288696289,24.86617348896816,24.714829287604516,24.714829287604516,74641600
2016-08-15,25.10465431213379,25.118412239809015,24.78362258701534,24.797380514690566,103472800
2016-08-16,25.08171844482422,25.276631722389645,25.042736489103895,25.139045467759484,135177600
2016-08-17,25.045034408569336,25.079430978199323,24.843242133130595,25.017516802968906,101424000
2016-08-18,25.01293182373047,25.132171284339698,24.999172145961616,25.047328393929245,87938800
2016-08-19,25.077133178710938,25.152805269241206,24.847825085818176,24.941840494173615,101472400
2016-08-22,24.882226943969727,25.0175179078117,24.730882730706888,24.962484443662618,103280800
2016-08-23,24.960186004638672,25.06796109012888,24.886807483589457,24.90056540957308,85030800
2016-08-24,24.772153854370117,24.937255966895645,24.691896368970756,24.895980438764262,94700400
2016-08-25,24.666667938232422,24.737752876981034,24.4625839048405,24.625392417463175,100344800
2016-08-26,24.522207260131836,24.753807167208667,24.377742046380902,24.62998234039623,111065200
2016-08-29,24.494693756103516,24.63686542291551,24.373160730199427,24.448832831058173,99881200
2016-08-30,24.30666160583496,24.421315670013428,24.192007541656494,24.260800679956446,99455600
2016-08-31,24.3295955657959,24.437370681531895,24.224114021528152,24.228701164464646,118649600
2016-09-01,24.474061965942383,24.49011346800217,24.219529755078238,24.33876923473916,106806000
2016-09-02,24.703367233276367,24.765279662660802,24.49469598155244,24.696486519360487,107210000
2016-09-06,24.69647979736328,24.834066046515076,24.652912451314922,24.742342463574488,107521600
2016-09-07,24.847824096679688,24.939547680081855,24.552016458685664,24.7262910922016,169457200
2016-09-08,24.196590423583984,24.59787960656705,24.132384434223813,24.593294214247894,212008000
2016-09-09,23.648540496826172,24.242449304530066,23.648540496826172,23.994796170441607,186228000
2016-09-12,24.17824363708496,24.242449617236453,23.51095630876392,23.538473907178165,181171200
2016-09-13,24.753808975219727,24.946428691129242,24.59100043231589,24.652914599726156,248704800
2016-09-14,25.629762649536133,25.918691312499448,24.902856475162793,24.932667644437544,443554800
2016-09-15,26.50113868713379,26.537828825155824,26.024177389739744,26.10902202180415,359934400
2016-09-16,26.35209083557129,26.629553472997593,26.1503003036655,26.39795351292414,319547600
2016-09-19,26.04481315612793,26.64101383734844,25.969141066918212,26.413999319201167,188092000
2016-09-20,26.04252815246582,26.168648342637816,25.799462058115193,25.92328867678885,138057200
2016-09-21,26.03793716430664,26.138831545283097,25.78340501663684,26.10672854913394,144012800
2016-09-22,26.283296585083008,26.35667511138436,26.14112492497574,26.221382414761266,124296000
2016-09-23,25.84531021118164,26.32227137700637,25.579313781825043,26.237426768346275,209924800
2016-09-26,25.884302139282227,26.00124978020245,25.57932364356187,25.5999605363513,119477600
2016-09-27,25.93245506286621,25.953093703883834,25.760473968808707,25.911818171330747,98429600
2016-09-28,26.12965965270996,26.287882815819597,26.010420199723853,26.070040800957965,118564400
2016-09-29,25.723779678344727,26.095259386118155,25.63664324048853,25.948502359475214,143548000
2016-09-30,25.923280715942383,25.99665923601324,25.63664559855904,25.787988030806847,145516400
2016-10-03,25.801746368408203,25.92328112968327,25.746712914847194,25.845315466780058,86807200
2016-10-04,25.91181755065918,26.212210627916615,25.826972916476205,25.925575478019944,118947200
2016-10-05,25.923280715942383,26.06315879318401,25.840729662177427,26.003538198913336,85812400
2016-10-06,26.115903854370117,26.219091817299557,25.941629178584012,26.072334748053024,115117200
2016-10-07,26.154884338378906,26.269538401583418,26.028765918543243,26.212211369981162,97433600
2016-10-10,26.611207962036133,26.771722945858713,26.306227743291114,26.375019129437028,144944000
2016-10-11,26.668535232543945,27.216581503017665,26.645603020806266,26.989565203085945,256164000
2016-10-12,26.907012939453125,27.05377174020459,26.771721993541217,26.909306510421036,150347200
2016-10-13,26.824462890625,26.92994440897911,26.53553418849209,26.780893790844086,140769600
2016-10-14,26.973508834838867,27.09733540804211,26.858854794778285,27.030835854869157,142608800
2016-10-17,26.95516586303711,27.021663667579364,26.778597659374086,26.904717804847675,94499600
2016-10-18,26.936819076538086,27.106506557309743,26.932231935460038,27.099627595174393,98214000
2016-10-19,26.856563568115234,27.003320602682926,26.095260795239643,26.88637298937741,80138400
2016-10-20,26.84281349182129,26.916192035343865,26.675419509480317,26.796952558175605,96503200
2016-10-21,26.737327575683594,26.80841428554529,26.663949044151856,26.785482072987342,92770800
2016-10-24,26.97810173034668,26.998738622207984,26.82905109658035,26.851981559586974,94154800
2016-10-25,27.115686416625977,27.1409104509256,26.900136214240906,27.04689327772115,192516000
2016-10-26,26.505727767944336,26.530951803973917,25.98290547475357,26.21221362085354,264536800
2016-10-27,26.25119400024414,26.567638571846132,26.164055796127844,26.459863476954137,138248000
2016-10-28,26.076915740966797,26.41858429821849,26.015001578224215,26.111312303659133,151446800
2016-10-31,26.035642623901367,26.193865777232485,25.95767695795487,26.06086665557682,105677600
2016-11-01,25.565561294555664,26.088383517719134,25.345425713722733,26.01729856178367,175303200
2016-11-02,25.58848762512207,25.76276225453521,25.505938326433526,25.544920279880134,113326800
2016-11-03,25.3142147064209,25.689905316964364,25.249679068630783,25.579273297456805,107730400
2016-11-04,25.086036682128906,25.411022025566464,24.917783280668004,25.01458675206725,123348000
2016-11-07,25.447898864746094,25.470947057587843,25.228936636588486,25.371838245750364,130240000
2016-11-08,25.597705841064453,25.749827036527183,25.284245582350863,25.42484180538257,97016800
2016-11-09,25.55621910095215,25.65763323403363,24.903946791576512,25.325733713740757,236705600
2016-11-10,24.84402847290039,25.604629452001266,24.392277172706432,25.604629452001266,228538000
2016-11-11,24.99153709411621,25.092951253527417,24.558225086706866,24.689601721187557,136575600
2016-11-14,24.36461067199707,24.848629645385405,23.98892011462399,24.825581457788626,204702000
2016-11-15,24.68729019165039,24.818666793229063,24.468329775173924,24.562827870397335,129058000
2016-11-16,25.351093292236328,25.40641106445219,24.569747783947065,24.59279597647149,235362000
2016-11-17,25.341867446899414,25.434061952845173,25.083724940408022,25.30959963358799,110528000
2016-11-18,25.367223739624023,25.477857510487254,25.27503098211282,25.288859544046673,113715600
2016-11-21,25.75214195251465,25.812066907725864,25.35570666867648,25.381060210675287,117058400
2016-11-22,25.768274307250977,25.911174162463393,25.67607977450669,25.80284571837369,103862000
2016-11-23,25.636892318725586,25.70142795063754,25.429455102962812,25.6668547882664,109705600
2016-11-25,25.765966415405273,25.784405671825745,25.572357739918893,25.613845187632812,45903600
2016-11-28,25.715255737304688,25.92269294681661,25.6737682954023,25.682987922321058,108776000
2016-11-29,25.689899444580078,25.82127603675444,25.369524917023934,25.533169320717345,114115200
2016-11-30,25.473249435424805,25.860465035544145,25.415628076826476,25.72217412660102,144649200
2016-12-01,25.23584747314453,25.570052378346286,25.1298243937763,25.43867576277433,148347600
2016-12-02,25.330352783203125,25.3741438254999,25.088342343210527,25.162097621171156,106112000
2016-12-05,25.14826202392578,25.36030816896057,24.950044440121594,25.35339388834527,137298000
2016-12-06,25.341867446899414,25.4363672990714,25.166699819912807,25.2381497267504,104782000
2016-12-07,25.590797424316406,25.6276759377741,25.15979078868156,25.18283898036046,119994800
2016-12-08,25.84202766418457,25.91347758648894,25.49168881744554,25.551615523052224,108273200
2016-12-09,26.263811111450195,26.436675164641304,25.88581518914943,25.88581518914943,137610400
2016-12-12,26.11400032043457,26.505824854021338,25.92730592353313,26.111694973729435,105497600
2016-12-13,26.549617767333984,26.717871149807934,26.21771817888827,26.23846102393397,174935200
2016-12-14,26.549617767333984,26.782406790124753,26.50121603709637,26.515044600460172,136127200
2016-12-15,26.694820404052734,26.904562973479848,26.558834854747445,26.59340625984937,186098000
2016-12-16,26.72939682006836,26.85155382219702,26.65564154943609,26.844639540335297,177404400
2016-12-19,26.88382339477539,27.054382139512974,26.67869148001228,26.690216456175612,111117600
2016-12-20,26.95527458190918,27.082042291767106,26.8930442797291,26.906872844999217,85700000
2016-12-21,26.98062515258789,27.058991116905645,26.916089510481715,26.92070020404036,95132800
2016-12-22,26.80314826965332,26.853855340696292,26.653332402971124,26.816976831405366,104343600
2016-12-23,26.85616111755371,26.85616111755371,26.641809600606074,26.641809600606074,56998000
2016-12-27,27.026718139648438,27.151180465021366,26.84924339925103,26.856157679805523,73187600
2016-12-28,26.911476135253906,27.201886476816796,26.782403113872995,27.086643775365598,83623600
2016-12-29,26.904560089111328,26.992143903420146,26.828499489113067,26.840022703423617,60158000
2016-12-30,26.694820404052734,27.012889640239454,26.604931233859443,26.886123718449394,122345200
2017-01-03,26.770877838134766,26.81236527780229,26.45050329343819,26.690208305021226,115127600
2017-01-04,26.740921020507812,26.853860156617486,26.678690722999246,26.70173891620744,84472400
2017-01-05,26.876907348632812,26.934528708739055,26.692518292907092,26.717871832030987,88774400
2017-01-06,27.176538467407227,27.23415982612011,26.844638878512438,26.91608880060783,127007600
2017-01-09,27.42546272277832,27.52687688171069,27.183454059595714,27.185757647960976,134247600
2017-01-10,27.45311737060547,27.51534765768287,27.266424750909138,27.37475141667616,97848400
2017-01-11,27.600624084472656,27.642111522954885,27.33556554741751,27.367833359741034,110354400
2017-01-12,27.485387802124023,27.496912777124887,27.245682741513264,27.404718252510857,108344800
2017-01-13,27.43698501586914,27.57066698348872,27.38397259475647,27.453118925170525,104447600
2017-01-17,27.658254623413086,27.71357064028986,27.247990794520106,27.275647923726257,137759200
2017-01-18,27.65594482421875,27.773492879814494,27.591409188507892,27.658250170769623,94852000
2017-01-19,27.6075496673584,27.67899960126102,27.513051537854732,27.519965820688586,102389200
2017-01-20,27.658254623413086,27.761972374865096,27.596024324234772,27.761972374865096,130391600
2017-01-23,27.676694869995117,27.844948273554557,27.60524318057777,27.658255610889704,88200800
2017-01-24,27.65133285522461,27.681295323241194,27.54300443925572,27.554529412281177,92844000
2017-01-25,28.09156608581543,28.14227316630126,27.7227897165518,27.75505753895834,129510400
2017-01-26,28.105396270751953,28.220638995485604,28.027030303531564,28.0431642146557,105350400
2017-01-27,28.107694625854492,28.199889140168846,28.02702508525347,28.151487415808234,82251600
2017-01-30,28.033939361572266,28.033939361572266,27.81036999436097,27.872600280396256,121510000
2017-01-31,27.969402313232422,27.97862194004206,27.8011489597325,27.923305937648227,196804000
2017-02-01,29.674999237060547,30.076045153038212,29.273955079547164,29.278564014442228,447940000
2017-02-02,29.62429428100586,29.822511906500797,29.451430195408953,29.49752833998011,134841600
2017-02-03,29.751056671142578,29.776410206516037,29.539010519350114,29.573581923528376,98029200
2017-02-06,30.029949188232422,30.07835268252664,29.70957453788497,29.762588726142692,107383600
2017-02-07,30.31574821472168,30.444819492337015,30.06682352920845,30.087566373769082,152735200
2017-02-08,30.43328857421875,30.474777772166192,30.244292388027546,30.274256613382484,92016400
2017-02-09,30.653207778930664,30.66015203831457,30.352276920980227,30.474963546331477,113399600
2017-02-10,30.583768844604492,30.773588064871227,30.567566746291067,30.662476356424435,80262000
2017-02-13,30.854589462280273,30.977279584405803,30.729589297262265,30.805979660619364,92141600
2017-02-14,31.25506019592285,31.271262285606003,30.845331353290227,30.896258261738378,132904800
2017-02-15,31.36849021911621,31.544420850551944,31.16246897875819,31.370807326693743,142492400
2017-02-16,31.331457138061523,31.45877090374158,31.21339767451446,31.405530409065754,90338400
2017-02-17,31.41710662841797,31.44257008902453,31.273587231640903,31.273587231640903,88792800
2017-02-21,31.643962860107422,31.655537803399596,31.477293566795087,31.535164751079183,98028800
2017-02-22,31.738874435424805,31.741188011357252,31.50738968380831,31.581462967593552,83347600
2017-02-23,31.60460662841797,31.82451639268836,31.551366135045967,31.801370041393547,83152800
2017-02-24,31.634693145751953,31.634693145751953,31.315243198162666,31.461079658092636,87106400
2017-02-27,31.697202682495117,31.81526215650199,31.54673901944627,31.745816030411483,81029600
2017-02-28,31.71109390258789,31.815261322905997,31.643961353994563,31.73192668021619,93931600
2017-03-01,32.359249114990234,32.442583759753184,31.852300519207052,31.919429537293766,145658400
2017-03-02,32.167118072509766,32.47267606453608,32.120818303017344,32.40786062585848,104844000
2017-03-03,32.356937408447266,32.36851235214514,32.08146999645166,32.125452663197436,84432400
2017-03-06,32.25507736206055,32.35461762013714,32.083780944059676,32.26202162051052,87000000
2017-03-07,32.2967529296875,32.40323393541779,32.12776652100481,32.190268391780286,69785200
2017-03-08,32.17637252807617,32.36156099006867,32.13470697852033,32.16479758691862,74828800
2017-03-09,32.102291107177734,32.12775456118677,31.72497351144918,32.1161831538718,88623600
2017-03-10,32.20878219604492,32.25970911448372,32.09303984180699,32.234245655264324,78451200
2017-03-13,32.22266387939453,32.275904362042986,32.13470211070917,32.14164636791655,69686800
2017-03-14,32.1740608215332,32.3268380442881,32.13933599604356,32.245820515831596,61236400
2017-03-15,32.51435852050781,32.58148756239281,32.18333339983765,32.2712987594327,102767200
2017-03-16,32.567588806152344,32.643979194613266,32.468048530699576,32.574533065814535,76928000
2017-03-17,32.405540466308594,32.63933871316715,32.38239058626583,32.63933871316715,175540000
2017-03-20,32.74583053588867,32.75508837066969,32.46110178285636,32.500453761984666,86168000
2017-03-21,32.37081527709961,33.05601145174801,32.345351822213246,32.896286464931364,158119600
2017-03-22,32.736576080322266,32.778245176075494,32.35231051051694,32.37314682448221,103440800
2017-03-23,32.620826721191406,32.773607485999605,32.54906702225389,32.69953067924052,81385200
2017-03-24,32.55601501464844,32.81064965186172,32.48888599147964,32.75509204042147,89582400
2017-03-27,32.61156463623047,32.69026858402224,32.088406970162104,32.266651172541444,94300400
2017-03-28,33.287513732910156,33.34306782229113,32.55139025901376,32.61852282658592,133499200
2017-03-29,33.361572265625,33.447224002478976,33.146293200188246,33.2597184372642,116760000
2017-03-30,33.31758499145508,33.449532941408705,33.21804828437474,33.37777326287626,84829200
2017-03-31,33.255104064941406,33.39630992084985,33.1046368398909,33.26899258647709,78646800
2017-04-03,33.26435089111328,33.361574041858745,33.11388724804497,33.266667998720514,79942800
2017-04-04,33.51203536987305,33.53981239890339,33.141658499315554,33.16017769606099,79565600
2017-04-05,33.33843994140625,33.67177859912132,33.28982658208216,33.38473619227167,110871600
2017-04-06,33.255104064941406,33.4541811153668,33.206490707389115,33.40093707324348,84596000
2017-04-07,33.181026458740234,33.37547282001327,33.16482436138947,33.271305378772524,66688800
2017-04-10,33.141658782958984,33.30601444787161,33.07915693493017,33.24119902479567,75733600
2017-04-11,32.785194396972656,33.18334854820947,32.421761553969,33.08843892946838,121517600
2017-04-12,32.82453918457031,32.905556730054954,32.6416642488803,32.778242939696646,81400000
2017-04-13,32.650917053222656,32.958792122537375,32.650917053222656,32.8499940329233,71291600
2017-04-17,32.831478118896484,32.84305306128152,32.6092512345038,32.7504570543777,66328400
2017-04-18,32.685630798339844,32.88007705022124,32.66479802824726,32.73424412739786,58790000
2017-04-19,32.565269470214844,32.87083100315372,32.512028972388194,32.84305396640531,69313600
2017-04-20,32.972679138183594,33.08379079811462,32.67637902358353,32.690267539552906,93278400
2017-04-21,32.93333435058594,33.028240407807615,32.83611118541318,32.9726863318099,69283600
2017-04-24,33.25046157836914,33.32222126895121,33.14397706409578,33.218053862229624,68537200
2017-04-25,33.45649719238281,33.5421454363732,33.303716379715375,33.3129777495497,75486000
2017-04-26,33.25971984863281,33.47268887997508,33.19027726469098,33.44259473881616,80164800
2017-04-27,33.285179138183594,33.370830867945195,33.174067485616035,33.31527327557354,56985200
2017-04-28,33.25278854370117,33.40325577593338,33.16482672571768,33.354642416060805,83441600
2017-05-01,33.93102264404297,34.0745420061503,33.55601861676861,33.58842632860497,134411600
2017-05-02,34.146305084228516,34.280566627243395,33.99121076699823,34.15324934230031,181408800
2017-05-03,34.04214096069336,34.141681222939226,33.39630017256143,33.701858153687134,182788000
2017-05-04,33.91945266723633,34.06065847493561,33.75278340135599,33.91713909182939,93487600
2017-05-05,34.481964111328125,34.48659126238202,33.972694921289396,33.972694921289396,109310800
2017-05-08,35.419464111328125,35.579189080856345,34.49815621710092,34.49815621710092,195009600
2017-05-09,35.646339416503906,35.852360711342406,35.52133566825122,35.61855884346047,156521600
2017-05-10,35.47734832763672,35.63475978023358,35.21114230191216,35.56300007932574,103222800
2017-05-11,35.7841682434082,35.81206347932915,35.4029664555446,35.43550794182237,109020400
2017-05-12,36.28391647338867,36.35829549273668,35.95152514458997,35.958498066817725,130108000
2017-05-15,36.19094467163086,36.41176219035875,36.0398599342793,36.26300057857565,104038800
2017-05-16,36.137474060058594,36.27461291121088,35.96314392992262,36.24672122535091,80194000
2017-05-17,34.92412185668945,35.92826470003592,34.79860577464821,35.7027975397499,203070800
2017-05-18,35.45642852783203,35.64238140756955,35.128690523060904,35.16123201100826,134272800
2017-05-19,35.57728958129883,35.791134098435336,35.4773420170226,35.65167213339255,107843200
2017-05-22,35.79346466064453,35.93060351587456,35.542428840173685,35.795787785616746,91865600
2017-05-23,35.74930191040039,36.00498399119705,35.63540494053504,36.00498399119705,79675600
2017-05-24,35.64237594604492,35.83530171886918,35.486641452820535,35.7585960347278,76712000
2017-05-25,35.76555633544922,35.877130134876964,35.570307506582246,35.73301486397139,76942400
2017-05-26,35.70515060424805,35.851589111720564,35.63541781274889,35.79580216916982,87710400
2017-05-30,35.719085693359375,35.895738971420265,35.64005687528656,35.660975642407706,80507600
2017-05-31,35.50756072998047,35.83530223601727,35.419235873100675,35.78881490922437,97804800
2017-06-01,35.60518264770508,35.640050800386376,35.38204207626871,35.602859522895166,65616400
2017-06-02,36.13282775878906,36.13282775878906,35.53778142451099,35.698165727231675,111082800
2017-06-05,35.779518127441406,35.90038802400569,35.670274496933565,35.87481946024702,101326800
2017-06-06,35.900390625,36.21650946039384,35.74465610600721,35.772547796944366,106499600
2017-06-07,36.114234924316406,36.2560235967663,35.90736327566881,36.03288297744737,84278400
2017-06-08,36.02590560913086,36.15374487368615,35.88876320422132,36.08633878049801,85003200
2017-06-09,34.62894821166992,36.07240375641242,33.94092704275846,36.07240375641242,259530800
2017-06-12,33.80145263671875,33.95718714132232,33.12505081993979,33.875835201353475,289229200
2017-06-13,34.07340621948242,34.273304922515116,33.73869178214807,34.20589882874218,136661600
2017-06-14,33.74102020263672,34.28492941811625,33.43419743692664,34.28492941811625,126124800
2017-06-15,33.53879165649414,33.582955857707404,33.0553192083585,33.313327947296735,128661600
2017-06-16,33.06926345825195,33.587604036098135,33.05299094416554,33.42024683259305,201444400
2017-06-19,34.01529312133789,34.10827131601017,33.39235517743325,33.39235517743325,130165600
2017-06-20,33.70615005493164,34.13848894224757,33.68988108624399,34.13848894224757,99600400
2017-06-21,33.906044006347656,33.95253487438368,33.61317069019916,33.82469208079515,85063200
2017-06-22,33.85026931762695,34.098978500955376,33.73172253920091,33.882810805541595,76425200
2017-06-23,34.00136184692383,34.20591041608749,33.729407161153226,33.734056959567944,141757600
2017-06-26,33.894439697265625,34.46624073856269,33.79216541755218,34.2082319135608,102769600
2017-06-27,33.40863037109375,33.97346192538377,33.38306180613813,33.706153555983036,99047600
2017-06-28,33.896751403808594,33.96183436956342,33.276136557446506,33.58528241815972,88329600
2017-06-29,33.39700698852539,33.734048123549286,33.0715921198715,33.63642366295311,125997600
2017-06-30,33.476036071777344,33.694530410775855,33.420249151153556,33.57598364779478,92096400
2017-07-03,33.355167388916016,33.77356044182153,33.26219273127294,33.675935987269554,57111200
2017-07-05,33.492305755615234,33.65501317746531,33.17386383379753,33.39933109934542,86278400
2017-07-06,33.17618942260742,33.35516937331201,33.10181040141911,33.24359906815151,96515200
2017-07-07,33.51322555541992,33.64571816878647,33.215702390068536,33.215702390068536,76806800
2017-07-10,33.717769622802734,33.92464122689524,33.324945178156696,33.496952176350916,84362400
2017-07-11,33.8270263671875,33.90140894318448,33.5597215215558,33.6410734739515,79127200
2017-07-12,33.875823974609375,33.97809464695489,33.66197949228832,33.906038778067376,99538000
2017-07-13,34.34769821166992,34.51505548260257,33.80611198028467,33.82005782840291,100797600
2017-07-14,34.64288330078125,34.710292940009225,34.24541257418322,34.394174149377314,80528400
2017-07-17,34.763763427734375,35.0752325133514,34.533649848800295,34.59175991164333,95174000
2017-07-18,34.884620666503906,34.89624338419752,34.556879180023664,34.680072184713886,71475200
2017-07-19,35.103118896484375,35.1960935548669,34.85440618783953,34.97759920623651,83692000
2017-07-20,34.945064544677734,35.27048300607116,34.91019992766541,35.21469607209489,68974800
2017-07-21,34.92878723144531,34.96830163687555,34.60569551951031,34.863704264059535,105010400
2017-07-24,35.351837158203125,35.433192665296254,34.842792437650566,35.00085365369405,85972800
2017-07-25,35.5029182434082,35.75860034124977,35.28442388288951,35.28442388288951,75415600
2017-07-26,35.6702766418457,35.77952027892254,35.57729842860687,35.64470807654955,63124000
2017-07-27,34.996192932128906,35.79346459381474,34.23843922218672,35.737677673784596,129905200
2017-07-28,34.74979782104492,34.91947811497274,34.677741951572344,34.840449325664416,68854800
2017-07-31,34.570831298828125,34.94273705200964,34.43136930145214,34.84278591780521,79383600
2017-08-01,34.877655029296875,34.9171694403032,34.496453217920134,34.65683753402334,141474400
2017-08-02,36.5256462097168,37.132315162695846,36.297855848445586,37.023068004924326,279747200
2017-08-03,36.16072463989258,36.541926436811416,36.03288181692307,36.504735152537364,108389200
2017-08-04,36.35132598876953,36.58608933494351,36.18861854356201,36.27694696242737,82239600
2017-08-07,36.913822174072266,36.939390734188,36.41640036098421,36.507051883802646,87481200
2017-08-08,37.20902633666992,37.615796672404265,36.788310156905624,36.865015845826235,144823600
2017-08-09,37.43680191040039,37.48561589193569,36.98354442509172,37.01840902136375,104526000
2017-08-10,36.24437713623047,37.33646708946963,36.08336305219785,37.31313037326552,163217200
2017-08-11,36.74842071533203,37.00277813104265,36.41939576959479,36.54307254536707,105028400
2017-08-14,37.301475524902344,37.38548274068739,37.04478582092473,37.177798729536015,88490800
2017-08-15,37.70985412597656,37.8498638189036,37.36915710788604,37.4905016903041,117862000
2017-08-16,37.558162689208984,37.922192780612306,37.37147958675794,37.7891834290691,110686400
2017-08-17,36.837100982666016,37.50215838942201,36.83243292614835,37.45782075421376,111762400
2017-08-18,36.753089904785156,37.219795808337985,36.57107488725423,36.837097109852,109712400
2017-08-21,36.6854248046875,36.84410312737541,36.19538210568727,36.753095604496394,105474000
2017-08-22,37.28514099121094,37.33647893460074,36.87444100477661,36.923443139395175,86418400
2017-08-23,37.33181381225586,37.446158069827526,37.07512763581381,37.119465277743316,77596400
2017-08-24,37.166133880615234,37.5091630807643,36.99811943316736,37.436820658673035,79275600
2017-08-25,37.303802490234375,37.46714884205031,37.166125105181194,37.25479680434788,101920400
2017-08-28,37.67952346801758,37.80320032001216,37.32015771790516,37.36916343316978,103864000
2017-08-29,38.015533447265625,38.06453557730498,37.33647544553584,37.359812166962804,118067600
2017-08-30,38.11819839477539,38.24420739657251,37.94551596350706,38.22320648972011,109078400
2017-08-31,38.2698860168457,38.39123055486615,38.14854147882526,38.185878807552115,107140400
2017-09-01,38.281558990478516,38.48924301060967,38.18355116127232,38.4565737342076,66364400
2017-09-05,37.82185363769531,38.32822920662865,37.46715609035932,38.21155270980482,117874000
2017-09-06,37.782188415527344,38.03421010502825,37.45782785935835,37.96887154412259,86606800
2017-09-07,37.630496978759766,37.85918544283266,37.42048073941826,37.824180362486686,87714000
2017-09-08,37.016788482666016,37.60483549411663,36.99345175779137,37.537164689075034,114446000
2017-09-11,37.68649673461914,37.81484155328231,37.31079838945042,37.45314381366175,126323200
2017-09-12,37.53715896606445,38.2605545986761,37.04945211242638,37.94552666431986,286856000
2017-09-13,37.25481033325195,37.32715276453298,36.84877833424429,37.306148285420576,179629600
2017-09-14,36.93511962890625,37.196473899541495,36.89078198070529,37.10080185733852,95042800
2017-09-15,37.308467864990234,37.562821706015924,36.869763213912414,36.97943937668187,196458400
2017-09-18,37.02610778808594,37.45314406356935,36.86976175728322,37.36213656621603,113077600
2017-09-19,37.04011154174805,37.28280059577159,36.97244075516808,37.22212655192404,83242400
2017-09-20,36.41939926147461,36.93043926812725,35.89668733365387,36.84643205759684,211805600
2017-09-21,35.794010162353516,36.35639164690989,35.644664411338915,36.35639164690989,150046800
2017-09-22,35.44398880004883,35.53266408390223,35.1336288672463,35.36231382169076,186581600
2017-09-25,35.131290435791016,35.42998195330282,34.80692994908598,35.00061334196507,177549200
2017-09-26,35.73566818237305,35.917683186099715,35.397307140095684,35.41830804959879,146640000
2017-09-27,35.990028381347656,36.10437262108391,35.829014258691,35.88968831110297,102016800
2017-09-28,35.76832962036133,36.00168250335465,35.63298452094332,35.91067502141455,88022000
2017-09-29,35.96436309814453,35.96669890697447,35.46965587924765,35.75201457498744,105199200
2017-10-02,35.892024993896484,36.04137077410554,35.63767107397056,35.997033133613364,74795200
2017-10-03,36.048377990722656,36.19072349295395,35.91536860442929,35.9387017729042,64921200
2017-10-04,35.81501007080078,35.9036853319667,35.57699262348722,35.85001515000581,80655200
2017-10-05,36.260719299316406,36.272387660414424,35.94802716171929,35.978360627753474,85135200
2017-10-06,36.23971939086914,36.284057027860996,36.06703689960718,36.16271247830708,69630400
2017-10-09,36.3657341003418,36.573418147531115,36.28406267903809,36.35873379453532,65051600
2017-10-10,36.37973403930664,36.86977680080634,36.19305447367292,36.41707137670718,62468000
2017-10-11,36.53141403198242,36.63175411606719,36.34473091386742,36.39606886036616,67622400
2017-10-12,36.403072357177734,36.72276486602361,36.34006604264477,36.484747341227305,64500400
2017-10-13,36.63410186767578,36.7017726952024,36.49875665193706,36.57342778711521,65576800
2017-10-16,37.308467864990234,37.33646907737966,36.78808826353238,36.84642649646579,96486000
2017-10-17,37.44615173339844,37.539491498003954,37.156792766027294,37.28513761287271,75989200
2017-10-18,37.28047180175781,37.50215998724432,37.24313803007735,37.43448562724823,65496800
2017-10-19,36.39838409423828,36.65507370674286,36.17436730576397,36.57806682299149,170336800
2017-10-20,36.461395263671875,36.81142465820312,36.393724480763076,36.5454024607867,95896400
2017-10-23,36.44272994995117,36.797427432652945,36.286383899979256,36.61074435961604,87937200
2017-10-24,36.65975570678711,36.73442681112196,36.44973588193455,36.4707367962146,71028800
2017-10-25,36.49874496459961,36.764767252230676,36.23272267696854,36.6154214690112,84828400
2017-10-26,36.73209762573242,36.83010546122834,36.58508409214639,36.690092232986,68002000
2017-10-27,38.0482063293457,38.17655118799871,37.03311938262583,37.17079679432446,177816800
2017-10-30,38.90461349487305,39.2196414776492,38.20455447597877,38.244224059767326,178803200
2017-10-31,39.44597625732422,39.588321681771504,38.955937258911185,39.17995406941914,144187200
2017-11-01,38.94428634643555,39.65601378750189,38.645594758165835,39.63967736656179,134551200
2017-11-02,39.22895812988281,39.31996562302214,38.568568962463466,38.87659651504755,165573600
2017-11-03,40.253387451171875,40.66408739781304,39.9313592121437,40.60341690726902,237594400
2017-11-06,40.6617546081543,40.8344370860408,40.07137188492503,40.223049889605925,140105200
2017-11-07,40.79243850708008,40.89511439967605,40.51008336312544,40.58242222544961,97446000
2017-11-08,41.126121520996094,41.126121520996094,40.680416571693286,40.757423465605534,97638000
2017-11-09,41.04212188720703,41.0934598259423,40.40273346157568,40.862439101633605,117930400
2017-11-10,40.906288146972656,41.072565925229945,40.81261284063416,41.00933312803533,100582000
2017-11-13,40.74237060546875,40.86649204327437,40.60887948925217,40.63230011179429,67928400
2017-11-14,40.126434326171875,40.627604787255784,40.0889627691694,40.52455979224116,99130000
2017-11-15,39.597164154052734,39.887563376509604,39.433230550038594,39.805594787760256,116632400
2017-11-16,40.07023620605469,40.250561399235764,39.882881968147146,40.08896841370907,94550000
2017-11-17,39.84774398803711,40.13814318408658,39.7283074245773,40.05617460279103,87598000
2017-11-20,39.807945251464844,39.94377700647549,39.70958506476446,39.88054418163759,65049600
2017-11-21,40.5479850769043,40.679131968027136,39.99529205468322,39.99529205468322,100525200
2017-11-22,40.974212646484375,40.983578749293905,40.52690530078438,40.59950421138276,102355600
2017-11-24,40.97654724121094,41.10066863268449,40.901604135839165,41.00699332445372,56106800
2017-11-27,40.77046203613281,41.00231327528309,40.594818132575305,40.995287805019544,82867200
2017-11-28,40.53158187866211,40.953124315386184,40.24820819101348,40.81963683001923,105715200
2017-11-29,39.69084167480469,40.496462371670276,39.14751833236251,40.428548293921786,166665600
2017-11-30,40.24586486816406,40.313778922233666,39.44726992076248,39.91330934594225,166108800
2017-12-01,40.058509826660156,40.20370760538701,39.46131999629257,39.800897406193066,159037200
2017-12-04,39.76578140258789,40.4262006370724,39.72596921234276,40.393413917253795,130169600
2017-12-05,39.72830581665039,40.16858764399004,39.43790663235427,39.5924741130353,109400800
2017-12-06,39.580753326416016,39.85944212957569,38.983567117911726,39.22712500831736,114240000
2017-12-07,39.653358459472656,39.915652139685264,39.5573389610079,39.58544083432115,102693200
2017-12-08,39.66506576538086,40.04679955966901,39.53626312850785,39.92736302287491,93420800
2017-12-11,40.43791198730469,40.48943448741607,39.52924633823246,39.62526586784773,141095200
2017-12-12,40.21074295043945,40.372335910833776,40.1545391892479,40.316128576157915,77636800
2017-12-13,40.344242095947266,40.64166325433846,40.28100927848082,40.398105235685705,95273600
2017-12-14,40.33252716064453,40.54564263595612,40.19903606946542,40.37467998513186,81906000
2017-12-15,40.74237060546875,40.78920827706771,40.38874207538853,40.66274620640199,160677200
2017-12-18,41.316131591796875,41.498800974754296,40.95079282588203,40.95547766412017,117684400
2017-12-19,40.875850677490234,41.07491521226022,40.770465042282154,40.990605989396826,109745600
2017-12-20,40.83133316040039,41.08191647541677,40.573720805259704,40.95311029784642,93902400
2017-12-21,40.98591232299805,41.22244836664475,40.77280046605222,40.789192036517036,83799600
2017-12-22,40.98591232299805,41.081931834310396,40.86647577195255,40.90862858756254,65397600
2017-12-26,39.94610595703125,40.156877194680966,39.7376717779659,39.9999690824779,132742000
2017-12-27,39.953125,39.995277811355756,39.74469442794614,39.83602909270045,85992800
2017-12-28,40.0655403137207,40.24586903063577,39.92502378068592,40.046804537750475,65920800
2017-12-29,39.632293701171875,39.950794823809765,39.62995306865802,39.93440324924324,103999600
2018-01-02,40.34187698364258,40.35124665651499,39.63930160450471,39.85007636233597,102223600
2018-01-03,40.33486557006836,40.87819243452449,40.27163633682215,40.40512384715967,118071600
2018-01-04,40.52220916748047,40.62525413708489,40.299727659552815,40.40745389251491,89738400
2018-01-05,40.98357391357422,41.070223754905165,40.526900518948345,40.61823519787352,94640000
2018-01-08,40.83133316040039,41.12641347980312,40.73296948045029,40.83133316040039,82271200
2018-01-09,40.82667541503906,40.99763450589874,40.61121929026737,40.878197920254564,86336000
2018-01-10,40.81730270385742,40.81964690977428,40.51519673980712,40.55266829963054,95839600
2018-01-11,41.04914855957031,41.09833042205364,40.86413856419507,40.88755560589044,74670800
2018-01-12,41.4730224609375,41.536255243634926,41.13578571786198,41.25990707837129,101672400
2018-01-16,41.26226043701172,42.01167360260789,41.25055013043537,41.662726478142304,118263600
2018-01-17,41.94375228881836,41.97887962898907,40.99995963241068,41.25288362860629,137547200
2018-01-18,41.981231689453125,42.17795556841482,41.7446991964493,42.006992937085954,124773600
2018-01-19,41.793880462646484,42.056174199536976,41.54797829756957,41.82900781187855,129700400
2018-01-22,41.45197296142578,41.634642386902385,41.35829761576586,41.52223125741341,108434400
2018-01-23,41.46132278442383,42.023385358113266,41.409803865982504,41.5222149513268,130756400
2018-01-24,40.8009147644043,41.522226274578586,40.56203801610669,41.51051596440503,204420400
2018-01-25,40.07257080078125,40.9718667190559,39.93673908810159,40.86882172505862,166116000
2018-01-26,40.166255950927734,40.28101128114847,39.82667837284765,40.28101128114847,156572000
2018-01-29,39.33486557006836,39.850086936789836,39.126434961888506,39.850086936789836,202561600
2018-01-30,39.10301208496094,39.196687392224455,38.5713956038565,38.76577526123802,184192800
2018-01-31,39.21073913574219,39.44727518768578,38.99294243381661,39.07959227348799,129915600
2018-02-01,39.29270935058594,39.48942965217391,39.05383265666675,39.149852175352834,188923200
2018-02-02,37.58780288696289,39.06321268694256,37.49412754903739,38.87585843760648,346375200
2018-02-05,36.64868927001953,38.37936715250379,36.533933960228474,37.259930231139656,290954000
2018-02-06,38.180294036865234,38.341886972498564,36.065542082454556,36.259921731587134,272975200
2018-02-07,37.36296844482422,38.266949183640655,37.252901556247814,38.19435027749091,206434400
2018-02-08,36.33485794067383,37.70488146039845,36.30675606695096,37.53860370274349,217562000
2018-02-09,36.779293060302734,37.12730914186198,35.32843847604352,36.93449073015276,282690400
2018-02-12,38.260719299316406,38.53819066973254,37.037953647563256,37.270750161088955,243278000
2018-02-13,38.64401626586914,38.74042729508107,38.01147093048286,38.08201567351731,130196800
2018-02-14,39.35650634765625,39.3964808604744,38.3006998452042,38.33832059440969,162579600
2018-02-15,40.67802047729492,40.70153298957986,39.73978404743447,39.925548323114,204588800
2018-02-16,40.54632568359375,41.108329490589895,40.39113165769863,40.52986728771876,160704400
2018-02-20,40.409969329833984,40.97667025508601,40.308854364280215,40.45699796095116,135722000
2018-02-21,40.22653579711914,40.94373014961663,40.21242398532644,40.64039257505093,149886400
2018-02-22,40.562808990478516,40.903771015106486,40.3770446613819,40.398207004939586,123967600
2018-02-23,41.26823806762695,41.30350863075407,40.80734904379779,40.8379192572101,135249600
2018-02-26,42.084197998046875,42.18295916461196,41.435194508596325,41.46811489745136,152648800
2018-02-27,41.94781494140625,42.439270627879786,41.89373221115718,42.11477065833186,155712400
2018-02-28,41.88432312011719,42.4721897868067,41.867864719237645,42.15239017660547,151128400
2018-03-01,41.150672912597656,42.27467386282315,40.600430490213576,41.98309066020018,195208000
2018-03-02,41.4351921081543,41.45635444518084,40.55103842203479,40.63334118343101,153816000
2018-03-05,41.57863235473633,41.79496684206314,41.037794342392736,41.200046104901126,113605600
2018-03-06,41.543365478515625,41.914897680952514,41.41638784408837,41.83494866712595,95154000
2018-03-07,41.15772247314453,41.350544470010895,40.97901229082367,41.136560133406576,126814000
2018-03-08,41.606842041015625,41.64916670884901,41.167119025390285,41.2635264092505,95096400
2018-03-09,42.321693420410156,42.326397358104835,41.71266445289019,41.846699766789705,128740800
2018-03-12,42.73086166381836,42.88840953350741,42.375791413150864,42.39459999300716,128828400
2018-03-13,42.3193473815918,43.149414857195474,42.14769131351788,42.93543052183893,126774000
2018-03-14,41.95956802368164,42.44867347719776,41.81142448874584,42.40164486567859,117473600
2018-03-15,42.00896453857422,42.38285058986366,41.872582584028656,41.97369396206322,90975200
2018-03-16,41.860809326171875,42.119468498773394,41.76674850954591,42.00894928177119,157618800
2018-03-19,41.221221923828125,41.731489890395046,40.83558143541535,41.696219316598324,133787200
2018-03-20,41.20710754394531,41.573935808897474,41.13656281882672,41.20710754394531,78597600
2018-03-21,40.27357864379883,41.17183722398214,40.271224880308154,41.16007917069106,148219600
2018-03-22,39.70450973510742,40.60511816653753,39.64572307786744,39.97492692319023,165963200
2018-03-23,38.78509521484375,39.95612471407473,38.78509521484375,39.596350569202244,164115200
2018-03-26,40.62629699707031,40.703895839846645,39.13781793229658,39.5211082074498,150164800
2018-03-27,39.5846061706543,41.18595509096062,39.25069818976112,40.840289054024765,163690400
2018-03-28,39.14722442626953,39.979645813435894,38.84388674020141,39.328288402944224,166674000
2018-03-29,39.452911376953125,40.386444023671224,39.24598114149307,39.45996549061165,153594000
2018-04-02,39.19424819946289,39.72568201023475,38.67457602874525,39.18484391069471,150347200
2018-04-03,39.596336364746094,39.6809892854104,38.770973079308426,39.419976412366495,121112000
2018-04-04,40.353515625,40.447572847156515,38.745113444973654,38.77097971927465,138422000
2018-04-05,40.63334655761719,40.969604583911725,40.464040662906214,40.581614001563636,107732800
2018-04-06,39.59400177001953,40.55810106955422,39.55167349900567,40.20303085074771,140021200
2018-04-09,39.98670959472656,40.70155420819894,39.939680957586475,39.94673507375474,116070800
2018-04-10,40.739173889160156,40.91553394928639,40.334721197559624,40.68038720245141,113634400
2018-04-11,40.54869842529297,40.89671454438979,40.37468857171758,40.49931603844929,89726400
2018-04-12,40.94843673706055,41.150662995876694,40.68977399157953,40.77678069036118,91557200
2018-04-13,41.087181091308594,41.34819406678015,40.88025443918927,41.09893914369185,100497200
2018-04-16,41.34348678588867,41.43048990044364,41.110690304717394,41.15771891831324,86313600
2018-04-17,41.91255187988281,42.07715386319057,41.48223295977202,41.50104512758635,106421600
2018-04-18,41.818485260009766,42.04893159283888,41.59274645355115,41.81143114656128,83018000
2018-04-19,40.63334655761719,41.24237559072981,40.60042616631525,40.85908535852946,139235200
2018-04-20,38.968505859375,40.26181252512337,38.9003113167802,40.11602274007063,261964400
2018-04-23,38.855648040771484,39.2506928359251,38.585227140895526,39.22953049076783,146062000
2018-04-24,38.31480026245117,39.11194735682978,37.91034768951034,38.95674968831802,134768000
2018-04-25,38.48175811767578,38.89796880402129,38.19017849013432,38.23955729051611,113528400
2018-04-26,38.615787506103516,38.97085769595813,38.41591139583521,38.592271403229525,111852000
2018-04-27,38.16900634765625,38.641649827377975,37.771607930930294,38.56405100150369,142623200
2018-04-30,38.86034393310547,39.3306373522608,38.05614261691634,38.124337172004125,169709600
2018-05-01,39.7633056640625,39.786818179609284,38.86269343458145,39.130760510579584,214277600
2018-05-02,41.51985168457031,41.797323049213546,40.86849436573064,41.204752401329166,266157600
2018-05-03,41.59510040283203,41.73854003605556,41.01899169459304,41.357603523058685,136272800
2018-05-04,43.227020263671875,43.32578145161109,41.89608901981912,41.91490118724384,224805200
2018-05-07,43.539756774902344,44.12997360452288,43.443345782398595,43.54445712474156,169805600
2018-05-08,43.74903106689453,43.78900556327997,43.18938094139274,43.49977621410719,113611200
2018-05-09,44.05707931518555,44.066483603045754,43.5538655954105,43.86661109054945,92844800
2018-05-10,44.68727111816406,44.76486994901451,44.12527072629571,44.146436653293755,111957200
2018-05-11,44.51731872558594,44.86431758098543,44.248217939958764,44.729768989116714,104848800
2018-05-14,44.41345977783203,44.739214725183906,44.345005855071946,44.61646590993839,83115200
2018-05-15,44.00979995727539,44.15851476365606,43.69348924068128,44.0900572551773,94780800
2018-05-16,44.4205322265625,44.486630499953954,43.90593748388413,43.92246295270436,76732400
2018-05-17,44.139625549316406,44.59284763468459,43.99091075812613,44.37803818116284,69176000
2018-05-18,43.97911834716797,44.33319852743315,43.936630454443275,44.18684653886162,73190800
2018-05-21,44.290714263916016,44.67784181531848,44.12075547531102,44.37805289626659,73603200
2018-05-22,44.17975997924805,44.585772159242794,44.09005852495706,44.46774544649757,60962800
2018-05-23,44.4630241394043,44.49607147546965,43.84928378174547,43.988558042632555,80233600
2018-05-24,44.41345977783203,44.57633725150797,43.95551906297832,44.55981538127905,92936000
2018-05-25,44.51496505737305,44.76754040439707,44.29543345111309,44.43234489979227,69844000
2018-05-29,44.354434967041016,44.55508180932214,44.111300239226054,44.28362182448461,90056400
2018-05-30,44.2600212097168,44.37804793294271,44.090062440120306,44.31195325608738,74762000
2018-05-31,44.111297607421875,44.43233037478441,43.938979634333535,44.193917737993985,109931200
2018-06-01,44.90679931640625,44.91151779096248,44.319025064148434,44.37567917582391,93770000
2018-06-04,45.282135009765625,45.657459141289145,45.168830359131896,45.23728427671126,105064800
2018-06-05,45.63148880004883,45.78020361623582,45.40723875788195,45.57483828103631,86264000
2018-06-06,45.789642333984375,45.81324911722004,45.303372855200706,45.707025796438366,83734400
2018-06-07,45.666908264160156,45.841585535827775,45.40252591473598,45.82742290319422,85388800
2018-06-08,45.251441955566406,45.32225870517114,44.7958605631141,45.12633392541683,106627200
2018-06-11,45.1405029296875,45.31518378979561,44.899730989674985,45.16883179466369,73234000
2018-06-12,45.38836669921875,45.46626478645827,45.12162509157046,45.17827922826026,67644400
2018-06-13,45.015377044677734,45.52997526547218,44.95400446501303,45.421389130185375,86553600
2018-06-14,45.03900146484375,45.22076363989936,44.90209002406459,45.21604156210974,86440400
2018-06-15,44.576324462890625,44.887916688684165,44.43941305475914,44.85722859320443,246876800
2018-06-18,44.552730560302734,44.666035210598075,44.18920622118241,44.34972444416655,73939600
2018-06-19,43.83275604248047,43.98383007309582,43.30399513438226,43.70292595322767,134314000
2018-06-20,44.02397155761719,44.18920826399699,43.84220937965438,43.98856497835368,82514800
2018-06-21,43.778472900390625,44.46066720310662,43.65572410212739,44.201006976374714,102847600
2018-06-22,43.6510009765625,43.941345694470854,43.599068932463176,43.93426437953818,108801600
2018-06-25,43.00184631347656,43.65099314638365,42.6619288501248,43.29219097930246,126652400
2018-06-26,43.53532791137695,44.03104150441041,43.08918711840249,43.195414032544754,98276800
2018-06-27,43.47161102294922,44.208096749658516,43.44092291703954,43.72418638101309,101141200
2018-06-28,43.787906646728516,43.95550614918332,43.38661657843012,43.45743332033904,69460800
2018-06-29,43.69585037231445,44.186841936704425,43.176533549058156,43.97439168953857,90950800
2018-07-02,44.184478759765625,44.21280762030508,43.296919170467575,43.39134270245,70925200
2018-07-03,43.414947509765625,44.36624256853828,43.32524605149568,44.32847315433098,55819200
2018-07-05,43.76431655883789,44.00273289414268,43.49993779688219,43.73126921359343,66416800
2018-07-06,44.370967864990234,44.47955043635213,43.71709879140897,43.76903083923939,69940800
2018-07-09,44.987064361572266,45.010667544089124,44.684916250995535,44.732126217918854,79026400
2018-07-10,44.932777404785156,45.152305392959924,44.892645147053265,45.017756794182795,63756400
2018-07-11,44.34971618652344,44.79821622843991,44.285980756772624,44.49606814931717,75326000
2018-07-12,45.09328842163086,45.182989881568,44.68727621608019,44.73920826110805,72164400
2018-07-13,45.16408920288086,45.28447511820666,45.06258438644319,45.10507586366242,50055600
2018-07-16,45.064964294433594,45.47569498575742,44.949296809074376,45.208957040742106,60172400
2018-07-17,45.19243240356445,45.29157442060409,44.66131213963721,44.79114225786405,62138000
2018-07-18,44.94457244873047,45.27504941787513,44.833627046461345,45.27032734066018,65573600
2018-07-19,45.2939338684082,45.452089236262694,44.77697627392988,44.77697627392988,81147200
2018-07-20,45.190067291259766,45.42375787179969,44.89027843939604,45.27032458958884,82704800
2018-07-23,45.23019027709961,45.31281040449239,44.74628010641809,45.01065875105276,63957600
2018-07-24,45.558319091796875,45.714115244336426,45.334069018717855,45.42848896468058,74791600
2018-07-25,45.98793411254883,45.99501542778287,45.42376291837853,45.57247774207294,66839600
2018-07-26,45.84395217895508,46.25704580719109,45.70231863708935,45.9383721389385,76304000
2018-07-27,45.08148956298828,46.07527623163018,44.87376496387609,46.02806625919059,96096000
2018-07-30,44.82891845703125,45.36947935593918,44.630634392951606,45.29866258965634,84118000
2018-07-31,44.918601989746094,45.35530224080693,44.69435196969696,44.92096482906494,157492000
2018-08-01,47.56476593017578,47.626138525018376,46.57570148664053,47.00532045620713,271742800
2018-08-02,48.955116271972656,49.18881044319775,47.293301860039435,47.34759313549567,249616000
2018-08-03,49.09675979614258,49.273799888813365,48.504263314128146,48.87014689269242,133789600
2018-08-06,49.35169219970703,49.39418008808014,48.87958534103959,49.099113301413,101701600
2018-08-07,48.8890266418457,49.4531942025148,48.806406499558236,49.41070631349122,102349600
2018-08-08,48.92206954956055,49.05425888374201,48.27764474448132,48.638806176044675,90102000
2018-08-09,49.30684280395508,49.519289455339305,48.91027115897772,49.460276096411505,93970400
2018-08-10,49.15995788574219,49.53186312543229,48.95623989781141,49.11968851324105,98444800
2018-08-13,49.47739791870117,49.9701114758063,49.200247220552406,49.5816262731206,103563600
2018-08-14,49.68585968017578,49.87773298190438,49.33290519218512,49.78298189435421,82992000
2018-08-15,49.80192947387695,49.92037013258283,49.34948529013519,49.56030951805078,115230400
2018-08-16,50.531517028808594,50.64758654419464,50.093285209412876,50.15961167949677,114001600
2018-08-17,51.54063415527344,51.6282790804215,50.49361923351846,50.559945708958374,141708000
2018-08-20,51.038448333740234,51.91964347624076,50.955538429933824,51.66381484377017,121150800
2018-08-21,50.93895721435547,51.44825421858862,50.699708383548476,51.35587064881938,104639200
2018-08-22,50.941322326660156,51.25163623938956,50.65469437430576,50.71628582322843,76072400
2018-08-23,51.045555114746094,51.41508938235087,50.83473089209865,50.8465720660557,75532800
2018-08-24,51.20426940917969,51.3795592809375,50.95554328856623,51.308497773209886,73905600
2018-08-27,51.625911712646484,51.815417477798526,51.24453267054216,51.43877345929468,82100400
2018-08-28,52.042823791503906,52.24180322712333,51.85805665635416,51.87937510705867,91107200
2018-08-29,52.819786071777344,52.94059783620013,51.974121793425,52.14941162490679,109019200
2018-08-30,53.30539321899414,54.07051872797575,52.682394306819354,52.883744837114136,195175200
2018-08-31,53.92129898071289,54.215029520302,53.535181251323905,53.65598942991082,173360400
2018-09-04,54.09421157836914,54.288452356795226,53.68440795836104,54.106056365784276,109560400
2018-09-05,53.74126052856445,54.40452890571395,53.321983221015245,54.24345135322492,133332000
2018-09-06,52.84822082519531,53.854966375900794,52.42183375140391,53.58965685525176,137160000
2018-09-07,52.42182922363281,53.38593417642667,52.282070132620795,52.552114653610786,150479200
2018-09-10,51.71829605102539,52.55211926147395,51.27769667661744,52.33892391703804,158066000
2018-09-11,53.025882720947266,53.13247858760648,51.299015945884626,51.642493122685174,142996000
2018-09-12,52.36735534667969,53.29829720285223,52.07598871951485,53.28408490192167,197114800
2018-09-13,53.632293701171875,54.09184398179361,52.7226704156543,52.94770691810222,166825600
2018-09-14,53.023502349853516,53.7341461563761,52.71082095453466,53.47594644082468,127997200
2018-09-17,51.6116943359375,52.812680543493926,51.46719661085651,52.62317479698291,148780400
2018-09-18,51.69696807861328,52.55210958163604,51.431658606485406,51.590368618769475,126286800
2018-09-19,51.72776794433594,52.02386956716063,51.00054423822981,51.75856366975667,108495200
2018-09-20,52.12099838256836,52.653981371303495,51.912541656993724,52.17074505190675,106435200
2018-09-21,51.5595817565918,52.43604179491919,51.47193322259395,52.29865021482136,384986800
2018-09-24,52.301021575927734,52.412356078089026,51.31559809726625,51.36060612339808,110773600
2018-09-25,52.63264846801758,52.781884820535055,52.0428128212058,52.054657607274386,98217600
2018-09-26,52.21337127685547,53.00218637259011,52.057028764651164,52.350762852927,95938800
2018-09-27,53.28645706176758,53.639411561925016,52.95245350267789,53.018783603676255,120724800
2018-09-28,53.473575592041016,53.49726154873405,53.06613954590139,53.24853550907005,91717600
2018-10-01,53.83365249633789,54.345317062682476,53.61809322209629,53.99710120068595,94403200
2018-10-02,54.3121452331543,54.48270006163944,53.68441122173111,53.83127647394593,99152800
2018-10-03,54.97303771972656,55.30467004984194,54.43057759069054,54.49453654525611,114619200
2018-10-04,54.006568908691406,55.03937152166361,53.708096157284366,54.66746614555223,128168000
2018-10-05,53.13010787963867,54.10606134298205,52.25128023622536,53.99946547548334,134322000
2018-10-08,53.006935119628906,53.250922595273806,52.16126705421183,52.63740083086662,118655600
2018-10-09,53.74126052856445,53.83601521931259,52.64687005570699,52.976134925197805,107564000
2018-10-10,51.251644134521484,53.618089896183506,51.178211501360096,53.40726565940441,167962400
2018-10-11,50.799198150634766,51.995449534818604,50.29464339890083,50.81578157793993,212497600
2018-10-12,52.61370086669922,52.79610046305243,51.365335518018185,52.21337092805712,161351600
2018-10-15,51.488521575927734,52.54738131852214,51.467203125558655,52.388671274904624,123164000
2018-10-16,52.623191833496094,52.822174919739325,51.346401468171734,51.86043357737789,116736000
2018-10-17,52.39576721191406,52.73924432082276,51.95753542896491,52.65870555877931,91541600
2018-10-18,51.17110061645508,52.05229936190943,50.45571806191486,51.60696135100703,130325200
2018-10-19,51.95042419433594,52.41234188968303,51.50508630624701,51.65432264417487,132314800
2018-10-22,52.26785659790039,52.909806501448585,51.86279160524243,52.06413853844261,115168400
2018-10-23,52.76057052612305,52.88374981323003,50.858413991095595,51.12609101465835,155071200
2018-10-24,50.95079040527344,53.115885022108806,50.82050498666034,52.7297710181552,163702000
2018-10-25,52.066497802734375,52.440770599471115,51.34400929050589,51.57141687360045,119423200
2018-10-26,51.23741912841797,52.15888711882301,50.37753896663008,51.14266445225162,189033600
2018-10-29,50.27568435668945,52.04044917639347,48.81886231052137,51.92200853594996,183742000
2018-10-30,50.52678298950195,50.9721173842347,49.57215162121228,50.017486015945025,146640000
2018-10-31,51.84384536743164,52.220485795314765,51.31322991423812,51.374821370171105,153435600
2018-11-01,52.63976287841797,52.67292611590215,51.35823417541894,51.888849589687624,233292800
2018-11-02,49.148128509521484,50.609685619388856,48.662521147330224,49.63847450952793,365314800
2018-11-05,47.75290298461914,48.41617138342954,46.94276932850515,48.3948529327607,264654800
2018-11-06,48.26930236816406,48.49433887492205,47.77658884210814,47.83107052774979,127531600
2018-11-07,49.73323059082031,49.759287679647485,48.354583238431374,48.790443983793224,133697600
2018-11-08,49.55970764160156,49.947168944767455,49.146094704463344,49.9138899930759,101450400
2018-11-09,48.6041145324707,48.97018295136626,48.076402922214434,48.860839393714286,137463200
2018-11-12,46.15571975708008,47.505901849670465,46.06538963892169,47.30384878341077,204542000
2018-11-13,45.69456100463867,46.871213673584364,45.50914924478699,45.55193852705489,187531600
2018-11-14,44.40382385253906,46.22941826577733,44.19701557173812,46.09154728762127,243204000
2018-11-15,45.49965286254883,45.632768656041364,44.42758831620002,44.78177425949028,185915200
2018-11-16,46.003597259521484,46.34589712406459,45.036128252088695,45.283342805851085,147713200
2018-11-19,44.18037796020508,45.33088300072915,43.97357330630078,45.16448824315479,167701200
2018-11-20,42.06953048706055,43.136839943167296,41.72009968887252,42.39994422370587,271300800
2018-11-21,42.021976470947266,42.85157783835259,41.96730470311265,42.72321361997092,124496800
2018-11-23,40.95468521118164,41.979209124761006,40.90952376500685,41.58461321042841,94496000
2018-11-26,41.508541107177734,41.58698512821086,40.47213479849216,41.41821459606718,179994000
2018-11-27,41.418209075927734,41.54419392188072,40.61951070937927,40.769264159453,165549600
2018-11-28,43.01084899902344,43.09404455097691,41.5822228299945,42.01009758633539,184250000
2018-11-29,42.68043899536133,43.45298939568039,42.2406780858648,43.41971044659814,167080000
2018-11-30,42.449859619140625,42.865848271687376,42.081411801458295,42.85633792843457,158126000
2018-12-03,43.93316650390625,43.961690285175266,43.075041021768605,43.84759153296526,163210000
2018-12-04,42.0006103515625,43.35554468582177,41.90077346663127,43.01324472198053,165377200
2018-12-06,41.53230285644531,41.54656474264468,40.51015869560791,40.82868624450314,172393600
2018-12-07,40.0513916015625,41.47763851102162,40.00622653575494,41.23993069277843,169126400
2018-12-10,40.31523895263672,40.431713437733315,38.824810229868675,39.221781767655074,248104000
2018-12-11,40.084659576416016,40.83581331978774,39.69719477807932,40.804913778326735,189126800
2018-12-12,40.1963996887207,40.86673395300004,40.17738262508479,40.50541699818574,142510800
2018-12-13,40.63614273071289,41.02123178621812,40.30335330213577,40.526799187237295,127594400
2018-12-14,39.33588409423828,40.191633589540416,39.28834326163995,40.17261653107448,162814800
2018-12-17,38.969825744628906,40.01811823997031,38.68219764845337,39.32876329452784,177151600
2018-12-18,39.47613525390625,39.82318660338738,39.076784272225034,39.31211629502645,135366000
2018-12-19,38.244808197021484,39.8041708009938,37.81693342711854,39.45949521281454,196189200
2018-12-20,37.279720306396484,38.53481738866487,36.916027607962675,38.12833539369746,259092000
2018-12-21,35.82970428466797,37.595875549010096,35.568227818141445,37.28685460935689,382978400
2018-12-24,34.902645111083984,36.02462648734003,34.845593919582576,35.216417596506616,148676800
2018-12-26,37.360530853271484,37.37479273954162,34.8764853105482,35.252064033237325,234330000
2018-12-27,37.11808395385742,37.26546530568134,35.67282323756634,37.044395091512655,212468400
2018-12-28,37.137081146240234,37.68143393049469,36.73773386318466,37.438971007420975,169165600
2018-12-31,37.49602127075195,37.88110665972901,37.196507188541034,37.68380879470935,140014000
2019-01-02,37.538818359375,37.759888517261295,36.66167592649953,36.81856395762742,148158800
2019-01-03,33.79967498779297,34.63878328935381,33.754509922344255,34.225170383128884,365248800
2019-01-04,35.2425651550293,35.31150246393668,34.18239015657941,34.355915874533636,234428400
2019-01-07,35.16411209106445,35.37805128112703,34.681565561258495,35.3471481073425,219111200
2019-01-08,35.83445358276367,36.08880268918446,35.30436616393607,35.55158069885025,164101200
2019-01-09,36.4429931640625,36.732997057182644,35.56822993881334,35.9628222484995,180396400
2019-01-10,36.55946350097656,36.599873395186364,35.860601928696866,36.250442609046516,143122800
2019-01-11,36.20052719116211,36.53569613305001,36.01511535674199,36.340777580487256,108092800
2019-01-14,35.65617370605469,35.95806365903001,35.47076189295389,35.858226807909084,129756800
2019-01-15,36.38594055175781,36.46200517390876,35.66806186445189,35.72035787905168,114843600
2019-01-16,36.8304557800293,37.053901744956434,36.36930195915994,36.3883190228914,122278800
2019-01-17,37.04914474487305,37.477019589891874,36.4311028990532,36.65454885295936,119284800
2019-01-18,37.2773323059082,37.52930194874502,37.07765503280678,37.43897184013087,135004000
2019-01-22,36.44061279296875,37.25594894751966,36.278969574791795,37.17988432442107,121576000
2019-01-23,36.58798599243164,36.87798981327915,36.06027435955394,36.64265777360124,92522400
2019-01-24,36.2979850769043,36.72110472601421,36.06978759028488,36.63315398920607,101766000
2019-01-25,37.50078201293945,37.58873636724454,36.683070210489795,36.95880850768255,134142000
2019-01-28,37.15373229980469,37.160863244101265,36.52618381177193,37.03249899249603,104768400
2019-01-29,36.768638610839844,37.58873337454473,36.633147058879665,37.14184157601951,166348800
2019-01-30,39.28120803833008,39.49514357528034,38.08791404631892,38.80579250987827,244439200
2019-01-31,39.5640869140625,40.17261830328575,39.1171950882309,39.48564290460484,162958400
2019-02-01,39.58311462402344,40.167873939673896,39.44286422730436,39.687706664776314,130672400
2019-02-04,40.707462310791016,40.8049233830398,39.76376201843734,39.79466519430484,125982000
2019-02-05,41.40394592285156,41.61788513494221,40.9689438085808,41.09017348977209,144406400
2019-02-06,41.418209075927734,41.73436089051288,41.08779537344349,41.515666518949295,112958400
2019-02-07,40.63376235961914,41.3468855919687,40.4911362622963,40.98081363483516,126966800
2019-02-08,40.6815185546875,40.7412003774685,40.20644993398255,40.34252623841414,95280000
2019-02-11,40.44756317138672,40.87250110070133,40.40459400749151,40.83430385989045,83973600
2019-02-12,40.79610824584961,40.82236839461806,40.51202217536083,40.60751528119588,89134000
2019-02-13,40.626617431640625,41.17569104838117,40.56454963390793,40.91547911908736,89960800
2019-02-14,40.774620056152344,40.884432564786806,40.43562775647638,40.51440819581286,87342800
2019-02-15,40.68389892578125,40.989469525015814,40.52395209982948,40.88204298730956,98507200
2019-02-19,40.8056640625,40.927417341950274,40.46189973940875,40.51442004766372,75891200
2019-02-20,41.06825637817383,41.376216629460316,40.81998159348772,40.867726324078575,104457600
2019-02-21,40.83668899536133,41.149421157459315,40.65525756921384,41.01334849852102,68998800
2019-02-22,41.29266357421875,41.29982510218546,40.913088021224546,40.96083275523248,75652800
2019-02-25,41.59345626831055,41.98496889280759,41.526612916032235,41.576747251585715,87493600
2019-02-26,41.617340087890625,41.84890591284136,41.340415482818976,41.46933029397214,68280800
2019-02-27,41.74624252319336,41.77727823840255,41.23536623787133,41.34995796663316,111341600
2019-02-28,41.33563232421875,41.75579472169711,41.280726062799076,41.61494648285592,112861600
2019-03-01,41.77011489868164,41.813084063086116,41.273561690323184,41.60539248308564,103544800
2019-03-04,41.980194091796875,42.43377447154785,41.53138563496045,41.941996852345,109744800
2019-03-05,41.903804779052734,42.016006907094805,41.667463428832036,42.001683851206835,78949600
2019-03-06,41.66268539428711,41.89425114434941,41.52422313653002,41.69849302875482,83241600
2019-03-07,41.180458068847656,41.64358960039428,41.06586998808738,41.5075132948063,99185600
2019-03-08,41.27833938598633,41.31653662922078,40.464278397663925,40.660036537223284,95997600
2019-03-11,42.708316802978516,42.760837105669346,41.86083771700078,41.894259396650405,128044000
2019-03-12,43.18815612792969,43.608314858828265,42.82051405104015,42.970913413648546,129870400
2019-03-13,43.3791389465332,43.75871447631922,43.19054234110201,43.50805008474166,124130000
2019-03-14,43.861366271972656,43.9496978509338,43.58205576514747,43.90194947627824,94318000
2019-03-15,44.431922912597656,44.7207845418945,43.86375442838504,44.12874187114219,156171600
2019-03-18,44.88551330566406,44.97384125151117,44.35314874059598,44.35553834520154,104879200
2019-03-19,44.5297966003418,45.117067277020425,44.384172822489425,44.96428197260884,126585600
2019-03-20,44.91892623901367,45.2364339610808,44.10008976785335,44.45818069072299,124140800
2019-03-21,46.57330322265625,46.86932635513335,45.31282350160718,45.36295783215886,204136800
2019-03-22,45.60886001586914,47.19400944183324,45.54440261273044,46.63299872369865,169630800
2019-03-25,45.057395935058594,45.83087012477533,44.54651961316686,45.71866799234534,175381200
2019-03-26,44.59186553955078,46.04571739465231,44.064280308272146,45.75446983136156,199202000
2019-03-27,44.99293899536133,45.30089564019327,44.53458297091688,45.059782354591356,119393600
2019-03-28,45.052608489990234,45.2531385127712,44.76852246970609,45.107514739461216,83121600
2019-03-29,45.346248626708984,45.377284340493745,45.00964226896314,45.317602517178074,94256000
2019-04-01,45.65421676635742,45.759253733689775,44.97145644390192,45.749706243092305,111448000
2019-04-02,46.317874908447266,46.4229155104042,45.60885448792773,45.618401977792104,91062800
2019-04-03,46.63538360595703,46.90991856798124,46.11018058570054,46.13405477487213,93087200
2019-04-04,46.716548919677734,46.87888174561078,46.10779353704933,46.50169215026725,76457200
2019-04-05,47.029273986816406,47.053148171804175,46.773834049666235,46.89797325476208,74106400
2019-04-08,47.76933288574219,47.80036495686794,46.871715930873805,46.89081455147626,103526800
2019-04-09,47.626102447509766,48.42584046197502,47.5616450483043,47.8218606070634,143072800
2019-04-10,47.893463134765625,47.92211288383109,47.31096802051758,47.43033165400483,86781200
2019-04-11,47.494789123535156,47.98418075027225,47.373039528521915,47.94837311723572,83603200
2019-04-12,47.4756965637207,47.77888125198127,46.8406847198041,47.55447700914382,111042800
2019-04-15,47.561641693115234,47.70965510465262,47.270394078957786,47.40647039627106,70146400
2019-04-16,47.566410064697266,48.072510727579555,47.401687660312966,47.616544395779556,102785600
2019-04-17,48.492679595947266,48.55236142338571,47.413631135907046,47.63564578548703,115627200
2019-04-18,48.66695022583008,48.73617954389049,48.34705650031418,48.49029070265323,96783200
2019-04-22,48.826904296875,48.924783384004826,48.304090820834,48.421068532966494,77758000
2019-04-23,49.531150817871094,49.59560822396384,48.676506446010386,48.80303165331333,93292000
2019-04-24,49.45474624633789,49.76986437478454,49.42848609874323,49.50249097577655,70162400
2019-04-25,49.005943298339844,49.597986024015086,48.9677460534086,49.37597136789553,74172800
2019-04-26,48.77199172973633,48.93910012357154,48.25156428300405,48.915225934728035,74596400
2019-04-29,48.84599304199219,49.17066231598747,48.66694756683353,48.795858706164374,88818800
2019-04-30,47.90541458129883,48.55713919547273,47.533000516056596,48.475972774625596,186139600
2019-05-01,50.256874084472656,51.400376291203976,49.94891381611676,50.10408875249977,259309200
2019-05-02,49.929805755615234,50.76535117872983,49.68630656932932,50.09452815043092,127985200
2019-05-03,50.55051040649414,50.5719949912171,50.18764385729484,50.34520476397623,83569600
2019-05-06,49.769866943359375,49.85580891786009,48.581005998340764,48.76959896429785,129772400
2019-05-07,48.42822265625,49.51681861609969,47.943606504322965,49.149180158416655,155054800
2019-05-08,48.43777084350586,49.02026607598343,48.1632358878382,48.19904352807667,105358000
2019-05-09,47.9173469543457,48.14652313682094,46.94811463835433,47.840952465060795,139634400
2019-05-10,47.253517150878906,47.65373021042294,46.19667837213871,47.31103365411857,164834800
2019-05-13,44.50717544555664,45.408245519270494,43.81939074079154,44.98407358813538,229722400
2019-05-14,45.21173095703125,45.46096182598622,44.43287946356092,44.67252607693641,146118800
2019-05-15,45.75333023071289,45.952237355333416,44.57906330726603,44.63897495961979,106178800
2019-05-16,45.55203628540039,46.124791640359376,45.25487311897266,45.51129679315685,132125600
2019-05-17,45.293212890625,45.748540023134815,44.75640312513268,44.79714261326525,131516400
2019-05-20,43.87690353393555,44.17886064816322,43.203497043820846,43.979953493197925,154449200
2019-05-21,44.71805953979492,45.053563335993125,44.26272878013493,44.38734604303017,113459200
2019-05-22,43.802616119384766,44.50478273302888,43.74749841159521,44.25315300927631,118994400
2019-05-23,43.05491256713867,43.26579910587868,42.61156485806626,43.08846294762348,146118800
2019-05-24,42.88956832885742,43.64924789605857,42.80569052481283,43.184332733174735,94858800
2019-05-28,42.712223052978516,43.27778931506044,42.63553802351406,42.87757983293096,111792800
2019-05-29,42.50851821899414,42.98062234841405,42.17780471640916,42.27845585703999,113924800
2019-05-30,42.72899627685547,42.9518658949195,42.33837108685627,42.64511849088788,84873600
2019-05-31,41.95493698120117,42.65470469718947,41.935764812126756,42.23292429098691,108174400
2019-06-03,41.53076171875,42.637927979424546,40.804632722240406,42.08194969920505,161584400
2019-06-04,43.05012893676758,43.09566239050077,41.82313911991477,42.04361362408563,123872000
2019-06-05,43.74508285522461,44.332219871412036,43.40957912316016,44.162069199404506,119093600
2019-06-06,44.38733673095703,44.44724837176043,43.65162002666748,43.87449323194862,90105200
2019-06-07,45.56880569458008,45.99298125786859,44.519155931088335,44.69649209879013,122737600
2019-06-10,46.151145935058594,46.8197583874518,45.92108357381099,45.966617016110206,104883600
2019-06-11,46.685569763183594,46.970749901230256,46.39559932431063,46.69755282868571,107731600
2019-06-12,46.5369758605957,46.96354653458816,46.345257840924276,46.47945935767915,73012800
2019-06-13,46.52738571166992,47.160052586468986,46.39558300765433,46.65919207240241,86698400
2019-06-14,46.189491271972656,46.39318870678023,45.60475292882197,45.9043112065248,75046000
2019-06-17,46.46508026123047,46.72150388470995,46.05288780663783,46.22782880502471,58676400
2019-06-18,47.5578727722168,47.998821691765386,46.78142003490676,46.982722325563635,106204000
2019-06-19,47.41889190673828,47.900584119603664,47.28469033826264,47.85265185367509,84496800
2019-06-20,47.799930572509766,48.07552280433807,47.457233903053336,48.01800628210752,86056000
2019-06-21,47.63695526123047,48.133025524334315,47.4859767191176,47.64174921755458,191202400
2019-06-24,47.58903121948242,47.967673357520425,47.49077521738597,47.57944330591722,72881600
2019-06-25,46.86769485473633,47.751987879310825,46.80059043176467,47.55308073051549,84281200
2019-06-26,47.88139343261719,48.16657348373054,47.294259969175215,47.39491110661809,104270000
2019-06-27,47.86701965332031,48.30557342924731,47.8262801646343,47.99882237571496,83598800
2019-06-28,47.43085861206055,47.80950071063,47.222367222720095,47.61298872692093,124442400
2019-07-01,48.3007926940918,49.00535457100737,48.08510847194627,48.689019174547965,109012000
2019-07-02,48.58355712890625,48.679417968727066,48.25524243722315,48.2672254992904,67740800
2019-07-03,48.986167907714844,48.993357013988195,48.573975416695106,48.71536604902747,45448000
2019-07-05,48.94303894042969,49.14674007490686,48.6243084269404,48.73215235502716,69062000
2019-07-08,47.934120178222656,48.26483004258469,47.54828895586912,48.123439407842795,101354400
2019-07-09,48.22648620605469,48.29118815938511,47.644143029060785,47.73760506281078,82312000
2019-07-10,48.70337677001953,48.82320006823805,48.3031673927757,48.37266695350388,71588400
2019-07-11,48.34870910644531,48.98137608305649,48.339124849902824,48.72255727579953,80767200
2019-07-12,48.72016143798828,48.88791335049453,48.45654867782315,48.51646033634091,70380800
2019-07-15,49.177886962890625,49.336050960909304,48.8879129292078,48.90948024847616,67789600
2019-07-16,49.00774383544922,49.39357511900436,48.76809716632722,49.02931115805789,67467200
2019-07-17,48.732139587402344,49.14912234834269,48.71296741980369,48.89989148299427,56430000
2019-07-18,49.28572082519531,49.33844336993761,48.81601187841402,48.88790659003687,74162400
2019-07-19,48.55001449584961,49.487033785576166,48.4948967896062,49.31688305319296,83717200
2019-07-22,49.65958023071289,49.661975380848794,48.794455658342386,48.80403991560377,89111600
2019-07-23,50.047794342041016,50.06457135902232,49.67634138607371,49.95673112192649,73420800
2019-07-24,50.007057189941406,50.12208653775661,49.647587278391484,49.76741058224146,59966400
2019-07-25,49.61164474487305,50.14366053862095,49.54214517668298,50.05978275817563,55638400
2019-07-26,49.78418731689453,50.261081723206544,49.640397890405445,49.72187685894799,70475600
2019-07-29,50.24910354614258,50.47916591954553,49.95194406569725,49.95673802217077,86693600
2019-07-30,50.03342819213867,50.364141745221836,49.6811473177808,50.02863423517171,135742800
2019-07-31,51.0543098449707,53.05056645356271,50.637327102985296,51.864316519787174,277125600
2019-08-01,49.94954299926758,52.2501520023427,49.544543285154184,51.260410296588674,216071600
2019-08-02,48.8927116394043,49.47025729958617,48.31995627949175,49.25457677249791,163448400
2019-08-05,46.333282470703125,47.60580559815315,46.15115233297481,47.447641588131205,209572000
2019-08-06,47.210384368896484,47.466808008764005,46.50102876130164,47.04502761522001,143299200
2019-08-07,47.69927215576172,47.823889449526476,46.44831988764817,46.82935721987256,133457600
2019-08-08,48.751312255859375,48.775278381580826,47.78314147822122,47.97725466372589,108038000
2019-08-09,48.34959030151367,48.775373879354945,47.94064014742092,48.424162442131816,98478800
2019-08-12,48.226890563964844,48.60456700562151,47.90694915273637,48.020011293193434,89927600
2019-08-13,50.269229888916016,51.031795643671664,48.22689828437496,48.356801205981334,188874000
2019-08-14,48.77296447753906,49.66062099046996,48.73447445076552,48.87159379466716,146189600
2019-08-15,48.53001022338867,49.34790322459332,48.03205506391868,48.94376889570016,108909600
2019-08-16,49.675045013427734,49.833813592722215,49.03516219671506,49.14100791624472,110481600
2019-08-19,50.601192474365234,51.17371593316151,50.524212432833735,50.66614025497072,97654400
2019-08-20,50.603614807128906,51.32288218594744,50.59399413380477,50.728705584012936,107537200
2019-08-21,51.15207290649414,51.39503430979136,50.90189508225022,51.23626937835333,86141600
2019-08-22,51.10877227783203,51.58507439376936,50.697417947742494,51.28437796466057,89014800
2019-08-23,48.74650192260742,51.01014564047347,48.35198833377321,50.37988339602778,187272000
2019-08-26,49.67264938354492,49.841038661740455,49.32865073537815,49.521097197863455,104174400
2019-08-27,49.11214828491211,50.168194019276,48.96059610686594,50.00220899962749,103493200
2019-08-28,49.441707611083984,49.48741405398377,48.91007839883308,49.097712670287585,63755200
2019-08-29,50.27884292602539,50.353418717422464,49.713535889687755,50.15616011479025,83962000
2019-08-30,50.213905334472656,50.625256042475115,49.84344523456853,50.55549607776158,84573600
2019-09-03,49.482608795166016,49.79052167700322,49.12658521378133,49.658214500289326,80092000
2019-09-04,50.322147369384766,50.391907323066086,49.87230670410968,50.1297009283662,76752400
2019-09-05,51.306034088134766,51.4720191264989,50.88024685980213,50.99812119719681,95654800
2019-09-06,51.30121994018555,51.5802671339122,51.12080206554331,51.491262157017566,77449200
2019-09-09,51.52013397216797,52.06619983215983,50.77440887062121,51.681306852217865,109237600
2019-09-10,52.12873458862305,52.14797960143516,50.92835673818088,51.445553151541986,127111600
2019-09-11,53.786163330078125,53.815032679285615,52.376498519017375,52.45829072606003,177158400
2019-09-12,53.665897369384766,54.46695317394256,53.610570248885764,54.07725173898349,128906800
2019-09-13,52.62188720703125,53.112622277230024,52.20572428111945,52.92258370535714,159053200
2019-09-16,52.89851379394531,52.95384457916928,52.335610965417004,52.376505238879936,84632400
2019-09-17,53.09096908569336,53.11983844341441,52.71088829943247,52.91295912103472,73274800
2019-09-18,53.588924407958984,53.60816942297296,52.78786855223211,53.17757001208415,101360000
2019-09-19,53.15352249145508,53.82707973985836,53.01159094854494,53.406104624300454,88242400
2019-09-20,52.37650680541992,53.53839827071438,52.313963268360816,53.254542597972154,221652400
2019-09-23,52.61466979980469,52.88409268266555,52.35727184016252,52.66999692668973,76662000
2019-09-24,52.364479064941406,53.52156204892097,52.246608409698545,53.17034699206987,124763200
2019-09-25,53.17035675048828,53.28341892628327,52.23458940465702,52.573775932041976,87613600
2019-09-26,52.8961181640625,53.14870393718803,52.641128140556994,52.92257960068729,75334000
2019-09-27,52.63871383666992,53.15350595673163,52.26825379467724,53.052468730289576,101408000
2019-09-30,53.87758255004883,54.02432255121269,53.112608941660135,53.13907037369331,103909600
2019-10-01,54.0267219543457,54.899945462491516,53.93290482566469,54.1421920131918,139223200
2019-10-02,52.67240905761719,53.78378220885523,52.42463175086889,53.658691430124286,138449200
2019-10-03,53.11983108520508,53.15350893903849,51.75106032831382,52.544895978759946,114426000
2019-10-04,54.608882904052734,54.72435299074208,53.85834569362794,54.27932074932847,138478800
2019-10-07,54.62090301513672,55.31130082468202,54.32742301394374,54.4308644917137,122306000
2019-10-08,53.98102569580078,54.86146578985083,53.96418860317499,54.32262009604962,111820000
2019-10-09,54.61369705200195,54.79651918996035,54.27932271391052,54.61369705200195,74770400
2019-10-10,55.349788665771484,55.433985128762735,54.67863589414209,54.83018438867168,113013600
2019-10-11,56.82200622558594,57.16600118945812,55.88383113476842,56.03778756451031,166795600
2019-10-14,56.7402229309082,57.283884526626984,56.45155503855571,56.506882164192184,96427600
2019-10-15,56.607913970947266,57.16840893665815,56.502068230785376,56.8653082294218,87360000
2019-10-16,56.379390716552734,56.588677980010296,56.097939228397706,56.13883351259682,73903200
2019-10-17,56.59829330444336,56.80757687751156,56.174913986911356,56.552586852713226,67585200
2019-10-18,56.8701171875,57.15156861487775,56.3601335292246,56.4323014089496,97433600
2019-10-21,57.85639190673828,57.97186196777041,57.0890177733123,57.137128463437165,87247200
2019-10-22,57.72410202026367,58.26294774953404,57.64230979011836,58.01276989960297,82293600
2019-10-23,58.49869155883789,58.51312807252894,58.027201555375974,58.2388930421775,75828800
2019-10-24,58.59491729736328,58.8883973453656,58.169130068603984,58.81863370887046,69275200
2019-10-25,59.31658172607422,59.35266382986674,58.42652101662137,58.49387672410792,73477200
2019-10-28,59.91075897216797,59.95886966807034,59.3502603719089,59.518649642872596,96572800
2019-10-29,58.525150299072266,60.07915117989535,58.351952519479724,59.89151688727669,142839600
2019-10-30,58.51793670654297,59.00867539604496,58.02479743733707,58.878772466807476,124522000
2019-10-31,59.84099197387695,59.93962128082073,57.074584903222856,59.47534776911709,139162000
2019-11-01,61.53934097290039,61.56579873952554,59.93722923609678,60.028638470595425,151125200
2019-11-04,61.9434700012207,62.027666477233765,61.43348998590327,61.90257205302393,103272000
2019-11-05,61.854461669921875,62.1094516637506,61.659610964094675,61.83521298667724,79897600
2019-11-06,61.880924224853516,61.94106351751216,61.43108349036237,61.76786206100636,75864400
2019-11-07,62.595096588134766,62.81707681785857,62.27660609632884,62.42861325665717,94940400
2019-11-08,62.766414642333984,62.83879550318141,61.97260350648676,62.4165566339612,69986400
2019-11-11,63.26346206665039,63.32860485433019,62.317643572216376,62.32246650947536,81821200
2019-11-12,63.205543518066406,63.405809524342615,62.9546182676112,63.1066180899349,87388800
2019-11-13,63.81117248535156,63.88596852115963,62.9908238787939,63.00530005583649,102734400
2019-11-14,63.36962127685547,63.91008474357513,63.23932834710609,63.637437860118794,89182800
2019-11-15,64.1224136352539,64.12723657232394,63.45889530662177,63.62054837598867,100206400
2019-11-18,64.4457015991211,64.52532052717048,63.75323119595114,64.13203409556279,86703200
2019-11-19,64.25028991699219,64.66287560634905,64.03313994171292,64.63874619503746,76167200
2019-11-20,63.502323150634766,64.1996167578222,62.82915159180207,64.06933118896113,106234400
2019-11-21,63.21761703491211,63.70017582792511,63.01735101238453,63.62296465385995,121395200
2019-11-22,63.162113189697266,63.499902835074955,62.935309992816094,63.35754889035371,65325200
2019-11-25,64.26958465576172,64.28647597885696,63.34065760793023,63.38650127732471,84020400
2019-11-26,63.767730712890625,64.4602013696049,63.33583855209806,64.40711961038312,105207600
2019-11-27,64.62428283691406,64.65806549210242,64.01384616231051,64.07898895883437,65235600
2019-11-29,64.48190307617188,64.66286257965973,64.15617449724154,64.32507297913462,46617600
2019-12-02,63.73636245727539,64.72319424644424,63.56505615770284,64.48673780121864,94487200
2019-12-03,62.599937438964844,62.61923654932985,61.83749372245772,62.324875414243316,114430400
2019-12-04,63.1524543762207,63.531264720884785,62.89669885564452,62.99080133600854,67181600
2019-12-05,64.0789794921875,64.15378288001588,63.39133909623157,63.64709466989342,74424400
2019-12-06,65.31674194335938,65.38671502853519,64.49397833560806,64.53741422211255,106075600
2019-12-09,64.40230560302734,65.33846356133417,63.91733161576993,65.14544297190798,128042400
2019-12-10,64.77869415283203,65.16232750452161,64.14653595735392,64.80764650190102,90420400
2019-12-11,65.33120727539062,65.41083358471516,64.78350579892616,64.85830180873923,78756800
2019-12-12,65.49768829345703,65.76309704302184,64.49879564379098,64.60978207969583,137310400
2019-12-13,66.38802337646484,66.4242138126888,65.36982404554227,65.49770182904206,133587600
2019-12-16,67.5244369506836,67.74883234755957,66.82955859141919,66.83438152775894,128186000
2019-12-17,67.65715026855469,67.98528668341874,67.26868664682006,67.45447647762181,114158400
2019-12-18,67.49549865722656,68.01666305761623,67.34590660367515,67.50997483252102,116028400
2019-12-19,67.56304168701172,67.84292661971328,67.30487837572159,67.43757907439164,98369200
2019-12-20,67.42308807373047,68.19759256378477,67.2107611119469,68.09625938137162,275978000
2019-12-23,68.52333068847656,68.5836505218291,67.64748553007605,67.68609110701298,98572000
2019-12-24,68.58849334716797,68.73809276240259,68.26277204321963,68.68983393642199,48478800
2019-12-26,69.94929504394531,69.96618636509724,68.69223173166154,68.72118407462989,93121200
2019-12-27,69.92276000976562,70.92889824450315,69.51741242648437,70.24125055231326,146266000
2019-12-30,70.33777618408203,70.62007635461508,68.8177187333269,69.84074115157411,144114400
2019-12-31,70.8516845703125,70.8589226567842,69.85519960755771,69.9541250315122,100805600
2020-01-02,72.46826171875,72.52858156247073,71.22325926076245,71.4765996590847,135480400
2020-01-03,71.76371002197266,72.5237384458872,71.5393220101689,71.69615210347494,146322800
2020-01-06,72.3355484008789,72.37415398165305,70.6345318765685,70.88546446996966,118387200
2020-01-07,71.99535369873047,72.60095990158051,71.77578859164102,72.34520436217124,108872000
2020-01-08,73.15348815917969,73.45508735263148,71.6985739444987,71.6985739444987,132079200
2020-01-09,74.70734405517578,74.90036463569696,73.87975745537804,74.13068273740295,170108400
2020-01-10,74.87621307373047,75.44081319943417,74.37435529486838,74.94136320691373,140644800
2020-01-13,76.47590637207031,76.50245093143005,75.07407383392189,75.1923057311866,121532000
2020-01-14,75.4432144165039,76.62307380074168,75.32016697292072,76.41316197489823,161954400
2020-01-15,75.11992645263672,76.12364962606802,74.68803427101611,75.24298130114484,121923600
2020-01-16,76.06092834472656,76.17192218872837,75.30089958102596,75.66281874119426,108829200
2020-01-17,76.90299987792969,76.90540766535126,76.00302490055434,76.3094471438227,137816400
2020-01-21,76.38182067871094,76.97295078497612,76.2442896548719,76.53141272712692,110843200
2020-01-22,76.65447235107422,77.2069969045426,76.56036984576589,76.86679204908404,101832400
2020-01-23,77.02362060546875,77.1032395625604,76.15983628507468,76.70754520066748,104472000
2020-01-24,76.80165100097656,78.01287102929439,76.61103819892749,77.26973366124079,146537600
2020-01-27,74.54327392578125,75.22367624090043,73.56126499598109,74.81109052667422,161940000
2020-01-28,76.65204620361328,76.82335250031947,75.32500962430629,75.42393505290065,162234000
2020-01-29,78.25656127929688,79.1034543464979,77.54237630271076,78.28310584272509,216229200
2020-01-30,78.14315795898438,78.19623972141919,76.9078086113338,77.33970079826872,126743200
2020-01-31,74.6783676147461,77.85601226019499,74.38400653828495,77.43377343365503,199588400
2020-02-03,74.4732894897461,75.63866557981345,72.91944979414838,73.42130763220082,173788400
2020-02-04,76.93193817138672,77.12255095912198,75.67245940871321,76.07780703357612,136616400
2020-02-05,77.55925750732422,78.35789164403798,76.95605907395962,78.0587002140709,118826800
2020-02-06,78.46646118164062,78.4688763315637,77.27213272836197,77.82948747921107,105425600
2020-02-07,77.39990997314453,78.21495018710938,76.90895061507658,77.96584287500079,117684000
2020-02-10,77.76748657226562,77.76748657226562,75.90523110539003,75.98503899623722,109348800
2020-02-11,77.29830932617188,78.33585640766411,77.08064401597953,78.26330376451229,94323200
2020-02-12,79.13396453857422,79.13879892072599,77.74815014590597,77.74815014590597,113730400
2020-02-13,78.57046508789062,78.89696679324649,78.20285267206994,78.40600748455542,94747600
2020-02-14,78.58980560302734,78.83891285274403,78.08191495757227,78.53901137196604,80113600
2020-02-18,77.15079498291016,77.33218399932765,76.08906106405882,76.27045008047632,152531200
2020-02-19,78.26815032958984,78.49791270322793,77.39264718918032,77.39264718918032,93984000
2020-02-20,77.46517944335938,78.51723694017812,76.95970973520781,78.02869864051748,100566000
2020-02-21,75.71177673339844,77.50148770003717,75.09505699539346,77.05889434201991,129554000
2020-02-24,72.11542510986328,73.56653705998549,69.95085421270655,71.89292541072396,222195200
2020-02-25,69.67272186279297,73.16748626275555,69.20111488480276,72.7853633450679,230673600
2020-02-26,70.77798461914062,72.04287320574078,69.29059633111234,69.2978515957081,198054800
2020-02-27,66.1513671875,69.16968329754985,66.015930635838,67.98460978013814,320605600
2020-02-28,66.11266326904297,67.3340203730767,62.00359989656375,62.21885173263986,426510000
2020-03-02,72.26780700683594,72.90387904877242,67.16714840245746,68.26999310714803,341397200
2020-03-03,69.97260284423828,73.52298744003178,69.12127931863051,73.44317954987368,319475600
2020-03-04,73.2182846069336,73.37790783984885,70.89409003325196,71.69461969933852,219178400
2020-03-05,70.84329223632812,72.4467648225109,70.47809334857007,71.47210154193513,187572800
2020-03-06,69.90248107910156,70.33539821217181,68.01603849038064,68.2022618674925,226176800
2020-03-09,64.37376403808594,67.25663636962582,63.60708978441408,63.788478823723246,286744800
2020-03-10,69.01007080078125,69.27610956176522,65.14769283388654,67.02688819681089,285290000
2020-03-11,66.61328125,68.01360611620582,65.74986801151265,67.0873163892102,255598800
2020-03-12,60.03491973876953,65.30003870789042,59.97929481317342,61.8996002456348,418474000
2020-03-13,67.22761535644531,67.69922981131083,61.176475967090425,64.06419375596272,370732000
2020-03-16,58.578975677490234,62.65901412516802,58.044481123383505,58.51609179443726,322423600
2020-03-17,61.15469741821289,62.30349073818724,57.65751584296428,59.860787730415886,324056000
2020-03-18,59.657630920410156,60.46299850331859,57.34794363950967,57.98885363786599,300233600
2020-03-19,59.200531005859375,61.14985749394757,58.67571261986398,59.831764860050804,271857200
2020-03-20,55.44215393066406,60.90558973701077,55.142256121470716,59.78097572031221,401693200
2020-03-23,54.264339447021484,55.26318952393012,51.420160868327166,55.16161211294488,336752800
2020-03-24,59.70841979980469,59.904319319039914,56.66592135701882,57.164135860349994,287531200
2020-03-25,59.37950897216797,62.45828415286656,59.08444921259577,60.644394003218935,303602000
2020-03-26,62.504234313964844,62.56227643476942,59.58266157820947,59.621358785658394,252087200
2020-03-27,59.91641616821289,61.882670430565696,59.74953769675213,61.12809336695391,204216800
2020-03-30,61.62631607055664,61.798032638117675,60.317895683529414,60.64198021312565,167976400
2020-03-31,61.500545501708984,63.483731229594824,60.94670602705082,61.8173747321562,197002000
2020-04-01,58.26457214355469,60.15343586559381,57.83407583491139,59.6165240756465,176218400
2020-04-02,59.23681640625,59.29002414850145,57.29474488517958,58.126716465435884,165934000
2020-04-03,58.385501861572266,59.423045489400614,57.79538229351841,58.721676049554524,129880000
2020-04-06,63.47889709472656,63.63367854249636,60.31305518274137,60.68066757934002,201820400
2020-04-07,62.743648529052734,65.71117662776216,62.63965396373274,65.49350397194831,202887200
2020-04-08,64.34957122802734,64.6639759139237,63.17900829152558,63.54419983698464,168895200
2020-04-09,64.81390380859375,65.31696001402688,64.0182161815665,64.98562401276064,161834800
2020-04-13,66.0860595703125,66.19489592354667,64.29151446730144,64.89131008954301,131022800
2020-04-14,69.42361450195312,69.71383985781922,67.24694647516952,67.71856083326759,194994800
2020-04-15,68.78997802734375,69.24949545432703,67.8709431733772,68.29901865238591,131154400
2020-04-16,69.33655548095703,69.7017543891835,68.28691861079514,69.50343396347523,157125200
2020-04-17,68.39574432373047,69.3994360529156,66.95914281806782,68.85284815768563,215250000
2020-04-20,66.97611236572266,68.12491004799337,66.95676744175812,67.222806275906,130015200
2020-04-21,64.90581512451172,67.05346190215134,64.19476970811112,66.81886518475746,180991600
2020-04-22,66.77531433105469,67.210644820046,65.83209335108376,66.17309805171067,116862400
2020-04-23,66.51654815673828,68.14179371829223,66.47785095518503,66.71970292934046,124814400
2020-04-24,68.43685913085938,68.44653527723898,66.99300242947831,67.04137578063921,126161200
2020-04-27,68.48524475097656,68.81658086164907,67.70648089449013,68.1539012595656,117087600
2020-04-28,67.37510681152344,69.12853328839934,67.28320927875984,68.94714434251563,112004800
2020-04-29,69.58808898925781,70.05728252965069,68.65937805652075,68.86253288111276,137280800
2020-04-30,71.05611419677734,71.23266881272234,69.73802523358442,70.1274034083595,183064000
2020-05-01,69.91214752197266,72.31373570217666,69.13338391918131,69.23012322658217,240616800
2020-05-04,70.90132141113281,71.02950265458016,69.24705489201135,69.93633445349597,133568000
2020-05-05,71.96548461914062,72.79745613687825,71.21574190038736,71.36085458478117,147751200
2020-05-06,72.70796966552734,73.33919985774601,72.28230777359485,72.66685157702763,142333600
2020-05-07,73.46012878417969,73.80598277550787,73.03205337405477,73.33436839325711,115215200
2020-05-08,75.20861053466797,75.26196230929314,73.79237217273885,74.119757726088,133838400
2020-05-11,76.39202880859375,76.88673708897407,74.50774723825187,74.71630682370795,145946400
2020-05-12,75.5190200805664,77.52697546648025,75.39776671813026,77.07590910984447,162301200
2020-05-13,74.607177734375,76.61998759486177,73.53044749592581,75.6984577813938,200622400
2020-05-14,75.06554412841797,75.1261708180673,73.12306262382332,73.84573542870217,158929200
2020-05-15,74.62174224853516,74.66781911832467,72.80294181174233,72.83689630557373,166348400
2020-05-18,76.37991333007812,76.7533757455592,75.2546860142826,75.9458316362108,135178400
2020-05-19,75.93854522705078,77.24322494712233,75.90701817457786,76.39687900327164,101729600
2020-05-20,77.41542053222656,77.48574215036817,76.75822201252429,76.79702397462873,111504800
2020-05-21,76.83824920654297,77.81797834459402,76.60058997680626,77.27718574052247,102688800
2020-05-22,77.33297729492188,77.41542869782153,76.47450136951518,76.57635005515425,81803200
2020-05-26,76.80915069580078,78.6303710026143,76.75337148985957,78.45091841064635,125522000
2020-05-27,77.1438217163086,77.28932725216013,75.92644044781258,76.66609050475837,112945200
2020-05-28,77.17777252197266,78.43638313567678,76.54240602656661,76.81885987080895,133560800
2020-05-29,77.10258483886719,77.88102931454405,76.74609967511876,77.42026804049199,153532400
2020-06-01,78.05078125,78.1720345974753,76.92554663308496,77.05650232055906,80791200
2020-06-02,78.41211700439453,78.43636915500637,77.34266154865261,77.7840255273494,87642800
2020-06-03,78.84378814697266,79.10569956400518,78.15991738115441,78.73223712157194,104491200
2020-06-04,78.16475677490234,78.96502587807994,77.79129440641832,78.66674739088378,87560400
2020-06-05,80.39097595214844,80.45160263084539,78.38544808511186,78.41454770677157,137250400
2020-06-08,80.86629486083984,80.90024935653804,79.37730733642842,80.0878503032951,95654400
2020-06-09,83.41987609863281,83.81273576255528,80.51465061318699,80.54617766782322,147712400
2020-06-10,85.5660629272461,86.0340990809107,83.92914270631454,84.36807924016622,166651600
2020-06-11,81.45800018310547,85.13440269433788,81.35615151209016,84.71001596343379,201662400
2020-06-12,82.16126251220703,84.34382269299937,81.05058514318586,83.59690535411025,200146000
2020-06-15,83.1773681640625,83.82971175950732,80.6528726048748,80.81535534530535,138808800
2020-06-16,85.38174438476562,85.653358069437,83.59689886122223,85.23139143477016,165428800
2020-06-17,85.26293182373047,86.18688178098341,85.1416784708026,86.12625510451949,114406400
2020-06-18,85.29689025878906,85.71400210817573,84.68819603071728,85.21928633315488,96820400
2020-06-19,84.80945587158203,86.4682010550296,83.70119831369777,86.00259226707146,264476000
2020-06-22,87.02836608886719,87.17144413379616,85.15621433033841,85.20229118895983,135445200
2020-06-23,88.88597869873047,90.3046443458434,87.85289780891296,88.27243705588172,212155600
2020-06-24,87.31696319580078,89.43404938466047,86.94350079967253,88.51494690487205,192623200
2020-06-25,88.47612762451172,88.51492957761795,86.71310689690837,87.47215391548303,137522400
2020-06-26,85.75765991210938,88.59256430342103,85.60972695188423,88.37188228126114,205256800
2020-06-29,87.73406982421875,87.82865098546023,85.18774958467372,85.66548805897895,130646000
2020-06-30,88.46644592285156,88.7526094686746,87.30241666099202,87.32181394171208,140223200
2020-07-01,88.29911804199219,89.08726487998509,88.25062113854636,88.54405219679813,110737200
2020-07-02,88.29911804199219,89.84146462563768,88.18514698857149,89.20609820497056,114041600
2020-07-06,90.66112518310547,91.12916130648333,89.69594591770318,89.72747297069945,118655600
2020-07-07,90.37981414794922,91.81787696805416,90.26826314860052,91.03943260618246,112424400
2020-07-08,92.48478698730469,92.51631404514396,91.26982594707978,91.3571322149976,117092000
2020-07-09,92.88249206542969,93.43055216626935,91.83486136183558,93.37720039708492,125642800
2020-07-10,93.04497528076172,93.10318192525366,91.86639619002682,92.47751045180962,90257200
2020-07-13,92.61573791503906,96.9590339515966,92.40233082748179,94.34965940036575,191649200
2020-07-14,94.14838409423828,94.33995906948405,91.063698400921,91.99734332779671,170989200
2020-07-15,94.79586791992188,96.27273284060122,93.5978842251878,96.02295123465481,153198000
2020-07-16,93.62940216064453,94.48545043557607,93.03041037162107,93.66820411710265,110577600
2020-07-17,93.44026184082031,94.2356835706405,92.96737078589749,94.08048312128706,92186800
2020-07-20,95.40941619873047,95.54764680403545,93.18320630571225,93.527569101271,90318000
2020-07-21,94.09259796142578,96.27515822341762,93.84281636080428,96.19998173978415,103433200
2020-07-22,94.35693359375,95.03837684731691,93.70701739615949,93.79431625820118,89001600
2020-07-23,90.0621337890625,94.16777018673336,89.25216234988122,94.09016627142198,197004400
2020-07-24,89.83901977539062,90.18338250647658,86.47302597872792,88.2603063707244,185438800
2020-07-27,91.96822357177734,92.06037728689391,90.67809376229332,90.90119574558146,121214000
2020-07-28,90.45744323730469,91.7160538347521,90.4525883659493,91.5390212468066,103625600
2020-07-29,92.19134521484375,92.37565266958501,90.9036352682461,90.94000979201954,90329200
2020-07-30,93.306884765625,93.41116087548794,90.95699413710133,91.3644036366013,158130000
2020-07-31,103.0750503540039,103.22540332463862,97.80294963723614,99.80120988768464,374336800
2020-08-03,105.67228698730469,108.29135620019736,104.6586108297832,104.95688931304775,308151200
2020-08-04,106.37799072265625,107.46927088099201,105.13877762781757,105.8614502635959,173071600
2020-08-05,106.76358795166016,107.08369861163986,105.63350570104194,106.09912187925951,121776800
2020-08-06,110.48848724365234,110.98320304299686,106.50653089800755,107.09582047328551,202428800
2020-08-07,107.97644805908203,110.46662369685443,107.17959215155733,110.00988785704244,198045600
2020-08-10,109.54584503173828,110.56378066058019,106.89532594642495,109.42194125871023,212403600
2020-08-11,106.28797149658203,109.30776282738468,106.02801970691873,108.80973072656776,187902400
2020-08-12,109.82038116455078,110.07790114888351,107.18443792191327,107.37879010908718,165598000
2020-08-13,111.76392364501953,112.7672832263659,110.71197231378294,111.20029196815734,210082000
2020-08-14,111.66432189941406,111.75420996900903,109.85438662016135,111.58900987277718,165565200
2020-08-17,111.37278747558594,112.8110188476026,110.74599537909668,112.78672297104335,119561600
2020-08-18,112.30083465576172,112.72598654466942,110.78972307405309,111.12498689269856,105633600
2020-08-19,112.44173431396484,113.8556697465018,112.34699003787868,112.70897411610314,145538000
2020-08-20,114.93677520751953,115.05095915162076,112.46603216773778,112.48304002227763,126907200
2020-08-21,120.85975646972656,121.34321254794537,115.88426180533297,115.89640603696287,338054800
2020-08-24,122.3052749633789,125.15015404891105,120.43946714581988,125.06511476676067,345937600
2020-08-25,121.30191040039062,121.64689406910605,119.57943869691742,121.17801402833966,211495600
2020-08-26,122.95150756835938,123.40824339844946,121.55214798920018,122.61867553010855,163022400
2020-08-27,121.48168182373047,123.88682518833696,120.33741060365348,123.55399319873169,155552400
2020-08-28,121.28491973876953,122.87376795038361,121.06140802616056,122.45590402911932,187630000
2020-08-31,125.3979263305664,127.30261317418659,122.44373480875961,123.97914215160894,225702700
2020-09-01,130.3928680419922,130.99537911333144,126.84589234906336,129.01294820319362,151948100
2020-09-02,127.69132232666016,134.0856082760273,123.41551513511692,133.70661634235924,200119000
2020-09-03,117.46826171875,125.20359657134411,117.09898956594436,123.32807630409383,257599600
2020-09-04,117.54600524902344,120.20866898674423,107.76022279247066,116.6811253406317,332607200
2020-09-08,109.63574981689453,115.6316049618243,109.4997017926122,110.73385384547656,231366600
2020-09-09,114.00874328613281,115.77737504992243,112.00688739251967,113.95043910719228,176940500
2020-09-10,110.28682708740234,117.09897712734502,109.32477117698187,116.9629291163385,182274400
2020-09-11,108.83888244628906,111.97772133616776,106.89533097403391,111.33634579157453,180860300
2020-09-14,112.10404205322266,112.65795388939479,109.61629870677376,111.48210621661043,140150100
2020-09-15,112.27897644042969,115.4761197012607,110.40344885623584,114.99023180291059,184642000
2020-09-16,108.96522521972656,112.72600049138936,108.87776895050861,111.97773633652149,154679000
2020-09-17,107.2257308959961,109.03323435377406,105.64173911915216,106.62323468611042,178011000
2020-09-18,103.82450866699219,107.7504832499777,103.09567691699868,107.28403508185545,287104900
2020-09-21,106.97306823730469,107.0799641548333,100.1900707538578,101.58943010037062,195713800
2020-09-22,108.65424346923828,109.67461096517128,106.07904368113599,109.49969103484163,183055400
2020-09-23,104.09661865234375,108.94577745912319,103.75649121629566,108.46960942834048,150718700
2020-09-24,105.16558837890625,107.13829225642549,102.03646881564332,102.20166893816051,167743300
2020-09-25,109.11097717285156,109.26646484753799,104.63109048927913,105.3696421159189,149981400
2020-09-28,111.71533203125,112.06517187151762,109.59686073810057,111.76392378119944,137672400
2020-09-29,110.86988830566406,112.05545586998878,110.36456819358912,111.31691166111466,99382200
2020-09-30,112.54134368896484,113.95042293050288,110.41315990508242,110.57835999800264,142675200
2020-10-01,113.49368286132812,114.39743454271479,112.56077909571286,114.31969070873184,116120400
2020-10-02,109.8301010131836,112.1137801442832,109.05268479784137,109.70377282438155,144712000
2020-10-05,113.21188354492188,113.35765140139709,110.34514782850755,110.69498771842362,106243800
2020-10-06,109.96615600585938,112.84261156052911,109.08183644563537,112.43446007900816,161498200
2020-10-07,111.83197021484375,112.28870606536778,110.90877867904413,111.38495419907133,96849000
2020-10-08,111.72505950927734,113.11469913263745,111.35577997813651,112.96893128687452,83477200
2020-10-09,113.66861724853516,113.69776933647424,111.67647388000671,112.02631376339767,100506900
2020-10-12,120.88890075683594,121.64688463034302,115.91340641347355,116.67139028698064,240226800
2020-10-13,117.68204498291016,121.85096395135838,116.2729730734288,121.7343481891843,262330500
2020-10-14,117.7695083618164,119.5575722262898,116.2438206939987,117.58486859235376,150712000
2020-10-15,117.30304718017578,117.77921521072741,114.81530369020432,115.36921555833267,112559200
2020-10-16,115.6607666015625,118.11936590411223,115.4566945482875,117.85698225414303,115393800
2020-10-19,112.70655059814453,117.02122972774796,112.39558266615455,116.57421378889114,120639300
2020-10-20,114.1933822631836,115.62189394960575,112.36643891932445,112.9203508575227,124423700
2020-10-21,113.5714340209961,115.35949783357893,113.16328257328865,113.37707442350195,89946000
2020-10-22,112.48304748535156,114.70841493004065,111.35578401227829,114.13506335968486,101988000
2020-10-23,111.79308319091797,113.2604666496336,111.05453154484074,113.10497897085499,82572600
2020-10-26,111.80281066894531,113.26047439389082,109.69405151217103,110.79216292996242,111850700
2020-10-27,113.30906677246094,113.96987467119823,111.30721082072512,112.23039494637413,92276800
2020-10-28,108.06147003173828,112.17208508150478,107.96429393091981,111.80281293277008,143937800
2020-10-29,112.065185546875,113.62974518620118,109.03324236591982,109.19844988747217,146129200
2020-10-30,105.78752136230469,108.82917715371961,104.6796974682271,107.92542530180775,190272600
2020-11-02,105.7000503540039,107.55614568812253,104.29097841162539,106.03045798084733,122866900
2020-11-03,107.32289123535156,108.34325108704297,105.66115597911796,106.56490751293542,107624400
2020-11-04,111.70562744140625,112.32756337251364,109.17901179452487,110.91849140042434,138235500
2020-11-05,115.67046356201172,116.24381509607197,113.57143184766637,114.62094399780884,126387100
2020-11-06,115.53907775878906,116.0355331785365,113.04703434827603,115.17889766586664,114457900
2020-11-09,113.23196411132812,118.7514365224502,112.9691352746871,117.30099476626944,154515300
2020-11-10,112.89126586914062,114.46825386220857,111.10010975217423,112.48241768033425,138023400
2020-11-11,116.31783294677734,116.45411569770971,113.34880738506163,114.07889673370772,112295000
2020-11-12,116.04524230957031,117.33019898779234,115.42223346115063,116.44436129860394,103162300
2020-11-13,116.09391021728516,116.4930217530796,114.74081226781846,116.26913190849635,81581900
2020-11-16,117.1063232421875,117.77800032814827,115.01339915844956,115.76295421656155,91183000
2020-11-17,116.22048950195312,117.46650747207035,115.80190464384941,116.37624546164425,74271000
2020-11-18,114.89656829833984,116.63904872341847,114.86736591902952,115.4611723878438,76322100
2020-11-19,115.49038696289062,115.89923517011198,113.70896736833065,114.46825901798518,74113000
2020-11-20,114.22489166259766,115.61692877725572,114.17622350270929,115.49038264932382,73604300
2020-11-23,110.82755279541016,114.49747245412723,110.73020904206231,114.06915102717399,127959300
2020-11-24,112.11250305175781,112.77445093316165,109.6009942581799,110.88595846342133,113874200
2020-11-25,112.94966125488281,113.65054804999696,112.11249174147993,112.48240834270746,76499200
2020-11-27,113.49480438232422,114.3709129708123,113.1346317708944,113.47533860340312,46691300
2020-11-30,115.88949584960938,117.75852242774822,113.7089574149293,113.86471334319992,169410200
2020-12-01,119.46208190917969,120.19217122258144,116.82402674797702,117.79747916584601,127728200
2020-12-02,119.81251525878906,120.0948173273605,117.68065226704212,118.78065073270163,89004200
2020-12-03,119.67623901367188,120.49393545508784,118.9656155022822,120.24083575457,78967600
2020-12-04,119.00455474853516,119.5983613009378,118.29393123559595,119.34526159986807,78260400
2020-12-07,120.4647216796875,121.26295226566269,119.00454323508524,119.0629479962768,86712000
2020-12-08,121.07798767089844,121.66206495991713,119.82223338247024,121.06825849577237,82225500
2020-12-09,118.5470199584961,122.6063142688594,117.78772835245422,121.22401378468822,115089200
2020-12-10,119.9682846069336,120.58156443811758,116.96031993211899,117.30102682341386,81312200
2020-12-11,119.16030883789062,119.50101568391099,117.34968682549408,119.17977461758369,86939800
2020-12-14,118.5470199584961,120.07533977310263,118.31339348591051,119.3452505477775,79184500
2020-12-15,124.48507690429688,124.50455010924838,120.83463079530905,121.03905488619017,157243700
2020-12-16,124.41693878173828,124.9620697049553,123.20012338037756,124.0275637947843,98208600
2020-12-17,125.2833023071289,126.1399450451197,124.64082025363582,125.47798978748065,94359800
2020-12-18,123.29747772216797,125.67270382324948,122.77181256405065,125.53642108894336,192541500
2020-12-21,124.82579040527344,124.90366837554562,120.17268937086521,121.70100925990957,121251600
2020-12-22,128.37887573242188,130.8417085111979,126.20806671895433,128.11603948994306,168904800
2020-12-23,127.48330688476562,128.91426795602177,127.30807776451475,128.65144655619818,88223700
2020-12-24,128.4665069580078,129.91695629713385,127.61960817236115,127.83376887622417,54930100
2020-12-28,133.06121826171875,133.69395641508856,129.96563173528466,130.43289960768968,124486200
2020-12-29,131.2895050048828,135.10543618196706,130.77357648181422,134.38509099699746,121047300
2020-12-30,130.1700439453125,132.37978484573765,129.85853207666074,131.98066583416636,96452100
2020-12-31,129.16741943359375,131.16300010398734,128.22316928497395,130.5205178650633,99116600
2021-01-04,125.97442626953125,130.06292167882015,123.39477699676237,129.97531456413577,143301900
2021-01-05,127.53197479248047,128.24260563447913,125.020466187956,125.46826076163048,97664900
2021-01-06,123.23906707763672,127.57093452826126,123.02490637051051,124.32933639261917,155088000
2021-01-07,127.44437408447266,128.1355317571745,124.46561240551398,124.95233855838183,109578200
2021-01-08,128.54441833496094,129.10902262336003,126.77272747960087,128.91432022109925,105158200
2021-01-11,125.55587768554688,126.7142883378028,125.08862472498865,125.76030921099948,100384500
2021-01-12,125.38066101074219,126.24703297603195,123.49216114503781,125.08862234580894,91951100
2021-01-13,127.41517639160156,127.96030732627808,125.07889671335819,125.34171815091041,88636800
2021-01-14,125.48773956298828,127.52225130518217,125.34171280576037,127.32756381591491,90221800
2021-01-15,123.76473236083984,126.76296740977297,123.62844962469308,125.36119363586094,111598500
2021-01-19,124.43639373779297,125.29303640790387,123.57002189323133,124.38771815813641,90757300
2021-01-20,128.52493286132812,128.97272754861257,125.13732230785592,125.24440267739962,104319500
2021-01-21,133.2364044189453,135.9620736838479,130.04348223408022,130.24791374177147,120150900
2021-01-22,135.3780059814453,136.13729751698824,131.435521560002,132.66206599733243,114459400
2021-01-25,139.12576293945312,141.23815207113262,132.91513420833974,139.27178965679641,157611700
2021-01-26,139.35939025878906,140.4691249316923,137.61690288104978,139.78771151038305,98390600
2021-01-27,138.2886199951172,140.46915831522645,136.68242977361535,139.62224478331817,140843800
2021-01-28,133.4506072998047,138.22053373509416,133.0709613972192,135.81610473415046,142621100
2021-01-29,128.45677185058594,133.10987264929705,126.753230328146,132.22402749273948,177523800
2021-02-01,130.5789031982422,131.78598951100426,127.45411448597895,130.19925735971532,106239800
2021-02-02,131.40635681152344,132.69130637282277,131.03644011259044,132.12670214686938,83305400
2021-02-03,130.3842315673828,132.16565144314657,130.0629904566346,132.1559074116743,89880900
2021-02-04,133.74261474609375,133.75234392204015,131.01694525702797,132.68155527349182,84183100
2021-02-05,133.3282928466797,133.9717351183683,132.45088238594224,133.90349935519643,75693800
2021-02-08,133.47451782226562,133.52326614630692,131.53444758226135,132.61659492201852,71297200
2021-02-09,132.5970916748047,134.4201778248724,132.44111786524098,133.19178552172198,76774200
2021-02-10,131.99264526367188,133.5525022619222,131.0274820724659,133.05529021983176,73046600
2021-02-11,131.73919677734375,132.9675743269367,130.41332257065082,132.4898645085888,64280000
2021-02-12,131.97312927246094,132.12911793128706,130.33529298247856,130.97873504321333,60145100
2021-02-16,129.8478546142578,132.5970843838598,129.4578829220419,132.0901434978276,80576300
2021-02-17,127.55683135986328,128.90220781232136,126.2212134982147,127.95654680963715,97918500
2021-02-18,126.45521545410156,126.73793198775392,124.21292598990689,125.9580032772641,96856700
2021-02-19,126.61116027832031,127.43009341839543,125.56801758188449,126.9718859638425,87668800
2021-02-22,122.83827209472656,126.46492703235708,122.44830783858197,124.7978296513902,103916400
2021-02-23,122.70177459716797,123.53044391763328,115.41921936454152,120.65447173544518,158273000
2021-02-24,122.20459747314453,122.40932706149795,119.16289223137868,121.80488944958321,111039900
2021-02-25,117.95399475097656,123.28673718148006,117.51528958023444,121.55140392768223,148199500
2021-02-26,118.21720886230469,121.71712094720249,118.15870939243611,119.51382934353043,164560400
2021-03-01,124.5833511352539,124.71983750347,119.7088167333954,120.64472644599832,116307900
2021-03-02,121.9803695678711,125.4900333680428,121.87312920015346,125.18781457062964,102260900
2021-03-03,118.99712371826172,122.55553508836154,118.78264302842219,121.67811746535834,112966300
2021-03-04,117.1155776977539,120.49850624904042,115.64347345208853,118.6949297486631,178155000
2021-03-05,118.37319946289062,118.88015523948293,114.61980921267136,117.9442454649468,153766600
2021-03-08,113.44017028808594,117.96373782106434,113.29393276187487,117.89549463389245,154376600
2021-03-09,118.05146026611328,118.9971210475736,115.8091790998168,116.04315464805022,129525800
2021-03-10,116.9693374633789,119.10437859558475,116.45263053937967,118.63642743151894,111943300
2021-03-11,118.899658203125,120.11829196722469,118.21722627040926,119.4651060547753,103026500
2021-03-12,117.99298858642578,118.12947496626138,116.16991732521446,117.37879987716553,88105100
2021-03-15,120.87870788574219,120.8884590376453,117.39829045128926,118.36345366505867,92403800
2021-03-16,122.4190673828125,124.02766536377307,121.59039794957519,122.54580261068884,115227900
2021-03-17,121.62939453125,122.70179070070945,119.27011403289939,120.93721148152662,111932600
2021-03-18,117.50553131103516,120.08903616814248,117.3008017478915,119.79656111339463,121229700
2021-03-19,116.97908020019531,118.38294855656439,116.67686143267959,116.89134214689703,185549500
2021-03-22,120.29376983642578,120.76172845240197,117.24231371312757,117.31055690317099,111912300
2021-03-23,119.46510314941406,121.1224420531035,119.07513886679595,120.23528056214857,95467100
2021-03-24,117.0765609741211,119.816054302137,117.05706610966415,119.73805996841114,88530500
2021-03-25,117.56403350830078,118.6071911560223,116.01393492282537,116.54038560410483,98844700
2021-03-26,118.16847229003906,118.43170133574063,115.93593444848634,117.33005170542276,94071200
2021-03-29,118.34394073486328,119.50408225482553,117.70050608807547,118.59741859593674,80819200
2021-03-30,116.89134216308594,117.37879562712054,115.87743806534003,117.09607172542653,85671900
2021-03-31,119.08488464355469,120.42050239594532,118.10997769999379,118.59743117177423,118323800
2021-04-01,119.91354370117188,121.0639340927336,119.41633912027298,120.55698579856444,75089100
2021-04-05,122.74079132080078,122.99426922039768,119.98180275866349,120.76173132452315,88651200
2021-04-06,123.04300689697266,123.93991951774667,122.49706137788411,123.32573080877205,80171300
2021-04-07,124.69058990478516,124.71008476944755,121.9998448664795,122.6725329855432,83466700
2021-04-08,127.08889770507812,127.11814372974433,125.29507210467128,125.71427504215544,88844600
2021-04-09,129.66262817382812,129.70161790758218,126.22120772891054,126.54292881700623,106686700
2021-04-12,127.94681549072266,129.5164165453594,127.3521215538503,129.19469541138892,91420000
2021-04-13,131.0567169189453,131.28095619861375,128.619449864356,129.11666186406666,91266500
2021-04-14,128.71697998046875,131.6124551846021,128.35626912284386,131.55396314021985,87222800
2021-04-15,131.12496948242188,131.61242290057214,130.2865490081675,130.46203997416845,89347100
2021-04-16,130.79356384277344,131.2907611986807,129.93564067878805,130.93005026650707,84922400
2021-04-19,131.45643615722656,132.07063223335706,129.99407588140957,130.1598082608944,94264200
2021-04-20,129.7698516845703,132.12912448166279,128.5024698015972,131.63192734239016,94812300
2021-04-21,130.1501007080078,130.3938274883599,128.00530801609,129.03870718463844,68847100
2021-04-22,128.6292266845703,130.78376273570044,128.11252718583415,129.7016154150474,84566500
2021-04-23,130.94952392578125,131.72943767595572,128.8437210981472,128.8437210981472,78657500
2021-04-26,131.33946228027344,131.67092706494682,130.2085666757299,131.44670263718533,66905100
2021-04-27,131.0177459716797,132.01215523774303,130.7447732125093,131.62218352757128,66015800
2021-04-28,130.22808837890625,131.63195694182536,129.74063484322053,130.93976637575503,107760100
2021-04-29,130.13055419921875,133.63048088194913,129.12640139531834,133.04553085743174,151101000
2021-04-30,128.1613006591797,130.20859675143018,127.78108746519726,128.4732632121358,109839500
2021-05-03,129.2141571044922,130.70577838338053,128.5219815192614,128.7267036427075,75135100
2021-05-04,124.64185333251953,128.19052150938094,123.52070884107249,127.89804644623831,137564700
2021-05-05,124.88560485839844,127.17662760681438,124.75886217572076,125.95799373768833,84000900
2021-05-06,126.48442840576172,126.49417211958026,123.93991332667143,124.68084466410176,78128300
2021-05-07,127.15827178955078,128.1836509944488,126.44537008751145,127.78327149877356,78973300
2021-05-10,123.87700653076172,126.50395575349485,123.83794311938117,126.37701270502987,88071200
2021-05-11,122.95903015136719,123.31058591748854,119.892615994426,120.60551014234991,126142800
2021-05-12,119.89261627197266,121.71879146016067,119.3848068747701,120.50785562792139,112172300
2021-05-13,122.04106140136719,123.1934058703671,121.34770266713772,121.66020248327753,105861300
2021-05-14,124.46294403076172,124.89263410961189,122.90044481301196,123.29107148009538,81918000
2021-05-17,123.31059265136719,123.95512773405065,122.23637496414497,123.84770522027007,74244600
2021-05-18,121.9238510131836,124.01369458499495,121.85549192253863,123.59377232800956,63342900
2021-05-19,121.76762390136719,121.99222918408067,119.98051210138631,120.27348393601976,92612000
2021-05-20,124.32621765136719,124.72661200774762,122.16801458440843,122.29497252696002,76857100
2021-05-21,122.49028778076172,125.00005419589023,122.27544274551913,124.8242725716539,79295400
2021-05-24,124.12113952636719,124.94145621305331,122.98833046928489,123.05668957229345,63092900
2021-05-25,123.92583465576172,125.31255964913692,123.35942638033971,124.82427074399982,72009500
2021-05-26,123.87700653076172,124.40435140852335,123.45708417165065,123.98442904941227,56575900
2021-05-27,122.34378814697266,124.64847698408089,122.14847856440403,123.4766045875031,94625600
2021-05-28,121.68950653076172,122.85161879427051,121.63091513952054,122.62700604353964,71311100
2021-06-01,121.36722564697266,122.41214756264262,121.03519786563034,122.14847888043448,67637100
2021-06-02,122.12895202636719,122.30473364370846,121.14262887683675,121.36723416808287,59278900
2021-06-03,120.64458465576172,121.92387970340114,120.2441902802076,121.75786579428137,76229200
2021-06-04,122.93949890136719,123.20317504815017,120.94730975584969,121.16215477898149,75169300
2021-06-07,122.94927978515625,123.35943444565716,121.90435770211774,123.21294850959707,71057600
2021-06-08,123.76956176757812,125.44925835272221,123.25198469832935,123.63284357760986,74403800
2021-06-09,124.15043640136719,124.75590806990476,123.55473244780471,124.22856322000109,56877900
2021-06-10,123.15434265136719,125.1855951846905,122.98832875360279,124.04301097808155,71186400
2021-06-11,124.36527252197266,124.45316704928787,123.14456900791603,123.56449131477483,53522400
2021-06-14,127.42191314697266,127.4805045322462,124.0918377902917,124.82425990854335,96906500
2021-06-15,126.60160064697266,127.53910749038236,126.35745994725994,126.89457246686105,62746300
2021-06-16,127.09964752197266,127.8223093871763,125.44926884121655,127.3144925386233,91815000
2021-06-17,128.70123291015625,129.4434303366887,126.61138865865254,126.75788205128507,96721700
2021-06-18,127.40239715576172,128.42777623689193,127.18755213466459,127.64653787053875,108953300
2021-06-21,129.1992645263672,129.3066870329964,126.18168897810015,127.24613887941126,79663300
2021-06-22,130.83985900878906,130.93752123375742,128.53517057047182,129.0332270561817,74783600
2021-06-23,130.56643676757812,131.17191580570798,130.10745108272897,130.63480331267544,60214200
2021-06-24,130.2832794189453,131.4844477920528,129.8145184284701,131.29889842930257,68711000
2021-06-25,129.99029541015625,130.7520133222248,129.69732354370646,130.33209840454234,70783700
2021-06-28,131.62110900878906,132.08009463324905,130.2246316118054,130.28322298494274,62111300
2021-06-29,133.1348419189453,133.2910955826677,131.2012512591816,131.64070164987749,64556100
2021-06-30,133.7500457763672,134.18949604999602,132.68558101434905,132.97855283049014,63261400
2021-07-01,134.0528106689453,134.1114020662822,132.57819096384344,133.3985152300678,52485800
2021-07-02,136.67974853515625,136.7188044942125,134.52153799341264,134.66801646633246,78852600
2021-07-06,138.6914520263672,139.79495784960233,136.78715756035768,136.78715756035768,108181800
2021-07-07,141.18170166015625,141.4941940308165,139.31646299700128,140.17582819219206,104911600
2021-07-08,139.8828582763672,140.6836320091057,137.37308477373998,138.26176048175577,105575500
2021-07-09,141.70904541015625,142.2363828285555,139.30669407903906,139.4043563311566,99890800
2021-07-12,141.11334228515625,142.89069395646402,140.62506082396192,142.78327143895456,76299700
2021-07-13,142.22659301757812,144.00394430895057,140.2637073275934,140.65432645258116,100827100
2021-07-14,145.65435791015625,146.06452746184092,144.218809182764,144.62897873444868,127050800
2021-07-15,145.0000457763672,146.48442546002198,143.64262402981763,145.74224306877775,106820300
2021-07-16,142.95904541015625,146.25005768557594,142.46100368486307,144.98053780920102,93251400
2021-07-19,139.11138916015625,140.69343127095988,138.34967125172668,140.38092397459488,121434600
2021-07-20,142.7246551513672,143.65240178359875,139.60943216409294,140.09771359109203,96350000
2021-07-21,141.99220275878906,142.7051042191608,141.24026025025515,142.1191606711332,74993500
2021-07-22,143.3594207763672,144.72660272403846,142.39261824833602,142.51957617960753,77338200
2021-07-23,145.0782012939453,145.23445495496276,143.47663852143975,144.09187799846512,71447400
2021-07-26,145.4980926513672,146.31840180292855,144.23831833181586,144.79496626398165,72434100
2021-07-27,143.33013916015625,145.71295498966768,142.13873124540055,145.62505300491213,104818600
2021-07-28,141.58209228515625,143.5254579196167,139.19927630353345,141.4160783718357,118931200
2021-07-29,142.22659301757812,143.11526866326435,141.19143892531264,141.29886141985892,56699500
2021-07-30,142.44143676757812,142.90042243108647,140.7324520335854,140.99612813629884,70440600
2021-08-02,142.1094512939453,143.50592922511103,141.84577511280253,142.9297606339798,62880000
2021-08-03,143.9063262939453,144.57038199069586,141.7774111754852,142.39265064248633,64786600
2021-08-04,143.50592041015625,144.32622969980267,142.8516250314263,143.81842770211748,56368300
2021-08-05,143.6133575439453,144.37507551915724,142.74421703883584,143.53523071300444,46397700
2021-08-06,142.92872619628906,143.87741265764788,142.42993828378326,143.1341182329051,54126800
2021-08-09,142.8798370361328,143.47643358609363,142.3223698894288,142.98742050984688,48908700
2021-08-10,142.4005889892578,144.46422440880676,142.1071782098756,143.22212723273427,69023100
2021-08-11,142.65484619140625,143.49594899053452,142.332095881143,142.84067348429932,48493500
2021-08-12,145.61831665039062,145.77480442008488,142.63533383088497,142.97764896165427,72282600
2021-08-13,145.82369995117188,146.15622524916978,145.01193648359285,145.6965517804986,59375000
2021-08-16,147.79928588867188,147.8677548726636,143.25147091055382,145.27597699148956,103296000
2021-08-17,146.88970947265625,148.34695848448595,145.81387503403178,146.92882394156504,92229700
2021-08-18,143.14390563964844,147.40810018292743,142.93851358506976,146.50831793002382,86326000
2021-08-19,143.47645568847656,144.74789286728046,141.32480080622992,141.8431535530235,86960300
2021-08-20,144.93365478515625,145.23684041442456,143.55463473897757,144.2001353891238,60549600
2021-08-23,146.42027282714844,146.8897211086949,144.6402584192349,145.05102753102452,60131800
2021-08-24,146.33226013183594,147.54501786684636,145.87258667150505,146.16599748585364,48606400
2021-08-25,145.09996032714844,147.01689814902136,144.55226807046895,146.51809526108525,58991300
2021-08-26,144.2979736328125,145.84325676235127,144.2686340417797,145.09018736118287,48597200
2021-08-27,145.33470153808594,145.48139950095754,143.60359095872263,144.23930202916046,55802400
2021-08-30,149.75531005859375,150.11718976304945,145.34441894527527,145.72584842138494,90956700
2021-08-31,148.4936981201172,149.4423845898935,147.9655556918431,149.30546153876566,86453100
2021-09-01,149.15875244140625,151.57447805860386,148.99248979823196,149.47172795102404,80313700
2021-09-02,150.27369689941406,151.32019193818465,149.05116433458483,150.48886382470346,71115500
2021-09-03,150.90940856933594,151.2321589268622,149.72599059173956,150.38126619393228,57808700
2021-09-07,153.24691772460938,153.80438486222874,150.99745462583329,151.5647115758547,82278300
2021-09-08,151.70164489746094,153.58922830539066,150.59647051289338,153.53054912098804,74420200
2021-09-09,150.6844940185547,152.67966077073964,150.56712073419473,152.07328934160887,57305700
2021-09-10,145.69654846191406,152.06349296335642,145.43247723787448,151.59404461667017,140893200
2021-09-13,146.2637939453125,148.09269782306362,145.48137014638132,147.32006383534568,102404300
2021-09-14,144.8651885986328,147.7503768839939,143.68178564075433,147.0461970563759,109296300
2021-09-15,145.7552490234375,146.156243362569,143.15369564928645,145.29557549779818,83281300
2021-09-16,145.52049255371094,145.69654500672686,143.98499938228917,145.1781923829195,68034100
2021-09-17,142.85047912597656,145.54984051172312,142.55706833315722,145.54984051172312,129868800
2021-09-20,139.79905700683594,141.65730067907975,138.16575516526504,140.6401600731503,123478900
2021-09-21,140.27825927734375,141.42256280767091,139.642548359155,140.7672722677942,75834000
2021-09-22,142.64511108398438,143.21235308306478,140.54234603803783,141.27586560496235,76404300
2021-09-23,143.6035919189453,143.84809847436335,142.4397383273961,143.4275394388265,64838200
2021-09-24,143.69158935546875,144.22950668219346,142.3614732946102,142.45928187164873,53477900
2021-09-27,142.1756134033203,142.75265999815156,140.65968527072772,142.273421957967,74150700
2021-09-28,138.7917022705078,141.56929310981445,138.57653531162535,140.102253802977,108972300
2021-09-29,139.6914520263672,141.27584933291644,138.90902826040127,139.33936207785715,74602000
2021-09-30,138.39068603515625,141.20740583386313,138.17551911033874,140.5032258841864,89056700
2021-10-01,139.5154266357422,139.77949787918857,136.05322057381363,138.7819070111095,94639600
2021-10-04,136.0825653076172,139.0851129145273,135.2316872864061,138.64498918431897,98322000
2021-10-05,138.00927734375,139.11445172258436,136.2977314979069,136.42487967911666,80861100
2021-10-06,138.87966918945312,139.0263670959615,135.32943061705103,136.4052650097456,83221100
2021-10-07,140.141357421875,141.05092948182715,139.58389028870607,139.91641559084152,61732700
2021-10-08,139.75991821289062,141.01179037767685,139.42739293363346,140.86509243785557,58773200
2021-10-11,139.6719207763672,141.62797319796408,138.69389456556874,139.14379318887413,64452200
2021-10-12,138.40048217773438,140.1022531380476,137.94080866989395,140.08268843547052,73035900
2021-10-13,137.8136749267578,138.29289821199288,136.14124356444967,138.1364253624136,78762700
2021-10-14,140.60104370117188,140.71841699528724,138.40048471107957,138.98730641116916,69907100
2021-10-15,141.65728759765625,141.71596677210917,140.35651117780878,140.61080749842878,67940300
2021-10-18,143.3296661376953,143.6132870180641,140.01415968524103,140.2977805656098,85589200
2021-10-19,145.4911651611328,145.89215946553824,143.32973571996214,143.77961939322623,76378900
2021-10-20,145.98016357421875,146.45940171355207,144.86521446863128,145.43247137126255,58418800
2021-10-21,146.1953125,146.35180023114674,144.62069014862826,145.54003691475097,61421000
2021-10-22,145.42269897460938,146.879948270264,145.37379468633046,146.40072504621372,58883400
2021-10-25,145.37374877929688,146.08770340753279,144.37615832270762,145.4128632434721,50720600
2021-10-26,146.0388641357422,147.52545305998103,145.73566350958762,146.04863902426567,60893400
2021-10-27,145.57919311523438,146.43984594803317,145.22710311706854,146.07798106118008,56094900
2021-10-28,149.21743774414062,149.804244404835,146.43005760449074,146.5278661763529,100077900
2021-10-29,146.50831604003906,146.64523910016035,143.1928080838573,143.9850068548087,124953200
2021-11-01,145.68675231933594,146.4104819724985,144.5522386338212,145.71609190400514,74588300
2021-11-02,146.72344970703125,148.23939283683745,145.38354407596196,145.39333388599684,69122000
2021-11-03,148.16116333007812,148.63061162902127,146.52786170952203,147.0853287663622,54511500
2021-11-04,147.64279174804688,149.08047604584104,147.3298163066968,148.24916301129954,60394600
2021-11-05,148.1717529296875,149.0728485304589,146.97681823305476,148.76922027800387,65463900
2021-11-08,147.34898376464844,148.45577097835087,147.07473798616405,148.29905483485294,55020900
2021-11-09,147.7113800048828,148.3186363926463,146.97678987957883,147.1139127718246,56787900
2021-11-10,144.88075256347656,147.04535126438861,144.81219859350324,146.93761078705322,65187100
2021-11-11,144.83180236816406,146.35974762793103,144.6457037886557,145.8994181750369,41000000
2021-11-12,146.90823364257812,147.3097982131486,144.449795829464,145.38027365145768,63804000
2021-11-15,146.9180145263672,148.7593917575851,146.3597188974358,147.28040751304476,59222800
2021-11-16,147.89747619628906,148.37741378411212,146.27157982474884,146.85925789370467,59256200
2021-11-17,150.3363037109375,151.81527292494047,147.88767027666427,147.89745943010328,88807000
2021-11-18,154.62631225585938,155.40987800940817,149.90535437132496,150.55179723889825,137827700
2021-11-19,157.25125122070312,157.71159552855715,153.31384424629613,154.41082730572364,117305600
2021-11-22,157.7115936279297,162.29542845267346,157.69200037488366,158.3580215257173,117467900
2021-11-23,158.0935516357422,158.47553780293393,155.79183053518273,157.80950182574782,96041900
2021-11-24,158.61268615722656,158.8085738483819,156.35994034575776,157.4471342187338,69463600
2021-11-26,153.5880889892578,157.15329885394945,153.14733793761846,156.2913900038225,76959800
2021-11-29,156.9476318359375,157.87810965774673,155.5274123262941,156.09549714109664,88748200
2021-11-30,161.90367126464844,162.11915223655976,156.63420649835714,156.70277541909022,174048100
2021-12-01,161.38455200195312,166.8009284808444,161.1494777894876,164.03886252915143,152052500
2021-12-02,160.3953094482422,160.82627140546424,154.55777460571244,155.47846334245494,136739200
2021-12-03,158.5147247314453,161.57062931064843,156.43828843610964,160.64994078112508,118023100
2021-12-06,161.9232635498047,164.43066217672398,160.90462351682206,160.91441267175034,107497000
2021-12-07,167.66281127929688,168.05460157243954,164.88116745170595,165.60596828506618,120405400
2021-12-08,171.48269653320312,172.34462027485748,167.19268602213367,168.593312102322,116998900
2021-12-09,170.973388671875,173.11839407886248,170.3465390733042,171.31620335113058,108923700
2021-12-10,175.76292419433594,175.93923359247646,171.1007310045987,171.61005099944745,115402700
2021-12-13,172.12916564941406,178.38787299583686,171.92347383588933,177.3986153833375,153237000
2021-12-14,170.7480926513672,174.08803193389883,168.67165647349816,171.64918787846642,139380400
2021-12-15,175.61599731445312,175.81188500506997,168.76961267963995,171.5120851840939,131063300
2021-12-16,168.72068786621094,177.4182414471962,167.24171816928893,175.59645697942977,150185800
2021-12-17,167.62367248535156,169.90580094866743,166.20346789014454,166.43852716670187,195432700
2021-12-20,166.26220703125,167.07515510943043,164.01926542394992,164.82240940360504,107499100
2021-12-21,169.43565368652344,169.6413305368034,165.64515876193008,168.03502751462352,91185900
2021-12-22,172.03118896484375,172.24666990143447,168.61289133008395,169.48460422982922,92135300
2021-12-23,172.65806579589844,173.2163614776015,171.66882311821325,172.23690795484498,68356600
2021-12-27,176.62484741210938,176.71299463822913,173.43183445537653,173.4514127643316,74919600
2021-12-28,175.60618591308594,177.60427913199814,174.86180674158715,176.4583204970068,79144300
2021-12-29,175.69435119628906,176.91866791508298,174.4798236309474,175.6453755384828,62348900
2021-12-30,174.53858947753906,176.85990415292721,174.4308490078352,175.78249945588863,59773000
2021-12-31,173.9215545654297,175.5474359178977,173.61791144491113,174.43085959378186,64062300
2022-01-03,178.2703094482422,179.12244407617163,174.05867174915193,174.17620137564992,104487900
2022-01-04,176.0077362060547,179.18116993911835,175.43965155934927,178.877541839819,99310400
2022-01-05,171.32598876953125,176.46811917460536,171.0517430102158,175.91962765597447,94537600
2022-01-06,168.46595764160156,171.69815632959336,168.1133538766339,169.15157192201912,96904000
2022-01-07,168.63250732421875,170.56203191509988,167.51593093187975,169.33771503993543,86709100
2022-01-10,168.652099609375,168.95572780142643,164.7146923768041,165.60599864366586,106765600
2022-01-11,171.48269653320312,171.58063290230876,167.3102305884416,168.77941063247667,76138300
2022-01-12,171.92347717285156,173.53956952156884,171.22807353490404,172.50135116951776,74805200
2022-01-13,168.652099609375,172.9910714162829,168.26030924441002,172.16833406776786,84505800
2022-01-14,169.51402282714844,170.20942643626557,167.57469415475944,167.8195575274604,80440800
2022-01-18,166.3112030029297,168.99489595879072,165.9292167455851,167.9860600754121,90956700
2022-01-19,162.8145294189453,167.56488423888524,162.53049451772475,166.5070728064469,94815000
2022-01-20,161.12986755371094,166.19363965286126,160.8066461501134,163.54911855874857,91420500
2022-01-21,159.07301330566406,162.9124684305105,158.96527284535048,161.0417090492799,122848900
2022-01-24,158.29925537109375,158.9652914615593,151.5214395660685,156.73213888196668,162294600
2022-01-25,156.49708557128906,159.41585293852967,153.79379917867107,155.7135197495045,115798400
2022-01-26,156.40890502929688,161.01233270214277,154.57733208034693,160.14061983418955,108275300
2022-01-27,155.9486083984375,160.47367939334515,155.02791959361053,159.1122394434115,121954600
2022-01-28,166.83029174804688,166.8498849998228,159.45500918063075,162.30522203050273,179935700
2022-01-31,171.18885803222656,171.4043389682656,166.02713461119168,166.6637882659515,115541600
2022-02-01,171.02236938476562,171.2476394960686,168.76962343591478,170.43469133018758,86213900
2022-02-02,172.22706604003906,172.26625254169926,169.7686436179964,171.15946552150538,84914300
2022-02-03,169.34747314453125,172.61885859356588,168.58350075012603,170.89501118442868,89418100
2022-02-04,169.0630645751953,170.74007006573484,167.38605908465578,168.36676019941748,82465400
2022-02-07,168.34716796875,170.59296708423147,167.65086354740316,169.52400639061884,77251200
2022-02-08,171.4560089111328,171.9659777736799,168.12161553517308,168.41582891603926,74829200
2022-02-09,172.87803649902344,173.2408912177467,171.524663818335,172.65247937368048,71285000
2022-02-10,168.79830932617188,172.09346641687537,168.23931734555768,170.77933021680633,90865900
2022-02-11,165.385498046875,169.73981504022757,164.79707116938303,169.00428892552117,98670700
2022-02-14,165.620849609375,166.3073375649639,163.34561528306318,164.1399809862671,86185500
2022-02-15,169.4553680419922,169.61228383864895,166.96439336840055,167.670499489042,62527400
2022-02-16,169.2200164794922,169.99476394129306,166.7682631690513,168.53352854543166,61177400
2022-02-17,165.620849609375,168.59237351767158,165.21875846241755,167.7293515367512,69589300
2022-02-18,164.0713348388672,167.24879755806595,162.98275576839345,166.54270637048876,82772700
2022-02-22,161.14883422851562,163.47309136847835,159.0206993785114,161.79608567118115,91162800
2022-02-23,156.9808807373047,162.94353209804362,156.66704910552062,162.3453036437316,90009200
2022-02-24,159.5993194580078,159.70719718910948,149.06658313119078,149.6353916256984,141147500
2022-02-25,161.6686248779297,161.9334034703252,157.76542269815738,160.6781069290293,91974200
2022-02-28,161.9333953857422,162.22760877136363,159.2953064697166,159.91315308309024,95056600
2022-03-01,160.05044555664062,163.3848388800103,158.84418717486,161.52149747345592,83474400
2022-03-02,163.34561157226562,164.13017563125035,159.80527916281847,161.21749147612806,79724800
2022-03-03,163.02197265625,165.65025991761865,162.35510295615475,165.21874895199736,76678400
2022-03-04,160.02099609375,162.35506949161396,158.97165370211016,161.3155287237855,83737200
2022-03-07,156.22573852539062,161.83535182075346,155.97074658012755,160.2073838791356,96418800
2022-03-08,154.401611328125,159.73662866525098,152.7932618336368,155.75498387793954,131148300
2022-03-09,159.80528259277344,160.2564117997747,156.33360638496927,158.36365040568722,91454900
2022-03-10,155.4608154296875,157.29472255769787,152.96982508809484,157.1083868670687,105342000
2022-03-11,151.743896484375,156.20609005481433,151.51833939243923,155.8628386400447,96970100
2022-03-14,147.7132568359375,151.14571212531354,147.20330282439596,148.52724088599334,108732100
2022-03-15,152.0969696044922,152.56771702935066,147.4778746009712,147.98782853142856,92964300
2022-03-16,156.51010131835938,156.9121924028267,151.47911432517643,154.01912684826212,102300200
2022-03-17,157.5202178955078,157.8928891304827,154.58793096024448,155.54901392146604,75615400
2022-03-18,160.81536865234375,161.30571922205453,156.67680864683973,157.4123345014059,123511700
2022-03-21,162.1884002685547,163.13968181166422,159.8641278042269,160.35447849802293,95811400
2022-03-22,165.56201171875,166.15042355950408,161.7274657879275,162.3158776286816,81532000
2022-03-23,166.9251708984375,169.30826781804822,164.41456305995604,164.74801286692667,98062700
2022-03-24,170.71072387695312,170.77936520315754,166.92521534226765,167.758802670852,90131400
2022-03-25,171.3480987548828,171.89728898097036,169.41611637533896,170.5243134157515,80546200
2022-03-28,172.21116638183594,172.33864738407132,168.68063546771577,168.84735290472764,90371900
2022-03-29,175.5063018798828,175.55532497081904,172.93685443507036,173.28010585750482,100589400
2022-03-30,174.33926391601562,176.14375060919454,173.28990640459241,175.1042096873483,92633200
2022-03-31,171.24026489257812,174.59426174462104,171.03431102289065,174.40792609212167,103049300
2022-04-01,170.94607543945312,171.5050824752612,168.6218176816175,170.6714802176125,78751300
2022-04-04,174.996337890625,175.04537594723365,171.07353279095375,171.2010287452735,76468400
2022-04-05,171.6815643310547,174.85904187741096,171.05391610805626,174.0744778575844,73401800
2022-04-06,168.513916015625,170.27918145157616,166.846726701127,169.03368653783352,89058800
2022-04-07,168.81793212890625,170.01438898962488,166.57213259059588,167.85684898260146,77594700
2022-04-08,166.80747985839844,168.4648674430598,165.93465630346196,168.4648674430598,76575500
2022-04-11,162.55125427246094,165.76795361235142,162.3060789266503,165.45413695115786,72246700
2022-04-12,164.42434692382812,166.5916879340358,163.42402763064175,164.77739991175795,79265200
2022-04-13,167.1114959716797,167.73914420674996,163.55156041909547,164.1595904381064,70618900
2022-04-14,162.1001434326172,167.9647491437104,161.85496805900578,167.32728419373043,75329400
2022-04-18,161.88438415527344,163.38485607115766,160.41333208367593,160.75656858845937,69023900
2022-04-19,164.16940307617188,164.5813108194766,160.74676487778993,161.83534399523174,67723800
2022-04-20,164.00267028808594,165.62083637298807,162.89448802131358,165.50314204406817,67929800
2022-04-21,163.20828247070312,168.21966591149055,162.7081302747772,165.650233704649,87227800
2022-04-22,158.66766357421875,164.63032953066207,158.38326676927218,163.24755201100473,84882400
2022-04-25,159.73663330078125,160.0210300948507,155.40193532965264,158.01058942731927,96046400
2022-04-26,153.7740020751953,159.20708193806465,153.69554415749639,159.1188223922725,95623200
2022-04-27,153.54840087890625,156.70624511583344,152.38136400484169,152.9011344667558,88063200
2022-04-28,160.48199462890625,161.34501674699274,155.86288392873374,156.17671559506246,130216800
2022-04-29,154.60757446289062,162.9925746827483,154.21529987659397,158.71671584912355,131747600
2022-05-02,154.91160583496094,155.17638444909122,150.31211369335705,153.6857290366365,123055300
2022-05-03,156.4022216796875,157.6084949183751,153.3032172904116,155.09788730053197,88966500
2022-05-04,162.8160400390625,163.26715427373458,156.18648942865437,156.58858056796436,108256500
2022-05-05,153.7445526123047,160.91347698312873,151.9596689981739,160.68791986588977,130525300
2022-05-06,154.47134399414062,156.59277501720737,151.4266967858706,153.22401904266582,116124600
2022-05-09,149.34454345703125,153.047223819661,148.78473018495143,152.163286830581,131577900
2022-05-10,151.7507781982422,153.94096598283207,150.1989918029188,152.74275136095326,115366700
2022-05-11,143.8838348388672,152.67400468671187,143.20615431110124,150.75883036017825,142689800
2022-05-12,140.0142059326172,143.58920335731457,136.32135622581737,140.22046241259886,182602000
2022-05-13,144.48294067382812,145.45526685384394,140.55437184575726,142.00793811597927,113990900
2022-05-16,142.94100952148438,144.8856624162591,141.60529515319183,142.9508405374904,86643800
2022-05-17,146.57492065429688,147.09545486873625,144.06062380512492,146.2017017887358,78336300
2022-05-18,138.30526733398438,144.72847052072004,137.4016833512006,144.2275834099531,109742900
2022-05-19,134.8972625732422,139.13029385475133,134.1606557844978,137.38208160836896,136095600
2022-05-20,135.13291931152344,138.18738164689086,130.24185616207308,136.60613236743123,137426100
2022-05-23,140.5543670654297,140.70168239695178,135.19186420352216,135.3293635083762,117726300
2022-05-24,137.8534698486328,139.43471927603565,134.87758039617586,138.2954308094958,104132700
2022-05-25,138.01063537597656,139.25794526331134,135.86955744381711,135.95794665102005,92482700
2022-05-26,141.21240234375,141.76239957025606,134.69097882633443,134.93651437290322,90601500
2022-05-27,146.96774291992188,147.0070220098635,142.66595573580807,142.79363900414174,90978500
2022-05-31,146.18202209472656,147.96952785545992,144.21773795482548,146.40792556095022,103718400
2022-06-01,146.0543670654297,149.03025660842948,145.04274685421817,147.2231036462002,74286600
2022-06-02,148.50975036621094,148.56867650901708,144.237425177131,145.19010444930467,72348100
2022-06-03,142.78382873535156,145.32757327458623,141.8802597672709,144.27667399411106,88570300
2022-06-06,143.53024291992188,145.9168559663355,142.31238134609404,144.4043487713543,71598400
2022-06-07,146.0543670654297,146.33918169758047,141.52669111278408,141.77222665254513,67808200
2022-06-08,145.31776428222656,147.19364446593215,144.82669318974126,145.92668764129223,53950200
2022-06-09,140.09278869628906,145.3079623441927,139.98475243487303,144.45350326791345,69473000
2022-06-10,134.6811981201172,138.24636500058847,134.6124409556219,137.774940823708,91437900
2022-06-13,129.52490234375,132.78560625742455,129.0927574306163,130.49721341200203,122207100
2022-06-14,130.3892059326172,131.49903152365633,129.1320649915738,130.75260877313121,84784300
2022-06-15,133.01150512695312,134.88740024350506,129.79991106375064,131.8918636674431,91533000
2022-06-16,127.73741912841797,130.02581237807436,126.73562983340109,129.72135067721175,108123900
2022-06-17,129.2106170654297,130.70347730890373,127.49186832675026,127.747234873443,134520300
2022-06-21,133.4436492919922,134.61240084976376,130.93919879539584,131.0374040187389,81000500
2022-06-22,132.93296813964844,135.29991972582334,131.5186808102628,132.38295585554104,73409200
2022-06-23,135.80078125,136.11505890340575,133.20792691763643,134.37667831880032,72433800
2022-06-24,139.13027954101562,139.375815112003,137.27403122380292,137.40169953003104,89116800
2022-06-27,139.13027954101562,140.92760171899965,138.45259896728206,140.15170092235036,70207900
2022-06-28,134.9856414794922,140.85884829692233,134.86778919791305,139.59189131103963,67083400
2022-06-29,136.74368286132812,138.15797032243336,134.22940070216495,135.00530159449806,66242400
2022-06-30,134.27847290039062,135.89900141660408,131.38115662088498,134.79900702917675,98964500
2022-07-01,136.4490203857422,136.5570566364842,133.23742590571564,133.61062978312276,71051600
2022-07-05,139.0320587158203,139.08116882706545,134.4847351652157,135.30974606974897,73353800
2022-07-06,140.3677520751953,141.54631963942614,138.56061414428805,138.82579671678738,74064300
2022-07-07,143.7365264892578,143.93295194501385,140.72134254203155,140.73115856961377,66253700
2022-07-08,144.4141845703125,144.91508669074653,142.41062104747897,142.66597262808202,64547800
2022-07-11,142.2829132080078,144.02130882314293,141.2123819760872,143.06862984096085,63141600
2022-07-12,143.25527954101562,145.79902455570198,142.45974665881124,143.15705931439427,77588800
2022-07-13,142.89186096191406,143.83470899507392,139.58203186092555,140.4365056872071,71185600
2022-07-14,145.81866455078125,146.29008864591398,140.69188068401962,141.50706056941064,78140700
2022-07-15,147.48828125,148.1659617146879,145.55346006304742,147.1052464203459,76259900
2022-07-18,144.44366455078125,148.86330457327466,144.08026173602485,148.0481247263253,81420900
2022-07-19,148.30348205566406,148.52937058051154,144.286523787425,145.27848208027842,82982400
2022-07-20,150.30703735351562,150.97490184976564,147.6847194489196,148.42132610705224,64823400
2022-07-21,152.5758056640625,152.79187815956976,149.2266969700013,151.7409787508479,65086600
2022-07-22,151.33827209472656,153.48916568446282,150.67042266234586,152.61505981778862,66675400
2022-07-25,150.2186737060547,152.27134767920083,149.5606401112027,151.25974222884446,53623900
2022-07-26,148.8927459716797,150.35612808602866,148.10702930699426,149.5409483577187,55138700
2022-07-27,153.99008178710938,154.52044701167125,149.44277321253915,149.85527117258624,78620700
2022-07-28,154.5400848388672,154.82489948966665,151.65258430440582,154.17668202554245,81378700
2022-07-29,159.60794067382812,160.70795024668809,156.6516977293032,158.3606307359644,101786900
2022-08-01,158.62579345703125,160.66865118760447,158.01687004208316,158.1347223194791,67829400
2022-08-02,157.15255737304688,159.50970748502837,156.77935355303202,157.24096155464215,59907000
2022-08-03,163.1632843017578,163.61506130985597,157.8793546055034,157.96774380452692,82507500
2022-08-04,162.84901428222656,164.20437546779837,161.49365309665475,163.0454397472784,55474100
2022-08-05,162.62281799316406,163.11457128010184,160.31157154170887,160.51811452535523,56697000
2022-08-08,162.15069580078125,165.04220702567798,161.49174831186727,163.62595540473944,60276900
2022-08-09,162.19989013671875,163.08505499075815,160.55743608300256,161.31474028979756,63135500
2022-08-10,166.4486541748047,166.54699582568117,164.14723743893427,164.91437134851807,70170500
2022-08-11,165.7110137939453,168.1697800173322,165.41595884571527,167.25511117853088,57149200
2022-08-12,169.26145935058594,169.33029699566112,166.60598003496278,167.01906593388134,68039400
2022-08-15,170.33348083496094,170.5301791193321,168.52383260735886,168.6910268994302,54091700
2022-08-16,170.17611694335938,170.84490912166515,168.82871793209483,169.93024033504878,56377100
2022-08-17,171.67105102539062,173.24465231523857,169.72371248841205,169.9204107737534,79542000
2022-08-18,171.27764892578125,172.01527879196829,170.26463844345383,170.88425233332873,62290100
2022-08-19,168.6910400390625,170.8744256820194,168.48449706975865,170.1761294599256,70346300
2022-08-22,164.80616760253906,167.05839055907853,164.38325206492678,166.89119627908354,69026800
2022-08-23,164.47177124023438,165.92737151886493,163.90133572678997,164.32425128292837,54147100
2022-08-24,164.76681518554688,165.33725066099007,163.50792827667766,164.56028725907692,53841500
2022-08-25,167.2256317138672,167.33381804385021,165.57334777280303,165.99624842184198,51218200
2022-08-26,160.92135620117188,168.22881854744674,160.8623482022366,167.75673954884368,78961000
2022-08-29,158.71829223632812,160.2132113909233,157.18402441564837,158.4920749241394,73314000
2022-08-30,156.2890167236328,159.87880933569366,155.118641623387,159.45590875707995,77906200
2022-08-31,154.6268768310547,157.9314589229971,154.54819451849457,157.66590799399623,87991100
2022-09-01,155.35467529296875,155.8070798264191,152.11893087993334,154.05643966038986,74229900
2022-09-02,153.24014282226562,157.71510032446895,152.41400097767612,157.11516076913463,76957800
2022-09-06,151.9812774658203,154.4990520231096,151.1551355030448,153.88928271826865,73714800
2022-09-07,153.3876953125,154.08597659166026,151.0764488090942,152.2664983933652,87449600
2022-09-08,151.9124298095703,153.7810862700933,150.1617743268103,152.0894537868935,84923800
2022-09-09,154.77444458007812,155.21703460078473,152.19766182830105,152.9057878528861,68028800
2022-09-12,160.7344512939453,161.5507634451195,156.67257987610813,156.9577901423654,104956000
2022-09-13,151.30264282226562,157.89213365235918,150.84039354694787,157.26269006575274,122656600
2022-09-14,152.7484130859375,154.5088983666351,151.07645480780434,152.23698543372632,87965400
2022-09-15,149.85690307617188,152.67957735931762,148.88324109971128,152.0992970318854,90481100
2022-09-16,148.21441650390625,148.85370468985187,145.92284471335466,148.71601438946803,162278800
2022-09-19,151.9320831298828,152.01076545240036,146.64082825286496,146.8473562182448,81474200
2022-09-20,154.31216430664062,155.4727097837978,150.5551772691551,150.86989154639073,107689800
2022-09-21,151.18460083007812,156.12180702361462,151.06658486761725,154.74488909740035,101696800
2022-09-22,150.22076416015625,151.92222593073575,148.42094575247768,149.86670127656183,86652500
2022-09-23,147.94886779785156,148.97172290795524,146.10971554201328,148.69634230303134,96029900
2022-09-26,148.28329467773438,151.23381448556898,147.171927414505,147.19160174855077,93339400
2022-09-27,149.25697326660156,152.16815973834812,147.47682851835256,150.22082064985094,84442700
2022-09-28,147.36862182617188,148.1554300888231,142.451088943501,145.20491035922058,146691400
2022-09-29,140.13002014160156,144.30009364647282,138.35970520995244,143.69032433945154,128138200
2022-09-30,135.9205780029297,140.7397682439674,135.72387972938284,138.9497794383235,124925300
2022-10-03,140.10047912597656,140.71026327900083,135.4189942166646,135.93042173003832,114311700
2022-10-04,143.69029235839844,143.80830832520158,141.88062916042142,142.6379332973476,87830100
2022-10-05,143.98536682128906,144.94921413848994,140.65127989511333,141.69380954476654,79471000
2022-10-06,143.03134155273438,145.1065408456924,142.8248135939426,143.40507882099124,68402200
2022-10-07,137.7794189453125,140.73978304959337,137.1499753994762,140.18900681575843,85925600
2022-10-10,138.10397338867188,139.5497290653031,136.28449546728626,138.10397338867188,74899000
2022-10-11,136.68771362304688,139.01863396780078,135.94025417061508,137.59253769929057,77033700
2022-10-12,136.0582733154297,138.04496046792565,135.88124936484056,136.8352517842159,70433700
2022-10-13,140.631591796875,141.22168665886508,132.15375604675947,132.76354024673512,113224000
2022-10-14,136.09764099121094,142.1363705990491,135.9107723458466,141.92982762072035,88598000
2022-10-17,140.0611572265625,140.5430657827838,137.95645402263972,138.7432621845146,85250900
2022-10-18,141.37905883789062,144.2804000004446,138.2908490399077,143.0903655439518,99136600
2022-10-19,141.4872283935547,142.5592467457927,139.1661527370201,139.35302135031444,61758300
2022-10-20,141.02499389648438,143.4837601022304,140.29719369702107,140.6611013003117,64522000
2022-10-21,144.84100341796875,145.41143897685419,140.29719327846567,140.51356590449524,86548600
2022-10-24,146.98504638671875,147.75218027161432,143.59195189473937,144.76232705447245,75981900
2022-10-25,149.82736206054688,149.97489702549265,146.89651717711538,147.61447265041116,74732300
2022-10-26,146.88671875,149.48317560972512,145.59831248015067,148.4701649982454,88194300
2022-10-27,142.41172790527344,146.59163005196794,141.75278042653088,145.62779799425218,109180200
2022-10-28,153.17127990722656,154.90224563044006,145.38191164209258,145.75563383941002,164762400
2022-10-31,150.81089782714844,151.6960627678098,149.41432026169932,150.63387384328797,97943200
2022-11-01,148.1652374267578,152.8860712842191,146.6703184608035,152.52217870801033,80379300
2022-11-02,142.63795471191406,149.66019092618583,142.60845071578376,146.49329861316923,93604600
2022-11-03,136.58938598632812,140.44472962212055,136.4615253404881,139.7169294177421,97918500
2022-11-04,136.32339477539062,140.5496299805745,132.38284296255216,139.97824816387146,140814800
2022-11-07,136.85536193847656,137.08193945756335,133.6536636073325,135.07226465763827,83374600
2022-11-08,137.42674255371094,139.3280515614897,135.44662070693448,138.32322168629616,89908500
2022-11-09,132.8655548095703,136.49087039963513,132.58971737719733,136.44161049413725,74917800
2022-11-10,144.68722534179688,144.68722534179688,137.42676248525757,139.14090816003963,118854000
2022-11-11,147.47515869140625,147.7805490726991,142.2243712372686,143.6528333928847,93979700
2022-11-14,146.0762481689453,148.04652398997993,145.23887493220099,146.7559957323241,73374100
2022-11-15,147.81011962890625,151.3073630256227,146.3521193934581,149.95772858664796,89868300
2022-11-16,146.5786590576172,147.642609775535,145.100952232511,146.91361736230309,64218300
2022-11-17,148.47998046875,149.2286798359038,143.97789320265173,144.25373060276158,80389400
2022-11-18,149.04150390625,150.43055193083845,147.74112971557977,150.04634875723008,74829600
2022-11-21,145.81028747558594,148.13521403601513,145.52460403537026,147.9283434491039,58724100
2022-11-22,147.947998046875,148.18443654711209,144.74629997055138,145.92847743972578,51804100
2022-11-23,148.82479858398438,149.57349802080938,147.1204990929822,147.22886486968167,58301400
2022-11-25,145.90879821777344,146.66735873059727,144.93350612985708,146.1058228227629,35195900
2022-11-28,142.0766143798828,144.4606467175549,141.24910200456142,142.98293960504637,69246000
2022-11-29,139.07191467285156,142.6578160052338,138.26410941652946,142.14554009146167,83763800
2022-11-30,145.8299560546875,146.50970358247017,138.46112907886217,139.2984872397453,111380900
2022-12-01,146.1057891845703,146.9136094206591,144.43105787971572,146.00728442076144,71250400
2022-12-02,145.6132354736328,145.80041408602733,143.48533393064037,143.79073931676461,65447400
2022-12-05,144.4508056640625,148.67704153557165,143.60358628944576,145.57386250650663,68826400
2022-12-06,140.7860565185547,145.11081116378415,139.81076461635996,144.88423366279338,64727200
2022-12-07,138.84535217285156,141.23923029830829,137.91932004741116,140.07677467327488,69721100
2022-12-08,140.52992248535156,141.38700272319693,139.00297068921475,140.24423909407787,62128300
2022-12-09,140.0472412109375,143.4065658669265,138.80595753740835,140.22455886029022,76097000
2022-12-12,142.34259033203125,142.35243630018152,138.9635592869445,140.5791849523235,70462700
2022-12-13,143.30801391601562,147.7411345402718,142.0962984876822,147.27811851695523,93886200
2022-12-14,141.08160400390625,144.48032672192886,139.06206832067184,143.18979848966035,82291200
2022-12-15,134.4713134765625,139.69254696960033,134.00829749499812,139.01279946338835,98931900
2022-12-16,132.5109100341797,135.60424282446493,131.74250357896327,134.6585187405124,160156900
2022-12-19,130.4027099609375,133.1906522558453,129.36832710470327,133.10199344508453,79592600
2022-12-20,130.33375549316406,131.26963355148135,127.9595693949815,129.43727633927585,77432800
2022-12-21,133.43695068359375,134.7767390812449,130.77708085896677,131.00365840968308,85928000
2022-12-22,130.26478576660156,132.56015897362735,128.36347675529532,132.35328842388512,77852100
2022-12-23,129.9002685546875,130.45194330756618,127.71326147576875,128.9742366343513,63814900
2022-12-27,128.0974884033203,129.45698360544398,126.80696007412172,129.42743066905106,69007800
2022-12-28,124.16679382324219,129.08263031505834,123.99932216789122,127.7428420402377,85438400
2022-12-29,127.68372344970703,128.54078860997595,125.83166690884427,126.08779735057679,75703700
2022-12-30,127.99896240234375,128.01866936965655,125.53612512465858,126.50156359082803,77034200
2023-01-03,123.21121215820312,128.95456111650307,122.3245864348614,128.34378035287284,112117500
2023-01-04,124.4820327758789,126.74785308207225,123.22105739420844,125.00415469022626,89113600
2023-01-05,123.16194915771484,125.87107865122056,122.9058186898535,125.24059093401247,80962700
2023-01-06,127.69359588623047,128.35363661029058,123.03389687582771,124.1372542550979,87754700
2023-01-09,128.2156982421875,131.4272575812406,127.95956778658704,128.530949601707,70790800
2023-01-10,128.78707885742188,129.30920076375085,126.21586822934367,128.32406282244906,63896200
2023-01-11,131.50607299804688,131.52576493439358,128.52110615216108,129.29935853420528,69458900
2023-01-12,131.42727661132812,132.26463497127472,129.4865533653131,131.89029271765745,71379600
2023-01-13,132.75718688964844,132.914812571895,129.70326821418658,130.0677644513709,57809700
2023-01-17,133.91964721679688,135.24957434953774,132.1365500404185,132.82614355724837,63646600
2023-01-18,133.20053100585938,136.54999458059902,133.02319832869463,134.78660397065414,69672800
2023-01-19,133.2596435546875,134.22507474572916,131.7819363097804,132.08732673527206,58280400
2023-01-20,135.8209686279297,135.9687483442848,132.22522101014553,133.26946486486585,80223600
2023-01-23,139.01283264160156,141.18999437445396,135.85053284595898,136.06726442233395,81760300
2023-01-24,140.41171264648438,141.03235437334166,138.21485919822922,138.22470516633354,66435100
2023-01-25,139.7516632080078,140.3131839948148,136.7469896041819,138.7960782416761,65799300
2023-01-26,141.8204803466797,142.10616376720364,139.79108333600698,141.04221286895242,54105100
2023-01-27,143.7611846923828,145.04186713056833,140.95355034191297,141.03236318771044,70555800
2023-01-30,140.87474060058594,143.38684562469143,140.72697590646771,142.80561778514152,64015300
2023-01-31,142.14553833007812,142.19479823056315,140.1654165994733,140.57917270592753,65874500
2023-02-01,143.2686004638672,144.43107102589934,139.2196980441436,141.83030751885846,77663600
2023-02-02,148.5785369873047,148.93317227622254,145.96791197621397,146.6870585876551,118339000
2023-02-03,152.20382690429688,155.0410292646019,145.632957993241,145.8299825944814,154357300
2023-02-06,149.4749755859375,150.82462478693864,148.53909754834626,150.30250288074524,69858300
2023-02-07,152.35157775878906,152.9229595728958,148.4011799958932,148.4011799958932,83322600
2023-02-08,149.66212463378906,152.28259464697476,148.92327132396665,151.59300123087564,64120100
2023-02-09,148.62774658203125,152.036330247997,148.1844375441137,151.49450140964842,56007100
2023-02-10,148.99281311035156,149.3184067990407,147.22673043469464,147.46352995054943,57450700
2023-02-13,151.79489135742188,152.19940317198714,148.90402220916044,148.9336202674222,62199000
2023-02-14,151.15354919433594,151.71594235255213,148.84481056104855,150.08797404321209,61707600
2023-02-15,153.2550811767578,153.42280848554876,150.8378116424791,151.06473505378918,65573800
2023-02-16,151.65676879882812,154.24176636818623,151.3015770289575,151.4594283283723,68167900
2023-02-17,150.51226806640625,150.9562540378776,148.83497936586727,150.31494264074843,59144100
2023-02-21,146.49661254882812,149.27895045459564,146.42755543146694,148.19363813923312,58867200
2023-02-22,146.9208526611328,147.94695363892336,145.19422929242756,146.88137855335566,51011300
2023-02-23,147.40431213378906,148.33175804369702,145.27317680704334,148.0850975380816,48394200
2023-02-24,144.7502899169922,145.22387397766028,143.77350867783375,145.1449407917213,55469600
2023-02-27,145.94407653808594,147.17737898488724,145.4803536136917,145.73689015780175,44998500
2023-02-28,145.44091796875,147.08860849628215,144.86866373473268,145.08572620470352,50547000
2023-03-01,143.3689727783203,145.26332395747403,143.07297711330398,144.86867310742886,55479000
2023-03-02,143.96096801757812,144.7502847940671,141.97780754659183,142.4514066454644,52238100
2023-03-03,149.01254272460938,149.09147589261863,145.36197027021535,146.06247767198354,70732300
2023-03-06,151.77520751953125,154.21221553736532,151.41015463632306,151.73573339136513,87558000
2023-03-07,149.574951171875,151.9724842932115,149.1112281718285,151.64689058754286,56182000
2023-03-08,150.8280029296875,151.41999432910836,149.80190156632023,150.76880680073876,47204800
2023-03-09,148.5784454345703,152.47567911750554,148.2232536400137,151.5087739759212,53833600
2023-03-10,146.516357421875,148.92376664622063,145.63824652167983,148.20352210122027,68572400
2023-03-13,148.4600372314453,151.09436981836478,145.72703441304543,145.83556564568843,84457100
2023-03-14,150.5517120361328,151.35088971565344,148.09498288130473,149.25921331444258,73695900
2023-03-15,150.94638061523438,151.20290214198522,147.91738213550175,149.17042182051847,77167900
2023-03-16,153.76817321777344,154.3700254849667,149.6144034630521,150.127461556798,76161100
2023-03-17,152.9295196533203,154.64628226147335,152.21913616408204,153.99509488717774,98944600
2023-03-20,155.29745483398438,155.7118577491849,152.0908681263484,152.99859207349292,73641400
2023-03-21,157.15235900878906,157.2707512481165,154.44895412275298,155.21854884327422,73938300
2023-03-22,155.72174072265625,159.97416620924432,155.7020036632039,157.17210596561782,75701800
2023-03-23,156.80702209472656,159.39203464017027,155.57371946683134,156.70836691747317,67622100
2023-03-24,158.10939025878906,158.1981844310787,155.74145533462084,156.73795839634036,59196500
2023-03-27,156.1656951904297,158.62243920020293,155.76116835559435,157.80352453027854,52390300
2023-03-28,155.5441131591797,156.3729039229444,153.8964227422894,155.85984584155918,45992200
2023-03-29,158.6224822998047,158.89874093159347,157.2214520800284,157.2411740858945,51305700
2023-03-30,160.19122314453125,160.29975438530866,159.1157867936236,159.37230833774987,49501700
2023-03-31,162.69728088378906,162.79595111857384,159.74723055627194,160.27014967971024,68749800
2023-04-03,163.95030212402344,164.06869434845072,162.0263532022681,162.07568831410026,56976200
2023-04-04,163.41754150390625,164.61137005549932,162.90448337873613,164.37458557847017,46278300
2023-04-05,161.572509765625,162.84528654392068,159.63869962188485,162.53942989245922,51511700
2023-04-06,162.46051025390625,162.75650592852264,159.83603835658786,160.2602872813979,45390100
2023-04-10,159.86563110351562,159.86563110351562,157.94168186492254,159.26377877195932,47716900
2023-04-11,158.65203857421875,160.191197704471,158.36590395989919,160.18133670413533,47644200
2023-04-12,157.96141052246094,159.89522066020655,157.64567781550258,159.06644488688698,50133100
2023-04-13,163.34844970703125,163.58524921058068,159.26375236431844,159.4709538117945,68445600
2023-04-14,163.00314331054688,164.0983166124722,161.63171143290737,162.39141498863978,49386500
2023-04-17,163.02285766601562,163.18072400329442,161.83889024634973,162.88472838463733,41516200
2023-04-18,164.24630737304688,165.1737533320214,163.4372536454433,163.88125462301093,49923000
2023-04-19,165.3908233642578,165.91374248336922,163.32872989204589,163.58526647837797,47720200
2023-04-20,164.4239044189453,165.62760901810955,163.34846811386117,163.87138723669895,52456400
2023-04-21,162.81568908691406,164.226580111448,162.29276996055185,162.84528714652217,58337300
2023-04-24,163.12152099609375,163.3879185471219,161.70075413055952,162.79592733482866,41949600
2023-04-25,161.5823974609375,164.08846202710322,161.54292334211996,162.98342757965568,48714100
2023-04-26,161.572509765625,163.07221001839787,160.625341751742,160.8818632857178,45498800
2023-04-27,166.16041564941406,166.30840595665688,162.98342657757053,162.98342657757053,64902300
2023-04-28,167.4134063720703,167.58114875947356,165.63746282624027,166.23931504498196,55275900
2023-05-01,167.3246307373047,168.17314354860417,166.387323749872,167.0187740939811,52472900
2023-05-02,166.2886505126953,168.07448533412125,165.30200842691818,167.81794875664258,48425700
2023-05-03,165.2132110595703,168.6368602354505,164.92709148440827,167.23583030731814,65136000
2023-05-04,163.5753936767578,164.8086963510818,162.11516752574818,162.68742177323023,81235400
2023-05-05,171.25148010253906,171.97172463520235,168.4790030974248,168.6960655683585,113453200
2023-05-08,171.1824188232422,171.52774960942492,169.81098679048802,170.17603958076435,55962800
2023-05-09,169.4755096435547,171.22185523763014,169.30778230115573,170.73841026688106,45326900
2023-05-10,171.2416229248047,171.70534597701706,169.6037932108191,170.7088427451169,53724500
2023-05-11,171.4290771484375,172.2578529585823,169.87018071223292,171.52774738748727,49514700
2023-05-12,170.50035095214844,171.97247152405595,168.94917294661113,171.5377460938216,45533100
2023-05-15,170.00633239746094,171.13265951386708,169.41352230428424,171.0832561601379,37266700
2023-05-16,170.00633239746094,171.0634918034888,169.73956634795272,169.92729004665156,42110300
2023-05-17,170.61891174316406,170.85602374756016,168.37613188825594,169.65066921503973,57951600
2023-05-18,172.95057678222656,173.13830046836398,170.51019901401196,170.92516002115397,65496700
2023-05-19,173.0592803955078,174.27452457823847,172.84191768629904,174.27452457823847,55809500
2023-05-22,172.11077880859375,172.61467191708667,171.36977372037438,171.89341610998645,43570900
2023-05-23,169.50244140625,171.300620989034,169.22580071286586,171.05361929309908,50747300
2023-05-24,169.7790985107422,170.35214430979713,168.4749372695529,169.03809335131075,45143500
2023-05-25,170.91531372070312,171.814388514026,169.63090177565675,170.3422679275043,56058300
2023-05-26,173.32603454589844,173.6619683326656,171.03386649216068,171.24135456411133,54835000
2023-05-30,175.17361450195312,176.84334846181008,174.45237373510062,174.8376957969301,55964400
2023-05-31,175.12417602539062,177.19899598886857,174.64004734703647,175.203218365272,99625300
2023-06-01,177.93014526367188,177.95978426232014,174.8080400825605,175.56880955803746,68901800
2023-06-02,178.7798309326172,179.5998784017098,177.11009699591673,178.8588732872537,61996900
2023-06-05,177.42626953125,182.73186141970515,175.90473056039738,180.43969339813148,121946500
2023-06-06,177.06069946289062,177.95977416384898,175.30203354675976,177.81157917901706,64848400
2023-06-07,175.68736267089844,179.03670485789638,175.19335930953716,176.29992201473482,61944600
2023-06-08,178.40440368652344,178.67115468077665,175.3317017878174,175.76641213704826,50214900
2023-06-09,178.7897186279297,180.04447641965535,178.46367457216073,179.3232356709596,48900000
2023-06-12,181.58578491210938,181.68459163427195,178.79961324143656,179.09601833213515,54274900
2023-06-13,181.1115264892578,181.94144859403625,180.2519653861507,180.6076484418825,54929100
2023-06-14,181.74386596679688,182.17859141427,179.8370198890403,181.17082015656314,57462900
2023-06-15,183.77914428710938,184.28303741690132,181.57589328622848,181.7537423543279,65433200
2023-06-16,182.7022247314453,184.7474061455162,182.0600263098281,184.49051471623886,101256200
2023-06-20,182.79112243652344,183.8680612460024,182.19832743508823,182.19832743508823,49799100
2023-06-21,181.75375366210938,183.18636063386023,180.40017397466633,182.68246747271866,49515700
2023-06-22,184.7572479248047,184.8066512736315,181.46718389330616,181.5363515968208,51245300
2023-06-23,184.4410858154297,185.31053654650353,182.7911164149862,183.32464848206732,53117000
2023-06-26,183.0480499267578,185.79470801287036,183.00852120673045,184.58933834045672,48088700
2023-06-27,185.80453491210938,186.1305789275048,183.44319953617173,183.66056221310203,50730800
2023-06-28,186.98028564453125,187.6224840299043,185.3500804657921,185.67610944091012,51216800
2023-06-29,187.31619262695312,187.79044671269003,186.67399428172388,186.81231462111722,46347300
2023-06-30,191.64369201660156,192.14757008838143,188.96618679019105,189.33175958026345,85213200
2023-07-03,190.15179443359375,191.55476227365418,189.46017761633829,191.4559555638213,31458200
2023-07-05,189.0353240966797,190.66552912461296,188.33383270493644,189.27245113243498,46920300
2023-07-06,189.50958251953125,189.7170705815605,186.9308841600135,187.56320791106293,45094300
2023-07-07,188.3931121826172,190.35925096234297,187.9584018939785,189.11436793531539,46815000
2023-07-10,186.34799194335938,187.71144636227646,184.7968137913114,186.9901904322695,59922200
2023-07-11,185.82435607910156,187.0297258103105,184.36210995834276,186.89140543504672,46638100
2023-07-12,187.49403381347656,189.40087948911426,186.20962210110736,187.40510175376477,60750200
2023-07-13,188.2548065185547,188.89701997543003,187.5039267878899,188.21529288043007,41342300
2023-07-14,188.4030303955078,188.88714410801785,187.35574553686786,187.94854060692288,41616200
2023-07-17,191.66343688964844,191.9894809296959,189.50957431242833,189.59849130268125,50520200
2023-07-18,191.4065399169922,191.9993499863452,190.11225351055063,191.03110761046918,48288200
2023-07-19,192.76014709472656,195.8525983579603,190.3395181934612,190.78413334726974,80507300
2023-07-20,190.81375122070312,194.1136901954007,190.19130213491889,192.7502360363635,59581200
2023-07-21,189.63804626464844,192.63170595716375,188.93655473427472,191.77214478083425,71951700
2023-07-24,190.4383087158203,192.57240699977407,189.94430532096735,191.09039681521514,45377800
2023-07-25,191.29788208007812,192.10805493602857,190.60628029804008,191.01136672601527,37283200
2023-07-26,192.16734313964844,193.2936704090035,191.00150222741644,191.34729559890386,47471900
2023-07-27,190.90267944335938,194.83494237556206,190.24071668140024,193.66910156142774,47460200
2023-07-28,193.4813690185547,194.2717774555962,191.81163515269853,192.33527753863382,48291400
2023-07-31,194.09393310546875,194.13346181996275,192.91820259976402,193.70861105598286,38824100
2023-08-01,193.2639923095703,194.37055499572895,192.93794828758732,193.8864413584275,35175100
2023-08-02,190.2703399658203,192.8391484466102,189.5490992662055,192.70082810591987,50389300
2023-08-03,188.8772735595703,190.06287880115997,188.40303447809214,189.2724853572926,61235200
2023-08-04,179.807373046875,185.13272939460776,179.7382053306166,183.2950360404776,115956800
2023-08-07,176.7050323486328,180.93370048918646,175.2230220636036,179.9456936325003,97576100
2023-08-08,177.64361572265625,178.10798009875546,175.45023954323045,177.5349343777014,67823000
2023-08-09,176.05291748046875,178.76004620834635,174.88706172714433,178.7007682180696,60378500
2023-08-10,175.8355712890625,178.58222898523437,175.47001359754938,177.3274561288203,54686900
2023-08-11,175.89495849609375,176.71611347184137,174.66818511712222,175.42998203855163,52036700
2023-08-14,177.54714965820312,177.77469387045335,175.42005736478495,176.0730260741773,43675600
2023-08-15,175.55856323242188,177.56692432110017,175.1628328578025,176.9733287591711,43622600
2023-08-16,174.68795776367188,176.63694575843348,174.61869664349865,175.24198634047178,46964900
2023-08-17,172.14535522460938,175.61793712814787,171.6308936142582,175.25188574378228,66062900
2023-08-18,172.63014221191406,173.23364091556027,170.12711031715548,170.46348268413263,61172200
2023-08-21,173.9657440185547,174.25266140560993,171.88813666332587,173.20396220304474,46311900
2023-08-22,175.3408966064453,175.78609702554508,174.37134667878323,175.17271045239184,42038900
2023-08-23,179.18943786621094,179.61486234805133,176.42918310654636,176.61716031274474,52722800
2023-08-24,174.4999542236328,179.16964451815014,174.1338878222112,178.74422007761805,54945800
2023-08-25,176.70620727539062,177.2404448053197,173.9459523611551,175.4893219988908,51449600
2023-08-28,178.2693634033203,178.66509377862053,176.6468447107556,178.17042326142217,43820700
2023-08-29,182.15744018554688,182.929124873536,177.58669009574285,177.78455525489372,53003900
2023-08-30,185.6498565673828,185.84773686983334,182.7708853589575,182.96875056526045,60813900
2023-08-31,185.8675079345703,187.10418431162185,185.4816655087761,185.83782890921285,60794500
2023-09-01,187.44058227539062,187.8956707538354,186.2731518599601,187.4702613024132,45766500
2023-09-05,187.67796325683594,187.95497749752238,185.61024442594643,186.27310100874215,45280000
2023-09-06,180.96035766601562,186.83704535292617,179.5357042757167,186.39182984634905,81755800
2023-09-07,175.66738891601562,176.31046963604499,171.69023379276553,173.312752460059,112488800
2023-09-08,176.28077697753906,178.3188321743013,175.89493458078306,176.4489782367689,65551300
2023-09-11,177.44818115234375,178.37816399656032,175.44970834431305,178.1506198206809,58953100
2023-09-12,174.42080688476562,178.20998441272386,172.95658655286022,177.57680682896927,90370200
2023-09-13,172.35308837890625,175.41014819975618,172.12552909799857,174.6285604188278,84267900
2023-09-14,173.86679077148438,174.22295413122683,171.72981061302968,172.14533201670497,60895800
2023-09-15,173.14454650878906,174.61866989320765,171.96724351151664,174.59887884816905,109259500
2023-09-18,176.07301330566406,177.46798769380123,174.2921965438023,174.59888982853914,67257600
2023-09-19,177.16131591796875,177.71534451200176,175.24199179139225,175.62783421196144,51826900
2023-09-20,173.6194610595703,177.78457830053213,173.5304088946865,177.3492658362857,58436200
2023-09-21,172.07608032226562,174.42082885900223,172.006834299268,172.68948203416045,63149100
2023-09-22,172.92689514160156,175.19249433338604,172.19479251227028,172.80817906033587,56725400
2023-09-25,174.2031707763672,175.08368369125543,172.29373473406022,172.3432048049037,46172700
2023-09-26,170.1270751953125,173.33253018900052,169.83026989319274,172.9565908960506,64588900
2023-09-27,168.61337280273438,171.19555331579562,167.24809254140138,170.7800319235512,66921800
2023-09-28,168.87062072753906,170.19633406818943,165.83333655703308,167.53500431517824,56294400
2023-09-29,169.38507080078125,171.22524557281096,168.52433390834895,170.18643455541363,51861100
2023-10-02,171.89801025390625,172.44215085955082,169.10806120104496,169.39497856408786,52164500
2023-10-03,170.56240844726562,171.7793089326026,168.9992627128071,170.42390128992824,49594600
2023-10-04,171.8089599609375,172.3531005247124,169.14763028223018,169.26634637027362,53020300
2023-10-05,173.04562377929688,173.57986123329636,170.83938266052527,171.93755168454948,48527900
2023-10-06,175.59812927246094,176.09279974358,171.33405713065292,171.947458780219,57266700
2023-10-09,177.0821533203125,177.1415113656987,173.92615307401468,174.9253820623563,42390800
2023-10-10,176.48855590820312,177.80438136546655,176.0532434145344,176.20165363527434,43698000
2023-10-11,177.88351440429688,177.9329844734106,175.70696722860302,176.300562769531,47551100
2023-10-12,178.7838134765625,180.39642899359671,177.13160077070958,178.1506358590928,56743100
2023-10-13,176.94366455078125,179.9908219020002,176.24122571645097,179.48626336769357,51427100
2023-10-16,176.81504821777344,177.17121162893596,174.62859767499688,174.86604498115446,52517000
2023-10-17,175.26174926757812,176.51821654411026,172.93680701299223,174.7670787756051,57549400
2023-10-18,173.9657440185547,175.68720305244247,173.2435292067,173.70852075442576,54764400
2023-10-19,173.5897979736328,175.94441955236843,173.32267164674883,174.16360253338752,59302900
2023-10-20,171.0372772216797,173.55019672394363,170.7998299466356,173.44136860989997,64244000
2023-10-23,171.15597534179688,172.15520421409377,168.11869153900426,169.08825648819888,55980100
2023-10-24,171.59132385253906,171.81886808001443,169.62252961684246,171.2054814250168,43816600
2023-10-25,169.27626037597656,171.21536038795298,168.83104482476435,170.04794519039626,57157000
2023-10-26,165.1111297607422,169.55327657792432,163.90413245355498,168.55403244057868,70625300
2023-10-27,166.42694091796875,167.1590586780216,165.05175755916278,165.13090664912622,58499100
2023-10-30,168.474853515625,169.34547832959018,167.0699912633637,167.21840145454993,51131000
2023-10-31,168.9497833251953,169.07838740239757,166.1103641120373,167.54492077929578,44846000
2023-11-01,172.1156463623047,172.37286957481675,168.30667766450742,169.1773025316942,56934900
2023-11-02,175.67727661132812,175.88502975328987,173.5897666401313,173.64912468069178,77334800
2023-11-03,174.76705932617188,174.9352605593319,171.50224651940002,172.38275929327585,79829200
2023-11-06,177.31959533691406,177.51746053122469,174.3317961816863,174.49998235165765,63841300
2023-11-07,179.88197326660156,180.4953598060514,177.06234560698942,177.27009874628624,70530000
2023-11-08,180.94056701660156,181.4945955371222,179.65442075331012,180.40632954214095,49340300
2023-11-09,180.4656982421875,182.1574629246798,179.87208759448916,181.00983881988668,53763500
2023-11-10,184.65611267089844,184.8245355233408,181.81296804065445,182.2488540012565,66133400
2023-11-13,183.0710906982422,184.28957909475855,182.4866141219331,184.0815522328342,43627500
2023-11-14,185.68638610839844,186.35011603301572,184.55705211313364,185.94394820695575,60108400
2023-11-15,186.25103759765625,187.72710311138576,186.0231936311185,186.09254599086609,53790500
2023-11-16,187.93516540527344,189.173470968727,186.88506958999568,187.79647578680803,54412900
2023-11-17,187.9153289794922,188.59887599886426,186.805812145748,188.47008739636428,50922700
2023-11-20,189.6588897705078,190.11459289941732,188.10358573904105,188.11348674243894,46505100
2023-11-21,188.85646057128906,189.72823253932046,187.9648865974642,189.61926104331656,38134500
2023-11-22,189.52020263671875,191.12504193836494,189.04469749475615,189.69852651247717,39617700
2023-11-24,188.19273376464844,189.1140258787283,187.47946852715137,189.0843077535022,24048300
2023-11-27,188.01438903808594,188.88616092409407,187.13271615011263,188.14317764380084,40552600
2023-11-28,188.61868286132812,189.29232889633607,187.62803848681267,188.0044881862593,38415400
2023-11-29,187.5983428955078,190.29289712708973,187.202091144525,189.1140277612682,43014200
2023-11-30,188.17291259765625,188.53946132762457,186.42938378571617,188.06394110215783,48794400
2023-12-01,189.45083618164062,189.76783452208102,187.45963130874318,188.54934617033052,45704800
2023-12-04,187.6577606201172,188.27197042434886,185.69628894913777,188.2026180609542,43389500
2023-12-05,191.6104278564453,192.58125508438908,188.40073472916,188.43046796633192,66628400
2023-12-06,190.52076721191406,192.9379272177151,190.31272520524868,192.63082982561934,41089700
2023-12-07,192.4524688720703,193.17563496534902,191.77882290005957,191.8184571363125,47477700
2023-12-08,193.8790283203125,194.15640755182167,191.8581052152776,192.38314555463674,53406400
2023-12-11,191.37266540527344,191.6797778466323,189.62913681721145,191.30332816215127,60943700
2023-12-12,192.88836669921875,192.89826770087802,189.92633467152928,191.27361158280868,52696900
2023-12-13,196.1079864501953,196.14760557804456,193.02708153571695,193.26482653488247,70404200
2023-12-14,196.25656127929688,197.75242887078264,194.32480773637585,196.16740691178524,66831600
2023-12-15,195.7216339111328,196.54385551373443,195.15695931123605,195.68199966761293,128538400
2023-12-18,194.0573272705078,194.79040955452615,192.5713606983871,194.25545312358386,55751900
2023-12-19,195.09751892089844,195.1074199235508,194.0573392330858,194.32481746504553,40714100
2023-12-20,193.0072784423828,195.83060632493024,193.0072784423828,195.05790478940895,52242800
2023-12-21,192.85865783691406,195.23621363050395,191.6897046199928,194.26538628403978,46482500
2023-12-22,191.7887725830078,193.58183662844655,191.16466173906855,193.35397752019378,37149600
2023-12-26,191.243896484375,192.0760341178965,191.02595351616222,191.79865490672267,28919300
2023-12-27,191.34295654296875,191.68968812345565,189.30223153241622,190.68914273833013,48087700
2023-12-28,191.76893615722656,192.83883387512188,191.3627683436117,192.32369457775746,34049900
2023-12-29,190.72877502441406,192.58127531145587,189.9362564400636,192.08595308574118,42672100
2024-01-02,183.9032440185547,186.67705163638013,182.16961614691823,185.3991117688797,82488700
2024-01-03,182.52622985839844,184.1409850600839,181.7138941984477,182.49651173581816,58414500
2024-01-04,180.20814514160156,181.37709839926953,179.18778251294714,180.44589014802324,71983600
2024-01-05,179.48495483398438,181.05017488447822,178.48440937769652,180.28738953880892,62379700
2024-01-08,183.82398986816406,183.86362411289957,179.80197564152536,180.38645226507356,59144500
2024-01-09,183.40789794921875,183.41779895114087,181.0204413910758,182.19931060924736,42841800
2024-01-10,184.4480743408203,184.65610118978807,182.19930742900604,182.62529236075727,46792900
2024-01-11,183.8536834716797,185.3000308909078,181.90211286972462,184.7947925921475,49128400
2024-01-12,184.18060302734375,184.99293868218925,183.45743685571247,184.3192926371913,40477800
2024-01-16,181.9120330810547,182.5361287641061,179.23728115128065,180.45578462721193,65603000
2024-01-17,180.9709014892578,181.21856257523459,178.61317822966134,179.5741044525339,47317400
2024-01-18,186.865234375,187.37045751332874,184.09142738261565,184.34898945226777,78005800
2024-01-19,189.76783752441406,190.15418823308323,187.0534815615711,187.5587047602819,68903000
2024-01-22,192.07603454589844,193.50256484427592,190.4612794003693,190.5009136397872,60133900
2024-01-23,193.35397338867188,193.91864797179585,192.01661247228014,193.19548176740474,42355600
2024-01-24,192.6803436279297,194.54276001272405,192.52183688964197,193.59173469903226,53631300
2024-01-25,192.3534393310547,194.43379881211092,191.30335858737243,193.3936190715828,54822100
2024-01-26,190.6197967529297,192.93790105900956,190.14429166563914,192.45249496932922,44594000
2024-01-29,189.93626403808594,190.40186815816608,187.80638442872507,190.21364328629937,47145600
2024-01-30,186.28076171875,190.00559424490717,185.71610228505008,189.15363947733223,55859400
2024-01-31,182.67483520507812,185.34958738130655,182.6253150741395,185.29013601531707,55467800
2024-02-01,185.11181640625,185.20097077595153,182.1002640289582,182.26867176596141,64885400
2024-02-02,184.11126708984375,185.5774165638072,177.57300802816712,178.1773017145222,102551700
2024-02-05,185.92413330078125,187.47945226083425,184.10135123689923,186.3897373769733,69668800
2024-02-06,187.52899169921875,187.53889270164484,185.02266252630227,185.1118168962398,43490800
2024-02-07,187.63795471191406,189.26261088240534,186.84543618864265,188.85644306077413,53439000
2024-02-08,186.55816650390625,187.7667388029894,185.5972401965417,187.61814818475136,40962000
2024-02-09,187.3219451904297,188.45272038917548,186.47881682618166,187.12355136214254,45155200
2024-02-12,185.63568115234375,187.14338640307878,185.27859346494134,186.8954092628083,41781900
2024-02-13,183.54275512695312,184.70330147289806,182.02513622573113,184.26685928046126,56529500
2024-02-14,182.6599578857422,184.02879656144881,180.9638026996327,183.82050423664703,54630500
2024-02-15,182.37228393554688,182.99719108766072,179.8825992332856,182.06479474492625,65434500
2024-02-16,180.83485412597656,183.35431044132238,180.20003322850718,181.93587327545112,49752500
2024-02-20,180.09091186523438,180.95386745060242,178.54353696650966,180.31904659124555,53665600
2024-02-21,180.8447723388672,181.41015233649017,179.1982005294332,180.4678422502364,41371400
2024-02-22,182.87818908691406,183.46342668087547,180.9836551083553,181.99539101250986,52292200
2024-02-23,181.04315185546875,183.54275049121756,180.75548990166286,183.51299444569602,45119700
2024-02-26,179.69415283203125,181.28119739799624,179.18826979539264,180.7654158601022,40867400
2024-02-27,181.1522674560547,182.43182285515786,178.10710087323727,179.63464855081253,54318900
2024-02-28,179.95205688476562,181.63829848228303,178.67250144683115,181.03323362922586,48953900
2024-02-29,179.28746032714844,181.09274105155225,178.07733075339527,179.80325698202418,136682600
2024-03-01,178.20631408691406,179.06926978070987,175.94476354534044,178.0972035285344,73563100
2024-03-04,173.68316650390625,175.46858951163802,172.38375378915603,174.72465821330945,81510100
2024-03-05,168.74346923828125,170.6479317427376,168.24751498810025,169.37829007310003,95132400
2024-03-06,167.75155639648438,169.85441265484894,167.31511424596866,169.67586125903696,68587700
2024-03-07,167.63255310058594,169.34855073763018,167.12668516420615,167.78133333619056,71765100
2024-03-08,169.34854125976562,172.29451084245372,167.5730316278488,167.63254371875993,76267000
2024-03-11,171.35220336914062,172.96901916174485,170.65787040570808,171.54066841678448,60139500
2024-03-12,171.82830810546875,172.62183794587216,169.62626998762764,171.7489536078961,59825400
2024-03-13,169.74530029296875,171.78862930722158,169.3782838692582,171.3720295685671,52488700
2024-03-14,171.60015869140625,172.89955631533712,170.65784870831544,171.5108905650266,72913500
2024-03-15,171.22323608398438,171.22323608398438,168.91208752136302,169.78497182252738,121752700
2024-03-18,172.31434631347656,176.27206668827822,172.11596763998543,174.1493830977455,75604200
2024-03-19,174.6552276611328,175.18093788657362,171.62990410461092,172.929301648071,55215200
2024-03-20,177.22427368164062,177.22427368164062,173.67323975994282,174.2981469011337,53423100
2024-03-21,169.98333740234375,176.05382709299283,169.4576271619808,175.61738497601507,106181300
2024-03-22,170.8860321044922,171.64980605246464,168.68399354771762,170.3702353351175,71160100
2024-03-25,169.46759033203125,170.54876707334867,168.0789092110998,169.18985713490977,54288300
2024-03-26,168.33682250976562,170.03297781398425,168.20786954283594,168.62446935677252,57388400
2024-03-27,171.9076690673828,172.19533102381604,168.73356472173438,169.03114031499092,60273300
2024-03-28,170.0924530029297,170.83638432396197,169.13030061690222,170.36027251639132,65672700
2024-04-01,168.6542205810547,169.86435030206175,168.1086678157934,169.80483820681948,46240500
2024-04-02,167.47381591796875,167.96977013364764,166.86875116942764,167.71187939021036,49329500
2024-04-03,168.27725219726562,169.29891662745933,167.21591809103955,167.4242103770211,47691700
2024-04-04,167.4540252685547,170.5289329970456,167.4540252685547,168.91211705703589,53704400
2024-04-05,168.2078399658203,169.01128340394683,167.58293278713433,168.217753601793,42104800
2024-04-08,167.08697509765625,167.83090643391947,166.87868279928273,167.66228381393842,37425500
2024-04-09,168.297119140625,168.70380527202582,166.98780774616682,167.3349666518587,42373800
2024-04-10,166.4224090576172,167.72180678766216,165.75783217031642,167.43415997850798,49709300
2024-04-11,173.62367248535156,174.04028741115994,166.79935169580833,166.97788797659143,91070300
2024-04-12,175.12144470214844,176.91679662448954,172.80038249764078,172.8499658132502,101670900
2024-04-15,171.2926788330078,175.20080068867838,171.10421379905583,173.94107267383276,73531800
2024-04-16,168.0094451904297,172.35399357547163,166.9084262901455,170.3602631929335,73711200
2024-04-17,166.640625,169.26917642354965,166.640625,168.2375982616629,50901200
2024-04-18,165.6884002685547,167.27546002889196,165.20237475763562,166.67039519798726,43122900
2024-04-19,163.66490173339844,165.05356757276493,162.7523477339115,164.86511767231858,68149400
2024-04-22,164.49807739257812,165.90658543557495,163.43674332676036,164.18067459044096,48116400
2024-04-23,165.54954528808594,165.69834066467516,163.5855704267702,164.0120990106031,49537800
2024-04-24,167.65237426757812,167.93010742906517,164.86511388137603,165.19243035823263,48251800
2024-04-25,168.5153350830078,169.2295104164757,166.78940883790665,168.15824741627387,50558300
2024-04-26,167.9300994873047,169.95358601606148,167.81106018420974,168.50540819041237,44838400
2024-04-29,172.09613037109375,174.60565774723543,171.69937301226366,171.9671774185786,68169400
2024-04-30,168.95176696777344,173.5740639461448,168.62443536523762,171.92749229774822,65934800
2024-05-01,167.9300994873047,171.31251085120192,167.74163446478235,168.20783263565716,50383100
2024-05-02,171.6299285888672,172.0167723030629,169.50724497899176,171.11413192483198,94214900
2024-05-03,181.8961944580078,185.48689856009224,181.18201909229816,185.13972451400554,163224100
2024-05-06,180.2397003173828,182.70954279745968,178.9601298757301,180.87452115240256,78569700
2024-05-07,180.92408752441406,183.4038585438568,179.85283976309742,181.96559437964424,77305800
2024-05-08,181.26136779785156,181.58869942461462,179.9817973354757,181.3704783401059,45057100
2024-05-09,183.07655334472656,183.16582147443802,180.6364518520254,181.08280763590477,48983000
2024-05-10,181.8151397705078,183.8413711732151,180.90134794922002,183.65265049654158,50759500
2024-05-13,185.02333068847656,185.8378061410755,183.37452561798457,184.18900107058352,72044800
2024-05-14,186.16555786132812,187.02969899838186,185.0332491027049,186.245019986336,52393600
2024-05-15,188.44012451171875,189.36384333151435,186.1059718662387,186.6423374407049,70400000
2024-05-16,188.55929565429688,189.81080512810087,188.38051724709635,189.18505039119887,52845200
2024-05-17,188.589111328125,189.52277241007562,187.90376371878457,188.23153932133224,41282900
2024-05-20,189.75120544433594,190.62527366658756,187.73490137733788,188.052749878466,44361300
2024-05-21,191.05238342285156,191.42980957851574,189.6320225414164,189.80087387660714,42309400
2024-05-22,189.61215209960938,191.5192128106237,188.9864124860383,190.9729201671483,34648500
2024-05-23,185.61929321289062,189.7114944206788,185.370979738518,189.69162509909052,51005900
2024-05-24,188.69834899902344,189.2943073297369,186.77143423967982,187.54618613194728,36327000
2024-05-28,188.7083282470703,191.69801725699202,187.82433281517635,190.21806337750198,52280100
2024-05-29,189.0062713623047,190.95305560689752,188.2315345598267,188.33086600869876,53068000
2024-05-30,189.99949645996094,190.8834916600127,189.3439605265538,189.47307320351715,49889100
2024-05-31,190.9530487060547,191.2708972062775,188.62883838261533,190.14851552916033,75158300
2024-06-03,192.72103881835938,193.67456916074488,191.22123099586668,191.5986571441052,50080500
2024-06-04,193.0388946533203,194.0023521144802,191.72779227719917,193.32693160548868,47471400
2024-06-05,194.5486297607422,195.5716800296083,193.55537589536917,194.08179923154876,54156800
2024-06-06,193.1680145263672,195.17439165110096,192.86010824182844,194.36985841579607,41181800
2024-06-07,195.56175231933594,195.6114180436154,192.83030419832767,193.33685821193552,53103900
2024-06-10,191.81719970703125,195.96900913658257,190.85374215435903,195.57169845948172,97010200
2024-06-11,205.7525177001953,205.7624599378956,192.32373729563466,192.34359145933493,172373300
2024-06-12,211.6326141357422,218.7145040828182,205.50422428227435,205.97105482418652,198134300
2024-06-13,212.79470825195312,215.28776993558532,210.17251871917932,213.29133517221976,97862700
2024-06-14,211.05653381347656,213.71844708080008,209.87455920751867,212.40735976944958,70122700
2024-06-17,215.2083282470703,217.4729460060793,211.28497823555003,211.93058723086708,93728300
2024-06-18,212.84437561035156,217.15510913678148,211.56308472355843,216.1221165738588,79943300
2024-06-20,208.2654571533203,212.79470737847507,207.44106980621038,212.48678595825902,86172500
2024-06-21,206.0902557373047,210.4605668046439,205.71281440805072,208.9706859649803,241805100
2024-06-24,206.7358856201172,211.26512140596267,205.1963388988781,206.3187207615107,80727000
2024-06-25,207.6595916748047,209.95400566525086,207.20268823087267,207.73903864641352,55549700
2024-06-26,211.81138610839844,213.41052543273105,209.21899292189278,210.07319184959564,66213200
2024-06-27,212.65567016601562,214.28460598729217,210.91747580739147,213.24168634094727,49772700
2024-06-28,209.19912719726562,214.6123729638464,208.8812938369491,214.31439376890182,82542700
2024-07-01,215.2877960205078,216.04266357466884,210.49037757076027,210.65922892540738,60402900
2024-07-02,218.78402709960938,218.89328562800327,213.6489065767971,214.6918109818244,58046200
2024-07-03,220.05540466308594,220.05540466308594,217.55240059045883,218.5158580863075,37369800
2024-07-05,224.81309509277344,224.9223536333555,220.15473164881905,220.15473164881905,60412400
2024-07-08,226.28311157226562,226.31290797690275,221.7439339584199,225.55802531049062,59085900
2024-07-09,227.13729858398438,227.85244261706796,224.84288445944628,226.39235814584333,48076100
2024-07-10,231.40829467773438,231.50762613234983,227.70346178953022,227.75312751683794,62627700
2024-07-11,226.03480529785156,230.82228138425162,224.24694518340354,229.82902744909742,64710600
2024-07-12,228.9847412109375,231.07058040656065,227.13728840093884,227.37567478656334,53046500
2024-07-15,232.81871032714844,235.62962070976812,231.5175501306247,234.88468027763452,62631300
2024-07-16,233.2358856201172,234.67610072880163,230.76267797901863,233.41466404542834,43234300
2024-07-17,227.33596801757812,229.89856501704188,225.11107372236052,227.90211488577285,57345900
2024-07-18,222.6676483154297,228.88542732552744,220.7705449165008,228.7265030667722,66034600
2024-07-19,222.79676818847656,225.2699757257536,221.7737179376491,223.30333735062962,49151500
2024-07-22,222.4491424560547,226.24336434241772,221.58500128681854,225.47855462210336,48201800
2024-07-23,223.49203491210938,225.40902265142745,221.17775171010015,222.85635307829335,39960300
2024-07-24,217.06568908691406,223.28346786979841,215.66521268088363,222.48886176091068,61777600
2024-07-25,216.02281188964844,219.36014584277987,213.1721626831937,217.4530848788309,51391200
2024-07-26,216.4896240234375,218.0093012590926,214.55276681781487,217.22462220056258,41601300
2024-07-29,216.7677459716797,217.82059272630025,214.294538197557,215.49638213713573,36311800
2024-07-30,217.32395935058594,218.84363662609175,214.6620309808042,217.71132777069818,41643800
2024-07-31,220.5818328857422,222.31010016667176,219.14161772956027,219.94615098169663,50036300
2024-08-01,216.8869171142578,222.96562598955987,215.5559605569344,222.85636745689294,62501000
2024-08-02,218.3767852783203,224.07806765618477,216.24129562954897,217.6715683981697,105568600
2024-08-05,207.85826110839844,212.0597211288106,194.67777677399005,197.74692788266515,119548600
2024-08-06,205.8319854736328,208.5733757245506,199.7135534430835,203.91501287026546,69660500
2024-08-07,208.40452575683594,212.1987475040528,204.9976572409954,205.50421123787663,63516400
2024-08-08,211.87100219726562,212.75499762550604,207.42122864939222,211.67235443417223,47161100
2024-08-09,214.78121948242188,215.317569896599,210.54002126961797,210.66914912089348,42201600
2024-08-12,216.3126220703125,218.281537024183,214.39343033300037,214.86080125653766,38028100
2024-08-13,220.03167724609375,220.64820259017597,217.7843155173404,217.7843155173404,44155300
2024-08-14,220.4791717529297,221.78183806687042,218.4704721927748,219.33561365974072,41960600
2024-08-15,223.46237182617188,224.08885093177264,221.51333414952188,223.3430482530648,46414000
2024-08-16,224.784912109375,225.56054561825633,222.39833462763832,222.6668278186797,44340200
2024-08-19,224.62582397460938,224.72527040192085,221.791767703572,224.4567771868955,40687800
2024-08-20,225.24234008789062,225.89865006504533,224.18827476461456,224.50649118022673,30299000
2024-08-21,225.13294982910156,226.70410920432383,223.7905141872767,225.25228856886343,34765500
2024-08-22,223.27342224121094,227.06209724349452,222.64694316501192,226.51517227009805,43695300
2024-08-23,225.57049560546875,226.9427773475752,223.07454817990703,224.39710671028325,38677300
2024-08-26,225.90858459472656,226.00803101617393,222.6370036872603,225.490936936756,30602200
2024-08-27,226.75384521484375,227.5692634267734,223.63141860700006,224.73520717839608,35934600
2024-08-28,225.22247314453125,228.57360836626125,224.41699349604747,226.64446298605537,38052200
2024-08-29,228.5039825439453,231.61647047641185,227.59908685526068,228.81226038667728,51906300
2024-08-30,227.71841430664062,229.11057321557684,226.2069166530855,228.90175696593346,52990800
2024-09-03,221.52330017089844,227.7184305167556,219.93224829880322,227.2709519194148,50190600
2024-09-04,219.61402893066406,220.53881694406624,216.2628786668988,220.41949337418052,43840200
2024-09-05,221.13546752929688,224.2181094473344,220.28027986462445,220.38966486266608,36615400
2024-09-06,219.58419799804688,223.97945984429646,218.54007124155592,222.69667077468378,48423000
2024-09-09,219.6737060546875,220.03169196273555,215.49721390972365,219.58421337102425,67180000
2024-09-10,218.87815856933594,220.24048653111632,215.5170698289156,217.69481595725216,51591000
2024-09-11,221.41390991210938,221.84149617822106,216.6706004766808,220.22062862304543,44587100
2024-09-12,221.52330017089844,222.29893378586118,218.58981250678085,221.2548069431359,37455600
2024-09-13,221.2548065185547,222.78618142445666,220.66811202153605,222.3287642541488,36766600
2024-09-16,215.10939025878906,216.00434741371936,212.72281255665072,215.32814508742544,59357400
2024-09-17,215.5767364501953,215.6861214463737,213.2995590231644,214.54256344637628,45519300
2024-09-18,219.45492553710938,221.46362499015893,216.322545198334,216.33249894497217,59894900
2024-09-19,227.58914184570312,228.53383738270648,223.37288038958053,223.7308662842885,66781300
2024-09-20,226.9228973388672,231.7855303113645,226.34614143297367,228.6829959505254,318679900
2024-09-23,225.20257568359375,228.16589404695566,224.54626569168985,226.06770192621624,54146000
2024-09-24,226.0975341796875,228.06646416724695,224.4667129366972,227.37036953161189,43556100
2024-09-25,225.10311889648438,226.01796830972677,222.76627973963284,223.6711754067507,42308700
2024-09-26,226.24668884277344,227.2212000254045,224.1484968482946,226.02791885863684,36636700
2024-09-27,226.51516723632812,228.2354962210898,226.02791923090672,227.18143093581907,34026000
2024-09-30,231.69602966308594,231.69602966308594,228.3647716650959,228.75258844686658,54541900
2024-10-01,224.94403076171875,228.36476618305377,222.4878528116685,228.2355040411627,63285000
2024-10-02,225.51084899902344,226.09754348610434,221.77189689552054,224.62583039487592,32880600
2024-10-03,224.40704345703125,225.5406628776434,222.0702042586661,223.88001079844628,34044200
2024-10-04,225.53073120117188,226.72401244250622,222.87567550784985,226.6245660168141,37245100
2024-10-07,220.4493408203125,224.42695529805295,220.09135491038006,223.24361256318196,39505400
2024-10-08,224.50650024414062,224.71531649859696,222.00059897690352,223.0447257693685,31855700
2024-10-09,228.25540161132812,228.4642330490597,223.57176903047048,223.96952441146985,33591100
2024-10-10,227.7581787109375,228.21561101279016,225.89864895817115,226.50523572074002,28183500
2024-10-11,226.27655029296875,228.1261416619367,226.06771885321956,228.01675665509578,31759200
2024-10-14,230.00555419921875,230.43314046117197,227.32066753158787,227.4200987868959,39882100
2024-10-15,232.54129028320312,236.1609188169062,231.06956201546166,232.3026279543652,64751400
2024-10-16,230.48284912109375,230.8209426799016,228.55370384388218,230.30386376880503,34082200
2024-10-17,230.8507843017578,232.5412825211578,229.22991678936268,232.12361966628396,32993800
2024-10-18,233.68482971191406,234.8582185948981,232.7003647541102,234.8582185948981,46431500
2024-10-21,235.1565399169922,235.52447953691794,233.13790198735873,233.13790198735873,36254500
2024-10-22,234.54002380371094,234.89800969153723,231.29827366695753,232.5810475805218,38846600
2024-10-23,229.46856689453125,233.82405947286142,226.4853561254601,232.76999409553275,52287000
2024-10-24,229.27963256835938,229.52823345451665,227.131717270346,228.69292294524882,31109500
2024-10-25,230.1149444580078,231.91481257552053,228.2852454458818,228.4542922398222,38802300
2024-10-28,232.09378051757812,233.41633904858514,231.24854661133642,232.01424158684446,36087100
2024-10-29,232.36227416992188,233.01858415019296,231.0198384903425,231.79547204033784,35417200
2024-10-30,228.812255859375,232.1633908639167,228.26533088908346,231.30820323038637,47070900
2024-10-31,224.64569091796875,228.5437506886065,224.10870454857795,228.0564875272545,64370100
2024-11-01,221.66250610351562,224.08885327131992,219.03728125399175,219.73336072670745,65276700
2024-11-04,220.76754760742188,221.54318123610003,218.48043136426065,219.7532668150861,44944500
2024-11-05,222.19947814941406,222.6966799421733,219.90240829460964,220.55871830266648,28111300
2024-11-06,221.47357177734375,224.80482991830564,219.95213547791562,221.36418677402693,54561100
2024-11-07,226.20692443847656,226.6046949785728,223.31322152292373,223.37288331058951,42137700
2024-11-08,225.93814086914062,227.63048374280507,225.39061415381417,226.1471868576639,38328800
2024-11-11,223.22042846679688,224.68381119249955,220.50272420052974,223.98696589218596,42005600
2024-11-12,223.22042846679688,224.5743058460154,222.354350392842,223.53899499841924,40398300
2024-11-13,224.1063995361328,225.62950954483912,221.75702475308145,223.00139666804327,48566200
2024-11-14,227.1924591064453,227.83952645793332,223.98695568104733,224.00686988588794,44923900
2024-11-15,223.98696899414062,225.89832264008,223.26025997018442,225.38065961406878,47923700
2024-11-18,226.99337768554688,228.70563485331775,224.15620331601912,224.2358449505769,44633700
2024-11-19,227.252197265625,229.123737666772,225.63949596937007,225.95804731142948,36211800
2024-11-20,227.9689483642578,228.89475383274825,224.8729502483013,227.0331781982001,35169600
2024-11-21,227.49111938476562,229.1237348668511,224.69377351516385,227.8494991340082,42108300
2024-11-22,228.8350372314453,229.6812162999479,227.03318893672346,227.03318893672346,38168300
2024-11-25,231.82151794433594,232.19981188776785,228.70562083004268,230.41787789282506,90152800
2024-11-26,234.0016632080078,234.50937670519198,232.27945661483375,232.27945661483375,45986200
2024-11-27,233.8722381591797,234.6288260383393,232.75728573526553,233.41431778082386,33498400
2024-11-29,236.26144409179688,236.73927868022366,232.91657159263394,233.75278591990275,28481400
2024-12-02,238.51126098632812,239.70585504150458,236.0922091638524,236.20171450499868,48137100
2024-12-03,241.5574951171875,241.66700046466846,237.82437898500294,238.73028547870095,38861000
2024-12-04,241.91586303710938,243.01091645834052,240.16379275322726,241.77649398259703,44383900
2024-12-05,241.94573974609375,243.43898620611924,241.03984843814553,242.8914746561807,40033900
2024-12-06,241.74664306640625,243.5285923470879,240.99007032901886,241.81633519239523,36870600
2024-12-09,245.63902282714844,246.1268220997756,240.66153502923254,240.74117665680967,44649200
2024-12-10,246.65444946289062,247.09247084593116,244.23538234840328,245.77840669680953,36914800
2024-12-11,245.38021850585938,249.67081089954078,245.15124311202538,246.84360125039836,45205800
2024-12-12,246.84359741210938,247.62008434324935,244.57384885559844,245.77840766369866,32777500
2024-12-13,247.01283264160156,248.16759835190283,245.13134272203925,246.70423080565516,33155300
2024-12-16,249.90969848632812,250.24817919808956,246.53496239648825,246.8734431082497,51694800
2024-12-17,252.33872985839844,252.68716009783537,248.655391740455,248.95404406138837,51356400
2024-12-18,246.9331817626953,253.13512753347695,246.62457993830327,251.02467749046986,56774100
2024-12-19,248.6653289794922,250.86538527206417,245.9774886038804,246.38564624934875,60882300
2024-12-20,253.34417724609375,253.8518755287198,244.58379575845774,246.92320588947405,147495300
2024-12-23,254.1206817626953,254.49896052911285,252.30886880268173,253.62293295259332,40858800
2024-12-24,257.0374755859375,257.0474099027653,254.14055892454206,254.3396705835317,23234700
2024-12-26,257.853759765625,258.9289141129315,256.47003399402934,257.0275101814573,27237100
2024-12-27,254.439208984375,257.5352220874343,251.9206014592013,256.6691137206059,42355300
2024-12-30,251.06448364257812,252.35863351915538,249.6210152068174,251.09434735441482,35557500
2024-12-31,249.29251098632812,252.1396347735265,248.30696287880588,251.30342042234355,39480700
2025-01-02,242.75209045410156,247.97845273823052,240.73123158611202,247.80920478270548,55740700
2025-01-03,242.26429748535156,243.08059762167903,240.80091479245596,242.26429748535156,40244100
2025-01-06,243.89691162109375,246.21642284830082,242.10501290585998,243.2100158477468,45045600
2025-01-07,241.11947631835938,244.44443460073458,240.263347789176,241.88599852058522,40856000
2025-01-08,241.60726928710938,242.61273160476242,238.9692066706783,240.83078235887348,37628900
2025-01-10,235.78363037109375,239.07872524452853,231.95095824677452,238.9293914792433,61710900
2025-01-13,233.3446502685547,233.61343889555542,228.68572841435088,232.47857214721685,49630700
2025-01-14,232.22967529296875,235.05688478727922,231.4233246799516,233.69305795736565,39435300
2025-01-15,236.79901123046875,237.88411516800545,233.3744970274307,233.5835582088168,39832000
2025-01-16,227.23228454589844,236.9383864807084,227.0033243432251,236.28136958651152,71759100
2025-01-17,228.9445343017578,231.24413133243607,227.4512878984511,231.07489856287185,68488300
2025-01-21,221.6375732421875,223.40955766052627,218.39225670760806,222.9914505136237,98070400
2025-01-22,222.82223510742188,223.1109227348787,218.80041619812283,218.80041619812283,64126500
2025-01-23,222.65301513671875,226.0078374632505,221.29913768199057,223.72815445577547,60234800
2025-01-24,221.77694702148438,224.614121166801,220.4131202139208,223.76794215782238,54697900
2025-01-27,228.82508850097656,231.10477141655377,222.9715575076631,223.01138591977585,94863400
2025-01-28,237.18724060058594,239.10855876935992,229.7707868971689,229.81061530558512,75707600
2025-01-29,238.2823028564453,238.78005164957875,232.9563846938824,233.06589003597526,45486100
2025-01-30,236.52027893066406,239.7058683175974,236.14200015946125,237.59541819689565,55658300
2025-01-31,234.93743896484375,246.07705979363328,232.38896748106293,246.07705979363328,100959800
2025-02-03,226.9833984375,230.78620649590428,224.6838014511222,228.95449458875606,73063300
2025-02-04,231.75186157226562,232.08037762753466,225.62954176239768,226.226846442903,45067300
2025-02-05,231.42333984375,231.62243633567465,227.24225275297744,227.50107667347064,39620300
2025-02-06,232.16995239257812,232.74734282564026,229.39250557129796,230.24863411824003,29925300
2025-02-07,226.6051483154297,232.94646385966982,226.23680383391206,231.55277314338284,39707200
2025-02-10,226.8741912841797,229.80417456619486,226.42572786906877,228.7876615470872,33115600
2025-02-11,231.82725524902344,234.42836130351915,227.35256634016287,227.4223198813819,53718400
2025-02-12,236.06277465820312,236.15247950770552,229.89386689621963,230.41209906543347,45243300
2025-02-13,240.70689392089844,241.514131106333,234.7672133917818,236.10264318513748,53614100
2025-02-14,243.7664337158203,244.71319316935814,240.1687356269457,240.4278440984732,40896200
2025-02-18,243.6368865966797,244.34445851454996,241.01584434943877,243.31796980618805,48822500
2025-02-19,244.03550720214844,245.17162160901916,242.33134319523683,243.8262313730556,32204200
2025-02-20,244.9922637939453,245.93902334816417,243.45750328110228,244.10529733899222,32316900
2025-02-21,244.71319580078125,247.84249441981407,244.38431857946645,245.11182656230832,53197400
2025-02-24,246.25791931152344,248.01191597096326,243.58704451830639,244.0953010258401,51326400
2025-02-25,246.1981201171875,249.14803959700342,244.0753891604379,247.15485528022737,48013300
2025-02-26,239.5408935546875,244.14514449402503,238.3150894487839,243.49736566903925,44433600
2025-02-27,236.49131774902344,241.6337368385667,236.25213016109495,238.5941277716784,41153600
2025-02-28,241.01583862304688,241.26498665715278,229.41550676334808,236.14250368420718,56833400
2025-03-03,237.21881103515625,243.1983635012748,235.3053560708129,240.96599177281342,47184000
2025-03-04,235.1259765625,239.25188262538288,233.88023638606123,236.89992456399492,53798100
2025-03-05,234.93663024902344,235.7438674276595,228.44880585950324,234.61771347352882,47227600
2025-03-06,234.5280303955078,237.04940729600818,232.3654272740836,233.64106399817908,45170400
2025-03-07,238.2552947998047,240.54744460053885,233.95996981993864,234.30878315837532,46273600
2025-03-10,226.70477294921875,235.35520052510583,223.45588808739058,234.73730306532093,72071200
2025-03-11,220.08740234375,225.0703629938446,216.7089556312574,223.04728218644934,76137400
2025-03-12,216.2405548095703,220.99430349899413,214.17761702040198,219.3897895710681,62547500
2025-03-13,208.96542358398438,216.10102664759694,207.70972301630272,215.21406028960521,61368300
2025-03-14,212.762451171875,213.22087501834247,208.86577244295887,210.53007941159925,60107600
2025-03-17,213.27072143554688,214.48656508270392,209.25445626243933,212.58307041465437,48073400
2025-03-18,211.96519470214844,214.4168029665515,210.76928711901598,213.43018643369246,42432400
2025-03-19,214.50648498535156,218.0144781615262,213.0215573102422,213.48995680484757,54385400
2025-03-20,213.37039184570312,216.74883872802718,211.49679368091097,213.2607660976187,48862900
2025-03-21,217.52618408203125,218.09423372936246,210.55999911901452,210.8390437188948,94127800
2025-03-24,219.977783203125,220.7252273230714,217.83511614199446,220.24686734420678,44299500
2025-03-25,222.9875030517578,223.33631640181736,219.33001153042758,220.01766257627696,34493600
2025-03-26,220.77505493164062,224.25316696482244,219.71866969932233,222.7483031053444,34466100
2025-03-27,223.087158203125,224.22327264250706,219.80836152348044,220.63553483035878,37094800
2025-03-28,217.1574249267578,223.04728822423488,216.93817343567548,220.91458161653458,39818600
2025-03-31,221.37301635742188,224.8511131847691,215.49311362240712,216.27045427307317,65299300
2025-04-01,222.42941284179688,222.9177332815032,218.15402384007052,219.06092638065368,36412700
2025-04-02,223.1270294189453,224.42260233406006,220.2668146407477,220.5657953452804,35905900
2025-04-03,202.49754333496094,206.78289223919597,200.56415230327434,204.8395255545537,103419000
2025-04-04,187.738037109375,199.19884701911502,186.70157274086588,193.2292544699453,125910900
2025-04-07,180.84161376953125,193.48835506739644,174.02491207450518,176.59612158290105,160466300
2025-04-08,171.8323974609375,189.691324966831,168.63334553301246,186.06373055480245,120859500
2025-04-09,198.17234802246094,199.926344669284,171.30421792842867,171.3640110222038,184395900
2025-04-10,189.7710723876953,194.11621470149436,182.37636057603893,188.42568213047016,121880000
2025-04-11,197.47471618652344,198.85997858079665,185.42592149027786,185.46579368960585,87435900
2025-04-14,201.82984924316406,212.2143377637297,200.47448329230923,210.7194495182335,101352900
2025-04-15,201.4511260986328,202.81645240683693,199.11910423874315,201.1720815277121,51343900
2025-04-16,193.6079559326172,200.01603598224625,191.71442177543545,197.68401406478426,59732400
2025-04-17,196.3087158203125,198.15241736523095,193.75744237056688,196.5279673080365,52164700
2025-04-21,192.50173950195312,193.13955785695288,189.1631497833642,192.61136524453693,46742500
2025-04-22,199.059326171875,200.9030125684292,195.3021694205859,195.45165216386687,52976400
2025-04-23,203.9027557373047,207.29116289420588,202.10888686320854,205.29797863560773,52929200
2025-04-24,207.65989685058594,208.11833592046503,202.248408894664,204.1917605029567,47311000
2025-04-25,208.56680297851562,209.0352025034097,205.49729734578435,205.66671618569228,38222300
2025-04-28,209.4238739013672,210.77923983434187,206.7530142372406,209.2843516085664,38743100
2025-04-29,210.490234375,211.51672307140856,207.6599011161091,207.978817902887,36827600
2025-04-30,211.7758331298828,212.8521544830753,205.96569903614,208.58674127234366,52286500
2025-05-01,212.59304809570312,213.82881264887993,208.18809734114114,208.3674918385056,57365700
2025-05-02,204.65020751953125,206.28461806468735,201.4710760745947,205.38767599056177,101010600
2025-05-05,198.21221923828125,203.4044712176219,197.5345438511527,202.40787903175757,69018500
2025-05-06,197.83351135253906,199.96621804369693,196.34859871285207,197.53454585917262,51216500
2025-05-07,195.58120727539062,198.7603386318323,192.59143085844198,198.49125449640593,68536700
2025-05-08,196.81698608398438,199.3682595147921,194.0165494128041,197.04619801698016,50478900
2025-05-09,197.8534393310547,199.85658408831688,196.86680762308345,198.32183886048443,36453900
2025-05-12,210.34713745117188,210.82613996616402,206.31563192374182,210.52676720097676,63775800
2025-05-13,212.48263549804688,212.95164926547025,208.56089957562318,209.98788789546765,51909300
2025-05-14,211.88389587402344,213.49051386836734,210.13757262915965,211.98367663769176,49325800
2025-05-15,211.00575256347656,212.51258988469863,209.0997617101353,210.506803034962,45029500
2025-05-16,210.81614685058594,212.12340739052024,209.3292870180407,211.9138418912236,54737900
2025-05-19,208.3413543701172,209.0398806327114,203.83084657536088,207.47318710280226,46140500
2025-05-20,206.42539978027344,208.03201787298204,204.5992426766309,207.23369558110693,42496600
2025-05-21,201.6654052734375,206.60500227852873,200.28831500749223,204.73893602091724,59211800
2025-05-22,200.9369354248047,202.32401437172413,199.28041949489233,200.2883071907537,46742400
2025-05-23,194.85975646972656,197.28464391104225,193.05356158182016,193.26311186041877,78432900
2025-05-27,199.78936767578125,200.31825293342968,197.01519441683536,197.88337691051132,56288500
2025-05-28,199.99891662597656,202.30406088976383,199.48000488022652,200.16855762950956,45339700
2025-05-29,199.5299072265625,203.38179807643976,198.09293019267844,203.15228556391767,51396800
2025-05-30,200.4280242919922,201.53569281345096,196.36656797106642,198.95112277889336,70819900
2025-06-02,201.27622985839844,201.70533435611304,199.69954757512772,199.85921507319503,35423300
2025-06-03,202.84292602539062,203.34187550579085,200.53778186221837,200.92696184786135,46381600
2025-06-04,202.39389038085938,205.80670326672896,201.67540185470463,202.48369763994597,43604000
2025-06-05,200.20849609375,204.3198354061699,199.7294935749724,203.07246156364138,55126100
2025-06-06,203.49156188964844,205.26782088834017,201.62549563553227,202.57349663849442,46607700
2025-06-09,201.02676391601562,205.56720771427428,199.59977555964565,203.96058960802065,72862600
2025-06-10,202.2441864013672,203.92066462184746,200.14860765917956,200.1785434107301,54672600
2025-06-11,198.36236572265625,204.07034932786254,197.99314795828434,203.0724503091444,60989900
2025-06-12,198.78147888183594,199.26046614106752,196.94534836583952,198.66173587371065,43904600
2025-06-13,196.03726196289062,199.9490243445518,195.2888376882346,199.3103695725812,51447300
2025-06-16,198.0031280517578,198.27256505925683,196.1470352061455,196.8854859861783,43020700
2025-06-17,195.2289581298828,197.97318035709665,194.79986887227625,196.78567812068002,38856200
2025-06-18,196.16697692871094,197.15490236836843,194.66015499959357,195.52832221137376,45394700
2025-06-20,200.57769775390625,201.27622400422058,196.44639652864126,197.8235020126397,96813500
2025-06-23,201.07666015625,201.87498244787415,198.54200324907936,201.20639190632414,55814300
2025-06-24,199.87918090820312,203.0125832870988,199.77938491343542,202.16436301176623,54064000
2025-06-25,201.13653564453125,203.2421033073339,200.19850807531137,201.0267661369261,39525700
2025-06-26,200.57769775390625,202.2142514946699,199.04094000321476,201.00678701240994,50799100
2025-06-27,200.65753173828125,202.7930349784745,199.57979899649257,201.4658274879402,73188600
2025-06-30,204.7389373779297,206.95427439094752,198.84135059390303,201.58557286233471,91912800
2025-07-01,207.3833770751953,209.74839282792448,205.70689884063935,206.23578409144605,78788900
2025-07-02,211.99366760253906,212.8917706186518,207.7026988246806,208.47108532398713,67941800
2025-07-03,213.10134887695312,214.19902871499423,211.36499901814886,211.70428104663077,34955800
2025-07-07,209.50889587402344,215.77570049162512,208.36131809352125,212.23315593085263,50229000
2025-07-08,209.5687713623047,210.98578616820197,208.01205130024096,209.658593847986,42848900
2025-07-09,210.69639587402344,210.8859991217609,206.78463359109693,209.0897778625777,48749400
2025-07-10,211.96372985839844,213.03147386855414,209.58872537016995,210.06771262581316,44443600
2025-07-11,210.7163543701172,211.68431760849728,209.41908263784933,210.12759762046792,39765800
2025-07-14,208.1816864013672,210.46688365912564,207.10395364435493,209.48893166698292,38840100
2025-07-15,208.67066955566406,211.44482767792792,208.48106630115817,208.7804390594974,42296300
2025-07-16,209.71847534179688,211.95375954691573,208.2016644692293,209.8581806046168,47490500
2025-07-17,209.57875061035156,211.3550095983717,209.14964612579556,210.12759810142074,48068100
2025-07-18,210.73631286621094,211.34503189230253,209.25942654413325,210.42696659875526,48974600
2025-07-21,212.0335693359375,215.3266389893317,211.18536434566,211.65437808070223,51377400
2025-07-22,213.94955444335938,214.49840197701596,211.78411528941558,212.69220709721728,46404100
2025-07-23,213.7000732421875,214.69797228179937,211.9637386583707,214.54829351654996,46989300
2025-07-24,213.31088256835938,215.2368355364858,213.08137006420023,213.45058781785585,46022600
2025-07-25,213.43064880371094,214.7877920897316,212.95164630742312,214.24891808809048,40268800
2025-07-28,213.6002960205078,214.39861831079742,212.61237047326716,213.5803337758995,37858000
2025-07-29,210.8261260986328,214.3586818606333,210.37707459375494,213.73000061776605,51411700
2025-07-30,208.6107940673828,211.94377315400357,207.28358653790625,211.454797150492,45512500
2025-07-31,207.1339111328125,209.39913099136336,206.72476887181696,208.0519764228089,80698400
2025-08-01,201.95481872558594,213.1312852679161,201.07666267114303,210.4269720875647,104434500
2025-08-04,202.9227752685547,207.44325668811337,201.25627047720934,204.0803265791815,75109300
2025-08-05,202.49366760253906,204.90858140720596,201.73526982787092,202.97265486934364,44155100
2025-08-06,212.80197143554688,214.9275012748427,205.15806109322384,205.19798558200998,108483100
2025-08-07,219.56771850585938,220.38600300495352,216.12496995802366,218.42014073215765,90224800
2025-08-08,228.86814880371094,230.5146761138317,218.78936250198095,220.36604479784603,113854000
2025-08-11,226.95997619628906,229.33767612130436,224.54232171734583,227.6992650180531,61806100
2025-08-12,229.42758178710938,230.57647717809445,226.8500938879156,227.78917070894937,55626200
2025-08-13,233.10403442382812,234.77241529044048,230.2068337695816,230.8462285986664,69878500
2025-08-14,232.5545654296875,234.89229562265464,230.6264418350812,233.83332460758467,51916300
2025-08-15,231.36570739746094,234.0531046408583,229.11788646444978,233.77337703316005,56038700
2025-08-18,230.66639709472656,232.89423321308522,229.88715369469057,231.47561022214762,37476200
2025-08-19,230.3367156982422,232.64447617946885,229.1278960385577,231.05601964615855,39402600
2025-08-20,225.79110717773438,230.24679444121838,225.55134937034353,229.75726351111018,42263900
2025-08-21,224.68218994140625,226.30063142153253,223.56327948127884,226.05087353353895,30621200
2025-08-22,227.53941345214844,228.8681272027074,225.1916985271248,225.95095699429655,42477800
2025-08-25,226.94000244140625,229.07792927219558,226.01089520624416,226.26065308481304,30983100
2025-08-26,229.08792114257812,229.26775474756235,224.4724002828088,226.65028173376106,54575100
2025-08-27,230.26678466796875,230.676376013076,228.03893336267103,228.38860049855515,31259500
2025-08-28,232.33477783203125,233.18396075811214,229.11789497993007,230.59647266873003,38074700
2025-08-29,231.91517639160156,233.15398096397084,231.145917853049,232.28481317583598,39418400
2025-09-02,229.49752807617188,230.62643860177437,226.75019132336067,229.02798202980685,44075600
2025-09-03,238.2390594482422,238.6186963224971,234.133039090421,236.98028515930878,66427800
2025-09-04,239.5477752685547,239.66765417218173,236.51072617258424,238.21906152531412,47549400
2025-09-05,239.45787048339844,241.08629675958926,238.25903569310344,239.76756781945676,54870400
2025-09-08,237.64962768554688,239.91741830634814,236.11111057683257,239.06825064349684,48999500
2025-09-09,234.123046875,238.5487492683241,233.13400016518182,236.77047435136637,66313900
2025-09-10,226.5703582763672,232.19491077497392,225.73117543382176,231.96513778704139,83440800
2025-09-11,229.80722045898438,230.22681187017153,226.43048902665416,226.66027725307507,50208600
2025-09-12,233.84332275390625,234.28288383192944,228.79821036620638,228.9980136278554,55824200
2025-09-15,236.47076416015625,237.95932665324483,234.80238330570734,236.77047667310174,42699500
2025-09-16,237.9193572998047,240.98639147239973,236.09114297984144,236.9502954777413,63421100
2025-09-17,238.75856018066406,239.86748583209587,237.4997706474641,238.73857528095925,46508000
2025-09-18,237.64962768554688,240.9664044724694,236.4208079152849,239.737599946219,44249600
2025-09-19,245.26223754882812,246.06146581163878,239.9773675285625,240.99636870073516,163741300
2025-09-22,255.8319854736328,256.3914711896616,247.8797028858207,248.05953649140056,105517400
2025-09-23,254.18359375,257.0907792625319,253.33442606621003,255.63220171436936,60275200
2025-09-24,252.06564331054688,255.4923293909784,250.79686899703333,254.9728287261993,42303700
2025-09-25,256.6212158203125,256.9209435623003,251.466224879955,252.96477212582877,55202100
2025-09-26,255.2126007080078,257.3505275669758,253.5342198150173,253.8539172209246,46076300
2025-09-29,254.18359375,254.75304905914027,252.76497075706976,254.31347273152574,40127700
2025-09-30,254.38340759277344,255.67215158054225,252.8648753735947,254.61318058017173,37704300
2025-10-01,255.20260620117188,258.53938316103813,254.6831055272507,254.7929996074261,48713900
2025-10-02,256.8809814453125,257.9299523535748,253.9038565188199,256.33149581258533,42630200
2025-10-03,257.7701110839844,258.9889308017334,253.70406057825727,254.42336451804394,49155600
2025-10-06,256.44140625,258.819106172963,254.80299514816292,257.7401350456914,44664100
2025-10-07,256.23162841796875,257.15072039039774,255.18262697514498,256.56129542181253,31955800
2025-10-08,257.8100891113281,258.2696351050741,255.8619653198879,256.2715719294531,36496900
2025-10-09,253.79396057128906,257.75013209688524,252.8948383011137,257.5603136690899,38322000
2025-10-10,245.032470703125,256.13171175032437,243.76369637579657,254.69310389004832,61999100
2025-10-13,247.42015075683594,249.44818352992385,245.32217845998096,249.13848619669534,38142900
2025-10-14,247.53004455566406,248.60900042906025,244.46301046499008,246.36117950382103,35478000
2025-10-15,249.09852600097656,251.5761352503302,247.2303418581919,249.24838988167792,33893600
2025-10-16,247.21035766601562,248.79881419551728,244.8926123625184,248.00958596667436,39777000
2025-10-17,252.045654296875,253.13461023404025,247.03052706557392,247.77980070207627,49147000
2025-10-20,261.98602294921875,264.1239650925819,255.3824390623343,255.64218177653177,90483000
2025-10-21,262.5155029296875,265.03308188579996,261.5764108568555,261.6263807259345,46695900
2025-10-22,258.19970703125,262.5954395959732,255.18261234613632,262.3956210979312,45015300
2025-10-23,259.3285827636719,260.36758405794774,257.76012648314656,259.68824995662277,32754900
2025-10-24,262.56549072265625,263.87421967110856,258.9290010880386,260.93706434715574,38253700
2025-10-27,268.5496520996094,268.8593494221352,264.3936774471076,264.6234656652487,44888200
2025-10-28,268.7394714355469,269.6286240979669,267.8902885694659,268.7294713644567,41534800
2025-10-29,269.4388122558594,271.1471476128123,266.85129379808274,269.01920560410514,51086700
2025-10-30,271.13714599609375,273.87451306817263,268.2199910571769,271.72657092903916,69886500
2025-10-31,270.108154296875,277.05143573891627,268.89933466249033,276.721738255342,86167100
2025-11-03,268.7894287109375,270.5877038096653,265.9921525413924,270.15812755648943,50194600
2025-11-04,269.7784729003906,271.22705027239556,267.36080327265466,268.0701070960229,49274800
2025-11-05,269.8783874511719,271.43687417180433,266.67147434431234,268.3498399683747,43683100
2025-11-06,269.50872802734375,273.1352174017799,267.6305743388968,267.6305743388968,51204000
2025-11-07,268.2099914550781,272.02629915101613,266.51162568814635,269.5386899523433,48227400
2025-11-10,269.42999267578125,273.7300109863281,267.4599914550781,268.9599914550781,41312400
2025-11-11,275.25,275.9100036621094,269.79998779296875,269.80999755859375,46208300
2025-11-12,273.4700012207031,275.7300109863281,271.70001220703125,275.0,48398000
2025-11-13,272.95001220703125,276.70001220703125,272.0899963378906,274.1099853515625,49602800
2025-11-14,272.4100036621094,275.9599914550781,269.6000061035156,271.04998779296875,47431300
2025-11-17,267.4599914550781,270.489990234375,265.7300109863281,268.82000732421875,45018300
2025-11-18,267.44000244140625,270.7099914550781,265.32000732421875,269.989990234375,45677300
2025-11-19,268.55999755859375,272.2099914550781,265.5,265.5299987792969,40424500
2025-11-20,266.25,275.42999267578125,265.9200134277344,270.8299865722656,45823600
2025-11-21,271.489990234375,273.3299865722656,265.6700134277344,265.95001220703125,59030800
2025-11-24,275.9200134277344,277.0,270.8999938964844,270.8999938964844,65585800
2025-11-25,276.9700012207031,280.3800048828125,275.25,275.2699890136719,46914200
2025-11-26,277.54998779296875,279.5299987792969,276.6300048828125,276.9599914550781,33431400
2025-11-28,278.8500061035156,279.0,275.989990234375,277.260009765625,20135600
2025-12-01,283.1000061035156,283.4200134277344,276.1400146484375,278.010009765625,46587700
2025-12-02,286.19000244140625,287.3999938964844,282.6300048828125,283.0,53669500
2025-12-03,284.1499938964844,288.6199951171875,283.29998779296875,286.20001220703125,43538700
2025-12-04,280.70001220703125,284.7300109863281,278.5899963378906,284.1000061035156,43989100
2025-12-05,278.7799987792969,281.1400146484375,278.04998779296875,280.5400085449219,47265800
2025-12-08,277.8900146484375,279.6700134277344,276.1499938964844,278.1300048828125,38211800
2025-12-09,277.17999267578125,280.0299987792969,276.9200134277344,278.1600036621094,32193300
2025-12-10,278.7799987792969,279.75,276.44000244140625,277.75,33038300
2025-12-11,278.0299987792969,279.5899963378906,273.80999755859375,279.1000061035156,33248000
2025-12-12,278.2799987792969,279.2200012207031,276.82000732421875,277.8999938964844,39532900
2025-12-15,274.1099853515625,280.1499938964844,272.8399963378906,280.1499938964844,50409100
2025-12-16,274.6099853515625,275.5,271.7900085449219,272.82000732421875,37648600
2025-12-17,271.8399963378906,276.1600036621094,271.6400146484375,275.010009765625,50138700
2025-12-18,272.19000244140625,273.6300048828125,266.95001220703125,273.6099853515625,51630700
2025-12-19,273.6700134277344,274.6000061035156,269.8999938964844,272.1499938964844,144632000
2025-12-22,270.9700012207031,273.8800048828125,270.510009765625,272.8599853515625,36571800
2025-12-23,272.3599853515625,272.5,269.55999755859375,270.8399963378906,29642000
2025-12-24,273.80999755859375,275.42999267578125,272.20001220703125,272.3399963378906,17910600
2025-12-26,273.3999938964844,275.3699951171875,272.8599853515625,274.1600036621094,21521800
2025-12-29,273.760009765625,274.3599853515625,272.3500061035156,272.69000244140625,23715200
2025-12-30,273.0799865722656,274.0799865722656,272.2799987792969,272.80999755859375,22139600
2025-12-31,271.8599853515625,273.67999267578125,271.75,273.05999755859375,27293600
2026-01-02,271.010009765625,277.8399963378906,269.0,272.260009765625,37838100
2026-01-05,267.260009765625,271.510009765625,266.1400146484375,270.6400146484375,45647200
2026-01-06,262.3599853515625,267.54998779296875,262.1199951171875,267.0,52352100
2026-01-07,260.3299865722656,263.67999267578125,259.80999755859375,263.20001220703125,48309800
2026-01-08,259.0400085449219,259.2900085449219,255.6999969482422,257.0199890136719,50419300
2026-01-09,259.3699951171875,260.2099914550781,256.2200012207031,259.0799865722656,39997000
2026-01-12,260.25,261.29998779296875,256.79998779296875,259.1600036621094,45263800
2026-01-13,261.04998779296875,261.80999755859375,258.3900146484375,258.7200012207031,45730800
2026-01-14,259.9599914550781,261.82000732421875,256.7099914550781,259.489990234375,40019400
2026-01-15,258.2099914550781,261.0400085449219,257.04998779296875,260.6499938964844,39388600
2026-01-16,255.52999877929688,258.8999938964844,254.92999267578125,257.8999938964844,72142800
2026-01-20,246.6999969482422,254.7899932861328,243.4199981689453,252.72999572753906,80267500
2026-01-21,247.64999389648438,251.55999755859375,245.17999267578125,248.6999969482422,54641700
2026-01-22,248.35000610351562,251.0,248.14999389648438,249.1999969482422,39708300
2026-01-23,248.0399932861328,249.41000366210938,244.67999267578125,247.32000732421875,41689000
2026-01-26,255.41000366210938,256.55999755859375,249.8000030517578,251.47999572753906,55969200
2026-01-27,258.2699890136719,261.95001220703125,258.2099914550781,259.1700134277344,49648300
2026-01-28,256.44000244140625,258.8599853515625,254.50999450683594,257.6499938964844,41288000
2026-01-29,258.2799987792969,259.6499938964844,254.41000366210938,258.0,67253000
2026-01-30,259.4800109863281,261.8999938964844,252.17999267578125,255.1699981689453,92443400
2026-02-02,270.010009765625,270.489990234375,259.2099914550781,260.0299987792969,73913400
2026-02-03,269.4800109863281,271.8800048828125,267.6099853515625,269.20001220703125,64394700
2026-02-04,276.489990234375,278.95001220703125,272.2900085449219,272.2900085449219,90545700
2026-02-05,275.9100036621094,279.5,273.2300109863281,278.1300048828125,52977400
2026-02-06,278.1199951171875,280.9100036621094,276.92999267578125,277.1199951171875,50420700
