Date,Close,High,Low,Open,Volume
2014-01-02,17.15670394897461,17.27767244413937,17.122274989377967,17.2357991165468,234684800
2014-01-03,16.779842376708984,17.17438394218297,16.762781952557027,17.14833031065933,392467600
2014-01-06,16.87134552001953,16.960364867656878,16.550934509082335,16.67035252525637,412610800
2014-01-07,16.750688552856445,16.93431135449659,16.684931615636376,16.883443155480222,317209200
2014-01-08,16.856760025024414,16.92189573781373,16.70880698915324,16.712527515358698,258529600
2014-01-09,16.64150619506836,16.962226977500755,16.60521530968146,16.96036505696146,279148800
2014-01-10,16.53046226501465,16.774259537953082,16.473700197037694,16.744172295769417,304976000
2014-01-13,16.617000579833984,16.826988410791607,16.435547836448453,16.43647879657939,378492800
2014-01-14,16.947647094726562,16.958192454474307,16.67686359228787,16.6942337842946,332561600
2014-01-15,17.287906646728516,17.375996671088593,17.11110706231483,17.16880008139063,391638800
2014-01-16,17.191444396972656,17.272090060716135,17.111728036847616,17.211605812908527,229278000
2014-01-17,16.770227432250977,17.123826653620345,16.746343830762626,17.105527156766286,426739600
2014-01-21,17.030771255493164,17.061787793604,16.76246925566749,16.780149212474637,328526800
2014-01-22,17.106456756591797,17.28573615267471,16.991691902719655,17.087845836812154,379985200
2014-01-23,17.251298904418945,17.26122472353218,16.89863084073907,17.05775040124644,403239200
2014-01-24,16.937711715698242,17.23392749027438,16.896767714780005,17.18367886285787,429354800
2014-01-27,17.075124740600586,17.20850049556836,16.927792868393958,17.061788159011268,554878800
2014-01-28,15.710357666015625,15.974004878162036,15.572948299884127,15.780456304327238,1065523200
2014-01-29,15.532004356384277,15.737340652071461,15.465937676157328,15.631260917137444,502810000
2014-01-30,15.501921653747559,15.710360657895494,15.406388904735277,15.587530234645321,678501600
2014-01-31,15.527350425720215,15.556196929521722,15.308677560564066,15.359235970034938,464797200
2014-02-03,15.556205749511719,15.748515331719204,15.487038042543396,15.589705415133091,401464000
2014-02-04,15.781378746032715,15.802161342480167,15.594343660564405,15.690187774055012,376681200
2014-02-05,15.899251937866211,15.982688808529474,15.702600730498213,15.712216784702193,328344800
2014-02-06,15.991927146911621,16.022819390821603,15.845271476529607,15.9154797583384,257765200
2014-02-07,16.215652465820312,16.31706294100885,16.14388607810411,16.26869820152324,370280400
2014-02-10,16.50615692138672,16.599766862648554,16.1632343140829,16.18382803456059,345559200
2014-02-11,16.723642349243164,16.77949435293334,16.52206787524951,16.55670458299209,282256800
2014-02-12,16.72239112854004,16.83597152443737,16.638768107815782,16.754531524321486,308100800
2014-02-13,16.987934112548828,17.00103890398612,16.668724789788442,16.683077735954438,307398000
2014-02-14,16.97420310974121,17.036299225438906,16.887460520298276,16.92677489545701,272924400
2014-02-18,17.036611557006836,17.19886668270596,17.024753253120764,17.03692317910165,260251600
2014-02-19,16.76763343811035,17.064687499844325,16.67340028681878,16.997912077098967,313768000
2014-02-20,16.573556900024414,16.75609579973719,16.50646982578933,16.63097035743962,305858000
2014-02-21,16.389453887939453,16.68026722911539,16.36917179333646,16.624725185477416,278784800
2014-02-24,16.461223602294922,16.53517635689785,16.301153166580406,16.3239315748608,288909600
2014-02-25,16.289918899536133,16.524253699371606,16.256843632633363,16.518326214266146,231952000
2014-02-26,16.142948150634766,16.381652274243102,16.088342643053956,16.338280156756355,276217200
2014-02-27,16.4649600982666,16.499595123554798,16.102378843349076,16.136390624821942,301882000
2014-02-28,16.42035484313965,16.623487518993482,16.291796524137375,16.508970529365556,371968800
2014-03-03,16.467775344848633,16.557952432568133,16.313319127798376,16.332353069032294,238781200
2014-03-04,16.576358795166016,16.620044199572654,16.468084316206763,16.568871535124092,259140000
2014-03-05,16.611305236816406,16.685879538213534,16.51051802931714,16.566373349516216,200062800
2014-03-06,16.561077117919922,16.676217333570087,16.478388932251686,16.6247313564559,185488800
2014-03-07,16.551401138305664,16.599454260869706,16.41441907671991,16.571683235501077,220729600
2014-03-10,16.56637191772461,16.64157112297136,16.48586680746732,16.486491717762217,178584000
2014-03-11,16.727693557739258,16.810381703434317,16.61848254773782,16.707724753832288,279224400
2014-03-12,16.743921279907227,16.767011305382912,16.600075220506156,16.67839566705146,199326400
2014-03-13,16.557954788208008,16.83909457235564,16.51146143888421,16.769824481148056,257742800
2014-03-14,16.371986389160156,16.56544540201833,16.31925226052169,16.499918102087165,237199200
2014-03-17,16.43595314025879,16.536738739047113,16.408182108449804,16.46590885989865,199544800
2014-03-18,16.581350326538086,16.59913610913152,16.387891404694468,16.409733272252993,209647200
2014-03-19,16.576984405517578,16.732375470255672,16.506464511497473,16.608188267125556,224756000
2014-03-20,16.497106552124023,16.620983817438457,16.45498258273303,16.534237902941733,208398400
2014-03-21,16.627220153808594,16.654679551386373,16.42315273612564,16.597889357791693,374046400
2014-03-24,16.824434280395508,16.86531011034095,16.69556434859353,16.800407711185457,355700800
2014-03-25,17.005407333374023,17.029122274224953,16.836909770710818,16.89650957814062,282293200
2014-03-26,16.842830657958984,17.13052436145744,16.814124778495447,17.053140469396123,299768000
2014-03-27,16.770444869995117,16.89650681590267,16.69743032684871,16.850325096532217,222031600
2014-03-28,16.75172233581543,16.81662470658658,16.670282333711107,16.797279144096986,200564000
2014-03-31,16.747976303100586,16.874973088952586,16.722699928291796,16.82567182651073,168669200
2014-04-01,16.901187896728516,16.9080535808305,16.748916355344306,16.779806934518696,200760000
2014-04-02,16.929271697998047,16.95829088030359,16.857816919194818,16.923967456739373,180420800
2014-04-03,16.811946868896484,16.927710298502905,16.776063671889013,16.893075256167734,162344000
2014-04-04,16.594459533691406,16.84970132963191,16.555768405588445,16.843773844807107,275251200
2014-04-07,16.333908081054688,16.56574815002488,16.284608487883027,16.475882710565436,289850400
2014-04-08,16.332979202270508,16.4166039011416,16.185075369256605,16.38758472083509,243888400
2014-04-09,16.54766082763672,16.552965069817056,16.288674495806774,16.30802006522918,206169600
2014-04-10,16.334228515625,16.60756774990634,16.324554899360585,16.558889712921015,239652000
2014-04-11,16.213462829589844,16.313936731253033,16.136390566608693,16.19442723045398,271717600
2014-04-14,16.278057098388672,16.293033283865704,16.13857876877457,16.28492111396449,205674000
2014-04-15,16.161983489990234,16.276810376935348,15.955106453840779,16.23406316618569,266490000
2014-04-16,16.194747924804688,16.259650298838192,16.042788015550027,16.164792213822423,214765600
2014-04-17,16.379785537719727,16.467779627572707,16.200679470313684,16.22564256905616,284334400
2014-04-21,16.57417869567871,16.60444436245952,16.3492025727989,16.392263074374505,182548800
2014-04-22,16.59071922302246,16.594775309675878,16.428462425458893,16.48493934935819,202563200
2014-04-23,16.373851776123047,16.572928246224723,16.364489784468464,16.50833750280508,394940000
2014-04-24,17.716211318969727,17.78579468121169,17.496541130395673,17.72994101821083,759911600
2014-04-25,17.846330642700195,17.84788875287466,17.597329638968727,17.615113758521552,390275200
2014-04-28,18.5374813079834,18.58927889301501,17.86536419008518,17.87316640650953,669485600
2014-04-29,18.482559204101562,18.59645121314522,18.394566816164886,18.52655623128381,337377600
2014-04-30,18.412673950195312,18.704112331950792,18.403625242376982,18.492242587563574,456640800
2014-05-01,18.456039428710938,18.559632921844322,18.296278981727944,18.47226377117288,244048000
2014-05-02,18.490360260009766,18.540911349176916,18.400808093180906,18.48287299962974,191514400
2014-05-05,18.751848220825195,18.753098042083103,18.409862129666955,18.414231504784595,287067200
2014-05-06,18.547466278076172,18.859496605571632,18.547466278076172,18.778056598441772,374564400
2014-05-07,18.482559204101562,18.637327021029215,18.339024777077533,18.573672811336486,282864400
2014-05-08,18.44961166381836,18.651055144106707,18.39972167533847,18.457769142789207,230297200
2014-05-09,18.372739791870117,18.395017018673684,18.20926174628198,18.341361645947387,291597600
2014-05-12,18.601476669311523,18.627519267521418,18.431096309425342,18.433921598697708,213208800
2014-05-13,18.630666732788086,18.65514085678257,18.534653764052187,18.575442853552335,159737200
2014-05-14,18.634113311767578,18.744876076284577,18.567279953160185,18.588930455710333,166404000
2014-05-15,18.475656509399414,18.71977261630597,18.451182393778073,18.660156653461407,230846000
2014-05-16,18.748327255249023,18.748953980294893,18.36834587082113,18.469694348826906,276256400
2014-05-19,18.970487594604492,19.056461236848456,18.74268634910626,18.75900299182197,317755200
2014-05-20,18.9742488861084,19.027275868840793,18.849366353522473,18.967973255646612,234836000
2014-05-21,19.024450302124023,19.036686523467225,18.89109693889881,18.946634168117697,196859600
2014-05-22,19.054576873779297,19.135531682758053,18.955111884300035,19.03355476492733,200760000
2014-05-23,19.269817352294922,19.288644237634763,19.029466647862925,19.053940760937103,232209600
2014-05-27,19.63066291809082,19.6378786356464,19.316888127238197,19.324732245649173,348866000
2014-05-28,19.57982635498047,19.76244295027114,19.57260896345825,19.642894325105907,315481600
2014-05-29,19.93659019470215,19.98334321430994,19.69780794466656,19.700318196400342,376474000
2014-05-30,19.861915588378906,20.212400739726124,19.733267682042026,20.01817459204046,564020800
2014-06-02,19.725419998168945,19.91933274823033,19.532449011407426,19.89203501841734,369350800
2014-06-03,20.004371643066406,20.04202543098283,19.712875690158114,19.71946468410949,292709200
2014-06-04,20.2327880859375,20.32911771508873,19.959490781459753,20.001223287059165,335482000
2014-06-05,20.312177658081055,20.375560676008615,20.163449433325802,20.27609404648434,303805600
2014-06-06,20.256332397460938,20.434872017714333,20.221818938056945,20.392197723813474,349938400
2014-06-09,20.580453872680664,20.619989498063713,20.15215266081046,20.360811881827143,301660000
2014-06-10,20.701257705688477,20.876971969240472,20.5519010843899,20.806686598966756,251108000
2014-06-11,20.6156005859375,20.81327874344443,20.529940330307106,20.674903195321747,182724000
2014-06-12,20.270763397216797,20.67270871919958,20.18510313853007,20.65513695440853,218996000
2014-06-13,20.048927307128906,20.303712905383197,19.9610701464986,20.250997603563437,218100000
2014-06-16,20.25098991394043,20.371793673402987,20.086258428710757,20.09943808702915,142244000
2014-06-17,20.224639892578125,20.360816887918332,20.16314038813599,20.2751566244831,118904000
2014-06-18,20.246599197387695,20.27075995093383,20.064295939079734,20.266366172615204,134056000
2014-06-19,20.17630958557129,20.27295257944494,20.06209483358696,20.270755690747333,142112000
2014-06-20,19.967655181884766,20.32786793066777,19.965458292661502,20.174117524013496,403592000
2014-06-23,19.950084686279297,20.123602079753798,19.89956628534952,20.05770880475593,174776000
2014-06-24,19.829280853271484,20.149957994199475,19.8095138762674,19.932512868476607,156144000
2014-06-25,19.846851348876953,19.921528824880696,19.69090572922018,19.813904713572455,147476000
2014-06-26,19.965457916259766,19.998404551045656,19.72385205405566,19.84904792565368,130516000
2014-06-27,20.202674865722656,20.207066969044384,19.936906532025834,19.947889303933735,256116000
2014-06-30,20.411331176757812,20.587045447480097,20.226831024925865,20.229027914137152,197929200
2014-07-01,20.54092025756836,20.661724034654615,20.455260006811038,20.54092025756836,152892000
2014-07-02,20.532140731811523,20.65953185445249,20.446478785792877,20.61780100209422,113860000
2014-07-03,20.65294075012207,20.668315625890436,20.470637454771612,20.573869481674542,91567200
2014-07-07,21.079044342041016,21.08343644499535,20.66831317278437,20.677099054428616,225872000
2014-07-08,20.94286346435547,21.261345356102726,20.62877535083115,21.144933693490376,260888000
2014-07-09,20.95165252685547,21.074651524010477,20.813278655056084,20.962635298345305,145744000
2014-07-10,20.874774932861328,20.9867928169789,20.540918169614752,20.593633453749725,158744000
2014-07-11,20.914308547973633,21.061468264968607,20.835237305106286,20.945058289562574,136072000
2014-07-14,21.184476852416992,21.281119898864986,21.008764202926823,21.054888836258094,171240000
2014-07-15,20.936283111572266,21.272335227668304,20.87258670694014,21.261354129050684,181911600
2014-07-16,20.817665100097656,21.32723439004503,20.808879220440865,21.298681537961865,213585200
2014-07-17,20.446474075317383,20.927490617423192,20.332260966498282,20.872580114469947,229192000
2014-07-18,20.740798950195312,20.80888744979359,20.431102853824054,20.56288942505872,199952000
2014-07-21,20.6331729888916,20.865993006199027,20.58485147381216,20.863796116676582,156316000
2014-07-22,20.804487228393555,20.841825960330777,20.672702384315876,20.79570134869035,220788000
2014-07-23,21.347002029418945,21.49855383806493,20.903324344261407,20.958234832720056,371672000
2014-07-24,21.311861038208008,21.37555741345717,21.177879296431378,21.314057927212552,182916000
2014-07-25,21.45243263244629,21.489771368345828,21.226201652220944,21.27232626875603,173876000
2014-07-28,21.748958587646484,21.797280114615948,21.426086129301325,21.485388755113583,221272000
2014-07-29,21.608373641967773,21.84119523989356,21.579820792783917,21.817034492224515,172572000
2014-07-30,21.557870864868164,21.67867300554312,21.45244192729704,21.621567270272536,132040000
2014-07-31,20.997774124145508,21.404111474664653,20.93847152356105,21.340416771558733,227372000
2014-08-01,21.114187240600586,21.221813039281454,20.82425983489619,20.844028488510585,194044000
2014-08-04,20.995576858520508,21.213023633480205,20.903327625605392,21.166899017022647,159832000
2014-08-05,20.892351150512695,21.015350154925475,20.7254227332841,20.945064770155923,223732000
2014-08-06,20.857206344604492,20.97142113520433,20.80229583874494,20.811081720770748,154232000
2014-08-07,20.854999542236328,21.179477893046858,20.771119341394648,20.954329409045755,186844000
2014-08-08,20.91238784790039,20.9300470135884,20.590115652412535,20.806436221913806,167460000
2014-08-11,21.188302993774414,21.20816997337562,20.934457996213244,21.02937389324671,146340000
2014-08-12,21.183895111083984,21.38476267660794,21.104430538065216,21.199346462278132,135180000
2014-08-13,21.464221954345703,21.464221954345703,21.19934123234391,21.223622161668974,127664000
2014-08-14,21.52161407470703,21.537065422577328,21.367100596004047,21.48408961331782,112464000
2014-08-15,21.6275691986084,21.673923246122886,21.38034592779372,21.609910032677902,195804000
2014-08-18,21.888036727905273,21.934390776957414,21.627569916037896,21.740143313419892,190288000
2014-08-19,22.190441131591797,22.223551646563276,21.92335256321115,21.943219545822338,277596000
2014-08-20,22.199270248413086,22.314051455957358,22.062414241970828,22.170575367544696,210796000
2014-08-21,22.201473236083984,22.280937779434453,22.09772776648363,22.199265419860264,133912000
2014-08-22,22.364824295043945,22.39793481399751,22.11539486252623,22.137467980471623,176736000
2014-08-25,22.413389205932617,22.552451383519873,22.35599774423118,22.46857285031868,161080000
2014-08-26,22.2699031829834,22.40455136036741,22.26328141754985,22.386892196497573,132608000
2014-08-27,22.543611526489258,22.640735235257765,22.227961157062023,22.29859612232901,209476000
2014-08-28,22.57010269165039,22.68709170754457,22.417795347298032,22.424417112866294,273840000
2014-08-29,22.62528419494629,22.713578323740656,22.559063177332906,22.704748742454175,178380000
2014-09-02,22.801877975463867,22.899000024998575,22.673851541905794,22.748900474913107,214256000
2014-09-03,21.839468002319336,22.77979558900195,21.7600034620264,22.757722479825087,501684000
2014-09-04,21.65847396850586,22.093319603658138,21.58563116512848,21.819609241839064,342872000
2014-09-05,21.846099853515625,21.938807965306108,21.70041423435539,21.80857538218201,233828000
2014-09-08,21.711454391479492,21.921151578199865,21.64302720753161,21.918945444832772,185426800
2014-09-09,21.629779815673828,22.753319640895015,21.22142120227532,21.87038137016479,759385200
2014-09-10,22.294187545776367,22.318468478819213,21.579008139610103,21.63419177214915,403478400
2014-09-11,22.38910484313965,22.391312660117322,21.989575857797483,22.16395634947353,249412400
2014-09-12,22.439870834350586,22.55685985384064,22.31184441586045,22.340539295561765,250504400
2014-09-15,22.433250427246094,22.746694750213717,22.391312010312866,22.693717248712478,245266000
2014-09-16,22.263282775878906,22.351576916544527,21.82843552245901,22.029304734575067,267632400
2014-09-17,22.422218322753906,22.47078019825064,22.203689883018598,22.353789459976166,243706000
2014-09-18,22.468564987182617,22.592175768445593,22.41779531112356,22.49946768249836,149197600
2014-09-19,22.285362243652344,22.5921831647862,22.1838245423629,22.578939629335313,283609600
2014-09-22,22.307430267333984,22.545823955409002,22.20147863979226,22.47077502623951,211153600
2014-09-23,22.656187057495117,22.722408075605625,22.192644982932904,22.20588851292683,253608800
2014-09-24,22.459735870361328,22.70254348890246,22.33833121905545,22.550237825711278,240687200
2014-09-25,21.60328483581543,22.2301699701603,21.57017432597147,22.186023746415348,400368000
2014-09-26,22.239004135131836,22.239004135131836,21.720278320903226,21.748973203844347,249482000
2014-09-29,22.097726821899414,22.170569597535348,21.771039081637518,21.77545471389621,199065200
2014-09-30,22.239004135131836,22.413384617783652,22.190442268561604,22.252247668170686,221056400
2014-10-01,21.892454147338867,22.22576381086066,21.786500815518913,22.203689007181154,205965200
2014-10-02,22.051376342773438,22.122011313667944,21.64081004817708,21.912312533399174,191031200
2014-10-03,21.98957633972168,22.119808915053014,21.861549897345448,21.949844053607364,173878400
2014-10-06,21.98957633972168,22.21693265534822,21.945428419555242,22.062417460872126,148204800
2014-10-07,21.79753875732422,22.09994572407118,21.79312480692162,21.94763833207927,168376800
2014-10-08,22.25004768371582,22.31847486875276,21.700417333732926,21.799748911185024,229618800
2014-10-09,22.298601150512695,22.598800241607844,22.208100870265177,22.41338404749832,309506000
2014-10-10,22.234588623046875,22.521542484506288,22.13967271343959,22.225759040284487,265326400
2014-10-13,22.03150749206543,22.466354678869735,22.03150749206543,22.367024838381717,214333600
2014-10-14,21.79753875732422,22.188238204692052,21.757806467416376,22.15954331689738,254754400
2014-10-15,21.53044891357422,21.885831685428176,21.009515223803362,21.625364840542748,403734400
2014-10-16,21.247901916503906,21.570174061284842,21.06027794178445,21.091180634840807,288618000
2014-10-17,21.559141159057617,21.85271848838156,21.369309328372275,21.52161669310305,272718800
2014-10-20,22.02048110961914,22.06462734986014,21.68054967073588,21.702622790856378,310069200
2014-10-21,22.618671417236328,22.740074419004866,22.353788925605592,22.740074419004866,378495600
2014-10-22,22.733449935913086,22.980673228423367,22.647363599535673,22.70033941790541,273052400
2014-10-23,23.139606475830078,23.18816835298693,22.874723968812106,22.974055540470545,284298800
2014-10-24,23.225688934326172,23.285286520074337,23.073381560422874,23.216859350498495,188215600
2014-10-27,23.201400756835938,23.283073118692382,23.110898813908225,23.144009321907888,136750800
2014-10-28,23.561203002929688,23.561203002929688,23.254382144311595,23.265419544319187,192243600
2014-10-29,23.693645477294922,23.7002689283275,23.477326564217243,23.54133978496458,210751600
2014-10-30,23.61418342590332,23.69585413341679,23.375789702417013,23.609767791725236,162619200
2014-10-31,23.83932876586914,23.848158348982032,23.664948288548825,23.841536582665057,178557200
2014-11-03,24.148361206054688,24.347022646912006,23.841540302313785,23.88789435783532,209130400
2014-11-04,23.971773147583008,24.168226773456894,23.777527338873732,24.13953188660119,166297600
2014-11-05,24.029151916503906,24.126275611606825,23.868015029998624,24.082127711982693,149743600
2014-11-06,24.09788703918457,24.11784017163727,23.898365862898217,24.07571820752758,139874000
2014-11-07,24.166608810424805,24.235332685151086,24.064630847763066,24.108968504094893,134766000
2014-11-10,24.126710891723633,24.237556754471928,24.091239403784833,24.16883116943391,108782000
2014-11-11,24.319570541381836,24.33065579916067,24.03137244423372,24.097878916788115,109769200
2014-11-12,24.663198471069336,24.703103039621276,24.246418737261582,24.24863443618936,187769600
2014-11-13,25.01125717163086,25.150922331755662,24.74079303084688,24.785132385042118,238091600
2014-11-14,25.312763214111328,25.314980605119914,24.6543384685837,25.08442099006613,176254400
2014-11-17,25.270627975463867,25.999993628006372,25.117661903649505,25.332701360127423,186986800
2014-11-18,25.598739624023438,25.647512066269993,25.248466349137583,25.259551610147568,176896000
2014-11-19,25.421382904052734,25.658592918735657,25.228512237340983,25.592086433838674,167476800
2014-11-20,25.784955978393555,25.906887065791377,25.461286363469373,25.474589012968387,173582000
2014-11-21,25.82042694091797,26.064287419483122,25.722882072942674,26.050986461622156,228717200
2014-11-24,26.29928207397461,26.330318772312243,25.85368303725294,25.904671173933387,189803200
2014-11-25,26.070941925048828,26.54757938803562,26.03768783388727,26.396828973960105,275361600
2014-11-26,26.38130760192871,26.403476429706124,26.121928765049386,26.146314983016484,163073200
2014-11-28,26.365787506103516,26.469982850262852,26.170699466668246,26.441161853826337,99257600
2014-12-01,25.51006317138672,26.436734520341684,24.66763405729188,26.33918963370219,335256000
2014-12-02,25.412521362304688,25.66081669865049,24.995741535834494,25.162010326538493,237395600
2014-12-03,25.700716018676758,25.793826116494518,25.518928912348787,25.660811449415824,172253600
2014-12-04,25.603168487548828,25.98226101056499,25.558830833573975,25.665241879662855,168178000
2014-12-05,25.494544982910156,25.733972419983626,25.414735837219,25.71401928787413,153275600
2014-12-08,24.918142318725586,25.416948541643865,24.74522309873361,25.295017455047937,230659600
2014-12-09,25.29945945739746,25.339364034277175,24.241989015771903,24.42821093833508,240832000
2014-12-10,24.818382263183594,25.46128845697611,24.727489556227916,25.363745270410657,178261200
2014-12-11,24.745223999023438,25.228511891355673,24.683148912715097,24.887106527839034,165606800
2014-12-12,24.32622718811035,24.800647216747997,24.292973100026312,24.48806115668047,224112400
2014-12-15,23.99368667602539,24.74078641208349,23.57690531495643,24.541263600015686,268872400
2014-12-16,23.66558265686035,24.42155196389404,23.556954226446088,23.58134044224543,243162800
2014-12-17,24.255285263061523,24.350611052870573,23.681102985790304,23.74761116014927,213647200
2014-12-18,24.973567962646484,24.973567962646484,24.532401995285596,24.80064872374992,236024800
2014-12-19,24.780691146850586,25.104360736957098,24.754089232638503,24.887103877817854,353719200
2014-12-22,25.037858963012695,25.159788372590835,24.822817762083776,24.864939722662147,180670000
2014-12-23,24.94917869567871,25.124315303559456,24.931442957605782,25.102146476654834,104113600
2014-12-24,24.83169174194336,24.986875280087663,24.83169174194336,24.95805596339621,57918400
2014-12-26,25.270627975463867,25.388124266630292,24.831679503129955,24.851630937612008,134884000
2014-12-29,25.25289535522461,25.443548608285294,25.20633862272802,25.226291749708412,110395600
2014-12-30,24.94474220275879,25.255110832232706,24.85384951127864,25.193037444612514,119526000
2014-12-31,24.47032928466797,25.079981460852935,24.43264210152434,25.011257574958858,165613600
2015-01-02,24.237548828125,24.705318351259162,23.798598610986176,24.694233092060063,212818400
2015-01-05,23.554746627807617,24.0868071252046,23.368526383974206,24.00699796602637,257142000
2015-01-06,23.55695915222168,23.816338020280458,23.19560061965636,23.61903255400942,263188400
2015-01-07,23.88727569580078,23.987036263456744,23.654498782772745,23.76534460966741,160423600
2015-01-08,24.805084228515625,24.862724544218292,24.097887162827078,24.215385184821525,237458000
2015-01-09,24.83169174194336,25.106589020102,24.432645941895565,24.978007407711743,214798000
2015-01-12,24.219816207885742,24.969133482585438,24.120055627743543,24.962483002759065,198603200
2015-01-13,24.434852600097656,25.006817431812447,24.144437095686346,24.703099278993438,268367600
2015-01-14,24.34174919128418,24.49471531323738,24.053549306454705,24.173263026705097,195826400
2015-01-15,23.681102752685547,24.399383248375585,23.645632967050208,24.38608229018397,240056000
2015-01-16,23.497098922729492,23.849589546937747,23.321962305734257,23.72765845555715,314053200
2015-01-20,24.10231590270996,24.157738813931655,23.610160180441635,23.907226172730866,199599600
2015-01-21,24.28632354736328,24.62107675709558,24.00255678407537,24.153307189951693,194303600
2015-01-22,24.918142318725586,24.933660666894788,24.324008616661335,24.443722313126493,215185600
2015-01-23,25.046730041503906,25.217431913328245,24.725276048443966,24.895979611641817,185859200
2015-01-26,25.073326110839844,25.35265807271684,25.006819628451208,25.215208636250004,222460000
2015-01-27,24.19542694091797,24.93587794352709,24.17104072370978,24.922575294176113,382274800
2015-01-28,25.563268661499023,26.18622347098334,25.563268661499023,26.07759332327218,585908400
2015-01-29,26.35914421081543,26.423435008591323,25.61869303244263,25.78717920277347,337745600
2015-01-30,25.973392486572266,26.602995911280225,25.904666930334532,26.248289637404408,334982000
2015-02-02,26.29928207397461,26.41899577815114,25.73396933307641,26.17070219145008,250956400
2015-02-03,26.3037166595459,26.40125984300976,26.07315712262307,26.270462571181156,207662800
2015-02-04,26.50545883178711,26.7160669593945,26.228344209703778,26.27046617349994,280598800
2015-02-05,26.69463348388672,26.7591779894096,26.541062015640957,26.71243751799283,168984800
2015-02-06,26.469844818115234,26.763632651229667,26.363012106960742,26.71244158799873,174826400
2015-02-09,26.64566993713379,26.672376838687786,26.35855885909115,26.385267458693313,155559200
2015-02-10,27.157577514648438,27.1865122612424,26.743605174485186,26.74582961803202,248034000
2015-02-11,27.79412269592285,27.803025565706395,27.26441467916801,27.32450692764593,294247200
2015-02-12,28.14576530456543,28.37278413320833,27.947681213757246,28.05673834623582,297898000
2015-02-13,28.283763885498047,28.328276526199947,27.96549358013913,28.328276526199947,217088800
2015-02-17,28.450687408447266,28.684383005533768,28.248150997899188,28.375013885390867,252609600
2015-02-18,28.648775100708008,28.662128554300637,28.36611454730817,28.406176606134583,179566800
2015-02-19,28.588680267333984,28.717769308178198,28.56197336098585,28.595356993921015,149449600
2015-02-20,28.822376251220703,28.822376251220703,28.49965534307122,28.626516545928553,195793600
2015-02-23,29.601360321044922,29.601360321044922,28.857988628797774,28.93811274746554,283896400
2015-02-24,29.416627883911133,29.734899896206425,29.194061278089517,29.588005121300906,276912400
2015-02-25,28.66434669494629,29.289761601489158,28.52190422778442,29.28085703698737,298846800
2015-02-26,29.02713394165039,29.12728822683171,28.179155786433736,28.66434931718159,365150000
2015-02-27,28.59090805053711,29.060523730781554,28.54194312493081,28.933659133684255,248059200
2015-03-02,28.731115341186523,28.995970081059973,28.555289259642336,28.76672680451823,192386800
2015-03-03,28.791210174560547,28.826821639022164,28.508549694052736,28.702184909502673,151265200
2015-03-04,28.608713150024414,28.835732063722944,28.559751615792635,28.73335331565114,126665200
2015-03-05,28.134653091430664,28.65545827531268,27.98998441878047,28.617622349587695,226068400
2015-03-06,28.17693328857422,28.7934420686846,28.101261454083147,28.577552179150562,291368400
2015-03-09,28.297121047973633,28.83795972189352,27.834182052567648,28.479625615655983,354114000
2015-03-10,27.711767196655273,28.31492246485523,27.553745118097947,28.13464406642544,275426400
2015-03-11,27.206546783447266,27.76964013549162,27.177613730284282,27.765189549639153,275756000
2015-03-12,27.698413848876953,27.79856984189361,27.070776078556776,27.2221214408066,193450800
2015-03-13,27.50700569152832,27.909852398243732,27.282214644751413,27.687285794905343,207309200
2015-03-16,27.80970001220703,27.80970001220703,27.346762707780687,27.57155378369179,143497200
2015-03-17,28.274858474731445,28.3371768453286,27.96549106494682,28.021132709844032,204092400
2015-03-18,28.59313201904297,28.74670351988461,28.125742488103533,28.26595883797083,261083600
2015-03-19,28.377248764038086,28.766740413740568,28.354992437950568,28.655457085254145,183238000
2015-03-20,28.021129608154297,28.577544297487986,27.856430832942756,28.544160672683525,274780400
2015-03-23,28.312702178955078,28.45514469325615,28.159130653391948,28.292671996341824,150838800
2015-03-24,28.196964263916016,28.497427148688423,28.168029517967973,28.31715043665406,131369200
2015-03-25,27.460269927978516,28.225899671022653,27.460269927978516,28.163581286923453,206620800
2015-03-26,27.651668548583984,27.794111009129256,27.286659531180717,27.32227099534107,190291600
2015-03-27,27.431339263916016,27.754060223095525,27.35566741894103,27.725127170260752,158184800
2015-03-30,28.125747680664062,28.132424408359668,27.598264118077452,27.60939312960263,188398800
2015-03-31,27.6939640045166,28.152450688573246,27.67838440937046,28.06342370286021,168362400
2015-04-01,27.65390396118164,27.847537541865293,27.39795199537184,27.78076687320234,162485600
2015-04-02,27.892044067382812,27.945459571760715,27.64054444030727,27.82749955465406,128880400
2015-04-06,28.34386444091797,28.379475922372364,27.671713859930755,27.702873057178902,148776000
2015-04-07,28.045612335205078,28.51522620847483,28.03893561017987,28.408395211975346,140049200
2015-04-08,27.95436668395996,28.132420656323127,27.814150326906724,28.010008338067387,149316800
2015-04-09,28.16802978515625,28.172482068289785,27.745154582088954,28.010007694885584,129936000
2015-04-10,28.288223266601562,28.312705736014976,27.878701411047984,28.032271257856113,160752000
2015-04-13,28.232576370239258,28.615392939431228,28.179160855071164,28.570876897035358,145460400
2015-04-14,28.110164642333984,28.330505119560385,28.02336379681908,28.265960596322643,102098400
2015-04-15,28.216997146606445,28.294895127681393,28.045621588241563,28.134648580062343,115881600
2015-04-16,28.08122444152832,28.288211424799588,28.067870990365083,28.105706900693068,113476000
2015-04-17,27.76518440246582,28.074551852348815,27.70063988225339,27.943238368434486,207828000
2015-04-20,28.399497985839844,28.515231871372787,27.858661076767103,27.947688056895437,188217200
2015-04-21,28.245925903320312,28.533035301511646,28.19250870073043,28.51078068083827,129740400
2015-04-22,28.626514434814453,28.682156083705696,28.11461228384406,28.263731495340977,150618000
2015-04-23,28.86021614074707,29.02714112271059,28.519689449229297,28.555300927111567,183083600
2015-04-24,28.99598503112793,29.073884722818402,28.762289352154326,29.042725525361778,178103600
2015-04-27,29.523454666137695,29.630289066787313,29.189604805324546,29.447782846083186,387816800
2015-04-28,29.058298110961914,29.944112330430492,28.837959324998785,29.92630998893822,475696000
2015-04-29,28.630964279174805,29.28753500095291,28.55529245819079,28.969266426527923,253544400
2015-04-30,27.85420799255371,28.630964885927803,27.727345109119845,28.630964885927803,332781600
2015-05-01,28.699962615966797,28.962592971997786,27.88759587803151,28.065648140599507,234050400
2015-05-04,28.64432716369629,29.06052910836705,28.546397294361995,28.82238116284069,203953200
2015-05-05,27.998882293701172,28.588682495503758,27.99443001026383,28.521911828332453,197085600
2015-05-06,27.82305145263672,28.210316865514486,27.455816218919747,28.168028667666032,288564000
2015-05-07,27.995145797729492,28.17841268755224,27.718009170082315,27.885631387791218,175763600
2015-05-08,28.522598266601562,28.522598266601562,28.185118377975208,28.312511200085076,222201600
2015-05-11,28.2320499420166,28.50918485099784,28.077836963604977,28.471190892738576,168143200
2015-05-12,28.131481170654297,28.35721121618964,27.89680936295501,28.071136212038358,192640000
2015-05-13,28.16275978088379,28.426485394506965,28.131470445804844,28.194049115962738,138776800
2015-05-14,28.819843292236328,28.819843292236328,28.419786470046493,28.475660537464663,180814000
2015-05-15,28.77961540222168,28.94053298809923,28.65445803771301,28.846664964717725,152832000
2015-05-18,29.096982955932617,29.21543571850021,28.687984330162653,28.692455210905617,203531600
2015-05-19,29.07016944885254,29.25120093155849,28.97406425304709,29.20873608296655,178532800
2015-05-20,29.06793212890625,29.273548343235124,28.907014498512638,29.054522894754008,145819600
2015-05-21,29.365175247192383,29.418815580549495,29.01652160607739,29.070161939434502,158921600
2015-05-22,29.6221981048584,29.718303287216482,29.36741245924062,29.412114447472042,182384000
2015-05-26,28.969581604003906,29.70488614504957,28.857833483747413,29.63560285613566,282790400
2015-05-27,29.510452270507812,29.55962173319435,29.06569678113846,29.130509212707167,183332800
2015-05-28,29.452346801757812,29.490340769536083,29.300370930644732,29.470226917821137,122933200
2015-05-29,29.117103576660156,29.37859389128163,29.032173874202666,29.3294244225203,203538000
2015-06-01,29.175201416015625,29.36517460852647,29.065690426931717,29.11709361385442,128451200
2015-06-02,29.045581817626953,29.20202855186745,28.90254431628092,29.023230822614153,134670400
2015-06-03,29.081331253051758,29.264599816842107,29.032161804731526,29.2020211390313,123934000
2015-06-04,28.911474227905273,29.18413991810278,28.810901600274203,28.960643674352827,153800400
2015-06-05,28.752790451049805,28.985228454766315,28.687978040758537,28.94276362272491,142507200
2015-06-08,28.562828063964844,28.877958668101687,28.34603637830613,28.80867194987724,210699200
2015-06-09,28.477895736694336,28.625404100730464,28.075603453683758,28.316978141433584,224301600
2015-06-10,28.804197311401367,28.90700367493058,28.573994745418133,28.589639414451845,156349200
2015-06-11,28.73938751220703,29.094745799779854,28.71480278355391,28.8712495066725,141563600
2015-06-12,28.422019958496094,28.681276447535282,28.40861072807724,28.649987106463822,147544800
2015-06-15,28.36614990234375,28.43766864992524,28.09571958476557,28.18288300509484,175955600
2015-06-16,28.518123626708984,28.57399769404389,28.243224170300312,28.390730821391042,125976400
2015-06-17,28.451080322265625,28.580706883320556,28.325921231909106,28.544948361176896,131672400
2015-06-18,28.58070182800293,28.67680529040624,28.433195179396215,28.435430619491505,141628800
2015-06-19,28.29463005065918,28.567295798030447,28.249931474593,28.542711069651634,218867600
2015-06-22,28.520360946655273,28.620933592430493,28.401908188920487,28.49354077871593,136157200
2015-06-23,28.39073371887207,28.520361977552458,28.357208934021436,28.49130807342398,121075600
2015-06-24,28.632108688354492,29.009817948797807,28.410847847657895,28.430961694475176,221123600
2015-06-25,28.49578285217285,28.875725941478468,28.49578285217285,28.799738005674033,127752400
2015-06-26,28.328149795532227,28.605284669149608,28.274511172767166,28.533765937082507,176267200
2015-06-29,27.831993103027344,28.265576457225944,27.820819311458745,28.039844723786928,196645600
2015-06-30,28.03313636779785,28.187349335086324,27.905743565950342,28.06442570824172,177482800
2015-07-01,28.29463005065918,28.370619676141335,28.158297176973544,28.361679619899824,120955200
2015-07-02,28.258872985839844,28.314747061370124,28.10912916751118,28.25663754537902,108844000
2015-07-06,28.16053581237793,28.21194071531361,27.903514707982673,27.923630263093703,112241600
2015-07-07,28.091238021850586,28.194046069593114,27.662124020443503,28.135936579950574,187787200
2015-07-08,27.393939971923828,27.856577220215424,27.387235356101556,27.820818700782862,243046400
2015-07-09,26.83519744873047,27.726947101153293,26.64522595758252,27.680013088409066,314380000
2015-07-10,27.55261993408203,27.68001273996736,27.08998272269413,27.253135750300856,245418000
2015-07-13,28.084543228149414,28.10689251501363,27.785057327716807,27.94373948113641,165762000
2015-07-14,28.073366165161133,28.243223805102456,27.945973361490438,28.16946962794016,127072400
2015-07-15,28.343801498413086,28.417555688730346,28.066666556024543,28.09795590249705,134596800
2015-07-16,28.72150421142578,28.73491685216096,28.462249426872162,28.549412835097545,144889600
2015-07-17,28.969581604003906,28.969581604003906,28.676802074577004,28.848895134650967,184658800
2015-07-20,29.517160415649414,29.718305738148107,29.21096814036975,29.271313101232632,235600800
2015-07-21,29.222139358520508,29.707125889309452,29.12603759259452,29.69148292265571,307025600
2015-07-22,27.9862060546875,28.04878474384317,27.26431227874709,27.26431227874709,461802400
2015-07-23,27.97279167175293,28.404137800452204,27.950440682477648,28.20522627291795,203998000
2015-07-24,27.825286865234375,28.102421775046945,27.69118943823741,28.008553746663196,168649200
2015-07-27,27.438642501831055,27.626380297617327,27.293371257702418,27.51016125614449,177822000
2015-07-28,27.57497215270996,27.693426620903903,27.389471524511045,27.57497215270996,134472400
2015-07-29,27.487810134887695,27.601793728127678,27.3268925221116,27.523570362234157,148046800
2015-07-30,27.349239349365234,27.393937921595764,27.20173099175027,27.338063853736987,134513200
2015-07-31,27.1101016998291,27.409585921458618,27.022938279794158,27.40064586489844,171540000
2015-08-03,26.470897674560547,27.393936617805483,26.26527981871911,27.154795686957268,279904000
2015-08-04,25.621614456176758,26.30551255544882,25.310954750615828,26.242933867298618,496554400
2015-08-05,25.79146957397461,26.247402163645372,25.053931210213424,25.24390269629094,397250400
2015-08-06,25.847597122192383,26.15517360004119,25.62084534827494,26.036184672313123,211612000
2015-08-07,25.935155868530273,26.09904741455517,25.706158528744663,25.724119574610878,154681600
2015-08-10,26.878087997436523,26.938704381143143,26.161907196752338,26.161907196752338,219806400
2015-08-11,25.47940444946289,26.532347187350695,25.443484071415618,26.449278636773293,388331200
2015-08-12,25.872297286987305,25.912708789014243,24.61280747215082,25.2638809102027,404870000
2015-08-13,25.85208511352539,26.13271998945845,25.71513515704131,26.05189700816098,194143200
2015-08-14,26.033937454223633,26.11251488140785,25.596147707869093,25.665744612966623,171718000
2015-08-17,26.303346633911133,26.413355026346633,25.930662694228516,26.051897166913488,163538800
2015-08-18,26.155176162719727,26.366214183735753,26.0451677468721,26.139460674741493,138242800
2015-08-19,25.82065773010254,26.159663474047857,25.74656970148154,26.065370553726364,193146000
2015-08-20,25.29081916809082,25.67248197165876,25.06182011566237,25.611865582992174,274006400
2015-08-21,23.74396324157715,25.12244203191726,23.719267227999406,24.792415043978203,513102000
2015-08-24,23.151260375976562,24.426465598031402,20.654731360162238,21.29906979204897,648825200
2015-08-25,23.290451049804688,24.945075030341155,23.236569628816785,24.945075030341155,414406400
2015-08-26,24.62628173828125,24.67118265071253,23.584564811563396,24.04255959951451,387098400
2015-08-27,25.3514347076416,25.423277175772572,24.700361376721208,25.196525402744562,338464400
2015-08-28,25.43450355529785,25.43899296023259,25.041614678414888,25.18305405746331,212657600
2015-08-31,25.315513610839844,25.712891876712465,25.14488711155364,25.151622075115288,224917200
2015-09-01,24.18400001525879,25.117952326608343,24.103177004976814,24.729554478232146,307383600
2015-09-02,25.221216201782227,25.221216201782227,24.500546061527814,24.747506117291053,247555200
2015-09-03,24.77893829345703,25.320001458230458,24.70485027311687,25.254893959706628,212935600
2015-09-04,24.531980514526367,24.79689993781752,24.361355722674787,24.464629163909024,199985200
2015-09-08,25.214481353759766,25.270608327987073,24.767711118511023,25.088757479605587,219374400
2015-09-09,24.729549407958984,25.598394021061996,24.644235296342114,25.540023191161584,340043200
2015-09-10,25.27286148071289,25.432261929873018,24.673425626929063,24.756492477515987,251571200
2015-09-11,25.64105224609375,25.64105224609375,25.091008464846674,25.097743429153095,199662000
2015-09-14,25.888010025024414,26.242732981471587,25.78698213712246,26.173136068155117,233453600
2015-09-15,26.10578155517578,26.161908537092778,25.688196672684565,26.0272041230639,173364800
2015-09-16,26.134963989257812,26.164149397984733,25.917191064465236,26.09904190510845,148694000
2015-09-17,25.575944900512695,26.152930255548252,25.531043996275258,25.966589961389154,256450400
2015-09-18,25.470420837402344,25.661253924694364,25.115699653449386,25.192031518078707,297141200
2015-09-21,25.86556053161621,25.901482625535643,25.517574239285192,25.519818085510373,200888000
2015-09-22,25.459199905395508,25.63431581880713,25.261631828430936,25.45470878754108,201384800
2015-09-23,25.665748596191406,25.755552118136006,25.4367512424494,25.510837563658463,143026800
2015-09-24,25.81841468811035,25.93066866501518,25.227959386220473,25.425525768943455,200878000
2015-09-25,25.75330352783203,26.19782996706325,25.598392513532445,26.141702986561604,224607600
2015-09-28,25.24367332458496,25.721874620209853,25.24367332458496,25.56022862933393,208436000
2015-09-29,24.48482894897461,25.48389004694548,24.215420176970778,25.331224619380855,293461600
2015-09-30,24.763227462768555,25.041616839960714,24.410750051311314,24.734040333164888,265892000
2015-10-01,24.60157585144043,24.610556372895342,24.09194196424501,24.48707634396447,255716400
2015-10-02,24.78118133544922,24.92262240839427,24.14582528150224,24.249098709751074,232079200
2015-10-05,24.870990753173828,25.003451336098365,24.48708235918129,24.668933252951508,208258800
2015-10-06,24.989974975585938,25.086513445638282,24.64423258779054,24.837309527895236,192787200
2015-10-07,24.870990753173828,25.09325314698851,24.56341595386961,25.086518182457723,187062400
2015-10-08,24.583616256713867,24.738527263432836,24.294000845954656,24.738527263432836,247918400
2015-10-09,25.171831130981445,25.207751511096205,24.58137414594689,24.69587367622829,211064400
2015-10-12,25.05508804321289,25.31327254029787,25.019167660228614,25.308783134747262,121868800
2015-10-13,25.097742080688477,25.245916426047607,24.848538137582143,24.879969111229823,132197200
2015-10-14,24.74302101135254,25.03712587830079,24.597090501001063,24.985490008903326,177849600
2015-10-15,25.113454818725586,25.167336237244093,24.80587836699943,24.904662394999534,150694000
2015-10-16,24.929359436035156,25.144886831908376,24.814859918182062,25.09549481585961,156930400
2015-10-19,25.08427619934082,25.08876560507488,24.720572671926288,24.875483719079494,119036800
2015-10-20,25.54226303100586,25.63206653358358,24.879965411106454,24.996708765455946,195871200
2015-10-21,25.540021896362305,25.948626249248292,25.526550256187043,25.593903318484763,167180800
2015-10-22,25.930665969848633,25.930665969848633,25.616354524611886,25.66799210227932,166616400
2015-10-23,26.734411239624023,26.7680877799142,26.117014281457426,26.200081139598534,237467600
2015-10-26,25.881275177001953,26.521122466591017,25.800452181173895,26.509898097251355,265335200
2015-10-27,25.717384338378906,26.16415464419889,25.591658731505955,25.908215738323356,279537600
2015-10-28,26.77706527709961,26.783801955114832,26.056394886862357,26.251717440666063,342205600
2015-10-29,27.059940338134766,27.095862428854197,26.552551940309957,26.649090418043976,204909200
2015-10-30,26.82869529724121,27.214849177250642,26.817469216575585,27.163211604191947,197461200
2015-11-02,27.205867767333984,27.246279258408084,26.85339042796631,27.120555380781713,128813200
2015-11-03,27.51793670654297,27.72448358951764,27.098106263941776,27.11831286817819,182076000
2015-11-04,27.389968872070312,27.79857325722124,27.30465647090154,27.64366222941985,179544400
2015-11-05,27.263704299926758,27.66278529417685,27.096857762994112,27.473390486687432,158210800
2015-11-06,27.295269012451172,27.46437071550903,27.19606384972077,27.306543147398287,132169200
2015-11-09,27.184791564941406,27.46437258470477,27.06754846639277,27.272724318900785,135485600
2015-11-10,26.3280029296875,26.621113190364337,26.167920215690252,26.35731498786991,236511600
2015-11-11,26.17919921875,26.47456298485306,25.97627682516367,26.237821625828612,180872000
2015-11-12,26.091266632080078,26.33928212793578,26.075483874712667,26.213020068996485,130102400
2015-11-13,25.32917594909668,26.057441268759586,25.313393194562373,25.97401715468327,183249600
2015-11-16,25.744043350219727,25.757570936007227,25.02705206022718,25.112729637200466,152426800
2015-11-17,25.63356590270996,25.940203817430206,25.550141770552145,25.91089175251961,110467600
2015-11-18,26.445253372192383,26.490346474150318,26.041663744960058,26.10028615365863,186698800
2015-11-19,26.78120231628418,26.999907478817157,26.325755782085313,26.52416784408029,173183200
2015-11-20,26.898441314697266,27.03823093622671,26.79697927435134,26.875893047826228,137148400
2015-11-23,26.548974990844727,26.995404371779067,26.45653187431397,26.891687117069253,129930000
2015-11-24,26.803749084472656,26.909719769871206,26.40692495727556,26.454273231991408,171212800
2015-11-25,26.612092971801758,26.88265667354652,26.587291256137046,26.87814633241232,85553200
2015-11-27,26.56249237060547,26.697775095987275,26.51514410479836,26.67071820687265,52185600
2015-11-30,26.672975540161133,26.92324619414005,26.54896693857106,26.60307900099607,156721200
2015-12-01,26.45652961730957,26.787969297271918,26.348305468867878,26.774441708764662,139409600
2015-12-02,26.217525482177734,26.63013401452879,26.172432386701793,26.456521984544622,133546400
2015-12-03,25.974021911621094,26.332518430543608,25.753063307673987,26.278406365114538,166278000
2015-12-04,26.837566375732422,26.887169815402363,25.953728585841446,25.994313061917634,231108000
2015-12-07,26.6684627532959,27.024704048666933,26.562492088959715,26.826292024504085,128336800
2015-12-08,26.657194137573242,26.7406165463424,26.348301063499722,26.497109672774585,137238000
2015-12-09,26.0687198638916,26.53544050807796,25.946966427991917,26.524166372827583,185445600
2015-12-10,26.19272232055664,26.366334340975893,26.04391373753137,26.163411982131223,116850800
2015-12-11,25.51856803894043,26.016854059889774,25.444162895310484,25.97176097173341,187544800
2015-12-14,25.36074447631836,25.405837571526742,24.75423254067508,25.293103113314466,257274800
2015-12-15,24.912063598632812,25.432898038572702,24.88049808350816,25.23899460555466,213292400
2015-12-16,25.103708267211914,25.250263406565313,24.531018734671886,25.042832416811343,224954000
2015-12-17,24.571605682373047,25.3088883546166,24.571605682373047,25.257029741860972,179091200
2015-12-18,23.90646743774414,24.693353425186913,23.856864004003178,24.555818977347712,385813200
2015-12-21,24.199575424194336,24.208594385862337,23.802749711757528,24.188301292061574,190362400
2015-12-22,24.17703628540039,24.287515589338216,24.00116905929387,24.215365594086148,131157600
2015-12-23,24.48818588256836,24.54229795573271,24.170273797320238,24.186056557001166,130629600
2015-12-24,24.357410430908203,24.576115587976815,24.33937250203435,24.576115587976815,54281600
2015-12-28,24.084596633911133,24.28075526789059,23.940296622773996,24.25820699349456,106816800
2015-12-29,24.517499923706055,24.673074092704372,24.09361879971534,24.116165356914156,123724800
2015-12-30,24.19732666015625,24.508473179220985,24.165761146056557,24.481418007244965,100855200
2015-12-31,23.73286247253418,24.131941762427935,23.63365558276081,24.1274331402526,163649200
2016-01-04,23.753154754638672,23.757665097176886,22.997834077504077,23.135370281661345,270597600
2016-01-05,23.15791130065918,23.865883533136742,23.090271660472062,23.843336986407703,223164000
2016-01-06,22.70471954345703,23.08125394699571,22.517581647305203,22.67315403228967,273829600
2016-01-07,21.746477127075195,22.57620283984095,21.74196850545963,22.249273586684012,324377600
2016-01-08,21.861469268798828,22.346227857182512,21.8163761667038,22.219965795163166,283192000
2016-01-11,22.215450286865234,22.334948527801405,21.94714174727492,22.314657152634666,198957600
2016-01-12,22.537874221801758,22.70246729894013,22.285348398855252,22.670901786095747,196616800
2016-01-13,21.95842170715332,22.815204436611236,21.938130326602067,22.61904582365759,249758400
2016-01-14,22.438676834106445,22.655128614026587,21.586404186367478,22.0869457020725,252680400
2016-01-15,21.899803161621094,22.030575593337915,21.500723791951696,21.690116924624103,319335600
2016-01-19,21.7938289642334,22.24251168137656,21.53228416336344,22.18839961644163,212350800
2016-01-20,21.823137283325195,22.138794119848882,21.06330639285927,21.442094252649422,289337600
2016-01-21,21.71265983581543,22.06889945737359,21.406021936612106,21.884014993459072,208646000
2016-01-22,22.86705780029297,22.876076763652687,22.179378615980323,22.237999297531434,263202000
2016-01-25,22.420631408691406,22.891860656347266,22.36877279684545,22.889605485347495,207178000
2016-01-26,22.544641494750977,22.745308737463674,22.111741491608417,22.531113907212678,300308000
2016-01-27,21.063302993774414,21.787057914040105,21.04526506998304,21.654032096508686,533478800
2016-01-28,21.214374542236328,21.311326268055467,20.83107798166302,21.146734883413128,222715200
2016-01-29,21.947145462036133,21.947145462036133,21.27299382328388,21.37220070584501,257666000
2016-02-01,21.74197006225586,21.80510109054244,21.509737328119584,21.75098902632416,163774000
2016-02-02,21.30230712890625,21.654038140049035,21.257212306842064,21.51424677193742,149428800
2016-02-03,21.723928451538086,21.83440773231145,21.21211479881186,21.41954577664506,183857200
2016-02-04,21.898487091064453,22.063973316124038,21.57885168310811,21.730735187098187,185886800
2016-02-05,21.313621520996094,21.971029914314222,21.238814333488854,21.88035259635207,185672400
2016-02-08,21.538040161132812,21.69445670294883,21.091455965206304,21.111857446063695,216085600
2016-02-09,21.533506393432617,21.748865169160446,21.293213049729875,21.374822436180885,177324800
2016-02-10,21.370290756225586,21.841811340568256,21.33175346517059,21.74433354408901,169374400
2016-02-11,21.241077423095703,21.47230464218728,20.989448717950868,21.261480638674737,200298800
2016-02-12,21.30681800842285,21.422431615695398,21.084660426868574,21.352157525748236,161405600
2016-02-16,21.907556533813477,21.95516173708531,21.44737117265978,21.540314170611637,196231600
2016-02-17,22.24305534362793,22.263456826183887,21.796471110520166,21.914350378625155,179452800
2016-02-18,21.8214111328125,22.417611528318208,21.782872109976353,22.406276216391266,156084000
2016-02-19,21.77153968811035,21.934758503214418,21.717133992917617,21.762471783990584,141496800
2016-02-22,21.96196174621582,21.966496563298843,21.744337223431817,21.83274713176513,137123200
2016-02-23,21.465505599975586,21.87581832284174,21.433768799838198,21.85314942696159,127770400
2016-02-24,21.785139083862305,21.848612678525644,21.154934494668073,21.304552307396584,145022800
2016-02-25,21.934751510620117,21.934751510620117,21.592445589707793,21.77380015523725,110330800
2016-02-26,21.9687557220459,22.220382630830805,21.89394683400225,22.034494979329367,115964400
2016-02-29,21.918886184692383,22.267992648023185,21.90981828219379,21.957423473167232,140865200
2016-03-01,22.78938102722168,22.84378670542298,22.0843677002068,22.13650770023015,201628400
2016-03-02,22.839252471923828,22.870989260073664,22.58762384478925,22.78484679645629,132678400
2016-03-03,23.009275436401367,23.05688062631293,22.771247757318044,22.800718872162474,147822800
2016-03-04,23.351587295532227,23.519339206569647,22.97981185511094,23.206504281198356,184220400
2016-03-07,23.09315299987793,23.310777473616483,22.886862107240784,23.211032274580887,143315600
2016-03-08,22.902732849121094,23.06821906177893,22.759917260038176,22.846059749235305,126247600
2016-03-09,22.92313003540039,23.02740830422083,22.73044016284764,22.9662004039081,108806800
2016-03-10,22.93447494506836,23.177035799435455,22.70324940510743,22.988882378786585,134054400
2016-03-11,23.181564331054688,23.186097417872265,23.009277630050175,23.17702951471143,109632800
2016-03-14,23.24050521850586,23.328916849974,23.07275331860583,23.102224438937156,100304400
2016-03-15,23.70749282836914,23.843507929470757,23.542006606852844,23.566942910499492,160270800
2016-03-16,24.022586822509766,24.09966138561468,23.709750295842124,23.714285111039615,153214000
2016-03-17,23.984054565429688,24.13593804538442,23.793632066323628,23.92057924604393,137682800
2016-03-18,24.011260986328125,24.14274300652028,23.845776486367246,24.106471388732402,176820800
2016-03-21,24.008989334106445,24.40343356702225,23.834435243600403,24.01352242043917,142010800
2016-03-22,24.192609786987305,24.32182436755188,23.85030382707832,23.85937172934037,129777600
2016-03-23,24.058860778808594,24.27195216159203,24.006722501867245,24.138204492500666,102814000
2016-03-24,23.95458221435547,24.08606420344629,23.777762443280135,23.909244432370954,104532000
2016-03-28,23.845781326293945,24.072473794901658,23.81631019847812,24.029401672417784,77645600
2016-03-29,24.410240173339844,24.43517647822734,23.775500697245995,23.77776810574284,124760400
2016-03-30,24.83641815185547,25.031373749204025,24.618793660995017,24.63012897251382,182404400
2016-03-31,24.707204818725586,24.91349573813298,24.68226851573072,24.87269103591645,103553600
2016-04-01,24.93389320373535,24.936160611694472,24.52811365532926,24.659595644549775,103496000
2016-04-04,25.19005584716797,25.432616604933102,24.99736595616047,25.03137015631035,149424800
2016-04-05,24.89308738708496,25.10164567179377,24.80467750544146,24.82508071710366,106314800
2016-04-06,25.15378761291504,25.158322429290177,24.75480851866221,24.988303135262203,105616400
2016-04-07,24.605195999145508,25.031377135206167,24.50998559580099,24.924831418809514,127207600
2016-04-08,24.63239288330078,24.88401981393905,24.521312380670523,24.68906597379666,94326800
2016-04-11,24.714006423950195,25.074448264636043,24.67093604100065,24.702672840869106,117630000
2016-04-12,25.035905838012695,25.04950682673289,24.63239369707538,24.78654284797231,108929200
2016-04-13,25.39861488342285,25.46662156083389,25.117516811834165,25.117516811834165,133029200
2016-04-14,25.412212371826172,25.477953361600637,25.2376600213753,25.30340101114977,101895600
2016-04-15,24.90215301513672,25.45755028165983,24.874951041438226,25.41447818393684,187756000
2016-04-18,24.364904403686523,24.69814084030369,24.242490277581286,24.684539847245134,243286000
2016-04-19,24.23568344116211,24.48277730789355,24.081532551894348,24.455573599366666,129539600
2016-04-20,24.28554916381836,24.50317359731882,24.04298843516964,24.17447040421948,122444000
2016-04-21,24.022586822509766,24.240211254807768,23.920574234869132,24.240211254807768,126210000
2016-04-22,23.956850051879883,24.13820464212083,23.716556689907346,23.80496657703028,134732400
2016-04-25,23.820833206176758,23.95004778003839,23.691618632315123,23.80269740259344,112126400
2016-04-26,23.655349731445312,23.870708532203164,23.55560625937674,23.55560625937674,224064800
2016-04-27,22.175048828125,22.376804910562402,21.689927267036683,21.76246876039029,458408400
2016-04-28,21.497241973876953,22.188652796904996,21.36575995904279,22.127446606289567,328970800
2016-04-29,21.250141143798828,21.472300415516546,20.971310512135492,21.30681423326988,274126000
2016-05-02,21.227476119995117,21.327221329078526,20.94637802929049,21.302285026807674,192640400
2016-05-03,21.57658576965332,21.70353297825863,21.236547121295384,21.354426425068027,227325200
2016-05-04,21.352157592773438,21.73980138711214,21.268280782602496,21.581115670263795,164102000
2016-05-05,21.265483856201172,21.454784488368706,21.13776378633173,21.438819479635022,143562000
2016-05-06,21.146886825561523,21.313378810356333,20.948463083351843,21.295134329047688,174799600
2016-05-09,21.16285514831543,21.386365304832808,21.117239587761883,21.21075018185487,131745600
2016-05-10,21.306543350219727,21.340754590600596,21.00776878034248,21.28601765002479,134747200
2016-05-11,21.099000930786133,21.340757378294,21.087596602484133,21.320231675417837,114876400
2016-05-12,20.604080200195312,21.160577964522993,20.405658129186314,21.146894163779212,305258800
2016-05-13,20.645130157470703,20.90741398495114,20.52653317585696,20.52653317585696,177571200
2016-05-16,21.411453247070312,21.527770750428644,20.902852366602875,21.071625589084583,245039200
2016-05-17,21.322505950927734,21.598473576008658,21.213032082163878,21.56426407955481,187667600
2016-05-18,21.566543579101562,21.714791110788134,21.41373536123413,21.47531593503823,168249600
2016-05-19,21.484434127807617,21.58478660949253,21.340749043622374,21.58478660949253,121768400
2016-05-20,21.71706771850586,21.764962743499048,21.557415895139833,21.584785226588256,128104000
2016-05-23,21.993043899536133,22.166379586489988,21.81970821258228,21.865323782862813,152074400
2016-05-24,22.328306198120117,22.371638805602565,22.086548077179312,22.17321677225564,140560800
2016-05-25,22.720592498779297,22.747960096493543,22.37620239374333,22.503922489891956,152675200
2016-05-26,22.900768280029297,22.97375143502957,22.497078844515553,22.734274533280352,225324800
2016-05-27,22.887083053588867,22.91445238960724,22.63620356361535,22.679537910630522,145364800
2016-05-31,22.775331497192383,22.898490918229353,22.5381357685348,22.716032130013996,169228800
2016-06-01,22.45602798461914,22.702346810204308,22.426379173042644,22.583748083786627,116693200
2016-06-02,22.287254333496094,22.314621931348405,22.03865429931745,22.25988499558797,160766400
2016-06-03,22.33286476135254,22.412689809712322,22.225670379245592,22.303215954834776,114019600
2016-06-06,22.494802474975586,23.238319722918746,22.24848536134896,22.348836133546456,93170000
2016-06-07,22.58602523803711,22.777607092414755,22.570060228510265,22.636201479423054,89638000
2016-06-08,22.56550407409668,22.70690797542668,22.506204709637323,22.583748560036888,83392400
2016-06-09,22.727432250976562,22.80497609058185,22.456025332246774,22.465148443974865,106405600
2016-06-10,22.540409088134766,22.65900604090231,22.460584048766677,22.471986631501913,126851600
2016-06-13,22.20058822631836,22.60655895578492,22.145851284165122,22.508487658563357,152082000
2016-06-14,22.22795295715332,22.460587958152097,22.06602163766294,22.196022935848493,127727600
2016-06-15,22.15496826171875,22.444621386336923,22.12988014100204,22.31005767157862,117780800
2016-06-16,22.24847984313965,22.294093661001803,21.910931674770598,21.99759862473094,125307200
2016-06-17,21.74216079711914,22.043216551506706,21.73531889771012,22.036374652097685,244032800
2016-06-20,21.689701080322266,22.024968036960924,21.673736070008786,21.894966741535285,137647600
2016-06-21,21.87444305419922,21.974793811075436,21.5939130014374,21.653212362356832,142185600
2016-06-22,21.792339324951172,22.097955797550195,21.746723757361476,21.951989461375142,116876400
2016-06-23,21.917776107788086,21.9611104578068,21.723914749374387,21.88128539729008,128960800
2016-06-24,21.301979064941406,21.58935099951601,21.13092463198961,21.190223989295156,301245600
2016-06-27,20.99180793762207,21.22216181256169,20.86864849181444,21.21075748348353,181958400
2016-06-28,21.345314025878906,21.3612807785024,21.01460944838268,21.187945113442538,161779600
2016-06-29,21.530054092407227,21.56426533090208,21.354437213493046,21.431982803418443,146124000
2016-06-30,21.80373764038086,21.84250956019456,21.50724433938381,21.539174360413405,143345600
2016-07-01,21.869876861572266,22.00215935928205,21.742156789331357,21.778647492804982,104106000
2016-07-05,21.66461181640625,21.758122400495783,21.543733638968,21.755841187698216,110820800
2016-07-06,21.787771224975586,21.81742177120235,21.523207962067353,21.575663676066892,123796400
2016-07-07,21.88128662109375,22.009006725063795,21.808303455960026,21.826547942201522,100558400
2016-07-08,22.05005645751953,22.097951489108617,21.906371362752264,22.006722111772223,115648400
2016-07-11,22.118478775024414,22.27128698049106,22.061460632084117,22.066021317894865,95179600
2016-07-12,22.218833923339844,22.282693977670235,22.150413182295562,22.161815769108287,96670000
2016-07-13,22.09339714050293,22.275854207455783,22.086553499693775,22.21655657422558,103568800
2016-07-14,22.53129005432129,22.5769038736255,22.196023088262756,22.211988099024797,155676000
2016-07-15,22.529008865356445,22.6476075797629,22.465148822240202,22.560938886914567,120548000
2016-07-18,22.768484115600586,22.83690483966699,22.487954100767247,22.510761008789384,145975600
2016-07-19,22.77760887145996,22.80725768002395,22.656728944109073,22.70690518941403,95119600
2016-07-20,22.79813575744629,22.91217205179529,22.747959509523806,22.8072588698009,105104000
2016-07-21,22.67725372314453,23.03532755715351,22.608831262101095,22.768483091183953,130808000
2016-07-22,22.501644134521484,22.6476104631008,22.42181733040751,22.638487350057606,113254800
2016-07-25,22.20058822631836,22.54269715987412,22.10479814253619,22.40813514790241,161531600
2016-07-26,22.047773361206055,22.344268377208238,21.990755222748366,22.081984592291768,224959200
2016-07-27,23.480072021484375,23.79937398974331,23.434458200328418,23.781127765258628,369379200
2016-07-28,23.797101974487305,23.82219010783662,23.45043227556578,23.45271348952201,159479200
2016-07-29,23.76744842529297,23.844994023871223,23.64657021050481,23.762887738344162,110934800
2016-08-01,24.187097549438477,24.209904459186337,23.81305866139538,23.81305866139538,152671600
2016-08-02,23.829029083251953,24.19166372873931,23.71955345552486,24.187103041776382,135266400
2016-08-03,24.127798080444336,24.139200665237684,23.895163077947462,23.90428618981554,120810400
2016-08-04,24.276851654052734,24.306661080281017,24.141558951516682,24.210352088329202,109634800
2016-08-05,24.64603614807129,24.68501810644561,24.347934908719594,24.368571798629993,162213600
2016-08-08,24.850120544433594,24.850120544433594,24.572657940892707,24.655207251081908,112148800
2016-08-09,24.951021194458008,24.98083237595988,24.767575709790048,24.818023786655544,105260800
2016-08-10,24.76527976989746,24.971657451209737,24.710246304708292,24.928088343632055,96034000
2016-08-11,24.749225616455078,24.978533737890043,24.73088054686457,24.884516568350286,109938000
2016-08-12,24.806541442871094,24.866162017371384,24.71481788582788,24.71481788582788,74641600
2016-08-15,25.104652404785156,25.118410331415113,24.783620704057384,24.797378630687337,103472800
2016-08-16,25.081724166870117,25.276637488902303,25.0427422022566,25.13905120288375,135177600
2016-08-17,25.045034408569336,25.079430978199323,24.843242133130595,25.017516802968906,101424000
2016-08-18,25.01292610168457,25.132165535016163,24.99916642706343,25.04732266401467,87938800
2016-08-19,25.077136993408203,25.1528090954496,24.847828865633428,24.941844288290355,101472400
2016-08-22,24.882225036621094,25.017515990092335,24.730880834959557,24.962482530161843,103280800
2016-08-23,24.960186004638672,25.06796109012888,24.886807483589457,24.90056540957308,85030800
2016-08-24,24.772157669067383,24.93725980701721,24.691900171309065,24.895984272529752,94700400
2016-08-25,24.666671752929688,24.73775670267158,24.462587687976196,24.625396225777187,100344800
2016-08-26,24.522207260131836,24.753807167208667,24.377742046380902,24.62998234039623,111065200
2016-08-29,24.494699478149414,24.636871178173205,24.373166423854787,24.4488385423908,99881200
2016-08-30,24.30666160583496,24.421315670013428,24.192007541656494,24.260800679956446,99455600
2016-08-31,24.329591751098633,24.437366849936303,24.224110223369593,24.228697365586857,118649600
2016-09-01,24.474058151245117,24.490109650803007,24.21952598005413,24.33876544112956,106806000
2016-09-02,24.7033634185791,24.765275838403014,24.494692199078216,24.696482705725746,107210000
2016-09-06,24.69647789001465,24.834064128540437,24.652910547331064,24.74234055268381,107521600
2016-09-07,24.847824096679688,24.939547680081855,24.552016458685664,24.7262910922016,169457200
2016-09-08,24.196590423583984,24.59787960656705,24.132384434223813,24.593294214247894,212008000
2016-09-09,23.648548126220703,24.242457125529008,23.648548126220703,23.994803911543716,186228000
2016-09-12,24.178247451782227,24.242453442063752,23.510960018180622,23.53847762093643,181171200
2016-09-13,24.75381088256836,24.94643061331975,24.59100232711968,24.652916499300602,248704800
2016-09-14,25.6297607421875,25.91868938364895,24.902854621909995,24.932665788966226,443554800
2016-09-15,26.50113296508789,26.537823095187903,26.024171770677892,26.1090163844229,359934400
2016-09-16,26.352088928222656,26.62955154556638,26.150298410922346,26.397951602255997,319547600
2016-09-19,26.044816970825195,26.64101773936924,25.969144870532038,26.414003187971904,188092000
2016-09-20,26.042524337768555,26.168644509466525,25.799458279022133,25.923284879557723,138057200
2016-09-21,26.037940979003906,26.138835374761932,25.783408794043787,26.106732373909512,144012800
2016-09-22,26.28329849243164,26.356677024057987,26.141126822007134,26.22138431761686,124296000
2016-09-23,25.845314025878906,26.3222752621018,25.57931755726196,26.237430640918873,209924800
2016-09-26,25.884296417236328,26.001244032303827,25.57931798893525,25.59995487716264,119477600
2016-09-27,25.932451248168945,25.9530898861506,25.76047017941008,25.911814359669194,98429600
2016-09-28,26.129661560058594,26.287884734717814,26.01042209836854,26.07004270395469,118564400
2016-09-29,25.723777770996094,26.095257451225304,25.63664133960083,25.948500435464002,143548000
2016-09-30,25.92328453063965,25.996663061508404,25.63664937107699,25.787991825595345,145516400
2016-10-03,25.801748275756836,25.92328304601615,25.746714818127575,25.84531737734946,86807200
2016-10-04,25.91181755065918,26.212210627916615,25.826972916476205,25.925575478019944,118947200
2016-10-05,25.92328453063965,26.063162628464802,25.84073346472703,26.00354202542076,85812400
2016-10-06,26.115903854370117,26.219091817299557,25.941629178584012,26.072334748053024,115117200
2016-10-07,26.154882431030273,26.269536485873623,26.02876402039181,26.212209458451948,97433600
2016-10-10,26.611209869384766,26.7717248647122,26.3062296287804,26.375021019856913,144944000
2016-10-11,26.668535232543945,27.216581503017665,26.645603020806266,26.989565203085945,256164000
2016-10-12,26.907005310058594,27.053764069197086,26.77171440250799,26.90929888037617,150347200
2016-10-13,26.824460983276367,26.929942494130234,26.53553230168768,26.780891886593427,140769600
2016-10-14,26.973514556884766,27.097341156356055,26.85886049250196,27.030841589076168,142608800
2016-10-17,26.95517349243164,27.021671315795444,26.778605238792725,26.90472541996338,94499600
2016-10-18,26.936826705932617,27.10651423476536,26.93223956355534,27.09963527068166,98214000
2016-10-19,26.856565475463867,27.00332252045422,26.09526264852068,26.886374898843105,80138400
2016-10-20,26.842805862426758,26.91618438509333,26.675411927663315,26.79694494181589,96503200
2016-10-21,26.737323760986328,26.80841046070586,26.66394523992373,26.785478251419725,92770800
2016-10-24,26.97809600830078,26.998732895785007,26.82904540614804,26.85197586429112,94154800
2016-10-25,27.115680694580078,27.140904723556837,26.900130537681154,27.04688757019222,192516000
2016-10-26,26.50572395324707,26.530947985646417,25.98290173530075,26.212209848398754,264536800
2016-10-27,26.25119400024414,26.567638571846132,26.164055796127844,26.459863476954137,138248000
2016-10-28,26.07691764831543,26.41858623055785,26.01500348104425,26.11131421352364,151446800
2016-10-31,26.035640716552734,26.19386385829256,25.957675056317935,26.060864746380297,105677600
2016-11-01,25.565555572509766,26.08837767865594,25.345420040947253,26.017292738630605,175303200
2016-11-02,25.588491439819336,25.762766095213102,25.505942128824454,25.54492408808244,113326800
2016-11-03,25.314212799072266,25.689903381308593,25.249677166144714,25.57927137013682,107730400
2016-11-04,25.086034774780273,25.411020093508455,24.91778138611206,25.01458485015112,123348000
2016-11-07,25.44789695739746,25.47094514851172,25.22893474565132,25.37183634410256,130240000
2016-11-08,25.59771728515625,25.74983854862855,25.284256886302447,25.4248531721912,97016800
2016-11-09,25.55622100830078,25.657635148951144,24.903948650243816,25.32573560388747,236705600
2016-11-10,24.844022750854492,25.60462355477469,24.392271554707335,25.60462355477469,228538000
2016-11-11,24.99152946472168,25.09294359317326,24.558217589593443,24.689594183967593,136575600
2016-11-14,24.36461639404297,24.8486354811035,23.9889257484387,24.82558728809384,204702000
2016-11-15,24.687288284301758,24.81866487573023,24.468327884742248,24.562825972664704,129058000
2016-11-16,25.351089477539062,25.406407241431,24.569744086822503,24.592792275878757,235362000
2016-11-17,25.34187126159668,25.434065781420426,25.083728716247236,25.309603443428,110528000
2016-11-18,25.367233276367188,25.4778670888229,25.27504048419635,25.288869051329016,113715600
2016-11-21,25.752140045166016,25.81206499593885,25.35570479069008,25.381058330811058,117058400
2016-11-22,25.768268585205078,25.91116840868547,25.676074072933307,25.80283998865094,103862000
2016-11-23,25.636898040771484,25.70143368708752,25.429460778709604,25.666860516999794,109705600
2016-11-25,25.76597023010254,25.784409489252976,25.57236152595205,25.61384897980826,45903600
2016-11-28,25.715253829956055,25.922691024081974,25.673766391130872,25.68298601736579,108776000
2016-11-29,25.689905166625977,25.821281788062535,25.369530567711138,25.533175007853924,114115200
2016-11-30,25.473247528076172,25.86046309920215,25.41562617379233,25.722172200613766,144649200
2016-12-01,25.23585319519043,25.570058176170733,25.12983009178223,25.438681530810076,148347600
2016-12-02,25.330350875854492,25.374141914853848,25.08834045408502,25.162095726491955,106112000
2016-12-05,25.148263931274414,25.360310092391664,24.95004633243658,25.353395811251954,137298000
2016-12-06,25.34187126159668,25.436371127993674,25.166703608242187,25.238153525835095,104782000
2016-12-07,25.590797424316406,25.6276759377741,25.15979078868156,25.18283898036046,119994800
2016-12-08,25.842029571533203,25.913479499111155,25.491690698936363,25.551617408966116,108273200
2016-12-09,26.263816833496094,26.43668092434876,25.885820828842085,25.885820828842085,137610400
2016-12-12,26.11400032043457,26.505824854021338,25.92730592353313,26.111694973729435,105497600
2016-12-13,26.54961585998535,26.717869230371825,26.217716295383603,26.23845913893912,174935200
2016-12-14,26.54961585998535,26.782404866052346,26.501214133224963,26.515042695595305,136127200
2016-12-15,26.69481658935547,26.90455912881031,26.55883105948255,26.59340245964421,186098000
2016-12-16,26.729394912719727,26.85155190613154,26.655639647350466,26.84463762476321,177404400
2016-12-19,26.883825302124023,27.05438405896238,26.678693372807253,26.690218349788257,111117600
2016-12-20,26.95526885986328,27.08203654281105,26.893038570893403,26.906867133228,85700000
2016-12-21,26.980623245239258,27.05898920401707,26.916087607695317,26.92069830092802,95132800
2016-12-22,26.803152084350586,26.853859162610323,26.653336196346185,26.816980648070746,104343600
2016-12-23,26.856159210205078,26.856159210205078,26.64180770848088,26.64180770848088,56998000
2016-12-27,27.02672004699707,27.15118238115364,26.84924529407479,26.856159575117243,73187600
2016-12-28,26.911476135253906,27.201886476816796,26.782403113872995,27.086643775365598,83623600
2016-12-29,26.90456199645996,26.992145816977864,26.828501391069523,26.84002460619699,60158000
2016-12-30,26.69481658935547,27.012885780090002,26.60492743200736,26.886119876414828,122345200
2017-01-03,26.770885467529297,26.81237291902027,26.450510831529634,26.690215911425863,115127600
2017-01-04,26.740917205810547,26.853856325809012,26.678686917179377,26.701735107099655,84472400
2017-01-05,26.876907348632812,26.934528708739055,26.692518292907092,26.717871832030987,88774400
2017-01-06,27.176536560058594,27.2341579147274,26.844636994457726,26.916086911538507,127007600
2017-01-09,27.425460815429688,27.52687496730904,27.183452169077967,27.185755757283022,134247600
2017-01-10,27.453121185302734,27.51535148102723,27.266428539664876,27.37475522048423,97848400
2017-01-11,27.60063362121582,27.642121074033053,27.335574992575964,27.367842816048867,110354400
2017-01-12,27.48539161682129,27.496916593421705,27.245686522941863,27.404722056011995,108344800
2017-01-13,27.436988830566406,27.570670816772438,27.383976402083164,27.453122742110963,104447600
2017-01-17,27.658252716064453,27.713568729126564,27.247988915463793,27.275646042762673,137759200
2017-01-18,27.65595054626465,27.773498626181215,27.591414897201293,27.6582558932925,94852000
2017-01-19,27.607545852661133,27.6789957766911,27.51304773621483,27.519962018093295,102389200
2017-01-20,27.658252716064453,27.761970460363955,27.596022421177622,27.761970460363955,130391600
2017-01-23,27.676685333251953,27.8449386788352,27.60523366845519,27.658246080500277,88200800
2017-01-24,27.651338577270508,27.681301051487395,27.54301013888461,27.554535114294993,92844000
2017-01-25,28.09156608581543,28.14227316630126,27.7227897165518,27.75505753895834,129510400
2017-01-26,28.105388641357422,28.22063133480768,28.027022695409993,28.043156602154472,105350400
2017-01-27,28.107690811157227,28.1998853129592,28.027021281504446,28.15148359516753,82251600
2017-01-30,28.0339412689209,28.0339412689209,27.810371886498583,27.872602176767842,121510000
2017-01-31,27.969404220581055,27.97862384801942,27.801150855607247,27.923307841853358,196804000
2017-02-01,29.675003051757812,30.076049019289613,29.27395884269053,29.27856777817807,447940000
2017-02-02,29.624292373657227,29.82250998639,29.45142829919011,29.497526440793255,134841600
2017-02-03,29.75105857849121,29.776412115490093,29.53901241310441,29.573583819499053,98029200
2017-02-06,30.02994728088379,30.07835077210367,29.709572650884894,29.76258683577543,107383600
2017-02-07,30.315752029418945,30.444823323275603,30.066827312582973,30.087570159753724,152735200
2017-02-08,30.433300018310547,30.474789231859532,30.244303761049476,30.274267997672123,92016400
2017-02-09,30.6531982421875,30.660142499410924,30.352267477861858,30.474954065043175,113399600
2017-02-10,30.583757400512695,30.773576549751276,30.56755530826191,30.662464882881196,80262000
2017-02-13,30.854604721069336,30.977294903869886,30.72960449423391,30.805994895369,92141600
2017-02-14,31.255069732666016,31.271271827292853,30.845340765014317,30.89626768900161,132904800
2017-02-15,31.368484497070312,31.54441509641387,31.162463294293417,31.370801604225175,142492400
2017-02-16,31.33145523071289,31.458768988642536,31.213395774352875,31.405528497207804,90338400
2017-02-17,31.41710662841797,31.44257008902453,31.273587231640903,31.273587231640903,88792800
2017-02-21,31.643962860107422,31.655537803399596,31.477293566795087,31.535164751079183,98028800
2017-02-22,31.738868713378906,31.74118228889425,31.507384003495662,31.581457273926596,83347600
2017-02-23,31.6046142578125,31.824524075169403,31.55137375158817,31.80137771828703,83152800
2017-02-24,31.634700775146484,31.634700775146484,31.315250750514892,31.461087245616497,87106400
2017-02-27,31.697195053100586,31.815254498690994,31.546731426267762,31.745808389315904,81029600
2017-02-28,31.71109390258789,31.815261322905997,31.643961353994563,31.73192668021619,93931600
2017-03-01,32.3592414855957,32.442576110710704,31.852293009336645,31.919422011596236,145658400
2017-03-02,32.1671142578125,32.472672213602706,32.12081449381077,32.40785678261157,104844000
2017-03-03,32.35693359375,32.368508536083255,32.081466214230424,32.125448875790894,84432400
2017-03-06,32.25507354736328,32.35461379366759,32.08377714962105,32.26201780499198,87000000
2017-03-07,32.296749114990234,32.40323010814363,32.1277627262672,32.19026458966033,69785200
2017-03-08,32.17637252807617,32.36156099006867,32.13470697852033,32.16479758691862,74828800
2017-03-09,32.10230255126953,32.12776601435599,31.724984821031658,32.116194602915954,88623600
2017-03-10,32.20878982543945,32.25971675594147,32.09304744378527,32.23425329069046,78451200
2017-03-13,32.22267150878906,32.27591200404332,32.1347097192769,32.141653978128474,69686800
2017-03-14,32.174072265625,32.32684954272171,32.139347427783974,32.24583198544783,61236400
2017-03-15,32.51434326171875,32.5814722721005,32.18331829639664,32.27128361471009,102767200
2017-03-16,32.56758499145508,32.64397537096826,32.46804472766163,32.574529250303875,76928000
2017-03-17,32.405555725097656,32.63935408204473,32.382405834154305,32.63935408204473,175540000
2017-03-20,32.74583435058594,32.75509218644544,32.4611055643844,32.50045754809698,86168000
2017-03-21,32.370826721191406,33.056023138078004,32.34536325730292,32.8962980947936,158119600
2017-03-22,32.736568450927734,32.778237536969804,32.352302970677094,32.37313927978638,103440800
2017-03-23,32.620819091796875,32.77359982087255,32.549059409642595,32.69952303143862,81385200
2017-03-24,32.55601501464844,32.81064965186172,32.48888599147964,32.75509204042147,89582400
2017-03-27,32.61156463623047,32.69026858402224,32.088406970162104,32.266651172541444,94300400
2017-03-28,33.287498474121094,33.343052538036424,32.55137533765912,32.61850787445812,133499200
2017-03-29,33.361572265625,33.447224002478976,33.146293200188246,33.2597184372642,116760000
2017-03-30,33.31759262084961,33.449540601018,33.21805589097636,33.37778090605331,84829200
2017-03-31,33.25510025024414,33.39630608995485,33.104633042453756,33.268988770186674,78646800
2017-04-03,33.26435089111328,33.361574041858745,33.11388724804497,33.266667998720514,79942800
2017-04-04,33.512027740478516,33.53980476318511,33.14165095424152,33.160170146770845,79565600
2017-04-05,33.33842468261719,33.6717631877653,33.28981134554312,33.38472091229311,110871600
2017-04-06,33.25510025024414,33.45417727783338,33.206486898268295,33.4009332418177,84596000
2017-04-07,33.18101119995117,33.375457471805156,33.16480911005119,33.27129007846736,66688800
2017-04-10,33.141666412353516,33.30602211510173,33.07916454993642,33.24120667710491,75733600
2017-04-11,32.78517150878906,33.18332538206427,32.42173891950718,33.08841582958201,121517600
2017-04-12,32.824527740478516,32.90554525771684,32.64165286854683,32.77823151174578,81400000
2017-04-13,32.65092468261719,32.9587998238717,32.65092468261719,32.85000170883526,71291600
2017-04-17,32.831478118896484,32.84305306128152,32.6092512345038,32.7504570543777,66328400
2017-04-18,32.68564224243164,32.880088562393745,32.66480946504497,32.73425558851045,58790000
2017-04-19,32.565269470214844,32.87083100315372,32.512028972388194,32.84305396640531,69313600
2017-04-20,32.97269058227539,33.08380228077083,32.67639036483607,32.69027888562585,93278400
2017-04-21,32.93333435058594,33.028240407807615,32.83611118541318,32.9726863318099,69283600
2017-04-24,33.250465393066406,33.32222509188119,33.143980866576484,33.218057673208875,68537200
2017-04-25,33.45648956298828,33.5421377874475,33.303708785160865,33.31297015288324,75486000
2017-04-26,33.259727478027344,33.472696558222246,33.190284878156184,33.44260241016007,80164800
2017-04-27,33.28519058227539,33.37084234148573,33.17407889150549,33.31528473001229,56985200
2017-04-28,33.252777099609375,33.40324428005763,33.16481531189833,33.354630936915555,83441600
2017-05-01,33.931034088134766,34.07455349864762,33.55602993438086,33.58843765714753,134411600
2017-05-02,34.14631271362305,34.28057428663632,33.99121836173965,34.15325697324642,181408800
2017-05-03,34.042144775390625,34.141685048790784,33.396303914887014,33.70186193025296,182788000
2017-05-04,33.91945266723633,34.06065847493561,33.75278340135599,33.91713909182939,93487600
2017-05-05,34.48196029663086,34.48658744717286,33.97269116293195,33.97269116293195,109310800
2017-05-08,35.41947937011719,35.579204408455304,34.498171078988356,34.498171078988356,195009600
2017-05-09,35.64634323120117,35.85236454808707,35.52133946957119,35.61856265518479,156521600
2017-05-10,35.477352142333984,35.63476361185649,35.211146087985654,35.5630039032327,103222800
2017-05-11,35.78416061401367,35.81205584398719,35.40295890742453,35.43550038676426,109020400
2017-05-12,36.283912658691406,36.3582916702196,35.95152136483856,35.95849428633321,130108000
2017-05-15,36.1909294128418,36.41174683846883,36.03984473919043,36.26298528940645,104038800
2017-05-16,36.13747787475586,36.27461674038462,35.96314772621748,36.246725051580384,80194000
2017-05-17,34.92414093017578,35.92828432192558,34.79862477958509,35.702817038502765,203070800
2017-05-18,35.45643615722656,35.6423890769768,35.12869808193388,35.161239576883396,134272800
2017-05-19,35.577293395996094,35.79113793606161,35.477345821003205,35.651675956065326,107843200
2017-05-22,35.79347610473633,35.93061500381317,35.542440204002865,35.79579923045131,91865600
2017-05-23,35.74929428100586,36.00497630723643,35.6353973354477,36.00497630723643,79675600
2017-05-24,35.64238357543945,35.83530938956026,35.48664904887947,35.75860368899971,76712000
2017-05-25,35.765567779541016,35.87714161466961,35.57031888819925,35.733026297650724,76942400
2017-05-26,35.70512771606445,35.85156612966504,35.63539496926633,35.79577922287557,87710400
2017-05-30,35.71908187866211,35.89573513785693,35.64005306902935,35.660971833916435,80507600
2017-05-31,35.50756072998047,35.83530223601727,35.419235873100675,35.78881490922437,97804800
2017-06-01,35.605186462402344,35.64005461881937,35.382045867058956,35.602863337343535,65616400
2017-06-02,36.13282775878906,36.13282775878906,35.53778142451099,35.698165727231675,111082800
2017-06-05,35.77952575683594,35.90039567917375,35.67028210303369,35.87482710996299,101326800
2017-06-06,35.900394439697266,36.2165133086812,35.74465990415647,35.77255159805733,106499600
2017-06-07,36.114227294921875,36.256015937417885,35.907355689977415,36.032875365239036,84278400
2017-06-08,36.02590560913086,36.15374487368615,35.88876320422132,36.08633878049801,85003200
2017-06-09,34.628944396972656,36.07239978270524,33.940923303853054,36.07239978270524,259530800
2017-06-12,33.80145263671875,33.95718714132232,33.12505081993979,33.875835201353475,289229200
2017-06-13,34.07340621948242,34.273304922515116,33.73869178214807,34.20589882874218,136661600
2017-06-14,33.74101638793945,34.28492554192561,33.43419365691819,34.28492554192561,126124800
2017-06-15,33.53879165649414,33.582955857707404,33.0553192083585,33.313327947296735,128661600
2017-06-16,33.069271087646484,33.58761178507878,33.05299856980585,33.420254542962795,201444400
2017-06-19,34.01530838012695,34.10828661650796,33.392370156780984,33.392370156780984,130165600
2017-06-20,33.70615005493164,34.13848894224757,33.68988108624399,34.13848894224757,99600400
2017-06-21,33.90604019165039,33.952531054455825,33.61316690845245,33.82468827525062,85063200
2017-06-22,33.850276947021484,34.09898618640561,33.7317301418766,33.88281844227054,76425200
2017-06-23,34.00135803222656,34.205906578441414,33.72940337696723,33.73405317486027,141757600
2017-06-26,33.894439697265625,34.46624073856269,33.79216541755218,34.2082319135608,102769600
2017-06-27,33.40862274169922,33.97345416700093,33.38305418258259,33.70614585864433,99047600
2017-06-28,33.896766662597656,33.96184965764989,33.27615153686274,33.58529753673948,88329600
2017-06-29,33.397010803222656,33.734051976744304,33.07159589739899,33.63642750499721,125997600
2017-06-30,33.47603225708008,33.69452657118049,33.42024534281339,33.57597982170818,92096400
2017-07-03,33.35517120361328,33.77356430436874,33.26219653533707,33.67593983865184,57111200
2017-07-05,33.49230194091797,33.65500934423604,33.17386005537008,33.399327295237754,86278400
2017-07-06,33.17619323730469,33.35517320858892,33.101814207564054,33.24360289059974,96515200
2017-07-07,33.51322937011719,33.64572199856492,33.21570617089974,33.21570617089974,76806800
2017-07-10,33.717769622802734,33.92464122689524,33.324945178156696,33.496952176350916,84362400
2017-07-11,33.827030181884766,33.901412766269914,33.55972530610891,33.641077267678725,79127200
2017-07-12,33.875831604003906,33.978102299382456,33.66198707352154,33.906046414266775,99538000
2017-07-13,34.34769058227539,34.51504781603423,33.8061044711886,33.82005031620915,100797600
2017-07-14,34.64287567138672,34.71028529576908,34.245405032323575,34.39416657475594,80528400
2017-07-17,34.763755798339844,35.07522481560062,34.53364226990741,34.591752319997376,95174000
2017-07-18,34.88461685180664,34.896239568229284,34.556875401165534,34.68006839238438,71475200
2017-07-19,35.10311508178711,35.196089730065964,34.854402400170166,34.97759540517962,83692000
2017-07-20,34.9450569152832,35.270475305629525,34.91019230588272,35.21468838383295,68974800
2017-07-21,34.928794860839844,34.9683092749011,34.60570307833285,34.86371187923818,105010400
2017-07-24,35.35183334350586,35.43318884182019,34.842788677882595,35.00084987687023,85972800
2017-07-25,35.50292205810547,35.75860418341942,35.28442767411012,35.28442767411012,75415600
2017-07-26,35.67026138305664,35.77950497340198,35.5772832095914,35.644692828698034,63124000
2017-07-27,34.99618911743164,35.79346069221231,34.238435490087035,35.737673778263115,129905200
2017-07-28,34.74982452392578,34.91950494824149,34.677768599083116,34.84047609820485,68854800
2017-07-31,34.57083511352539,34.94274090774462,34.43137310076057,34.842789762511146,79383600
2017-08-01,34.87763977050781,34.91715416422679,34.496438125904845,34.65682237184076,141474400
2017-08-02,36.5256462097168,37.132315162695846,36.297855848445586,37.023068004924326,279747200
2017-08-03,36.16072082519531,36.541922581900096,36.032878015712306,36.504731301549455,108389200
2017-08-04,36.351322174072266,36.58608549561025,36.18861474593922,36.27694315553541,82239600
2017-08-07,36.91382598876953,36.93939455152754,36.4164041242776,36.50705565646402,87481200
2017-08-08,37.20903778076172,37.61580824160326,36.788321471601,36.86502718411339,144823600
2017-08-09,37.43681335449219,37.48562735094947,36.983555730626804,37.01842033755663,104526000
2017-08-10,36.244384765625,37.33647494874768,36.08337064769913,37.31313822763123,163217200
2017-08-11,36.74843215942383,37.00278965434573,36.41940711122255,36.543083925509904,105028400
2017-08-14,37.301483154296875,37.38549038726419,37.044793397817664,37.17780633363452,88490800
2017-08-15,37.7098388671875,37.84984850346148,37.369141986955476,37.490486520273066,117862000
2017-08-16,37.55815505981445,37.922185077270356,37.37147199528537,37.78917575274607,110686400
2017-08-17,36.83710861206055,37.502166156557706,36.83244055457607,37.45782851216662,111762400
2017-08-18,36.75309371948242,37.21979967147585,36.57107868305969,36.837100933268594,109712400
2017-08-21,36.6854248046875,36.84410312737541,36.19538210568727,36.753095604496394,105474000
2017-08-22,37.28513717651367,37.336475114651016,36.87443723209866,36.92343936170374,86418400
2017-08-23,37.331817626953125,37.44616189620889,37.07513142428197,37.119469070742056,77596400
2017-08-24,37.1661262512207,37.50915538095337,36.99811183826252,37.43681297371242,79275600
2017-08-25,37.30381393432617,37.467160336253635,37.16613650703621,37.254808233405676,101920400
2017-08-28,37.679500579833984,37.80317735670186,37.32013504801597,37.36914073351239,103864000
2017-08-29,38.01552963256836,38.06453175769056,37.33647169897915,37.35980841806438,118067600
2017-08-30,38.11821365356445,38.244222705803224,37.94553115317101,38.22322179054412,109078400
2017-08-31,38.2698860168457,38.39123055486615,38.14854147882526,38.185878807552115,107140400
2017-09-01,38.28154754638672,38.48923150443171,38.1835397464795,38.456562237795964,66364400
2017-09-05,37.82185363769531,38.32822920662865,37.46715609035932,38.21155270980482,117874000
2017-09-06,37.78218078613281,38.03420242474273,37.45782029546227,37.968863877030955,86606800
2017-09-07,37.6305046081543,37.85919311859263,37.42048832623305,37.82418803114955,87714000
2017-09-08,37.01677703857422,37.60482386822451,36.993440320914345,37.53715308410399,114446000
2017-09-11,37.68650436401367,37.81484920865944,37.31080594278718,37.453151395815446,126323200
2017-09-12,37.53715896606445,38.2605545986761,37.04945211242638,37.94552666431986,286856000
2017-09-13,37.25480651855469,37.32714894242823,36.84877456112257,37.30614446546657,179629600
2017-09-14,36.935115814208984,37.19647005785129,36.89077817058727,37.10079802552943,95042800
2017-09-15,37.30846405029297,37.562817865311615,36.8697594440716,36.97943559562694,196458400
2017-09-18,37.026126861572266,37.45316335703749,36.869780750230056,37.362155812802925,113077600
2017-09-19,37.04011535644531,37.282804435462985,36.97244456289605,37.22213038536672,83242400
2017-09-20,36.41938400268555,36.93042379522561,35.89667229386763,36.846416619892054,211805600
2017-09-21,35.79400634765625,36.3563877722776,35.64466061255797,36.3563877722776,150046800
2017-09-22,35.44397735595703,35.53265261117912,35.13361752336297,35.362302403970034,186581600
2017-09-25,35.13129806518555,35.429989647563616,34.80693750803978,35.00062094298071,177549200
2017-09-26,35.73567581176758,35.91769085435358,35.39731469725175,35.41831561123845,146640000
2017-09-27,35.99003219604492,36.10437644790088,35.829018056321864,35.88969211516487,102016800
2017-09-28,35.768333435058594,36.00168634293903,35.63298832120601,35.91067885129297,88022000
2017-09-29,35.9643669128418,35.966702721919496,35.46965964147191,35.752018367161156,105199200
2017-10-02,35.89202117919922,36.041366943535415,35.63766728630668,35.99702930775556,74795200
2017-10-03,36.048362731933594,36.19070817391197,35.915353401941296,35.938686560539594,64921200
2017-10-04,35.815006256103516,35.90368150782453,35.57698883414147,35.85001133158012,80655200
2017-10-05,36.26072311401367,36.27239147633922,35.94803094352074,35.97836441274606,85135200
2017-10-06,36.23970413208008,36.2840417504035,36.067021713526344,36.16269725194189,69630400
2017-10-09,36.36573791503906,36.57342198401405,36.284066485168175,36.35873760849827,65051600
2017-10-10,36.379722595214844,36.86976520256019,36.19304308830553,36.41705992087005,62468000
2017-10-11,36.53142166137695,36.63176176641723,36.34473850427417,36.39607646149456,67622400
2017-10-12,36.40305709838867,36.72274947323156,36.340050810265566,36.484732048203185,64500400
2017-10-13,36.63407516479492,36.70174594299575,36.498730047710374,36.573401128460155,65576800
2017-10-16,37.30846405029297,37.336465259819335,36.78808450204262,36.84642272901109,96486000
2017-10-17,37.4461555480957,37.53949532220988,37.15679655124711,37.28514141116722,75989200
2017-10-18,37.28047180175781,37.50215998724432,37.24313803007735,37.43448562724823,65496800
2017-10-19,36.398399353027344,36.655089073140346,36.17438247064158,36.578082157106444,170336800
2017-10-20,36.46141052246094,36.81144006347656,36.393739711232485,36.54541775473207,95896400
2017-10-23,36.44272994995117,36.797427432652945,36.286383899979256,36.61074435961604,87937200
2017-10-24,36.659759521484375,36.73443063358927,36.449739674777824,36.470740591243164,71028800
2017-10-25,36.49874496459961,36.764767252230676,36.23272267696854,36.6154214690112,84828400
2017-10-26,36.73208999633789,36.830097811477216,36.58507649328712,36.69008461231614,68002000
2017-10-27,38.0482063293457,38.17655118799871,37.03311938262583,37.17079679432446,177816800
2017-10-30,38.90461349487305,39.2196414776492,38.20455447597877,38.244224059767326,178803200
2017-10-31,39.44598388671875,39.5883293386976,38.95594479352543,39.179961647361324,144187200
2017-11-01,38.94428634643555,39.65601378750189,38.645594758165835,39.63967736656179,134551200
2017-11-02,39.22896957397461,39.31997709366315,38.56858021390283,38.87660785634644,165573600
2017-11-03,40.253387451171875,40.66408739781304,39.9313592121437,40.60341690726902,237594400
2017-11-06,40.661746978759766,40.834429424245734,40.07136436630444,40.22304234252588,140105200
2017-11-07,40.79243087768555,40.895106751078096,40.51007578653969,40.58241463533435,97446000
2017-11-08,41.126129150390625,41.126129150390625,40.68042411840414,40.7574310266021,97638000
2017-11-09,41.04212188720703,41.0934598259423,40.40273346157568,40.862439101633605,117930400
2017-11-10,40.906288146972656,41.072565925229945,40.81261284063416,41.00933312803533,100582000
2017-11-13,40.742366790771484,40.866488216955645,40.60887568705364,40.632296307402896,67928400
2017-11-14,40.12643051147461,40.62760092491378,40.088958958034446,40.52455593969533,99130000
2017-11-15,39.59716033935547,39.88755953383596,39.433226751134306,39.80559095298327,116632400
2017-11-16,40.070220947265625,40.25054607177867,39.88286678070278,40.088953147786754,94550000
2017-11-17,39.847747802734375,40.13814702658429,39.728311227840685,40.05617843744174,87598000
2017-11-20,39.80793762207031,39.94376935104812,39.70957745422116,39.88053653832911,65049600
2017-11-21,40.547977447509766,40.67912431395637,39.995284529281854,39.995284529281854,100525200
2017-11-22,40.97420883178711,40.983574933724654,40.526901527731404,40.599500431570824,102355600
2017-11-24,40.9765510559082,41.10067245893679,40.901607943559625,41.00699714198535,56106800
2017-11-27,40.77045440673828,41.00230560250214,40.594810536049096,40.99528013355327,82867200
2017-11-28,40.53158187866211,40.953124315386184,40.24820819101348,40.81963683001923,105715200
2017-11-29,39.69083786010742,40.49645847954459,39.147514569884194,40.42854440832334,166665600
2017-11-30,40.24586868286133,40.31378274336815,39.44727365976507,39.9133131291183,166108800
2017-12-01,40.05850601196289,40.20370377686283,39.46131623846458,39.80089361602775,159037200
2017-12-04,39.76578903198242,40.42620839317383,39.725976834098994,40.39342166706483,130169600
2017-12-05,39.72831344604492,40.16859535793597,39.43791420598076,39.59248171634482,109400800
2017-12-06,39.58076477050781,39.85945365424555,38.98357838933744,39.227136350163626,114240000
2017-12-07,39.65336608886719,39.91565981954569,39.55734657192807,39.58544845064818,102693200
2017-12-08,39.66506576538086,40.04679955966901,39.53626312850785,39.92736302287491,93420800
2017-12-11,40.43790817260742,40.48943066785845,39.52924260925388,39.625262129811176,141095200
2017-12-12,40.210731506347656,40.37232442075216,40.154527761151854,40.31611710207307,77636800
2017-12-13,40.344234466552734,40.64165556869939,40.28100166104409,40.39809759610526,95273600
2017-12-14,40.332523345947266,40.54563880110214,40.199032267393896,40.374676166447735,81906000
2017-12-15,40.742366790771484,40.78920445798504,40.3887382938014,40.66274239915993,160677200
2017-12-18,41.31611251831055,41.498781816939115,40.95077392105341,40.9554587571288,117684400
2017-12-19,40.8758544921875,41.074919045534976,40.77046884714441,40.99060981480351,109745600
2017-12-20,40.831356048583984,41.08193950406594,40.57374354903755,40.95313325429273,93902400
2017-12-21,40.98591232299805,41.22244836664475,40.77280046605222,40.789192036517036,83799600
2017-12-22,40.98591232299805,41.081931834310396,40.86647577195255,40.90862858756254,65397600
2017-12-26,39.94610595703125,40.156877194680966,39.7376717779659,39.9999690824779,132742000
2017-12-27,39.95314025878906,39.99529308624371,39.744709607131966,39.836044306768564,85992800
2017-12-28,40.0655517578125,40.24588052623563,39.92503518464138,40.04681597649069,65920800
2017-12-29,39.63228988647461,39.95079097845605,39.62994925418604,39.934399405467246,103999600
2018-01-02,40.341888427734375,40.351258103264755,39.63931284929152,39.85008766691489,102223600
2018-01-03,40.33486557006836,40.87819243452449,40.27163633682215,40.40512384715967,118071600
2018-01-04,40.522212982177734,40.62525796148265,40.29973145330602,40.407457696409296,89738400
2018-01-05,40.98357009887695,41.07021993214265,40.52689674675764,40.618231417181505,94640000
2018-01-08,40.831356048583984,41.126436533395285,40.73299231349569,40.831356048583984,82271200
2018-01-09,40.826663970947266,40.99762301388554,40.61120790656991,40.87818646172054,86336000
2018-01-10,40.817291259765625,40.81963546502523,40.51518538041785,40.55265692973523,95839600
2018-01-11,41.04915237426758,41.09833424132138,40.864142361699365,40.887559405570876,74670800
2018-01-12,41.47303771972656,41.53627052568865,41.13580085257462,41.25992225875077,101672400
2018-01-16,41.262271881103516,42.011685254549505,41.25056157127931,41.6627380333034,118263600
2018-01-17,41.943763732910156,41.97889108266515,40.99997081899453,41.252894884198874,137547200
2018-01-18,41.981239318847656,42.17796323356067,41.74470678285796,42.007000571162166,124773600
2018-01-19,41.79388427734375,42.056178038174856,41.54798208982235,41.82901162978203,129700400
2018-01-22,41.45196533203125,41.63463472388685,41.35829000361264,41.52222361508757,108434400
2018-01-23,41.4613151550293,42.02337762529229,41.40979624606809,41.52220731072736,130756400
2018-01-24,40.800907135009766,41.52221851030546,40.5620304313799,41.510508202321624,204420400
2018-01-25,40.07257080078125,40.9718667190559,39.93673908810159,40.86882172505862,166116000
2018-01-26,40.16624069213867,40.28099597876492,39.82666324306097,40.28099597876492,156572000
2018-01-29,39.33486557006836,39.850086936789836,39.126434961888506,39.850086936789836,202561600
2018-01-30,39.10300827026367,39.196683568388686,38.571391841021125,38.76577147943991,184192800
2018-01-31,39.21074676513672,39.44728286310411,38.99295002083354,39.07959987736474,129915600
2018-02-01,39.2927131652832,39.48943348596959,39.05383644817289,39.149855976180945,188923200
2018-02-02,37.587791442871094,39.063200793643205,37.49411613346626,38.875846601349544,346375200
2018-02-05,36.648681640625,38.37935916282286,36.53392635472329,37.25992247449914,290954000
2018-02-06,38.1802978515625,38.34189080334102,36.06554568586119,36.25992535441477,272975200
2018-02-07,37.36296463012695,38.26694527664845,37.25289775278819,38.19434637791094,206434400
2018-02-08,36.33485794067383,37.70488146039845,36.30675606695096,37.53860370274349,217562000
2018-02-09,36.77928924560547,37.12730529106897,35.32843481182689,36.93448689935861,282690400
2018-02-12,38.26070785522461,38.538179142646804,37.03794256921059,37.270739013104965,243278000
2018-02-13,38.64399337768555,38.740404349794886,38.01144841694495,38.08199311819697,130196800
2018-02-14,39.35649871826172,39.39647322333067,38.300692420481404,38.33831316239398,162579600
2018-02-15,40.67802047729492,40.70153298957986,39.73978404743447,39.925548323114,204588800
2018-02-16,40.54635238647461,41.10835656359358,40.391158258372265,40.5298939797605,160704400
2018-02-20,40.40995788574219,40.97665865050468,40.30884294882415,40.456986503540875,135722000
2018-02-21,40.22654724121094,40.94374179774385,40.21243542540355,40.6404041368813,149886400
2018-02-22,40.562801361083984,40.903763321580946,40.37703706692749,40.39819940650478,123967600
2018-02-23,41.26824188232422,41.30351244871162,40.807352815892024,40.83792303213014,135249600
2018-02-26,42.08420181274414,42.18296298826137,41.43519826446505,41.46811865630413,152648800
2018-02-27,41.947811126708984,42.43926676848997,41.89372840137815,42.114766828451785,155712400
2018-02-28,41.88431930541992,42.472185918568314,41.867860906039354,42.15238633749347,151128400
2018-03-01,41.150672912597656,42.27467386282315,40.600430490213576,41.98309066020018,195208000
2018-03-02,41.435203552246094,41.45636589511752,40.55104962192992,40.63335240605755,153816000
2018-03-05,41.578643798828125,41.79497834569878,41.03780563762442,41.20005744479094,113605600
2018-03-06,41.54336166381836,41.9148938321395,41.416384041050755,41.83494482565421,95154000
2018-03-07,41.15773010253906,41.35055213514878,40.97901988709075,41.13656775887825,126814000
2018-03-08,41.60685729980469,41.64918198316011,41.16713412291643,41.26354154213285,95096400
2018-03-09,42.321693420410156,42.326397358104835,41.71266445289019,41.846699766789705,128740800
2018-03-12,42.73084259033203,42.888390389697506,42.37577249815485,42.39458106961568,128828400
2018-03-13,42.31935501098633,43.1494226362358,42.147698911966,42.935438262301844,126774000
2018-03-14,41.95957565307617,42.44868119552501,41.811432091203834,42.401652575454754,117473600
2018-03-15,42.00895690917969,42.38284289256637,41.87257497940292,41.973686339074305,90975200
2018-03-16,41.860801696777344,42.11946082223661,41.76674089729456,42.008941625377226,157618800
2018-03-19,41.221214294433594,41.731482166558,40.835573877396754,41.696211599289306,133787200
2018-03-20,41.207115173339844,41.57394350620936,41.13657043516007,41.207115173339844,78597600
2018-03-21,40.2735710144043,41.17182942442222,40.271217251359516,41.16007137335858,148219600
2018-03-22,39.70451736450195,40.60512596898789,39.64573069596585,39.974934604546604,165963200
2018-03-23,38.78510665893555,39.956136503695376,38.78510665893555,39.596362252666424,164115200
2018-03-26,40.62629318237305,40.70389201786306,39.137814257363395,39.52110449652672,150164800
2018-03-27,39.58458709716797,41.18593524587872,39.25067927716535,40.840269375498934,163690400
2018-03-28,39.147216796875,39.979638021810935,38.8438791699243,39.32828073826218,166674000
2018-03-29,39.452903747558594,40.38643621375037,39.245973552114656,39.459957859853,153594000
2018-04-02,39.194252014160156,39.7256858766554,38.67457979286387,39.184847724476676,150347200
2018-04-03,39.596351623535156,39.681004576821195,38.77098802003664,39.41999160319373,121112000
2018-04-04,40.35352325439453,40.44758049433387,38.74512077027734,38.770987049468715,138422000
2018-04-05,40.63334655761719,40.969604583911725,40.464040662906214,40.581614001563636,107732800
2018-04-06,39.59400177001953,40.55810106955422,39.55167349900567,40.20303085074771,140021200
2018-04-09,39.9866943359375,40.70153867662767,39.93966571674338,39.94671983021981,116070800
2018-04-10,40.73916244506836,40.91552245565307,40.334709867083134,40.680375774873454,113634400
2018-04-11,40.54869842529297,40.89671454438979,40.37468857171758,40.49931603844929,89726400
2018-04-12,40.948429107666016,41.15065532880395,40.68976641037829,40.77677309294911,91557200
2018-04-13,41.087181091308594,41.34819406678015,40.88025443918927,41.09893914369185,100497200
2018-04-16,41.3434944152832,41.43049754589345,41.11069789115241,41.157726513426766,86313600
2018-04-17,41.91254425048828,42.07714620383334,41.482225408708985,41.50103757309891,106421600
2018-04-18,41.8184814453125,42.04892775712022,41.59274265944586,41.8114273325075,83018000
2018-04-19,40.63334655761719,41.24237559072981,40.60042616631525,40.85908535852946,139235200
2018-04-20,38.968505859375,40.26181252512337,38.9003113167802,40.11602274007063,261964400
2018-04-23,38.85563278198242,39.25067742200016,38.58521198830198,39.22951508515344,146062000
2018-04-24,38.314815521240234,39.11196293308101,37.91036278722701,38.9567652027621,134768000
2018-04-25,38.481746673583984,38.897957236152585,38.190167132755406,38.23954591845243,113528400
2018-04-26,38.61579132080078,38.97086154573134,38.41591519078752,38.59227521560373,111852000
2018-04-27,38.16901779174805,38.64166141318096,37.77161925587139,38.56406256404047,142623200
2018-04-30,38.86034393310547,39.3306373522608,38.05614261691634,38.124337172004125,169709600
2018-05-01,39.7633056640625,39.786818179609284,38.86269343458145,39.130760510579584,214277600
2018-05-02,41.51984786987305,41.79731920902319,40.868490610877785,41.20474861558211,266157600
2018-05-03,41.595096588134766,41.73853620820341,41.01898793273085,41.357599730142326,136272800
2018-05-04,43.22701644897461,43.32577762819836,41.89608532257385,41.91489748833844,224805200
2018-05-07,43.539756774902344,44.12997360452288,43.443345782398595,43.54445712474156,169805600
2018-05-08,43.74904251098633,43.7890170178285,43.18939223908844,43.49978759299765,113611200
2018-05-09,44.05707931518555,44.066483603045754,43.5538655954105,43.86661109054945,92844800
2018-05-10,44.6872673034668,44.764866127693075,44.1252669595732,44.14643288476444,111957200
2018-05-11,44.51731491088867,44.86431373655376,44.24821414832079,44.72976515621455,104848800
2018-05-14,44.4134521484375,44.739207039830816,44.3449982374365,44.61645824567123,83115200
2018-05-15,44.00979995727539,44.15851476365606,43.69348924068128,44.0900572551773,94780800
2018-05-16,44.420528411865234,44.48662667958038,43.905933713378666,43.92245918077974,76732400
2018-05-17,44.13962936401367,44.59285148855085,43.99091455997095,44.37804201646454,69176000
2018-05-18,43.979122161865234,44.33320237284291,43.93663426545519,44.186850371576995,73190800
2018-05-21,44.29071044921875,44.67783796727846,44.12075167525206,44.37804907404696,73603200
2018-05-22,44.17975997924805,44.585772159242794,44.09005852495706,44.46774544649757,60962800
2018-05-23,44.463035583496094,44.49608292806732,43.84929506787003,43.988569364604146,80233600
2018-05-24,44.4134521484375,44.57632959413416,43.95551151224936,44.55980772674339,92936000
2018-05-25,44.514949798583984,44.76752505903052,44.295418267574824,44.43232966932365,69844000
2018-05-29,44.35444641113281,44.555093305183746,44.11131162058554,44.283633250305584,90056400
2018-05-30,44.260013580322266,44.37804028320312,44.090054840022695,44.311945617740975,74762000
2018-05-31,44.111305236816406,44.432338059704065,43.93898723392432,44.19392538167832,109931200
2018-06-01,44.90681076049805,44.91152923625673,44.31903635845127,44.375690484564544,93770000
2018-06-04,45.282135009765625,45.657459141289145,45.168830359131896,45.23728427671126,105064800
2018-06-05,45.63147735595703,45.78019213484728,45.40722737003066,45.5748268511521,86264000
2018-06-06,45.78963851928711,45.81324530055612,45.303369081014154,45.70702198862382,83734400
2018-06-07,45.66689682006836,45.84157404796199,45.402514536898195,45.827411418877574,85388800
2018-06-08,45.25143814086914,45.32225488450402,44.79585678682235,45.12633012126618,106627200
2018-06-11,45.14048767089844,45.31516847195939,44.89971581227377,45.168816526298656,73234000
2018-06-12,45.38835906982422,45.466257143969734,45.1216175070129,45.17827163417962,67644400
2018-06-13,45.01539611816406,45.529994556999156,44.954023512495155,45.42140837570327,86553600
2018-06-14,45.03898620605469,45.22074831953098,44.90207481165983,45.216026243341155,86440400
2018-06-15,44.57632827758789,44.88792053004648,44.43941685773997,44.85723243194056,246876800
2018-06-18,44.552734375,44.66603903499673,44.189210004753974,44.34972824148201,73939600
2018-06-19,43.832763671875,43.98383772878582,43.304002671742296,43.70293356002438,134314000
2018-06-20,44.023963928222656,44.18920060596678,43.8422017817594,43.98855735509514,82514800
2018-06-21,43.77846908569336,44.46066332896541,43.655720298126006,44.20100312485936,102847600
2018-06-22,43.651004791259766,43.94134953454159,43.599072742622056,43.93426821899007,108801600
2018-06-25,43.001853942871094,43.651000890949916,42.66193641921112,43.29219866020999,126652400
2018-06-26,43.535335540771484,44.0310492206768,43.08919466961261,43.19542160237072,98276800
2018-06-27,43.47160339355469,44.208088991008594,43.44091529303086,43.72417870729085,101141200
2018-06-28,43.787906646728516,43.95550614918332,43.38661657843012,43.45743332033904,69460800
2018-06-29,43.69585037231445,44.186841936704425,43.176533549058156,43.97439168953857,90950800
2018-07-02,44.18448257446289,44.21281143744813,43.29692290853678,43.39134644867132,70925200
2018-07-03,43.414955139160156,44.36625036510577,43.3252536651268,44.32848094426118,55819200
2018-07-05,43.76430130004883,44.0027175522278,43.499922630270966,43.7312539663266,66416800
2018-07-06,44.370967864990234,44.47955043635213,43.71709879140897,43.76903083923939,69940800
2018-07-09,44.987064361572266,45.010667544089124,44.684916250995535,44.732126217918854,79026400
2018-07-10,44.932777404785156,45.152305392959924,44.892645147053265,45.017756794182795,63756400
2018-07-11,44.34971618652344,44.79821622843991,44.285980756772624,44.49606814931717,75326000
2018-07-12,45.09328079223633,45.18298223699675,44.68726865537942,44.739200691620816,72164400
2018-07-13,45.16410446166992,45.284490417668366,45.06259961093862,45.1050911025137,50055600
2018-07-16,45.06496047973633,45.475691136292276,44.94929300416823,45.20895321385602,60172400
2018-07-17,45.192413330078125,45.291555305274834,44.661293290310425,44.791123353742414,62138000
2018-07-18,44.94457244873047,45.27504941787513,44.833627046461345,45.27032734066018,65573600
2018-07-19,45.29393768310547,45.45209306427996,44.7769800450885,44.7769800450885,81147200
2018-07-20,45.19007110595703,45.42376170622383,44.89028222878679,45.270328411060994,82704800
2018-07-23,45.23020553588867,45.31282569115405,44.746295201955945,45.010673935781,63957600
2018-07-24,45.558319091796875,45.714115244336426,45.334069018717855,45.42848896468058,74791600
2018-07-25,45.987918853759766,45.99500016664423,45.42374784678138,45.57246262113224,66839600
2018-07-26,45.843936920166016,46.25703041090715,45.70230342544187,45.93835684872252,76304000
2018-07-27,45.081485748291016,46.075272332840846,44.873761166756026,46.028062364396064,96096000
2018-07-30,44.82891845703125,45.36947935593918,44.630634392951606,45.29866258965634,84118000
2018-07-31,44.91859817504883,45.35529838902304,44.69434817404405,44.92096101416701,157492000
2018-08-01,47.56476593017578,47.626138525018376,46.57570148664053,47.00532045620713,271742800
2018-08-02,48.95512390136719,49.18881810901228,47.29330923044903,47.34760051436628,249616000
2018-08-03,49.096763610839844,49.27380371726621,48.504267082789895,48.87015068978242,133789600
2018-08-06,49.3516960144043,49.39418390606156,48.87958911924481,49.09911709658689,101701600
2018-08-07,48.889034271240234,49.4532019199507,48.80641411605946,49.41071402429666,102349600
2018-08-08,48.92207717895508,49.05426653375146,48.27765227337783,48.638813761264295,90102000
2018-08-09,49.30684280395508,49.519289455339305,48.91027115897772,49.460276096411505,93970400
2018-08-10,49.15998077392578,49.531886186769725,48.95626269114678,49.11971138267579,98444800
2018-08-13,49.47739791870117,49.9701114758063,49.200247220552406,49.5816262731206,103563600
2018-08-14,49.685848236083984,49.87772149361861,49.33289382938896,49.78297042789235,82992000
2018-08-15,49.80192184448242,49.92036248504382,49.34947773005274,49.56030192567116,115230400
2018-08-16,50.53152084350586,50.64759036765416,50.09328899102739,50.15961546611837,114001600
2018-08-17,51.54063034057617,51.628275259237334,50.49361549631433,50.55994196684519,141708000
2018-08-20,51.03844451904297,51.919639595681524,50.95553462143338,51.66381098233199,121150800
2018-08-21,50.93894958496094,51.44824651291401,50.699700789987496,51.35586295698155,104639200
2018-08-22,50.94132614135742,51.251640077324424,50.654698167539145,50.71628962107403,76072400
2018-08-23,51.04554748535156,51.41508169772484,50.83472329421443,50.84656446640167,75532800
2018-08-24,51.20425796508789,51.379547797668636,50.955531900064415,51.30848630582317,73905600
2018-08-27,51.62590789794922,51.81541364909847,51.244528884025435,51.43876965842527,82100400
2018-08-28,52.042816162109375,52.241795568558736,51.85804905404619,51.87936750162545,91107200
2018-08-29,52.81979751586914,52.940609306467366,51.97413305429266,52.14942292375327,109019200
2018-08-30,53.30540466308594,54.07053033633172,52.682405617160015,52.88375619068258,195175200
2018-08-31,53.92129135131836,54.215021849347146,53.535173676561676,53.65598183805528,173360400
2018-09-04,54.09420394897461,54.28844470000517,53.684400386764814,54.106048734719174,109560400
2018-09-05,53.74125289916992,54.40452118215833,53.321975651143546,54.24344365253671,133332000
2018-09-06,52.84821319580078,53.85495860116818,52.421826183564434,53.58964911882037,137160000
2018-09-07,52.42182922363281,53.38593417642667,52.282070132620795,52.552114653610786,150479200
2018-09-10,51.71829605102539,52.55211926147395,51.27769667661744,52.33892391703804,158066000
2018-09-11,53.025882720947266,53.13247858760648,51.299015945884626,51.642493122685174,142996000
2018-09-12,52.36735534667969,53.29829720285223,52.07598871951485,53.28408490192167,197114800
2018-09-13,53.63229751586914,54.09184782917725,52.722674165652904,52.947710684106966,166825600
2018-09-14,53.02351379394531,53.734157753846546,52.71083233114026,53.475957982567735,127997200
2018-09-17,51.6117057800293,52.81269225388577,51.46720802290819,52.6231864653548,148780400
2018-09-18,51.69697952270508,52.552121215029416,51.43166999184598,51.59038003926348,126286800
2018-09-19,51.7277717590332,52.023873403694104,51.000547999297495,51.75856748672499,108495200
2018-09-20,52.12099075317383,52.65397366389171,51.91253405811278,52.17073741523038,106435200
2018-09-21,51.5595817565918,52.43604179491919,51.47193322259395,52.29865021482136,384986800
2018-09-24,52.30101776123047,52.41235225527132,51.315594354443164,51.36060237729222,110773600
2018-09-25,52.632652282714844,52.78188864604864,52.04281659315309,52.05466138008016,98217600
2018-09-26,52.21337127685547,53.00218637259011,52.057028764651164,52.350762852927,95938800
2018-09-27,53.28643798828125,53.63939236210128,52.95243454874563,53.018764626001634,120724800
2018-09-28,53.47357940673828,53.49726536512103,53.06614333153299,53.24853930771341,91717600
2018-10-01,53.83365249633789,54.345317062682476,53.61809322209629,53.99710120068595,94403200
2018-10-02,54.31214904785156,54.48270388831588,53.68441499233851,53.83128025486863,99152800
2018-10-03,54.973045349121094,55.30467772526183,54.430585144800126,54.494544108242195,114619200
2018-10-04,54.006568908691406,55.03937152166361,53.708096157284366,54.66746614555223,128168000
2018-10-05,53.13010025024414,54.106053573442246,52.25127273302901,53.99945772125052,134322000
2018-10-08,53.006927490234375,53.25091493076167,52.161259546536,52.6373932546599,118655600
2018-10-09,53.74125289916992,53.83600757646618,52.64686258167794,52.97612740442457,107564000
2018-10-10,51.251644134521484,53.618089896183506,51.178211501360096,53.40726565940441,167962400
2018-10-11,50.7991943359375,51.99544563029046,50.294639622092426,50.81577776199736,212497600
2018-10-12,52.613704681396484,52.79610429097438,51.36533924220412,52.21337471372891,161351600
2018-10-15,51.488525390625,52.54738521166853,51.46720693867647,52.38867515629245,123164000
2018-10-16,52.6231803894043,52.8221634323742,51.3463903017466,51.860422299164966,116736000
2018-10-17,52.395774841308594,52.7392520002313,51.95754299454812,52.65871322646053,91541600
2018-10-18,51.17109680175781,52.05229548152065,50.45571430054784,51.60695750381726,130325200
2018-10-19,51.950439453125,52.41235728414576,51.505101434232195,51.65433781599349,132314800
2018-10-22,52.26786804199219,52.90981808609586,51.8628029606449,52.06414993793017,115168400
2018-10-23,52.76057052612305,52.88374981323003,50.858413991095595,51.12609101465835,155071200
2018-10-24,50.9507942199707,53.11588899890719,50.820508791603096,52.72977496604514,163702000
2018-10-25,52.06651306152344,52.440785967945864,51.34402433755995,51.57143198729936,119423200
2018-10-26,51.23743438720703,52.15890265203038,50.37755396934203,51.14267968282221,189033600
2018-10-29,50.27568435668945,52.04044917639347,48.81886231052137,51.92200853594996,183742000
2018-10-30,50.52677536010742,50.972109687595996,49.57214413596426,50.01747846345283,146640000
2018-10-31,51.84383773803711,52.22047811049344,51.313222362929515,51.37481380979864,153435600
2018-11-01,52.639747619628906,52.6729108475,51.35821928810906,51.88883454856723,233292800
2018-11-02,49.14813232421875,50.60968954752682,48.66252492433643,49.638478362284054,365314800
2018-11-05,47.75290298461914,48.41617138342954,46.94276932850515,48.3948529327607,264654800
2018-11-06,48.26930618286133,48.49434270740384,47.77659261786653,47.83107430781383,127531600
2018-11-07,49.73323059082031,49.759287679647485,48.354583238431374,48.790443983793224,133697600
2018-11-08,49.55971145629883,49.947172789288295,49.146098487324096,49.913893835035196,101450400
2018-11-09,48.60411834716797,48.97018679479443,48.076406695494214,48.86084322856062,137463200
2018-11-12,46.155723571777344,47.50590577595815,46.06539344615331,47.30385269299909,204542000
2018-11-13,45.69457244873047,46.871225412365966,45.50916064244286,45.55194993542723,187531600
2018-11-14,44.40382766723633,46.22942223730996,44.19701936866865,46.09155124730951,243204000
2018-11-15,45.49964904785156,45.632764830183646,44.42758459138479,44.78177050498005,185915200
2018-11-16,46.003597259521484,46.34589712406459,45.036128252088695,45.283342805851085,147713200
2018-11-19,44.18037414550781,45.330879086693024,43.97356950945979,45.1644843434858,167701200
2018-11-20,42.06953048706055,43.136839943167296,41.72009968887252,42.39994422370587,271300800
2018-11-21,42.0219841003418,42.85158561836727,41.96731232258113,42.723221376680144,124496800
2018-11-23,40.954673767089844,41.97919739438339,40.90951233353466,41.58460159031392,94496000
2018-11-26,41.50853729248047,41.58698130630447,40.47213107904219,41.41821078967106,179994000
2018-11-27,41.41822814941406,41.54421305338429,40.619529415057265,40.76928293409391,165549600
2018-11-28,43.01084518432617,43.0940407289009,41.58221914200425,42.01009386039628,184250000
2018-11-29,42.68043899536133,43.45298939568039,42.2406780858648,43.41971044659814,167080000
2018-11-30,42.44986343383789,42.86585212376688,42.08141558304551,42.85634177965944,158126000
2018-12-03,43.933170318603516,43.96169410234924,43.07504476195522,43.84759534023209,163210000
2018-12-04,42.00060272216797,43.355536810303946,41.900765855372065,43.01323690864135,165377200
2018-12-06,41.53230667114258,41.546568558651884,40.51016241642234,40.82868999457398,172393600
2018-12-07,40.0513916015625,41.47763851102162,40.00622653575494,41.23993069277843,169126400
2018-12-10,40.31524658203125,40.431721089169876,38.824817577209345,39.221789190120006,248104000
2018-12-11,40.08467102050781,40.83582497833246,39.69720611155068,40.8049254280497,189126800
2018-12-12,40.19639587402344,40.86673007468708,40.17737881219227,40.50541315416228,142510800
2018-12-13,40.63615036010742,41.02123948791272,40.30336086904943,40.52680679610269,127594400
2018-12-14,39.335880279541016,40.19162969185467,39.28833945155307,40.17261263523296,162814800
2018-12-17,38.969818115234375,40.018110405344245,38.68219007536979,39.3287555948616,177151600
2018-12-18,39.47614288330078,39.82319429985514,39.0767918244386,39.3121238927217,135366000
2018-12-19,38.24480438232422,39.804166830759186,37.816929655099294,39.459491276959305,196189200
2018-12-20,37.27972412109375,38.534821331791626,36.9160313854446,38.128339295230404,259092000
2018-12-21,35.8297004699707,37.59587154627308,35.56822403128292,37.28685063952054,382978400
2018-12-24,34.90263366699219,36.024614675366145,34.84558249419707,35.216406049533184,148676800
2018-12-26,37.36054229736328,37.374804188002045,34.87649599373954,35.25207483147406,234330000
2018-12-27,37.118080139160156,37.26546147583741,35.67281957140131,37.04439128438854,212468400
2018-12-28,37.13709259033203,37.68144554233319,36.73774518421436,37.43898254454257,169165600
2018-12-31,37.496036529541016,37.88112207522634,37.196522325444576,37.68382412991746,140014000
2019-01-02,37.538822174072266,37.75989235442373,36.661679652061515,36.81856769913238,148158800
2019-01-03,33.7996826171875,34.63879110815515,33.754517541543954,34.225178108567896,365248800
2019-01-04,35.2425537109375,35.311490997459316,34.18237905675144,34.35590471835777,234428400
2019-01-07,35.16411590576172,35.37805511903299,34.68156932360782,35.347151941896,219111200
2019-01-08,35.83445358276367,36.08880268918446,35.30436616393607,35.55158069885025,164101200
2019-01-09,36.44298553466797,36.73298936707537,35.56822249255178,35.96281471962946,180396400
2019-01-10,36.55946731567383,36.59987721410009,35.86060567047333,36.25044639149984,143122800
2019-01-11,36.20051956176758,36.535688433017384,36.01510776642368,36.34076992153444,108092800
2019-01-14,35.65617752075195,35.95806750602516,35.47076568781476,35.85823064422313,129756800
2019-01-15,36.38593292236328,36.461997528565014,35.668054385581975,35.72035038921636,114843600
2019-01-16,36.8304557800293,37.053901744956434,36.36930195915994,36.3883190228914,122278800
2019-01-17,37.049137115478516,37.47701187238664,36.43109539692976,36.65454130482251,119284800
2019-01-18,37.277347564697266,37.529317310673214,37.07767020986163,37.43898716508409,135004000
2019-01-22,36.44062042236328,37.25595674761718,36.27897717034387,37.17989210859329,121576000
2019-01-23,36.58797836303711,36.87798212341248,36.060266840198814,36.64265013280645,92522400
2019-01-24,36.297977447509766,36.72109700768508,36.06978000885468,36.63314628936311,101766000
2019-01-25,37.50077819824219,37.58873254360028,36.68306647897274,36.95880474811653,134142000
2019-01-28,37.15372848510742,37.16085942867184,36.526180061507155,37.032495190246195,104768400
2019-01-29,36.76865005493164,37.58874507388774,36.63315846080026,37.14185313626924,166348800
2019-01-30,39.281211853027344,39.49514741075342,38.087917745132394,38.80579627840674,244439200
2019-01-31,39.5640869140625,40.17261830328575,39.1171950882309,39.48564290460484,162958400
2019-02-01,39.583106994628906,40.16786619757071,39.4428566249422,39.68769901522233,130672400
2019-02-04,40.70746612548828,40.80492720687015,39.76376574470043,39.79466892346387,125982000
2019-02-05,41.4039421081543,41.61788130053395,40.96894003396188,41.09016970398383,144406400
2019-02-06,41.41822814941406,41.73438010959018,41.08781429477111,41.51568563731572,112958400
2019-02-07,40.6337776184082,41.34690111854977,40.491151467526414,40.9808290239489,126966800
2019-02-08,40.681514739990234,40.74119655717488,40.20644616383237,40.3425224555041,95280000
2019-02-11,40.447566986083984,40.872504955475414,40.40459781813627,40.83430771106207,83973600
2019-02-12,40.796104431152344,40.822364577465294,40.51201838722743,40.607511484133255,89134000
2019-02-13,40.626609802246094,41.17568331587446,40.5645420161693,40.91547143544663,89960800
2019-02-14,40.77461242675781,40.884424914845106,40.43562019051116,40.51440061510692,87342800
2019-02-15,40.68389892578125,40.989469525015814,40.52395209982948,40.88204298730956,98507200
2019-02-19,40.8056640625,40.927417341950274,40.46189973940875,40.51442004766372,75891200
2019-02-20,41.06825256347656,41.37621278615762,40.81997780185189,40.867722528007896,104457600
2019-02-21,40.836692810058594,41.149425001369984,40.65526136696296,41.01335232972067,68998800
2019-02-22,41.29266357421875,41.29982510218546,40.913088021224546,40.96083275523248,75652800
2019-02-25,41.593475341796875,41.98498814582963,41.52663195886625,41.5767663174098,87493600
2019-02-26,41.617332458496094,41.8488982409956,41.340407904190954,41.46932269171113,68280800
2019-02-27,41.74623489379883,41.77727060333604,41.235358701842735,41.349950409662185,111341600
2019-02-28,41.335636138916016,41.75579857516945,41.28072987242926,41.61495032332995,112861600
2019-03-01,41.770111083984375,41.81308024446465,41.273557920974135,41.60538868343181,103544800
2019-03-04,41.98020935058594,42.43378989520245,41.53140073061845,41.942012097250284,109744800
2019-03-05,41.903804779052734,42.016006907094805,41.667463428832036,42.001683851206835,78949600
2019-03-06,41.66269302368164,41.894258816148955,41.52423074056893,41.69850066470656,83241600
2019-03-07,41.180458068847656,41.64358960039428,41.06586998808738,41.5075132948063,99185600
2019-03-08,41.2783317565918,41.31652899276633,40.46427091873069,40.66002902210845,95997600
2019-03-11,42.708309173583984,42.76082946689261,41.860830238999526,41.894251912678726,128044000
2019-03-12,43.188148498535156,43.60830715521068,42.820506486591356,42.97090582263098,129870400
2019-03-13,43.379146575927734,43.75872217247237,43.19054993732673,43.508057736808695,124130000
2019-03-14,43.86137390136719,43.94970549569303,43.58206334595779,43.90195711273196,94318000
2019-03-15,44.431922912597656,44.7207845418945,43.86375442838504,44.12874187114219,156171600
2019-03-18,44.88550567626953,44.97383360710313,44.35314120168987,44.35553080588926,104879200
2019-03-19,44.52981185913086,45.11708273704642,44.384188031378365,44.9642973802807,126585600
2019-03-20,44.9189338684082,45.23644164440341,44.10009725817005,44.45818824186077,124140800
2019-03-21,46.573307037353516,46.8693301940771,45.31282721306185,45.362961547719905,204136800
2019-03-22,45.608856201171875,47.194005494555036,45.54439880342435,46.63299482334304,169630800
2019-03-25,45.05738830566406,45.83086236441141,44.54651207027704,45.718660250980165,175381200
2019-03-26,44.59186553955078,46.04571739465231,44.064280308272146,45.75446983136156,199202000
2019-03-27,44.9929313659668,45.300887958578926,44.534575419245186,45.05977471386228,119393600
2019-03-28,45.05261993408203,45.253150007800876,44.768533841635445,45.10752619750009,83121600
2019-03-29,45.34625244140625,45.37728815780185,45.00964605534381,45.31760632946552,94256000
2019-04-01,45.654212951660156,45.759249910216006,44.97145268625358,45.74970242041629,111448000
2019-04-02,46.317874908447266,46.4229155104042,45.60885448792773,45.618401977792104,91062800
2019-04-03,46.635379791259766,46.909914730827474,46.11017681396402,46.13405100118274,93087200
2019-04-04,46.71654510498047,46.87887791765802,46.107789772060734,46.50168835311438,76457200
2019-04-05,47.02928161621094,47.05315580507173,46.773841637621636,46.897980862856144,74106400
2019-04-08,47.769325256347656,47.80035732251718,46.87170844484058,46.89080706239274,103526800
2019-04-09,47.626102447509766,48.42584046197502,47.5616450483043,47.8218606070634,143072800
2019-04-10,47.893470764160156,47.92212051778951,47.310975557121054,47.43033920962285,86781200
2019-04-11,47.494789123535156,47.98418075027225,47.373039528521915,47.94837311723572,83603200
2019-04-12,47.4756965637207,47.77888125198127,46.8406847198041,47.55447700914382,111042800
2019-04-15,47.561641693115234,47.70965510465262,47.270394078957786,47.40647039627106,70146400
2019-04-16,47.56640625,48.07250687229438,47.40168385882599,47.61654057706165,102785600
2019-04-17,48.492679595947266,48.55236142338571,47.413631135907046,47.63564578548703,115627200
2019-04-18,48.666954040527344,48.73618336401421,48.347060289936984,48.490294503503264,96783200
2019-04-22,48.82689666748047,48.92477573931631,48.30408327313111,48.42106096698539,77758000
2019-04-23,49.531131744384766,49.59558912565622,48.676487701631046,48.80301286021159,93292000
2019-04-24,49.45475387573242,49.769872052792415,49.42849372408659,49.50249861253667,70162400
2019-04-25,49.00593948364258,49.59798216323231,48.96774224168466,49.37596752439472,74172800
2019-04-26,48.771995544433594,48.93910395133918,48.25156805699613,48.91522976062835,74596400
2019-04-29,48.845985412597656,49.170654635881924,48.666939965404616,48.795851084600464,88818800
2019-04-30,47.90541458129883,48.55713919547273,47.533000516056596,48.475972774625596,186139600
2019-05-01,50.25687026977539,51.400372389710334,49.948910024794905,50.10408494939952,259309200
2019-05-02,49.92982482910156,50.76537057139954,49.68632554979749,50.094547286842186,127985200
2019-05-03,50.550506591796875,50.57199117489854,50.1876400699806,50.34520096477196,83569600
2019-05-06,49.76985549926758,49.85579745400678,48.58099482761586,48.76958775020785,129772400
2019-05-07,48.42822265625,49.51681861609969,47.943606504322965,49.149180158416655,155054800
2019-05-08,48.43776321411133,49.02025835484054,48.16322830168545,48.19903593628389,105358000
2019-05-09,47.91734313964844,48.146519303878975,46.948110900817596,47.84094865644529,139634400
2019-05-10,47.25353240966797,47.65374559844612,46.19669328966047,47.31104893148047,164834800
2019-05-13,44.507171630859375,45.408241627342775,43.81938698504411,44.98406973256331,229722400
2019-05-14,45.21174240112305,45.46097333316388,44.43289071050813,44.67253738454349,146118800
2019-05-15,45.75333023071289,45.952237355333416,44.57906330726603,44.63897495961979,106178800
2019-05-16,45.55202102661133,46.12477618971164,45.2548579597258,45.511281548014495,132125600
2019-05-17,45.2932014465332,45.74852846399696,44.75639181667489,44.79713129451395,131516400
2019-05-20,43.87690353393555,44.17886064816322,43.203497043820846,43.979953493197925,154449200
2019-05-21,44.718055725097656,45.05355949267553,44.262725004279886,44.38734225654459,113459200
2019-05-22,43.8026123046875,44.50477885718109,43.74749460169806,44.253149155342534,118994400
2019-05-23,43.05491256713867,43.26579910587868,42.61156485806626,43.08846294762348,146118800
2019-05-24,42.889549255371094,43.64922848473397,42.80567148862793,43.184313528603276,94858800
2019-05-28,42.71221160888672,43.27777771943375,42.635526599968856,42.877568344534325,111792800
2019-05-29,42.508522033691406,42.980626205477755,42.17780850142833,42.278459651091545,113924800
2019-05-30,42.7289924621582,42.9518620603252,42.33836730703267,42.64511468367893,84873600
2019-05-31,41.95493698120117,42.65470469718947,41.935764812126756,42.23292429098691,108174400
2019-06-03,41.53075408935547,42.637920146638415,40.80462522623916,42.081941968554716,161584400
2019-06-04,43.050113677978516,43.095647115572724,41.823124296022876,42.04359872204823,123872000
2019-06-05,43.745086669921875,44.33222373730935,43.409582908600534,44.16207305046419,119093600
2019-06-06,44.38734817504883,44.447259831298844,43.65163128107434,43.87450454381739,90105200
2019-06-07,45.56881332397461,45.99298895828107,44.519163384744395,44.69649958213684,122737600
2019-06-10,46.151145935058594,46.8197583874518,45.92108357381099,45.966617016110206,104883600
2019-06-11,46.6855583190918,46.9707383872319,46.395587951299646,46.697541381656485,107731600
2019-06-12,46.5369758605957,46.96354653458816,46.345257840924276,46.47945935767915,73012800
2019-06-13,46.52740478515625,47.16007191931145,46.39560202710932,46.65921119992158,86698400
2019-06-14,46.18949890136719,46.39319636982068,45.60476046163178,45.904318788814436,75046000
2019-06-17,46.465084075927734,46.72150772045912,46.052891587494855,46.22783260024407,58676400
2019-06-18,47.55788040161133,47.998829391898425,46.78142753974012,46.98272986269059,106204000
2019-06-19,47.418888092041016,47.900580266155806,47.284686534361455,47.85264800408323,84496800
2019-06-20,47.79990768432617,48.07549978419182,47.457211178964215,48.017983289502084,86056000
2019-06-21,47.636962890625,48.133033233178,47.48598432433185,47.6417568477169,191202400
2019-06-24,47.58903503417969,47.967677202569334,47.49077902420712,47.57944711984593,72881600
2019-06-25,46.8676872253418,47.75198010596596,46.800582813293786,47.55307298954988,84281200
2019-06-26,47.881404876708984,48.16658499598298,47.29427127293673,47.39492243443615,104270000
2019-06-27,47.86701202392578,48.30556572995288,47.82627254173312,47.998814725312755,83598800
2019-06-28,47.43085861206055,47.80950071063,47.222367222720095,47.61298872692093,124442400
2019-07-01,48.300785064697266,49.00534683032315,48.08510087662033,48.689011483830775,109012000
2019-07-02,48.583560943603516,48.67942179095116,48.25524622614172,48.26722928914985,67740800
2019-07-03,48.98617172241211,48.993360829245304,48.57397919929373,48.715369842636605,45448000
2019-07-05,48.94303512573242,49.146736244332814,48.6243046370855,48.73214855676673,69062000
2019-07-08,47.934120178222656,48.26483004258469,47.54828895586912,48.123439407842795,101354400
2019-07-09,48.22649002075195,48.29119197920028,47.64414679769493,47.73760883883773,82312000
2019-07-10,48.70338821411133,48.82321154048537,48.303178742828166,48.37267831988703,71588400
2019-07-11,48.34872055053711,48.98138767689994,48.33913629172604,48.72256880838083,80767200
2019-07-12,48.72016906738281,48.88792100615838,48.45655626593691,48.516467933836616,70380800
2019-07-15,49.177894592285156,49.3360586148412,48.88792051361614,48.90948783623042,67789600
2019-07-16,49.00773239135742,49.393563584814785,48.76808577819675,49.02929970892977,67467200
2019-07-17,48.73214340209961,49.14912619568089,48.712971233000175,48.89989531082296,56430000
2019-07-18,49.285736083984375,49.3384586450495,48.81602699178186,48.88792172566321,74162400
2019-07-19,48.55000686645508,49.48702600893368,48.494889168873144,49.31687530328883,83717200
2019-07-22,49.659568786621094,49.661963936205034,48.794444413619274,48.804028668671954,89111600
2019-07-23,50.04780578613281,50.064582806950405,49.67635274522786,49.95674254519547,73420800
2019-07-24,50.00705337524414,50.12208271428454,49.64758349111573,49.7674067858252,59966400
2019-07-25,49.61164855957031,50.14366439422553,49.542148986036345,50.05978660733076,55638400
2019-07-26,49.7841911315918,50.26108557444569,49.64040169408489,49.72188066887074,70475600
2019-07-29,50.24909973144531,50.47916208738292,49.95194027355907,49.95673422966865,86693600
2019-07-30,50.03342819213867,50.364141745221836,49.6811473177808,50.02863423517171,135742800
2019-07-31,51.054317474365234,53.05057438127152,50.63733467006725,51.86432427022654,277125600
2019-08-01,49.949546813964844,52.25015599273981,49.54454706892121,51.260414211398206,216071600
2019-08-02,48.8927116394043,49.47025729958617,48.31995627949175,49.25457677249791,163448400
2019-08-05,46.33327865600586,47.6058016786869,46.151148533272625,47.44763768168687,209572000
2019-08-06,47.21038818359375,47.46681184418083,46.5010325186815,47.04503141655611,143299200
2019-08-07,47.69926071166992,47.823877975536284,46.448308743686994,46.82934598449226,133457600
2019-08-08,48.75130844116211,48.77527456500826,47.783137739281464,47.97725090959715,108038000
2019-08-09,48.349586486816406,48.7753700310641,47.940636364989096,48.42415862155094,98478800
2019-08-12,48.226905822753906,48.604582383905836,47.90696431029729,48.02002648652675,89927600
2019-08-13,50.26921844482422,51.031784025977196,48.22688730523221,48.356790197265404,188874000
2019-08-14,48.77296447753906,49.66062099046996,48.73447445076552,48.87159379466716,146189600
2019-08-15,48.530006408691406,49.34789934560565,48.03205128836314,48.94376504847943,108909600
2019-08-16,49.675048828125,49.833817419611805,49.035165962273794,49.14101168993166,110481600
2019-08-19,50.60120391845703,51.17372750673664,50.52422385951554,50.66615171375127,97654400
2019-08-20,50.603607177734375,51.32287444811057,50.59398650586073,50.728697935758746,107537200
2019-08-21,51.152069091796875,51.39503047697511,50.90189128621012,51.23626555737707,86141600
2019-08-22,51.1087760925293,51.58507824401724,50.69742173173677,51.28438179246483,89014800
2019-08-23,48.74650573730469,51.010149632314025,48.3519921175975,50.379887338546645,187272000
2019-08-26,49.67265319824219,49.84104248936947,49.32865452365744,49.52110100092201,104174400
2019-08-27,49.112152099609375,50.16819791599971,48.96059990979167,50.00221288345861,103493200
2019-08-28,49.44171905517578,49.48742550865508,48.910089719870605,49.09772403475613,63755200
2019-08-29,50.278846740722656,50.35342253777785,49.713539661494714,50.15616392017947,83962000
2019-08-30,50.21390914916992,50.625259888422256,49.843449021122325,50.55549991840913,84573600
2019-09-03,49.48261260986328,49.790525515438006,49.12658900103214,49.65821832852433,80092000
2019-09-04,50.32215118408203,50.391911143051544,49.87231048470653,50.12970472847496,76752400
2019-09-05,51.306026458740234,51.47201147242179,50.88023929372371,50.99811361359005,95654800
2019-09-06,51.30121612548828,51.58026329846532,51.120798264261694,51.491258328188984,77449200
2019-09-09,51.52012252807617,52.06618826677123,50.774397592176236,51.681295372324975,109237600
2019-09-10,52.12873458862305,52.14797960143516,50.92835673818088,51.445553151541986,127111600
2019-09-11,53.78618240356445,53.8150517630095,52.37651709261264,52.45830932866019,177158400
2019-09-12,53.66590118408203,54.46695704558074,53.610574059650254,54.07725558292079,128906800
2019-09-13,52.62187957763672,53.11261457668617,52.205716712062376,52.92257603236607,159053200
2019-09-16,52.898521423339844,52.953852216544,52.33561851362574,52.37651279298673,84632400
2019-09-17,53.09095764160156,53.11982699309965,52.710876937269475,52.9129477153141,73274800
2019-09-18,53.58891677856445,53.60816179083854,52.787861036882994,53.177562441253684,101360000
2019-09-19,53.15351486206055,53.82707201378475,53.011583339522566,53.40609695865153,88242400
2019-09-20,52.376502990722656,53.53839437139398,52.31395945821873,53.254538719325595,221652400
2019-09-23,52.614662170410156,52.884085014203336,52.357264248091994,52.66998928927248,76662000
2019-09-24,52.364471435546875,53.52155425094188,52.24660079747753,53.17033924526207,124763200
2019-09-25,53.17034912109375,53.28341128066549,52.2345819095354,52.573768388250606,87613600
2019-09-26,52.8961181640625,53.14870393718803,52.641128140556994,52.92257960068729,75334000
2019-09-27,52.638729095458984,53.15352136474744,52.2682689460782,53.05248410901695,101408000
2019-09-30,53.87758255004883,54.02432255121269,53.112608941660135,53.13907037369331,103909600
2019-10-01,54.026729583740234,54.89995321519849,53.932912441810814,54.14219965889246,139223200
2019-10-02,52.672393798828125,53.78376662810997,52.424616563859,53.65867588561685,138449200
2019-10-03,53.11983871459961,53.15351657327003,51.751067761117135,52.54490352557878,114426000
2019-10-04,54.60888671875,54.724356813505494,53.858349455896516,54.27932454100421,138478800
2019-10-07,54.62089920043945,55.31129696176771,54.32741921974298,54.43086069028863,122306000
2019-10-08,53.98102569580078,54.86146578985083,53.96418860317499,54.32262009604962,111820000
2019-10-09,54.61369705200195,54.79651918996035,54.27932271391052,54.61369705200195,74770400
2019-10-10,55.34978485107422,55.433981308262666,54.67863212570055,54.83018060978545,113013600
2019-10-11,56.82200622558594,57.16600118945812,55.88383113476842,56.03778756451031,166795600
2019-10-14,56.74021911621094,57.28388067537885,56.451551243265854,56.50687836518263,96427600
2019-10-15,56.607913970947266,57.16840893665815,56.502068230785376,56.8653082294218,87360000
2019-10-16,56.3793830871582,56.588670322294504,56.097931637089864,56.13882591575506,73903200
2019-10-17,56.598289489746094,56.80757304870868,56.17491020074965,56.552583041096554,67585200
2019-10-18,56.870121002197266,57.15157244845404,56.36013730971351,56.432305194279344,97433600
2019-10-21,57.856407165527344,57.971877257013034,57.089032829717496,57.137143532530864,87247200
2019-10-22,57.72410202026367,58.26294774953404,57.64230979011836,58.01276989960297,82293600
2019-10-23,58.49869155883789,58.51312807252894,58.027201555375974,58.2388930421775,75828800
2019-10-24,58.59490966796875,58.88838967775828,58.1691224946494,58.81862605034677,69275200
2019-10-25,59.316585540771484,59.35266764688448,58.42652477407812,58.49388048589636,73477200
2019-10-28,59.910762786865234,59.958873485830956,59.350264150917546,59.51865343260309,96572800
2019-10-29,58.525150299072266,60.07915117989535,58.351952519479724,59.89151688727669,142839600
2019-10-30,58.51792907714844,59.00866770266938,58.024789872236575,58.87876479036825,124522000
2019-10-31,59.840999603271484,59.93962892278996,57.07459217991583,59.47535535189402,139162000
2019-11-01,61.539329528808594,61.56578729051356,59.93721808993983,60.02862730743966,151125200
2019-11-04,61.94346618652344,62.027662657351385,61.43348620261237,61.902568240845305,103272000
2019-11-05,61.85447311401367,62.10946315501973,61.65962237213589,61.83522442720772,79897600
2019-11-06,61.880916595458984,61.94105588070297,61.4310759164294,61.76785444555144,75864400
2019-11-07,62.5951042175293,62.81708447430913,62.2766136869042,62.428620865759896,94940400
2019-11-08,62.76642608642578,62.83880696047028,61.97261480584435,62.41656801426399,69986400
2019-11-11,63.26346969604492,63.328612491580756,62.31765108754787,62.322474025388495,81821200
2019-11-12,63.205535888671875,63.40580187077444,62.95461066850528,63.10661047248142,87388800
2019-11-13,63.81114959716797,63.885945606147736,62.99080128485799,63.00527745670818,102734400
2019-11-14,63.36962127685547,63.91008474357513,63.23932834710609,63.637437860118794,89182800
2019-11-15,64.12239837646484,64.12722131238719,63.4588802057258,63.62053323662518,100206400
2019-11-18,64.44571685791016,64.5253358048109,63.7532462907842,64.1320492800849,86703200
2019-11-19,64.25028991699219,64.66287560634905,64.03313994171292,64.63874619503746,76167200
2019-11-20,63.5023307800293,64.19962447099206,62.82915914031939,64.06933888647802,106234400
2019-11-21,63.21761703491211,63.70017582792511,63.01735101238453,63.62296465385995,121395200
2019-11-22,63.1620979309082,63.49988749468221,62.93529478881845,63.35753358435103,65325200
2019-11-25,64.26957702636719,64.28646834745726,63.340650088807934,63.386493752760344,84020400
2019-11-26,63.767730712890625,64.4602013696049,63.33583855209806,64.40711961038312,105207600
2019-11-27,64.624267578125,64.65805022533677,64.01383104765496,64.0789738287976,65235600
2019-11-29,64.48191833496094,64.66287788127046,64.15618967895124,64.3250882008119,46617600
2019-12-02,63.736366271972656,64.72319812020456,63.565059962147224,64.48674166082677,94487200
2019-12-03,62.59992599487305,62.61922510170992,61.837482417750664,62.32486402043648,114430400
2019-12-04,63.152462005615234,63.53127239604307,62.896706454141444,62.990808945873894,67181600
2019-12-05,64.0789794921875,64.15378288001588,63.39133909623157,63.64709466989342,74424400
2019-12-06,65.3167495727539,65.38672266610301,64.49398586889878,64.53742176047683,106075600
2019-12-09,64.40230560302734,65.33846356133417,63.91733161576993,65.14544297190798,128042400
2019-12-10,64.7786865234375,65.16231982994417,64.14652840241263,64.80763886909658,90420400
2019-12-11,65.33122253417969,65.41084886210179,64.7835209297938,64.85831695707625,78756800
2019-12-12,65.49768829345703,65.76309704302184,64.49879564379098,64.60978207969583,137310400
2019-12-13,66.38801574707031,66.42420617913521,65.36981653316047,65.49769430196437,133587600
2019-12-16,67.52442169189453,67.74881703806291,66.8295434896548,66.83436642490469,128186000
2019-12-17,67.65715789794922,67.98529434981573,67.26869423240927,67.45448408416172,114158400
2019-12-18,67.49549102783203,68.01665536931156,67.34589899118984,67.50996720149017,116028400
2019-12-19,67.56305694580078,67.84294194171301,67.3048935762057,67.43759430484558,98369200
2019-12-20,67.4231185913086,68.19762343192532,67.21079153341988,68.09629020364594,275978000
2019-12-23,68.52334594726562,68.58366579405019,67.64750059383174,67.68610617936537,98572000
2019-12-24,68.58848571777344,68.73808511636746,68.26276445005648,68.68982629575491,48478800
2019-12-26,69.94930267333984,69.96619399633411,68.69223922394772,68.72119157007391,93121200
2019-12-27,69.92276000976562,70.92889824450315,69.51741242648437,70.24125055231326,146266000
2019-12-30,70.3377685546875,70.62006869460002,68.81771126880989,69.84073357609194,144114400
2019-12-31,70.85169982910156,70.85893791713207,69.85521465174138,69.95414009700069,100805600
2020-01-02,72.46826934814453,72.5285891982157,71.22326675908423,71.47660718407792,135480400
2020-01-03,71.76374053955078,72.52376928666806,71.53935243232584,71.696182592324,146322800
2020-01-06,72.33556365966797,72.37416924858576,70.63454677653742,70.88547942287144,118387200
2020-01-07,71.99534606933594,72.6009522080095,71.77578098551396,72.34519669570282,108872000
2020-01-08,73.15349578857422,73.45509501348069,71.69858142215591,71.69858142215591,132079200
2020-01-09,74.70734405517578,74.90036463569696,73.87975745537804,74.13068273740295,170108400
2020-01-10,74.876220703125,75.44082088635776,74.3743628731269,74.94137084294664,140644800
2020-01-13,76.47588348388672,76.50242803530203,75.07405136528745,75.19228322716697,121532000
2020-01-14,75.44322204589844,76.62308154945259,75.32017458987174,76.41316970238127,161954400
2020-01-15,75.11991882324219,76.12364189473249,74.6880266854858,75.2429736592525,121923600
2020-01-16,76.06092834472656,76.17192218872837,75.30089958102596,75.66281874119426,108829200
2020-01-17,76.90298461914062,76.90539240608445,76.00300982033474,76.30943200280402,137816400
2020-01-21,76.3818130493164,76.97294309653658,76.24428203921465,76.53140508279039,110843200
2020-01-22,76.6544418334961,77.20696616699412,76.56033936565174,76.86676144697746,101832400
2020-01-23,77.02360534667969,77.1032242879984,76.15982119740589,76.70753000449464,104472000
2020-01-24,76.80162048339844,78.01284003043101,76.61100775709045,77.26970295766732,146537600
2020-01-27,74.54325866699219,75.223660842835,73.56124993820636,74.81107521306389,161940000
2020-01-28,76.65205383300781,76.8233601467646,75.32501712161712,75.42394256005781,162234000
2020-01-29,78.25655364990234,79.103446634538,77.54236874294361,78.28309821074268,216229200
2020-01-30,78.1431655883789,78.19624735599628,76.90781612011679,77.33970834921887,126743200
2020-01-31,74.67838287353516,77.85602816826189,74.38402173692818,77.43378925544725,199588400
2020-02-03,74.47331237792969,75.63868882615688,72.919472204784,73.42133019707448,173788400
2020-02-04,76.93191528320312,77.12252801422878,75.67243689523981,76.0777843995069,136616400
2020-02-05,77.55928039550781,78.3579147679031,76.95608178413589,78.0587232496429,118826800
2020-02-06,78.46643829345703,78.46885344267564,77.27211018855664,77.82946477682879,105425600
2020-02-07,77.3998794555664,78.21491934817361,76.90892029107607,77.96581213428415,117684000
2020-02-10,77.76752471923828,77.76752471923828,75.905268338878,75.98507626887303,109348800
2020-02-11,77.2983169555664,78.33586413946524,77.08065162389036,78.26331148915241,94323200
2020-02-12,79.13397216796875,79.13880655058661,77.74815764169257,77.74815764169257,113730400
2020-02-13,78.57047271728516,78.89697445434517,78.20286026576835,78.4060150979807,94747600
2020-02-14,78.5898208618164,78.8389281598991,78.08193011775062,78.53902662089303,80113600
2020-02-18,77.15079498291016,77.33218399932765,76.08906106405882,76.27045008047632,152531200
2020-02-19,78.26814270019531,78.49790505143669,77.39263964512776,77.39263964512776,93984000
2020-02-20,77.4651870727539,78.51724467318775,76.95971731481961,78.0287063254119,100566000
2020-02-21,75.7117691040039,77.50147989029539,75.09504942814512,77.05888657687778,129554000
2020-02-24,72.11544036865234,73.56655262581305,69.95086901349747,71.89294062243466,222195200
2020-02-25,69.67273712158203,73.16750228692123,69.20113004030677,72.78537928554614,230673600
2020-02-26,70.77798461914062,72.04287320574078,69.29059633111234,69.2978515957081,198054800
2020-02-27,66.1513442993164,69.16965936503753,66.01590779451507,67.98458625765787,320605600
2020-02-28,66.11265563964844,67.33401260273769,62.0035927413547,62.21884455259078,426510000
2020-03-02,72.26777648925781,72.9038482625909,67.16712003880863,68.26996427778492,341397200
2020-03-03,69.97262573242188,73.52301148955354,69.12130192834442,73.4432035732901,319475600
2020-03-04,73.2182846069336,73.37790783984885,70.89409003325196,71.69461969933852,219178400
2020-03-05,70.84329986572266,72.44677262458974,70.4781009386349,71.47210923904862,187572800
2020-03-06,69.9024658203125,70.33538285888265,68.0160236433771,68.20224697983885,226176800
2020-03-09,64.37377166748047,67.25664434069014,63.60709732294457,63.78848638375145,286744800
2020-03-10,69.01004028320312,69.27607892653965,65.1476640243261,67.02685855623419,285290000
2020-03-11,66.61328887939453,68.01361390598325,65.74987554201819,67.08732407289723,255598800
2020-03-12,60.0349235534668,65.30004285714023,59.9792986243362,61.8996041788163,418474000
2020-03-13,67.22761535644531,67.69922981131083,61.176475967090425,64.06419375596272,370732000
2020-03-16,58.57898712158203,62.659026366343305,58.044492463055505,58.51610322624394,322423600
2020-03-17,61.15468978881836,62.303482965474245,57.65750864986293,59.86078026244391,324056000
2020-03-18,59.65762710571289,60.46299463712357,57.3479399725011,57.98884992987561,300233600
2020-03-19,59.20053482055664,61.149861434253346,58.67571640074359,59.83176871542281,271857200
2020-03-20,55.44215393066406,60.90558973701077,55.142256121470716,59.78097572031221,401693200
2020-03-23,54.26432800292969,55.26317786918558,51.42015002405914,55.16160047962253,336752800
2020-03-24,59.70842742919922,59.904326973466,56.66592859765041,57.1641431646422,287531200
2020-03-25,59.3795051574707,62.45828014038061,59.08444541685393,60.644390107262105,303602000
2020-03-26,62.50424575805664,62.562287889488324,59.58267248738155,59.621369701915675,252087200
2020-03-27,59.91642761230469,61.882682250213904,59.74954910896998,61.128105042477195,204216800
2020-03-30,61.62630081176758,61.79801733681127,60.317880748707644,60.64196519805995,167976400
2020-03-31,61.500553131103516,63.483739105011665,60.9467135877393,61.8173824008547,197002000
2020-04-01,58.264564514160156,60.15342798886396,57.83406826188775,59.61651626922201,176218400
2020-04-02,59.23680877685547,59.290016512254034,57.29473750591379,58.12670897901646,165934000
2020-04-03,58.385494232177734,59.423037724427395,57.79537474123642,58.721668376231186,129880000
2020-04-06,63.478885650634766,63.63366707050028,60.313044309393355,60.68065663971816,201820400
2020-04-07,62.74365997314453,65.71118861311454,62.639665388856514,65.49351591759843,202887200
2020-04-08,64.34956359863281,64.66396824725281,63.17900080091498,63.544192303076315,168895200
2020-04-09,64.8139419555664,65.31699845707908,64.018253860228,64.9856622608012,161834800
2020-04-13,66.0860595703125,66.19489592354667,64.29151446730144,64.89131008954301,131022800
2020-04-14,69.42362213134766,69.71384751910844,67.24695386535642,67.71856827528313,194994800
2020-04-15,68.78994750976562,69.24946473289131,67.87091306351424,68.29898835261409,131154400
2020-04-16,69.3365478515625,69.70174671960459,68.28691109689659,69.50342631571836,157125200
2020-04-17,68.395751953125,69.39944379426973,66.95915028721262,68.85285583806908,215250000
2020-04-20,66.97608947753906,68.12488676722366,66.9567445601854,67.22278330341808,130015200
2020-04-21,64.90581512451172,67.05346190215134,64.19476970811112,66.81886518475746,180991600
2020-04-22,66.77534484863281,67.21067553657838,65.8321234375921,66.1731282940646,116862400
2020-04-23,66.51658630371094,68.14183279733668,66.477889079965,66.71974119282156,124814400
2020-04-24,68.43685150146484,68.44652764676574,66.99299496104605,67.04136830681426,126161200
2020-04-27,68.48526000976562,68.81659619426115,67.70649597976745,68.15391644452998,117087600
2020-04-28,67.3751449584961,69.12857242814091,67.28324737370122,68.94718337955696,112004800
2020-04-29,69.58808898925781,70.05728252965069,68.65937805652075,68.86253288111276,137280800
2020-04-30,71.05612182617188,71.2326764610738,69.7380327214539,70.12741093803704,183064000
2020-05-01,69.91216278076172,72.31375148512824,69.13339900800005,69.23013833651491,240616800
2020-05-04,70.90133666992188,71.02951794095532,69.24706979478302,69.93634950460861,133568000
2020-05-05,71.96548461914062,72.79745613687825,71.21574190038736,71.36085458478117,147751200
2020-05-06,72.70796203613281,73.33919216211522,72.28230018886588,72.6668439519477,142333600
2020-05-07,73.46012878417969,73.80598277550787,73.03205337405477,73.33436839325711,115215200
2020-05-08,75.20860290527344,75.26195467448645,73.79236468701193,74.11975020715006,133838400
2020-05-11,76.39205169677734,76.8867601253796,74.50776956187678,74.71632920982042,145946400
2020-05-12,75.51899719238281,77.52695196972876,75.39774386669593,77.07588574980144,162301200
2020-05-13,74.607177734375,76.61998759486177,73.53044749592581,75.6984577813938,200622400
2020-05-14,75.06552124023438,75.12614791139806,73.12304032792042,73.84571291244961,158929200
2020-05-15,74.62174224853516,74.66781911832467,72.80294181174233,72.83689630557373,166348400
2020-05-18,76.3799057006836,76.75336807886046,75.25467849728416,75.94582405017557,135178400
2020-05-19,75.93856811523438,77.24324822854166,75.90704105325906,76.39690202959888,101729600
2020-05-20,77.41543579101562,77.48575742301782,76.75823714177773,76.79703911153015,111504800
2020-05-21,76.83824157714844,77.8179706179206,76.60058237100931,77.27717806754521,102688800
2020-05-22,77.33295440673828,77.41540578523484,76.47447873541405,76.57632739090906,81803200
2020-05-26,76.80914306640625,78.63036319231934,76.75336386600556,78.4509106181763,125522000
2020-05-27,77.14379119873047,77.289296677021,75.92641041182232,76.6660601761675,112945200
2020-05-28,77.17776489257812,78.43637538186252,76.54239845998111,76.81885227689466,133560800
2020-05-29,77.10259246826172,77.8810370209666,76.74610726923865,77.42027570132166,153532400
2020-06-01,78.05078887939453,78.17204223872224,76.92555415248881,77.05650985276371,80791200
2020-06-02,78.41210174560547,78.43635389149792,77.34264649797673,77.78401039078527,87642800
2020-06-03,78.84379577636719,79.10570721874383,78.15992494437354,78.73224474017213,104491200
2020-06-04,78.16475677490234,78.96502587807994,77.79129440641832,78.66674739088378,87560400
2020-06-05,80.39098358154297,80.45161026599361,78.38545552417453,78.41455514859591,137250400
2020-06-08,80.86628723144531,80.90024172394006,79.3772998475136,80.08784274734353,95654400
2020-06-09,83.41986846923828,83.81272809723069,80.51464324949785,80.5461703012507,147712400
2020-06-10,85.56608581542969,86.03412209428994,83.92916515663609,84.3681018078995,166651600
2020-06-11,81.4579849243164,85.13438674688165,81.35613627237949,84.71000009547407,201662400
2020-06-12,82.16126251220703,84.34382269299937,81.05058514318586,83.59690535411025,200146000
2020-06-15,83.17735290527344,83.8296963810466,80.65285780920145,80.81534051982473,138808800
2020-06-16,85.38174438476562,85.653358069437,83.59689886122223,85.23139143477016,165428800
2020-06-17,85.26290130615234,86.1868509327022,85.14164799662386,86.12622427793796,114406400
2020-06-18,85.296875,85.71398677476938,84.68818088081773,85.2192710882484,96820400
2020-06-19,84.8094482421875,86.4681932764156,83.70119078400126,86.00258453034328,264476000
2020-06-22,87.02838897705078,87.17146705960882,85.15623672615204,85.20231359689153,135445200
2020-06-23,88.88597106933594,90.30463659467983,87.85289026819137,88.27242947914962,212155600
2020-06-24,87.31697082519531,89.43405719903721,86.94350839643548,88.51495463894143,192623200
2020-06-25,88.47615051269531,88.51495247583935,86.71312932901027,87.47217654394532,137522400
2020-06-26,85.75764465332031,88.59254854021978,85.60971171941675,88.37186655732566,205256800
2020-06-29,87.73406982421875,87.82865098546023,85.18774958467372,85.66548805897895,130646000
2020-06-30,88.4664535522461,88.75261712274803,87.30242419000004,87.32182147239291,140223200
2020-07-01,88.29911804199219,89.08726487998509,88.25062113854636,88.54405219679813,110737200
2020-07-02,88.29911804199219,89.84146462563768,88.18514698857149,89.20609820497056,114041600
2020-07-06,90.66114044189453,91.12917664404557,89.69596101404703,89.72748807234947,118655600
2020-07-07,90.37979888916016,91.81786146647752,90.26824790864458,91.03941723603027,112424400
2020-07-08,92.48479461669922,92.51632167713927,91.26983347624791,91.35713975136794,117092000
2020-07-09,92.88249969482422,93.4305598406817,91.83486890517743,93.37720806711494,125642800
2020-07-10,93.04497528076172,93.10318192525366,91.86639619002682,92.47751045180962,90257200
2020-07-13,92.61572265625,96.95901797723327,92.40231560385234,94.34964385590663,191649200
2020-07-14,94.14837646484375,94.33995142456507,91.0636910214966,91.99733587271359,170989200
2020-07-15,94.79586029052734,96.27272509234513,93.59787669220981,96.02294350650172,153198000
2020-07-16,93.62940216064453,94.48545043557607,93.03041037162107,93.66820411710265,110577600
2020-07-17,93.44026184082031,94.2356835706405,92.96737078589749,94.08048312128706,92186800
2020-07-20,95.40940856933594,95.54763916358735,93.18319885433614,93.527561622358,90318000
2020-07-21,94.09259033203125,96.2751504170526,93.84280875166303,96.19997393951473,103433200
2020-07-22,94.35692596435547,95.0383691628231,93.70700981931506,93.79430867429807,89001600
2020-07-23,90.06212615966797,94.16776220953983,89.25215478910144,94.09015830080247,197004400
2020-07-24,89.83902740478516,90.1833901651154,86.47303332227233,88.26031386604993,185438800
2020-07-27,91.9682388305664,92.06039256097253,90.67810880703217,90.90121082733599,121214000
2020-07-28,90.45742797851562,91.71603836365466,90.45257310797918,91.53900580557185,103625600
2020-07-29,92.19135284423828,92.37566031423209,90.90364279107482,90.94001731785845,90329200
2020-07-30,93.30687713623047,93.41115323756709,90.95698669984957,91.36439616603701,158130000
2020-07-31,103.0750503540039,103.22540332463862,97.80294963723614,99.80120988768464,374336800
2020-08-03,105.67227935791016,108.29134838170961,104.6586032735747,104.95688173530395,308151200
2020-08-04,106.37798309326172,107.46926317333123,105.13877008729901,105.86144267124749,173071600
2020-08-05,106.7635726928711,107.08368330710017,105.63349060376568,106.09910671543679,121776800
2020-08-06,110.48846435546875,110.98318005233068,106.506508834704,107.095798287908,202428800
2020-08-07,107.9764404296875,110.46661589150919,107.179584578467,110.00988008396922,198045600
2020-08-10,109.54583740234375,110.56377296029083,106.8953185016276,109.42193363794506,212403600
2020-08-11,106.28797912597656,109.30777067354109,106.02802731765381,108.80973853697522,187902400
2020-08-12,109.82038116455078,110.07790114888351,107.18443792191327,107.37879010908718,165598000
2020-08-13,111.7639389038086,112.7672986221406,110.71198742895228,111.20030714999548,210082000
2020-08-14,111.6643295288086,111.75421760454509,109.85439412589318,111.58901749702606,165565200
2020-08-17,111.3727798461914,112.81101111968458,110.74598779263943,112.78671524478968,119561600
2020-08-18,112.30083465576172,112.72598654466942,110.78972307405309,111.12498689269856,105633600
2020-08-19,112.44173431396484,113.8556697465018,112.34699003787868,112.70897411610314,145538000
2020-08-20,114.93678283691406,115.05096678859472,112.46603963312674,112.48304748879555,126907200
2020-08-21,120.8597412109375,121.343197228119,115.88424717471018,115.89639140480685,338054800
2020-08-24,122.30525970458984,125.15013843519527,120.43945211980873,125.06509916365437,345937600
2020-08-25,121.3018798828125,121.64686346473567,119.57940861268503,121.17798354193184,211495600
2020-08-26,122.95149993896484,123.40823574071352,121.5521404466388,122.61866792136692,163022400
2020-08-27,121.481689453125,123.88683296878132,120.33741816118453,123.55400095827326,155552400
2020-08-28,121.28490447998047,122.87375249170243,121.06139279549139,122.45588862300937,187630000
2020-08-31,125.39793395996094,127.30262091946506,122.44374225841678,123.97914969468255,225702700
2020-09-01,130.39288330078125,130.99539444262734,126.84590719277946,129.01296330050218,151948100
2020-09-02,127.69132995605469,134.0856162874723,123.41552250903742,133.70662433115996,200119000
2020-09-03,117.46827697753906,125.20361283493091,117.09900477676604,123.32809232405594,257599600
2020-09-04,117.54600524902344,120.20866898674423,107.76022279247066,116.6811253406317,332607200
2020-09-08,109.63572692871094,115.63158082191183,109.49967893283078,110.73383072804653,231366600
2020-09-09,114.00872802734375,115.77735955442189,112.00687240165654,113.95042385620658,176940500
2020-09-10,110.28683471679688,117.09898522798876,109.32477873982353,116.96293720757075,182274400
2020-09-11,108.83887481689453,111.97771348674671,106.89532348087856,111.33633798711266,180860300
2020-09-14,112.10405731201172,112.6579692235783,109.61631362694925,111.4821213907461,140150100
2020-09-15,112.27896881103516,115.47611185461919,110.40344135428404,114.99022398928534,184642000
2020-09-16,108.96522521972656,112.72600049138936,108.87776895050861,111.97773633652149,154679000
2020-09-17,107.22571563720703,109.03321883776769,105.64172408577352,106.62321951305975,178011000
2020-09-18,103.82452392578125,107.75049908575595,103.09569206867344,107.28405084908114,287104900
2020-09-21,106.97306823730469,107.0799641548333,100.1900707538578,101.58943010037062,195713800
2020-09-22,108.65424346923828,109.67461096517128,106.07904368113599,109.49969103484163,183055400
2020-09-23,104.09662628173828,108.94578544391972,103.75649882076176,108.46961737823794,150718700
2020-09-24,105.16557312011719,107.13827671141094,102.03645401086756,102.20165410941537,167743300
2020-09-25,109.11097717285156,109.26646484753799,104.63109048927913,105.3696421159189,149981400
2020-09-28,111.71533966064453,112.06517952480382,109.59686822281799,111.76393141391246,137672400
2020-09-29,110.8698959350586,112.0554635809669,110.36457578821059,111.31691932127065,99382200
2020-09-30,112.54134368896484,113.95042293050288,110.41315990508242,110.57835999800264,142675200
2020-10-01,113.49369049072266,114.3974422328623,112.56078666239473,114.31969839365316,116120400
2020-10-02,109.8301010131836,112.1137801442832,109.05268479784137,109.70377282438155,144712000
2020-10-05,113.21186828613281,113.35763612296132,110.34513295609943,110.6949727988638,106243800
2020-10-06,109.96614837646484,112.84260373156758,109.08182887759448,112.43445227836398,161498200
2020-10-07,111.83196258544922,112.28869840481383,110.90877111263151,111.3849466001731,96849000
2020-10-08,111.72506713867188,113.11470685692662,111.35578758231397,112.9689390012096,83477200
2020-10-09,113.66861724853516,113.69776933647424,111.67647388000671,112.02631376339767,100506900
2020-10-12,120.888916015625,121.64689998480601,115.91342104424781,116.67140501342882,240226800
2020-10-13,117.68205261230469,121.85097185102632,116.27298061147238,121.73435608129198,262330500
2020-10-14,117.76951599121094,119.55757997151946,116.2438282245555,117.58487620978688,150712000
2020-10-15,117.30305480957031,117.77922287109193,114.81531115779593,115.36922306195072,112559200
2020-10-16,115.66075897216797,118.11935811253977,115.45668693235429,117.85697447987833,115393800
2020-10-19,112.70655822753906,117.02123764921416,112.39559027449886,116.57422168009768,120639300
2020-10-20,114.19336700439453,115.62187849993559,112.36642390465587,112.9203357688391,124423700
2020-10-21,113.57144165039062,115.35950558309032,113.16329017526478,113.37708203983998,89946000
2020-10-22,112.48303985595703,114.70840714970598,111.35577645934274,114.13505561823894,101988000
2020-10-23,111.7930679321289,113.2604511905594,111.0545163868576,113.1049635330035,82572600
2020-10-26,111.80280303955078,113.2604666650257,109.69404402667767,110.79215536953423,111850700
2020-10-27,113.30906677246094,113.96987467119823,111.30721082072512,112.23039494637413,92276800
2020-10-28,108.06146240234375,112.17207716189112,107.96428630838615,111.80280503922792,143937800
2020-10-29,112.06515502929688,113.62971424256237,109.03321267400011,109.19842015056317,146129200
2020-10-30,105.78751373291016,108.82916930496091,104.67968991872881,107.92541751822762,190272600
2020-11-02,105.70006561279297,107.55616121485627,104.29099346700175,106.0304732873338,122866900
2020-11-03,107.32292175292969,108.3432818947634,105.6611860241768,106.56493781497865,107624400
2020-11-04,111.70561218261719,112.32754802876923,109.17899688086699,110.91847624915665,138235500
2020-11-05,115.67046356201172,116.24381509607197,113.57143184766637,114.62094399780884,126387100
2020-11-06,115.53905487060547,116.03551019200556,113.04701195376393,115.1788748490344,114457900
2020-11-09,113.23197174072266,118.75144452373826,112.96914288637264,117.30100266982897,154515300
2020-11-10,112.89126586914062,114.46825386220857,111.10010975217423,112.48241768033425,138023400
2020-11-11,116.31782531738281,116.45410805937627,113.34879995040824,114.0788892511671,112295000
2020-11-12,116.0452651977539,117.33022212941437,115.42225622645506,116.44438426550776,103162300
2020-11-13,116.09393310546875,116.49304471994897,114.74083488923566,116.26915483122531,81581900
2020-11-16,117.1063232421875,117.77800032814827,115.01339915844956,115.76295421656155,91183000
2020-11-17,116.22047424316406,117.46649204968942,115.80188944001708,116.3762301824057,74271000
2020-11-18,114.8965835571289,116.63906421361688,114.86738117394037,115.46118772161485,76322100
2020-11-19,115.49037170410156,115.89921985730518,113.70895234490581,114.46824389424141,74113000
2020-11-20,114.22489166259766,115.61692877725572,114.17622350270929,115.49038264932382,73604300
2020-11-23,110.82754516601562,114.49746457209459,110.73020141936897,114.06914317462709,127959300
2020-11-24,112.11251068115234,112.77445860760254,109.60100171666315,110.885966009348,113874200
2020-11-25,112.94966888427734,113.6505557267342,112.11249931432629,112.48241594054053,76499200
2020-11-27,113.49480438232422,114.3709129708123,113.1346317708944,113.47533860340312,46691300
2020-11-30,115.88949584960938,117.75852242774822,113.7089574149293,113.86471334319992,169410200
2020-12-01,119.4620590209961,120.19214819451732,116.82400436522819,117.79745659658983,127728200
2020-12-02,119.8125228881836,120.0948249747314,117.68065976068435,118.78065829638932,89004200
2020-12-03,119.67622375488281,120.493920092042,118.96560033409804,120.24082042379452,78967600
2020-12-04,119.0045394897461,119.59834596601074,118.29391606792319,119.3452462973935,78260400
2020-12-07,120.46472930908203,121.26295994561156,119.00455077200225,119.06295553689276,86712000
2020-12-08,121.07799530029297,121.66207262611567,119.82224093273689,121.06826612455384,82225500
2020-12-09,118.54701232910156,122.60630637821869,117.78772077192583,121.22400598300898,115089200
2020-12-10,119.96826171875,120.58154143292921,116.96029761781081,117.30100444410381,81312200
2020-12-11,119.16030883789062,119.50101568391099,117.34968682549408,119.17977461758369,86939800
2020-12-14,118.54701232910156,120.0753320453492,118.31338587155162,119.34524286701082,79184500
2020-12-15,124.4850845336914,124.50455773983639,120.83463820097641,121.0390623043862,157243700
2020-12-16,124.41694641113281,124.96207736777791,123.20013093515553,124.0275714003019,98208600
2020-12-17,125.28330993652344,126.13995272668132,124.64082784390504,125.47799742873109,94359800
2020-12-18,123.2974853515625,125.67271159961813,122.77182016091811,125.53642885687911,192541500
2020-12-21,124.82579040527344,124.90366837554562,120.17268937086521,121.70100925990957,121251600
2020-12-22,128.37889099121094,130.84172406271304,126.20808171972651,128.11605471749206,168904800
2020-12-23,127.48329162597656,128.91425252595747,127.30806252669929,128.65143115759162,88223700
2020-12-24,128.46649169921875,129.91694086606563,127.61959301416368,127.83375369258947,54930100
2020-12-28,133.06117248535156,133.69391042104374,129.9655870238762,130.43285473552945,124486200
2020-12-29,131.28952026367188,135.10545188425303,130.7735916806408,134.38510661556313,121047300
2020-12-30,130.17007446289062,132.37981588137615,129.8585625212068,131.98069677623383,96452100
2020-12-31,129.16738891601562,131.16296911492586,128.2231389904879,130.5204870277971,99116600
2021-01-04,125.97447204589844,130.06296894085764,123.39482183574111,129.97536179433877,143301900
2021-01-05,127.53199005126953,128.24262097829288,125.02048114625119,125.46827577350281,97664900
2021-01-06,123.23905944824219,127.57092663069263,123.02489875437408,124.32932869572905,155088000
2021-01-07,127.44436645507812,128.13552408640413,124.46560495444153,124.95233107817177,109578200
2021-01-08,128.5443572998047,129.10896132011973,126.77266728567469,128.91425901030706,105158200
2021-01-11,125.55583953857422,126.71424983887641,125.08858671997896,125.76027100191548,100384500
2021-01-12,125.38066101074219,126.24703297603195,123.49216114503781,125.08862234580894,91951100
2021-01-13,127.4151611328125,127.96029200220607,125.07888173435367,125.34170314043133,88636800
2021-01-14,125.48775482177734,127.52226681135943,125.34172804679318,127.32757929841898,90221800
2021-01-15,123.76473236083984,126.76296740977297,123.62844962469308,125.36119363586094,111598500
2021-01-19,124.43641662597656,125.29305945365387,123.570044622059,124.38774103736687,90757300
2021-01-20,128.52490234375,128.97269692470792,125.13729259464834,125.24437293876636,104319500
2021-01-21,133.23638916015625,135.96205811290383,130.04346734095793,130.24789882523683,120150900
2021-01-22,135.37802124023438,136.13731286135894,131.43553637442392,132.66208095000118,114459400
2021-01-25,139.1258087158203,141.23819854253642,132.9151779412319,139.2718354812106,157611700
2021-01-26,139.35943603515625,140.4691710725819,137.61694808504978,139.78775742744395,98390600
2021-01-27,138.28863525390625,140.46917381461645,136.6824448551771,139.6222601892596,140843800
2021-01-28,133.45057678222656,138.22050212672593,133.07093096645877,135.81607367562873,142621100
2021-01-29,128.456787109375,133.10988846080656,126.7532453845792,132.22404319902353,177523800
2021-02-01,130.57887268066406,131.78595871131816,127.45408469869479,130.19922693086417,106239800
2021-02-02,131.40634155273438,132.6912909648265,131.03642489675576,132.12668680443446,83305400
2021-02-03,130.38421630859375,132.165635975879,130.0629752354402,132.15589194554707,89880900
2021-02-04,133.74264526367188,133.75237444183827,131.01697515265897,132.6815855489559,84183100
2021-02-05,133.32826232910156,133.97170445351236,132.45085206919504,133.90346870595903,75693800
2021-02-08,133.4744873046875,133.523235617583,131.53441750826036,132.61656460059567,71297200
2021-02-09,132.59710693359375,134.42019329345555,132.44113310608114,133.19180084894626,76774200
2021-02-10,131.9926300048828,133.55248682280848,131.0274669252529,133.0552748381974,73046600
2021-02-11,131.73919677734375,132.9675743269367,130.41332257065082,132.4898645085888,64280000
2021-02-12,131.97317504882812,132.12916376176068,130.33533819074378,130.97878047466367,60145100
2021-02-16,129.84783935546875,132.59706880200096,129.45786770907952,132.0901279755408,80576300
2021-02-17,127.55681610107422,128.90219239259375,126.22119839919687,127.95653150303275,97918500
2021-02-18,126.45518493652344,126.7379014019475,124.21289601346298,125.95797287967874,96856700
2021-02-19,126.61115264892578,127.43008573965325,125.56801001534814,126.97187831271118,87668800
2021-02-22,122.8382797241211,126.46493488700048,122.44831544375612,124.79783740249141,103916400
2021-02-23,122.7017822265625,123.5304515985531,115.41922654111875,120.6544792375418,158273000
2021-02-24,122.20458221435547,122.40931177714582,119.16287735238498,121.80487424070276,111039900
2021-02-25,117.9539794921875,123.28672123283567,117.51527437819725,121.55138820352438,148199500
2021-02-26,118.21722412109375,121.71713665773981,118.15872464367439,119.51384476967971,164560400
2021-03-01,124.5833740234375,124.71986041672858,119.70883872604007,120.6447486105863,116307900
2021-03-02,121.98036193847656,125.49002551913253,121.87312157746639,125.18780674062197,102260900
2021-03-03,118.99713897705078,122.55555080343935,118.78265825970878,121.67813306792647,112966300
2021-03-04,117.11555480957031,120.49848269972283,115.64345085160187,118.69490655182288,178155000
2021-03-05,118.37317657470703,118.88013225327633,114.61978705022877,117.9442226597041,153766600
2021-03-08,113.44017791748047,117.96374575469044,113.29394038143423,117.89550256292887,154376600
2021-03-09,118.05148315429688,118.99714411910483,115.80920155325997,116.04317714685729,129525800
2021-03-10,116.9693374633789,119.10437859558475,116.45263053937967,118.63642743151894,111943300
2021-03-11,118.89964294433594,120.1182765520443,118.21721109919896,119.46509072342045,103026500
2021-03-12,117.99296569824219,118.12945205160229,116.16989479066875,117.37877710812177,88105100
2021-03-15,120.87871551513672,120.88846666765528,117.39829786101335,118.36346113570012,92403800
2021-03-16,122.41907501220703,124.02767309341856,121.59040552732543,122.54581024798175,115227900
2021-03-17,121.62937927246094,122.70177530738493,119.27009907008946,120.93719630957409,111932600
2021-03-18,117.50552368164062,120.08902837100626,117.30079413178964,119.79655333524822,121229700
2021-03-19,116.97909545898438,118.3829639984745,116.67687665204714,116.89135739424152,185549500
2021-03-22,120.29376220703125,120.76172079332808,117.24230627726561,117.31054946298083,111912300
2021-03-23,119.46510314941406,121.1224420531035,119.07513886679595,120.23528056214857,95467100
2021-03-24,117.07657623291016,119.81606991796893,117.05708136591241,119.73807557407793,88530500
2021-03-25,117.56401062011719,118.60716806474952,116.01391233642575,116.54036291521213,98844700
2021-03-26,118.16845703125,118.43168604296147,115.9359194779791,117.33003655489678,94071200
2021-03-29,118.34396362304688,119.50410536738507,117.70052885181629,118.59744153314395,80819200
2021-03-30,116.8913345336914,117.37878796591035,115.87743050212212,117.09606408266947,85671900
2021-03-31,119.08489990234375,120.42051782587205,118.1099928338644,118.59744636810407,118323800
2021-04-01,119.91355895996094,121.06394949790783,119.41635431579364,120.5570011392304,75089100
2021-04-05,122.74076843261719,122.9942462849466,119.98178038496441,120.7617088053863,88651200
2021-04-06,123.04302215576172,123.93993488776351,122.49707656896946,123.32574610262222,80171300
2021-04-07,124.69059753417969,124.7100924000349,121.99985233123647,122.67254049145967,83466700
2021-04-08,127.0888671875,127.11811320514343,125.29504201784057,125.71424485466245,88844600
2021-04-09,129.6626434326172,129.70163317095958,126.22122258271084,126.54294370866688,106686700
2021-04-12,127.94679260253906,129.5163933763926,127.35209877205047,129.19467229997423,91420000
2021-04-13,131.05673217773438,131.28097148351077,128.61946483937675,129.11667689697725,91266500
2021-04-14,128.7169647216797,131.61243958256816,128.35625390681537,131.55394754511985,87222800
2021-04-15,131.12498474121094,131.61243821608534,130.286564169391,130.46205515581354,89347100
2021-04-16,130.7935333251953,131.29073056509336,129.93561036138595,130.93001971708307,84922400
2021-04-19,131.45645141601562,132.07064756343885,129.99409097045535,130.15982336917756,94264200
2021-04-20,129.76983642578125,132.12910894546226,128.5024546918313,131.63191186465178,94812300
2021-04-21,130.1500701904297,130.39379691363274,128.00527800142257,129.0386769276597,68847100
2021-04-22,128.62921142578125,130.78374722132708,128.11251198833915,129.701600029045,84566500
2021-04-23,130.9495086669922,131.72942232628785,128.84370608473515,128.84370608473515,78657500
2021-04-26,131.33946228027344,131.67092706494682,130.2085666757299,131.44670263718533,66905100
2021-04-27,131.0177459716797,132.01215523774303,130.7447732125093,131.62218352757128,66015800
2021-04-28,130.22808837890625,131.63195694182536,129.74063484322053,130.93976637575503,107760100
2021-04-29,130.13058471679688,133.63051222031285,129.12643167740748,133.04556205861587,151101000
2021-04-30,128.1613006591797,130.20859675143018,127.78108746519726,128.4732632121358,109839500
2021-05-03,129.21417236328125,130.70579381831388,128.52199669631204,128.72671884393358,75135100
2021-05-04,124.64185333251953,128.19052150938094,123.52070884107249,127.89804644623831,137564700
2021-05-05,124.88557434082031,127.17659652939219,124.75883168911403,125.9579629580567,84000900
2021-05-06,126.48440551757812,126.49414922963348,123.93989089893446,124.68082210228843,78128300
2021-05-07,127.15827941894531,128.18365868536526,126.44537767413243,127.78327916566757,78973300
2021-05-10,123.87698364257812,126.50393237994196,123.83792023841514,126.37698935493167,88071200
2021-05-11,122.95903015136719,123.31058591748854,119.892615994426,120.60551014234991,126142800
2021-05-12,119.89262390136719,121.7187992057643,119.38481447185008,120.50786329646682,112172300
2021-05-13,122.04106903076172,123.19341357180042,121.34771025318693,121.66021008886267,105861300
2021-05-14,124.46293640136719,124.892626453878,122.90043727939631,123.29106392253492,81918000
2021-05-17,123.31057739257812,123.95511239550505,122.23635983828252,123.84768989501724,74244600
2021-05-18,121.92387390136719,124.01371786549493,121.8555147978895,123.59379552967953,63342900
2021-05-19,121.76762390136719,121.99222918408067,119.98051210138631,120.27348393601976,92612000
2021-05-20,124.32621002197266,124.7266043537825,122.16800708745404,122.29496502221474,76857100
2021-05-21,122.49028778076172,125.00005419589023,122.27544274551913,124.8242725716539,79295400
2021-05-24,124.12115478515625,124.94147157268773,122.98834558881246,123.05670470022471,63092900
2021-05-25,123.92583465576172,125.31255964913692,123.35942638033971,124.82427074399982,72009500
2021-05-26,123.87698364257812,124.40432842290467,123.45706136105417,123.98440614138072,56575900
2021-05-27,122.34381103515625,124.6485003034277,122.14850141604893,123.476627687615,94625600
2021-05-28,121.68949890136719,122.85161109201668,121.63090751379944,122.62699835536803,71311100
2021-06-01,121.36723327636719,122.4121552577231,121.03520547415292,122.1484865589402,67637100
2021-06-02,122.12896728515625,122.30474892445967,121.14264401239463,121.36724933170292,59278900
2021-06-03,120.64457702636719,121.92387199310579,120.24418267613345,121.7578580944845,76229200
2021-06-04,122.93950653076172,123.20318269390796,120.94731726161271,121.16216229807738,75169300
2021-06-07,122.94926452636719,123.3594191359653,121.90434257301015,123.21293321808503,71057600
2021-06-08,123.76957702636719,125.44927381859075,123.25199989330952,123.63285881954378,74403800
2021-06-09,124.15045928955078,124.75593106971219,123.55475522616524,124.22858612258803,56877900
2021-06-10,123.15434265136719,125.1855951846905,122.98832875360279,124.04301097808155,71186400
2021-06-11,124.36531066894531,124.4532052232207,123.14460678045825,123.5645292161212,53522400
2021-06-14,127.42192840576172,127.4805197980516,124.09185265030386,124.82427485626314,96906500
2021-06-15,126.60161590576172,127.53912286216541,126.35747517662371,126.89458776096085,62746300
2021-06-16,127.09963989257812,127.82230171440264,125.44926131088909,127.31448489633229,91815000
2021-06-17,128.7012176513672,129.44341498990488,126.61137364763495,126.75786702289925,96721700
2021-06-18,127.40241241455078,128.42779161848907,127.18756736772201,127.64655315856818,108953300
2021-06-21,129.19927978515625,129.30670230447237,126.18170388050524,127.24615390753081,79663300
2021-06-22,130.83984375,130.93750596357881,128.53515558045981,129.0332120080854,74783600
2021-06-23,130.5664520263672,131.171931135257,130.10746628787817,130.63481857945425,60214200
2021-06-24,130.2832489013672,131.48441699311277,129.81448802069463,131.29886767382567,68711000
2021-06-25,129.99026489257812,130.7519826258196,129.6972930949088,130.33206780671978,70783700
2021-06-28,131.62115478515625,132.08014056924634,130.22467690249317,130.28326829600795,62111300
2021-06-29,133.1348419189453,133.2910955826677,131.2012512591816,131.64070164987749,64556100
2021-06-30,133.75006103515625,134.1895113589195,132.68559615169934,132.9785680012639,63261400
2021-07-01,134.05279541015625,134.11138680082388,132.5781758729055,133.39850004575504,52485800
2021-07-02,136.67971801757812,136.71877396791402,134.52150795771541,134.66798639792978,78852600
2021-07-06,138.6914520263672,139.79495784960233,136.78715756035768,136.78715756035768,108181800
2021-07-07,141.18167114257812,141.4941634456906,139.31643288260972,140.1757978920417,104911600
2021-07-08,139.8828582763672,140.6836320091057,137.37308477373998,138.26176048175577,105575500
2021-07-09,141.7090606689453,142.2363981441266,139.3067090791504,139.40437134178396,99890800
2021-07-12,141.11334228515625,142.89069395646402,140.62506082396192,142.78327143895456,76299700
2021-07-13,142.22662353515625,144.00397520789517,140.2637374239949,140.65435663279786,100827100
2021-07-14,145.6543426513672,146.0645121600824,144.2187940743634,144.62896358307862,127050800
2021-07-15,145.0000457763672,146.48442546002198,143.64262402981763,145.74224306877775,106820300
2021-07-16,142.9590301513672,146.2500420755194,142.46098847923267,144.9805223346472,93251400
2021-07-19,139.1113739013672,140.69341583864048,138.3496560764886,140.38090857655365,121434600
2021-07-20,142.7246551513672,143.65240178359875,139.60943216409294,140.09771359109203,96350000
2021-07-21,141.9922637939453,142.7051655607568,141.24032096218994,142.1192217608621,74993500
2021-07-22,143.3594512939453,144.7266335326549,142.39264856010647,142.51960651840406,77338200
2021-07-23,145.07821655273438,145.234470230186,143.47665361178235,144.09189315351634,71447400
2021-07-26,145.4981231689453,146.31843249256286,144.23834858516193,144.79499663408214,72434100
2021-07-27,143.3301544189453,145.71297050212902,142.13874637735347,145.62506850801552,104818600
2021-07-28,141.5821075439453,143.52547338784896,139.19929130551824,141.41609361273288,118931200
2021-07-29,142.22662353515625,143.1152993715257,141.1914692207776,141.29889173837356,56699500
2021-07-30,142.4414825439453,142.90046835495775,140.7324972607366,140.9961734481876,70440600
2021-08-02,142.1094207763672,143.50589840764349,141.84574465184807,142.92972994024274,62880000
2021-08-03,143.90631103515625,144.57036666149511,141.77739614243097,142.3926355441965,64786600
2021-08-04,143.5059051513672,144.32621435379124,142.85160984220758,143.81841241009994,56368300
2021-08-05,143.61334228515625,144.37506017943633,142.74420187239215,143.53521546251628,46397700
2021-08-06,142.9287109375,143.8773972975789,142.42992307824377,143.13410295218878,54126800
2021-08-09,142.87982177734375,143.47641826359128,142.3223546901742,142.9874052395685,48908700
2021-08-10,142.40060424804688,144.46423988872255,142.10719343722454,143.22214257955443,69023100
2021-08-11,142.65487670898438,143.4959796880464,142.33212632967644,142.84070404163072,48493500
2021-08-12,145.61830139160156,145.77478914489808,142.63531888467134,142.97763397957073,72282600
2021-08-13,145.82369995117188,146.15622524916978,145.01193648359285,145.6965517804986,59375000
2021-08-16,147.79930114746094,147.8677701385214,143.25148569982673,145.27599198977236,103296000
2021-08-17,146.88973999023438,148.34698930481986,145.8139053280962,146.92885446726953,92229700
2021-08-18,143.1438751220703,147.40806875624398,142.9384831112802,146.50828669516952,86326000
2021-08-19,143.4763946533203,144.74783129125242,141.32474068639172,141.8430932126771,86960300
2021-08-20,144.9336395263672,145.23682512371573,143.5546196253734,144.20012020756056,60549600
2021-08-23,146.42025756835938,146.88970580098356,144.64024334594515,145.0510124149276,60131800
2021-08-24,146.33226013183594,147.54501786684636,145.87258667150505,146.16599748585364,48606400
2021-08-25,145.09994506835938,147.0168826886461,144.5522528692755,146.51807985316438,58991300
2021-08-26,144.29794311523438,145.8432259179612,144.2686035304066,145.09015667605945,48597200
2021-08-27,145.33465576171875,145.48135367838458,143.60354572760687,144.2392565978135,55802400
2021-08-30,149.7553253173828,150.11720505871097,145.34443375463215,145.72586326960624,90956700
2021-08-31,148.4937286376953,149.44241530244025,147.9655861008804,149.30549222317276,86453100
2021-09-01,149.1587677001953,151.57449356451917,148.9925050400125,149.47174324183015,80313700
2021-09-02,150.27366638183594,151.32016120808433,149.05113406527857,150.48883326342926,71115500
2021-09-03,150.909423828125,151.23217421828528,149.72600573087058,150.38128139931968,57808700
2021-09-07,153.24688720703125,153.80435423363667,150.99742455621305,151.56468139327094,82278300
2021-09-08,151.7016143798828,153.58919740809037,150.59644021764143,153.53051823549217,74420200
2021-09-09,150.68447875976562,152.67964530991367,150.56710548729126,152.073273942186,57305700
2021-09-10,145.69656372070312,152.0635088889551,145.4324924690074,151.5940604931036,140893200
2021-09-13,146.26382446289062,148.09272872223804,145.48140050070867,147.3200945733119,102404300
2021-09-14,144.86520385742188,147.7503924466826,143.6818007748944,147.04621254489265,109296300
2021-09-15,145.75521850585938,146.1562127610325,143.15366567640987,145.29554507646444,83281300
2021-09-16,145.5205078125,145.6965602839762,143.98501448007158,145.1782076058161,68034100
2021-09-17,142.85047912597656,145.54984051172312,142.55706833315722,145.54984051172312,129868800
2021-09-20,139.79904174804688,141.6572852174671,138.16574008474763,140.64014472255653,123478900
2021-09-21,140.2782745361328,141.42257819093177,139.64256354879453,140.76728757977574,75834000
2021-09-22,142.6450958251953,143.21233776359767,140.54233100418216,141.27585049264187,76404300
2021-09-23,143.6035614013672,143.8480679048245,142.43970805715156,143.42750895866175,64838200
2021-09-24,143.6916046142578,144.22952199810462,142.36148841215257,142.4592969995775,53477900
2021-09-27,142.17562866210938,142.7526753188713,140.65970036682202,142.27343722725323,74150700
2021-09-28,138.79168701171875,141.56927754565646,138.5765200764918,140.10223840010562,108972300
2021-09-29,139.6914825439453,141.2758801966286,138.90905860704783,139.3393925185162,74602000
2021-09-30,138.39068603515625,141.20740583386313,138.17551911033874,140.5032258841864,89056700
2021-10-01,139.51541137695312,139.77948259151805,136.0532056936857,138.7818918325454,94639600
2021-10-04,136.0825653076172,139.0851129145273,135.2316872864061,138.64498918431897,98322000
2021-10-05,138.0092315673828,139.11440557964133,136.29768628924325,136.42483442827913,80861100
2021-10-06,138.8796844482422,139.02638237086833,135.32944548577333,136.40527999667046,83221100
2021-10-07,140.14134216308594,141.0509141240026,139.5838750906148,139.91640035654444,61732700
2021-10-08,139.75991821289062,141.01179037767685,139.42739293363346,140.86509243785557,58773200
2021-10-11,139.67190551757812,141.62795772548145,138.69387941362646,139.1437779877816,64452200
2021-10-12,138.40045166015625,140.10222224522562,137.94077825367475,140.0826575469626,73035900
2021-10-13,137.8136444091797,138.29286758829517,136.1412134172162,138.13639477336537,78762700
2021-10-14,140.6010284423828,140.7184017237602,138.40046969110713,138.98729132751163,69907100
2021-10-15,141.6573028564453,141.71598203721894,140.3565262964831,140.61082264449493,67940300
2021-10-18,143.32972717285156,143.6133481739968,140.01421930853004,140.29784030967528,85589200
2021-10-19,145.4911346435547,145.89212886384934,143.32970565575582,143.7795892346543,76378900
2021-10-20,145.98019409179688,146.45943233131632,144.86524475312603,145.43250177434402,58418800
2021-10-21,146.19532775878906,146.35181550626882,144.62070524306984,145.54005210514717,61421000
2021-10-22,145.4226837158203,146.87993285856993,145.3737794326728,146.40070968480316,58883400
2021-10-25,145.37379455566406,146.08774940871533,144.3762037849461,145.41290903215594,50720600
2021-10-26,146.03884887695312,147.52543764586656,145.7356482824783,146.04862376445527,60893400
2021-10-27,145.57919311523438,146.43984594803317,145.22710311706854,146.07798106118008,56094900
2021-10-28,149.2174530029297,149.80425972363017,146.43007257824578,146.5278811601097,100077900
2021-10-29,146.50833129882812,146.6452543732099,143.1928229973374,143.985021850796,124953200
2021-11-01,145.68675231933594,146.4104819724985,144.5522386338212,145.71609190400514,74588300
2021-11-02,146.72349548339844,148.23943908616494,145.3835894342909,145.39337924738012,69122000
2021-11-03,148.16119384765625,148.6306422432943,146.52789189067994,147.0853590623447,54511500
2021-11-04,147.642822265625,149.0805068605867,147.32984675958332,148.24919365421385,60394600
2021-11-05,148.17173767089844,149.07283317887465,146.97680309732056,148.76920495768735,65463900
2021-11-08,147.34898376464844,148.45577097835087,147.07473798616405,148.29905483485294,55020900
2021-11-09,147.7113494873047,148.31860574960734,146.97675951376903,147.11388237768483,56787900
2021-11-10,144.88075256347656,147.04535126438861,144.81219859350324,146.93761078705322,65187100
2021-11-11,144.83180236816406,146.35974762793103,144.6457037886557,145.8994181750369,41000000
2021-11-12,146.90821838378906,147.3097829126506,144.44978082602336,145.3802585513719,63804000
2021-11-15,146.91802978515625,148.75940720761815,146.35973409824072,147.2804228094717,59222800
2021-11-16,147.8974609375,148.3773984758072,146.27156473370576,146.85924274203003,59256200
2021-11-17,150.33631896972656,151.8152883338415,147.88768528692268,147.89747444135526,88807000
2021-11-18,154.62631225585938,155.40987800940817,149.90535437132496,150.55179723889825,137827700
2021-11-19,157.25123596191406,157.71158022509883,153.3138293695712,154.41081232255357,117305600
2021-11-22,157.71157836914062,162.2954127503928,157.69198511799027,158.35800620438556,117467900
2021-11-23,158.09361267089844,158.47559898556352,155.79189068171382,157.809562751241,96041900
2021-11-24,158.6127166748047,158.80860440364947,156.35997042990053,157.44716451205608,69463600
2021-11-26,153.5880889892578,157.15329885394945,153.14733793761846,156.2913900038225,76959800
2021-11-29,156.9476318359375,157.87810965774673,155.5274123262941,156.09549714109664,88748200
2021-11-30,161.90365600585938,162.11913695746247,156.6341917361946,156.7027606504653,174048100
2021-12-01,161.38455200195312,166.8009284808444,161.1494777894876,164.03886252915143,152052500
2021-12-02,160.39527893066406,160.82624080588923,154.55774519881157,155.47843376037946,136739200
2021-12-03,158.51473999023438,161.57064486360198,156.43830349501886,160.64995624545222,118023100
2021-12-06,161.9232635498047,164.43066217672398,160.90462351682206,160.91441267175034,107497000
2021-12-07,167.662841796875,168.05463216133037,164.881197462976,165.60599842826275,120405400
2021-12-08,171.4827117919922,172.3446356103418,167.19270089919112,168.59332710400926,116998900
2021-12-09,170.97337341308594,173.11837862863902,170.3465238704593,171.3161880617465,108923700
2021-12-10,175.76292419433594,175.93923359247646,171.1007310045987,171.61005099944745,115402700
2021-12-13,172.12911987304688,178.3878255550168,171.92342811422424,177.39856820560254,153237000
2021-12-14,170.74810791015625,174.08804749115933,168.67167154672788,171.64920321778123,139380400
2021-12-15,175.61599731445312,175.81188500506997,168.76961267963995,171.5120851840939,131063300
2021-12-16,168.72064208984375,177.41819331105674,167.24167279418768,175.5964093375668,150185800
2021-12-17,167.62367248535156,169.90580094866743,166.20346789014454,166.43852716670187,195432700
2021-12-20,166.2622528076172,167.07520110962366,164.0193105827762,164.822454783558,107499100
2021-12-21,169.43563842773438,169.6413152594918,165.64514384449987,168.03501238197,91185900
2021-12-22,172.0312042236328,172.24668517933623,168.6129062856775,169.48461926274177,92135300
2021-12-23,172.6580810546875,173.21637678573038,171.66883828957722,172.2369231764139,68356600
2021-12-27,176.62484741210938,176.71299463822913,173.43183445537653,173.4514127643316,74919600
2021-12-28,175.60621643066406,177.60430999681327,174.86183712980394,176.45835116267244,79144300
2021-12-29,175.69436645507812,176.9186832802021,174.4798387842566,175.6453907930184,62348900
2021-12-30,174.5386199951172,176.85993507638065,174.4308795065752,175.7825301909609,59773000
2021-12-31,173.92156982421875,175.5474513193314,173.61792667706044,174.43087489725414,64062300
2022-01-03,178.27032470703125,179.12245940789794,174.05868664745196,174.17621628400974,104487900
2022-01-04,176.00778198242188,179.18121654083714,175.43969718796814,178.87758836256972,99310400
2022-01-05,171.32598876953125,176.46811917460536,171.0517430102158,175.91962765597447,94537600
2022-01-06,168.46600341796875,171.69820298422886,168.11339955718992,169.15161788468467,96904000
2022-01-07,168.6324920654297,170.5620164817169,167.5159157741246,169.3376997173353,86709100
2022-01-10,168.65208435058594,168.95571251516662,164.71467747425172,165.6059836604726,106765600
2022-01-11,171.4827117919922,171.58064816981238,167.31024547595837,168.77942565072325,76138300
2022-01-12,171.92344665527344,173.5395387171234,171.22804314076478,172.5013205493631,74805200
2022-01-13,168.65208435058594,172.9910557649256,168.26029402106818,172.16831849084767,84505800
2022-01-14,169.5139923095703,170.20939579349408,167.57466398631828,167.81952731493655,80440800
2022-01-18,166.31118774414062,168.99488045377709,165.92920152184269,167.98604466295757,90956700
2022-01-19,162.81451416015625,167.56486853489844,162.5304792855551,166.50705720159695,94815000
2022-01-20,161.12991333007812,166.19368686782633,160.80669183465463,163.54916502241554,91420500
2022-01-21,159.07301330566406,162.9124684305105,158.96527284535048,161.0417090492799,122848900
2022-01-24,158.2992706298828,158.96530678454897,151.52145417153005,156.73215398969816,162294600
2022-01-25,156.4970703125,159.41583739515477,153.79378418345803,155.71350456711474,115798400
2022-01-26,156.40890502929688,161.01233270214277,154.57733208034693,160.14061983418955,108275300
2022-01-27,155.94857788085938,160.47364799025604,155.02788925620197,159.11220830674253,121954600
2022-01-28,166.830322265625,166.849915520985,159.45503834907882,162.3052517203285,179935700
2022-01-31,171.18887329101562,171.4043542462614,166.02714940989443,166.66380312140188,115541600
2022-02-01,171.02236938476562,171.2476394960686,168.76962343591478,170.43469133018758,86213900
2022-02-02,172.22711181640625,172.26629832848187,169.76868874093756,171.1595110141142,84914300
2022-02-03,169.34747314453125,172.61885859356588,168.58350075012603,170.89501118442868,89418100
2022-02-04,169.0631103515625,170.7401162961765,167.38610440694853,168.3668057872498,82465400
2022-02-07,168.34716796875,170.59296708423147,167.65086354740316,169.52400639061884,77251200
2022-02-08,171.4560089111328,171.9659777736799,168.12161553517308,168.41582891603926,74829200
2022-02-09,172.87802124023438,173.2408759269309,171.5246486789991,172.65246413479986,71285000
2022-02-10,168.79830932617188,172.09346641687537,168.23931734555768,170.77933021680633,90865900
2022-02-11,165.38546752929688,169.73978371917386,164.79704076038374,169.00425774018962,98670700
2022-02-14,165.620849609375,166.3073375649639,163.34561528306318,164.1399809862671,86185500
2022-02-15,169.45535278320312,169.61226856573026,166.96437833391397,167.67048439097334,62527400
2022-02-16,169.22003173828125,169.99477926994211,166.76827820676257,168.5335437423192,61177400
2022-02-17,165.620849609375,168.59237351767158,165.21875846241755,167.7293515367512,69589300
2022-02-18,164.07131958007812,167.24878200376986,162.98274061084325,166.5426908818598,82772700
2022-02-22,161.14881896972656,163.47307588961104,159.02068432123022,161.7960703511054,91162800
2022-02-23,156.9808349609375,162.94348458293908,156.6670034206682,162.3452563030733,90009200
2022-02-24,159.59934997558594,159.70722772731528,149.0666116347653,149.63542023803691,141147500
2022-02-25,161.6686553955078,161.93343403788458,157.76545247894273,160.67813725963106,91974200
2022-02-28,161.93341064453125,162.22762405787608,159.29532147992174,159.9131681515143,95056600
2022-03-01,160.05047607421875,163.38487003337303,158.8442174624351,161.52152827152648,83474400
2022-03-02,163.34564208984375,164.13020629540725,159.80530901896242,161.2175215961132,79724800
2022-03-03,163.02197265625,165.65025991761865,162.35510295615475,165.21874895199736,76678400
2022-03-04,160.02101135253906,162.3550849729684,158.9716688608393,161.31554410601458,83737200
2022-03-07,156.22572326660156,161.83533601406552,155.97073134624392,160.2073682314536,96418800
2022-03-08,154.40162658691406,159.73664445127486,152.7932769334802,155.75499927047608,131148300
2022-03-09,159.8052520751953,160.25638119604568,156.33357653036765,158.36362016341366,91454900
2022-03-10,155.4607696533203,157.29467624132576,152.96978004521466,157.10834060556428,105342000
2022-03-11,151.74391174316406,156.2061057623046,151.51835462854714,155.86285431301891,96970100
2022-03-14,147.71319580078125,151.14564967186587,147.20324199995284,148.52717951449867,108732100
2022-03-15,152.09698486328125,152.5677323353664,147.4778893963599,147.9878433779772,92964300
2022-03-16,156.51010131835938,156.9121924028267,151.47911432517643,154.01912684826212,102300200
2022-03-17,157.5202178955078,157.8928891304827,154.58793096024448,155.54901392146604,75615400
2022-03-18,160.81539916992188,161.30574983268542,156.67683837905244,157.41236437319773,123511700
2022-03-21,162.18836975097656,163.13965111509174,159.86409772398687,160.3544483255179,95811400
2022-03-22,165.56199645996094,166.1504082464849,161.72745088254396,162.31586266906788,81532000
2022-03-23,166.92515563964844,169.308252341418,164.41454803066404,164.7479978071537,98062700
2022-03-24,170.71067810058594,170.77931940838405,166.9251705809909,167.75875768604743,90131400
2022-03-25,171.34812927246094,171.89731959636083,169.4161465488256,170.52434378661113,80546200
2022-03-28,172.21112060546875,172.3386015738177,168.6805906298178,168.84730802251363,90371900
2022-03-29,175.50633239746094,175.55535549692144,172.936884505865,173.28013598798506,100589400
2022-03-30,174.33926391601562,176.14375060919454,173.28990640459241,175.1042096873483,92633200
2022-03-31,171.24026489257812,174.59426174462104,171.03431102289065,174.40792609212167,103049300
2022-04-01,170.946044921875,171.5050518578882,168.62178757896973,170.67144974905557,78751300
2022-04-04,174.99635314941406,175.0453912102986,171.0735477076942,171.20104367313095,76468400
2022-04-05,171.68161010742188,174.85908850100586,171.05396171707025,174.07452427198683,73401800
2022-04-06,168.51390075683594,170.27916603294383,166.8467115933005,169.0336712319797,89058800
2022-04-07,168.81788635253906,170.01434288882857,166.57208742319565,167.85680346683984,77594700
2022-04-08,166.8074951171875,168.46488285345913,165.9346714824091,168.46488285345913,76575500
2022-04-11,162.55125427246094,165.76795361235142,162.3060789266503,165.45413695115786,72246700
2022-04-12,164.42440795898438,166.5917497737201,163.4240882944744,164.7774610779693,79265200
2022-04-13,167.11148071289062,167.73912889065093,163.55154548536066,164.15957544885293,70618900
2022-04-14,162.10011291503906,167.96471752203973,161.85493758758528,167.32725269207126,75329400
2022-04-18,161.88436889648438,163.38484067093813,160.41331696354428,160.75655343597518,69023900
2022-04-19,164.1693878173828,164.58129552240263,160.7467499371193,161.8353289533827,67723800
2022-04-20,164.002685546875,165.62085178233113,162.89450317699752,165.50315744246095,67929800
2022-04-21,163.20828247070312,168.21966591149055,162.7081302747772,165.650233704649,87227800
2022-04-22,158.66766357421875,164.63032953066207,158.38326676927218,163.24755201100473,84882400
2022-04-25,159.73663330078125,160.0210300948507,155.40193532965264,158.01058942731927,96046400
2022-04-26,153.7739715576172,159.207050342252,153.69551365548884,159.1187908139756,95623200
2022-04-27,153.54843139648438,156.70627626102967,152.38139429047249,152.90116485569044,88063200
2022-04-28,160.48196411132812,161.3449860653006,155.862854289535,156.17668589618484,130216800
2022-04-29,154.60755920410156,162.9925585964128,154.21528465651994,158.7167001847882,131747600
2022-05-02,154.91159057617188,155.17636916422146,150.31209888761785,153.68571389859628,123055300
2022-05-03,156.40223693847656,157.60851029484962,153.30323224685807,155.09790243206862,88966500
2022-05-04,162.8160400390625,163.26715427373458,156.18648942865437,156.58858056796436,108256500
2022-05-05,153.7445831298828,160.913508923705,151.95969916146092,160.687951761694,130525300
2022-05-06,154.47132873535156,156.59275954886184,151.42668182783396,153.22400390708842,116124600
2022-05-09,149.3445281982422,153.04720818256274,148.78471498335946,152.16327128379606,131577900
2022-05-10,151.75074768066406,153.9409350248,150.19896159741,152.7427206438861,115366700
2022-05-11,143.88385009765625,152.67402087769284,143.20616949802272,150.7588463480562,142689800
2022-05-12,140.01417541503906,143.58917206052791,136.32132651313492,140.22043185006495,182602000
2022-05-13,144.4829559326172,145.45528221531998,140.55438668965164,142.00795311338425,113990900
2022-05-16,142.9409637451172,144.88561601712348,141.60524980458257,142.95079475797485,86643800
2022-05-17,146.57489013671875,147.0954242427805,144.06059381103506,146.20167134886358,78336300
2022-05-18,138.30526733398438,144.72847052072004,137.4016833512006,144.2275834099531,109742900
2022-05-19,134.89723205566406,139.13026237954173,134.160625433561,137.38205052865445,136095600
2022-05-20,135.13294982910156,138.18741285426975,130.24188557508393,136.60616321771064,137426100
2022-05-23,140.5543670654297,140.70168239695178,135.19186420352216,135.3293635083762,117726300
2022-05-24,137.85350036621094,139.4347501436659,134.8776102549607,138.2954614249139,104132700
2022-05-25,138.01063537597656,139.25794526331134,135.86955744381711,135.95794665102005,92482700
2022-05-26,141.21238708496094,141.76238425203672,134.6909642722216,134.93649979225893,90601500
2022-05-27,146.9677734375,147.00705253559786,142.66598536012808,142.79366865497497,90978500
2022-05-31,146.1820526123047,147.9695587462053,144.21776806233134,146.40795612568894,103718400
2022-06-01,146.05438232421875,149.0302721781197,145.04276200731988,147.2231190270911,74286600
2022-06-02,148.50973510742188,148.5686612441736,144.23741035730646,145.19008953159607,72348100
2022-06-03,142.78384399414062,145.327588805216,141.88027492949882,144.27668941243508,88570300
2022-06-06,143.53024291992188,145.9168559663355,142.31238134609404,144.4043487713543,71598400
2022-06-07,146.05438232421875,146.33919698612507,141.52670589855168,141.77224146396463,67808200
2022-06-08,145.31777954101562,147.1936599216941,144.8267083969664,145.92670296402,53950200
2022-06-09,140.0927734375,145.3079465173713,139.98473718785118,144.45348753415902,69473000
2022-06-10,134.68116760253906,138.2463336751748,134.61241045362357,137.7749096051149,91437900
2022-06-13,129.52491760253906,132.78562190034356,129.09277263849617,130.49722878533498,122207100
2022-06-14,130.38919067382812,131.49901613498997,129.1320498799016,130.75259347181498,84784300
2022-06-15,133.01153564453125,134.88743119148035,129.79994084447466,131.89189392813557,91533000
2022-06-16,127.73743438720703,130.02582791022192,126.73564497252207,129.72136617299006,108123900
2022-06-17,129.21063232421875,130.70349274398822,127.49188338256819,127.74724995941777,134520300
2022-06-21,133.44366455078125,134.61241624219525,130.93921376781023,131.03741900238268,81000500
2022-06-22,132.93296813964844,135.29991972582334,131.5186808102628,132.38295585554104,73409200
2022-06-23,135.80079650878906,136.11507419750754,133.2079418850883,134.37669341757493,72433800
2022-06-24,139.13027954101562,139.375815112003,137.27403122380292,137.40169953003104,89116800
2022-06-27,139.13027954101562,140.92760171899965,138.45259896728206,140.15170092235036,70207900
2022-06-28,134.985595703125,140.85880052883167,134.86774346151196,139.59184397259975,67083400
2022-06-29,136.74365234375,138.15793948922365,134.2293707457082,135.00527146488074,66242400
2022-06-30,134.27847290039062,135.89900141660408,131.38115662088498,134.79900702917675,98964500
2022-07-01,136.4490203857422,136.5570566364842,133.23742590571564,133.61062978312276,71051600
2022-07-05,139.03204345703125,139.08115356288656,134.4847204054961,135.3097312194843,73353800
2022-07-06,140.36778259277344,141.54635041323854,138.56064426897342,138.8258268991265,74064300
2022-07-07,143.73654174804688,143.93296722465507,140.72135748073458,140.73117350935885,66253700
2022-07-08,144.41416931152344,144.9150713790322,142.41060600038625,142.66595755400886,64547800
2022-07-11,142.28292846679688,144.02132426836204,141.2123971200697,143.0686451840122,63141600
2022-07-12,143.25526428222656,145.79900902596674,142.4597314847581,143.1570440660671,77588800
2022-07-13,142.8918914794922,143.8347397140172,139.5820616716197,140.43653568039218,71185600
2022-07-14,145.81866455078125,146.29008864591398,140.69188068401962,141.50706056941064,78140700
2022-07-15,147.48829650878906,148.16597704358819,145.55347512166446,147.1052616395071,76259900
2022-07-18,144.4436798095703,148.86332029894717,144.08027695642463,148.04814036588357,81420900
2022-07-19,148.303466796875,148.52935529848105,144.28650894193657,145.27846713272842,82982400
2022-07-20,150.30702209472656,150.97488652317665,147.6847044563416,148.42131103969578,64823400
2022-07-21,152.57582092285156,152.7918934399678,149.22671189385298,151.74099392614767,65086600
2022-07-22,151.33828735351562,153.48918116011728,150.67043785379852,152.61507520531072,66675400
2022-07-25,150.21861267089844,152.27128581002526,149.56057934341123,151.259680770693,53623900
2022-07-26,148.89279174804688,150.35617431230574,148.1070748417966,149.54099433337262,55138700
2022-07-27,153.99008178710938,154.52044701167125,149.44277321253915,149.85527117258624,78620700
2022-07-28,154.54006958007812,154.82488420275592,151.65256933071927,154.17666680263463,81378700
2022-07-29,159.60794067382812,160.70795024668809,156.6516977293032,158.3606307359644,101786900
2022-08-01,158.6258087158203,160.66866664290342,158.01688524229766,158.13473753103025,67829400
2022-08-02,157.15255737304688,159.50970748502837,156.77935355303202,157.24096155464215,59907000
2022-08-03,163.16329956054688,163.61507661089456,157.87936937014717,157.96775857743674,82507500
2022-08-04,162.84898376464844,164.20434469622828,161.49362283306857,163.04540919289056,55474100
2022-08-05,162.622802734375,163.1145559751719,160.31155649978248,160.51809946404907,56697000
2022-08-08,162.1507110595703,165.04222255656555,161.49176350864772,163.62597080235415,60276900
2022-08-09,162.1998748779297,163.0850396486981,160.5574209787257,161.31472511427808,63135500
2022-08-10,166.4486541748047,166.54699582568117,164.14723743893427,164.91437134851807,70170500
2022-08-11,165.7110137939453,168.1697800173322,165.41595884571527,167.25511117853088,57149200
2022-08-12,169.261474609375,169.33031226065586,166.60599505436244,167.0190809905204,68039400
2022-08-15,170.33348083496094,170.5301791193321,168.52383260735886,168.6910268994302,54091700
2022-08-16,170.17611694335938,170.84490912166515,168.82871793209483,169.93024033504878,56377100
2022-08-17,171.6710662841797,173.24466771389544,169.72372757411412,169.92042587693876,79542000
2022-08-18,171.27764892578125,172.01527879196829,170.26463844345383,170.88425233332873,62290100
2022-08-19,168.69102478027344,170.87441022573427,168.48448182965225,170.1761140668042,70346300
2022-08-22,164.8061981201172,167.05842149370653,164.38328250419255,166.89122718275175,69026800
2022-08-23,164.47178649902344,165.92738691269662,163.90135093265715,164.32426652803133,54147100
2022-08-24,164.766845703125,165.33728128422243,163.5079585610888,164.5603177384026,53841500
2022-08-25,167.2255859375,167.3337722378681,165.57330244873228,165.99620298200634,51218200
2022-08-26,160.9213409423828,168.22880259575382,160.86233294904275,167.75672364191396,78961000
2022-08-29,158.71823120117188,160.21314978089555,157.18396397049517,158.49201397597506,73314000
2022-08-30,156.28903198242188,159.8788249449609,155.11865676791015,159.45592432505862,77906200
2022-08-31,154.62689208984375,157.93147450788678,154.54820976951913,157.665923552681,87991100
2022-09-01,155.3546905517578,155.8070951296429,152.11894582091065,154.05645479166745,74229900
2022-09-02,153.24014282226562,157.71510032446895,152.41400097767612,157.11516076913463,76957800
2022-09-06,151.9812469482422,154.4990209999667,151.15510515135455,153.88925181756636,73714800
2022-09-07,153.3876495361328,154.085930606901,151.07640372248554,152.2664529516032,87449600
2022-09-08,151.91244506835938,153.78110171657892,150.16178940975541,152.08946906346367,84923800
2022-09-09,154.77439880371094,155.21698869351633,152.19761681404773,152.90574262919617,68028800
2022-09-12,160.73443603515625,161.55074810883656,156.6725650029193,156.9577752421011,104956000
2022-09-13,151.30264282226562,157.89213365235918,150.84039354694787,157.26269006575274,122656600
2022-09-14,152.7483673095703,154.50885206267736,151.07640953249754,152.2369398106262,87965400
2022-09-15,149.85687255859375,152.67954626691656,148.88321078041434,152.09926605765543,90481100
2022-09-16,148.2144012451172,148.85368936524756,145.92282969048466,148.71599907903905,162278800
2022-09-19,151.93206787109375,152.0107501857091,146.64081352548533,146.84734147012324,81474200
2022-09-20,154.31216430664062,155.4727097837978,150.5551772691551,150.86989154639073,107689800
2022-09-21,151.1846160888672,156.121822780707,151.06660011449515,154.74490471552286,101696800
2022-09-22,150.2207794189453,151.9222413623521,148.42096082844884,149.8667164993867,86652500
2022-09-23,147.9488983154297,148.97175363651883,146.1097456802274,148.69637297479187,96029900
2022-09-26,148.28329467773438,151.23381448556898,147.171927414505,147.19160174855077,93339400
2022-09-27,149.25692749023438,152.16811306913462,147.47678328794686,150.22077457787657,84442700
2022-09-28,147.36859130859375,148.15539940831013,142.45105944426174,145.20488028971093,146691400
2022-09-29,140.12997436523438,144.30004650786495,138.35966001189522,143.6902774000374,128138200
2022-09-30,135.9206085205078,140.7397998435746,135.72391020279727,138.9498106360333,124925300
2022-10-03,140.1005096435547,140.71029392940602,135.41902371449189,135.930451339268,114311700
2022-10-04,143.69033813476562,143.8083541391659,141.88067436027225,142.63797873845778,87830100
2022-10-05,143.98533630371094,144.94918341662517,140.65125008419213,141.69377951288206,79471000
2022-10-06,143.03134155273438,145.1065408456924,142.8248135939426,143.40507882099124,68402200
2022-10-07,137.7794189453125,140.73978304959337,137.1499753994762,140.18900681575843,85925600
2022-10-10,138.10397338867188,139.5497290653031,136.28449546728626,138.10397338867188,74899000
2022-10-11,136.68771362304688,139.01863396780078,135.94025417061508,137.59253769929057,77033700
2022-10-12,136.0582733154297,138.04496046792565,135.88124936484056,136.8352517842159,70433700
2022-10-13,140.631591796875,141.22168665886508,132.15375604675947,132.76354024673512,113224000
2022-10-14,136.09759521484375,142.13632279155848,135.91072663233257,141.9297798827004,88598000
2022-10-17,140.0611572265625,140.5430657827838,137.95645402263972,138.7432621845146,85250900
2022-10-18,141.37904357910156,144.28038442851894,138.29083411442357,143.09035010046446,99136600
2022-10-19,141.4872283935547,142.5592467457927,139.1661527370201,139.35302135031444,61758300
2022-10-20,141.02499389648438,143.4837601022304,140.29719369702107,140.6611013003117,64522000
2022-10-21,144.8410186767578,145.4114542957378,140.29720805857093,140.51358070739505,86548600
2022-10-24,146.9850311279297,147.75216493318766,143.5919369881937,144.76231202642796,75981900
2022-10-25,149.827392578125,149.97492757312142,146.89654709772452,147.61450271725704,74732300
2022-10-26,146.88671875,149.48317560972512,145.59831248015067,148.4701649982454,88194300
2022-10-27,142.41172790527344,146.59163005196794,141.75278042653088,145.62779799425218,109180200
2022-10-28,153.1713104248047,154.90227649289278,145.3819406077306,145.75566287950778,164762400
2022-10-31,150.81088256835938,151.69604741946125,149.41430514421359,150.6338586024099,97943200
2022-11-01,148.1652374267578,152.8860712842191,146.6703184608035,152.52217870801033,80379300
2022-11-02,142.637939453125,149.66017491618842,142.60843546015093,146.49328294195223,93604600
2022-11-03,136.58938598632812,140.44472962212055,136.4615253404881,139.7169294177421,97918500
2022-11-04,136.32339477539062,140.5496299805745,132.38284296255216,139.97824816387146,140814800
2022-11-07,136.85536193847656,137.08193945756335,133.6536636073325,135.07226465763827,83374600
2022-11-08,137.42674255371094,139.3280515614897,135.44662070693448,138.32322168629616,89908500
2022-11-09,132.86553955078125,136.49085472450093,132.5897021500865,136.44159482466026,74917800
2022-11-10,144.68722534179688,144.68722534179688,137.42676248525757,139.14090816003963,118854000
2022-11-11,147.47515869140625,147.7805490726991,142.2243712372686,143.6528333928847,93979700
2022-11-14,146.07623291015625,148.04650852538037,145.238859760882,146.75598040253018,73374100
2022-11-15,147.81007385253906,151.3073161661693,146.35207406862938,149.95768214517247,89868300
2022-11-16,146.5786590576172,147.642609775535,145.100952232511,146.91361736230309,64218300
2022-11-17,148.47999572753906,149.22869517163417,143.9779079987764,144.25374542723313,80389400
2022-11-18,149.04153442382812,150.43058273283654,147.74115996689468,150.04637948055915,74829600
2022-11-21,145.81028747558594,148.13521403601513,145.52460403537026,147.9283434491039,58724100
2022-11-22,147.94801330566406,148.1844518302865,144.7463148991296,145.92849249022925,51804100
2022-11-23,148.82481384277344,149.5735133563615,147.1205141770319,147.22887996484198,58301400
2022-11-25,145.90879821777344,146.66735873059727,144.93350612985708,146.1058228227629,35195900
2022-11-28,142.0766143798828,144.4606467175549,141.24910200456142,142.98293960504637,69246000
2022-11-29,139.0719451904297,142.65784730969276,138.2641397568449,142.14557128350813,83763800
2022-11-30,145.82998657226562,146.50973424229787,138.46115805437884,139.29851639049443,111380900
2022-12-01,146.10580444335938,146.9136247638141,144.43107296360157,146.00729966926298,71250400
2022-12-02,145.6132354736328,145.80041408602733,143.48533393064037,143.79073931676461,65447400
2022-12-05,144.45082092285156,148.67705724079119,143.6036014587404,145.57387788392768,68826400
2022-12-06,140.78607177734375,145.11082689130228,139.81077976944414,144.8842493657544,64727200
2022-12-07,138.8453369140625,141.23921477643742,137.91930489039092,140.07675927915528,69721100
2022-12-08,140.52993774414062,141.38701807504808,139.00298578220685,140.24425432184734,62128300
2022-12-09,140.04722595214844,143.40655024212361,138.80594241386282,140.22454358218158,76097000
2022-12-12,142.34255981445312,142.35240578049246,138.96352949381463,140.57915481281114,70462700
2022-12-13,143.3080291748047,147.7411502710795,142.0963136174533,147.27813419846305,93886200
2022-12-14,141.0815887451172,144.48031109554833,139.0620532803072,143.1897830028579,82291200
2022-12-15,134.47134399414062,139.69257867211073,134.00832790749715,139.01283101163355,98931900
2022-12-16,132.5109100341797,135.60424282446493,131.74250357896327,134.6585187405124,160156900
2022-12-19,130.4027099609375,133.1906522558453,129.36832710470327,133.10199344508453,79592600
2022-12-20,130.33375549316406,131.26963355148135,127.9595693949815,129.43727633927585,77432800
2022-12-21,133.4369354248047,134.7767236692483,130.77706590433928,131.003643429146,85928000
2022-12-22,130.26478576660156,132.56015897362735,128.36347675529532,132.35328842388512,77852100
2022-12-23,129.90029907226562,130.4519739547497,127.71329147955147,128.974266934376,63814900
2022-12-27,128.0974884033203,129.45698360544398,126.80696007412172,129.42743066905106,69007800
2022-12-28,124.16678619384766,129.08262238361158,123.99931454878694,127.74283419111387,85438400
2022-12-29,127.68373107910156,128.54079629058208,125.83167442757419,126.08780488461109,75703700
2022-12-30,127.99895477294922,128.01866173908738,125.53611764206177,126.50155605068613,77034200
2023-01-03,123.21119689941406,128.9545451464431,122.32457128587431,128.3437644584535,112117500
2023-01-04,124.4820327758789,126.74785308207225,123.22105739420844,125.00415469022626,89113600
2023-01-05,123.16194915771484,125.87107865122056,122.9058186898535,125.24059093401247,80962700
2023-01-06,127.69358825683594,128.35362894146016,123.03388952483932,124.13724683818648,87754700
2023-01-09,128.2156982421875,131.4272575812406,127.95956778658704,128.530949601707,70790800
2023-01-10,128.7870635986328,129.3091854431004,126.21585327519355,128.32404761851848,63896200
2023-01-11,131.50608825683594,131.52578019546752,128.5211210646013,129.29937353694692,69458900
2023-01-12,131.42726135253906,132.26461961526783,129.48653833184324,131.89027740511193,71379600
2023-01-13,132.7572021484375,132.91482784880117,129.70328312196565,130.06777940104425,57809700
2023-01-17,133.91966247558594,135.24958975985854,132.1365650960417,132.82615869144374,63646600
2023-01-18,133.2004852294922,136.54994765313825,133.0231526132705,134.78655764920913,69672800
2023-01-19,133.25961303710938,134.22504400705918,131.78190613060963,132.08729648616435,58280400
2023-01-20,135.82095336914062,135.96873306889344,132.22520615532028,133.26944989272516,80223600
2023-01-23,139.01284790039062,141.1900098722199,135.8505477576372,136.06727935780177,81760300
2023-01-24,140.41172790527344,141.03236969957698,138.21487421828232,138.22472018745663,66435100
2023-01-25,139.75167846679688,140.31319931491353,136.74700453490559,138.7960933961296,65799300
2023-01-26,141.82044982910156,142.10613318815084,139.79105325512376,141.04218251884544,54105100
2023-01-27,143.7611846923828,145.04186713056833,140.95355034191297,141.03236318771044,70555800
2023-01-30,140.87472534179688,143.38683009380475,140.7269606636837,142.8056023172103,64015300
2023-01-31,142.1455535888672,142.19481349464007,140.16543164570373,140.57918779657314,65874500
2023-02-01,143.26858520507812,144.43105564330162,139.21968321658196,141.83029241325445,77663600
2023-02-02,148.57850646972656,148.9331416858034,145.96788199485025,146.68702845858084,118339000
2023-02-03,152.20384216308594,155.04104480782712,145.63297259328513,145.8299972142777,154357300
2023-02-06,149.4749755859375,150.82462478693864,148.53909754834626,150.30250288074524,69858300
2023-02-07,152.35159301757812,152.92297488891165,148.40119485902974,148.40119485902974,83322600
2023-02-08,149.66217041015625,152.28264122485135,148.92331687434466,151.59304759782992,64120100
2023-02-09,148.62777709960938,152.036361465456,148.18446797066764,151.49453251585427,56007100
2023-02-10,148.99281311035156,149.3184067990407,147.22673043469464,147.46352995054943,57450700
2023-02-13,151.794921875,152.19943377089027,148.90405214554428,148.9336502097566,62199000
2023-02-14,151.15354919433594,151.71594235255213,148.84481056104855,150.08797404321209,61707600
2023-02-15,153.255126953125,153.4228543120151,150.83785669682248,151.06478017591323,65573800
2023-02-16,151.65676879882812,154.24176636818623,151.3015770289575,151.4594283283723,68167900
2023-02-17,150.51223754882812,150.95622343027773,148.83494918837297,150.31491216317963,59144100
2023-02-21,146.49659729003906,149.27893490600394,146.42754017987073,148.19362270368532,58867200
2023-02-22,146.92091369628906,147.94701510035154,145.1942896102947,146.88143957211324,51011300
2023-02-23,147.4043426513672,148.3317887532872,145.27320688340583,148.0851281966049,48394200
2023-02-24,144.75027465820312,145.22385866894857,143.77349352201168,145.1449254913303,55469600
2023-02-27,145.94410705566406,147.1774097603546,145.48038403430326,145.73692063205627,44998500
2023-02-28,145.44093322753906,147.08862392793702,144.86867893348426,145.085741426228,50547000
2023-03-01,143.3689727783203,145.26332395747403,143.07297711330398,144.86867310742886,55479000
2023-03-02,143.96096801757812,144.7502847940671,141.97780754659183,142.4514066454644,52238100
2023-03-03,149.0125732421875,149.09150642636217,145.36200004016092,146.06250758539213,70732300
2023-03-06,151.77516174316406,154.21216902598104,151.41010897005816,151.7356876269036,87558000
2023-03-07,149.574951171875,151.9724842932115,149.1112281718285,151.64689058754286,56182000
2023-03-08,150.82798767089844,151.41997901042942,149.80188641133856,150.76879154793838,47204800
2023-03-09,148.57843017578125,152.47566345847628,148.2232384177023,151.50875841619168,53833600
2023-03-10,146.51637268066406,148.92378215572674,145.63826168901898,148.2035375357173,68572400
2023-03-13,148.46005249023438,151.09438534791173,145.72704939093524,145.83558063473313,84457100
2023-03-14,150.55169677734375,151.35087437586574,148.09496787151124,149.25919818665145,73695900
2023-03-15,150.9463653564453,151.20288685726504,147.9173671829065,149.1704067412566,77167900
2023-03-16,153.76815795898438,154.3700101664544,149.6143886164517,150.1274466592856,76161100
2023-03-17,152.92953491210938,154.64629769155513,152.21915135199143,153.99511025228628,98944600
2023-03-20,155.29747009277344,155.7118730486912,152.09088307007352,152.99860710640667,73641400
2023-03-21,157.15232849121094,157.27072070754767,154.44892413015182,155.21851870122467,73938300
2023-03-22,155.7217254638672,159.97415053377057,155.7019884063488,157.17209056471103,75701800
2023-03-23,156.80702209472656,159.39203464017027,155.57371946683134,156.70836691747317,67622100
2023-03-24,158.10940551757812,158.19819969843707,155.74147036488569,156.73797352277555,59196500
2023-03-27,156.1657257080078,158.6224701978729,155.76119879412065,157.80355536791788,52390300
2023-03-28,155.5441131591797,156.3729039229444,153.8964227422894,155.85984584155918,45992200
2023-03-29,158.62246704101562,158.89872564622954,157.2214369560123,157.24115895998125,51305700
2023-03-30,160.19122314453125,160.29975438530866,159.1157867936236,159.37230833774987,49501700
2023-03-31,162.69729614257812,162.7959663866168,159.74724553838644,160.27016471086742,68749800
2023-04-03,163.95034790039062,164.06874015787406,162.0263984414518,162.07573356705876,56976200
2023-04-04,163.4175262451172,164.6113546852389,162.90446816785285,164.37457023031905,46278300
2023-04-05,161.57249450683594,162.84527116493152,159.6386845457234,162.53941454235493,51511700
2023-04-06,162.46047973632812,162.75647535534287,159.83600833200663,160.26025717712315,45390100
2023-04-10,159.86561584472656,159.86561584472656,157.94166678976978,159.26376357061562,47716900
2023-04-11,158.6520538330078,160.19121311129285,158.36591919116847,160.1813521100088,47644200
2023-04-12,157.96142578125,159.8952361057982,157.64569304379242,159.0664602524204,50133100
2023-04-13,163.34844970703125,163.58524921058068,159.26375236431844,159.4709538117945,68445600
2023-04-14,163.00315856933594,164.0983319737809,161.63172656331614,162.39143019016473,49386500
2023-04-17,163.02288818359375,163.18075455042484,161.83892054229136,162.8847588763579,41516200
2023-04-18,164.24630737304688,165.1737533320214,163.4372536454433,163.88125462301093,49923000
2023-04-19,165.3908233642578,165.91374248336922,163.32872989204589,163.58526647837797,47720200
2023-04-20,164.4239044189453,165.62760901810955,163.34846811386117,163.87138723669895,52456400
2023-04-21,162.81568908691406,164.226580111448,162.29276996055185,162.84528714652217,58337300
2023-04-24,163.1215362548828,163.38793383083043,161.70076925644653,162.79594256316088,41949600
2023-04-25,161.58238220214844,164.08844653165775,161.54290808705858,162.98341218856248,48714100
2023-04-26,161.57249450683594,163.07219461797823,160.6253265824028,160.8818480921529,45498800
2023-04-27,166.160400390625,166.3083906842776,162.98341161052969,162.98341161052969,64902300
2023-04-28,167.4134063720703,167.58114875947356,165.63746282624027,166.23931504498196,55275900
2023-05-01,167.3246307373047,168.17314354860417,166.387323749872,167.0187740939811,52472900
2023-05-02,166.28863525390625,168.07446991146244,165.30199325866423,167.8179333575238,48425700
2023-05-03,165.2132110595703,168.6368602354505,164.92709148440827,167.23583030731814,65136000
2023-05-04,163.57537841796875,164.8086809772467,162.11515240317325,162.68740659727376,81235400
2023-05-05,171.25149536132812,171.97173995816638,168.47901810918157,168.6960805994559,113453200
2023-05-08,171.18240356445312,171.5277343198539,169.8109716539451,170.1760244116815,55962800
2023-05-09,169.4755096435547,171.22185523763014,169.30778230115573,170.73841026688106,45326900
2023-05-10,171.24159240722656,171.70531537679722,169.60376298512443,170.70881232248743,53724500
2023-05-11,171.42909240722656,172.25786829114014,169.87019583226564,171.5277626550589,49514700
2023-05-12,170.50033569335938,171.97245613352067,168.94915782664347,171.5377307421917,45533100
2023-05-15,170.00633239746094,171.13265951386708,169.41352230428424,171.0832561601379,37266700
2023-05-16,170.00633239746094,171.0634918034888,169.73956634795272,169.92729004665156,42110300
2023-05-17,170.618896484375,170.8560084675657,168.37611683004315,169.65065404284252,57951600
2023-05-18,172.95059204101562,173.13831574371522,170.51021405749552,170.92517510124802,65496700
2023-05-19,173.0592803955078,174.27452457823847,172.84191768629904,174.27452457823847,55809500
2023-05-22,172.11077880859375,172.61467191708667,171.36977372037438,171.89341610998645,43570900
2023-05-23,169.50244140625,171.300620989034,169.22580071286586,171.05361929309908,50747300
2023-05-24,169.7790985107422,170.35214430979713,168.4749372695529,169.03809335131075,45143500
2023-05-25,170.91529846191406,171.81437317497037,169.63088663153601,170.34225271987503,56058300
2023-05-26,173.32601928710938,173.66195304430255,171.03385143516303,171.24133948884744,54835000
2023-05-30,175.17361450195312,176.84334846181008,174.45237373510062,174.8376957969301,55964400
2023-05-31,175.12420654296875,177.19902686801004,174.64007778024913,175.20324889662425,99625300
2023-06-01,177.9300994873047,177.9597384783277,174.8079951094222,175.5687643891748,68901800
2023-06-02,178.7798309326172,179.5998784017098,177.11009699591673,178.8588732872537,61996900
2023-06-05,177.42630004882812,182.73189284985287,175.90476081626858,180.4397244340229,121946500
2023-06-06,177.0607147216797,177.95978950011875,175.30204865399,177.81159450251565,64848400
2023-06-07,175.68736267089844,179.03670485789638,175.19335930953716,176.29992201473482,61944600
2023-06-08,178.4044189453125,178.6711699623807,175.33171678380066,175.76642717021195,50214900
2023-06-09,178.78970336914062,180.04446105377914,178.46365934119785,179.3232203666376,48900000
2023-06-12,181.5857696533203,181.68457636718009,178.79959821677159,179.09600328256303,54274900
2023-06-13,181.1115264892578,181.94144859403625,180.2519653861507,180.6076484418825,54929100
2023-06-14,181.7438507080078,182.1785761189824,179.8370047903456,181.17080494588566,57462900
2023-06-15,183.77914428710938,184.28303741690132,181.57589328622848,181.7537423543279,65433200
2023-06-16,182.7022247314453,184.7474061455162,182.0600263098281,184.49051471623886,101256200
2023-06-20,182.79116821289062,183.86810729206732,182.1983730630018,182.1983730630018,49799100
2023-06-21,181.75375366210938,183.18636063386023,180.40017397466633,182.68246747271866,49515700
2023-06-22,184.75726318359375,184.8066665365007,181.46719888037438,181.53636658960147,51245300
2023-06-23,184.44110107421875,185.31055187722217,182.79113153727351,183.3246636484937,53117000
2023-06-26,183.04803466796875,185.79469252512132,183.00850595123646,184.58932295318664,48088700
2023-06-27,185.8045654296875,186.13060949863421,183.4432296659109,183.66059237854205,50730800
2023-06-28,186.98028564453125,187.6224840299043,185.3500804657921,185.67610944091012,51216800
2023-06-29,187.3162078857422,187.79046201011187,186.67400948819943,186.81232983886036,46347300
2023-06-30,191.64369201660156,192.14757008838143,188.96618679019105,189.33175958026345,85213200
2023-07-03,190.15179443359375,191.55476227365418,189.46017761633829,191.4559555638213,31458200
2023-07-05,189.0353546142578,190.66555990536892,188.33386310926684,189.27248168829453,46920300
2023-07-06,189.50961303710938,189.71710113255136,186.9309142623323,187.56323811520764,45094300
2023-07-07,188.3931121826172,190.35925096234297,187.9584018939785,189.11436793531539,46815000
2023-07-10,186.3479766845703,187.71143099184326,184.79679865953796,186.9901751208951,59922200
2023-07-11,185.82432556152344,187.0296950947768,184.3620796809065,186.8913747422291,46638100
2023-07-12,187.4940643310547,189.4009103170613,186.20965240962747,187.40513225686783,60750200
2023-07-13,188.25479125976562,188.89700466458706,187.50391158996257,188.21527762484376,41342300
2023-07-14,188.40304565429688,188.88715940601534,187.35576071083716,187.94855582890273,41616200
2023-07-17,191.6634521484375,191.9894962144421,189.5095893997432,189.598506397075,50520200
2023-07-18,191.40655517578125,191.99936529239264,190.1122686661601,191.03112283932904,48288200
2023-07-19,192.7601318359375,195.85258285437448,190.3395031262878,190.7841182449009,80507300
2023-07-20,190.81375122070312,194.1136901954007,190.19130213491889,192.7502360363635,59581200
2023-07-21,189.63803100585938,192.63169045749675,188.93653953192955,191.77212935032986,71951700
2023-07-24,190.43832397460938,192.57242242955687,189.9443205401746,191.09041212625252,45377800
2023-07-25,191.29786682128906,192.1080396126164,190.6062650944163,191.01135149007996,37283200
2023-07-26,192.1673126220703,193.29363971255637,191.00147189498233,191.34726521155525,47471900
2023-07-27,190.90267944335938,194.83494237556206,190.24071668140024,193.66910156142774,47460200
2023-07-28,193.48138427734375,194.27179277672036,191.8116502798051,192.3352927070371,48291400
2023-07-31,194.0939178466797,194.1334465580661,192.91818743340556,193.70859582748605,38824100
2023-08-01,193.26405334472656,194.37061638035135,192.9380092197748,193.88650259016083,35175100
2023-08-02,190.27037048339844,192.83917937620112,189.54912966810338,192.7008590133255,50389300
2023-08-03,188.8772430419922,190.06284809201935,188.40300403713854,189.27245477585868,61235200
2023-08-04,179.80735778808594,185.13271368389906,179.73819007769725,183.295020485719,115956800
2023-08-07,176.70501708984375,180.9336848652445,175.2230069327887,179.94567809387448,97576100
2023-08-08,177.6436309814453,178.10799539743132,175.45025461361834,177.5349496271552,67823000
2023-08-09,176.05296325683594,178.76009268860713,174.88710720037176,178.7008146829172,60378500
2023-08-10,175.83555603027344,178.58221348809383,175.46999837048295,177.32744074056737,54686900
2023-08-11,175.89492797851562,176.71608281179377,174.6681548123879,175.4299516016464,52036700
2023-08-14,177.5471649169922,177.77470914879805,175.4200724407671,176.07304120627697,43675600
2023-08-15,175.55856323242188,177.56692432110017,175.1628328578025,176.9733287591711,43622600
2023-08-16,174.68797302246094,176.63696118746435,174.6187118962378,175.24200164765458,46964900
2023-08-17,172.14532470703125,175.6179059949575,171.6308631878828,175.25185467548476,66062900
2023-08-18,172.63011169433594,173.23361029129558,170.12708024206367,170.46345254957686,61172200
2023-08-21,173.96572875976562,174.25264612165492,171.88812158676677,173.20394701107267,46311900
2023-08-22,175.34091186523438,175.78611232307705,174.3713618531986,175.17272569654475,42038900
2023-08-23,179.18942260742188,179.61484705303545,176.42916808280543,176.6171452729967,52722800
2023-08-24,174.5,179.16969151951167,174.13393350254862,178.74426696737848,54945800
2023-08-25,176.70620727539062,177.2404448053197,173.9459523611551,175.4893219988908,51449600
2023-08-28,178.26937866210938,178.66510907128173,176.64685983066678,178.17043851174256,43820700
2023-08-29,182.15745544433594,182.9291401969668,177.58670497165372,177.78457014737916,53003900
2023-08-30,185.6498260498047,185.84770631972717,182.77085531463172,182.9687204884091,60813900
2023-08-31,185.8674774169922,187.10415359099386,185.48163505454943,185.8377983965077,60794500
2023-09-01,187.4405517578125,187.89564016216337,186.27312153245367,187.47023078000296,45766500
2023-09-05,187.67796325683594,187.95497749752238,185.61024442594643,186.27310100874215,45280000
2023-09-06,180.9603729248047,186.8370611072444,179.53571941437733,186.3918455631262,81755800
2023-09-07,175.66738891601562,176.31046963604499,171.69023379276553,173.312752460059,112488800
2023-09-08,176.28076171875,178.31881673909905,175.89491935539235,176.44896296342043,65551300
2023-09-11,177.44821166992188,178.3781946740771,175.44973851819339,178.15065045906456,58953100
2023-09-12,174.4208221435547,178.2100000030001,172.95660168355545,177.57682236385347,90370200
2023-09-13,172.35311889648438,175.41017925863045,172.1255595752841,174.6285913393108,84267900
2023-09-14,173.86679077148438,174.22295413122683,171.72981061302968,172.14533201670497,60895800
2023-09-15,173.14456176757812,174.61868528190746,171.967258666553,174.59889423512476,109259500
2023-09-18,176.07301330566406,177.46798769380123,174.2921965438023,174.59888982853914,67257600
2023-09-19,177.1613006591797,177.71532920549458,175.24197669791334,175.62781908525017,51826900
2023-09-20,173.61944580078125,177.78456267568592,173.5303936437239,177.34925024969752,58436200
2023-09-21,172.07608032226562,174.42082885900223,172.006834299268,172.68948203416045,63149100
2023-09-22,172.92689514160156,175.19249433338604,172.19479251227028,172.80817906033587,56725400
2023-09-25,174.20315551757812,175.08366835534056,172.2937196425223,172.34318970903263,46172700
2023-09-26,170.1270751953125,173.33253018900052,169.83026989319274,172.9565908960506,64588900
2023-09-27,168.61338806152344,171.19556880826096,167.24810767663843,170.78004737841366,66921800
2023-09-28,168.87062072753906,170.19633406818943,165.83333655703308,167.53500431517824,56294400
2023-09-29,169.3850860595703,171.2252609973693,168.5243490895999,170.18644988639232,51861100
2023-10-02,171.89797973632812,172.44212024536975,169.108031178775,169.39494849088058,52164500
2023-10-03,170.56239318847656,171.77929356494764,168.9992475938596,170.42388604353025,49594600
2023-10-04,171.8089599609375,172.3531005247124,169.14763028223018,169.26634637027362,53020300
2023-10-05,173.04563903808594,173.57987653919332,170.83939772477277,171.93756684563112,48527900
2023-10-06,175.59812927246094,176.09279974358,171.33405713065292,171.947458780219,57266700
2023-10-09,177.08213806152344,177.1414961017949,173.92613808717138,174.9253669894116,42390800
2023-10-10,176.488525390625,177.80435062036204,176.05321297222847,176.20162316730602,43698000
2023-10-11,177.88352966308594,177.9329997364432,175.7069823006886,176.30057789253502,47551100
2023-10-12,178.7838134765625,180.39642899359671,177.13160077070958,178.1506358590928,56743100
2023-10-13,176.9436492919922,179.9908063804386,176.24121051823693,179.48624788964275,51427100
2023-10-16,176.8150177001953,177.17118104988546,174.6285675347915,174.86601479996662,52517000
2023-10-17,175.26174926757812,176.51821654411026,172.93680701299223,174.7670787756051,57549400
2023-10-18,173.96572875976562,175.68718764266174,173.24351401125745,173.7085055181981,54764400
2023-10-19,173.58978271484375,175.9444040866048,173.32265641144056,174.16358722416024,59302900
2023-10-20,171.03729248046875,173.55021220691836,170.79984518424126,173.44138408316581,64244000
2023-10-23,171.15599060058594,172.15521956196545,168.11870652701532,169.08827156264798,55980100
2023-10-24,171.59133911132812,171.8188833590379,169.62254470055612,171.20549664949476,43816600
2023-10-25,169.27627563476562,171.21537582153513,168.83106004342108,170.04796051874604,57157000
2023-10-26,165.11111450195312,169.55326090861308,163.90411730631092,168.55401686361284,70625300
2023-10-27,166.4269561767578,167.1590740039346,165.05177269186868,165.13092178908886,58499100
2023-10-30,168.47486877441406,169.34549366723184,167.0700063949142,167.21841659954197,51131000
2023-10-31,168.94976806640625,169.07837213199355,166.1103491096919,167.54490564738762,44846000
2023-11-01,172.1156768798828,172.37290013800276,168.30670750672277,169.1773325282788,56934900
2023-11-02,175.6772918701172,175.88504503012373,173.58978171760563,173.64913976332178,77334800
2023-11-03,174.76708984375,174.93529110628108,171.5022764668811,172.38278939451087,79829200
2023-11-06,177.31959533691406,177.51746053122469,174.3317961816863,174.49998235165765,63841300
2023-11-07,179.8820037841797,180.4953904276926,177.06237564620827,177.27012882075113,70530000
2023-11-08,180.94058227539062,181.4946108426327,179.65443590363796,180.40634475587757,49340300
2023-11-09,180.4656982421875,182.1574629246798,179.87208759448916,181.00983881988668,53763500
2023-11-10,184.65609741210938,184.82452025063435,181.8129530168045,182.24883894138773,66133400
2023-11-13,183.0710906982422,184.28957909475855,182.4866141219331,184.0815522328342,43627500
2023-11-14,185.6864013671875,186.35013134634684,184.55706727911962,185.94396348691,60108400
2023-11-15,186.2510528564453,187.72711849110286,186.02320887124122,186.09256123667055,53790500
2023-11-16,187.9351806640625,189.17348632805627,186.88508476352558,187.79649103433664,54412900
2023-11-17,187.9153289794922,188.59887599886426,186.805812145748,188.47008739636428,50922700
2023-11-20,189.65884399414062,190.1145470130609,188.10354033806448,188.11344133907264,46505100
2023-11-21,188.85646057128906,189.72823253932046,187.9648865974642,189.61926104331656,38134500
2023-11-22,189.5201873779297,191.12502655036587,189.0446822742513,189.69851123933077,39617700
2023-11-24,188.1927032470703,189.11399521175224,187.47943812523724,189.08427709134526,24048300
2023-11-27,188.01438903808594,188.88616092409407,187.13271615011263,188.14317764380084,40552600
2023-11-28,188.61868286132812,189.29232889633607,187.62803848681267,188.0044881862593,38415400
2023-11-29,187.5983123779297,190.29286617117475,187.2020606914072,189.11399699712592,43014200
2023-11-30,188.17291259765625,188.53946132762457,186.42938378571617,188.06394110215783,48794400
2023-12-01,189.4508514404297,189.76784980640184,187.4596464071562,188.54936135651158,45704800
2023-12-04,187.65774536132812,188.27195511561732,185.6962738498395,188.20260275786183,43389500
2023-12-05,191.61045837402344,192.58128575658978,188.4007647355339,188.43049797744138,66628400
2023-12-06,190.520751953125,192.93791176533594,190.3127099631217,192.6308143978356,41089700
2023-12-07,192.4525146484375,193.1756809137271,191.77886851619465,191.8185027618749,47477700
2023-12-08,193.87901306152344,194.15639227120218,191.8580901155405,192.38313041357762,53406400
2023-12-11,191.37269592285156,191.67980841318465,189.6291670567547,191.3033586686724,60943700
2023-12-12,192.8883819580078,192.8982829604503,189.92634969600132,191.27362671385956,52696900
2023-12-13,196.1079864501953,196.14760557804456,193.02708153571695,193.26482653488247,70404200
2023-12-14,196.25656127929688,197.75242887078264,194.32480773637585,196.16740691178524,66831600
2023-12-15,195.72161865234375,196.54384019084355,195.15694409646994,195.6819844119138,128538400
2023-12-18,194.05734252929688,194.7904248709577,192.57137584033416,194.2554683979516,55751900
2023-12-19,195.0974884033203,195.10738940442394,194.05730887821485,194.32478706833504,40714100
2023-12-20,193.00726318359375,195.8305908429342,193.00726318359375,195.05788936850126,52242800
2023-12-21,192.858642578125,195.23619818360498,191.6896894536902,194.26537091395173,46482500
2023-12-22,191.7887725830078,193.58183662844655,191.16466173906855,193.35397752019378,37149600
2023-12-26,191.243896484375,192.0760341178965,191.02595351616222,191.79865490672267,28919300
2023-12-27,191.3429718017578,191.6897034098951,189.3022466284661,190.68915794498034,48087700
2023-12-28,191.76893615722656,192.83883387512188,191.3627683436117,192.32369457775746,34049900
2023-12-29,190.72877502441406,192.58127531145587,189.9362564400636,192.08595308574118,42672100
2024-01-02,183.90325927734375,186.67706712531708,182.169631261865,185.39912715178363,82488700
2024-01-03,182.52622985839844,184.1409850600839,181.7138941984477,182.49651173581816,58414500
2024-01-04,180.2081298828125,181.37708304150152,179.18776734055538,180.44587486910356,71983600
2024-01-05,179.48495483398438,181.05017488447822,178.48440937769652,180.28738953880892,62379700
2024-01-08,183.82398986816406,183.86362411289957,179.80197564152536,180.38645226507356,59144500
2024-01-09,183.40789794921875,183.41779895114087,181.0204413910758,182.19931060924736,42841800
2024-01-10,184.44808959960938,184.6561164657865,182.1993225017619,182.6253074687535,46792900
2024-01-11,183.8536834716797,185.3000308909078,181.90211286972462,184.7947925921475,49128400
2024-01-12,184.18060302734375,184.99293868218925,183.45743685571247,184.3192926371913,40477800
2024-01-16,181.91201782226562,182.53611345296787,179.23726611684987,180.45576949057303,65603000
2024-01-17,180.9709014892578,181.21856257523459,178.61317822966134,179.5741044525339,47317400
2024-01-18,186.86524963378906,187.37047281337263,184.09144241490495,184.34900450558874,78005800
2024-01-19,189.767822265625,190.1541729432286,187.05346652103705,187.55868967912403,68903000
2024-01-22,192.07603454589844,193.50256484427592,190.4612794003693,190.5009136397872,60133900
2024-01-23,193.3539581298828,193.91863266844476,192.01659731903075,193.19546652112328,42355600
2024-01-24,192.68031311035156,194.54272920016803,192.52180639716883,193.5917040371039,53631300
2024-01-25,192.35342407226562,194.43378338829353,191.30334341188293,193.39360373027958,54822100
2024-01-26,190.61981201171875,192.9379165033589,190.14430688636483,192.45251037482265,44594000
2024-01-29,189.93624877929688,190.4018528619721,187.8063693410428,190.2136280052267,47145600
2024-01-30,186.28077697753906,190.0056098088079,185.71611749758625,189.1536549714469,55859400
2024-01-31,182.6748046875,185.3495564168855,182.6252845648342,185.29010506082795,55467800
2024-02-01,185.11183166503906,185.2009860420896,182.10027903950464,182.2686867903897,64885400
2024-02-02,184.11126708984375,185.5774165638072,177.57300802816712,178.1773017145222,102551700
2024-02-05,185.92413330078125,187.47945226083425,184.10135123689923,186.3897373769733,69668800
2024-02-06,187.52899169921875,187.53889270164484,185.02266252630227,185.1118168962398,43490800
2024-02-07,187.63796997070312,189.26262627331204,186.8454513829838,188.85645841865113,53439000
2024-02-08,186.5581512451172,187.76672344534998,185.59722501634783,187.6181328392653,40962000
2024-02-09,187.32192993164062,188.45270503827624,186.47880163607178,187.12353611951417,45155200
2024-02-12,185.6356964111328,187.14340178579747,185.27860869437868,186.89542462514387,41781900
2024-02-13,183.54275512695312,184.70330147289806,182.02513622573113,184.26685928046126,56529500
2024-02-14,182.65992736816406,184.0287658151745,180.96377246543662,183.82047352517276,54630500
2024-02-15,182.37229919433594,182.99720639873473,179.8826142837668,182.06480997798818,65434500
2024-02-16,180.8348388671875,183.35429496994237,180.2000180232841,181.9358579237584,49752500
2024-02-20,180.0908966064453,180.95385211869663,178.543521838827,180.31903131312703,53665600
2024-02-21,180.84475708007812,181.41013702999714,179.19818540957374,180.46782702325083,41371400
2024-02-22,182.878173828125,183.463411373256,180.98364000764028,181.99537582737872,52292200
2024-02-23,181.04315185546875,183.54275049121756,180.75548990166286,183.51299444569602,45119700
2024-02-26,179.69415283203125,181.28119739799624,179.18826979539264,180.7654158601022,40867400
2024-02-27,181.1522674560547,182.43182285515786,178.10710087323727,179.63464855081253,54318900
2024-02-28,179.9520263671875,181.6382676787398,178.67247114624934,181.03320292829392,48953900
2024-02-29,179.28746032714844,181.09274105155225,178.07733075339527,179.80325698202418,136682600
2024-03-01,178.206298828125,179.06925444803085,175.94474848019505,178.09718827908785,73563100
2024-03-04,173.68316650390625,175.46858951163802,172.38375378915603,174.72465821330945,81510100
2024-03-05,168.7434844970703,170.64794717373948,168.24753020204216,169.37830538929336,95132400
2024-03-06,167.75155639648438,169.85441265484894,167.31511424596866,169.67586125903696,68587700
2024-03-07,167.6325225830078,169.34851990765398,167.12665473872153,167.78130279152694,71765100
2024-03-08,169.34852600097656,172.29449531822434,167.57301652903823,167.6325286145872,76267000
2024-03-11,171.35220336914062,172.96901916174485,170.65787040570808,171.54066841678448,60139500
2024-03-12,171.82830810546875,172.62183794587216,169.62626998762764,171.7489536078961,59825400
2024-03-13,169.74530029296875,171.78862930722158,169.3782838692582,171.3720295685671,52488700
2024-03-14,171.6001739501953,172.89957168966941,170.65786388331372,171.51090581587792,72913500
2024-03-15,171.22323608398438,171.22323608398438,168.91208752136302,169.78497182252738,121752700
2024-03-18,172.31434631347656,176.27206668827822,172.11596763998543,174.1493830977455,75604200
2024-03-19,174.65524291992188,175.18095319129145,171.62991909909198,172.92931675607417,55215200
2024-03-20,177.2242889404297,177.2242889404297,173.67325471299228,174.29816190798687,53423100
2024-03-21,169.98336791992188,176.05385870042272,169.45765758517675,175.61741650508932,106181300
2024-03-22,170.88600158691406,171.64977539848843,168.68396342338923,170.37020490965267,71160100
2024-03-25,169.4675750732422,170.54875171721093,168.078894077347,169.1898419011277,54288300
2024-03-26,168.3367919921875,170.0329469889122,168.20783904863555,168.62443878704727,57388400
2024-03-27,171.90765380859375,172.19531573949365,168.7335497446837,169.03112531152695,60273300
2024-03-28,170.0924530029297,170.83638432396197,169.13030061690222,170.36027251639132,65672700
2024-04-01,168.6542205810547,169.86435030206175,168.1086678157934,169.80483820681948,46240500
2024-04-02,167.47381591796875,167.96977013364764,166.86875116942764,167.71187939021036,49329500
2024-04-03,168.2772674560547,169.29893197888933,167.21593325359058,167.4242255584593,47691700
2024-04-04,167.45401000976562,170.52891745806397,167.45401000976562,168.91210166538218,53704400
2024-04-05,168.20785522460938,169.01129873561936,167.5829479892356,168.21776886148135,42104800
2024-04-08,167.0869903564453,167.83092176064616,166.87869803905005,167.6622991252661,37425500
2024-04-09,168.29710388183594,168.70378997636425,166.98779260608748,167.33495148030394,42373800
2024-04-10,166.42239379882812,167.7217914097351,165.7578169724605,167.4341446269544,49709300
2024-04-11,173.6236572265625,174.040272115757,166.7993370367697,166.97787330186227,91070300
2024-04-12,175.1214599609375,176.9168120397123,172.80039755418966,172.8499808741194,101670900
2024-04-15,171.29266357421875,175.200785081753,171.10419855705527,173.94105717912421,73531800
2024-04-16,168.00946044921875,172.354009228837,166.9084414489389,170.36027866522625,73711200
2024-04-17,166.64064025878906,169.2691919230274,166.64064025878906,168.23761366668208,50901200
2024-04-18,165.6884002685547,167.27546002889196,165.20237475763562,166.67039519798726,43122900
2024-04-19,163.66490173339844,165.05356757276493,162.7523477339115,164.86511767231858,68149400
2024-04-22,164.49810791015625,165.9066162144586,163.43677364744048,164.18070504913473,48116400
2024-04-23,165.5495147705078,165.69831011966792,163.58554027123327,164.01206877643943,49537800
2024-04-24,167.6523895263672,167.93012271313196,164.86512888648411,165.19244539313124,48251800
2024-04-25,168.51535034179688,169.22952573993217,166.7894239404159,168.15826264272923,50558300
2024-04-26,167.93011474609375,169.95360145871248,167.81107543218243,168.50542350147623,44838400
2024-04-29,172.09609985351562,174.60562678464615,171.699342565042,171.96714692386752,68169400
2024-04-30,168.9517822265625,173.57407962239418,168.6244505944639,171.92750782528833,65934800
2024-05-01,167.93011474609375,171.31252641733016,167.74164970644674,168.20784791968214,50383100
2024-05-02,171.62994384765625,172.01678759624437,169.50726004906326,171.11414713776406,94214900
2024-05-03,181.8961639404297,185.48686744008484,181.1819886945406,185.13969345224513,163224100
2024-05-06,180.23971557617188,182.70955826534143,178.9601450261929,180.8745364649345,78569700
2024-05-07,180.92410278320312,183.40387401178498,179.8528549315395,181.965609726272,77305800
2024-05-08,181.26133728027344,181.5886688519262,179.981767033329,181.3704478041577,45057100
2024-05-09,183.0765380859375,183.16580620820878,180.63643679661024,181.08279254328744,48983000
2024-05-10,181.8151092529297,183.84134031553506,180.9013175850214,183.65261967053823,50759500
2024-05-13,185.0233154296875,185.83779081511702,183.3745104951717,184.18898588060125,72044800
2024-05-14,186.16555786132812,187.02969899838186,185.0332491027049,186.245019986336,52393600
2024-05-15,188.44012451171875,189.36384333151435,186.1059718662387,186.6423374407049,70400000
2024-05-16,188.55929565429688,189.81080512810087,188.38051724709635,189.18505039119887,52845200
2024-05-17,188.589111328125,189.52277241007562,187.90376371878457,188.23153932133224,41282900
2024-05-20,189.75120544433594,190.62527366658756,187.73490137733788,188.052749878466,44361300
2024-05-21,191.05239868164062,191.42982486744873,189.63203768676544,189.80088903544183,42309400
2024-05-22,189.61215209960938,191.5192128106237,188.9864124860383,190.9729201671483,34648500
2024-05-23,185.61929321289062,189.7114944206788,185.370979738518,189.69162509909052,51005900
2024-05-24,188.6983642578125,189.2943226367172,186.771449342652,187.54620129756856,36327000
2024-05-28,188.7082977294922,191.69798625592665,187.82430244055638,190.21803261577213,52280100
2024-05-29,189.00628662109375,190.95307102285372,188.23154975607,188.33088121296123,53068000
2024-05-30,189.99952697753906,190.88352231957748,189.34399093884022,189.47310363654154,49889100
2024-05-31,190.95306396484375,191.2709124904654,188.62885345568,190.1485307236603,75158300
2024-06-03,192.72103881835938,193.67456916074488,191.22123099586668,191.5986571441052,50080500
2024-06-04,193.0388946533203,194.0023521144802,191.72779227719917,193.32693160548868,47471400
2024-06-05,194.5486297607422,195.5716800296083,193.55537589536917,194.08179923154876,54156800
2024-06-06,193.1680145263672,195.17439165110096,192.86010824182844,194.36985841579607,41181800
2024-06-07,195.56178283691406,195.61144856894393,192.830334289661,193.33688838231703,53103900
2024-06-10,191.8171844482422,195.96899354752293,190.8537269722117,195.57168290202756,97010200
2024-06-11,205.7525177001953,205.7624599378956,192.32373729563466,192.34359145933493,172373300
2024-06-12,211.6326141357422,218.7145040828182,205.50422428227435,205.97105482418652,198134300
2024-06-13,212.7947235107422,215.2877853731434,210.17253378994005,213.29135046662026,97862700
2024-06-14,211.05653381347656,213.71844708080008,209.87455920751867,212.40735976944958,70122700
2024-06-17,215.20831298828125,217.47293058672338,211.28496325493592,211.93057220447776,93728300
2024-06-18,212.8443603515625,217.15509356895643,211.56306955662498,216.12210108008887,79943300
2024-06-20,208.26547241210938,212.79472296910444,207.4410850045998,212.48680152632818,86172500
2024-06-21,206.09027099609375,210.46058238700795,205.71282963889428,208.97070143703453,241805100
2024-06-24,206.7358856201172,211.26512140596267,205.1963388988781,206.3187207615107,80727000
2024-06-25,207.6595916748047,209.95400566525086,207.20268823087267,207.73903864641352,55549700
2024-06-26,211.8114013671875,213.41054080672134,209.2190079939271,210.07320698316605,66213200
2024-06-27,212.65565490722656,214.28459061162127,210.91746067332394,213.2416710401095,49772700
2024-06-28,209.19911193847656,214.61235731022026,208.88127860134253,214.31437813701,82542700
2024-07-01,215.2877655029297,216.04263295008636,210.49034773322808,210.65919906394006,60402900
2024-07-02,218.7840576171875,218.89331616082157,213.64893637809146,214.69184092859064,58046200
2024-07-03,220.05540466308594,220.05540466308594,217.55240059045883,218.5158580863075,37369800
2024-07-05,224.8130645751953,224.92232310094593,220.1547017635972,220.1547017635972,60412400
2024-07-08,226.28311157226562,226.31290797690275,221.7439339584199,225.55802531049062,59085900
2024-07-09,227.1372833251953,227.85242731023644,224.84286935479298,226.3923429370984,48076100
2024-07-10,231.40829467773438,231.50762613234983,227.70346178953022,227.75312751683794,62627700
2024-07-11,226.0347900390625,230.82226580227746,224.2469300453064,229.82901193417422,64710600
2024-07-12,228.9847412109375,231.07058040656065,227.13728840093884,227.37567478656334,53046500
2024-07-15,232.81871032714844,235.62962070976812,231.5175501306247,234.88468027763452,62631300
2024-07-16,233.23587036132812,234.67608537579065,230.7626628820321,233.4146487749432,43234300
2024-07-17,227.33595275878906,229.8985495862513,225.11105861290636,227.90209958898402,57345900
2024-07-18,222.66766357421875,228.88544301040346,220.77056004528671,228.7265187407576,66034600
2024-07-19,222.79676818847656,225.2699757257536,221.7737179376491,223.30333735062962,49151500
2024-07-22,222.44915771484375,226.24337986146955,221.58501648633228,225.47857008869346,48201800
2024-07-23,223.4920654296875,225.40905343076804,221.17778191166562,222.85638350906987,39960300
2024-07-24,217.06568908691406,223.28346786979841,215.66521268088363,222.48886176091068,61777600
2024-07-25,216.02276611328125,219.3600993592141,213.17211751089403,217.45303879938137,51391200
2024-07-26,216.4896240234375,218.0093012590926,214.55276681781487,217.22462220056258,41601300
2024-07-29,216.7677459716797,217.82059272630025,214.294538197557,215.49638213713573,36311800
2024-07-30,217.32395935058594,218.84363662609175,214.6620309808042,217.71132777069818,41643800
2024-07-31,220.5818328857422,222.31010016667176,219.14161772956027,219.94615098169663,50036300
2024-08-01,216.88693237304688,222.96564167600837,215.55597572208578,222.8563831356547,62501000
2024-08-02,218.37681579589844,224.07809897050203,216.24132584869807,217.67159881719564,105568600
2024-08-05,207.85824584960938,212.0597055615941,194.6777624827749,197.74691336614487,119548600
2024-08-06,205.83200073242188,208.5733911865651,199.7135682482994,203.91502798694503,69660500
2024-08-07,208.40452575683594,212.1987475040528,204.9976572409954,205.50421123787663,63516400
2024-08-08,211.8709716796875,212.75496698059854,207.42119877275275,211.67232394520707,47161100
2024-08-09,214.78123474121094,215.31758519349225,210.5400362270979,210.66916408754707,42201600
2024-08-12,216.31260681152344,218.28152162650582,214.39341520959198,214.86078610016068,38028100
2024-08-13,220.03167724609375,220.64820259017597,217.7843155173404,217.7843155173404,44155300
2024-08-14,220.47915649414062,221.7818227179272,218.4704570730026,219.33559848009435,41960600
2024-08-15,223.4623565673828,224.0888356302054,221.51331902381992,223.34303300242357,46414000
2024-08-16,224.78492736816406,225.56056092969672,222.39834972442236,222.66684293368954,44340200
2024-08-19,224.62582397460938,224.72527040192085,221.791767703572,224.4567771868955,40687800
2024-08-20,225.2423553466797,225.89866536829538,224.18828995199718,224.50650638916653,30299000
2024-08-21,225.13296508789062,226.70412456960102,223.7905293550798,225.25230383574092,34765500
2024-08-22,223.27342224121094,227.06209724349452,222.64694316501192,226.51517227009805,43695300
2024-08-23,225.57049560546875,226.9427773475752,223.07454817990703,224.39710671028325,38677300
2024-08-26,225.90858459472656,226.00803101617393,222.6370036872603,225.490936936756,30602200
2024-08-27,226.75384521484375,227.5692634267734,223.63141860700006,224.73520717839608,35934600
2024-08-28,225.22247314453125,228.57360836626125,224.41699349604747,226.64446298605537,38052200
2024-08-29,228.50399780273438,231.61648594304322,227.5991020536236,228.8122756660522,51906300
2024-08-30,227.71841430664062,229.11057321557684,226.2069166530855,228.90175696593346,52990800
2024-09-03,221.52330017089844,227.7184305167556,219.93224829880322,227.2709519194148,50190600
2024-09-04,219.61404418945312,220.5388322671096,216.26289369284987,220.4195086889333,43840200
2024-09-05,221.13546752929688,224.2181094473344,220.28027986462445,220.38966486266608,36615400
2024-09-06,219.58421325683594,223.97947540850993,218.5400864277892,222.69668624975694,48423000
2024-09-09,219.67369079589844,220.03167667908036,215.49719894103853,219.58419811845144,67180000
2024-09-10,218.87818908691406,220.24051723864008,215.5170998778664,217.6948463098401,51591000
2024-09-11,221.41390991210938,221.84149617822106,216.6706004766808,220.22062862304543,44587100
2024-09-12,221.52330017089844,222.29893378586118,218.58981250678085,221.2548069431359,37455600
2024-09-13,221.25479125976562,222.78616606005667,220.66809680320824,222.32874892129448,36766600
2024-09-16,215.109375,216.0043320914465,212.7227974671536,215.328129813119,59357400
2024-09-17,215.5767364501953,215.6861214463737,213.2995590231644,214.54256344637628,45519300
2024-09-18,219.45492553710938,221.46362499015893,216.322545198334,216.33249894497217,59894900
2024-09-19,227.5891571044922,228.53385270483295,223.37289536568892,223.7308812843982,66781300
2024-09-20,226.9228973388672,231.7855303113645,226.34614143297367,228.6829959505254,318679900
2024-09-23,225.20257568359375,228.16589404695566,224.54626569168985,226.06770192621624,54146000
2024-09-24,226.09751892089844,228.06644877557946,224.46669778796843,227.37035418692216,43556100
2024-09-25,225.10313415527344,226.0179836305296,222.76629484001745,223.67119056847437,42308700
2024-09-26,226.24671936035156,227.2212306744308,224.14852708285537,226.02794934670587,36636700
2024-09-27,226.51516723632812,228.2354962210898,226.02791923090672,227.18143093581907,34026000
2024-09-30,231.69602966308594,231.69602966308594,228.3647716650959,228.75258844686658,54541900
2024-10-01,224.9440460205078,228.364781673884,222.48786790384585,228.23551952322458,63285000
2024-10-02,225.5108642578125,226.09755878459106,221.7719119013201,224.62584559378178,32880600
2024-10-03,224.40704345703125,225.5406628776434,222.0702042586661,223.88001079844628,34044200
2024-10-04,225.5307159423828,226.72399710298305,222.87566042869454,226.6245506840192,37245100
2024-10-07,220.44932556152344,224.4269397639463,220.09133967636964,223.24359711098245,39505400
2024-10-08,224.50648498535156,224.7153012256155,222.0005838884303,223.0447106099303,31855700
2024-10-09,228.25537109375,228.46420250356093,223.57173913909054,223.9694944669103,33591100
2024-10-10,227.7581787109375,228.21561101279016,225.89864895817115,226.50523572074002,28183500
2024-10-11,226.2765350341797,228.12612627842185,226.0677036085129,228.0167412789572,31759200
2024-10-14,230.00555419921875,230.43314046117197,227.32066753158787,227.4200987868959,39882100
2024-10-15,232.54129028320312,236.1609188169062,231.06956201546166,232.3026279543652,64751400
2024-10-16,230.4828338623047,230.82092739872954,228.55368871280942,230.30384852186543,34082200
2024-10-17,230.8507843017578,232.5412825211578,229.22991678936268,232.12361966628396,32993800
2024-10-18,233.68484497070312,234.8582339303053,232.70037994861724,234.8582339303053,46431500
2024-10-21,235.15655517578125,235.52449481958178,233.13791711516282,233.13791711516282,36254500
2024-10-22,234.54000854492188,234.8979944094582,231.29825861907142,232.58103244918055,38846600
2024-10-23,229.4685516357422,233.8240439244486,226.48534106504323,232.76997861721128,52287000
2024-10-24,229.27963256835938,229.52823345451665,227.131717270346,228.69292294524882,31109500
2024-10-25,230.1149444580078,231.91481257552053,228.2852454458818,228.4542922398222,38802300
2024-10-28,232.09378051757812,233.41633904858514,231.24854661133642,232.01424158684446,36087100
2024-10-29,232.36228942871094,233.01859945208068,231.01985366097637,231.7954872619061,35417200
2024-10-30,228.81227111816406,232.1634063461827,228.2653461113998,231.30821865562254,47070900
2024-10-31,224.6457061767578,228.5437662121666,224.10871977089283,228.05650301771783,64370100
2024-11-01,221.66250610351562,224.08885327131992,219.03728125399175,219.73336072670745,65276700
2024-11-04,220.76751708984375,221.54315061130296,218.4804011628397,219.75323643771605,44944500
2024-11-05,222.199462890625,222.69666464924057,219.90239319356397,220.558703156551,28111300
2024-11-06,221.4735565185547,224.80481443000403,219.95212032394844,221.36417152277414,54561100
2024-11-07,226.20692443847656,226.6046949785728,223.31322152292373,223.37288331058951,42137700
2024-11-08,225.93814086914062,227.63048374280507,225.39061415381417,226.1471868576639,38328800
2024-11-11,223.2204132080078,224.6837958336773,220.5027091275161,223.98695058099833,42005600
2024-11-12,223.2204132080078,224.57429049467865,222.35433519325588,223.53897971785378,40398300
2024-11-13,224.10641479492188,225.62952490733255,221.75703985190805,223.00141185159572,48566200
2024-11-14,227.19244384765625,227.83951115568564,223.98694063754752,224.00685484105065,44923900
2024-11-15,223.98695373535156,225.89830725108274,223.26024476090137,225.38064426033654,47923700
2024-11-18,226.9933624267578,228.70561947942855,224.1561882479486,224.23582987715278,44633700
2024-11-19,227.25218200683594,229.12372228231885,225.63948081886542,225.9580321395358,36211800
2024-11-20,227.96896362304688,228.89476915350485,224.87296529986398,227.03319339435467,35169600
2024-11-21,227.49111938476562,229.1237348668511,224.69377351516385,227.8494991340082,42108300
2024-11-22,228.83502197265625,229.68120098473537,227.0331737980822,227.0331737980822,38168300
2024-11-25,231.821533203125,232.19982717145672,228.70563588373938,230.41789305922475,90152800
2024-11-26,234.0016632080078,234.50937670519198,232.27945661483375,232.27945661483375,45986200
2024-11-27,233.8722381591797,234.6288260383393,232.75728573526553,233.41431778082386,33498400
2024-11-29,236.26144409179688,236.73927868022366,232.91657159263394,233.75278591990275,28481400
2024-12-02,238.5112762451172,239.70587037671794,236.0922242678823,236.2017296160342,48137100
2024-12-03,241.55747985839844,241.66698519896212,237.82436396202866,238.73027039850206,38861000
2024-12-04,241.91586303710938,243.01091645834052,240.16379275322726,241.77649398259703,44383900
2024-12-05,241.94573974609375,243.43898620611924,241.03984843814553,242.8914746561807,40033900
2024-12-06,241.74664306640625,243.5285923470879,240.99007032901886,241.81633519239523,36870600
2024-12-09,245.63902282714844,246.1268220997756,240.66153502923254,240.74117665680967,44649200
2024-12-10,246.65443420410156,247.09245556004478,244.23536723926503,245.7783914922151,36914800
2024-12-11,245.38021850585938,249.67081089954078,245.15124311202538,246.84360125039836,45205800
2024-12-12,246.84359741210938,247.62008434324935,244.57384885559844,245.77840766369866,32777500
2024-12-13,247.0128173828125,248.16758302178013,245.13132757947596,246.70421556592945,33155300
2024-12-16,249.90972900390625,250.24820975700106,246.53499250196242,246.8734732550572,51694800
2024-12-17,252.33872985839844,252.68716009783537,248.655391740455,248.95404406138837,51356400
2024-12-18,246.93319702148438,253.135143175504,246.62459517802284,251.02469300208548,56774100
2024-12-19,248.66534423828125,250.86540066585474,245.97750369773615,246.3856613682502,60882300
2024-12-20,253.3441925048828,253.8518908180873,244.58381048961357,246.92322076153135,147495300
2024-12-23,254.12066650390625,254.49894524760987,252.30885365268378,253.62291772369178,40858800
2024-12-24,257.0374755859375,257.0474099027653,254.14055892454206,254.3396705835317,23234700
2024-12-26,257.853759765625,258.9289141129315,256.47003399402934,257.0275101814573,27237100
2024-12-27,254.43922424316406,257.53523753189216,251.92061656694878,256.66912911312295,42355300
2024-12-30,251.06448364257812,252.35863351915538,249.6210152068174,251.09434735441482,35557500
2024-12-31,249.29251098632812,252.1396347735265,248.30696287880588,251.30342042234355,39480700
2025-01-02,242.75209045410156,247.97845273823052,240.73123158611202,247.80920478270548,55740700
2025-01-03,242.2642822265625,243.08058231147606,240.80089962583668,242.2642822265625,40244100
2025-01-06,243.89691162109375,246.21642284830082,242.10501290585998,243.2100158477468,45045600
2025-01-07,241.11947631835938,244.44443460073458,240.263347789176,241.88599852058522,40856000
2025-01-08,241.60726928710938,242.61273160476242,238.9692066706783,240.83078235887348,37628900
2025-01-10,235.78359985351562,239.07869430046486,231.95092822526084,238.92936055450792,61710900
2025-01-13,233.34461975097656,233.61340834282421,228.6856985060818,232.47854174290725,49630700
2025-01-14,232.22967529296875,235.05688478727922,231.4233246799516,233.69305795736565,39435300
2025-01-15,236.79901123046875,237.88411516800545,233.3744970274307,233.5835582088168,39832000
2025-01-16,227.23228454589844,236.9383864807084,227.0033243432251,236.28136958651152,71759100
2025-01-17,228.94451904296875,231.2441159203825,227.45127273918456,231.0748831620974,68488300
2025-01-21,221.63758850097656,223.40957304130882,218.39227174297113,222.99146586562136,98070400
2025-01-22,222.82223510742188,223.1109227348787,218.80041619812283,218.80041619812283,64126500
2025-01-23,222.6529998779297,226.00782197454978,221.29912251598503,223.72813912330528,60234800
2025-01-24,221.77696228027344,224.61413662079448,220.4131353788753,223.76795755359672,54697900
2025-01-27,228.82508850097656,231.10477141655377,222.9715575076631,223.01138591977585,94863400
2025-01-28,237.18724060058594,239.10855876935992,229.7707868971689,229.81061530558512,75707600
2025-01-29,238.2823028564453,238.78005164957875,232.9563846938824,233.06589003597526,45486100
2025-01-30,236.520263671875,239.70585285329432,236.14198492507634,237.59540286874542,55658300
2025-01-31,234.9374237060547,246.0770438113447,232.38895238779278,246.0770438113447,100959800
2025-02-03,226.9833984375,230.78620649590428,224.6838014511222,228.95449458875606,73063300
2025-02-04,231.75184631347656,232.08036234711574,225.62952690670866,226.2268315478868,45067300
2025-02-05,231.42332458496094,231.62242106375825,227.24223776986636,227.50106167329415,39620300
2025-02-06,232.1699676513672,232.74735812237688,229.3925206475463,230.24864925075528,29925300
2025-02-07,226.60513305664062,232.946448173879,226.236788599926,231.55275755143822,39707200
2025-02-10,226.8741912841797,229.80417456619486,226.42572786906877,228.7876615470872,33115600
2025-02-11,231.82725524902344,234.42836130351915,227.35256634016287,227.4223198813819,53718400
2025-02-12,236.06277465820312,236.15247950770552,229.89386689621963,230.41209906543347,45243300
2025-02-13,240.70689392089844,241.514131106333,234.7672133917818,236.10264318513748,53614100
2025-02-14,243.76644897460938,244.71320848741047,240.16875066053348,240.4278591482801,40896200
2025-02-18,243.6368865966797,244.34445851454996,241.01584434943877,243.31796980618805,48822500
2025-02-19,244.03550720214844,245.17162160901916,242.33134319523683,243.8262313730556,32204200
2025-02-20,244.9922332763672,245.9389927126525,243.45747295470235,244.1052669318995,32316900
2025-02-21,244.71319580078125,247.84249441981407,244.38431857946645,245.11182656230832,53197400
2025-02-24,246.25791931152344,248.01191597096326,243.58704451830639,244.0953010258401,51326400
2025-02-25,246.1981201171875,249.14803959700342,244.0753891604379,247.15485528022737,48013300
2025-02-26,239.5408935546875,244.14514449402503,238.3150894487839,243.49736566903925,44433600
2025-02-27,236.49131774902344,241.6337368385667,236.25213016109495,238.5941277716784,41153600
2025-02-28,241.01583862304688,241.26498665715278,229.41550676334808,236.14250368420718,56833400
2025-03-03,237.2188262939453,243.1983791446907,235.30537120652147,240.96600727263495,47184000
2025-03-04,235.1259765625,239.25188262538288,233.88023638606123,236.89992456399492,53798100
2025-03-05,234.93663024902344,235.7438674276595,228.44880585950324,234.61771347352882,47227600
2025-03-06,234.5280303955078,237.04940729600818,232.3654272740836,233.64106399817908,45170400
2025-03-07,238.2552947998047,240.54744460053885,233.95996981993864,234.30878315837532,46273600
2025-03-10,226.70477294921875,235.35520052510583,223.45588808739058,234.73730306532093,72071200
2025-03-11,220.08740234375,225.0703629938446,216.7089556312574,223.04728218644934,76137400
2025-03-12,216.24057006835938,220.99431909322652,214.17763213362198,219.38980505207962,62547500
2025-03-13,208.96543884277344,216.1010424274323,207.7097381833997,215.2140760046737,61368300
2025-03-14,212.762451171875,213.22087501834247,208.86577244295887,210.53007941159925,60107600
2025-03-17,213.27073669433594,214.4865804284824,209.25447123387838,212.58308562424435,48073400
2025-03-18,211.96519470214844,214.4168029665515,210.76928711901598,213.43018643369246,42432400
2025-03-19,214.50650024414062,218.01449366985423,213.02157246340184,213.4899719913265,54385400
2025-03-20,213.37037658691406,216.74882322763474,211.4967785561088,213.2607508466693,48862900
2025-03-21,217.5261688232422,218.09421843072647,210.55998434888178,210.83902892918795,94127800
2025-03-24,219.97779846191406,220.72524263370704,217.83513125215714,220.24688262166092,44299500
2025-03-25,222.9875030517578,223.33631640181736,219.33001153042758,220.01766257627696,34493600
2025-03-26,220.77505493164062,224.25316696482244,219.71866969932233,222.7483031053444,34466100
2025-03-27,223.087158203125,224.22327264250706,219.80836152348044,220.63553483035878,37094800
2025-03-28,217.15740966796875,223.04727255158852,216.93815819229235,220.91456609374504,39818600
2025-03-31,221.37301635742188,224.8511131847691,215.49311362240712,216.27045427307317,65299300
2025-04-01,222.4293975830078,222.91771798921508,218.15400887457568,219.06091135294477,36412700
2025-04-02,223.12701416015625,224.4225869866718,220.2667995775576,220.56578026164416,35905900
2025-04-03,202.49755859375,206.78290782089874,200.56416741637668,204.83954098981803,103419000
2025-04-04,187.738037109375,199.19884701911502,186.70157274086588,193.2292544699453,125910900
2025-04-07,180.84161376953125,193.48835506739644,174.02491207450518,176.59612158290105,160466300
2025-04-08,171.83242797851562,189.69135865616965,168.63337548243626,186.0637635998773,120859500
2025-04-09,198.17234802246094,199.926344669284,171.30421792842867,171.3640110222038,184395900
2025-04-10,189.77105712890625,194.1161990933285,182.37634591183127,188.42566697985896,121880000
2025-04-11,197.4747314453125,198.85999394662434,185.42593581806156,185.46580802047046,87435900
2025-04-14,201.829833984375,212.21432171985006,200.4744681359889,210.71943358737073,101352900
2025-04-15,201.45114135742188,202.81646776904176,199.11911932089467,201.1720967653651,51343900
2025-04-16,193.6079559326172,200.01603598224625,191.71442177543545,197.68401406478426,59732400
2025-04-17,196.3087158203125,198.15241736523095,193.75744237056688,196.5279673080365,52164700
2025-04-21,192.50172424316406,193.13954254760668,189.16313478921086,192.61134997705832,46742500
2025-04-22,199.059326171875,200.9030125684292,195.3021694205859,195.45165216386687,52976400
2025-04-23,203.9027557373047,207.29116289420588,202.10888686320854,205.29797863560773,52929200
2025-04-24,207.65989685058594,208.11833592046503,202.248408894664,204.1917605029567,47311000
2025-04-25,208.56678771972656,209.03518721035243,205.49728231156092,205.66670113907415,38222300
2025-04-28,209.42388916015625,210.77925519188395,206.75302930142868,209.28436685718972,38743100
2025-04-29,210.490234375,211.51672307140856,207.6599011161091,207.978817902887,36827600
2025-04-30,211.7758331298828,212.8521544830753,205.96569903614,208.58674127234366,52286500
2025-05-01,212.59304809570312,213.82881264887993,208.18809734114114,208.3674918385056,57365700
2025-05-02,204.65020751953125,206.28461806468735,201.4710760745947,205.38767599056177,101010600
2025-05-05,198.21221923828125,203.4044712176219,197.5345438511527,202.40787903175757,69018500
2025-05-06,197.83351135253906,199.96621804369693,196.34859871285207,197.53454585917262,51216500
2025-05-07,195.58120727539062,198.7603386318323,192.59143085844198,198.49125449640593,68536700
2025-05-08,196.81698608398438,199.3682595147921,194.0165494128041,197.04619801698016,50478900
2025-05-09,197.8534393310547,199.85658408831688,196.86680762308345,198.32183886048443,36453900
2025-05-12,210.3471221923828,210.82612467262763,206.31561695740214,210.52675192915717,63775800
2025-05-13,212.48263549804688,212.95164926547025,208.56089957562318,209.98788789546765,51909300
2025-05-14,211.8839111328125,213.49052924285678,210.1375877621875,211.98369190366654,49325800
2025-05-15,211.00575256347656,212.51258988469863,209.0997617101353,210.506803034962,45029500
2025-05-16,210.81614685058594,212.12340739052024,209.3292870180407,211.9138418912236,54737900
2025-05-19,208.3413543701172,209.0398806327114,203.83084657536088,207.47318710280226,46140500
2025-05-20,206.42539978027344,208.03201787298204,204.5992426766309,207.23369558110693,42496600
2025-05-21,201.66542053222656,206.6050179110669,200.2883301620853,204.7389515122616,59211800
2025-05-22,200.93695068359375,202.32402973584547,199.28043462788855,200.28832240028711,46742400
2025-05-23,194.8597412109375,197.28462846236872,193.05354646446796,193.2630967266574,78432900
2025-05-27,199.78936767578125,200.31825293342968,197.01519441683536,197.88337691051132,56288500
2025-05-28,199.99893188476562,202.3040763244224,199.48002009942556,200.16857290124128,45339700
2025-05-29,199.5299072265625,203.38179807643976,198.09293019267844,203.15228556391767,51396800
2025-05-30,200.4280242919922,201.53569281345096,196.36656797106642,198.95112277889336,70819900
2025-06-02,201.27622985839844,201.70533435611304,199.69954757512772,199.85921507319503,35423300
2025-06-03,202.8429412841797,203.34189080211323,200.53779694760377,200.92697696252267,46381600
2025-06-04,202.3938751220703,205.80668775064265,201.67538665008354,202.4836823743862,43604000
2025-06-05,200.20848083496094,204.3198198340372,199.72947835269025,203.07244608657666,55126100
2025-06-06,203.49156188964844,205.26782088834017,201.62549563553227,202.57349663849442,46607700
2025-06-09,201.02674865722656,205.56719211084615,199.59976040917107,203.96057412654167,72862600
2025-06-10,202.24420166015625,203.92068000712237,200.14862275986277,200.17855851367187,54672600
2025-06-11,198.36236572265625,204.07034932786254,197.99314795828434,203.0724503091444,60989900
2025-06-12,198.78147888183594,199.26046614106752,196.94534836583952,198.66173587371065,43904600
2025-06-13,196.03726196289062,199.9490243445518,195.2888376882346,199.3103695725812,51447300
2025-06-16,198.0031280517578,198.27256505925683,196.1470352061455,196.8854859861783,43020700
2025-06-17,195.2289581298828,197.97318035709665,194.79986887227625,196.78567812068002,38856200
2025-06-18,196.1669921875,197.15491770400297,194.66017014117494,195.52833742048526,45394700
2025-06-20,200.5777130126953,201.27623931614946,196.44641147314488,197.82351706190548,96813500
2025-06-23,201.07664489746094,201.87496712850407,198.54198818263384,201.20637663769034,55814300
2025-06-24,199.87918090820312,203.0125832870988,199.77938491343542,202.16436301176623,54064000
2025-06-25,201.1365203857422,203.24208788881052,200.19849288768373,201.02675088646447,39525700
2025-06-26,200.5777130126953,202.2142668779585,199.04095514509618,201.00680230384165,50799100
2025-06-27,200.6575469970703,202.79305039965564,199.57981417332658,201.46584280819525,73188600
2025-06-30,204.7389373779297,206.95427439094752,198.84135059390303,201.58557286233471,91912800
2025-07-01,207.3833770751953,209.74839282792448,205.70689884063935,206.23578409144605,78788900
2025-07-02,211.99366760253906,212.8917706186518,207.7026988246806,208.47108532398713,67941800
2025-07-03,213.10133361816406,214.1990133776075,211.3649838836884,211.70426588787655,34955800
2025-07-07,209.50889587402344,215.77570049162512,208.36131809352125,212.23315593085263,50229000
2025-07-08,209.5687713623047,210.98578616820197,208.01205130024096,209.658593847986,42848900
2025-07-09,210.69639587402344,210.8859991217609,206.78463359109693,209.0897778625777,48749400
2025-07-10,211.9637451171875,213.03148920420767,209.58874045798783,210.06772774811225,44443600
2025-07-11,210.7163543701172,211.68431760849728,209.41908263784933,210.12759762046792,39765800
2025-07-14,208.1816864013672,210.46688365912564,207.10395364435493,209.48893166698292,38840100
2025-07-15,208.67066955566406,211.44482767792792,208.48106630115817,208.7804390594974,42296300
2025-07-16,209.7184600830078,211.9537441254909,208.20164932080104,209.85816533566302,47490500
2025-07-17,209.57875061035156,211.3550095983717,209.14964612579556,210.12759810142074,48068100
2025-07-18,210.73631286621094,211.34503189230253,209.25942654413325,210.42696659875526,48974600
2025-07-21,212.03358459472656,215.32665448510335,211.18537954340883,211.65439331220318,51377400
2025-07-22,213.9495391845703,214.49838667908332,211.78410018506472,212.69219192810166,46404100
2025-07-23,213.7000732421875,214.69797228179937,211.9637386583707,214.54829351654996,46989300
2025-07-24,213.31089782714844,215.23685093304425,213.08138530657155,213.45060308663847,46022600
2025-07-25,213.43064880371094,214.7877920897316,212.95164630742312,214.24891808809048,40268800
2025-07-28,213.6002960205078,214.39861831079742,212.61237047326716,213.5803337758995,37858000
2025-07-29,210.8261260986328,214.3586818606333,210.37707459375494,213.73000061776605,51411700
2025-07-30,208.6107940673828,211.94377315400357,207.28358653790625,211.454797150492,45512500
2025-07-31,207.1339111328125,209.39913099136336,206.72476887181696,208.0519764228089,80698400
2025-08-01,201.95480346679688,213.13126916468397,201.07664747870345,210.4269561886582,104434500
2025-08-04,202.9227752685547,207.44325668811337,201.25627047720934,204.0803265791815,75109300
2025-08-05,202.49366760253906,204.90858140720596,201.73526982787092,202.97265486934364,44155100
2025-08-06,212.8019561767578,214.9274858636443,205.15804638253505,205.1979708684584,108483100
2025-08-07,219.56771850585938,220.38600300495352,216.12496995802366,218.42014073215765,90224800
2025-08-08,228.86813354492188,230.51466074526758,218.78934791515115,220.36603010589778,113854000
2025-08-11,226.95997619628906,229.33767612130436,224.54232171734583,227.6992650180531,61806100
2025-08-12,229.42758178710938,230.57647717809445,226.8500938879156,227.78917070894937,55626200
2025-08-13,233.10403442382812,234.77241529044048,230.2068337695816,230.8462285986664,69878500
2025-08-14,232.5545654296875,234.89229562265464,230.6264418350812,233.83332460758467,51916300
2025-08-15,231.36570739746094,234.0531046408583,229.11788646444978,233.77337703316005,56038700
2025-08-18,230.66639709472656,232.89423321308522,229.88715369469057,231.47561022214762,37476200
2025-08-19,230.3367156982422,232.64447617946885,229.1278960385577,231.05601964615855,39402600
2025-08-20,225.79110717773438,230.24679444121838,225.55134937034353,229.75726351111018,42263900
2025-08-21,224.68218994140625,226.30063142153253,223.56327948127884,226.05087353353895,30621200
2025-08-22,227.53941345214844,228.8681272027074,225.1916985271248,225.95095699429655,42477800
2025-08-25,226.94000244140625,229.07792927219558,226.01089520624416,226.26065308481304,30983100
2025-08-26,229.08792114257812,229.26775474756235,224.4724002828088,226.65028173376106,54575100
2025-08-27,230.26678466796875,230.676376013076,228.03893336267103,228.38860049855515,31259500
2025-08-28,232.33477783203125,233.18396075811214,229.11789497993007,230.59647266873003,38074700
2025-08-29,231.91517639160156,233.15398096397084,231.145917853049,232.28481317583598,39418400
2025-09-02,229.49752807617188,230.62643860177437,226.75019132336067,229.02798202980685,44075600
2025-09-03,238.2390594482422,238.6186963224971,234.133039090421,236.98028515930878,66427800
2025-09-04,239.5477752685547,239.66765417218173,236.51072617258424,238.21906152531412,47549400
2025-09-05,239.45787048339844,241.08629675958926,238.25903569310344,239.76756781945676,54870400
2025-09-08,237.64962768554688,239.91741830634814,236.11111057683257,239.06825064349684,48999500
2025-09-09,234.123046875,238.5487492683241,233.13400016518182,236.77047435136637,66313900
2025-09-10,226.5703582763672,232.19491077497392,225.73117543382176,231.96513778704139,83440800
2025-09-11,229.80722045898438,230.22681187017153,226.43048902665416,226.66027725307507,50208600
2025-09-12,233.84332275390625,234.28288383192944,228.79821036620638,228.9980136278554,55824200
2025-09-15,236.47076416015625,237.95932665324483,234.80238330570734,236.77047667310174,42699500
2025-09-16,237.9193572998047,240.98639147239973,236.09114297984144,236.9502954777413,63421100
2025-09-17,238.75856018066406,239.86748583209587,237.4997706474641,238.73857528095925,46508000
2025-09-18,237.64962768554688,240.9664044724694,236.4208079152849,239.737599946219,44249600
2025-09-19,245.26223754882812,246.06146581163878,239.9773675285625,240.99636870073516,163741300
2025-09-22,255.8319854736328,256.3914711896616,247.8797028858207,248.05953649140056,105517400
2025-09-23,254.18359375,257.0907792625319,253.33442606621003,255.63220171436936,60275200
2025-09-24,252.06564331054688,255.4923293909784,250.79686899703333,254.9728287261993,42303700
2025-09-25,256.6212158203125,256.9209435623003,251.466224879955,252.96477212582877,55202100
2025-09-26,255.2126007080078,257.3505275669758,253.5342198150173,253.8539172209246,46076300
2025-09-29,254.18359375,254.75304905914027,252.76497075706976,254.31347273152574,40127700
2025-09-30,254.38340759277344,255.67215158054225,252.8648753735947,254.61318058017173,37704300
2025-10-01,255.20260620117188,258.53938316103813,254.6831055272507,254.7929996074261,48713900
2025-10-02,256.8809814453125,257.9299523535748,253.9038565188199,256.33149581258533,42630200
2025-10-03,257.7701110839844,258.9889308017334,253.70406057825727,254.42336451804394,49155600
2025-10-06,256.44140625,258.819106172963,254.80299514816292,257.7401350456914,44664100
2025-10-07,256.23162841796875,257.15072039039774,255.18262697514498,256.56129542181253,31955800
2025-10-08,257.8100891113281,258.2696351050741,255.8619653198879,256.2715719294531,36496900
2025-10-09,253.79396057128906,257.75013209688524,252.8948383011137,257.5603136690899,38322000
2025-10-10,245.032470703125,256.13171175032437,243.76369637579657,254.69310389004832,61999100
2025-10-13,247.42015075683594,249.44818352992385,245.32217845998096,249.13848619669534,38142900
2025-10-14,247.53004455566406,248.60900042906025,244.46301046499008,246.36117950382103,35478000
2025-10-15,249.09852600097656,251.5761352503302,247.2303418581919,249.24838988167792,33893600
2025-10-16,247.21035766601562,248.79881419551728,244.8926123625184,248.00958596667436,39777000
2025-10-17,252.045654296875,253.13461023404025,247.03052706557392,247.77980070207627,49147000
2025-10-20,261.98602294921875,264.1239650925819,255.3824390623343,255.64218177653177,90483000
2025-10-21,262.5155029296875,265.03308188579996,261.5764108568555,261.6263807259345,46695900
2025-10-22,258.19970703125,262.5954395959732,255.18261234613632,262.3956210979312,45015300
2025-10-23,259.3285827636719,260.36758405794774,257.76012648314656,259.68824995662277,32754900
2025-10-24,262.56549072265625,263.87421967110856,258.9290010880386,260.93706434715574,38253700
2025-10-27,268.5496520996094,268.8593494221352,264.3936774471076,264.6234656652487,44888200
2025-10-28,268.7394714355469,269.6286240979669,267.8902885694659,268.7294713644567,41534800
2025-10-29,269.4388122558594,271.1471476128123,266.85129379808274,269.01920560410514,51086700
2025-10-30,271.13714599609375,273.87451306817263,268.2199910571769,271.72657092903916,69886500
2025-10-31,270.108154296875,277.05143573891627,268.89933466249033,276.721738255342,86167100
2025-11-03,268.7894287109375,270.5877038096653,265.9921525413924,270.15812755648943,50194600
2025-11-04,269.7784729003906,271.22705027239556,267.36080327265466,268.0701070960229,49274800
2025-11-05,269.8783874511719,271.43687417180433,266.67147434431234,268.3498399683747,43683100
2025-11-06,269.50872802734375,273.1352174017799,267.6305743388968,267.6305743388968,51204000
2025-11-07,268.2099914550781,272.02629915101613,266.51162568814635,269.5386899523433,48227400
2025-11-10,269.42999267578125,273.7300109863281,267.4599914550781,268.9599914550781,41312400
2025-11-11,275.25,275.9100036621094,269.79998779296875,269.80999755859375,46208300
2025-11-12,273.4700012207031,275.7300109863281,271.70001220703125,275.0,48398000
2025-11-13,272.95001220703125,276.70001220703125,272.0899963378906,274.1099853515625,49602800
2025-11-14,272.4100036621094,275.9599914550781,269.6000061035156,271.04998779296875,47431300
2025-11-17,267.4599914550781,270.489990234375,265.7300109863281,268.82000732421875,45018300
2025-11-18,267.44000244140625,270.7099914550781,265.32000732421875,269.989990234375,45677300
2025-11-19,268.55999755859375,272.2099914550781,265.5,265.5299987792969,40424500
2025-11-20,266.25,275.42999267578125,265.9200134277344,270.8299865722656,45823600
2025-11-21,271.489990234375,273.3299865722656,265.6700134277344,265.95001220703125,59030800
2025-11-24,275.9200134277344,277.0,270.8999938964844,270.8999938964844,65585800
2025-11-25,276.9700012207031,280.3800048828125,275.25,275.2699890136719,46914200
2025-11-26,277.54998779296875,279.5299987792969,276.6300048828125,276.9599914550781,33431400
2025-11-28,278.8500061035156,279.0,275.989990234375,277.260009765625,20135600
2025-12-01,283.1000061035156,283.4200134277344,276.1400146484375,278.010009765625,46587700
2025-12-02,286.19000244140625,287.3999938964844,282.6300048828125,283.0,53669500
2025-12-03,284.1499938964844,288.6199951171875,283.29998779296875,286.20001220703125,43538700
2025-12-04,280.70001220703125,284.7300109863281,278.5899963378906,284.1000061035156,43989100
2025-12-05,278.7799987792969,281.1400146484375,278.04998779296875,280.5400085449219,47265800
2025-12-08,277.8900146484375,279.6700134277344,276.1499938964844,278.1300048828125,38211800
2025-12-09,277.17999267578125,280.0299987792969,276.9200134277344,278.1600036621094,32193300
2025-12-10,278.7799987792969,279.75,276.44000244140625,277.75,33038300
2025-12-11,278.0299987792969,279.5899963378906,273.80999755859375,279.1000061035156,33248000
2025-12-12,278.2799987792969,279.2200012207031,276.82000732421875,277.8999938964844,39532900
2025-12-15,274.1099853515625,280.1499938964844,272.8399963378906,280.1499938964844,50409100
2025-12-16,274.6099853515625,275.5,271.7900085449219,272.82000732421875,37648600
2025-12-17,271.8399963378906,276.1600036621094,271.6400146484375,275.010009765625,50138700
2025-12-18,272.19000244140625,273.6300048828125,266.95001220703125,273.6099853515625,51630700
2025-12-19,273.6700134277344,274.6000061035156,269.8999938964844,272.1499938964844,144632000
2025-12-22,270.9700012207031,273.8800048828125,270.510009765625,272.8599853515625,36571800
2025-12-23,272.3599853515625,272.5,269.55999755859375,270.8399963378906,29642000
2025-12-24,273.80999755859375,275.42999267578125,272.20001220703125,272.3399963378906,17910600
2025-12-26,273.3999938964844,275.3699951171875,272.8599853515625,274.1600036621094,21521800
2025-12-29,273.760009765625,274.3599853515625,272.3500061035156,272.69000244140625,23715200
2025-12-30,273.0799865722656,274.0799865722656,272.2799987792969,272.80999755859375,22139600
2025-12-31,271.8599853515625,273.67999267578125,271.75,273.05999755859375,27293600
2026-01-02,271.010009765625,277.8399963378906,269.0,272.260009765625,37838100
2026-01-05,267.260009765625,271.510009765625,266.1400146484375,270.6400146484375,45647200
2026-01-06,262.3599853515625,267.54998779296875,262.1199951171875,267.0,52352100
2026-01-07,260.3299865722656,263.67999267578125,259.80999755859375,263.20001220703125,48309800
2026-01-08,259.0400085449219,259.2900085449219,255.6999969482422,257.0199890136719,50419300
2026-01-09,259.3699951171875,260.2099914550781,256.2200012207031,259.0799865722656,39997000
2026-01-12,260.25,261.29998779296875,256.79998779296875,259.1600036621094,45263800
2026-01-13,261.04998779296875,261.80999755859375,258.3900146484375,258.7200012207031,45730800
2026-01-14,259.9599914550781,261.82000732421875,256.7099914550781,259.489990234375,40019400
2026-01-15,258.2099914550781,261.0400085449219,257.04998779296875,260.6499938964844,39388600
2026-01-16,255.52999877929688,258.8999938964844,254.92999267578125,257.8999938964844,72142800
2026-01-20,246.6999969482422,254.7899932861328,243.4199981689453,252.72999572753906,80267500
2026-01-21,247.64999389648438,251.55999755859375,245.17999267578125,248.6999969482422,54641700
2026-01-22,248.35000610351562,251.0,248.14999389648438,249.1999969482422,39708300
2026-01-23,248.0399932861328,249.41000366210938,244.67999267578125,247.32000732421875,41689000
2026-01-26,255.41000366210938,256.55999755859375,249.8000030517578,251.47999572753906,55969200
2026-01-27,258.2699890136719,261.95001220703125,258.2099914550781,259.1700134277344,49648300
2026-01-28,256.44000244140625,258.8599853515625,254.50999450683594,257.6499938964844,41288000
2026-01-29,258.2799987792969,259.6499938964844,254.41000366210938,258.0,67253000
2026-01-30,259.4800109863281,261.8999938964844,252.17999267578125,255.1699981689453,92443400
2026-02-02,270.010009765625,270.489990234375,259.2099914550781,260.0299987792969,73913400
2026-02-03,269.4800109863281,271.8800048828125,267.6099853515625,269.20001220703125,64394700
2026-02-04,276.489990234375,278.95001220703125,272.2900085449219,272.2900085449219,90545700
2026-02-05,275.9100036621094,279.5,273.2300109863281,278.1300048828125,52977400
2026-02-06,278.1199951171875,280.9100036621094,276.92999267578125,277.1199951171875,50420700
