Date,Close,High,Low,Open,Volume
2013-01-02,17.9636173248291,18.056758926498635,17.797209201282087,17.868491811965924,101550348
2013-01-03,17.97405242919922,18.179209320422423,17.90078211090522,18.005348254080666,92635272
2013-01-04,18.3292293548584,18.416159896915413,18.073653069018953,18.114883599843665,110429460
2013-01-07,18.249248504638672,18.36424531733632,18.14567811236414,18.266636124185776,66161772
2013-01-08,18.213237762451172,18.287749922359176,17.99293081817604,18.268872473650998,66976956
2013-01-09,18.332950592041016,18.3386619089594,18.09649790692089,18.1876518122089,80907012
2013-01-10,18.41640853881836,18.5038369549396,18.218206668735775,18.44993816176872,73354572
2013-01-11,18.379398345947266,18.440000403403463,18.287748453413474,18.42932173517148,51356592
2013-01-14,17.9636173248291,18.434287004205903,17.94126424909003,18.305132113845644,114441444
2013-01-15,18.00535011291504,18.25546117667221,17.68668619267148,17.866260488264196,156950892
2013-01-16,17.763431549072266,17.990693521804644,17.72567854807934,17.942507948557193,80855064
2013-01-17,17.667308807373047,17.873955500288684,17.659857781976466,17.826019813019332,88371540
2013-01-18,17.498172760009766,17.703329692541526,17.41918921510026,17.643471588137757,128942928
2013-01-22,17.457435607910156,17.518785423189794,17.27488166793619,17.501895672142986,151544304
2013-01-23,18.41690444946289,18.60318581097649,18.27508315579792,18.28005050732797,236127636
2013-01-24,18.732582092285156,18.79765551011254,18.39230916774537,18.410440751627576,135172692
2013-01-25,18.719175338745117,18.838643543125855,18.63423060396921,18.64714685297474,88946964
2013-01-28,18.646150588989258,18.767108604460613,18.575611939112992,18.671733201689268,65018916
2013-01-29,18.719419479370117,18.80063868403222,18.542080912487286,18.547296251589565,69814116
2013-01-30,18.723148345947266,18.899990966706273,18.70029928814664,18.72091265934722,69250680
2013-01-31,18.769346237182617,18.81728193245906,18.634230122722613,18.640689193581284,65302632
2013-02-01,19.26385498046875,19.288693626357237,18.82920234048509,18.83168601576942,149694156
2013-02-04,18.852052688598633,19.136441100336125,18.833425122688837,19.067392272433704,121498380
2013-02-05,19.01896095275879,19.152337356011778,18.863231470000702,18.904460104701037,74753172
2013-02-06,19.12899398803711,19.19829081905505,18.839142188209728,18.85330027702531,83040876
2013-02-07,19.222875595092773,19.34358562928471,19.01299934070937,19.117317495562048,113494392
2013-02-08,19.50651741027832,19.53880518986772,19.362212464785813,19.37637055012523,120683196
2013-02-11,19.433246612548828,19.44765268645736,19.217907042861942,19.33339983695992,86625288
2013-02-12,19.390525817871094,19.56935422085316,19.357492180032747,19.416604407834477,74285640
2013-02-13,19.444177627563477,19.50602152877035,19.372397130885822,19.376372526292304,47880072
2013-02-14,19.56736946105957,19.590218517219657,19.317754407520802,19.36643406610876,69342588
2013-02-15,19.693296432495117,19.702485274882868,19.548741592451655,19.556938479048064,109082808
2013-02-19,20.040021896362305,20.043747409188242,19.752653858759178,19.770289467238058,117154728
2013-02-20,19.682613372802734,20.092677243856834,19.665973505818922,20.00152522620751,110457432
2013-02-21,19.758861541748047,20.005248919498264,19.65181363360063,19.820211343814282,140115744
2013-02-22,19.862686157226562,19.90093513964323,19.715897523444283,19.851509617152917,82073844
2013-02-25,19.640640258789062,20.0787704481351,19.633685210372363,19.927014471998852,92063844
2013-02-26,19.624744415283203,19.769297354495066,19.482425269526946,19.745702437858913,88011900
2013-02-27,19.864425659179688,19.987867362691883,19.64908606741759,19.74073596672196,80962956
2013-02-28,19.899694442749023,20.043501524582243,19.895471058609147,19.897210767270977,90541368
2013-03-01,20.023632049560547,20.047228859563408,19.774264974706405,19.815247512993764,86928984
2013-03-04,20.403892517089844,20.437176041119045,19.9940765860546,20.00152761270566,110912976
2013-03-05,20.828611373901367,20.867108343045548,20.587687285140465,20.588433144987178,161602236
2013-03-06,20.64928436279297,20.962731005874062,20.585452770685013,20.88896471239944,114805080
2013-03-07,20.67958641052246,20.77943129543575,20.60457638606795,20.71584769202928,82025892
2013-03-08,20.652761459350586,20.73720831226434,20.49206274615379,20.72677574021817,116359524
2013-03-11,20.73472785949707,20.85593388276207,20.652266798172576,20.65698616056656,63724212
2013-03-12,20.555646896362305,20.661950851884114,20.457787815661664,20.632644618504482,80251668
2013-03-13,20.49852180480957,20.632148090998818,20.42400964621753,20.562851272385974,65586348
2013-03-14,20.404884338378906,20.540246535468228,20.30180992023589,20.540246535468228,65981952
2013-03-15,20.225065231323242,20.37408955883471,20.20122043025957,20.32938150336307,123864012
2013-03-18,20.063373565673828,20.186813377338698,19.90640034772081,19.9940767456115,73458468
2013-03-19,20.151046752929688,20.34800864912034,20.030088731698505,20.149059055385354,83844072
2013-03-20,20.235248565673828,20.304793380257475,20.154031232193077,20.287903627808575,58493448
2013-03-21,20.14955711364746,20.290136550516262,20.114537668681248,20.150302973494842,59044896
2013-03-22,20.125961303710938,20.248409147281098,20.109319543235618,20.23599077067797,59468472
2013-03-25,20.10931968688965,20.347510209583916,20.039278906520522,20.17812052263482,68411520
2013-03-26,20.17837142944336,20.217614262682364,20.063374594384516,20.20519588419477,47628324
2013-03-27,19.935956954956055,20.04374884572097,19.902921421935236,20.03580184167413,86441472
2013-03-28,19.725584030151367,20.003265392537735,19.703478939183746,19.968989912786107,91420488
2013-04-01,19.899446487426758,19.925773068929445,19.70223659639175,19.74595079931546,72219708
2013-04-02,20.193767547607422,20.238227610033743,19.969237228086808,19.982651347236636,81578340
2013-04-03,20.023881912231445,20.222581647497865,19.88653199566794,20.20420206869675,69470460
2013-04-04,19.747438430786133,20.012701379155846,19.653800846642266,19.975444358018546,97806096
2013-04-05,19.448896408081055,19.546755495698147,19.283726306063823,19.523656556031963,137218644
2013-04-08,19.245227813720703,19.36196434058804,19.08502696847899,19.34209304485739,113170716
2013-04-09,19.314773559570312,19.466281548537363,19.202012422168565,19.2613726441997,86205708
2013-04-10,19.625986099243164,19.67988299159594,19.273790702820246,19.445665963520103,79064856
2013-04-11,19.631200790405273,19.69850990638926,19.47397959846293,19.693046577872842,81066852
2013-04-12,19.62275505065918,19.673672285804173,19.445912452765736,19.67094062166638,65402532
2013-04-15,19.421077728271484,19.79537633167408,19.29912585454006,19.520924511588884,98025876
2013-04-16,19.705217361450195,19.77054068058191,19.47050622904619,19.536821503990495,69610320
2013-04-17,19.436723709106445,19.642376562024815,19.325948386062297,19.54079197318405,81398520
2013-04-18,19.023183822631836,19.517198603219672,18.907689128887267,19.50602017072399,132767100
2013-04-19,19.866661071777344,19.95532942337628,19.031877287367134,19.10390387720971,231895872
2013-04-22,19.872623443603516,19.968246849493067,19.248955827007304,19.88479193989275,115220664
2013-04-23,20.066102981567383,20.254866089838426,19.878829699862408,19.894725600339292,91600308
2013-04-24,20.203950881958008,20.31696000154089,20.068586791553233,20.071318455783565,73090836
2013-04-25,20.09590721130371,20.278959003380468,20.059396048457042,20.273495674922156,79608312
2013-04-26,19.90515899658203,20.062132218372774,19.78494682439217,20.05865469388043,99408492
2013-04-29,20.34328842163086,20.433694581236214,19.94439918845199,19.95060837670723,91939968
2013-04-30,20.480144500732422,20.556394476385055,20.30901319660377,20.341798849880366,92175732
2013-05-01,20.3773136138916,20.483867446948075,20.276225002219004,20.44760427381698,58141800
2013-05-02,20.605323791503906,20.72802152771687,20.343040461255622,20.369120947436382,80651268
2013-05-03,21.00545310974121,21.03227756288685,20.764034924475844,20.787877831135642,100403496
2013-05-06,21.39862823486328,21.406079261183642,21.06853981808097,21.06853981808097,85566348
2013-05-07,21.291330337524414,21.4562505507552,21.128397821855497,21.434891320668964,78281640
2013-05-08,21.69866371154785,21.7048728999061,21.184031793272496,21.28561638646771,98633268
2013-05-09,21.645265579223633,21.84843479171366,21.564542334106047,21.629369676375447,87935976
2013-05-10,21.862592697143555,21.870291713023793,21.662155150938613,21.74039282669823,75832092
2013-05-13,21.795528411865234,21.918224242488623,21.692452101539633,21.82930601710196,57882060
2013-05-14,22.03322410583496,22.072714926902258,21.785844712927997,21.794785566573594,63108828
2013-05-15,22.748289108276367,22.760459496049215,22.205096817418013,22.241855969661465,159276564
2013-05-16,22.449745178222656,22.84987626686302,22.40354730111116,22.825533597555665,128255616
2013-05-17,22.58163070678711,22.688678626562613,22.366539125462708,22.60249395789848,111568320
2013-05-20,22.565488815307617,22.865275265269656,22.47781241926569,22.47781241926569,90817092
2013-05-21,22.52674102783203,22.64322767643667,22.294263708487584,22.552819619686577,79240680
2013-05-22,22.090845108032227,22.584861788540348,22.027759372536398,22.41720990836086,102321576
2013-05-23,21.92617416381836,22.10425671878744,21.707853038515676,21.782365193526072,90912996
2013-05-24,21.690963745117188,21.82756968101895,21.63358932776026,21.739147427477814,91780128
2013-05-28,21.888423919677734,22.15840628450975,21.866814805158125,21.943810645268158,90209700
2013-05-29,21.5665283203125,21.806954541702904,21.466683430782215,21.75032598387705,80455464
2013-05-30,21.62738037109375,21.829555719682322,21.519338594766296,21.606517118471583,84743172
2013-05-31,21.638805389404297,21.782366378576064,21.54690750160242,21.56181144785155,78697224
2013-06-03,21.549638748168945,21.707107938668013,21.236440075838072,21.68301704367395,98928972
2013-06-04,21.337778091430664,21.623160374336774,21.21284655600259,21.555105389888872,74669256
2013-06-05,21.352680206298828,21.59484426194245,21.288848606099904,21.42247300668241,84187728
2013-06-06,21.47537612915039,21.51735062279821,21.04270926538943,21.466931254024654,103060836
2013-06-07,21.85017204284668,21.85687910278902,21.492267195576407,21.618936544128985,106877016
2013-06-10,22.110713958740234,22.130085489420257,21.859111225313974,21.909034611133723,93418488
2013-06-11,21.85215950012207,22.030739938366334,21.844956462357512,21.955481918305903,70233696
2013-06-12,21.657682418823242,22.005902429955057,21.599812022783624,21.992490203722127,88103808
2013-06-13,21.782365798950195,21.84843308083178,21.496735547963926,21.583170104509232,82713204
2013-06-14,21.733684539794922,21.973614786813943,21.711083471340174,21.859361927653392,89710200
2013-06-17,22.012113571166992,22.09109521584252,21.814159695464124,21.837754614673074,85766148
2013-06-18,22.3690242767334,22.378463000706276,22.064270482610233,22.071719615950244,86589324
2013-06-19,22.370512008666992,22.62286060552626,22.29153037916006,22.387649746357567,116519364
2013-06-20,21.9746036529541,22.37846021238191,21.939086341057973,22.204349283678432,134745120
2013-06-21,21.87997817993164,22.10227282649545,21.68475597616641,22.064021950389716,159132708
2013-06-24,21.603290557861328,21.7654772249426,21.440854008783504,21.655199756554477,120555324
2013-06-25,21.514122009277344,21.848927880648034,21.47214562447926,21.788821801739225,102025872
2013-06-26,21.699161529541016,21.807203309181975,21.6226616722167,21.701645205094938,73182744
2013-06-27,21.784107208251953,21.973366322551243,21.773674634645253,21.827075554418688,76982940
2013-06-28,21.866065979003906,21.902577142841174,21.712572190575568,21.730205907127868,93878028
2013-07-01,22.052595138549805,22.15691139657368,21.981062638015402,22.01707782373184,68923008
2013-07-02,21.914255142211914,22.130090732336065,21.789075611162932,22.110221326083,75584340
2013-07-03,22.016582489013672,22.08463557438242,21.819620591125233,21.85439394017913,41838120
2013-07-05,22.19193458557129,22.239622292225597,22.039184752300038,22.105501918729068,68007924
2013-07-08,22.48004913330078,22.50935536992308,22.281101414704818,22.334004462870105,78701220
2013-07-09,22.48377227783203,22.675268949357733,22.3034521454697,22.62683538660456,79096824
2013-07-10,22.502399444580078,22.63031061689628,22.363061851329714,22.439311819654304,68267664
2013-07-11,22.856334686279297,22.870490879682492,22.56524109713659,22.676512411932837,103264632
2013-07-12,22.924882888793945,22.924882888793945,22.73214438895219,22.850370738281526,102625272
2013-07-15,22.966859817504883,23.04907099140826,22.759965103996365,22.957173104396666,78341580
2013-07-16,22.840686798095703,23.048325481584314,22.698865516690624,23.02746222835253,79240680
2013-07-17,22.81435775756836,23.02075649121338,22.758473166025347,22.875209700088945,60183756
2013-07-18,22.6188907623291,22.850376165470013,22.43285927730219,22.825289525061585,145234620
2013-07-19,22.26917839050293,22.4268955747636,21.747843153214276,22.0210531441408,294077628
2013-07-22,22.619382858276367,22.66831239563581,22.279109890008392,22.403297436333077,116011872
2013-07-23,22.448007583618164,22.676511402966973,22.34294546236555,22.619384974868446,81746172
2013-07-24,22.4256534576416,22.60944923301102,22.371010702918785,22.533945118265844,83056860
2013-07-25,22.048126220703125,22.275388220276028,22.007889539618237,22.201373929188893,119923956
2013-07-26,21.989757537841797,22.105002346793523,21.90655062676285,22.030490192564592,71036892
2013-07-29,21.913259506225586,22.224968363582384,21.87898402601605,21.978582824219092,75600324
2013-07-30,22.128101348876953,22.244587995851447,21.87848629405507,21.9924892656496,70153776
2013-07-31,22.04936408996582,22.266939336799936,22.01037114676112,22.17951283441996,86853060
2013-08-01,22.45844078063965,22.46663766771899,22.229439064707055,22.229439064707055,85450464
2013-08-02,22.516807556152344,22.527488118237173,22.373992425914192,22.43906586116162,68487444
2013-08-05,22.47780990600586,22.490726153081475,22.333752955989713,22.48749661805128,52335612
2013-08-06,22.2684326171875,22.59479551031411,22.24756936555237,22.47011197835727,60183756
2013-08-07,22.121395111083984,22.315125567427838,22.08264636955198,22.230428833592114,55112832
2013-08-08,22.17131805419922,22.25030158288162,21.988266253681466,22.241608718904686,59460480
2013-08-09,22.115432739257812,22.242350052733247,22.10524815679707,22.119156358904704,52895052
2013-08-12,21.993730545043945,22.03073768587502,21.897857270329652,22.028254010558104,55024920
2013-08-13,21.887924194335938,22.067996347319045,21.762496688472986,22.02651783061948,56735208
2013-08-14,21.603782653808594,21.862588420007356,21.537963369134275,21.816390547673034,83204712
2013-08-15,21.3516845703125,21.482329294807588,21.31045404708495,21.470406896493213,74693232
2013-08-16,21.283384323120117,21.420734231032412,21.274193587775702,21.391923973317336,66936996
2013-08-19,21.50046157836914,21.65817876046345,21.29679639901395,21.303253576776676,72363564
2013-08-20,21.4947509765625,21.660913039595325,21.448055224824184,21.567523429164126,49270680
2013-08-21,21.59186553955078,21.780132705740684,21.521574865177243,21.624651195457577,70221708
2013-08-22,21.700651168823242,21.726481772969986,21.614714480963546,21.675564531509014,34761204
2013-08-23,21.613719940185547,21.807202422670365,21.602295411711022,21.802980931618468,43040916
2013-08-26,21.518840789794922,21.730206874126168,21.510395914535625,21.608504882298096,42057900
2013-08-27,21.1154842376709,21.452775732973382,21.05960153345295,21.35069514549883,69294636
2013-08-28,21.075740814208984,21.246124340380582,21.056367390434303,21.117965185646767,53142804
2013-08-29,21.246625900268555,21.369569737038862,21.076738322421487,21.088658829622084,59080860
2013-08-30,21.034759521484375,21.311447012786044,21.00147789323742,21.25481845767659,74389536
2013-09-03,21.369569778442383,21.513874740353565,21.209864891763097,21.220049476305494,81822096
2013-09-04,21.648988723754883,21.69543458938588,21.240166667848232,21.368821810298353,81566352
2013-09-05,21.845947265625,21.853894269125668,21.648489406133766,21.695433139532902,51600348
2013-09-06,21.846445083618164,21.95076133584407,21.701392393108087,21.917477816260803,62401536
2013-09-09,22.056819915771484,22.099044296170685,21.91698632209528,21.949522095505774,49334616
2013-09-10,22.072214126586914,22.154923157135872,21.956223471307894,22.10574563326137,51452496
2013-09-11,22.258995056152344,22.27836848219222,22.007888270544438,22.06899009507923,64359576
2013-09-12,22.181251525878906,22.30146557433624,22.105499429709138,22.28904530486978,43776180
2013-09-13,22.082149505615234,22.246323841172178,21.977087396084247,22.217017610111274,52962984
2013-09-16,22.04961395263672,22.27911161708501,21.977835355047915,22.259242213907225,53406540
2013-09-17,22.008634567260742,22.065263126774138,21.88171533972261,22.040922349271188,50325624
2013-09-18,22.436086654663086,22.452230546062214,21.93312909437228,22.014596304311475,77310612
2013-09-19,22.313634872436523,22.50239987997396,22.239372600153658,22.50239987997396,63852084
2013-09-20,22.430866241455078,22.456200864809286,22.24483480069877,22.31363374088872,173638188
2013-09-23,22.018321990966797,22.39311659272648,21.986032314869036,22.258002367376097,71024904
2013-09-24,22.02676773071289,22.107737073518116,21.891651607016946,22.01832285466655,59412528
2013-09-25,21.7880802154541,22.01956370378721,21.74759554586936,22.01956370378721,65894040
2013-09-26,21.81142234802246,21.92517731599251,21.732686819776795,21.81464998977229,50345604
2013-09-27,21.767215728759766,21.79528201872814,21.641042364893433,21.728218995092657,50301648
2013-09-30,21.755292892456055,21.87774074066665,21.56652788179917,21.58565331831992,68827104
2013-10-01,22.030738830566406,22.04738059188155,21.858119600981308,21.863086951873235,67324608
2013-10-02,22.055326461791992,22.08935394947886,21.80272986696533,21.92468173257176,59752188
2013-10-03,21.759763717651367,22.207084667165738,21.660662790821668,22.055576671408563,84595320
2013-10-04,21.666872024536133,21.79503118736442,21.60850376061465,21.732689421481684,54265680
2013-10-07,21.502696990966797,21.707605898520228,21.462212323164373,21.545169356384132,51692256
2013-10-08,21.202909469604492,21.50865710124284,21.152240220398976,21.49226522240885,77670252
2013-10-09,21.257305145263672,21.425950889861962,20.937401278999005,21.26773771902282,105945948
2013-10-10,21.564790725708008,21.579444789712234,21.365347040495607,21.45550711107166,90121788
2013-10-11,21.657930374145508,21.69493751743705,21.49176831969693,21.509899907934,56299644
2013-10-14,21.7602596282959,21.763737152387325,21.4940028163966,21.525546629099605,49694256
2013-10-15,21.906803131103516,21.996713326188395,21.70785540940123,21.751569615631357,63612324
2013-10-16,22.3046932220459,22.312144247900555,21.95647323909706,22.002671113832083,80223696
2013-10-17,22.075199127197266,22.276628615486167,21.999195250261867,22.179515390081153,170093736
2013-10-18,25.120758056640625,25.221350711349192,24.191592613769956,24.255672205811152,462193344
2013-10-21,24.91932487487793,25.30927137831272,24.82618326118983,25.121996195211693,144986868
2013-10-22,25.011220932006836,25.16024524265406,24.73279561810002,24.961547423821283,88255656
2013-10-23,25.617504119873047,25.700461154606728,24.853009100590775,24.86219983592079,106421472
2013-10-24,25.471952438354492,25.845011061857313,25.45332487398449,25.6289256360298,83600316
2013-10-25,25.214889526367188,25.553174845668046,25.10411608194831,25.553174845668046,81138780
2013-10-28,25.20992088317871,25.419299265476926,25.15999749254213,25.214888234044416,46301652
2013-10-29,25.73746681213379,25.754852539918613,25.17266539674083,25.311753112064693,64135800
2013-10-30,25.592912673950195,25.76901132216207,25.483133082571037,25.76702362457196,52911036
2013-10-31,25.596887588500977,25.868607737012397,25.432711342821836,25.555905051053063,65534400
2013-11-01,25.50896644592285,25.73150909218935,25.460780865034547,25.62694482936439,51280668
2013-11-04,25.485868453979492,25.64134996818392,25.38453183000524,25.61974085266831,45506448
2013-11-05,25.371862411499023,25.623463285756728,25.270027928775495,25.342802271998544,47208744
2013-11-06,25.402408599853516,25.507968588036146,25.219110709251314,25.473197133229316,36479484
2013-11-07,25.034818649291992,25.431720216532153,25.027117740807746,25.398934564113592,67116816
2013-11-08,25.235502243041992,25.29685015901138,25.048476948935416,25.054686137208925,51580368
2013-11-11,25.10038948059082,25.23302192445638,25.036061902910795,25.073566919508206,44459496
2013-11-12,25.12994384765625,25.273502929079598,24.961546120391855,25.02860724598587,48675276
2013-11-13,25.643831253051758,25.653269977529654,24.998806313972114,25.005015502958777,63112824
2013-11-14,25.712379455566406,25.824644609274515,25.591173449285733,25.67984368737571,46621332
2013-11-15,25.6709041595459,25.78118352264182,25.59018280821514,25.703441824860338,51000948
2013-11-18,25.620981216430664,26.047934878685986,25.563606797948484,25.725297480468562,70317612
2013-11-19,25.463260650634766,25.700457308467403,25.409859741443142,25.62519930056521,45218736
2013-11-20,25.391483306884766,25.66593703971152,25.34305163147685,25.581242185202836,38509452
2013-11-21,25.68357276916504,25.788882889369138,25.483135220408432,25.50797197714181,43628328
2013-11-22,25.62942123413086,25.735725183490544,25.563105970129094,25.667422222100697,50117832
2013-11-25,25.97814178466797,26.158461937553383,25.707167470473035,25.76031850804168,64455480
2013-11-26,26.288110733032227,26.364858576205272,25.9038774323397,26.044456870499474,91360548
2013-11-27,26.40484619140625,26.526300187805266,26.32760237350255,26.378021740379502,44899056
2013-11-29,26.317415237426758,26.492022141090597,26.313937713661304,26.381248716670704,47664288
2013-12-02,26.190500259399414,26.485319357715426,26.098106394501254,26.414782594546814,54873072
2013-12-03,26.160200119018555,26.41304472201696,26.054890005854165,26.1028257003634,66976956
2013-12-04,26.282398223876953,26.426453286705293,26.079227144622166,26.11325463262221,47616336
2013-12-05,26.261537551879883,26.31915996128009,26.106304041723973,26.258058134406326,45302652
2013-12-06,26.572744369506836,26.57597390447881,26.329586510139904,26.570758565177645,57094848
2013-12-09,26.778152465820312,26.88172476285283,26.526797690718258,26.600565881805462,59244696
2013-12-10,26.94009017944336,27.130095120830532,26.716303847411037,26.728724116619375,74081844
2013-12-11,26.757038116455078,27.105506077392963,26.704383066240023,27.008142980407136,68403528
2013-12-12,26.574981689453125,26.8973710790236,26.551138784721296,26.813668190923355,63796140
2013-12-13,26.347219467163086,26.732198576584995,26.275192888571468,26.710095382418793,86409504
2013-12-16,26.64999008178711,26.692462445090186,26.377524078479382,26.42695149004309,64015920
2013-12-17,26.572498321533203,26.843224616733924,26.53573916873931,26.646016627120993,61366572
2013-12-18,26.94232940673828,26.947296757856407,26.30375976170359,26.62192579439212,88323588
2013-12-19,26.978839874267578,27.12215097918501,26.80149938620004,26.843473880669737,66561372
2013-12-20,27.336496353149414,27.35015656818817,27.02304780188808,27.030500721318177,130333536
2013-12-23,27.69614028930664,27.713526017161094,27.44826494030164,27.515822047220393,68795136
2013-12-24,27.61517333984375,27.69962020404151,27.522281599921666,27.692913144034502,29338632
2013-12-26,27.754756927490234,27.793005907908448,27.536933669295646,27.66906823169066,53458488
2013-12-27,27.778104782104492,27.824798639193084,27.642492690956548,27.81784548355024,62725212
2013-12-30,27.556058883666992,27.830264619895644,27.545132225495298,27.826291117556355,49394556
2013-12-31,27.835479736328125,27.84268277409825,27.47657915083524,27.625107493396104,54261684
2014-01-02,27.646963119506836,27.761959942649845,27.52625308563333,27.70508150341573,72783144
2014-01-03,27.445283889770508,27.741592807625146,27.44354607417178,27.693657114170968,66601332
2014-01-06,27.751279830932617,27.78952881194028,27.481049502307886,27.644231903289892,70701228
2014-01-07,28.286279678344727,28.306894943886284,27.846657720886903,27.942033139483293,102001896
2014-01-08,28.345138549804688,28.496398536031176,28.14793057181707,28.463612887163716,89610300
2014-01-09,28.07217788696289,28.41940402967519,27.95593923052602,28.400030604761504,83296620
2014-01-10,28.070688247680664,28.29174103404883,27.873726355107376,28.29174103404883,85654260
2014-01-13,27.89185905456543,28.486214667578928,27.747552219537596,27.97853970088695,96659244
2014-01-14,28.548059463500977,28.587800159849245,28.0187754043004,28.263671080182363,99204696
2014-01-15,28.528690338134766,28.68715338349022,28.40872615732504,28.637229989882513,77929992
2014-01-16,28.71745491027832,28.75992538343145,28.51329185883674,28.540612289794883,67288644
2014-01-17,28.576128005981445,28.826984900767304,28.41890870274136,28.73309932029034,107943948
2014-01-21,28.903234481811523,28.910685507430493,28.59525118404698,28.834433649724176,79116804
2014-01-22,28.936023712158203,29.007306335230343,28.783025893028913,28.975514531436065,62793144
2014-01-23,28.813823699951172,28.8731839230341,28.67150455043513,28.811340024450175,77886036
2014-01-24,27.9129695892334,28.65113604078191,27.892354327607485,28.58804841828923,155544300
2014-01-27,27.35164451599121,27.979285542210658,26.88072870115918,27.969350841046737,173969856
2014-01-28,27.89260482788086,27.960659806960713,27.567979738101982,27.57741846204335,88319592
2014-01-29,27.492969512939453,27.86130688408122,27.306690082002678,27.795985467403668,95100804
2014-01-30,28.200088500976562,28.624808334919567,27.997913167156156,28.438776890525283,203452344
2014-01-31,29.332178115844727,29.470521864674147,28.5910300664748,29.093241727096075,222429348
2014-02-03,28.151409149169922,29.350804737064255,28.11613982375236,29.288214983090725,182581236
2014-02-04,28.268890380859375,28.687151160061855,28.24032811389547,28.264666996872332,112363524
2014-02-05,28.39406967163086,28.582088818972945,28.017039421235335,28.398541044512946,95684220
2014-02-06,28.810346603393555,28.815313954469303,28.50211338252559,28.591031617045005,77786136
2014-02-07,29.244503021240234,29.255927549992627,28.82524837213977,29.000849152852407,105342552
2014-02-10,29.13248634338379,29.36769532513186,29.035371227989234,29.104418161165995,77730192
2014-02-11,29.560930252075195,29.602904745468045,29.114603176071995,29.312309040905912,81949968
2014-02-12,29.474246978759766,29.55645814792819,29.34236040915502,29.531621394232655,68911020
2014-02-13,29.802349090576172,29.802349090576172,29.29963957413697,29.326712013828022,73382544
2014-02-14,29.874378204345703,29.91387091706865,29.626004971319684,29.695797768399043,87380532
2014-02-18,30.075063705444336,30.124491120280553,29.804833370689256,29.839854710194047,84271644
2014-02-19,29.862953186035156,30.033834603619635,29.742739127222876,29.936471495217933,84059856
2014-02-20,29.90691566467285,29.975962601402173,29.810298415213204,29.88282287628238,67963968
2014-02-21,29.898967742919922,30.04997976289371,29.875372824691052,29.998814531034768,74417508
2014-02-24,30.115549087524414,30.305554044736954,29.931503436930438,29.93796061446408,66905028
2014-02-25,30.301578521728516,30.41334580209729,30.063635994139343,30.200737898128573,57490452
2014-02-26,30.305805206298828,30.52213866025366,30.146598186478258,30.40093263585381,79208712
2014-02-27,30.281957626342773,30.40664115609507,30.227314876338216,30.261590352921708,50349600
2014-02-28,30.193540573120117,30.40565063303443,29.95932352881819,30.310027229851375,92451456
2014-03-03,29.871644973754883,29.999558043392717,29.609609645957498,29.972485602828996,84107808
2014-03-04,30.17515754699707,30.20222998812004,30.040789190175303,30.177393233520128,58649292
2014-03-05,30.258363723754883,30.37808180741725,30.088228162156057,30.1786362240075,49362588
2014-03-06,30.291893005371094,30.454329539393214,30.266806369678655,30.3582082736281,50673276
2014-03-07,30.17218017578125,30.4751961770005,30.088975148532896,30.470476814660497,60543396
2014-03-10,30.092201232910156,30.242963356316793,29.906415879403745,30.194529793693,48535416
2014-03-11,29.804582595825195,30.16050159637552,29.721377580075366,30.146841382200137,68451480
2014-03-12,29.986148834228516,29.99980905035052,29.412156623783755,29.715420615265067,78493428
2014-03-13,29.533113479614258,30.065627149500376,29.426313537509866,30.002291529687437,93730176
2014-03-14,29.129257202148438,29.578069875216315,29.12255203527577,29.357513046541094,91664244
2014-03-17,29.608617782592773,29.73205947966193,29.26114174799836,29.289457919400032,86397516
2014-03-18,30.084503173828125,30.091210233770532,29.63246285668235,29.672451548249782,72527400
2014-03-19,29.78620719909668,30.102635428090835,29.665995025832743,30.097916065740876,64451484
2014-03-20,29.734294891357422,30.043520050026736,29.689586841229513,29.80358981344456,67320612
2014-03-21,29.38359260559082,30.044017446880492,29.368938541468115,29.96155828409521,128211660
2014-03-24,28.759925842285156,29.429789426745728,28.462375071293938,29.412155708727752,121362516
2014-03-25,28.7795467376709,29.055736361066437,28.48845316899209,28.960360955088834,96311592
2014-03-26,28.115148544311523,29.09870867179668,28.10347602644355,28.861262095621242,103096800
2014-03-27,27.67577362060547,28.114399763830104,27.373253640613083,28.087327324535764,152735112
2014-03-28,27.821569442749023,28.14544866391102,27.762455318292012,27.793005282761452,90265644
2014-03-31,27.681486129760742,28.190402955929855,27.640255603698424,28.0761519945231,77614308
2014-04-01,28.187673568725586,28.25249711891795,27.76816905121023,27.824549619366618,87152760
2014-04-02,28.192890167236328,28.433812374129992,27.917194609682795,28.36178389031174,83360556
2014-04-03,28.360715866088867,29.194416829131846,28.088274456880335,28.454506798496,80366000
2014-04-04,27.05805778503418,28.768632468033704,27.020342643093077,28.710570874976657,107274000
2014-04-07,26.82878875732422,27.286332125314548,26.327576620533286,27.035229132529874,79232000
2014-04-08,27.666461944580078,27.784073073285512,27.030765918858076,27.04813461100771,69650000
2014-04-09,28.139387130737305,28.177102274064996,27.560758876481295,28.079837601868196,60632000
2014-04-10,27.1295166015625,28.197447836564983,27.070463052448453,28.18702662201545,65890000
2014-04-11,26.686365127563477,27.17417828306392,26.469999518867954,26.695296515129208,63494000
2014-04-14,27.05557632446289,27.44364304781426,26.82332994947197,26.979154083923103,50824000
2014-04-15,27.22926139831543,27.437191591838115,26.333033215431087,27.343398773547026,79956000
2014-04-16,27.983562469482422,27.988526034069462,27.447612969841128,27.67588772166899,91644000
2014-04-17,26.96327018737793,27.64114882266692,26.76774702177993,27.607403400292423,112294000
2014-04-21,26.76626205444336,26.99602664569986,26.49977616980865,26.99602664569986,48502000
2014-04-22,27.070463180541992,27.194525799969814,26.599024848107195,26.599024848107195,46622000
2014-04-23,26.673959732055664,27.03572638356851,26.208476910189212,26.97965059328205,39114000
2014-04-24,26.521610260009766,26.921588017979126,26.350899219826882,26.881391093815324,41348000
2014-04-25,25.958864212036133,26.49282985348657,25.929088500682543,26.413429849589072,47400000
2014-04-28,25.95290756225586,26.097812610391845,25.358398568160048,26.092850938571445,75056000
2014-04-29,26.615398406982422,26.686362989188503,25.953896508272788,25.99806314383845,50704000
2014-04-30,26.543445587158203,26.6158981129729,26.256117266392103,26.555356628686855,40770000
2014-05-01,26.724576950073242,26.79305975742532,26.44320226648237,26.512181051707245,40086000
2014-05-02,26.49332618713379,26.916628185319922,26.463550475380373,26.868987803732633,35616000
2014-05-05,26.565780639648438,26.585133244601362,26.18118571375137,26.313187781966896,24568000
2014-05-06,25.932559967041016,26.527068934911206,25.91717708133556,26.470495277600403,36700000
2014-05-07,25.705772399902344,26.024862205017346,25.36286430013706,25.96630463798371,61486000
2014-05-08,25.813459396362305,26.16976837853349,25.530100807013074,25.592628092535943,49040000
2014-05-09,26.133544921875,26.169772134554115,25.521173082323166,25.738034701327262,45224000
2014-05-12,26.71961212158203,26.735492877987,26.177707102003662,26.392582879571343,38968000
2014-05-13,26.87394905090332,26.995529892477805,26.693314657706942,26.776684377643733,40240000
2014-05-14,26.520122528076172,26.88784279671846,26.455609436383796,26.88784279671846,25618000
2014-05-15,26.25760269165039,26.499774284795873,26.068531016330944,26.457095580789176,36658000
2014-05-16,26.2169132232666,26.342959752178004,25.982185070071097,26.28142442133585,38154000
2014-05-19,26.739463806152344,26.76526979984977,26.085903163394118,26.2456951182063,39530000
2014-05-20,26.816879272460938,27.11264298606333,26.627311612326466,26.797524777636596,48506000
2014-05-21,27.278886795043945,27.281366684206173,26.90223138524982,26.941436350554977,31294000
2014-05-22,27.564231872558594,27.688792362896237,27.34340056144676,27.40295198175773,42994000
2014-05-23,27.978601455688477,28.038150980816294,27.500711641946154,27.6972267786087,53450000
2014-05-27,28.527950286865234,28.527950286865234,27.995970484136034,28.17610888832404,43716000
2014-05-28,28.308605194091797,28.66640209138529,28.283793050917367,28.513061645713897,31632000
2014-05-29,28.314067840576172,28.458972892811953,28.209359714099733,28.45450719874271,28222000
2014-05-30,28.3681583404541,28.414308891713844,28.07735440129056,28.36766236258667,37434000
2014-06-02,28.005399703979492,28.30662487736569,27.626264353270972,28.273871405501787,33210000
2014-06-03,27.51758575439453,27.909128114055104,27.419327234541793,27.834689784074378,40626000
2014-06-04,27.48036766052246,27.71956152433893,27.222317171055238,27.369208032150564,34582000
2014-06-05,28.03467559814453,28.038149336015252,27.544380687495593,27.64660701924315,35868000
2014-06-06,28.089265823364258,28.226727416318802,27.769184041317637,28.194967794964818,34804000
2014-06-09,28.322505950927734,28.385529219766084,28.049070681266894,28.12499694783449,30594000
2014-06-10,28.201915740966797,28.385527888865056,28.09422796303086,28.225734037594965,29676000
2014-06-11,28.162212371826172,28.23516086822028,27.97264471955137,28.083804333104293,22580000
2014-06-12,27.765213012695312,28.13740084961336,27.64859385424042,28.13740084961336,30930000
2014-06-13,27.807395935058594,27.82228284387894,27.478382756029433,27.79399695990213,27066000
2014-06-16,27.407913208007812,27.690279846356514,27.293775827168727,27.653556660399644,39436000
2014-06-17,27.324542999267578,27.479373279282036,27.168224785666805,27.410890473405903,29552000
2014-06-18,27.822782516479492,27.859503813020293,27.372186576087856,27.43272806411092,41212000
2014-06-19,28.037654876708984,28.03815085456807,27.62477413251862,27.847095261330843,52548000
2014-06-20,28.113582611083984,28.125987737347717,27.758763439560962,28.110108872842883,63212000
2014-06-23,28.499168395996094,28.506611850088408,27.963712962672616,28.005895690937894,34456000
2014-06-24,28.41232681274414,28.894184486392028,28.244593523515405,28.49569653293638,56886000
2014-06-25,29.07680320739746,29.144790037071672,28.448054706515506,28.462445637049097,42294000
2014-06-26,29.019237518310547,29.25892543543845,28.762674996331103,29.24403852803969,40248000
2014-06-27,29.064895629882812,29.1735734746141,28.91254712027135,29.05298458807666,40426000
2014-06-30,29.014272689819336,29.165133240777916,28.94578988989616,29.11798884534208,29578000
2014-07-01,29.352718353271484,29.460406129442294,29.09466977328787,29.162158732052163,32864000
2014-07-02,29.31748390197754,29.48472119860557,29.234610166969876,29.390930271634154,23916000
2014-07-03,29.431623458862305,29.48968505406204,29.22915468207014,29.363140648782892,17978000
2014-07-07,29.316492080688477,29.55915776646382,29.17654870985078,29.452961713474263,26734000
2014-07-08,28.703128814697266,29.178040903666815,28.484779277570702,29.098640899889393,42504000
2014-07-09,28.949268341064453,28.985991529145217,28.63365412969328,28.730422825415353,27456000
2014-07-10,28.78451156616211,29.043058002140466,28.39048745651083,28.435150072207744,28724000
2014-07-11,29.112533569335938,29.190941611165563,28.81130842068403,28.832150849051303,30232000
2014-07-14,29.49018096923828,29.519956680136342,29.114519363430915,29.30855462259173,39032000
2014-07-15,29.43062973022461,29.541789348911752,29.046034865583657,29.534345894881135,33476000
2014-07-16,29.309547424316406,29.626155488402574,29.2911867765743,29.6206959453478,28816000
2014-07-17,28.823219299316406,29.253964709528418,28.626208186654626,29.22766273876497,58706000
2014-07-18,30.028614044189453,30.107516175553187,29.324433345267302,29.924400003073696,97432000
2014-07-21,29.697614669799805,29.981469248352887,29.499609698021043,29.84202184848923,44758000
2014-07-22,29.95218849182129,30.216194480818277,29.738304662931235,29.76014094033553,37632000
2014-07-23,30.032583236694336,30.124886234680996,29.842021720065013,29.8767609951948,22120000
2014-07-24,29.92439842224121,30.217186270194574,29.824651973487384,30.04945488636462,27100000
2014-07-25,29.679750442504883,29.82465550352116,29.56412511627212,29.737812041104814,27200000
2014-07-28,29.726396560668945,29.829616751707384,29.40730672863931,29.66337329470314,27162000
2014-07-29,29.47479820251465,29.700095214120584,29.386464918288926,29.66089213703365,27332000
2014-07-30,29.548736572265625,29.698109201643742,29.412764810291357,29.567099111299004,24302000
2014-07-31,28.760194778442383,29.377530060182565,28.667395811090607,29.22716548221085,46190000
2014-08-01,28.46492576599121,28.95273890740109,28.301162210836754,28.71056920567768,44266000
2014-08-04,28.89517593383789,28.972094148854403,28.398429499263603,28.60933556475889,30388000
2014-08-05,28.442100524902344,28.7924540112162,28.301661165029177,28.751761107070816,32876000
2014-08-06,28.509096145629883,28.715038668171147,28.15973460599821,28.26146686901531,26456000
2014-08-07,28.376096725463867,28.698660273649274,28.257989633833365,28.586506809253553,23260000
2014-08-08,28.680295944213867,28.76068978383862,28.237641420639996,28.386516167028088,29866000
2014-08-11,28.64605712890625,28.767143877086617,28.54928844037076,28.732902474092956,24068000
2014-08-12,28.391483306884766,28.579065170209446,28.281811617815716,28.53440255136376,27890000
2014-08-13,29.008821487426758,29.08673166931507,28.544330584535555,28.606361900506894,37988000
2014-08-14,29.01328468322754,29.16960290451688,28.828182707112838,29.11451907038939,25458000
2014-08-15,28.966636657714844,29.252477047036805,28.820243671277904,29.154716396781073,34468000
2014-08-18,29.41276741027832,29.52938658085635,29.1075725193391,29.134866448327383,29320000
2014-08-19,29.63161277770996,29.666350161148088,29.499114742745313,29.556182489945627,20864000
2014-08-20,29.54724884033203,29.62565688253964,29.42765191905073,29.62367107804712,19346000
2014-08-21,29.39887046813965,29.53930981984459,29.333365421607965,29.521941129212905,22640000
2014-08-22,29.40482521057129,29.526406041775925,29.268851556328134,29.441050524482257,17544000
2014-08-25,29.307065963745117,29.555687196558406,29.242056889506603,29.515492162246467,25912000
2014-08-26,29.185482025146484,29.380509227188558,29.152232578162153,29.378027444849884,29434000
2014-08-27,28.9314022064209,29.247514272729983,28.82719006138889,29.17009818424526,27292000
2014-08-28,28.798410415649414,29.016263981226018,28.677323655293304,28.78352161303856,28116000
2014-08-29,28.899642944335938,28.926440894261717,28.69518836777237,28.89914696645514,24122000
2014-09-02,29.210790634155273,29.244040081693825,28.901627942014624,28.928919976013898,31660000
2014-09-03,29.25495719909668,29.501594497601047,29.105090482713532,29.364628884861474,31580000
2014-09-04,29.434600830078125,29.675778595844854,29.308554297403504,29.384480560958018,32616000
2014-09-05,29.66486358642578,29.700592927300246,29.45494944943592,29.53335750123625,35982000
2014-09-08,29.855918884277344,29.949711715897756,29.6767724178105,29.732354126307794,31984000
2014-09-09,29.37653923034668,29.80480477654949,29.30259877139483,29.788428041087943,31424000
2014-09-10,29.44849395751953,29.463382758403085,29.13684949035413,29.36512424475263,23202000
2014-09-11,29.3338623046875,29.375547163489895,29.082263325175706,29.278778470835,30028000
2014-09-12,29.02568817138672,29.352219527243996,28.945294330465234,29.298129548515316,37030000
2014-09-15,28.86391258239746,28.97705611265589,28.63414799770236,28.893686398551665,30908000
2014-09-16,29.218236923217773,29.286223758492305,28.82967419462225,28.82967419462225,31592000
2014-09-17,29.442041397094727,29.57999895768515,29.135856483474104,29.254459550136808,34390000
2014-09-18,29.639554977416992,29.65394590911645,29.428646994978127,29.529387302965297,29890000
2014-09-19,30.043004989624023,30.043004989624023,29.663869647184573,29.749721148173055,83832000
2014-09-22,29.639554977416992,29.96360650179394,29.43361056021306,29.899093405058096,35644000
2014-09-23,29.33733558654785,29.608785035470113,29.290687163540156,29.526903252791158,28074000
2014-09-24,29.696619033813477,29.780486617055594,29.293663531104833,29.356688686260917,35160000
2014-09-25,29.043060302734375,29.679252271580854,29.01775028623927,29.62565826432633,33420000
2014-09-26,29.1745662689209,29.257440008485688,29.030653174919472,29.07680372763659,25782000
2014-09-29,29.17009735107422,29.244535677139694,28.860438685115923,28.873339788623788,22874000
2014-09-30,29.199874877929688,29.32840319446619,29.005841511873882,29.15422030233633,31430000
2014-10-01,28.76416778564453,29.21525967813286,28.684269911993788,29.119978917658297,28954000
2014-10-02,28.826196670532227,28.943311806655355,28.487256387546985,28.6832755418505,30726000
2014-10-03,29.092683792114258,29.193918176168733,28.956214155700717,28.98598986538512,24290000
2014-10-06,29.168611526489258,29.397880148633465,29.050504423620175,29.276297414399302,25722000
2014-10-07,28.489736557006836,29.072830422317967,28.489736557006836,29.025687919654683,30914000
2014-10-08,28.968124389648438,29.01526878874049,28.169160852642403,28.523980004385912,44158000
2014-10-09,28.32647132873535,28.90807537673915,28.2381380558733,28.862420806818996,48234000
2014-10-10,27.55133056640625,28.54581542593111,27.54239728551155,28.16072646652394,59574000
2014-10-13,27.03324317932129,27.83369655322949,27.01736431549761,27.54835215876894,55116000
2014-10-14,27.2287654876709,27.722038173967398,27.02083718668025,27.30072202956856,52198000
2014-10-15,26.833751678466797,26.99205380114003,26.222865977324137,26.900744656705836,76720000
2014-10-16,26.64468002319336,26.84665280685335,26.050667033781625,26.152399285439557,76100000
2014-10-17,25.952411651611328,26.96873279575149,25.72612079788999,26.8198561381191,119930000
2014-10-20,26.41938018798828,26.45808917584198,25.762345852782545,25.82735302428568,54964000
2014-10-21,26.699764251708984,26.736485543987875,26.31119967124332,26.662049110659787,49190000
2014-10-22,26.93101692199707,27.33149065256402,26.80893821749789,26.849631118997618,59474000
2014-10-23,27.47490882873535,27.661002759890835,27.070463473475073,27.208421047194218,43026000
2014-10-24,27.239187240600586,27.5419003217995,27.05358929736508,27.540908366084036,43508000
2014-10-27,27.28782081604004,27.492277285452296,27.154826808391356,27.182616714051996,31934000
2014-10-28,27.737424850463867,27.750325954528165,27.315114828426626,27.378635965165806,34774000
2014-10-29,27.71310806274414,28.036663580736104,27.590533379036284,27.83220711526609,41066000
2014-10-30,27.803424835205078,27.91408847616507,27.399477368198887,27.703182408509768,32250000
2014-10-31,28.18057632446289,28.22325503327883,28.02872379368537,28.201916625393565,46810000
2014-11-03,27.97711181640625,28.144845093873375,27.870913868969556,27.965202668519044,30834000
2014-11-04,27.997953414916992,28.027729123320146,27.705663445506104,27.847590725441872,27726000
2014-11-05,27.589046478271484,28.132439475205754,27.49972123901331,28.12698182537781,32906000
2014-11-06,27.377641677856445,27.631226456779,27.322557845127125,27.5667133653094,33014000
2014-11-07,27.38409423828125,27.571677999387095,27.261521442085407,27.571677999387095,31782000
2014-11-10,27.70218849182129,27.821287534116877,27.37416541506739,27.41287440220635,26090000
2014-11-11,27.85404396057129,27.914089465926768,27.603436938424494,27.716582365758004,21966000
2014-11-12,27.70318603515625,27.85206081457606,27.5667163830782,27.84709914224846,21882000
2014-11-13,27.61336326599121,27.830720848252927,27.49674409583949,27.83022487035247,30220000
2014-11-14,27.55133056640625,27.690776071230438,27.418334667008686,27.690776071230438,28502000
2014-11-17,27.12703514099121,27.551329045686295,27.017859436960237,27.551329045686295,33612000
2014-11-18,27.021331787109375,27.432226696620816,26.986098431251058,27.191048961661583,36440000
2014-11-19,27.154827117919922,27.205443364924278,26.75732923799319,27.03324438622339,30346000
2014-11-20,26.984115600585938,27.064507556749895,26.871964022867292,26.901241861990183,35016000
2014-11-21,27.089818954467773,27.345387659662094,27.045652311546906,27.345387659662094,50120000
2014-11-24,27.16872215270996,27.35283028036462,27.003470650005877,27.123563555360708,33076000
2014-11-25,27.255565643310547,27.41783938584784,27.14043630277683,27.15532321160096,38072000
2014-11-26,27.18112564086914,27.287819564650622,27.05706302684627,27.255563966500965,29604000
2014-11-28,27.24812126159668,27.273925362216705,27.019846499850193,27.14490107302596,24202000
2014-12-01,26.7801570892334,27.23373075251692,26.729042972028395,27.05011671288202,39888000
2014-12-02,26.727554321289062,26.88933207859524,26.532527116536443,26.77023113427202,41480000
2014-12-03,26.64716339111328,26.867498742447957,26.559823951078503,26.673465365230438,32476000
2014-12-04,26.925556182861328,26.931015725227812,26.543939093361416,26.680408722071558,32598000
2014-12-05,26.205995559692383,26.708201577190437,26.165304548549404,26.63376324547775,61402000
2014-12-08,26.337499618530273,26.49084006025688,26.152397665590506,26.26256532005239,64566000
2014-12-09,26.60448455810547,26.631282508112488,25.97424622028499,26.096820906845775,43322000
2014-12-10,26.204010009765625,26.765765521684344,26.176716082713813,26.594062527409587,46222000
2014-12-11,26.405982971191406,26.65063446748015,26.25958999154161,26.301770827063216,41426000
2014-12-12,25.879961013793945,26.412436845532667,25.877479231173748,26.174236826221478,47314000
2014-12-15,25.598583221435547,26.071509464616042,25.57674883753637,25.991613489892206,52352000
2014-12-16,24.72121238708496,25.58567903179572,24.673076034744444,25.487422415786515,86998000
2014-12-17,25.132606506347656,25.262624650738594,24.76835806811292,24.805577233787627,72788000
2014-12-18,25.538043975830078,25.61893191334169,25.138064303268315,25.606028915797186,77534000
2014-12-19,25.8070125579834,25.845223681010822,25.25220446764364,25.655655999621516,97442000
2014-12-22,26.41541290283203,26.448662351444185,25.834302877215926,25.835296726027206,66390000
2014-12-23,26.736488342285156,26.9116650913965,26.485883196226194,26.525086274966018,57544000
2014-12-24,26.64517593383789,26.811915358910984,26.554360874357517,26.738966860441504,14754000
2014-12-26,26.87295913696289,26.958810645957733,26.573719746842674,26.645180323523373,22270000
2014-12-29,26.664033889770508,26.9925529777923,26.65659043550001,26.82233791314687,44300000
2014-12-30,26.563295364379883,26.690335743430015,26.480421625923686,26.547414607106617,20972000
2014-12-31,26.334030151367188,26.71812717775537,26.311201916426576,26.685373705581686,24648000
2015-01-02,26.27894401550293,26.58910055297391,26.196068386511584,26.430298664187116,26480000
2015-01-05,25.778226852416992,26.201528827300333,25.693369202116152,26.159843968967568,41182000
2015-01-06,25.14203453063965,25.86506993560834,25.08794265394188,25.82983657629222,54456000
2015-01-07,25.068090438842773,25.38271265451361,24.993654009367308,25.355916600007745,46918000
2015-01-08,25.15543556213379,25.18471340329742,24.56539222110889,24.887459832181587,73054000
2015-01-09,24.84825325012207,25.239299626508316,24.745530930705662,25.218457197288135,42000000
2015-01-12,24.666624069213867,24.82641600818012,24.361429227273334,24.774805918948548,57138000
2015-01-13,24.9018497467041,25.239300231443412,24.676552735965288,24.940060867856943,60958000
2015-01-14,25.106800079345703,25.22242729059076,24.721215133005675,24.833366712950042,52800000
2015-01-15,25.011520385742188,25.296366913259128,24.912269913281328,25.25369009983225,51068000
2015-01-16,25.331602096557617,25.350954698690078,24.965863850974774,24.968841611236375,49658000
2015-01-20,25.305795669555664,25.58717034639147,25.27750978712287,25.446235019043122,46796000
2015-01-21,25.824378967285156,25.896831490561922,25.288427550358755,25.350458859185682,46356000
2015-01-22,26.66353988647461,26.739962132444344,25.899811511647165,25.953901500106248,56068000
2015-01-23,26.8942928314209,27.065995819308014,26.58661808424548,26.69976350422547,45966000
2015-01-26,26.634756088256836,26.871964134717718,26.403999540318267,26.871964134717718,30932000
2015-01-27,25.864078521728516,26.439233025193477,25.847701786405633,26.370750216611732,39148000
2015-01-28,25.429363250732422,26.087391490349304,25.425393534652653,26.053150086223937,35822000
2015-01-29,25.469064712524414,25.566329384103877,24.985219351028377,25.4526879769496,79018000
2015-01-30,26.675945281982422,26.95136445188612,25.71470795873333,25.75540086186241,121108000
2015-02-02,26.410449981689453,26.623837830082405,25.890379335094725,26.515654079262152,75378000
2015-02-03,26.465038299560547,26.67098080454053,26.142970716833847,26.29829697662218,47062000
2015-02-04,26.107736587524414,26.636242637507667,26.05463666846763,26.4570961940132,33896000
2015-02-05,26.29283905029297,26.33551586305348,26.08490884993802,26.198550251057004,33176000
2015-02-06,26.493820190429688,26.80844242635538,26.23428178666283,26.351396927233946,42938000
2015-02-09,26.265546798706055,26.493821571229567,26.17969529680108,26.353878190084156,30314000
2015-02-10,26.805463790893555,26.847148647053242,26.260085029759082,26.40796783077355,47430000
2015-02-11,26.698274612426758,26.894293773076562,26.59902414091422,26.784126109376253,38306000
2015-02-12,27.095773696899414,27.211399015379424,26.648651523608574,26.780653577630602,48590000
2015-02-13,27.351343154907227,27.419825966308597,27.125052290541436,27.170210889225086,47382000
2015-02-17,27.046146392822266,27.442650409408948,26.959302939823672,27.3513412625548,39174000
2015-02-18,26.92902946472168,27.17219301001995,26.775193041921398,26.98709105317053,31164000
2015-02-19,27.11760711669922,27.137953567668845,26.834744500697806,26.92010002058703,30834000
2015-02-20,26.886852264404297,27.173684614462704,26.703240109300214,27.173684614462704,38234000
2015-02-23,26.54939842224121,26.762786261938356,26.40052366951058,26.74789935457885,32906000
2015-02-24,26.730531692504883,26.76774896233429,26.350898502837588,26.378192429409328,28406000
2015-02-25,27.161277770996094,27.272437391445322,26.69877083454283,26.7201111342929,40836000
2015-02-26,27.754791259765625,27.796476114958686,27.050114651167004,27.082372141289156,54032000
2015-02-27,27.920541763305664,28.257496272497153,27.64264080539751,27.69822061837006,68328000
2015-03-02,28.53539276123047,28.583529115340724,27.946343342215318,28.137400825105498,50406000
2015-03-03,28.722482681274414,28.824709024406257,28.31108984712828,28.60139592710162,50526000
2015-03-04,28.699655532836914,28.86341721502514,28.41133335350622,28.632164676682212,37964000
2015-03-05,28.85349464416504,28.94133006205619,28.69469462982816,28.763673421550344,35918000
2015-03-06,28.430191040039062,28.920486009485398,28.388506180591467,28.8817789104334,37592000
2015-03-09,28.489736557006836,28.556729530815257,28.239129564673625,28.33192852957974,23478000
2015-03-10,27.782581329345703,28.274366078259387,27.78109150276836,28.21084494636263,40080000
2015-03-11,27.576143264770508,27.99745944103969,27.562248311796857,27.78010186536099,40524000
2015-03-12,27.84809112548828,27.881338684120596,27.56820623701654,27.714599233893736,35602000
2015-03-13,27.442651748657227,28.006393093425856,27.31015371576543,27.751816349465276,35428000
2015-03-16,27.871414184570312,27.976122314552086,27.359282919594186,27.63767986274413,36856000
2015-03-17,27.671424865722656,27.821787570533843,27.51262485746634,27.705168400366922,28892000
2015-03-18,28.095714569091797,28.113083258212196,27.467460214668634,27.67737431063525,35324000
2015-03-19,27.972148895263672,28.135414578565772,27.895230682684033,28.01432972841733,24660000
2015-03-20,28.03567123413086,28.142365166464756,28.012348914683837,28.123012563241794,44320000
2015-03-23,28.05651092529297,28.26841083558369,27.94187757170114,28.087774567181647,30234000
2015-03-24,28.66044807434082,28.87581982154053,28.19148967741243,28.21382193109719,79156000
2015-03-25,28.137401580810547,28.786000541047912,28.137401580810547,28.661937925517922,53070000
2015-03-26,27.970661163330078,28.146831748955687,27.706161082042534,28.020783324852605,49842000
2015-03-27,27.668447494506836,27.992003036468276,27.63767982683287,27.880841514688722,34552000
2015-03-30,27.84659767150879,27.897215809325353,27.630729931821506,27.802432925061265,24788000
2015-03-31,27.52701187133789,27.91160481755175,27.525522044802923,27.68779576831481,34932000
2015-04-01,27.268468856811523,27.715589140377404,27.09676585390289,27.533466815645557,38902000
2015-04-02,26.862531661987305,27.194522555909415,26.819356982059368,27.165244720167518,47760000
2015-04-06,26.99354362487793,27.072447643801446,26.58413662244109,26.739958855824437,33718000
2015-04-07,27.03870391845703,27.301716069367334,26.9756806521466,27.04515541706288,27318000
2015-04-08,27.236209869384766,27.368213810191627,27.09527454092067,27.09527454092067,28386000
2015-04-09,27.19551658630371,27.262511458019304,26.894293331648246,27.254572026203107,32366000
2015-04-10,27.22132110595703,27.286330169677417,27.04465645281421,27.27243521822849,26104000
2015-04-13,27.226285934448242,27.45605053087502,27.11016463803623,27.147383803174662,29326000
2015-04-14,26.78660774230957,27.123562229879163,26.586122888939016,27.123562229879163,47206000
2015-04-15,26.849138259887695,26.95583219772891,26.4188887700168,26.696293765622162,46962000
2015-04-16,26.972206115722656,27.05706376476837,26.70323845205174,26.715643577965192,31722000
2015-04-17,26.437246322631836,26.78759978583808,26.251650269776206,26.664033147859083,49234000
2015-04-20,27.022327423095703,27.085352583011485,26.467519361562132,26.487369835441832,38508000
2015-04-21,26.942432403564453,27.183114202064317,26.907199041650976,27.110661673560422,29128000
2015-04-22,27.253082275390625,27.343399464948178,26.86302976391744,26.94937723755585,31806000
2015-04-23,27.66397476196289,27.848084755856163,27.297742471527542,27.314119204656304,78184000
2015-04-24,28.467905044555664,29.015765609295876,28.204395030107936,28.78500906484416,92168000
2015-04-27,28.093730926513672,28.56020567953115,27.90416326507903,28.423737938239924,48062000
2015-04-28,28.006887435913086,28.1785904287922,27.8376662253945,28.00440565355256,37178000
2015-04-29,27.859004974365234,28.079836281035774,27.74040190009841,27.815334312291217,33622000
2015-04-30,27.23273468017578,27.84510829478738,27.13100432499623,27.718563903327034,47240000
2015-05-01,27.351343154907227,27.354320915365385,26.98858264564082,27.31908566081503,36572000
2015-05-04,27.434709548950195,27.625765135599128,27.164252074499405,27.342902535963194,35260000
2015-05-05,26.94838523864746,27.42329728942022,26.915135791679393,27.30171456447311,28528000
2015-05-06,26.55337142944336,26.992554181439914,26.41243609076203,26.928537064377405,39034000
2015-05-07,26.898759841918945,27.055575929843123,26.472482004515168,26.594062839964238,31844000
2015-05-08,27.241670608520508,27.432726212356606,27.19601603336356,27.237700892382342,28226000
2015-05-11,27.0843563079834,27.461011727885403,27.07542492066937,27.2188401329465,21858000
2015-05-12,26.734500885009766,26.94441499074613,26.549398923022324,26.93696964388075,35282000
2015-05-13,26.772216796875,26.98808453606404,26.746906781502496,26.820849130077665,24238000
2015-05-14,27.25407600402832,27.278394065074853,26.92158908436705,26.99453758837048,31736000
2015-05-15,27.119590759277344,27.323551244821893,26.921587687257777,27.313130030505075,33440000
2015-05-18,27.128522872924805,27.211396606028362,26.909179510796726,26.98709157241085,26706000
2015-05-19,27.25804901123047,27.46250360269159,27.15085909676232,27.194527869998485,47126000
2015-05-20,27.418331146240234,27.594995792538967,27.05060903187526,27.339427134127707,30840000
2015-05-21,27.631723403930664,27.671424351780086,27.259039558655253,27.30370217846316,34170000
2015-05-22,27.518081665039062,27.702687662834755,27.47341904576884,27.515103904681666,24266000
2015-05-26,27.154327392578125,27.459024360507716,26.944909277831165,27.421805200697186,37474000
2015-05-27,27.504682540893555,27.55629263636955,27.124059269911413,27.22827141662871,34844000
2015-05-28,27.501209259033203,27.579617305836308,27.33347786573684,27.481856656061908,23544000
2015-05-29,27.06153106689453,27.489298724900063,27.0476361144687,27.452575539326666,43446000
2015-06-01,27.25457191467285,27.32206087092486,26.97518304517786,27.230751726276477,33210000
2015-06-02,27.489795684814453,27.729981493651664,27.122569495097526,27.166240158443934,31842000
2015-06-03,27.55629539489746,27.690283265394875,27.40047313710555,27.546866135047114,26710000
2015-06-04,27.377641677856445,27.589541598826578,27.2501053215843,27.40195784499536,26866000
2015-06-05,27.270450592041016,27.45902629345587,27.163756669364282,27.393025271221983,24396000
2015-06-08,26.9702205657959,27.287324588591463,26.943918594016772,27.274421591639793,27336000
2015-06-09,26.90471649169922,27.037712395988446,26.740456942696635,26.967243781125923,30016000
2015-06-10,27.422801971435547,27.53098573209508,27.051111965018936,27.080389805754574,30316000
2015-06-11,27.295761108398438,27.53346512420555,27.252586424854886,27.516592411686425,25872000
2015-06-12,27.168224334716797,27.236705246410978,27.076913297382482,27.152343578166626,25468000
2015-06-15,26.946399688720703,26.998505760028007,26.758321854151287,26.933000714235213,27150000
2015-06-16,27.039199829101562,27.129517023268125,26.87543815406977,27.019847226377504,32526000
2015-06-17,27.125051498413086,27.212390932771665,26.887347470103844,27.066493925900485,24440000
2015-06-18,27.600460052490234,27.65355808310509,27.194526753732134,27.194526753732134,41192000
2015-06-19,27.66695785522461,27.686312352020913,27.405931495702703,27.61733356150216,59290000
2015-06-22,27.774147033691406,28.068424728956696,27.735935912065887,27.760749951316186,34752000
2015-06-23,27.958255767822266,28.033190073921567,27.64859519983743,27.779605294519836,31396000
2015-06-24,27.71906089782715,27.921035575124176,27.631721468938157,27.913096143328428,28924000
2015-06-25,27.688295364379883,27.94584987016069,27.66397919621928,27.804914533189983,26684000
2015-06-26,27.44563102722168,27.79002900786694,27.385585517195256,27.775638076021018,43676000
2015-06-29,26.859556198120117,27.33843796864444,26.809434038337013,27.132493573025446,37756000
2015-06-30,26.79951286315918,27.090314929864608,26.774698823668665,27.050118003213587,34510000
2015-07-01,26.961292266845703,27.08585087756951,26.785619533380267,26.979156937647254,30760000
2015-07-02,27.161773681640625,27.19452525842251,26.97468590742082,27.032747499899706,28124000
2015-07-06,27.076417922973633,27.223308771939404,26.90173716920965,26.909180623274132,25614000
2015-07-07,27.295265197753906,27.34340155641525,26.79008331380378,27.16624090180923,33578000
2015-07-08,26.881885528564453,27.20841878880383,26.85707338507895,27.075424791059845,27662000
2015-07-09,27.028282165527344,27.238196282799034,27.026794231899636,27.226783112517296,29766000
2015-07-10,27.596986770629883,27.75479482444031,27.393028162084153,27.477885816892172,43436000
2015-07-13,28.372129440307617,28.42770925289534,27.72551435499295,27.76571128075888,41792000
2015-07-14,28.989961624145508,29.264388849923627,28.493215141470028,28.509591877602684,74832000
2015-07-15,28.979045867919922,29.213772156292958,28.792951919404487,28.968128674305333,41466000
2015-07-16,29.863361358642578,29.99834116790108,29.175557422517723,29.25396546593354,112642000
2015-07-17,34.71867752075195,34.88641270873732,33.645786421600015,33.745035010134615,257162000
2015-07-20,34.38221740722656,34.62835874176487,33.832870777740155,34.19066771581118,102436000
2015-07-21,34.506778717041016,35.01543242682111,33.95097682010599,33.98720213566838,75604000
2015-07-22,34.49436950683594,35.39903309921943,34.321674563923004,34.440773610668714,83100000
2015-07-23,33.4835090637207,34.542508940945176,33.32768492588079,34.33308890215859,76232000
2015-07-24,32.492984771728516,33.63535411371947,32.4140826576155,33.58473787746338,82622000
2015-07-27,32.66667938232422,33.10337840575614,32.33319675500477,32.33418871068599,58382000
2015-07-28,32.735660552978516,32.95599588518795,32.42550400588598,32.83987269847073,34364000
2015-07-29,32.82349395751953,32.917782759060806,32.39721422517398,32.86468283769812,36756000
2015-07-30,32.97882080078125,33.15201172457455,32.340145194478964,32.625491477128705,39606000
2015-07-31,32.62847137451172,33.000659260913,32.613584464830225,32.985772351231496,34922000
2015-08-03,32.98676681518555,33.08353552156397,32.63641328875104,32.63641328875104,31348000
2015-08-04,32.8160514831543,33.149534143632,32.777842255176175,32.96790401146846,26188000
2015-08-05,33.412052154541016,33.74056748198688,33.029441159304284,33.03787656998723,36448000
2015-08-06,33.2562255859375,33.484500352211846,32.7887569678244,33.44678710279884,40660000
2015-08-07,32.97039031982422,33.1892339555708,32.69645905908001,33.13861770412109,27544000
2015-08-10,32.90835189819336,33.329172043127265,32.76394284396823,33.10436914858394,34458000
2015-08-11,34.256168365478516,34.93603285306355,33.95941080486726,34.71668948520077,109880000
2015-08-12,34.31423568725586,34.539034836691094,33.77034479357807,34.46410052484904,58498000
2015-08-13,34.06808853149414,34.4412683072138,33.8532127630629,34.201578503008896,36354000
2015-08-14,34.21000671386719,34.35342378395037,33.88893496639454,33.94550671563379,27598000
2015-08-17,34.44524383544922,34.4765055865474,33.896885385612144,34.14401867145234,24680000
2015-08-18,34.17825698852539,34.527118714482846,34.009033892865446,34.294380166594706,27710000
2015-08-19,34.44176483154297,34.74745376656821,34.08248000149398,34.24673953141806,50194000
2015-08-20,33.7192268371582,34.546972279030975,33.51080254303716,34.19662258819019,57798000
2015-08-21,31.960018157958984,33.39219776599741,31.913865714433953,33.300388856806386,91880000
2015-08-24,30.673738479614258,31.148650547042262,29.43211844491522,29.804804171606992,129788000
2015-08-25,30.39385223388672,32.10740271142138,30.35415128908793,32.0811045269304,71430000
2015-08-26,32.7396240234375,32.87559766542257,31.28213643480607,31.913862615309434,87740000
2015-08-27,33.14754867553711,33.446293973360255,32.310871779863234,33.34753757526101,58974000
2015-08-28,32.73714828491211,33.09990498734726,32.44237462599846,33.0383696561847,38836000
2015-08-31,32.148094177246094,32.97137572981981,32.07514757517647,32.47164966934492,38936000
2015-09-01,31.241945266723633,31.980365452152412,31.018632176319077,31.45285133814365,51458000
2015-09-02,32.003684997558594,32.01112845108628,31.29553656109289,31.660776906139848,37630000
2015-09-03,31.61363983154297,32.31831465116764,31.452854014162916,32.15355911742747,34572000
2015-09-04,31.212167739868164,31.487090908648536,31.090090933844944,31.248890923766382,40478000
2015-09-08,31.952577590942383,32.01014131651698,31.40769475132654,31.80965644672274,39092000
2015-09-09,31.92925262451172,32.621520352098536,31.804690245241808,32.34957682578183,40978000
2015-09-10,32.309871673583984,32.49943741691731,31.844387044774567,31.953562737813368,27850000
2015-09-11,32.519287109375,32.51978308716131,32.127744828848094,32.26669811690427,34892000
2015-09-14,32.37885665893555,32.55006368439517,32.23146793062689,32.53567275330777,29942000
2015-09-15,33.00413131713867,33.19171317376884,32.42202746623192,32.58926287221055,35546000
2015-09-16,33.02646255493164,33.153005062962436,32.86170703389917,33.02795048855987,26252000
2015-09-17,33.33165740966797,33.84378677726277,33.00065841537542,33.12422506309319,47752000
2015-09-18,32.79818344116211,33.24083795771648,32.754014913414636,33.003628051239346,72544000
2015-09-21,33.09891128540039,33.19915560197183,32.65328086846901,33.02596468089905,39094000
2015-09-22,32.41508483886719,32.69397966926155,32.00964748486843,32.62698478683987,54362000
2015-09-23,32.41954803466797,32.7664258702772,32.292505764245156,32.400193539469,29160000
2015-09-24,32.49993896484375,32.59224385638462,31.86771860742162,32.205169086426785,38692000
2015-09-25,31.767473220825195,32.6820639789857,31.74315705404557,32.6820639789857,48480000
2015-09-28,30.978437423706055,31.90146555976382,30.66034142520254,31.71288794459709,47646000
2015-09-29,30.897050857543945,31.496023636672415,30.669768054673835,31.040466075203458,42130000
2015-09-30,31.67914390563965,31.725790437737036,31.22160050771168,31.354594520372288,52954000
2015-10-01,31.859275817871094,31.95058874334657,31.319356626795713,31.65779902339487,42506000
2015-10-02,32.6031608581543,32.60365683606337,31.437468900379354,31.661277985325597,48788000
2015-10-05,33.3321533203125,33.39914819811848,32.54758064140068,32.83193499560347,37960000
2015-10-06,33.33016586303711,33.685479094380334,32.90537408567345,33.216522571807786,42774000
2015-10-07,33.248779296875,33.68250245164468,32.65873604281736,33.61600356034712,44354000
2015-10-08,33.09990692138672,33.34257641509988,32.479097816875594,33.221489657194674,39308000
2015-10-09,33.31031799316406,33.45174741332424,32.869647317985795,33.12422406036488,32124000
2015-10-12,33.567867279052734,33.64478549121892,33.11181376229365,33.208582446323746,26684000
2015-10-13,33.90235137939453,34.164867601793226,33.403121147782706,33.460192690197836,42446000
2015-10-14,33.76537322998047,34.24326108713601,33.69043893588893,33.93012872420478,31292000
2015-10-15,34.391151428222656,34.44772319493247,33.96288778270124,34.00556459667212,47156000
2015-10-16,34.505287170410156,34.54995168230745,34.196622340628124,34.5092587795464,36316000
2015-10-19,34.73505401611328,34.74944494698388,34.35095511139818,34.43978437214165,30172000
2015-10-20,33.745033264160156,34.638285659118345,33.431401077098116,34.632826116230504,52434000
2015-10-21,33.33810806274414,33.98819499296056,33.28352020596818,33.90432929623116,31952000
2015-10-22,33.80160140991211,34.14451140013563,33.333140877177165,33.51873881283811,88632000
2015-10-23,35.69678497314453,37.342848475277144,35.627806186980585,37.221761723035236,126726000
2015-10-26,36.28186798095703,36.471933536493665,35.731029597756994,35.731029597756994,48776000
2015-10-27,36.3662223815918,36.52204649870805,35.935478891922564,36.056065866924456,38778000
2015-10-28,36.56969451904297,36.5920248841065,36.09081079149791,36.3751651604529,39604000
2015-10-29,36.96321105957031,37.059483757576864,36.48234354733522,36.55529393058165,36520000
2015-10-30,36.593013763427734,37.035668348417275,36.550336948603395,36.99845107644041,39984000
2015-11-02,37.10662841796875,37.12846279949299,36.29823382113987,36.45108206398975,39914000
2015-11-03,37.16023254394531,37.30314990417095,36.78010144292342,36.992001379797124,36306000
2015-11-04,37.48229217529297,37.710070952023145,37.179083117508384,37.21382049785643,41840000
2015-11-05,37.74828338623047,38.0301540336404,37.589483394769,37.6559785012239,45486000
2015-11-06,37.794437408447266,37.86490412672247,37.46839821629869,37.68476572199348,33544000
2015-11-09,37.45549392700195,37.87879777209568,37.17461901933125,37.64158784582532,35538000
2015-11-10,37.62868118286133,37.744804352377514,37.139878020252134,37.39147506579544,29798000
2015-11-11,37.975563049316406,38.1656247738911,37.70262381177478,37.83313791076958,41866000
2015-11-12,37.5428352355957,38.00286037201333,37.50958578909172,37.72396558975158,35452000
2015-11-13,36.726009368896484,37.48328426315379,36.69623176699996,37.419269044734655,48188000
2015-11-16,37.2396240234375,37.303639237389675,36.441156520099184,36.73295428178053,50704000
2015-11-17,37.019290924072266,37.46442915354146,36.92351419329553,37.341358496521714,38864000
2015-11-18,37.71553421020508,37.769626090524056,37.08926556043931,37.197449321077265,36266000
2015-11-19,37.712059020996094,37.87532281719481,37.57757329898008,37.70411580304644,28078000
2015-11-20,38.55866241455078,38.673793651469516,37.91850259999937,38.176551194648006,55478000
2015-11-23,38.54377365112305,38.85145030994505,38.38546962775917,38.581986664320496,34648000
2015-11-24,38.19291687011719,38.508532900512904,37.621236218146244,38.35816833815636,47880000
2015-11-25,38.17456817626953,38.360166140591,38.03909048390677,38.29515517293706,23612000
2015-11-27,38.30904769897461,38.40978800051288,38.062410392032795,38.16960219213621,14434000
2015-11-30,37.856468200683594,38.46089862651932,37.77061481137449,38.304082542033804,33586000
2015-12-01,38.8956184387207,38.95566584206893,38.01030920670793,38.05943752359612,40398000
2015-12-02,38.60084533691406,39.355144399320814,38.53037483087038,38.96806963136928,46876000
2015-12-03,38.12196350097656,38.929858502318396,37.83662097609839,38.73532915316572,41950000
2015-12-04,38.668331146240234,38.82762712082141,37.98847043502684,38.19689472082552,49800000
2015-12-07,38.35966491699219,38.757158978996884,38.048512647230574,38.71051055881591,36626000
2015-12-08,38.46636199951172,38.640544898694394,37.84009334102144,37.93834997275619,31082000
2015-12-09,37.84157943725586,38.51350453360641,37.31853100110351,38.26587526855723,46550000
2015-12-10,37.717018127441406,38.01625935999546,37.46690899092913,37.89318870314611,32458000
2015-12-11,37.2396240234375,37.587993545638916,37.151786729630395,37.169157311698804,43184000
2015-12-14,37.84108352661133,37.920981399703884,36.536938065215146,37.281313795347444,53864000
2015-12-15,37.719512939453125,38.44701422433479,37.61579674646923,38.1016242330539,49386000
2015-12-16,38.53831481933594,38.781976261495615,37.56864397393786,38.04107237726127,53120000
2015-12-17,38.20284652709961,38.786434470597825,38.17654455847705,38.765096066228054,36510000
2015-12-18,37.5587158203125,38.41673482621627,37.54581282340079,38.07382481057931,67794000
2015-12-21,37.754730224609375,38.030149339911425,37.424723264033766,37.86638580409075,34848000
2015-12-22,38.06886672973633,38.22816273040177,37.77459279210927,37.926941315443784,36338000
2015-12-23,38.13734436035156,38.30557551334191,37.59841706950993,38.24552811525875,30594000
2015-12-24,38.004844665527344,38.17158409148472,37.93289001542925,38.13783866678994,10412000
2015-12-28,38.818702697753906,38.84748456341987,38.09864493378642,38.21129250668294,31156000
2015-12-29,39.40030288696289,39.635029139645496,39.015212050102186,39.05441323113152,38430000
2015-12-30,39.21867370605469,39.5243664463715,39.064837273207026,39.40030382992259,28566000
2015-12-31,38.60877990722656,39.12090918623266,38.574538507323176,39.095599173146184,32752000
2016-01-04,37.6872444152832,37.824210024536455,37.09670516636444,37.824210024536455,67382000
2016-01-05,37.79096221923828,38.17158548404012,37.4991682131678,37.91850046873212,45216000
2016-01-06,37.681785583496094,37.99938557560447,37.11953599204981,37.23714710898058,48206000
2016-01-07,36.77215576171875,37.4822899992494,36.48830121505529,37.04459903227423,63132000
2016-01-08,36.27145004272461,37.224746152152946,36.172693640664434,37.10961490578553,47506000
2016-01-11,36.37862777709961,36.47837610682403,35.708194514709064,36.32304797445957,50896000
2016-01-12,36.98752975463867,37.13640640572717,36.54537117426711,36.759750977293,46816000
2016-01-13,35.70869827270508,37.367664876802756,35.57024471374164,37.186034736953346,51728000
2016-01-14,36.295265197753906,36.71707736447285,34.985660161842596,35.95037125256661,55558000
2016-01-15,35.25809860229492,35.93647133507565,34.8124644135605,35.23328456634881,76676000
2016-01-19,35.68437194824219,35.995524186522566,35.22633456052304,35.73747186114245,48724000
2016-01-20,35.658573150634766,36.07492572671287,34.13111283642849,35.03031688051093,82440000
2016-01-21,36.061031341552734,36.606906079066235,35.288865762887305,35.738467791993244,51938000
2016-01-22,36.99348449707031,37.1473247095841,36.74734697201103,36.82178150989947,47146000
2016-01-25,36.405921936035156,37.3408590309046,36.35034213303571,36.913091424495235,45340000
2016-01-26,36.414363861083984,36.695738557165015,36.075921418373206,36.48483436914604,30940000
2016-01-27,35.609947204589844,36.518578776715614,35.404994735783035,36.518578776715614,42428000
2016-01-28,37.13442611694336,37.27635151969848,36.2560606047953,36.632716069974045,62104000
2016-01-29,37.78203582763672,37.96862575760717,36.93096418491758,37.16718219763568,75808000
2016-02-01,38.24949645996094,38.58793886247944,37.78351581789663,38.27381073219163,111522000
2016-02-02,38.75270080566406,40.21366244835608,38.73731413192457,39.72485538639474,135846000
2016-02-03,37.18801498413086,39.27474508090973,36.53693241681742,39.019176422627666,131114000
2016-02-04,36.2277717590332,36.982570561419266,35.859059542656034,36.95031306975174,104922000
2016-02-05,34.92412185668945,36.06351172363947,34.74447943373265,36.002972136236856,109556000
2016-02-08,34.9439697265625,34.961836286392035,33.84477307843579,34.126147732686995,89410000
2016-02-09,34.78815460205078,35.77767983002907,34.16684946135605,34.387680803699844,84300000
2016-02-10,35.07746505737305,35.88982763328763,35.005014423519896,35.322614437702875,60314000
2016-02-11,35.05315399169922,35.348919647227845,34.30034276929891,34.55591149495455,65004000
2016-02-12,35.07944869995117,35.5315306076555,34.815936809625555,35.34345278202596,46538000
2016-02-16,35.612918853759766,35.872955130987954,35.24271491113473,35.663039121631215,43444000
2016-02-17,36.32404327392578,36.4128725279846,35.5618048286677,36.07740598396101,49154000
2016-02-18,35.606468200683594,36.5240348608717,35.50920352987323,36.42280236697807,47276000
2016-02-19,35.83474349975586,35.9300242604359,35.38861327826768,35.526570854269394,34918000
2016-02-22,36.179141998291016,36.46696819616972,35.90124293059618,36.201968339968566,37516000
2016-02-23,35.59554672241211,36.27094361594726,35.51515666338139,36.03274551987704,41332000
2016-02-24,35.77469253540039,35.79057518465841,34.837775244974566,35.264051163916164,37092000
2016-02-25,36.182613372802734,36.20196408081207,35.394069181854505,35.875432714687015,36146000
2016-02-26,35.97121047973633,36.53197213039984,35.82630543787013,36.40493364962283,42474000
2016-02-29,35.59207534790039,36.25605718743341,35.573216831001,35.77965720290548,45068000
2016-03-01,36.83022689819336,36.83816633116372,35.66254719352592,35.79454925862444,60112000
2016-03-02,36.69672775268555,36.87736213117078,36.387563173386724,36.864958898642634,36292000
2016-03-03,36.3051872253418,36.77215986668217,36.207922555156095,36.696729581586425,40534000
2016-03-04,36.23720169067383,36.474407829161414,36.00892315345282,36.464484486108105,48516000
2016-03-07,35.37273025512695,36.08782806796287,34.99260299897056,35.98559984271134,61690000
2016-03-08,35.408958435058594,35.84168966543364,34.93603406638649,35.15388572215254,52530000
2016-03-09,35.99850845336914,36.039697336594756,35.36578829544877,35.49034690094924,39544000
2016-03-10,36.3339729309082,36.550832634597626,35.893302260985735,36.11661346324506,44616000
2016-03-11,36.96420669555664,36.96569462909776,36.55876941518836,36.72005308164717,35380000
2016-03-14,37.23069381713867,37.43018670484356,36.904158667056194,36.96916962480573,32824000
2016-03-15,37.247066497802734,37.368153233005174,36.86346362981525,37.02127165339016,29832000
2016-03-16,37.58403015136719,37.66541596517553,37.04510280298914,37.17164532508238,29306000
2016-03-17,37.63960266113281,37.9800289743035,37.584022854900866,37.598413784293754,44564000
2016-03-18,37.48725891113281,37.82123376858197,37.30910440753043,37.79592753753153,56222000
2016-03-21,37.822227478027344,37.880783155524995,37.28180847539839,37.412818569052284,28774000
2016-03-22,37.71751022338867,37.963155533953746,37.60982624929623,37.637616150493,22096000
2016-03-23,37.59394836425781,37.982514838530285,37.518022104148095,37.88127856302047,24678000
2016-03-24,37.45896911621094,37.5939470259952,37.243597362316855,37.27833474197719,31116000
2016-03-28,37.38155746459961,37.630674659384916,37.32002213272256,37.524970793595514,21676000
2016-03-29,38.00732421875,38.07134322257798,37.13392615162235,37.40140208535203,40062000
2016-03-30,38.12891387939453,38.574052189614626,38.091200625319566,38.122462380052724,40396000
2016-03-31,37.85894775390625,38.16562865790518,37.62818932303009,38.12890736598787,32554000
2016-04-01,38.194915771484375,38.21327452703637,37.47683816878253,37.57410663421584,31674000
2016-04-04,37.969112396240234,38.33236882193568,37.80386091661828,38.18696402722169,26924000
2016-04-05,37.644073486328125,37.857461342495476,37.49668476269407,37.62223910144288,24478000
2016-04-06,38.11551284790039,38.13288343321991,37.5314250234861,37.60784726949187,25312000
2016-04-07,37.720985412597656,38.179518776977694,37.59096729463733,37.97903395124889,25498000
2016-04-08,37.6887321472168,38.06885941560105,37.505121904215606,38.006332131636086,23434000
2016-04-11,37.59295654296875,38.07332814288153,37.58303319957296,37.98549084155288,31774000
2016-04-12,37.929412841796875,37.959186656338254,37.29669278016015,37.63712288040206,27388000
2016-04-13,38.306068420410156,38.496626134826585,37.94281197985296,38.22666653316887,35426000
2016-04-14,38.47876739501953,38.68818364752694,38.37107961533215,38.477279461348076,26992000
2016-04-15,38.70753860473633,38.75369105173666,38.4559377259045,38.48422739645302,31712000
2016-04-18,39.08865737915039,39.131833958236626,38.58893504514366,38.716965490459344,33540000
2016-04-19,38.52144241333008,39.250931203936716,38.22468484675957,39.22860084163421,43952000
2016-04-20,38.4554443359375,38.69067038783667,38.274313953203055,38.66585634698381,34262000
2016-04-21,38.70753860473633,38.79090832442027,38.288206330743826,38.5740486148809,77628000
2016-04-22,36.611873626708984,37.413317130149366,36.2446493140442,36.91657064850062,140798000
2016-04-25,36.83220672607422,36.964704754411734,36.47937336635226,36.491780385407644,49442000
2016-04-26,35.99652099609375,36.99993721811807,35.74591208995123,36.94187751942796,55864000
2016-04-27,35.802494049072266,36.08485694725283,35.188132596626346,35.994043762901214,66262000
2016-04-28,34.9886360168457,36.18956510082308,34.8963349082586,35.893303492597134,62590000
2016-04-29,35.12858581542969,35.33849807689551,34.925121267494454,34.94199587654074,58278000
2016-05-02,35.45262908935547,35.50225337679018,35.05314732845683,35.32906245557149,33476000
2016-05-03,35.15636444091797,35.40101401178266,35.101280615876796,35.3578412262342,38620000
2016-05-04,35.3017692565918,35.484387546774165,34.93851280156946,35.073494500818576,34172000
2016-05-05,35.46751403808594,35.60844746094753,35.20648583300938,35.48190496706447,29668000
2016-05-06,35.98708724975586,36.0272841703002,35.330548905802516,35.34295592366291,39952000
2016-05-09,36.183109283447266,36.439173934663245,35.90371852935042,36.062518518497015,38074000
2016-05-10,36.691768646240234,36.722534418331186,36.30618182282669,36.472425274308534,32634000
2016-05-11,36.253578186035156,36.76223567428409,36.12207211455834,36.74834072172119,29834000
2016-05-12,36.13050842285156,36.492772940327086,35.941934602821846,36.325533741452375,27094000
2016-05-13,35.9697265625,36.290302453464385,35.904219617282386,36.058555827827455,25244000
2016-05-16,36.241172790527344,36.3592798926027,35.73003539002786,35.944415208614586,22538000
2016-05-17,35.73945999145508,36.516589140023775,35.630784049934775,36.278887020581564,33404000
2016-05-18,35.81836700439453,36.00644484152183,35.48290044592236,35.655595396902456,32536000
2016-05-19,35.497291564941406,35.75484795221574,35.24916632942593,35.645672242814435,30598000
2016-05-20,35.81489181518555,36.11214536480229,35.48240490592018,35.55436334493607,34798000
2016-05-23,35.59356689453125,35.90372346173018,35.578184007171274,35.72904458549902,24816000
2016-05-24,36.37664794921875,36.434707647390326,35.712662323731934,35.72258945308347,37884000
2016-05-25,36.62824630737305,36.71707556634119,36.35531081808167,36.474409871843534,32216000
2016-05-26,36.57018280029297,36.777119135729535,36.37515750481988,36.524030360002214,27202000
2016-05-27,37.09968566894531,37.11506855492321,36.5741535815596,36.598967619142456,34802000
2016-05-31,37.161720275878906,37.39148298848767,36.998948655728036,37.15725268861202,42484000
2016-06-01,37.142364501953125,37.286773576253076,36.93790802797835,37.142860479844515,20788000
2016-06-02,36.93443298339844,37.0847975654609,36.57365642480011,37.02524614883594,33916000
2016-06-03,36.517086029052734,36.79647679788827,36.420317339719354,36.79647679788827,24608000
2016-06-06,36.2292594909668,36.648095758086136,36.14142597629198,36.648095758086136,29992000
2016-06-07,36.280372619628906,36.55926359960229,36.2659816905898,36.38855636242383,24314000
2016-06-08,36.86793518066406,36.911603949159,36.512621940075825,36.69772012136151,32314000
2016-06-09,36.84758377075195,36.91755450093546,36.54884233548712,36.57712821423832,19180000
2016-06-10,36.384586334228516,36.70466620393204,36.251592336250305,36.52155194105118,29050000
2016-06-13,36.319576263427734,36.67290555095189,36.21734804431305,36.21734804431305,23354000
2016-06-14,36.38756561279297,36.52403525456602,36.05259880417631,36.1920443132939,26584000
2016-06-15,36.33496856689453,36.581106134974924,36.29129600613086,36.470442478402624,23234000
2016-06-16,35.940940856933594,36.24563784997621,35.50870561856141,36.125047080754804,45002000
2016-06-17,34.94844055175781,35.799012305008986,34.79311239929035,35.799012305008986,82262000
2016-06-20,35.04173278808594,35.525080245589145,35.006003452044006,35.24916511436183,45654000
2016-06-21,35.178199768066406,35.500763296017745,34.968783546156665,35.23625946149615,30318000
2016-06-22,35.257110595703125,35.44270856991521,35.02933178000072,35.43476913677589,29058000
2016-06-23,35.47545623779297,35.4759522156523,34.749939067948674,35.261076433756514,42500000
2016-06-24,34.00307846069336,34.98565599713085,33.98868753111872,34.24971574700766,95436000
2016-06-27,33.80160140991211,33.91028113376816,33.38078125220872,33.86859627887684,58146000
2016-06-28,34.303810119628906,34.37725649246694,33.98571414010763,34.30926966236989,38246000
2016-06-29,34.498836517333984,34.71272035796615,34.37427791659481,34.45268785675434,43124000
2016-06-30,34.91270446777344,34.92461550775341,34.484440867222176,34.62091049089605,42250000
2016-07-01,35.246192932128906,35.35933647243899,34.92263739032194,34.9906242245258,30984000
2016-07-05,34.98019790649414,35.140485835922306,34.69435942841312,34.9861534269257,28440000
2016-07-06,35.182674407958984,35.38266330533006,34.687911825710025,34.72959668732177,28902000
2016-07-07,35.097808837890625,35.24221790279893,34.770781482468266,35.23924203564414,21174000
2016-07-08,35.61986541748047,35.62582093790213,35.13998979962691,35.26157252518358,29946000
2016-07-11,36.08733367919922,36.17318328142322,35.67395695948042,35.70125088593832,28822000
2016-07-12,36.35084533691406,36.50418580345068,36.10222410741208,36.321567496176115,26468000
2016-07-13,36.20048141479492,36.50021866280845,36.17765507248144,36.50021866280845,20436000
2016-07-14,36.51411056518555,36.530981385031104,36.25556222217988,36.421805675635575,21408000
2016-07-15,36.50567626953125,36.772160266630515,36.45654416993109,36.772160266630515,32342000
2016-07-18,37.37759017944336,37.47386290447761,36.54934867182305,36.618823443900226,38698000
2016-07-19,37.38800811767578,37.54581237379083,37.143850707206795,37.21233351393926,30436000
2016-07-20,37.570133209228516,37.74679978175306,37.419768610029756,37.419768610029756,22502000
2016-07-21,37.4376335144043,37.62323146708686,37.29421639831904,37.566159935728116,19062000
2016-07-22,37.6793098449707,37.68774525565149,37.35079073151822,37.58204516795567,20920000
2016-07-25,37.59196853637695,37.706107820917374,37.42076150261181,37.59990796914576,21466000
2016-07-26,37.59841537475586,37.67831324263924,37.35525371220503,37.59196387653886,23792000
2016-07-27,37.81279754638672,37.93586821198578,37.51306410076188,37.66392467239359,32172000
2016-07-28,38.004844665527344,38.16017281469463,37.66987409395257,38.15372131646958,73464000
2016-07-29,39.270286560058594,39.895559434781816,39.203787663469804,39.58639862865845,101810000
2016-08-01,39.74668502807617,40.07172847201896,38.957644831751125,39.038534655865156,60594000
2016-08-02,39.705989837646484,39.81516553779431,39.42858678680272,39.56753630113983,39928000
2016-08-03,39.64643859863281,39.677208154709525,39.353652661568205,39.52485966609494,29206000
2016-08-04,39.56357192993164,39.70996492459635,39.398320415988366,39.612700246767346,21520000
2016-08-05,40.04393768310547,40.05832861288158,39.59135600365888,39.70549527226197,36146000
2016-08-08,39.95957946777344,40.07719059147321,39.78390485601482,39.997788695830934,24426000
2016-08-09,40.07123947143555,40.36154558533973,39.90152036182011,39.922858771747,32154000
2016-08-10,40.12135314941406,40.23995622241922,40.022104571371635,40.04989447611076,18370000
2016-08-11,40.10696029663086,40.388830939512026,39.997784594363246,40.21960784377915,25646000
2016-08-12,40.04989242553711,40.056839901366175,39.88066933035673,39.95262776393017,17946000
2016-08-15,39.99580001831055,40.26377570503471,39.90002329149805,40.057831322105294,18596000
2016-08-16,39.759090423583984,39.911438914089175,39.551158340317876,39.873721881796804,21158000
2016-08-17,39.96900939941406,39.97943250797475,39.51642765181958,39.70004170771051,21322000
2016-08-18,39.836509704589844,40.09704197469958,39.780929890816125,39.966031872791405,17292000
2016-08-19,39.68266677856445,39.7610767148754,39.54520897326724,39.68961425481412,22416000
2016-08-22,39.54867935180664,39.66529851012099,39.41866121935832,39.626093543419316,17056000
2016-08-23,39.53081130981445,39.74965868840932,39.50103749556139,39.72385269680849,18350000
2016-08-24,39.3824348449707,39.62361258679487,39.24149763143552,39.544210699830195,25672000
2016-08-25,39.26829528808594,39.43801435925692,39.06632251340355,39.303032666853056,24054000
2016-08-26,39.363582611083984,39.670267337207996,39.17451280066732,39.32735729276794,24978000
2016-08-29,39.49260330200195,39.626589256355444,39.21966404264613,39.35514171663045,15474000
2016-08-30,39.299068450927734,39.60078958910476,39.17748572103918,39.346708829907826,23348000
2016-08-31,39.196346282958984,39.28169991561743,39.064840202549185,39.18393926316561,21428000
2016-09-01,39.27326202392578,39.3472043740191,39.02166494298614,39.302043884929844,26070000
2016-09-02,39.54470443725586,39.556119499035155,39.365558009988526,39.465306340879856,26998000
2016-09-06,40.09803009033203,40.240451456442116,39.47324943702404,39.62013838991696,39790000
2016-09-07,40.09654235839844,40.22606072875652,39.88464244456871,40.093562705164736,22906000
2016-09-08,39.84096908569336,40.117879954127496,39.75015592048381,39.95907996294997,23554000
2016-09-09,39.128360748291016,39.786886914104414,39.107022339417924,39.63900219966454,37752000
2016-09-12,39.641483306884766,39.70847439668912,38.88122492517434,38.93184495855765,37274000
2016-09-13,39.1402702331543,39.491119699933996,38.922414779621576,39.402786414339865,36180000
2016-09-14,39.22661209106445,39.517913893274326,39.081211071931776,39.081211071931776,25842000
2016-09-15,39.761077880859375,39.88116889209936,39.13728914761188,39.20428402273063,31144000
2016-09-16,39.59929656982422,39.65140453409231,39.38342883090761,39.65140453409231,42612000
2016-09-19,39.47126388549805,39.898039560421246,39.38045072268415,39.755118436304606,22990000
2016-09-20,39.689125061035156,39.83651380716752,39.613694765132486,39.70004414818987,20984000
2016-09-21,39.949649810791016,39.9933223650681,39.503023641281096,39.76256393328359,26970000
2016-09-22,40.49155807495117,40.645890488382086,40.082648925777185,40.196288436832035,35186000
2016-09-23,40.44242477416992,40.543657253656775,40.33176114402102,40.451356160926956,28234000
2016-09-26,39.831539154052734,40.20025511963341,39.72236345726071,40.187352124257245,29454000
2016-09-27,40.23251724243164,40.36948286990305,39.79085458467373,39.79085458467373,27346000
2016-09-28,40.19926071166992,40.208691862652444,39.837991973511556,39.9025031664426,29406000
2016-09-29,39.831050872802734,40.390324651932666,39.74271758545197,40.05882967497996,27000000
2016-09-30,39.901512145996094,40.101501013469054,39.77447366848317,39.87868580693293,33204000
2016-10-03,39.718894958496094,39.87570725530058,39.51295056512413,39.826578944823616,29784000
2016-10-04,39.8384895324707,40.02259953976899,39.683661148855165,39.9481612150694,25174000
2016-10-05,39.761077880859375,40.12185067855309,39.735271886577976,39.997788058157994,24276000
2016-10-06,39.852882385253906,40.04493183353091,39.725347921671634,39.90250667541786,21998000
2016-10-07,39.73527526855469,39.99481559492659,39.54223384507838,39.99431961700133,23262000
2016-10-10,40.40322494506836,40.562520923946174,39.8111977329862,39.89506342743224,29922000
2016-10-11,40.17495346069336,40.68559490941451,40.06577774119929,40.4032282441396,34432000
2016-10-12,40.28412628173828,40.4196001794308,40.124334323432066,40.29355364759973,18158000
2016-10-13,39.90251159667969,40.025582274562886,39.631559985816736,40.00126799740279,27380000
2016-10-14,39.928314208984375,40.20075751665259,39.815170671603966,40.06974741680068,22238000
2016-10-17,40.03947067260742,40.369477678691865,39.89010183027704,39.997289838368275,21128000
2016-10-18,40.7664794921875,41.12973215836576,40.361538183600246,40.40520695133663,45786000
2016-10-19,41.0319709777832,41.178863714771445,40.83545773945552,40.83545773945552,30002000
2016-10-20,40.7734260559082,41.11286041920532,40.719830160100656,41.06769993282552,27878000
2016-10-21,40.894012451171875,40.90542751358719,40.60866996560209,40.692535653018915,32316000
2016-10-24,41.4736328125,41.58280851450001,41.14114592811114,41.19325388991674,28952000
2016-10-25,41.1168327331543,41.610599508196984,40.95554906512244,41.610599508196984,37814000
2016-10-26,40.796749114990234,41.07514791989382,40.5114066201531,41.04586629615009,35898000
2016-10-27,40.56103515625,41.019072643956065,40.4250614886426,40.84191387983384,59470000
2016-10-28,40.67070770263672,41.63541882161264,40.54366542073676,41.18581673495188,87098000
2016-10-31,40.19132614135742,40.823054317799844,40.097041122760764,40.813127187784964,44854000
2016-11-01,39.97198486328125,40.39280887520307,39.61369192991004,40.23946461851519,47118000
2016-11-02,39.12538146972656,40.03550466138214,38.95566238328915,40.03550466138214,47014000
2016-11-03,38.816219329833984,39.2037900978715,38.639552755858325,38.93085080427274,43504000
2016-11-04,38.76213073730469,39.12836312804985,38.260916622036405,38.27580353275179,39412000
2016-11-07,39.800777435302734,39.94816236931584,39.34769976194644,39.44943201577227,39852000
2016-11-08,40.2945442199707,40.49602103004838,39.68117861597495,39.80077743122523,35382000
2016-11-09,39.97744369506836,40.28114876335102,39.30502637761128,39.79085377684538,61970000
2016-11-10,38.721927642822266,40.19926399159507,38.12344893912965,40.19628812436219,118192000
2016-11-11,38.298133850097656,38.57305326503578,37.989961199218286,38.54923496749436,71852000
2016-11-14,37.37857437133789,38.29961656712263,36.90068647707908,38.29862461145487,73766000
2016-11-15,38.467350006103516,38.71944684458934,37.974079200334565,37.98648243293769,58878000
2016-11-16,38.706546783447266,38.881225655855275,38.029165915615934,38.23213067257995,35968000
2016-11-17,39.01322555541992,39.14919921380259,38.70009314493386,38.831599216389655,30674000
2016-11-18,38.50755310058594,39.267807774675674,38.47678732394201,39.06335506675683,36126000
2016-11-21,38.94573974609375,39.032581309353134,38.523923804782555,38.61324904356612,32616000
2016-11-22,38.955657958984375,39.39086903200431,38.89313067868055,39.15366290632493,27884000
2016-11-23,38.65791320800781,39.179969683000955,38.34279309262319,39.179969683000955,26260000
2016-11-25,38.71895217895508,38.85145020792031,38.61771590062323,38.837059277296895,12270000
2016-11-28,38.99486541748047,39.68713313158166,38.61324642739143,38.62565344589951,51508000
2016-11-29,39.175994873046875,39.52336866675731,38.972530375237625,39.123390933103416,31240000
2016-11-30,38.50307846069336,39.27871966712739,38.36760457215831,39.159124641945866,45582000
2016-12-01,37.929908752441406,38.638059090940125,37.38552196581087,38.63557920176285,57342000
2016-12-02,37.936363220214844,38.2361004442691,37.66541164332212,37.80932473476723,34376000
2016-12-05,38.61920166015625,38.70753493652383,38.060919906264076,38.21128448861968,33770000
2016-12-06,38.517967224121094,38.969556970569805,38.37604183061883,38.71696414783872,34682000
2016-12-07,39.276737213134766,39.303035398386605,38.386460726976026,38.705056464199906,40588000
2016-12-08,39.460350036621094,39.65041558282734,39.10007320456806,39.35018236538926,32250000
2016-12-09,40.16899490356445,40.193808941970715,39.60326965993606,39.66530096986102,38090000
2016-12-12,40.092079162597656,40.26328619434512,39.92484374023328,39.9392346718492,32572000
2016-12-13,40.46128463745117,40.90592691181696,40.292561292836965,40.314891655608136,42564000
2016-12-14,40.58782958984375,40.903941647693976,40.33424481733955,40.49006894588856,35994000
2016-12-15,40.4766731262207,40.84141754554619,40.295538968262576,40.56153078021334,35394000
2016-12-16,40.1883430480957,40.65283193926157,40.10298564689639,40.6086671982995,51978000
2016-12-19,40.32035446166992,40.50496047158546,39.92335253407247,40.160562492013334,25272000
2016-12-20,40.4543342590332,40.51835326157836,40.2459099826058,40.36352109473915,25438000
2016-12-21,40.30546569824219,40.48014456958401,39.95312830209719,40.48014456958401,29192000
2016-12-22,40.180416107177734,40.24939490406656,39.99928192853152,40.151634241326214,22632000
2016-12-23,40.08711242675781,40.2444244923585,39.953622443389605,40.097535534257176,15310000
2016-12-27,40.192813873291016,40.49403904001457,39.98786520842909,40.13078256232712,19520000
2016-12-28,39.92681884765625,40.36153392601731,39.82111878444647,40.36153392601731,24296000
2016-12-29,39.84295654296875,39.98537790605941,39.60773431774886,39.81566261717667,21148000
2016-12-30,39.32537078857422,39.86330612904933,39.184929539720855,39.85933451989293,34718000
2017-01-03,40.097537994384766,40.26774928119872,39.54570767929019,39.730805875367494,39180000
2017-01-04,40.08562469482422,40.366503401669846,39.903998354295574,40.19082879563864,30306000
2017-01-05,40.34615707397461,40.38188641152178,39.993819691175254,40.07222584262852,26810000
2017-01-06,40.95109176635742,41.137185714801205,40.27073120045272,40.443922150518084,40342000
2017-01-09,41.04884719848633,41.210127085503736,40.772932060539,41.0086502746762,28178000
2017-01-10,40.990787506103516,41.159514648926965,40.848366123144025,41.04339145364955,23948000
2017-01-11,41.18184280395508,41.18382671550217,40.76549019150774,41.021058888553455,26508000
2017-01-12,41.165470123291016,41.20765096242631,40.74266220393062,41.10839858849833,26990000
2017-01-13,41.235443115234375,41.41954936927965,41.164976386867615,41.238418982873334,25804000
2017-01-17,41.062744140625,41.197722062843404,40.85134019002307,41.18879067470525,28818000
2017-01-18,41.14015579223633,41.179360759784444,40.89500642973119,41.17886478192362,20554000
2017-01-19,40.909393310546875,41.337660685748496,40.8890506480857,41.13915976444253,21410000
2017-01-20,41.09797286987305,41.151072787007934,40.92081034420513,41.14362554729283,26124000
2017-01-23,41.904876708984375,41.95996053865245,41.12427572846027,41.26868478964659,49148000
2017-01-24,42.15796661376953,42.256719213077204,41.79818200283484,42.03142032387728,33768000
2017-01-25,42.600624084472656,42.61749490502919,42.16838881561796,42.35746240353827,33108000
2017-01-26,42.52767562866211,42.727168547541666,42.20709973472634,42.63039984864351,69866000
2017-01-27,41.93465042114258,43.024911949179725,41.77932606162762,42.62791386592172,75050000
2017-01-30,40.88260269165039,41.54757648162101,40.74364938443711,41.5391410720008,70338000
2017-01-31,40.70196533203125,40.844886464904974,40.36501084360784,40.66772392892892,40404000
2017-02-01,40.456321716308594,40.891036827172215,40.307941048389026,40.891036827172215,45020000
2017-02-02,40.6061897277832,40.91882995126663,40.29802087738559,40.444413859380475,33784000
2017-02-03,40.69898986816406,40.996739391700366,40.660280877807196,40.84786652297752,30562000
2017-02-06,40.77293395996094,40.81114318799051,40.40918150334489,40.738196577165525,27018000
2017-02-07,41.15057373046875,41.28406749235418,40.8558038752445,40.965475556248926,33332000
2017-02-08,41.182838439941406,41.39970195074462,40.946128239712216,41.215095935918,26044000
2017-02-09,41.191768646240234,41.28704941155029,41.01510585556502,41.27464239144694,23884000
2017-02-10,41.429473876953125,41.543609373344424,41.21410209588038,41.335185069080474,28302000
2017-02-13,41.6334342956543,41.7713918757338,41.498948560926706,41.570903218410955,25914000
2017-02-14,41.686527252197266,41.784287897768046,41.47810296426607,41.67362425540763,27266000
2017-02-15,41.55204772949219,41.7728790491817,41.497459871942795,41.6259862972604,27144000
2017-02-16,41.792724609375,41.81852681532986,41.54906319064616,41.61059851762846,20102000
2017-02-17,42.01008224487305,42.02943673981585,41.674119712939536,41.75004597303008,29224000
2017-02-21,42.14506149291992,42.29046250632525,42.01007980012941,42.081542255291,25206000
2017-02-22,42.248779296875,42.36936627888974,42.01802086777558,42.082039871822275,24488000
2017-02-23,42.230918884277344,42.31131274138539,41.80910669560517,42.23489049377656,27734000
2017-02-24,42.072608947753906,42.09990287422303,41.83192717418725,42.064669515959515,26924000
2017-02-27,42.164913177490234,42.21453746500001,41.834410197870355,41.93068290579729,20206000
2017-02-28,41.929691314697266,42.12323249149809,41.75650037607216,42.04978611561516,27662000
2017-03-01,42.51626205444336,42.578293365415064,42.13265912497911,42.24977427038242,36374000
2017-03-02,42.173851013183594,42.503362087487744,42.1177752189755,42.49442691266288,25018000
2017-03-03,42.1356315612793,42.22198092615547,41.918771872526854,42.12868408530492,20100000
2017-03-06,42.045814514160156,42.128688256208726,41.74310140841063,42.02546806207148,20958000
2017-03-07,42.23835754394531,42.346541296992676,41.95897055967206,42.04531614208958,20774000
2017-03-08,42.36192321777344,42.525190799363294,42.243320146074254,42.33611722477396,20576000
2017-03-09,42.570350646972656,42.7127758107629,42.31378998986484,42.36441002388779,26954000
2017-03-10,42.74750900268555,42.887450477189084,42.55893519659828,42.81152421968965,26732000
2017-03-13,42.904823303222656,43.03136581030742,42.71823339876589,42.71872937663826,23332000
2017-03-14,42.970829010009766,43.053702753161105,42.68399476535968,42.86363720517168,21234000
2017-03-15,43.093894958496094,43.16783731166957,42.74205354116831,43.071564595003146,26658000
2017-03-16,43.17379379272461,43.30827952674878,43.05072312269309,43.20009576604366,22090000
2017-03-17,43.291404724121094,43.39313698551303,43.09290376645389,43.3564119041769,37366000
2017-03-20,43.07007598876953,43.19066297862106,42.909292073603915,43.147986163876745,30844000
2017-03-21,42.188236236572266,43.34598864129953,42.066653511858306,43.17676553963307,50760000
2017-03-22,42.17136764526367,42.44678681434154,42.03241432992479,42.15548499471337,27334000
2017-03-23,41.66767120361328,41.76890748635961,41.337667954548785,41.75402057720973,65754000
2017-03-24,41.44386291503906,41.88354163163041,41.14412947013777,41.78428926311717,42114000
2017-03-27,41.61109924316406,41.753524407412854,40.90592847074578,41.09400631803227,38692000
2017-03-28,41.716304779052734,41.95301494948104,41.301436329331494,41.669656356765074,30384000
2017-03-29,42.17483901977539,42.26019264790651,41.75352284968886,41.82150967990313,29146000
2017-03-30,42.155479431152344,42.28053399097135,42.020997506696666,42.27954203533488,18988000
2017-03-31,42.072113037109375,42.159454359168194,41.94507455601519,42.023976682319145,28820000
2017-04-03,42.51626205444336,42.627917656974276,42.058716772484146,42.11926014978814,39388000
2017-04-04,42.3088264465332,42.3301648523948,42.05772156861287,42.08203962767055,26970000
2017-04-05,42.127201080322266,42.706821307190836,42.058222290357286,42.41502728212904,37104000
2017-04-06,41.93812561035156,42.35944174794427,41.88353775923895,42.15647322871163,30672000
2017-04-07,41.789249420166016,41.9768312701363,41.55105132734069,41.93316250320609,22232000
2017-04-10,41.7693977355957,42.01951064771954,41.72424103644036,41.76145830421071,20924000
2017-04-11,41.67908477783203,41.9148029984923,41.41706458510465,41.769401971392014,19486000
2017-04-12,41.75749206542969,41.8696436369159,41.56544262705152,41.60861541652074,22716000
2017-04-13,41.693965911865234,41.87013647365477,41.57834250410502,41.7366427202831,21474000
2017-04-17,42.43586349487305,42.46117350877903,41.73614856742474,41.753519149893044,20982000
2017-04-18,42.37929916381836,42.548022523201205,42.24332549159694,42.30734071824727,18724000
2017-04-19,42.50434875488281,42.68746302464382,42.35646405774925,42.54801752336051,21606000
2017-04-20,42.681514739990234,42.87256845708981,42.55348050529568,42.66464013301642,23776000
2017-04-21,42.62543487548828,42.79862960082511,42.56489528300526,42.708308617818545,23458000
2017-04-24,43.61693572998047,43.66805173277679,42.98074386168355,43.09637105414334,33930000
2017-04-25,44.108726501464844,44.277945815648785,43.634310433362856,43.78219134157877,40760000
2017-04-26,44.123619079589844,44.31467658823856,43.9256140940101,44.23527468840342,26466000
2017-04-27,44.23774719238281,44.33401989750991,44.02634705224293,44.16628852333417,46846000
2017-04-28,45.87934875488281,46.444078228433774,45.814833772687244,46.10166798930321,76918000
2017-05-01,46.29123306274414,46.4401097113339,45.69474208486865,45.86098553034263,46556000
2017-05-02,46.503135681152344,46.795925430806086,46.20091856573446,46.31356990747987,35026000
2017-05-03,47.06687545776367,47.15371701656006,46.40984109093424,46.45152594781824,36496000
2017-05-04,47.37802505493164,47.59736842959079,47.0132806556512,47.158185702399734,38752000
2017-05-05,47.15768814086914,47.56262945078794,47.04950439079089,47.477272040361875,32310000
2017-05-08,47.57503890991211,47.68917440011859,47.014769422210726,47.01725309770915,37534000
2017-05-09,47.476776123046875,47.74921941001433,47.36214466069312,47.70604661993539,33758000
2017-05-10,47.38398361206055,47.47678069939129,47.135858360518014,47.4524664237961,22920000
2017-05-11,47.43608474731445,47.54030067802731,47.074815979290726,47.20780998489091,20622000
2017-05-12,47.398868560791016,47.539802001668946,47.246024078515006,47.5333542891766,24298000
2017-05-15,47.60133743286133,47.77403238912884,47.283737426252316,47.40631211349413,26754000
2017-05-16,47.86881637573242,47.93283159665836,47.65741621748658,47.8162162181547,22030000
2017-05-17,46.75522994995117,47.68917138623922,46.650518046111664,47.62515616874931,48982000
2017-05-18,47.16860580444336,47.35122408833866,46.71056458900086,46.806341317609295,36010000
2017-05-19,47.37455368041992,47.618215137100144,47.24304759660105,47.283740502367316,27206000
2017-05-22,47.842018127441406,47.8792391845147,47.46933429537857,47.49116868009444,27748000
2017-05-23,48.1635856628418,48.360098894756774,47.86335248663909,48.134307826405326,30908000
2017-05-24,48.51394271850586,48.53924894808386,48.21718515109815,48.39732355580964,22660000
2017-05-25,49.22110366821289,49.41563681431069,48.52436825608297,48.58292772691255,39082000
2017-05-26,49.29106903076172,49.44589741082595,48.99778332544321,49.228041984179605,32728000
2017-05-30,49.43498611450195,49.50694455963105,49.196292008789854,49.2528637801841,30324000
2017-05-31,48.9843864440918,49.60519549656907,48.7159147636656,49.43696813545812,34482000
2017-06-01,49.0439338684082,49.28461562464684,48.69655630325718,49.17643188227209,26128000
2017-06-02,49.4324951171875,49.45036167649829,48.98338910628577,49.0588193798922,34710000
2017-06-05,49.81759262084961,49.992271484562316,49.39925232202065,49.520339072768635,27578000
2017-06-06,49.46029281616211,50.052320036613125,49.366999754627315,49.78930788618503,31042000
2017-06-07,49.699485778808594,49.81908081046018,49.42009500491669,49.57988696106635,27482000
2017-06-08,49.83744430541992,49.902947461120334,49.4573170101493,49.83496062990177,33758000
2017-06-09,48.14225387573242,49.897989138965876,47.31103277630268,49.89749316106592,72958000
2017-06-12,47.7298698425293,48.037050541631245,46.488747598423146,47.57652937497774,84042000
2017-06-13,48.161109924316406,48.52883019214543,47.739789971222606,48.23753216399073,40108000
2017-06-14,48.033573150634766,48.61766094460404,47.61572881591536,48.40923664817949,30110000
2017-06-15,47.64897155761719,47.673785592975555,46.66590187148568,47.04553313870927,48552000
2017-06-16,47.571563720703125,47.6375666404689,47.07928484519663,47.53633036033255,51184000
2017-06-19,48.39534378051758,48.59781256489888,48.046974196261225,48.11892885428555,29376000
2017-06-20,48.086181640625,48.67175742361029,48.04697666708339,48.399810070684495,25946000
2017-06-21,48.56257247924805,48.61021285475798,48.1089988492639,48.175497741058905,23232000
2017-06-22,48.46481704711914,48.65736248122,48.30055749744032,48.477220280604165,20190000
2017-06-23,48.93476104736328,48.96106301777214,48.35762077628013,48.40923276139795,31280000
2017-06-26,48.24000930786133,49.32679899354548,48.152667987737004,49.12879403624945,30358000
2017-06-27,47.049015045166016,47.99834329819968,46.99939074992706,47.719452260136634,48872000
2017-06-28,47.69016647338867,47.800830118697014,46.45698372447624,47.17654919401256,54912000
2017-06-29,46.539363861083984,47.226175894953286,46.13144664128115,47.210793007621085,64134000
2017-06-30,46.135414123535156,46.89566868069941,46.13193849239863,46.84554841383085,45754000
2017-07-03,45.62824249267578,46.361702853437265,45.42229810592332,46.31108282492581,33896000
2017-07-05,46.26344299316406,46.46343186208333,45.587054150990404,45.863465255325515,41882000
2017-07-06,46.036659240722656,46.455991500775355,45.647600561797674,45.90316925530482,40298000
2017-07-07,46.687744140625,46.87880164410643,46.14087360344202,46.20042502670777,33266000
2017-07-10,47.19342041015625,47.29912427752377,46.744314326588245,46.744314326588245,29030000
2017-07-11,47.318965911865234,47.38645675818733,46.90162138808365,47.16959707594584,29224000
2017-07-12,48.020179748535156,48.117940409435576,47.49316342554158,47.68272922588329,32042000
2017-07-13,48.07923126220703,48.568038312775265,47.87825041335133,48.17599995928907,30492000
2017-07-14,48.479209899902344,48.51047165293816,48.14374331061589,48.334800818602595,21592000
2017-07-17,48.432064056396484,48.798792387823354,48.17599937427766,48.44993061909397,33210000
2017-07-18,48.977439880371094,49.17097726036958,48.237531763888754,48.30303491759887,28266000
2017-07-19,49.266258239746094,49.406695699521066,48.98041596928831,49.129292625079735,28242000
2017-07-20,49.23747634887695,49.559540148205805,48.86181286451785,49.47617043256222,28368000
2017-07-21,49.319358825683594,49.38238209117647,48.83948319000982,49.079173018907035,29266000
2017-07-24,49.54118347167969,49.9322298586571,49.14219765232108,49.33226319593974,79690000
2017-07-25,48.088157653808594,48.47026883727376,47.82861736411109,48.17103138870945,118672000
2017-07-26,47.9035530090332,48.332312625528374,47.65145995228316,48.27425292612219,44432000
2017-07-27,47.26835250854492,48.11247654391243,46.501646453008206,48.095601938273454,74358000
2017-07-28,47.55717086791992,47.728873861858474,46.9110517937302,47.04404958365928,36276000
2017-07-31,46.92048645019531,47.699103608517916,46.73339677016054,47.640048163224336,45670000
2017-08-01,46.973079681396484,47.36660590772958,46.89368158160399,47.03511098495856,28052000
2017-08-02,47.02667999267578,47.09913440965353,46.276348759406865,47.062905308119326,40788000
2017-08-03,46.66243362426758,47.14379721210253,46.619756808457645,47.09913648469887,22478000
2017-08-04,46.934871673583984,47.021713229165776,46.63761814383565,46.84355874523583,25092000
2017-08-07,46.932891845703125,47.09219162613531,46.82123623489562,47.02072915778932,28916000
2017-08-08,46.85546875,47.2673575158772,46.770611107665175,46.86043231440909,30102000
2017-08-09,46.65151596069336,46.834134256424264,46.34582321666199,46.57062613425784,28018000
2017-08-10,45.83319854736328,46.46393096744499,45.743377331854624,46.39941976819309,54148000
2017-08-11,46.155757904052734,46.31802973618093,45.715583254611374,45.839149885156594,32334000
2017-08-14,46.59444046020508,46.69914857390887,46.37410514833401,46.60138793592993,23012000
2017-08-15,46.55226516723633,46.799894433640944,46.480806490160866,46.6986581527084,22130000
2017-08-16,46.85944747924805,47.138834484661764,46.64953145566643,46.70957885726091,26906000
2017-08-17,46.03517150878906,46.83661497486895,46.034179553024906,46.7939381604659,33914000
2017-08-18,45.961727142333984,46.201912960923664,45.82625323888696,46.00142809117825,26748000
2017-08-21,45.698219299316406,46.06445165745796,45.58557173698597,45.941384772990816,26024000
2017-08-22,46.667396545410156,46.74481074349614,45.96123003833307,46.00043500831304,35502000
2017-08-23,46.775577545166016,46.9170069577444,46.41132913140807,46.4986666682668,22690000
2017-08-24,46.49321365356445,46.96067849552437,46.18801687615159,46.83165609407696,25892000
2017-08-25,46.176109313964844,46.68377107831637,46.15625884016076,46.608340792297135,23746000
2017-08-28,46.058494567871094,46.39197341493008,45.95825025095941,46.244588485793926,20988000
2017-08-29,46.4366340637207,46.55772080838012,45.62079972213167,45.652561234887216,23172000
2017-08-30,46.82768249511719,46.938346137692044,46.35227445491065,46.432668303021586,22406000
2017-08-31,47.403831481933594,47.50109615115193,46.95770127435581,46.96018116374227,33866000
2017-09-01,47.24254608154297,47.55717020443395,47.157688434535075,47.51449339200041,20858000
2017-09-05,46.72099304199219,47.212775951268085,46.42919523611651,46.98797302251831,29148000
2017-09-06,46.7477912902832,46.870858173291566,46.28429047651146,46.839596421161126,27830000
2017-09-07,47.13833236694336,47.16860594579651,46.52496679139255,46.85844942007741,22332000
2017-09-08,46.71751403808594,47.178531140047454,46.64803927648587,47.1289068512032,19998000
2017-09-11,46.810813903808594,47.276790814477344,46.697170602509935,47.004847270954606,26748000
2017-09-12,46.9775505065918,47.049009179940434,46.52348087888303,46.990949481105986,25696000
2017-09-13,47.16563034057617,47.28522916054444,46.88276771628767,46.92048475210786,21908000
2017-09-14,46.653995513916016,47.04603383816455,46.566158211796534,46.94529353925096,28548000
2017-09-15,46.4138069152832,46.73438654606956,46.21332207136566,46.652008791571085,39886000
2017-09-18,46.138885498046875,46.49171884616448,45.92301776072743,46.399913723137225,29474000
2017-09-19,46.49171829223633,46.54531418905626,45.985544497834866,46.32051506686896,24854000
2017-09-20,47.02172088623047,47.14379960507572,46.523486452377355,46.534901516802314,40080000
2017-09-21,47.02220916748047,47.28274140618764,46.61677567697785,47.05099481279299,27414000
2017-09-22,46.80931854248047,47.14379313555057,46.6892275379007,46.78500426928739,21496000
2017-09-25,46.363685607910156,46.63513313772302,45.87884645687278,46.62024623068184,37468000
2017-09-26,46.5200080871582,46.8500151193324,46.40537661608518,46.48328679251417,33454000
2017-09-27,47.63508224487305,47.90950945539698,46.74431354698791,46.783518515945815,46692000
2017-09-28,47.878746032714844,47.94672908024382,47.41921682644762,47.45395421011204,28018000
2017-09-29,48.32090377807617,48.424619949286125,47.93779682281616,47.93779682281616,40622000
2017-10-02,48.01074981689453,48.5203993123257,47.73681856095381,48.41668313550626,30782000
2017-10-03,48.2395133972168,48.257379957979765,47.77452848652746,48.015206469392695,21666000
2017-10-04,47.97650909423828,48.35465251031311,47.91844560185341,48.22364240161504,21156000
2017-10-05,48.890098571777344,48.95560551159922,48.149694477185655,48.27474905020129,35618000
2017-10-06,49.3094367980957,49.340206360252274,48.55860950507318,48.632551863744006,31060000
2017-10-09,49.243431091308594,49.64787264414547,49.203234167739055,49.37692107258531,25910000
2017-10-10,49.01962661743164,49.49950230223736,48.687635649806694,49.39181451394313,23268000
2017-10-11,49.90542984008789,50.00071059689556,49.02656840811587,49.08115626282671,36300000
2017-10-12,49.90542984008789,50.19771982285468,49.67963496706493,49.81560862596943,30614000
2017-10-13,50.01559829711914,50.35751257519346,49.975401372258496,50.07713362911123,26552000
2017-10-16,50.08904266357422,50.22054874228806,49.70047994830035,50.10293761690179,21420000
2017-10-17,50.170921325683594,50.34758788475635,49.92527976825698,49.99425855270142,20260000
2017-10-18,50.25727081298828,50.434429564257954,49.88905078577245,50.17340512014817,25596000
2017-10-19,49.71635055541992,49.98829784202451,49.49105547221153,49.8607596076791,34284000
2017-10-20,49.87665557861328,50.0543103363377,49.73770224521082,49.9749122176275,32120000
2017-10-23,48.907466888427734,49.912374798986946,48.78638014398963,49.8821012198322,32786000
2017-10-24,49.053863525390625,49.09207653905142,48.48764229958939,48.95511092107929,28902000
2017-10-25,49.20125198364258,49.3486369224814,48.51940355088725,48.94369559147272,30574000
2017-10-26,49.19926452636719,49.948107837748644,49.15212012471834,49.54912202546478,47396000
2017-10-27,51.295921325683594,52.78219286366731,50.95747889494824,51.162927318854706,103682000
2017-10-30,51.269126892089844,51.60161380045673,50.733175472396844,51.07211387922484,46804000
2017-10-31,51.2646598815918,51.65967408142236,50.930185271874535,51.26267597007089,30326000
2017-11-01,51.73907470703125,52.00010293707846,51.31229900287452,51.42743023180678,43262000
2017-11-02,51.75743103027344,51.88397731641103,51.04729676707602,51.609550124629344,26694000
2017-11-03,52.105804443359375,52.13905389188489,51.493430775303956,51.74651958031252,27770000
2017-11-06,51.743045806884766,52.23483250380962,51.70930037926595,52.06164156462021,18294000
2017-11-07,52.22489929199219,52.27551932057107,51.75892243055798,52.08892564155223,26104000
2017-11-08,52.51769256591797,52.73604019981871,51.959906760843886,52.108779631309304,24276000
2017-11-09,51.9931526184082,52.14996491013847,51.404101317421436,52.00704757013572,35892000
2017-11-10,51.81599807739258,51.939068750545616,51.67059703968356,51.802103123523395,19442000
2017-11-13,51.66960144042969,52.04377321267855,51.573328725968764,51.649750966860445,18814000
2017-11-14,51.691436767578125,51.72419023886882,51.08055102110331,51.49690742358137,21012000
2017-11-15,51.43189239501953,51.59168434353382,51.15150967877325,51.36192165694365,18106000
2017-11-16,52.03036880493164,52.19363637737985,51.51079605947761,51.54801332722722,23768000
2017-11-17,51.406089782714844,52.15592505067583,51.29890176821728,52.09637741576298,26712000
2017-11-20,51.345054626464844,51.54553949020224,51.24679421310627,51.41154973839089,17526000
2017-11-21,52.12118911743164,52.125656704610606,51.56737489523608,51.61203562266244,22206000
2017-11-22,52.20158004760742,52.37576293256396,51.96982965480921,52.16386301287419,14538000
2017-11-24,52.42985153198242,52.606022103501324,52.20157678464002,52.324151460725304,16492000
2017-11-27,53.198543548583984,53.249659556822905,52.343008243811624,52.531585840905464,35430000
2017-11-28,52.76582336425781,53.595056812005375,52.33160415397536,53.29681127567385,36424000
2017-11-29,51.48003005981445,52.54150977079057,51.09642714917222,52.41297956805976,55866000
2017-11-30,51.419986724853516,51.815500707675014,51.117277401457855,51.607076405235695,45092000
2017-12-01,50.8691520690918,51.473086567299426,50.463714742743875,51.13414814090085,37762000
2017-12-04,50.21409225463867,51.18029496499004,50.08258618899026,51.00462036816599,38778000
2017-12-05,50.59770202636719,51.44529799637257,49.74018271194746,50.170430302905835,38998000
2017-12-06,51.24878692626953,51.58921330980096,50.38481228974924,50.44485969499651,28710000
2017-12-07,51.83683395385742,52.05270168945246,51.37978846771622,51.41502182585161,30866000
2017-12-08,52.075538635253906,52.42489639523366,51.90085596917304,52.196125633274534,31170000
2017-12-11,52.204063415527344,52.40405230745998,51.814508739827055,52.16138659924124,23254000
2017-12-12,52.04526138305664,52.726613841709394,51.85172399748962,52.10630073768928,33882000
2017-12-13,52.1752815246582,52.378246283905405,51.93658363979962,52.20952293046763,27680000
2017-12-14,52.47699737548828,52.95389333302223,52.2849479356192,52.37874075521263,30962000
2017-12-15,53.19804763793945,53.35933130860984,52.60701618899297,52.7901304576841,63760000
2017-12-18,53.84764099121094,53.917115750781115,53.11716027393845,53.41887760717587,30292000
2017-12-19,53.58412551879883,53.84168187594953,53.21144173124198,53.74491319686013,26350000
2017-12-20,53.27546691894531,53.65609018183929,53.02932559511545,53.64070729562258,28728000
2017-12-21,53.140987396240234,53.47198640792185,53.049182260006255,53.366286317465715,25640000
2017-12-22,53.042232513427734,53.18415791715682,52.98168913373847,53.098804283755854,17788000
2017-12-26,52.89285659790039,53.04222923320552,52.535059671069966,53.03131014770581,18376000
2017-12-27,52.61247253417969,53.012950051016446,52.522155343473464,52.93007631438394,22324000
2017-12-28,52.40156936645508,52.84273600720423,52.27403111683675,52.714205801835746,19884000
2017-12-29,52.2750244140625,52.505782858979245,52.24028703146211,52.378744370066606,23606000
2018-01-02,53.25809860229492,53.39556020053394,52.25617025270984,52.25617025270984,31766000
2018-01-03,54.1667366027832,54.3940194302641,53.269020357157316,53.29383061133403,31318000
2018-01-04,54.377140045166016,54.79002080218762,54.30270550308476,54.44314296338079,26052000
2018-01-05,55.09819412231445,55.26146171123271,54.67687795009025,54.75875973348972,30250000
2018-01-08,55.292720794677734,55.53836613302585,55.08380053427195,55.13342482258022,24644000
2018-01-09,55.222251892089844,55.50263459976359,54.99447312387298,55.50263459976359,26808000
2018-01-10,55.09074783325195,55.221757922731676,54.78505888649609,54.934923706652604,20734000
2018-01-11,55.18553924560547,55.32448878356856,54.9091281034237,55.19844224357218,22424000
2018-01-12,56.10856246948242,56.14081617656425,54.985051398298886,55.08876756824838,38586000
2018-01-16,56.11103820800781,57.01322191950671,55.910553359462554,56.587934163341046,36462000
2018-01-17,56.527889251708984,56.538804550276275,55.753240015475136,56.39191560177984,27830000
2018-01-18,56.37256622314453,56.60183294694647,55.80138143213378,56.54029761440659,27498000
2018-01-19,56.74623489379883,56.760129845011754,56.20036018782389,56.47478736732425,30552000
2018-01-22,57.77149963378906,57.906481347709565,56.662875417430044,56.762127791221864,29550000
2018-01-23,58.36749267578125,58.48361586672038,57.92483808376147,58.09207350050602,39138000
2018-01-24,58.12531661987305,58.90740931133954,57.932275229255815,58.80468510693005,37128000
2018-01-25,58.66374969482422,58.805678869563444,58.15261233236536,58.592787000499854,29984000
2018-01-26,58.93272018432617,58.93272018432617,57.96354533212695,58.931232250686385,42170000
2018-01-29,58.879127502441406,59.45080826013059,58.75903270702499,58.954557786460356,31494000
2018-01-30,58.427040100097656,58.9510804641053,58.28511092397453,58.44441068350131,37338000
2018-01-31,58.667724609375,58.871189124546724,58.16551860611946,58.74662673993285,36022000
2018-02-01,58.63645553588867,58.92726136028972,58.029541444345845,58.35855649396602,73514000
2018-02-02,55.540348052978516,56.14081062798635,55.14185825504949,55.94826521593821,117842000
2018-02-05,52.72114944458008,55.33142780606037,52.440770521920605,54.61781792015527,83550000
2018-02-06,53.81488800048828,53.961280974732674,51.11429238235661,51.31130538623033,76630000
2018-02-07,52.37477111816406,53.91910234091689,52.335566149712285,53.84168814584848,51942000
2018-02-08,50.00765609741211,52.79757316754465,49.858283469667874,52.59609636260182,66792000
2018-02-09,51.921199798583984,52.19165540867319,49.476172649737094,50.909344316180636,98360000
2018-02-12,52.33259201049805,52.878962767049636,51.8824939696113,52.43730013636036,56240000
2018-02-13,52.311744689941406,52.66309009287061,51.953451811130186,52.106296280534515,31586000
2018-02-14,53.232784271240234,53.370245858338976,52.0963740689642,52.320677213428844,41304000
2018-02-15,54.158790588378906,54.294764243227036,52.96133723775234,53.76625629569793,37396000
2018-02-16,54.36424255371094,54.99993855138818,54.168221490455714,54.259034663539495,39948000
2018-02-20,54.765708923339844,55.39594538576637,54.09130392551664,54.22826954668161,33754000
2018-02-21,55.2698974609375,56.38398115658834,54.960236887413046,55.03914280401336,41486000
2018-02-22,55.07883834838867,55.85100395495353,54.843120133455834,55.53886350117299,28010000
2018-02-23,55.98152160644531,56.026682098026,55.006391193169385,55.5135569921039,25292000
2018-02-26,56.75616455078125,56.78097480128656,56.04354661241557,56.168601178902755,30912000
2018-02-27,55.45648956298828,56.783465192050166,55.420760223493645,56.75617126300313,42964000
2018-02-28,54.78208541870117,55.959688423416,54.73643273432952,55.67930567388649,49292000
2018-03-01,53.16876983642578,55.14682419570041,52.964313375252146,55.060974592776226,55338000
2018-03-02,53.80050277709961,53.93697242268826,52.11176237540531,52.50230900743212,50162000
2018-03-05,54.327518463134766,54.64611043461338,53.21145082107033,53.50225667192004,28648000
2018-03-06,54.63220977783203,54.86693981283799,54.31460979530824,54.69176119433916,23382000
2018-03-07,55.33391571044922,55.39148322292727,54.086837938001295,54.2312470179709,30748000
2018-03-08,56.04553985595703,56.14776430734299,55.44110560536582,55.44110560536582,33862000
2018-03-09,57.60673522949219,57.61467466095469,56.289190932292925,56.547735470066755,42662000
2018-03-12,57.85932922363281,58.46624330520455,57.52535061486802,57.81565667055498,44306000
2018-03-13,56.568084716796875,58.458305561520525,56.30308866796422,58.15211684765045,43140000
2018-03-14,57.01371765136719,57.553140888449946,56.68917019177097,56.86037720198948,41870000
2018-03-15,57.09906768798828,57.689110917346184,56.35717573842854,57.04745949228501,33382000
2018-03-16,56.29564666748047,57.40675068592315,56.143794144320694,57.33430005554553,58656000
2018-03-19,54.591026306152344,55.548786060621794,54.03770431650665,55.468891977817584,63656000
2018-03-20,54.37913131713867,54.86297480292346,53.71514562662256,54.50815372262069,54598000
2018-03-21,54.2898063659668,55.01929521895213,53.95285184678439,54.21884366396185,44898000
2018-03-22,52.26261901855469,53.78957964222537,52.08843234878068,53.59554628557859,69312000
2018-03-23,50.94259262084961,52.93900961222988,50.85922290334337,52.17428743778185,49880000
2018-03-26,52.309268951416016,52.566329384144204,50.15008398584677,52.13607800593,65984000
2018-03-27,49.96944808959961,52.827852036652054,49.506943016228995,52.79609052042724,60816000
2018-03-28,49.88210678100586,50.8651804175994,48.831050096900356,49.7198349266751,77698000
2018-03-29,51.46811294555664,52.00952383343392,49.82552531699873,50.1813382808576,69338000
2018-04-02,50.25181198120117,51.58672696755063,49.33970488229298,50.99569171418106,65068000
2018-04-03,50.552040100097656,50.86567226945512,49.48857648250298,50.42648955121837,51322000
2018-04-04,51.099403381347656,51.249767958339014,49.45185210452574,49.53720572466153,50724000
2018-04-05,51.244808197021484,51.943031453160124,50.816048581015046,51.927152589186726,35836000
2018-04-06,50.11882019042969,51.411550611883996,49.93520614397591,50.77138701791852,40134000
2018-04-09,50.62201690673828,51.837829076941425,50.57784837233873,50.61953323122258,33220000
2018-04-10,51.43636703491211,51.67010136246143,50.389774115194186,51.12670643855783,36620000
2018-04-11,50.86865234375,51.4050997727002,50.57785027638551,51.213050313437314,34060000
2018-04-12,51.475563049316406,51.84080342477513,50.91778103567387,51.18674869899539,32896000
2018-04-13,51.413536071777344,52.254184558202375,51.12124606564996,51.951971207739305,25410000
2018-04-16,51.91276168823242,52.17726176373882,51.30832746807676,51.88546776108672,29776000
2018-04-17,53.563289642333984,53.84317639363368,52.45814113987707,52.66210162928209,54584000
2018-04-18,53.36627960205078,53.69429891878459,53.12460586736447,53.5459220284732,31126000
2018-04-19,54.06401443481445,54.463992245244505,53.050174954323765,53.050174954323765,39884000
2018-04-20,53.462059020996094,54.327021748971184,53.20301468966142,53.80695296082263,42434000
2018-04-23,53.287872314453125,53.99205491089215,52.93404698665616,53.74293392362876,69590000
2018-04-24,50.748558044433594,52.825365050270115,50.263226659685515,52.56284888476104,128220000
2018-04-25,50.76593017578125,51.41502514411271,50.469168811542865,51.10139295954509,57860000
2018-04-26,51.77430725097656,52.20654249096749,50.63987715748192,51.27358920536428,50926000
2018-04-27,51.185752868652344,52.19066082381925,50.99420318654068,51.88497186815947,40746000
2018-04-30,50.547080993652344,51.5291588217463,50.53318604113238,51.333141552859146,34492000
2018-05-01,51.64727020263672,51.69590254049094,50.15157119900512,50.4339378597422,35326000
2018-05-02,50.917781829833984,51.80755857112997,50.77436471513222,51.31230005016539,34698000
2018-05-03,50.930179595947266,51.14803501599034,50.01658465629287,50.884030941685005,39282000
2018-05-04,52.15591812133789,52.19959067204122,50.520773904358805,50.59818809111484,36892000
2018-05-07,52.57575225830078,52.85067544475037,52.11969870907081,52.2993411382258,34400000
2018-05-08,52.53257751464844,52.862088543844074,52.18768359971397,52.83181496413261,26030000
2018-05-09,54.03919219970703,54.28980110521576,52.707256903428735,52.80601328926523,47160000
2018-05-10,54.8589973449707,55.054522416158676,54.28384476641588,54.33942457481275,36414000
2018-05-11,54.75528335571289,55.03467412844142,54.449594397395124,54.60789841925767,30504000
2018-05-14,54.91508483886719,55.488253588685275,54.82575959304547,54.86396882378479,39338000
2018-05-15,53.836727142333984,54.54388561127285,53.534510015766045,54.43371794094132,35738000
2018-05-16,53.798011779785156,54.308656930960375,53.6759368683171,53.847639852220205,25628000
2018-05-17,53.65757751464844,54.14092498301683,53.41739171406392,53.66750464416077,25738000
2018-05-18,53.080936431884766,53.28390497437442,52.834798881924954,52.9003020391115,35482000
2018-05-21,53.79404830932617,54.255065425365196,53.49580280320083,53.545427093560406,25180000
2018-05-22,53.362308502197266,54.180626558439414,53.210951957145525,54.08137797870641,22226000
2018-05-23,53.89081573486328,53.99205201080423,52.94793909581521,53.09879966095015,23740000
2018-05-24,53.865509033203125,53.94838277494362,53.21294220727915,53.937467475138334,20604000
2018-05-25,53.79751968383789,54.0699629796909,53.72407709774085,53.9200943680781,22224000
2018-05-29,53.003021240234375,53.661547311615664,52.755391993922906,53.396547482289485,36076000
2018-05-30,53.46949768066406,53.54492796055853,52.927590769477206,53.27149272267977,28686000
2018-05-31,54.58755111694336,55.083801581642845,53.495801609040726,53.69429876604806,79368000
2018-06-01,56.324424743652344,56.4812408210961,55.18354319903481,55.22622379588706,63202000
2018-06-04,57.21966552734375,57.45885937837239,56.4236778223204,56.49811615122291,44754000
2018-06-05,57.11941909790039,57.61964116647464,56.94275632709376,57.30005726377672,32964000
2018-06-06,56.91744613647461,57.30253697655367,56.38993392889462,57.20626426653391,34934000
2018-06-07,56.29564666748047,56.86385179160158,55.88375786737696,56.799836571157144,36108000
2018-06-08,56.21078872680664,56.51201009610915,55.74034046530058,56.136350399231766,27284000
2018-06-11,56.617210388183594,56.95664853332132,56.14577398873393,56.22219622265105,24796000
2018-06-12,56.97898483276367,57.0067747389026,56.62317180973507,56.62317180973507,26092000
2018-06-13,56.78246307373047,57.34868804339596,56.7402822401383,57.18194483432741,34302000
2018-06-14,57.57051467895508,57.86230868631221,57.09857847787727,57.17847634912753,35422000
2018-06-15,57.52882385253906,57.75908250447119,57.251916782394005,57.5610775555466,44438000
2018-06-18,58.73521041870117,58.76250434434158,57.11842488006886,57.20229056835582,33038000
2018-06-19,58.492549896240234,58.69700258155135,57.64495397925193,58.06676613316014,47282000
2018-06-20,58.7595329284668,59.62400349681994,58.6583004293575,58.72132369886806,51686000
2018-06-21,58.03351593017578,59.07018163238132,57.737750312571556,58.830991567764976,44966000
2018-06-22,58.02607345581055,58.30943205905109,57.5476857463178,58.13524916841904,34220000
2018-06-25,56.536827087402344,57.366060483234236,55.575091871407416,57.316932168851984,57682000
2018-06-26,56.20632553100586,56.91348023298712,56.026683089486795,56.77800632802937,34688000
2018-06-27,55.428199768066406,56.88072585384283,55.41628872704481,56.3740522795533,34538000
2018-06-28,55.91651153564453,56.27480443799909,54.88877722932603,55.20240562030966,29726000
2018-06-29,56.03610610961914,56.64004435435744,55.92842212029621,56.19093828539304,31562000
2018-07-02,56.6772575378418,56.7209300899571,54.915074792602226,55.34929392194769,23216000
2018-07-03,55.39544677734375,57.06433659696129,55.30364165172733,57.040022322930085,16448000
2018-07-05,56.63656234741211,56.77799553257157,55.73487467980294,55.80832104341008,28594000
2018-07-06,57.32089614868164,57.3764759544106,56.435583293571334,56.66038619172954,21820000
2018-07-09,57.92632293701172,57.95858042891574,57.427592580668914,57.5650541720491,21584000
2018-07-10,57.91937255859375,58.23498862729828,57.69208976522985,58.060805751925564,21334000
2018-07-11,58.13375473022461,58.57938513276473,57.33528721273383,57.347690444613676,33252000
2018-07-12,59.61258316040039,59.64880847515142,58.215140910265625,58.302482234052356,44148000
2018-07-13,59.7693977355957,60.06813920593165,59.316320072410456,59.68900389007117,32612000
2018-07-16,59.376861572265625,59.98228771169153,59.222525384285305,59.739122271371045,26784000
2018-07-17,60.19915008544922,60.481020740249086,58.656802808962865,58.69352788722529,40162000
2018-07-18,60.190711975097656,60.621455476793344,59.77634331426365,59.97335252680417,38948000
2018-07-19,59.50539779663086,60.36788062933353,59.43741096490853,59.88006555184665,38338000
2018-07-20,59.44485855102539,60.08452620105134,59.38083953796672,59.512349409549486,37938000
2018-07-23,60.09592819213867,60.29939269211473,59.15354756632844,59.334681704918964,65446000
2018-07-24,62.43575668334961,63.271937548420865,61.74050926143322,63.07343659497237,107600000
2018-07-25,63.31858825683594,63.432723753574464,61.98416915539684,62.16133170760561,51104000
2018-07-26,63.792999267578125,63.88728806818272,62.67643571297238,62.88386804542999,54686000
2018-07-27,62.17472839355469,64.08777191306355,61.75787601301977,63.97264446474513,48362000
2018-07-30,61.040794372558594,62.17472856308017,60.7494963335451,61.78566608778071,43896000
2018-07-31,60.90085220336914,61.59510766309867,60.353489492325785,61.123667429745005,39382000
2018-08-01,61.18718719482422,61.8278429337004,60.7877054234707,61.490892233737846,36994000
2018-08-02,61.59113693237305,61.75390854796121,60.44628743859756,60.4681218242297,34704000
2018-08-03,61.44374465942383,61.85860929521268,61.01002150761994,61.792110404369836,21264000
2018-08-06,61.419429779052734,61.65713568765559,61.065108495658905,61.61495485292469,22114000
2018-08-07,62.32111740112305,62.8292789004648,62.12063254905667,62.13105187020725,42506000
2018-08-08,62.59356689453125,63.109168112882486,62.136517572098015,62.36479235131459,34344000
2018-08-09,62.74888610839844,63.12107395854261,62.53252238899547,62.663036504089156,27326000
2018-08-10,62.15586853027344,62.587111832515546,61.89037649252938,62.48686750920722,26602000
2018-08-13,61.96382141113281,62.823824372478335,61.883927322299485,62.09086368915397,27500000
2018-08-14,62.43526077270508,62.556839719929016,61.51223455635257,62.155374011571254,28080000
2018-08-15,61.14897537231445,62.12956526957245,60.85221780377346,61.747454074193485,37052000
2018-08-16,60.74403762817383,61.71867584838752,60.52419826363136,61.63381440833147,32176000
2018-08-17,60.336612701416016,60.88745102381948,59.74855710834635,60.64379337671935,33092000
2018-08-20,60.639320373535156,60.83583738893551,59.98179007655839,60.57530515927085,22218000
2018-08-21,60.41402053833008,61.175766743920576,60.29591345427574,60.69241932354191,23082000
2018-08-22,60.629398345947266,60.86660447861088,60.206094514266624,60.255718800495664,22296000
2018-08-23,60.600120544433594,61.29536793158742,60.51029933128536,60.53660130261147,24666000
2018-08-24,61.373783111572266,61.40603682006108,60.6130287200367,60.840311543641825,24454000
2018-08-27,62.34245681762695,62.42185870960041,61.56880327920677,61.7405062738133,28580000
2018-08-28,61.825862884521484,62.35685075793018,61.682445765832874,62.3240972866056,27330000
2018-08-29,62.7583122253418,62.883370581395624,62.170256645363004,62.27943235167429,36926000
2018-08-30,62.25164031982422,62.998495869071384,61.89285146370621,62.69627877560958,30104000
2018-08-31,61.12813186645508,62.15785005739838,60.827898672018804,62.14097923791253,42308000
2018-09-04,60.1113166809082,60.93311040296844,59.87559845454381,60.667614572557156,41458000
2018-09-05,59.50539779663086,60.28798275608987,58.32630312437928,60.0076000189941,53988000
2018-09-06,58.75556182861328,59.49993755136597,57.74420234710536,59.479095121995066,46854000
2018-09-07,58.437957763671875,58.9818485871572,58.02507702800154,58.16055091645619,32658000
2018-09-10,58.31240463256836,58.88805698068228,58.09157333038977,58.765978277724024,27670000
2018-09-11,59.053306579589844,59.10045097732192,57.86032085101732,58.11588952558452,29254000
2018-09-12,58.140708923339844,59.088049407654154,57.87074550815637,58.65680609849579,35716000
2018-09-13,58.66374969482422,58.947608044302676,58.02259419835304,58.542666734402324,40068000
2018-09-14,58.45730972290039,58.9545559226918,58.235982442682584,58.9545559226918,24176000
2018-09-17,57.556617736816406,58.64787125247181,57.48863090914022,58.44689042269163,34096000
2018-09-18,57.91789245605469,58.6235630124147,57.636021773057415,57.697061130890056,32314000
2018-09-19,58.27320861816406,58.372457204043535,57.49657537164375,58.00970048019866,25962000
2018-09-20,59.1317138671875,59.25230463502792,58.37145932686248,58.590802692661576,29244000
2018-09-21,58.166507720947266,59.38033591795316,58.163531853788456,59.29795816013988,91222000
2018-09-24,58.53572463989258,58.81511164217117,57.143245857433044,57.535780184838615,31150000
2018-09-25,59.24685287475586,59.3942378242741,58.26427518636129,58.768468921650665,33152000
2018-09-26,59.255279541015625,59.909338018891724,58.82552798991805,59.236920788581685,37650000
2018-09-27,59.9152946472168,60.386731062528824,59.45328559721843,59.55005428398629,36274000
2018-09-28,59.90140151977539,59.969388348728856,59.442368322917595,59.75302084296328,35612000
2018-10-01,59.97335433959961,60.75097946474196,59.708358294227565,60.19518138123791,33164000
2018-10-02,59.92919158935547,60.76686413751253,59.53318544167417,59.88105523330002,40180000
2018-10-03,60.12223434448242,60.25374041879871,59.6567496374838,60.14555666318422,26246000
2018-10-04,58.41215515136719,59.84284309311647,57.756112718630625,59.79967030122548,46576000
2018-10-05,57.953617095947266,58.65680391963335,57.283183742164695,58.359054395460255,31852000
2018-10-08,57.362586975097656,58.35210828288025,56.34428001970252,57.565055747605335,46190000
2018-10-09,56.8291130065918,57.64197150133537,56.779488717873775,57.13381000113279,33690000
2018-10-10,54.198490142822266,56.424669663036354,54.166232652440264,56.39390010618958,58980000
2018-10-11,54.128021240234375,55.38453003561712,53.3910890068607,53.547409112755275,67696000
2018-10-12,55.606849670410156,55.86936583152559,54.34091350052451,55.5621851600812,49370000
2018-10-15,54.708641052246094,55.6693805237119,54.499221011714134,55.48080669913585,30074000
2018-10-16,56.22915267944336,56.39242028011602,55.17065251188405,55.25650212450962,38378000
2018-10-17,55.95671081542969,56.91993017765602,55.28230581823897,56.57255634610747,35652000
2018-10-18,54.48383331298828,56.19291998316856,53.909672693570016,56.07630082458417,46152000
2018-10-19,54.84461212158203,55.627200893435266,54.44017053506006,54.771665508516314,41286000
2018-10-22,55.15178680419922,55.66391611788438,54.58754952735813,55.208358568020756,27116000
2018-10-23,55.32746124267578,55.48080548899434,53.54592382682703,54.155317844664424,37686000
2018-10-24,52.459625244140625,55.41231761861977,52.35739701796283,55.33192377562657,49286000
2018-10-25,54.765708923339844,55.47187165088253,53.374222112076126,53.60994033985448,72956000
2018-10-26,53.78113555908203,55.43116657736989,51.72070374529575,52.02341678350973,106438000
2018-10-29,51.34851837158203,55.02573572053674,49.982341813050745,54.41584202924143,81290000
2018-10-30,52.08198547363281,52.15096426421509,50.31831452362724,50.61804798397232,59768000
2018-10-31,54.120086669921875,54.98455722661835,53.00947855952461,53.00947855952461,70916000
2018-11-01,53.891807556152344,54.58258735240126,53.486866239489316,54.16077521616879,40132000
2018-11-02,53.17274475097656,54.48830528379817,52.98267920811792,54.04167908584754,43438000
2018-11-05,52.390655517578125,53.265049454381995,51.31230485710096,53.22435654801406,45358000
2018-11-06,53.07746124267578,53.586118725505045,52.28544516893846,52.35541590887822,28660000
2018-11-07,54.996463775634766,55.080329473469874,53.62433145586528,53.76824455416379,43388000
2018-11-08,54.32106399536133,54.99546896044465,53.811414549994645,54.949816279666464,33694000
2018-11-09,53.447174072265625,54.009423718442406,52.81395793785999,53.794547914294924,34860000
2018-11-12,52.07453918457031,53.30226618062105,51.62742080099039,53.2541298232068,34002000
2018-11-13,52.00556182861328,52.93355162007457,51.62990211094706,52.345000015364555,25750000
2018-11-14,52.333580017089844,52.88987786161632,51.66513060074401,52.60254766997012,34666000
2018-11-15,53.15090560913086,53.53897230637955,51.674061527661046,52.178751168531576,41584000
2018-11-16,53.01294708251953,53.21988342358048,52.349457462655934,52.86208652584949,35366000
2018-11-19,50.98576354980469,52.99955105177673,50.759972466189616,52.77077652878864,45684000
2018-11-20,51.13612747192383,51.478541499064086,49.73471742212414,49.986810473684365,54458000
2018-11-21,51.7802619934082,52.340031684705444,51.58324898921918,51.87355504891251,29698000
2018-11-23,51.11875915527344,51.75892268059513,51.0403492228177,51.28748248844375,14178000
2018-11-26,52.40107345581055,52.453673613271235,51.598634258168,51.808550268407,31558000
2018-11-27,52.21944046020508,52.93801392428901,51.882985746599815,52.17279582590606,33048000
2018-11-28,54.18013381958008,54.23323374381789,51.7564450423693,52.476506517670025,46042000
2018-11-29,54.31858444213867,54.59499556224132,53.69429974090994,53.77022600281001,31004000
2018-11-30,55.06644058227539,55.06644058227539,53.7528675846676,54.37070088374391,59668000
2018-12-03,55.39942169189453,56.324431837830055,55.169655196071915,56.18349839177899,57532000
2018-12-04,52.725128173828125,55.29421800507931,52.64126247462386,55.23218669201161,45630000
2018-12-06,53.49977111816406,53.56627001523358,51.733120619701985,51.85817519555065,47436000
2018-12-07,51.936580657958984,53.844664335294944,51.57878373321062,53.20946433467188,42682000
2018-12-10,52.26410675048828,52.582698700226054,51.26267443502636,51.755945245640824,33652000
2018-12-11,52.68442916870117,53.11864830989718,52.11126050809692,52.94694532203114,33852000
2018-12-12,53.28390121459961,54.1771497714117,53.1965598917563,53.45014466445555,28960000
2018-12-13,53.274471282958984,54.0128952559157,52.850179249932424,53.38017514737877,24986000
2018-12-14,52.191158294677734,53.18415523719888,52.07503510632937,52.6035430815478,36358000
2018-12-17,50.897926330566406,52.72065242512178,50.45030823274266,51.957914245591056,49932000
2018-12-18,51.779273986816406,52.587168965392074,51.13761868169155,51.312301337555475,43640000
2018-12-19,51.3847541809082,53.38216324296413,50.58926618756057,51.97181786849981,58264000
2018-12-20,50.795204162597656,51.979258518056454,50.01509915562534,50.915295165612314,53674000
2018-12-21,49.190826416015625,51.494420183045044,48.69160009322577,51.21503320586026,104656000
2018-12-24,48.86429214477539,50.226497141724,48.516418596920985,48.846921562533424,36360000
2018-12-26,51.99960708618164,52.02938090270089,49.26030238369198,49.525302223421406,46318000
2018-12-27,52.25021743774414,52.27205182444912,49.97242559383326,50.92522946478652,45996000
2018-12-28,51.9415397644043,52.812457908084404,51.709293411653476,52.57773166617034,34398000
2018-12-31,51.8561897277832,52.75093001362549,51.264658506617984,52.49486156284983,33110000
2019-01-02,52.33854675292969,52.64175582636701,50.87956913081294,50.97484988928361,31868000
2019-01-03,50.888999938964844,52.91320696419265,50.73516349137448,52.13955335282568,41960000
2019-01-04,53.49927520751953,53.595051944099,51.454225885073264,51.73708850777904,46022000
2019-01-07,53.392581939697266,53.72903666857893,52.73355986232169,53.643187063810046,47446000
2019-01-08,53.86153793334961,54.25754407753233,53.01691791637938,53.89279968326611,35414000
2019-01-09,53.67692947387695,54.17268393766972,53.315656941289234,53.991553586577936,26998000
2019-01-10,53.53699493408203,53.585627271639844,52.834800013892526,53.343953517572885,26598000
2019-01-11,52.82437515258789,53.26603778530063,52.42538933503741,53.09383880488812,30864000
2019-01-14,52.18124008178711,52.525638071535134,52.034351105837786,52.272053262628944,28490000
2019-01-15,53.91810989379883,54.0054512176976,52.326634285051185,52.50379682218738,37518000
2019-01-16,54.066986083984375,54.70466978962712,53.99255153834507,54.09130414535982,38280000
2019-01-17,54.543880462646484,54.62228660978852,53.75682419367969,53.99155422943767,24896000
2019-01-18,54.9498176574707,55.48080552292405,54.551823800800285,55.01383287939406,44892000
2019-01-22,53.52706527709961,54.53644084839105,53.142966373841496,54.38905212286188,39632000
2019-01-23,53.81390380859375,54.237699906875186,52.97821886828759,53.93548276341586,25194000
2019-01-24,53.793548583984375,53.99204951768498,53.099789164762825,53.71960623842804,29114000
2019-01-25,54.6624870300293,54.754292157150836,54.1806274814527,54.3012144700217,23260000
2019-01-28,53.58810806274414,54.258541477687345,53.32757578554152,54.094781685411974,29334000
2019-01-29,53.10177993774414,53.82978085263334,52.90129506676685,53.646662780575326,19704000
2019-01-30,54.4878044128418,54.5637306703706,53.428308652364905,53.46403798777427,29452000
2019-01-31,55.872337341308594,55.96067061326041,54.84807876997991,55.194956573886884,40232000
2019-02-01,55.51156997680664,56.29465467435647,55.29471027760024,55.69369229446657,33116000
2019-02-04,56.64301300048828,56.68866946141575,55.45647885508301,55.530917173210135,78408000
2019-02-05,57.16160583496094,57.206270349703495,55.75870770046003,56.05794518348053,82296000
2019-02-06,55.72346496582031,57.26730007565548,55.49866206836327,57.03257383553077,48256000
2019-02-07,54.880836486816406,55.18255382941808,54.26945479753328,55.17411841965642,38298000
2019-02-08,54.70566177368164,54.84064348388017,54.30171617106462,54.33347390092957,21766000
2019-02-11,54.69275665283203,55.254018093652185,54.58755255107971,54.773646480231115,18498000
2019-02-12,55.95621109008789,56.21823127293412,55.13392144104267,55.13392144104267,35036000
2019-02-13,56.00831985473633,56.7139904003388,55.877805730488085,56.227167264922016,28042000
2019-02-14,56.03660202026367,56.38050398884658,55.43564342956175,55.82817773205907,21106000
2019-02-15,55.56168746948242,56.5378135213202,55.417278407818245,56.5378135213202,27826000
2019-02-19,55.90311050415039,56.05843486725791,55.41331154725843,55.41331154725843,21980000
2019-02-20,55.60932922363281,56.1224542879532,55.17064627144096,56.020722035237625,24090000
2019-02-21,54.796470642089844,55.53787046194015,54.4873060615558,55.519507922867554,33272000
2019-02-22,55.40934371948242,55.44358512437713,54.612367826985526,55.06891736818785,29436000
2019-02-25,55.44755554199219,55.8480292842414,55.28776358461447,55.6758303076876,26208000
2019-02-26,55.67980194091797,55.89964131160998,54.92004328499551,55.30066657982733,35026000
2019-02-27,55.72346496582031,55.86439839102479,55.01233876975175,55.28279434400644,22092000
2019-02-28,55.90509796142578,56.27430995904261,55.501152367281776,55.53043020704029,27422000
2019-03-01,56.995361328125,57.06880770480383,56.12593099420194,56.12593099420194,34086000
2019-03-04,57.238525390625,57.838988028664076,56.48571045995308,57.295097158928186,35490000
2019-03-05,58.02111053466797,58.38337505906222,57.21867509583672,57.36655601573174,40094000
2019-03-06,57.81019973754883,58.2965230430247,57.71640692130474,58.14864214003846,23602000
2019-03-07,57.110992431640625,57.74272066583545,56.657418715200954,57.589876167232205,30086000
2019-03-08,57.067317962646484,57.24001291977249,56.08622826804049,56.26984231087346,23694000
2019-03-11,58.52083206176758,58.553085766615624,57.146712166962345,57.16805057294,30032000
2019-03-12,59.4135856628418,59.833413885860075,58.67169364703401,58.67169364703401,42220000
2019-03-13,59.50340270996094,59.90338043221836,59.44633497106818,59.84432878201533,25888000
2019-03-14,59.179351806640625,59.78329000449667,59.11484061362888,59.50141936604772,27302000
2019-03-15,59.068695068359375,59.63541227841048,58.90542747630522,59.450810064896196,51886000
2019-03-18,58.981849670410156,59.299449659667964,58.631000234216486,59.03842143494167,24442000
2019-03-19,59.6721305847168,59.719274981569214,59.02700350816118,59.13915507606691,29788000
2019-03-20,60.86164093017578,61.03830747817524,59.52970570265518,59.619526910163195,41508000
2019-03-21,61.3430061340332,61.358389019553314,60.37283559921016,60.54255467605238,28150000
2019-03-22,59.929691314697266,61.21894990135531,59.847809527886746,60.98174373742814,34422000
2019-03-25,59.42003631591797,60.01851499920074,59.05380399596057,59.52822006580645,27576000
2019-03-26,59.04586410522461,59.92968527810612,58.64489440806523,59.80760657703907,30752000
2019-03-27,58.458805084228516,59.149088938796496,57.77496894223521,59.149088938796496,29428000
2019-03-28,58.1739501953125,58.42108346459074,57.73526725093247,58.33424190750162,22402000
2019-03-29,58.40322494506836,58.75457038010716,57.88166444231898,58.56648875017125,30890000
2019-04-01,59.49943923950195,59.559978827615936,58.87317064108429,58.931726317742886,27706000
2019-04-02,59.824974060058594,59.83837303353238,59.115335802044456,59.552530790151806,18288000
2019-04-03,60.08650588989258,60.572333269355546,59.802155329903904,60.18029493005075,22180000
2019-04-04,60.515262603759766,60.56985045761731,59.9986656896631,60.1103212867024,21022000
2019-04-05,60.11825942993164,60.561909727480234,60.04779271372844,60.50781785264706,20012000
2019-04-08,59.96095657348633,60.2423274858661,59.78329804727417,60.1013940407267,21750000
2019-04-09,59.68354034423828,59.90486760742176,59.46965653446441,59.6438431880838,19668000
2019-04-10,59.87013626098633,59.993702900560606,59.58280984381281,59.80264919567973,15510000
2019-04-11,60.02595901489258,60.18227912083499,59.77535389639726,59.99171761210864,16998000
2019-04-12,60.67803955078125,60.693918416035174,60.209578950972364,60.32520238110817,24312000
2019-04-15,60.86661148071289,61.004073078896056,60.27260033895646,60.74552472518107,23796000
2019-04-16,61.13359069824219,61.33556348231489,60.79266460655032,61.03880592245281,22622000
2019-04-17,61.54200744628906,61.788148776562416,61.18272258076238,61.38618331028247,30366000
2019-04-18,61.60801315307617,61.82983643265231,61.505784912760845,61.78318800670789,24750000
2019-04-22,62.21790313720703,62.24668500018895,61.20604762903879,61.36981120460046,19084000
2019-04-23,63.0530891418457,63.243650659904674,62.12907098537665,62.360821384365515,31868000
2019-04-24,62.53003692626953,63.22230842796126,62.51812967167921,63.053085327430686,23396000
2019-04-25,62.891807556152344,63.16275913114883,62.428310556744194,63.038696513815154,31344000
2019-04-26,63.392024993896484,63.465967342647225,62.77568352459379,63.19154014016387,27228000
2019-04-29,64.323974609375,64.36219140283177,63.10865861812719,63.54535760838715,72368000
2019-04-30,59.498443603515625,59.598684131080496,58.706427581389065,59.08506690306559,133178000
2019-05-01,58.22605895996094,59.512837545398035,58.14467315811743,59.42599220102296,74340000
2019-05-02,57.88811492919922,58.52679056579898,57.48218164489478,58.19033204544976,45098000
2019-05-03,59.03147506713867,59.123280191761495,58.23747507908704,58.42902476029962,41588000
2019-05-06,59.22550582885742,59.32326646969478,58.11886567274445,58.16055052831237,31774000
2019-05-07,58.50098419189453,59.2905166064631,57.813180247113,58.84587812003669,36604000
2019-05-08,58.10001754760742,58.769458988118615,57.94369742841104,58.42307332194062,25520000
2019-05-09,57.960567474365234,58.263280578490686,57.299065475219535,57.694083473141156,29556000
2019-05-10,57.944190979003906,58.3729506059401,56.88866675392275,58.00374239955809,31650000
2019-05-13,56.4033317565918,57.166565996341326,55.85299318344786,56.83259114889159,45626000
2019-05-14,55.82122802734375,56.81422490303131,55.755225112335225,56.68768240154964,40392000
2019-05-15,58.101009368896484,58.47319724338551,55.64953069071298,55.7065984380292,59302000
2019-05-16,58.78086853027344,59.260248195738754,57.98438862075223,58.15261599071827,35308000
2019-05-17,58.00076675415039,58.86970113151571,57.88365160256441,58.35062427516203,25362000
2019-05-20,56.803810119628906,57.217682845355235,56.48025458906698,57.217682845355235,30602000
2019-05-21,57.28914260864258,57.46580917920083,56.73681631931188,57.29112652024029,20562000
2019-05-22,57.35911178588867,57.752638056558965,57.11842999806387,57.130837017392196,18826000
2019-05-23,56.83755111694336,57.071285427584336,56.23312066384092,56.873780219049515,25214000
2019-05-24,56.503570556640625,57.285163473827296,56.409281762864204,57.16804834140334,18554000
2019-05-28,56.55071258544922,57.39086492671137,56.50654405741621,56.64599333090427,20948000
2019-05-29,55.57707595825195,56.324427519527866,55.180570051498236,56.21028824722078,36230000
2019-05-30,55.6500244140625,55.91750414928831,55.37658915817779,55.587497126280056,18088000
2019-05-31,54.91011428833008,55.25252453201234,54.753794181505,54.86743747559679,31582000
2019-06-03,51.547523498535156,52.94992559155208,50.96641535794812,52.946453746323435,96890000
2019-06-04,52.3291130065918,52.52513405659916,51.41303433315086,51.83286255141034,60512000
2019-06-05,51.840309143066406,52.44424740714658,51.26267663743421,52.35442619047706,46988000
2019-06-06,51.995140075683594,52.10629969708444,51.38723400310241,51.918221858095734,29020000
2019-06-07,53.01791000366211,53.269014889801966,52.16336664116216,52.318694793669955,43828000
2019-06-10,53.73201370239258,54.331484331208706,53.36081782409409,53.44617144683089,28510000
2019-06-11,53.64665985107422,54.78654953180274,53.573713241851216,54.43817996962721,33508000
2019-06-12,53.55038833618164,53.72010362901701,53.078948132983314,53.59256917046261,23670000
2019-06-13,54.141422271728516,54.41832937159558,53.722589776777944,53.82878583415128,20814000
2019-06-14,53.90768814086914,54.327516379046195,53.66849807553169,54.078399183923466,24582000
2019-06-17,54.28434753417969,54.651075877116796,53.992057525682156,54.046645385198445,19770000
2019-06-18,54.84758758544922,55.51950886943129,54.62675627931569,55.158240104858095,34526000
2019-06-19,54.81135940551758,55.05551681990926,54.39053921490505,54.9468370875542,26714000
2019-06-20,55.24259948730469,55.715031638268655,54.934922847847666,55.66441160911046,24018000
2019-06-21,55.846534729003906,55.9060823562436,55.069901610970824,55.0768490865548,50774000
2019-06-24,55.41629409790039,55.75722023102869,55.24806671805109,55.580057676501916,24236000
2019-06-25,53.971214294433594,55.36666896463381,53.82332958358036,55.33590318991816,31644000
2019-06-26,53.61092758178711,54.34537991528839,53.28191631927332,54.140923457310606,34698000
2019-06-27,53.42781448364258,54.01487811376861,53.38910549375229,53.9300204660367,24078000
2019-06-28,53.73400115966797,53.73400115966797,53.28737497218664,53.45759003713629,33672000
2019-07-01,54.58755111694336,55.01383084160599,54.35580072635864,54.6391593176599,29196000
2019-07-02,55.212825775146484,55.22721670492879,54.57117431085143,54.827238965933375,20630000
2019-07-03,55.728431701660156,55.9765569294655,55.32448234664557,55.50561270283813,20154000
2019-07-05,56.208797454833984,56.30705407221741,55.4559863892494,55.548783464313665,29794000
2019-07-08,55.42074966430664,55.93784249787887,55.17113652721486,55.87134361059285,29888000
2019-07-09,55.79294204711914,55.97010457775343,54.942366537807125,55.09967859618882,29472000
2019-07-10,56.61771011352539,56.68867280509499,56.10905266009297,56.19143041409027,30710000
2019-07-11,56.775020599365234,57.22958619761573,56.549229519899086,56.87824078481194,26004000
2019-07-12,56.83755111694336,56.944742917427156,56.5010963789597,56.71795608325862,21878000
2019-07-15,57.0941162109375,57.10255162116014,56.5725557055338,56.83755177030159,21164000
2019-07-16,57.240509033203125,57.49458979757321,56.90653039566399,56.90653039566399,25352000
2019-07-17,56.90702438354492,57.487636486009706,56.90106886339431,57.11445670268782,19538000
2019-07-18,56.93184280395508,56.977995252177834,56.21823660268572,56.67180650790624,25450000
2019-07-19,56.153221130371094,57.147210000503584,56.13833422209774,57.035058424493094,23184000
2019-07-22,56.533348083496094,56.57354500725381,55.838600460858665,56.34775013685135,28914000
2019-07-23,56.97203826904297,57.012235195228826,56.21773918200493,56.7437634955171,20648000
2019-07-24,56.55915832519531,56.8435088939679,56.0023644434393,56.20632494474879,27192000
2019-07-25,56.37107467651367,56.750705969094305,55.764160586237736,56.520443518190056,54762000
2019-07-26,61.79410171508789,62.94391091786699,60.93955835741268,60.93955835741268,121216000
2019-07-29,61.62636947631836,61.98119054293162,61.04873318310525,61.65912294737773,41382000
2019-07-30,60.93955993652344,61.38171853493081,60.806562143614634,60.88993186007591,28616000
2019-07-31,60.4532356262207,61.28246902864512,59.95599317150628,60.78423461812994,39960000
2019-08-01,60.1346435546875,61.35144771638082,59.89743360552147,60.42494964174165,35426000
2019-08-02,59.36743927001953,60.02149400997808,59.05380708892359,59.69893422702038,34910000
2019-08-05,57.30451965332031,58.402724407323525,56.709020630907425,58.208687271795505,47840000
2019-08-06,58.114898681640625,58.627027996258406,57.64097859212836,57.83898355195478,36014000
2019-08-07,58.354591369628906,58.55110461947859,57.11048954945884,57.4558794564176,30686000
2019-08-08,59.85723876953125,59.86170257050078,58.25980758304627,58.87664505680203,30116000
2019-08-09,58.99921798706055,59.77138359606932,58.800221064268946,59.549560332952176,20418000
2019-08-12,58.28461837768555,58.835952700866116,57.99778792747687,58.55755766088019,22064000
2019-08-13,59.387779235839844,59.81951849658045,58.209684163982665,58.27717122757567,28434000
2019-08-14,57.775962829589844,58.69600935885796,57.61815478543299,58.36253049488311,35430000
2019-08-15,58.02756118774414,58.37989857697073,57.71393279011932,57.9833964394035,28506000
2019-08-16,58.51835250854492,58.74811899803839,58.21018365174988,58.596762448028,24916000
2019-08-19,59.57189178466797,60.016038082984736,59.07365739481806,59.144620092536506,24450000
2019-08-20,58.732730865478516,59.45080839192116,58.70891256914688,59.31930231899427,20206000
2019-08-21,59.1322135925293,59.57784782839805,58.95058724856954,59.3426255842237,14152000
2019-08-22,59.129234313964844,59.48951111379449,58.50346170389062,59.24237784247647,17352000
2019-08-23,57.246463775634766,59.33518186625509,57.06880525553756,58.81411734731172,36254000
2019-08-26,58.11986541748047,58.15361084595178,57.30949051452973,57.53776529505491,21166000
2019-08-27,58.101993560791016,58.805676311330274,57.791341062327135,58.70642773916501,23460000
2019-08-28,58.247398376464844,58.48311659031229,57.577461005391356,57.80672772087879,16810000
2019-08-29,59.26421356201172,59.50985510351577,58.81957132594857,58.87614308786524,19636000
2019-08-30,59.080108642578125,59.56742773091327,58.84141077023284,59.56742773091327,18064000
2019-09-03,58.038970947265625,59.00814572148851,57.749160872894805,58.64935686645036,25908000
2019-09-04,58.670204162597656,58.799726325309585,58.13723238922379,58.53026267829021,21312000
2019-09-05,60.15498733520508,60.244808550216014,59.18729663524469,59.23543299199942,26394000
2019-09-06,59.86368942260742,60.19270070231351,59.711833111701424,60.00363090615744,18972000
2019-09-09,59.81158447265625,60.56985517921189,59.211121819506104,59.90140569237248,31854000
2019-09-10,59.83292007446289,60.046307931779786,59.352052482156836,59.356024091289484,27922000
2019-09-11,60.54256057739258,60.66513526783259,59.663203122517,59.74310099718435,23522000
2019-09-12,61.28544616699219,61.65515035041213,60.66959686972781,60.71475735944428,31644000
2019-09-13,61.53654479980469,61.58716483025713,60.89390136458125,61.14351452746078,23676000
2019-09-16,61.11970138549805,61.48642971781798,60.80011367040381,61.06064594035417,28218000
2019-09-17,61.03285217285156,61.28693292791448,60.70880067713809,61.1196975193719,20806000
2019-09-18,61.17031478881836,61.34846928567616,60.36738339435183,61.050719756478664,17440000
2019-09-19,61.473026275634766,61.750429346275254,61.153442369852456,61.15393834771832,16554000
2019-09-20,61.03086853027344,61.67400795973817,60.7202160078767,61.219442346351414,37692000
2019-09-23,61.271549224853516,61.51917847820748,60.73013827416754,60.86859182001114,20798000
2019-09-24,60.45968246459961,61.887890472586925,60.07806725363248,61.53505712198621,35804000
2019-09-25,61.829830169677734,61.93305035535258,60.00660420799372,60.34455064724605,26798000
2019-09-26,61.64869689941406,61.76680778075008,61.129124118688836,61.64125344535884,23166000
2019-09-27,60.83782958984375,61.78269019215181,60.30435804001419,61.6754983898568,34122000
2019-09-30,60.59912872314453,60.91027722067132,60.2160255738023,60.572330773891714,24470000
2019-10-01,59.847808837890625,61.180739967134514,59.82547847431544,60.666126932569135,24504000
2019-10-02,58.45433044433594,59.488516156682664,58.19181430055995,59.37636458954056,33030000
2019-10-03,59.02552032470703,59.10343049789209,57.720878923332165,58.72330321156918,28368000
2019-10-04,60.09394454956055,60.16838287393575,59.10193963198159,59.26669514408734,24282000
2019-10-07,59.95946502685547,60.48846899773662,59.76642361303443,59.89743371448087,17040000
2019-10-08,59.06025695800781,59.89097823911531,59.027999466165745,59.48901657316592,20086000
2019-10-09,59.66915512084961,59.96988429727848,59.45675922423016,59.6160589862627,15948000
2019-10-10,60.0200080871582,60.32520108231695,59.443863502244774,59.48058479713796,12842000
2019-10-11,60.32966613769531,60.97677718184017,60.22694192579406,60.74254689680836,22330000
2019-10-14,60.43189239501953,60.834350033369816,60.13960241921279,60.239346974498716,13296000
2019-10-15,61.646217346191406,61.88888303633193,60.58821326185716,60.61699512250634,27584000
2019-10-16,61.68393325805664,62.239235368386765,61.46210621454887,61.62487781814139,22986000
2019-10-17,62.170257568359375,62.71365243260032,62.024856545768664,62.10078280623721,20958000
2019-10-18,61.75390625,62.43376697711885,61.542006328101955,62.264051677322506,31624000
2019-10-21,61.74745178222656,62.205489221809074,61.53455991481383,61.966795147808796,18094000
2019-10-22,61.594608306884766,61.96828408455127,61.527613434843985,61.75737612513315,22862000
2019-10-23,62.40994644165039,62.430292892111794,61.54547975119606,61.54547975119606,21282000
2019-10-24,62.48339080810547,62.67146863481019,62.147924268223605,62.48339080810547,20224000
2019-10-25,62.74094772338867,62.924561762183096,61.989128556438885,62.13055797308663,27104000
2019-10-28,63.96569061279297,64.47484407974726,63.13844495607343,63.27193493925215,65428000
2019-10-29,62.56031036376953,63.55975874289798,62.30970146264001,63.32155686027525,52654000
2019-10-30,62.562294006347656,62.925550456002455,62.06356366767781,62.28687485547852,29204000
2019-10-31,62.468013763427734,62.851120737850515,62.00550867499321,62.52756518850478,31904000
2019-11-01,63.13546371459961,63.17268477057608,62.51316673112723,62.8153838353089,28812000
2019-11-04,63.99695587158203,64.14037298375169,63.32701849705497,63.32701849705497,30632000
2019-11-05,64.0877685546875,64.3755947325822,63.98554410909074,64.07585751373018,25148000
2019-11-06,64.0664291381836,64.16468575930595,63.63270975280702,64.02077645871792,24626000
2019-11-07,64.85697174072266,65.6365809576306,64.20241712153256,64.22871531213951,45140000
2019-11-08,64.95918273925781,65.36164416769404,64.58798684681432,64.58798684681432,30392000
2019-11-11,64.42720794677734,64.75572703245952,64.30761291533182,64.71105873497332,17234000
2019-11-12,64.37409973144531,64.97655000563367,64.22671480495114,64.44159057864232,28852000
2019-11-13,64.32298278808594,64.63760687594893,64.12299393647223,64.17410615291206,20538000
2019-11-14,64.96662902832031,65.29267201875889,64.21183397776251,64.26443792254808,28948000
2019-11-15,66.17698669433594,66.17698669433594,65.10260019319165,65.25942006575623,39286000
2019-11-18,65.49711608886719,66.19583908399201,65.31449780142827,66.11742915048329,27984000
2019-11-19,65.13734436035156,65.83407592862483,65.09665145673138,65.83407592862483,21864000
2019-11-20,64.60487365722656,65.16811528154169,63.977117041056246,65.07631014524446,28892000
2019-11-21,64.51951599121094,65.06439503980536,64.05353150343402,64.47534745553108,25546000
2019-11-22,64.19843292236328,64.85497128596099,63.984549103644646,64.6614339170369,27776000
2019-11-25,64.79243469238281,65.02914861601296,64.294700146845,64.3269576342787,23590000
2019-11-26,65.15768432617188,65.20780459082586,64.713045870139,65.00434009297838,21910000
2019-11-27,65.11451721191406,65.38795627217733,64.98251893719141,65.27778859784624,18808000
2019-11-29,64.71552276611328,65.006324800764,64.67284595465377,64.8400851416472,12802000
2019-12-02,63.959747314453125,64.78253306494224,63.53892328622322,64.63960812508009,26538000
2019-12-03,64.25153350830078,64.37510393525106,63.37366781140592,63.45356189650626,25270000
2019-12-04,65.45245361328125,65.71695745819278,64.66390942910238,64.81526974961815,35506000
2019-12-05,65.85044860839844,65.90106863745048,65.22319186246219,65.85243251978387,24408000
2019-12-06,66.46728515625,66.62012962490077,66.06234764572054,66.13777413827592,32968000
2019-12-09,66.64594268798828,67.3684878249975,66.3025366818837,66.44099402177967,30842000
2019-12-10,66.64098358154297,66.89456837249547,66.19981313481495,66.49459059389076,17606000
2019-12-11,66.70846557617188,66.98834851678667,66.55214547915192,66.9094463945745,20480000
2019-12-12,66.91888427734375,67.22109762614981,66.40824662381249,66.65686406966326,29114000
2019-12-13,66.8384780883789,67.06079730572513,66.57993355986838,66.88959030626334,33170000
2019-12-16,67.5248031616211,67.66523683096499,67.02408511896854,67.24193676714194,28128000
2019-12-17,67.23648834228516,67.70494897121948,67.03203184854294,67.60966820159027,32948000
2019-12-18,67.0886001586914,67.46177999872991,67.01664928638156,67.34119300214664,23330000
2019-12-19,67.31339263916016,67.36748829817319,66.93177744777162,67.08858973815528,28922000
2019-12-20,67.05435180664062,67.68855983506695,67.03003753311336,67.64389911091128,50090000
2019-12-23,67.02507781982422,67.58186786917857,66.89456370617594,67.42703948197932,19936000
2019-12-24,66.71739196777344,67.09355517833812,66.70449654438652,67.00422616501139,13468000
2019-12-26,67.61263275146484,67.64886563760956,66.77099240410861,66.82260438988969,23662000
2019-12-27,67.22407531738281,67.83992081252498,67.14268951409021,67.6885604829738,23212000
2019-12-30,66.48316955566406,67.34118857344946,66.39037247271645,67.33176120761757,19994000
2019-12-31,66.46728515625,66.53030841671966,66.10700836784599,66.28863469556742,19514000
2020-01-02,67.92081451416016,67.92081451416016,66.8196375144199,66.91491828092151,27278000
2020-01-03,67.56549072265625,68.17240862427808,66.86081596073402,66.89456517269056,23408000
2020-01-06,69.36638641357422,69.3916926420359,67.0434381998988,67.07469616252293,46768000
2020-01-07,69.2323989868164,69.64875536577131,69.05623219302926,69.49789480129157,34330000
2020-01-08,69.72517395019531,70.06312039428155,69.10932845842892,69.21800440208847,35314000
2020-01-09,70.45714569091797,70.8983085315508,69.98173387535881,70.56333795807842,33200000
2020-01-10,70.91219329833984,71.20895460356724,70.44770820676389,70.93750709598153,26258000
2020-01-13,71.46156311035156,71.53351398026712,70.73405818738722,71.22434937620667,30730000
2020-01-14,70.99308776855469,71.59057063646944,70.85313873662007,71.46005654089402,26076000
2020-01-15,71.42036437988281,71.49877431407914,71.04619262822877,71.11368347743128,21550000
2020-01-16,71.96426391601562,71.99106186638656,71.46007021003983,71.73052581710354,26080000
2020-01-17,73.42125701904297,73.47236924908141,72.28137099518135,72.57862458072043,52424000
2020-01-21,73.55672454833984,73.93536387662941,72.9592340508193,73.39543709748455,48930000
2020-01-22,73.63711547851562,74.46635262161918,73.57707565322256,73.92792510020561,28458000
2020-01-23,73.67781066894531,74.1150132847147,73.4609509628069,73.81974363908597,26650000
2020-01-24,72.75875091552734,74.14973777065077,72.61036646497563,74.08125496952862,29786000
2020-01-27,71.04967498779297,71.29035678349074,70.44275705144024,71.04024762156224,34132000
2020-01-28,71.98112487792969,72.19450892371258,70.98167277704664,71.54640599686525,29724000
2020-01-29,72.28880310058594,72.65801507586868,71.72754546979097,72.37614063669027,21566000
2020-01-30,72.16722869873047,72.2168492041988,71.21194499533239,71.36578143499277,27110000
2020-01-31,71.1017837524414,72.93244966534068,70.81792535833127,72.842628440091,43822000
2020-02-03,73.57410430908203,73.75772216289415,72.28434960562575,72.53445879410422,71636000
2020-02-04,71.7285385131836,72.81681238861734,70.56830620024466,72.17913629710675,95880000
2020-02-05,71.76029205322266,72.67984253452366,70.94793336208039,72.63170618173763,36376000
2020-02-06,73.24507904052734,73.52248589418377,71.980138619887,72.05457315984722,37822000
2020-02-07,73.40090942382812,73.70560645975844,72.72104862525042,72.81930526031172,28360000
2020-02-10,74.86732482910156,74.87824391485704,73.206874148299,73.30761445127459,38302000
2020-02-11,74.93679809570312,75.92037145053452,74.7080273521206,75.09609407520617,34852000
2020-02-12,75.36209106445312,75.44496101891976,74.86782448844302,75.22462568128545,31042000
2020-02-13,75.10204315185547,75.72533203214988,74.63605874593614,74.93381202125033,22914000
2020-02-14,75.36705017089844,75.43255711257372,74.71298785427767,75.15862587664202,23198000
2020-02-18,75.40227508544922,75.9541053185797,74.98393482404958,75.14919009338159,25642000
2020-02-19,75.67174530029297,75.9630471132219,75.47870768352672,75.7873725080763,22746000
2020-02-20,75.28070068359375,75.78091896387954,74.64896876279927,75.38094121635825,25962000
2020-02-21,73.61676025390625,74.98095669681864,73.37012676714123,74.66484088299715,42520000
2020-02-24,70.46061706542969,71.28042685845558,69.81202186636781,70.61892109008193,49560000
2020-02-25,68.79620361328125,71.30375438851503,68.50341762530834,71.01345207622762,51580000
2020-02-26,69.00213623046875,70.15344093186029,68.31135643850625,69.22594718689604,49776000
2020-02-27,65.25445556640625,67.95654311110967,65.21922220576265,67.4473896252563,62290000
2020-02-28,66.46033477783203,66.61913096457909,62.93497008032341,63.23768312012061,80198000
2020-03-02,68.79620361328125,68.85326757659175,65.76312069292557,67.06280243372319,55430000
2020-03-03,66.38440704345703,69.881481998235,65.96358314946141,69.35992539597444,56602000
2020-03-04,68.56196594238281,68.62052161924996,66.34868554057559,67.43845113577657,47598000
2020-03-05,65.24502563476562,67.1739555088367,64.59394677616034,66.77297822404104,54380000
2020-03-06,64.30116271972656,64.64902873567758,62.389107394937724,63.021331540993415,64640000
2020-03-09,60.33363723754883,62.16678659987144,59.45279189368406,59.796197886210365,69252000
2020-03-10,63.280364990234375,63.31411041309765,60.27010895451068,62.24915893290205,54872000
2020-03-11,60.090965270996094,62.37520830714135,59.11037541001644,61.94545674944562,54732000
2020-03-12,55.16072082519531,58.99177508979836,55.00787634557328,55.71007122053141,94326000
2020-03-13,60.258209228515625,60.264660727196514,55.19744391380035,58.30893660682994,79400000
2020-03-16,53.247676849365234,56.8440010306716,52.95389514808521,54.071946637182414,96520000
2020-03-17,55.4837760925293,55.87779830241057,52.06163502643208,54.12305900314687,83194000
2020-03-18,54.150360107421875,54.83518443648212,51.46117548983272,52.599577290272975,93044000
2020-03-19,55.16667556762695,57.198325857658745,52.38171818946068,54.002967616874486,74064000
2020-03-20,53.00996780395508,56.49711985632716,52.706758754959296,56.120960417669764,82878000
2020-03-23,52.311248779296875,52.94545678283434,50.06521879688069,52.422408393551905,83672000
2020-03-24,56.07679748535156,56.241553000148,53.91413715081012,54.78505912386957,72468000
2020-03-25,54.667945861816406,56.87873884091762,53.74442370156079,55.807335766211146,90324000
2020-03-26,57.7099609375,58.13475274319394,54.19204281681304,55.318033766714024,76562000
2020-03-27,55.09669876098633,57.12090537403091,54.786046275483066,55.95074605373595,62794000
2020-03-30,56.88568115234375,57.11842348134996,54.51261275762595,56.20730842285783,58736000
2020-03-31,57.66181945800781,58.230024543303415,56.40977830125608,57.0057770759988,65228000
2020-04-01,54.69175720214844,56.04751444221686,54.264485569081124,55.778546811008695,51970000
2020-04-02,55.43267059326172,55.71751713604939,54.24663221103603,54.58755454494788,56410000
2020-04-03,54.225284576416016,55.52000256570381,53.35089456161916,55.317533807276405,51374000
2020-04-06,58.71585464477539,59.09101833360275,55.828173276543126,56.22517513427911,63320000
2020-04-07,58.684593200683594,60.581265562426175,58.42108508282757,60.39417589671466,61620000
2020-04-08,59.89742660522461,60.28946490723178,58.75356918935831,59.70388923647416,40334000
2020-04-09,59.8760871887207,60.64130526356233,59.17389237351014,60.45223548466913,54028000
2020-04-13,60.06665802001953,60.27061852387035,58.673187257600205,59.62449939214522,38702000
2020-04-14,62.7870979309082,63.309150595298796,60.96635185248098,61.533568790759,63358000
2020-04-15,62.39356994628906,63.27739110806091,61.237305503917405,61.858114536327975,42236000
2020-04-16,62.4000129699707,63.190541018285565,61.44572516498306,62.8818724477295,57896000
2020-04-17,63.47043991088867,64.01631470542216,62.82531274438218,63.60442588043865,51050000
2020-04-20,62.584632873535156,63.362258099804826,62.350898546918685,63.01835609786825,35292000
2020-04-21,60.15349578857422,62.031305781008385,59.798178772892086,61.66954105330568,49648000
2020-04-22,62.44866180419922,63.51410943261754,61.396113387503334,61.590146760430514,46296000
2020-04-23,63.081871032714844,63.92450716957352,62.553862820825465,62.812407383951104,34202000
2020-04-24,63.35133743286133,63.40642126585509,61.73355982484232,62.27943458992633,37402000
2020-04-27,63.066490173339844,64.2197788769828,62.778663975329444,64.11556294045872,44186000
2020-04-28,61.16733169555664,63.756267767576645,61.05766001984028,63.67885736671715,80700000
2020-04-29,66.6057357788086,67.49749627287224,65.83902983742021,66.74567723736092,108358000
2020-04-30,66.8300552368164,66.99381881368947,65.57950183208328,66.06880865105774,55842000
2020-05-01,65.3720703125,67.06478615350073,64.9919467787964,65.70803288109285,48872000
2020-05-04,65.64898681640625,65.72690457976927,64.31457129003013,64.91602978798194,30806000
2020-05-05,66.94518280029297,68.03644021724791,66.25093487839713,66.37350578620796,39666000
2020-05-06,66.76702880859375,67.92130943867623,66.75214189978065,67.39081754771591,31732000
2020-05-07,67.95057678222656,68.28406319438015,67.1198555493269,67.55506663759755,30652000
2020-05-08,68.69794464111328,69.3083306365863,68.08606692584334,68.57289006017024,33326000
2020-05-11,69.6532211303711,70.24574435202634,68.25925819267765,68.32327341716166,32718000
2020-05-12,68.24337005615234,70.18618717942246,68.21012061062113,69.88298191912625,33918000
2020-05-13,66.91094970703125,68.74708288193982,65.90256969528036,68.29201741200168,40368000
2020-05-14,67.3342514038086,67.35955763646824,65.6688332395569,66.17600285388292,36660000
2020-05-15,68.13816833496094,68.21359483390582,66.44793629114194,66.90746926388243,41544000
2020-05-18,68.7396240234375,69.11577969209408,67.20223652116248,67.56847263256927,47094000
2020-05-19,68.20467376708984,69.10238624703199,68.17291603524716,68.75452020009521,31586000
2020-05-20,69.92962646484375,70.07205161178385,68.85078001844624,68.93712559506159,38262000
2020-05-21,69.81004333496094,70.29189913641048,69.19667387656828,70.02045155614233,30894000
2020-05-22,70.13211059570312,70.31869673137085,69.2740915134913,69.66860976577101,28544000
2020-05-26,70.5355453491211,71.713647949531,70.43778849540769,71.55732784975878,44590000
2020-05-27,70.4814682006836,70.7330690901068,69.2071002683885,70.467573246818,31684000
2020-05-28,70.38021850585938,71.68138407216635,69.42940256810242,69.47505524188404,35170000
2020-05-29,71.13849639892578,71.29779236800545,70.26807420727738,70.48890171815204,37044000
2020-06-01,71.20548248291016,71.53846911353084,70.58070188273932,70.75042473296631,25162000
2020-06-02,71.57469940185547,71.60894080375162,70.54745734497106,71.21193893289512,23442000
2020-06-03,71.42284393310547,71.9071833180926,71.0442046165178,71.59405093550622,27732000
2020-06-04,70.1846923828125,71.52556651332753,69.77330339463913,71.30026385813214,26982000
2020-06-05,71.4610595703125,71.7727078334822,69.85320532299941,70.25119916881421,42642000
2020-06-08,71.85906219482422,71.9066987928055,70.68989455246145,70.77922358542683,33878000
2020-06-09,72.05953216552734,72.8396409679758,71.57717666408816,71.72010158033224,33624000
2020-06-10,72.68579864501953,73.08626854872666,72.17267741381319,72.52749464201499,31762000
2020-06-11,69.5693588256836,72.03572441713648,69.39616788575559,71.51118424615481,47144000
2020-06-12,70.11621856689453,71.1876215355899,68.77038463113773,70.75836219306613,36676000
2020-06-15,70.50430297851562,70.71570316794333,68.83987670021038,68.95352001430633,30468000
2020-06-16,71.78114318847656,72.31212725295,70.91369682317725,71.90668995328939,30648000
2020-06-17,72.08235931396484,72.56173892847367,71.21838864270325,72.1022135717086,30610000
2020-06-18,71.16828155517578,72.10371106870679,70.77723135590205,71.94888266167098,34862000
2020-06-19,70.69783020019531,71.68337989176418,70.41793966091524,71.46006869153939,52784000
2020-06-22,71.98905944824219,72.00345416311006,70.42736539823349,70.71618350159525,29442000
2020-06-23,72.65007019042969,73.20686779381253,71.70818932914503,72.05556312633793,37752000
2020-06-24,71.09779357910156,73.2361317269333,70.96380385720279,72.6153265644653,31592000
2020-06-25,71.5146484375,71.57518802053703,70.44472962264075,71.02434975061476,23958000
2020-06-26,67.6161117553711,71.31218435810231,67.24193998415596,71.09433269950638,97640000
2020-06-29,69.33463287353516,69.37582554444442,67.07569949381947,67.50694283958305,45074000
2020-06-30,70.37078857421875,70.66605818577068,68.82645747874786,69.3202318055594,40286000
2020-07-01,71.5593032836914,71.88087861844583,70.1787358774617,70.42636887577747,42182000
2020-07-02,72.94534301757812,73.86787699730431,72.00941384931251,72.04763064781929,57218000
2020-07-06,74.42019653320312,74.93381756362824,73.29519761693808,73.84951154751805,44712000
2020-07-07,73.93736267089844,75.49558906433676,73.92644358399943,74.2455353467762,42364000
2020-07-08,74.61622619628906,74.99188970628182,74.05546070282946,74.47727666073511,31766000
2020-07-09,75.36357116699219,75.88364370968078,74.21872553346911,74.93034396940267,41836000
2020-07-10,76.3734359741211,76.48906316946136,74.47329573069611,75.09509289982257,35918000
2020-07-13,75.04448699951172,78.22693841771529,74.76311232191661,76.91584554850776,42954000
2020-07-14,75.4727554321289,75.56902815362085,73.73935425344632,74.07978441018965,38108000
2020-07-15,75.2752456665039,76.24044892666795,74.32988909406994,75.59036199992138,31026000
2020-07-16,75.17797088623047,75.22709919324242,73.85545927512312,74.51199761223222,26484000
2020-07-17,75.27375793457031,75.60029313499953,74.34328822168523,75.27673380206025,34264000
2020-07-20,77.60563659667969,77.86219724741542,74.5715619416608,75.18194791342034,30166000
2020-07-21,77.21259307861328,78.75742390910581,77.04882953115545,78.65718338377883,27486000
2020-07-22,77.65575408935547,77.76145416596226,76.58285931506369,77.20218043875396,24482000
2020-07-23,75.26879119873047,77.92869400834472,74.86384609206827,77.70935063528133,33910000
2020-07-24,74.84498596191406,75.2032788343059,73.82171932813185,74.39737164643127,29902000
2020-07-27,75.89803314208984,76.30148653573652,75.04944906873521,75.09560151396478,27124000
2020-07-28,74.61870574951172,75.7283180610167,74.46337759336177,75.67819779262315,30910000
2020-07-29,75.60425567626953,76.0915709811105,74.58694068015295,74.68569706970071,22676000
2020-07-30,76.34169006347656,76.46674464281898,74.19788429386662,74.33683382646932,36042000
2020-07-31,73.83959197998047,74.68669194397553,72.15481941817586,74.29118175072095,91468000
2020-08-03,73.58203125,74.32491519567483,73.03416882186066,73.9909441597244,45482000
2020-08-04,73.11257934570312,74.09565287557423,72.65255421158827,73.77805289203164,37212000
2020-08-05,73.39990997314453,73.94132093873706,73.00935957632822,73.28726620357594,29134000
2020-08-06,74.68321990966797,74.7487268564945,73.04311556857003,73.25402355492527,33306000
2020-08-07,74.35668182373047,75.4345363524977,73.7562154445595,74.88618172279968,27718000
2020-08-10,74.27977752685547,74.79239913057806,73.32051831679333,73.98103221485707,20546000
2020-08-11,73.47186279296875,74.95565432900348,73.35524363711775,74.13981242979574,31098000
2020-08-12,74.79685974121094,75.01670289215501,73.6931991158398,73.79840700821114,22512000
2020-08-13,75.2638168334961,76.27220411103852,74.84498438553163,74.84498438553163,22388000
2020-08-14,74.66732788085938,75.41964675043614,74.38793712938963,75.11295828752513,21942000
2020-08-17,75.24348449707031,75.6176638667911,74.68570243226462,75.23008930724868,19990000
2020-08-18,77.20565032958984,77.28455245125708,75.51294236568772,75.73376986800842,28378000
2020-08-19,76.65133666992188,77.85474547284741,76.42256594943116,77.04237922081494,30472000
2020-08-20,78.22148132324219,78.41601066185866,76.14765015883633,76.42108162701231,26382000
2020-08-21,78.18773651123047,78.99711936961243,77.52970640732595,78.00064306227968,34838000
2020-08-24,78.66313934326172,79.83578242130031,78.16142935358315,79.0263920052425,25638000
2020-08-25,79.69039154052734,79.84075235572115,78.30237274468207,78.41254041856305,25150000
2020-08-26,81.59003448486328,82.01979367743536,79.44871983787391,79.7127239652464,52188000
2020-08-27,80.81538391113281,81.78157909214075,80.33352058616987,81.71309628506668,31350000
2020-08-28,81.3567886352539,81.45206939327979,80.67097616967305,80.86252964148268,22418000
2020-08-31,80.86551666259766,81.60840076153923,80.6570923419746,81.56224830979725,26422000
2020-09-01,82.1334228515625,82.33887127868402,80.86550650072458,80.99602062020955,22652000
2020-09-02,85.22557067871094,85.65780598932935,82.38701698489714,82.77508375610142,49522000
2020-09-03,80.86451721191406,84.36258498681123,79.7826871845487,84.33876290318153,63726000
2020-09-04,78.46762084960938,81.13645124591334,76.32183129516275,79.84669677227816,55850000
2020-09-08,75.60872650146484,77.19424291181993,75.25638531461833,75.67820126859465,54032000
2020-09-09,76.78136444091797,77.35154968410572,75.68663149054102,76.8642343918004,39242000
2020-09-10,75.73029327392578,78.0929423126136,75.43006388983795,76.92775032379502,33024000
2020-09-11,75.21966552734375,76.35805971799056,74.09119089442812,75.83451909086573,30706000
2020-09-14,74.87576293945312,77.26620229395557,74.6911607194586,76.00820544352806,42660000
2020-09-15,76.1803970336914,76.96794929706259,75.53428554034802,75.82161195068608,23042000
2020-09-16,75.03753662109375,77.1356820188287,75.01272258332794,76.54564251599456,22128000
2020-09-17,73.79442596435547,74.37107027229393,72.57464602616677,73.73338661244166,40008000
2020-09-18,72.01041412353516,74.19938051714477,71.04421883540799,73.85696644381204,63056000
2020-09-21,70.97076416015625,71.46303920509229,69.6080593619409,71.04420674157839,56908000
2020-09-22,72.44363403320312,72.64958222034359,70.93900374694141,71.97219759731894,33950000
2020-09-23,69.9410400390625,72.10915989592557,69.60806095366121,72.06003158587683,37726000
2020-09-24,70.60948181152344,71.36030890518906,69.58174766242739,69.60805341622337,34552000
2020-09-25,71.41342163085938,71.75483613203042,69.8561874444943,70.71817425152294,30326000
2020-09-28,72.38606262207031,73.09718880945536,71.77170890148732,73.04756831063268,30784000
2020-09-29,72.75130462646484,73.04805837164085,72.15480612490222,72.64659651755203,31816000
2020-09-30,72.73046875,73.75274352180791,72.2421614908849,72.49921433138267,40924000
2020-10-01,73.83711242675781,74.1929292635369,73.286274040048,73.62670420280419,32884000
2020-10-02,72.23421478271484,73.39693074596006,71.824809673111,72.4342036548503,31222000
2020-10-05,73.58551788330078,73.67831497337035,72.4570431761626,72.58408167311056,21602000
2020-10-06,72.00692749023438,73.66936177459218,71.70868203186365,73.2217474911822,26096000
2020-10-07,72.4098892211914,72.89770426386879,71.12410260316045,72.41832463079594,36108000
2020-10-08,73.61528015136719,73.8435511132823,72.72301980086279,72.72301980086279,26076000
2020-10-09,74.95614624023438,75.02562099842726,73.79243836136804,74.08324039010259,32966000
2020-10-12,77.64285278320312,78.82541548276977,75.89158140633867,76.32332446809873,55344000
2020-10-13,77.76590728759766,78.66362705628993,77.34707488199767,78.25918179218979,39072000
2020-10-14,77.58578491210938,78.59863235974427,76.7153626294545,78.13960670707321,33174000
2020-10-15,77.19026947021484,77.9807976103411,76.47865102987744,76.64588265062753,31210000
2020-10-16,77.79718780517578,78.29393046378365,77.29895342687239,77.50588599458379,34194000
2020-10-19,75.92384338378906,78.60260869103162,75.57498539804158,78.20560677367027,29734000
2020-10-20,76.97241973876953,78.10188630763496,75.45488644834482,75.58440861018742,41670000
2020-10-21,78.70482635498047,80.15140068876588,77.76939696227232,77.90387889868303,60322000
2020-10-22,79.73058319091797,80.0660459854062,78.28252459218282,78.65570442381038,30512000
2020-10-23,81.03671264648438,81.09328441349074,79.99110798217251,80.14693590256121,30548000
2020-10-26,78.6204605102539,80.86797460880413,77.80115055828723,80.14444517053825,35826000
2020-10-27,79.34449768066406,79.49932607502853,78.25820767241161,78.85073087185503,25902000
2020-10-28,74.97351837158203,77.10788899788803,74.85839093339294,76.9193189772867,45174000
2020-10-29,77.26025390625,78.84130281711909,75.25887316569779,75.2821954866386,55406000
2020-10-30,80.19953155517578,83.4355865281123,79.47798597119375,82.74679062825668,99878000
2020-11-02,80.60696411132812,82.29024494886494,80.10673821901906,80.56825511870791,44228000
2020-11-03,81.66595458984375,82.32795255609419,80.00103633038269,80.92654621228101,31432000
2020-11-04,86.63789367675781,87.83782697800774,84.5114585454135,84.63948898890001,71342000
2020-11-05,87.46414184570312,88.91915155799254,86.39869055413503,87.85866004494117,39758000
2020-11-06,87.32667541503906,87.76188647164766,86.18281430286245,86.91031908711173,28622000
2020-11-09,87.4105453491211,90.16324512356621,87.21849969739831,89.12559131535588,53440000
2020-11-10,86.23445129394531,87.30933015631211,85.16254829925757,85.83993301927185,43022000
2020-11-11,86.70637512207031,87.4839927088133,86.49943497923725,86.76443103612137,31838000
2020-11-12,86.4875259399414,87.58721871168564,86.24684415165065,86.44683303667651,26474000
2020-11-13,87.94849395751953,88.19016771935601,86.14810166809453,86.74459273573792,29744000
2020-11-16,88.03632354736328,89.0442111765779,87.40608331966793,87.54553261179751,25468000
2020-11-17,87.42245483398438,88.19065257156724,87.31477085146919,87.73012768241678,21314000
2020-11-18,86.37934875488281,87.588217331153,86.27662453313168,87.17335262075193,20108000
2020-11-19,87.26911163330078,87.5132690324479,85.85231873640768,86.0116147048315,20106000
2020-11-20,86.16793060302734,87.75493847570979,86.09944780281101,87.43932242132932,27694000
2020-11-23,85.73025512695312,86.64484600686835,84.86777600478176,86.35851151001768,22530000
2020-11-24,87.53361511230469,87.66164554548067,85.39130128904262,85.72726380732696,27984000
2020-11-25,87.54502868652344,87.85518522073961,86.7624437790224,87.72765454815004,19600000
2020-11-27,88.68093872070312,89.17669693905175,87.56536725366868,87.56536725366868,14790000
2020-11-30,87.06217193603516,88.34944257402769,86.73662876386706,88.11670404267863,32418000
2020-12-01,89.0948257446289,90.40294282397186,87.49044706213408,87.67058926121352,37350000
2020-12-02,90.56421661376953,90.94980721667606,88.58914191662642,89.09481973864247,29424000
2020-12-03,90.40889739990234,91.50014714254405,90.16870781369849,90.34438241647054,24728000
2020-12-04,90.5041732788086,90.78901600192947,89.99947985990944,90.32849868550227,20544000
2020-12-07,90.17020416259766,90.77860623301,89.47594869785405,90.09675400163334,22288000
2020-12-08,89.88733673095703,90.11759919688177,88.89235965969378,89.7478950094271,19936000
2020-12-09,88.22639465332031,90.73296111305527,87.43934203817015,89.83920887889336,31728000
2020-12-10,87.71971893310547,88.08396358785399,86.02651096263251,87.46911000864011,28688000
2020-12-11,88.07454681396484,88.19910921737461,86.97982123428358,87.34009810916706,18628000
2020-12-14,86.95597839355469,88.8189014511486,86.80065024940325,87.87206082320614,33050000
2020-12-15,87.39368438720703,87.53858565705434,86.43046500850052,87.33313722198446,21352000
2020-12-16,87.20062255859375,87.79215371143736,86.797176792218,87.79215371143736,24676000
2020-12-17,86.37289428710938,87.67307576208695,85.90840908366975,87.53511818197795,34880000
2020-12-18,85.66374969482422,86.7624505284676,85.10695960958034,86.65377457814161,85256000
2020-12-21,86.07762145996094,86.19870821457275,84.06482960264226,84.81565683297735,33974000
2020-12-22,85.3659896850586,85.98084315612543,84.64940397118356,85.8180715676323,20370000
2020-12-23,85.76348876953125,86.55153319563468,85.41462325656956,85.55010471511076,22974000
2020-12-24,86.05777740478516,86.46718255529909,85.5709542680901,85.80170893464756,9312000
2020-12-28,88.0328369140625,88.67994788097882,86.43789340684248,86.5912300604431,27650000
2020-12-29,87.22892761230469,88.75291246047898,87.0974215338382,88.69138091250761,19726000
2020-12-30,86.16149139404297,87.72517717388291,85.75208625390715,87.58821155391553,21026000
2020-12-31,86.974853515625,87.21602750872316,86.15355195162485,86.21211520633824,21070000
2021-01-04,85.6592788696289,87.46363865106508,84.71689827186873,87.3400758073068,37324000
2021-01-05,86.35006713867188,86.68652187444044,85.20124606667888,85.6076753306863,20360000
2021-01-06,85.49799346923828,86.54459001427169,84.16903787338767,84.37547823924433,46588000
2021-01-07,88.05170440673828,88.22439556368579,85.69053939531456,85.69053939531456,41936000
2021-01-08,89.21739196777344,89.29331822175078,87.4006138422846,88.191641679299,35484000
2021-01-11,87.15596771240234,88.54993804991724,86.95002711090964,88.18469390854133,34796000
2021-01-12,86.22003936767578,87.73211302288776,85.17543429898133,86.6135656079174,29528000
2021-01-13,86.70736694335938,87.16094060271311,85.71833405616691,85.71833405616691,23432000
2021-01-14,85.89698028564453,87.7147504644655,85.65629851518884,86.78774893221043,29212000
2021-01-15,85.73321533203125,86.72571621304921,84.94368675719375,85.80269009081528,31444000
2021-01-19,88.55440521240234,89.51564055637627,85.99176721747224,86.49645306604887,41660000
2021-01-20,93.2985610961914,94.27369142216018,90.29326846427877,90.63369100589752,64152000
2021-01-21,93.50103759765625,95.8795659562927,93.26581533779938,93.9724816453864,58634000
2021-01-22,93.91838073730469,94.50544439835653,93.12140106015978,93.86379288072814,32744000
2021-01-25,94.00373840332031,95.37041878796863,92.26090988552441,94.91982096292158,50586000
2021-01-26,94.6821060180664,95.06918077277226,93.10304122733542,93.59234042721772,31462000
2021-01-27,90.26497650146484,93.31840541043215,89.19009786238911,93.04249028584238,82512000
2021-01-28,91.96514129638672,93.69159105835183,90.86346464048778,90.86346464048778,55278000
2021-01-29,90.68282318115234,91.68425930662701,89.40250361723265,91.0133261797353,44530000
2021-02-01,93.94369506835938,95.05876695305972,91.537869114529,91.537869114529,40252000
2021-02-02,95.2364273071289,96.73758204200149,94.60370337579502,94.93917374200196,66332000
2021-02-03,102.17202758789062,104.54112860676844,99.922521611961,102.50600624841188,97882000
2021-02-04,101.9114761352539,102.68909362124872,100.99191812912186,102.25835014362768,48596000
2021-02-05,103.65827941894531,104.01111275805967,101.73134112371685,102.20575339863728,29866000
2021-02-08,103.44440460205078,104.95697814818854,102.39384771098673,104.2126024166411,28828000
2021-02-09,102.9913330078125,104.13866240440814,102.72385326200276,102.96205138124002,21892000
2021-02-10,103.54166412353516,104.15701742365931,101.84250453722669,103.37591665062041,25102000
2021-02-11,103.6543197631836,103.91484823820412,102.66727833879833,103.76597915086751,20480000
2021-02-12,103.9659652709961,104.1877847485389,102.90100612778934,103.20868656852795,18990000
2021-02-16,104.74359130859375,106.45267806427309,103.80319453901487,103.80319453901487,31004000
2021-02-17,105.13661193847656,105.3261814870926,103.63446540978451,103.91384859595338,20294000
2021-02-18,104.50092315673828,105.30386215822301,103.8816019889264,104.46073001635577,22546000
2021-02-19,103.65730285644531,105.13464313280102,103.39032286421694,104.59919142849432,37938000
2021-02-22,101.94275665283203,103.2364866636668,101.63210788638077,101.91000696569243,29466000
2021-02-23,102.23355102539062,102.84791239328172,98.76525719424058,99.94435185295079,34658000
2021-02-24,103.40916442871094,103.63297538297377,100.61627147183141,100.74082627734853,22608000
2021-02-25,100.04161834716797,103.36897879825909,99.57216580668543,102.02562835554662,41548000
2021-02-26,100.3373794555664,102.05490166561077,99.30021775417421,100.7363652714973,40042000
2021-03-01,102.70697784423828,103.03301325641854,100.95819013474573,101.63209913010583,26060000
2021-03-02,102.44992065429688,103.95157512845779,102.06235368431534,102.46778343065205,25564000
2021-03-03,99.81631469726562,103.02109639925452,98.95233642673433,101.82811444002907,33892000
2021-03-04,100.93387603759766,102.95162763201309,99.51955914782164,99.98801971974596,49216000
2021-03-05,104.06719207763672,104.52026594581169,100.62867233193391,102.28466284780541,53100000
2021-03-08,99.62228393554688,104.89444552557276,99.50764868129858,103.42158052102567,36868000
2021-03-09,101.25296020507812,102.42212772357182,101.01674600755987,101.71894467377746,33920000
2021-03-10,101.0460205078125,102.2970659351344,100.20933995964218,102.2970659351344,27100000
2021-03-11,104.23938751220703,104.7718632506031,102.05142107793417,102.1392583726639,27702000
2021-03-12,101.73136138916016,103.10150992688892,100.8589551147187,103.04196228478388,33818000
2021-03-15,101.9516830444336,101.97897318600187,100.62917885594194,101.48223051757223,26168000
2021-03-16,103.41314697265625,104.89147154660814,102.1923674371934,102.52485435636942,31900000
2021-03-17,103.33026885986328,104.16297408675445,101.43955571786044,102.64792444093051,26382000
2021-03-18,100.30909729003906,102.66181951662611,100.2019054886591,101.64102887234584,31700000
2021-03-19,100.5879898071289,101.08820812478666,99.39549992944659,100.72545519221457,46072000
2021-03-22,100.7730941772461,101.64897601791101,99.9448489322674,100.62124164348486,33536000
2021-03-23,101.30110168457031,102.4315602691178,100.63960345971093,101.23261887288946,28510000
2021-03-24,100.86439514160156,102.60473976614479,100.68921273652307,101.81867923928972,25218000
2021-03-25,100.86093139648438,101.51498617081897,99.05606400581422,100.6917082778307,35616000
2021-03-26,100.47733306884766,101.20483044037542,99.44115570408202,100.82768277882265,27978000
2021-03-29,101.52241516113281,101.69213801960343,99.52054260203612,100.34977968394811,26492000
2021-03-30,101.55615997314453,102.36008322012735,101.04403069724982,101.87921947703718,27312000
2021-03-31,102.35265350341797,103.53075620217572,101.58247178886016,101.94969987021643,42570000
2021-04-01,105.6904296875,105.98669127491928,103.78731339954884,103.82800630103871,39880000
2021-04-05,110.11599731445312,110.61373952658637,106.45614993329092,106.55242264996384,48510000
2021-04-06,109.63463592529297,110.56461342527915,109.26393976837547,109.71701369040595,35240000
2021-04-07,111.11196899414062,111.38341654754359,109.82519037364484,109.82519037364484,24134000
2021-04-08,111.67768859863281,112.73768033730468,111.30946858743064,112.35109778749995,28664000
2021-04-09,112.68209838867188,112.84586194117158,111.0241239862525,111.43006102264019,26146000
2021-04-12,111.38936614990234,111.99826033542475,110.55566149487322,111.86080254119268,25024000
2021-04-13,111.8761978149414,112.32481171879675,111.31146450496534,111.70549055106234,25682000
2021-04-14,111.25489044189453,112.52132265803313,110.96260423492673,112.52132265803313,21002000
2021-04-15,113.40562438964844,113.93909964977729,111.71440816514466,112.24936757265024,29174000
2021-04-16,113.28157043457031,113.85176324145186,112.69450680826098,113.60363801209377,26282000
2021-04-19,113.62945556640625,114.34058187974813,112.65780076460334,112.65780076460334,30290000
2021-04-20,113.09597778320312,114.08797894990056,112.00968781654448,114.01304464501652,22288000
2021-04-21,113.063232421875,113.14511042002438,111.39929855085491,112.75059219366896,23204000
2021-04-22,111.78141021728516,113.58577771200164,111.17598403868455,112.9168285050062,24146000
2021-04-23,114.13414001464844,114.44132071147847,112.2146449476843,112.49998747236313,29066000
2021-04-26,114.63038635253906,115.35491539207553,114.0046137037265,114.36191465854154,32038000
2021-04-27,113.68998718261719,115.05318417666454,113.45078956312143,115.01249127701054,44386000
2021-04-28,117.06747436523438,120.65734705575763,116.77865622813731,118.72792498547076,81106000
2021-04-29,118.7408218383789,119.3065470422006,117.80240903725968,118.56564700649055,41234000
2021-04-30,116.79256439208984,118.19943039371044,116.44816640568712,117.51311809663473,44856000
2021-05-03,116.27545166015625,118.18452723288044,115.89929599373691,117.35876574374358,28242000
2021-05-04,114.47654724121094,115.37773525338912,111.98785142103567,114.81002610533777,44818000
2021-05-05,114.87057495117188,115.87448718948492,114.54850735953089,115.55837890460862,26636000
2021-05-06,115.99109649658203,115.99109649658203,113.79221092567428,114.45172515333141,25190000
2021-05-07,116.71463012695312,117.67338940045705,116.42829567342216,117.30815282057624,28898000
2021-05-10,113.72820281982422,115.67598742632394,113.37040211218113,115.5340544612841,30914000
2021-05-11,112.6518325805664,113.15900213602517,110.8583841691217,111.31245758968727,34186000
2021-05-12,109.18750762939453,111.5561162328278,108.85849635134446,110.47478602478672,46376000
2021-05-13,110.6162109375,111.13230806057291,109.5085750545865,110.47130211457284,33204000
2021-05-14,113.06470489501953,113.37932900228232,111.65634743812632,112.0801472464364,31996000
2021-05-17,113.58776092529297,113.6304377384808,111.92978642061708,112.3297641754445,21598000
2021-05-18,112.27518463134766,114.5187387900611,112.26128967783525,114.25423490932972,22204000
2021-05-19,112.7232894897461,112.89648041648023,110.43756603914663,110.58594292832795,23684000
2021-05-20,114.48249816894531,114.73309949048301,113.3197822443816,113.69097811635923,32352000
2021-05-21,113.8463134765625,115.07503626023684,113.60662363633259,115.00158609753292,40632000
2021-05-24,117.16670989990234,117.39051326390104,114.73111050101389,114.87651150911725,31832000
2021-05-25,117.2575454711914,118.30611849730967,116.86699504788572,117.71061940003706,22440000
2021-05-26,118.12300109863281,118.5537446380502,117.43568933655425,117.43866520384775,21572000
2021-05-27,117.24810791015625,118.55671711942162,116.92951595867764,118.55671711942162,35224000
2021-05-28,116.95879364013672,117.91258561269424,116.76029647620672,117.83070761492301,21482000
2021-06-01,118.16616821289062,118.3909711309442,116.83125322941245,117.83169739325494,23354000
2021-06-02,117.64064025878906,118.7844939306939,116.73596907023163,118.5616749306312,21158000
2021-06-03,116.4987564086914,116.96721693634349,115.60252825216205,116.4069512905772,18696000
2021-06-04,118.78101348876953,119.05196883289784,117.2346984558086,117.57512855840817,24458000
2021-06-07,119.2142562866211,119.3239317671164,118.1572478636839,118.57608038074805,24120000
2021-06-08,119.022705078125,120.06880200713763,118.84107872315361,119.69612193073363,24240000
2021-06-09,119.49413299560547,119.73927477924008,118.94627056496574,119.66732391656954,17942000
2021-06-10,120.84343719482422,120.88661377093757,119.287694745619,119.44351508642232,25904000
2021-06-11,120.59879302978516,121.17047000516757,120.04100343499866,121.08511637699016,21958000
2021-06-14,121.52728271484375,121.52777490664751,119.99337074452207,120.70102140342084,22098000
2021-06-15,120.50897216796875,121.85479867979801,120.1481955864892,121.5317391337335,21562000
2021-06-16,119.8668212890625,120.97197359175446,118.57409090880724,120.66032532200343,26472000
2021-06-17,120.83053588867188,121.603693441412,119.59636123311135,119.7923822856336,25842000
2021-06-18,119.21028137207031,120.69108957521395,119.1150006147533,120.45685929101408,46116000
2021-06-21,120.89901733398438,121.0851112549705,118.99936913469928,119.59685965102948,27414000
2021-06-22,121.41313934326172,121.48212191742986,120.15614205708611,120.83699476359857,22390000
2021-06-23,121.2111587524414,122.17239413660434,120.92085647379636,121.17790930527332,19148000
2021-06-24,121.58136749267578,122.13269801966713,121.38287032972356,121.779864655628,21362000
2021-06-25,121.58980560302734,121.71337603387175,120.65338419848014,121.08511970218902,34594000
2021-06-28,121.61709594726562,121.86422922179605,120.49507286854836,121.758521573653,28526000
2021-06-29,121.35557556152344,122.09846715134644,120.77843902634659,121.75059355767355,23108000
2021-06-30,121.17394256591797,121.34018980324502,120.44445377750469,121.07965376613676,24474000
2021-07-01,121.52629089355469,121.66771652938495,120.62013549310655,120.81218116296395,18110000
2021-07-02,124.31819152832031,124.46359255881022,122.13667630698805,122.22649752476075,25982000
2021-07-06,125.24369049072266,125.47990467415667,123.64823954552753,124.7062473785761,26404000
2021-07-07,125.52556610107422,126.32948945977284,125.20697413933541,126.208410278611,24060000
2021-07-08,124.10627746582031,124.65364012038974,123.09194599924523,123.09591382193557,23790000
2021-07-09,124.57723236083984,124.7916083872216,123.61748109045698,124.08743338198082,18632000
2021-07-12,126.02330017089844,126.11659701235094,124.66903075282382,125.2317800964702,17668000
2021-07-13,126.38655090332031,127.09717735782496,125.72455299411631,126.0858217415927,19240000
2021-07-14,127.27532958984375,128.35666725001767,126.95524594909692,126.99842252215028,23742000
2021-07-15,126.05257415771484,127.73486288138461,125.58113774435483,127.6842504239584,24218000
2021-07-16,126.0178451538086,126.8530340257524,125.20747031972039,126.70564909050017,20424000
2021-07-19,123.64378356933594,125.2585814894931,122.57882443943065,125.14394623897842,27968000
2021-07-20,125.26305389404297,126.09029957274659,123.41799344616328,124.58616145014766,26312000
2021-07-21,126.59251403808594,126.63915867752108,125.07844872969363,125.18762444582607,20746000
2021-07-22,127.45845031738281,127.5194972412647,126.54287518623292,126.88528921475424,14302000
2021-07-23,132.0175018310547,132.39862482827255,128.82711495157838,129.4523801977889,41506000
2021-07-26,133.02987670898438,133.23035779403736,131.30937099591478,132.32867753093342,30572000
2021-07-27,130.91087341308594,133.39114148344112,129.12835158486462,133.24375654153485,54710000
2021-07-28,135.0734100341797,137.25989239813106,134.26303523992692,135.28977752970368,95130000
2021-07-29,134.75929260253906,135.63616633400994,134.52655404007479,135.12899677919694,31716000
2021-07-30,133.7161865234375,134.2898550052644,133.24822569744882,134.0223752606491,25576000
2021-08-02,133.84323120117188,134.3216113441576,132.79068281831607,134.10375968033432,21634000
2021-08-03,134.6129150390625,134.71413996372158,132.31974039561504,134.1216167474908,20762000
2021-08-04,134.11219787597656,134.63227046149845,133.4784819870635,134.33451713154457,19676000
2021-08-05,135.229736328125,135.32750833169953,133.83477396423808,134.66301914321753,17870000
2021-08-06,134.72059631347656,135.44910079449588,134.196071269819,135.0218328558006,20488000
2021-08-09,135.8862762451172,136.15525526849018,134.32457443388773,134.92306449777362,17760000
2021-08-10,135.78109741210938,136.7393570510602,135.3419108529695,136.31207396210945,19414000
2021-08-11,135.2570343017578,136.6499975345085,135.2495832758659,136.15276271111506,15352000
2021-08-12,136.16517639160156,136.27038427949398,134.4099447510758,134.95580816135285,16506000
2021-08-13,136.6946563720703,136.82270194737035,136.0053759091246,136.22074387202724,15948000
2021-08-16,137.27232360839844,137.3249351316468,134.28440101461297,136.49370638192505,22384000
2021-08-17,135.63665771484375,137.2286329994701,135.06150515244326,136.7169958893501,21716000
2021-08-18,134.4332733154297,136.0763610262698,134.30672701456993,135.47638678008008,19258000
2021-08-19,134.66249084472656,135.32994818680456,133.2432220799458,133.42733205447993,21782000
2021-08-20,136.39892578125,136.52248864700474,134.23576540706904,134.98014118566647,31194000
2021-08-23,138.9913330078125,139.8180789523817,136.57557987363364,136.93486475189124,28454000
2021-08-24,140.20216369628906,141.01452236958926,139.28608129387433,139.55702905815937,19268000
2021-08-25,141.01353454589844,141.12321001802496,140.31581862814912,140.56294433294897,15848000
2021-08-26,140.37985229492188,141.34951565478207,140.29696718889772,140.687025436798,20610000
2021-08-27,142.92408752441406,143.42877334902713,140.43588418463617,140.5902203658404,28780000
2021-08-30,143.50621032714844,144.87586650188038,143.08191071362054,143.3171329571625,24434000
2021-08-31,143.61239624023438,144.08284070648722,143.1990308749765,144.05853400521448,22448000
2021-09-01,144.12652587890625,145.15723608656572,143.79701482675657,143.91264203896188,21936000
2021-09-02,142.21249389648438,144.4282505704674,142.1112538267308,144.12702918117816,32342000
2021-09-03,142.6615753173828,143.07395626316057,141.33261222025337,142.00752066125906,19850000
2021-09-07,143.1985321044922,143.48089873899315,142.5419937114171,142.75587753973872,20124000
2021-09-08,142.61346435546875,143.31714724471485,141.92765181614863,143.0194090417109,18344000
2021-09-09,142.46458435058594,143.22831458600484,142.10381533079317,142.76183791118086,15314000
2021-09-10,139.81956481933594,143.63324834342055,139.6825992095329,143.13103101123474,36840000
2021-09-13,141.26513671875,141.87799874708952,140.1907502683079,140.88499809629892,22094000
2021-09-14,141.4755401611328,142.28791402642847,140.68700352159263,141.9231620681561,19674000
2021-09-15,143.346435546875,143.3672741920818,140.28754656710873,141.7008640719296,27408000
2021-09-16,142.5330810546875,143.21790922466803,141.3336473735186,142.8710275521027,26190000
2021-09-17,139.744140625,142.37426215695461,139.4166134851855,141.95791332781604,53384000
2021-09-20,137.67922973632812,137.95762854767855,135.29971724995474,137.12541555299168,46518000
2021-09-21,137.99038696289062,138.961549489437,137.24104391217074,138.70150564295537,25332000
2021-09-22,139.23150634765625,139.83048106126535,137.51249995610252,138.25935937751655,25056000
2021-09-23,140.1570281982422,140.6339242140277,139.34863720343068,139.93024135046866,20952000
2021-09-24,141.14854431152344,141.2631871572942,139.18934805370702,139.48461774511946,22984000
2021-09-27,140.0140838623047,140.87408668323022,139.0171154416389,139.7485880718307,21882000
2021-09-28,134.81138610839844,138.05338477701864,134.3449095186798,137.6151978525683,45772000
2021-09-29,133.34596252441406,136.12248424162405,132.861130950565,135.95276138761872,30848000
2021-09-30,132.67355346679688,134.5260573598816,132.5544581975898,133.25467295688009,37996000
2021-10-01,135.51905822753906,135.88381020641216,133.06757963803923,133.4392677350906,35360000
2021-10-04,132.65716552734375,134.94090486104298,130.0672375051425,134.94090486104298,51202000
2021-10-05,135.00296020507812,136.195457682752,133.03582852986017,133.03582852986017,32404000
2021-10-06,136.5334014892578,136.7170117498164,133.54101160192383,133.739508771599,24364000
2021-10-07,138.1809539794922,138.99182860687787,137.61125333266637,137.850443401675,25110000
2021-10-08,138.7372589111328,139.2786547710328,138.17350997032952,138.53031118041213,26526000
2021-10-11,137.8722686767578,139.6567893779869,137.81767325329827,138.24743994592924,17954000
2021-10-12,135.42578125,138.46084813693733,134.74193748410298,138.43404261228585,36332000
2021-10-13,136.5502471923828,136.96511180410653,135.49521531767547,136.37208893538062,19654000
2021-10-14,140.09251403808594,140.27760845343832,137.78395264117304,138.42808787011938,31894000
2021-10-15,140.307861328125,140.65524269555343,139.69946688773342,140.55251849051083,30274000
2021-10-18,141.70729064941406,141.7251609960852,140.01160677138375,140.01855803335158,20396000
2021-10-19,142.16287231445312,142.58518805329703,141.53065568841217,142.3122411781201,20164000
2021-10-20,140.70587158203125,142.4695538565035,140.3163131219319,142.2631058944433,23288000
2021-10-21,140.82199096679688,141.08997046295738,139.44638307898973,140.70586399440023,26292000
2021-10-22,136.53488159179688,139.52875553803523,135.03571082515822,138.10650299028052,50588000
2021-10-25,136.41627502441406,136.9651218337323,134.40843556139117,136.51849946532073,34412000
2021-10-26,138.26380920410156,139.0324915543169,137.26734051447318,138.21914848241224,49236000
2021-10-27,145.12098693847656,147.53524032864095,138.35957512544428,138.35957512544428,85782000
2021-10-28,144.75527954101562,146.0544690636937,143.54244317975258,146.03114674370437,36206000
2021-10-29,146.935791015625,147.13032034071645,143.5647621281139,143.99004609130722,43320000
2021-11-01,142.4208984375,146.93579626429255,142.15143480145554,146.93579626429255,46924000
2021-11-02,144.34188842773438,145.50956421119818,143.25311477300548,143.49528827408025,33482000
2021-11-03,145.4986572265625,145.5691239438991,143.50670412146945,144.8063781414798,27494000
2021-11-04,147.15562438964844,148.61063405572054,145.21081578710826,146.02119056573684,38412000
2021-11-05,147.73574829101562,149.20017778946539,147.08566141589458,148.05085702722778,38354000
2021-11-08,147.91343688964844,149.48555826475854,147.31743040930994,148.70147391682195,23052000
2021-11-09,147.80174255371094,148.71087370768657,146.1407847267169,148.11388298473145,19530000
2021-11-10,144.79942321777344,146.95961498797055,143.4536043601575,146.39388220777226,29970000
2021-11-11,144.6733856201172,146.42913217183607,144.50863009769796,145.39097096057034,16518000
2021-11-12,147.56304931640625,147.73377171558494,144.3205504253786,145.5160161174187,22360000
2021-11-15,147.33871459960938,148.4279877880101,146.46829254773198,147.78385275308187,23508000
2021-11-16,146.76707458496094,147.64691660374896,146.20779328379493,147.03852213551875,18904000
2021-11-17,146.93678283691406,147.44543653660836,146.13584294303453,146.91742834177577,19594000
2021-11-18,148.71485900878906,149.45129909726722,146.77551730421044,147.1298348231303,35608000
2021-11-19,147.80970764160156,149.83441828627738,147.7824174970797,148.85083725616562,33682000
2021-11-22,145.2048797607422,148.70592331969485,145.05154308495818,148.2126562711061,30594000
2021-11-23,144.68878173828125,145.5602035724951,143.03429028793806,145.05700179836145,27218000
2021-11-24,145.0242156982422,145.1527458877794,143.29032269361113,144.38256427836453,18040000
2021-11-26,141.1167449951172,143.47343471608676,140.7787985817031,143.26600240488204,30470000
2021-11-29,144.4391326904297,145.20037906946195,142.81440036078905,142.92010799071076,32596000
2021-11-30,140.8334197998047,144.90514856073972,140.53963428895196,143.9210829537651,42068000
2021-12-01,139.9937286376953,144.8559922423106,139.85527889177976,142.9201188972118,34020000
2021-12-02,141.8938751220703,142.78563565182435,139.1629985850342,140.1907403286436,29194000
2021-12-03,140.93663024902344,143.31714251294005,139.24888176478848,142.603540088609,41230000
2021-12-06,142.08148193359375,142.77374594125564,139.0990115301262,141.9678386286235,30618000
2021-12-07,146.16513061523438,146.42467472211027,144.138436129141,144.5046722790173,32240000
2021-12-08,147.07522583007812,147.2801896212736,145.30809084120318,146.48965394073545,24270000
2021-12-09,146.53134155273438,147.9818836126796,146.0117688087392,146.48419715632372,23270000
2021-12-10,146.89163208007812,147.86031099599933,145.60386142739566,147.58489560327317,24458000
2021-12-13,144.73294067382812,146.86036006274796,144.42625220003177,146.67326661525007,27070000
2021-12-14,142.82781982421875,143.39652088196925,140.15600616019245,142.88836698093175,38446000
2021-12-15,145.34280395507812,145.6207029675227,140.61552216017054,142.33354383149216,36370000
2021-12-16,143.36181640625,146.56957435647965,142.5300879554228,146.0668723499837,33650000
2021-12-17,140.66220092773438,142.75587874027252,140.24038500191537,141.43138309383306,50416000
2021-12-20,140.54507446289062,140.7113292733153,138.27622180996892,138.95013079239632,27192000
2021-12-21,142.39659118652344,142.79011743592406,139.4488622569165,140.9882260878411,28756000
2021-12-22,145.31703186035156,145.4014011115473,141.99464616719504,141.99464616719504,26322000
2021-12-23,145.8147735595703,147.1318182358359,145.3537488598615,145.40139302599,26384000
2021-12-27,146.79733276367188,147.23155191988448,146.06586006399732,146.15171345394464,15976000
2021-12-28,145.58697509765625,147.18688605386762,144.95922615738593,147.12435498406532,18200000
2021-12-29,145.55520629882812,146.31150052438304,144.5552695994406,145.54478697871397,17788000
2021-12-30,145.1041259765625,146.19538324277852,144.89967709451196,145.59392492050907,15688000
2021-12-31,143.76576232910156,145.59841206525712,143.76576232910156,144.95477660937993,18136000
2022-01-03,143.9042205810547,144.7572723479934,142.6353045632969,143.96723628198907,28646000
2022-01-04,143.316650390625,145.38650621065128,142.6387735560891,144.30566816404834,28400000
2022-01-05,136.7418212890625,143.41589690893608,136.65548327199204,143.3369947744093,54618000
2022-01-06,136.7145233154297,138.89058651246134,135.5344442800259,135.97114712472833,37348000
2022-01-07,135.98948669433594,137.41025492629657,134.74836087315734,137.10951820455404,29760000
2022-01-10,137.6295928955078,137.77847711136317,132.16588595061782,134.0650342896381,44408000
2022-01-11,138.6881103515625,139.1645217290707,135.66744595665384,136.9720874131419,28730000
2022-01-12,140.36988830566406,141.53856351346735,139.63941518856805,140.09148951411504,26108000
2022-01-13,137.54774475097656,141.7787770936722,137.37107060354336,140.47858803319025,31436000
2022-01-14,138.4345245361328,139.68656954146815,135.97114257121223,136.05102908212427,29662000
2022-01-18,134.9781494140625,136.10314842718847,134.42285105215512,135.15382402606036,34872000
2022-01-19,134.10325622558594,136.92493874451395,134.00301568869605,135.49970276827796,28648000
2022-01-20,132.3078155517578,136.59394277770195,131.96738542394968,135.2282544434575,29908000
2022-01-21,129.37399291992188,133.85413470989914,129.11098076605415,131.59918447816986,55652000
2022-01-24,129.8230743408203,130.21908421614395,123.56634850498187,125.03326152435547,76622000
2022-01-25,125.98309326171875,128.4286198444803,125.55185757799042,127.77456517516126,46960000
2022-01-26,128.26388549804688,132.0026351291837,126.18856248123481,130.13574398925348,49130000
2022-01-27,128.03758239746094,131.6577209195891,127.96561639041133,130.31933794967972,31950000
2022-01-28,132.3509979248047,132.3564650399575,127.52149075583363,128.68668292409265,34362000
2022-01-31,134.28884887695312,134.45708760059057,131.21805677014638,133.15591425848223,39986000
2022-02-01,136.61180114746094,136.75968585207823,133.36086675449982,136.56267283391475,68644000
2022-02-02,146.89013671875,150.41003482370965,144.43122234361599,150.11576472101984,123200000
2022-02-03,142.01698303222656,148.55260963565485,141.5956667872349,144.61287870275208,71518000
2022-02-04,142.21844482421875,143.78858213047806,139.4612771720624,142.3688132081946,57998000
2022-02-07,138.15711975097656,143.16825272340563,137.85836692860573,143.16825272340563,54974000
2022-02-08,138.3536376953125,138.95012868811895,135.98652845498887,137.98393352600814,54284000
2022-02-09,140.53018188476562,141.45569926676154,139.13571933998102,139.90640076704875,40144000
2022-02-10,137.5804901123047,140.42351129626465,136.92246749211452,138.6558762627554,39330000
2022-02-11,133.2755126953125,138.11295539537267,132.39962332012644,137.5606404788322,39958000
2022-02-14,134.5096893310547,135.27788715232825,132.25720762086638,132.25720762086638,34302000
2022-02-15,135.58407592773438,137.07282740423187,134.80297510881232,136.5388523034239,26680000
2022-02-16,136.70510864257812,137.05049099274288,133.9122003011313,135.62178690030257,25022000
2022-02-17,131.54507446289062,136.08526315724788,131.48502706977027,135.22129248130244,38950000
2022-02-18,129.42510986328125,133.06461847926178,129.2201611900481,132.46612837230094,45620000
2022-02-22,128.8400421142578,131.18928131742402,127.26195393463564,128.8643488187509,44990000
2022-02-23,126.63121032714844,131.0607395809099,126.57116292849084,130.66126157793636,32786000
2022-02-24,131.69593811035156,132.0026265987599,124.01646653856334,124.01646653856334,54456000
2022-02-25,133.451171875,134.25707905584127,130.76347180550337,132.55047613745694,36406000
2022-02-28,134.04420471191406,134.73348521833475,131.5981781769132,132.05225159221422,38864000
2022-03-01,133.05615234375,135.23369956009327,132.21948692768655,133.8670269115429,26496000
2022-03-02,133.5623321533203,134.24814455333347,132.07358086324874,133.61841172309505,23520000
2022-03-03,132.89537048339844,135.41631592852903,132.02791664044642,134.99003246039214,24604000
2022-03-04,130.91729736328125,132.8477186355428,129.36006340855093,131.93065191964706,30430000
2022-03-07,125.43077850341797,130.7471083714347,125.34790098196343,130.50196658252938,45112000
2022-03-08,126.1513442993164,130.26575741329103,124.7320675537548,125.3032523689752,40428000
2022-03-09,132.41946411132812,132.73260407205578,128.92635657630487,130.26573904313827,37026000
2022-03-10,131.43641662597656,132.27259751382948,129.9307942927176,130.28164376257828,27102000
2022-03-11,128.89659118652344,132.7921603804447,128.659385038366,132.48745580910284,31526000
2022-03-14,125.00647735595703,129.43104655251307,124.33555183566477,129.27324230165655,38812000
2022-03-15,128.22914123535156,128.88072746557518,124.77771812675637,126.02380390981074,30920000
2022-03-16,132.28102111816406,132.33311772405185,127.76910672795162,129.75262441968042,35576000
2022-03-17,132.8353271484375,133.0750169543275,131.19372381937578,132.15049913160888,28264000
2022-03-18,135.1046905517578,135.22230167112554,131.2666850458185,132.42394150815238,44566000
2022-03-21,135.0808868408203,136.02227568775655,133.08694951089777,135.14241839412708,26832000
2022-03-22,138.81910705566406,139.9922498612945,135.08085776199704,135.08085776199704,35496000
2022-03-23,137.23854064941406,138.54169770213193,136.80135325853377,137.66234042585836,25154000
2022-03-24,140.51034545898438,140.5569900941861,136.7175005538764,138.1561240851599,26396000
2022-03-25,140.61058044433594,140.9698652761117,138.68959391227574,140.8517544009212,24126000
2022-03-28,140.3947296142578,140.9376247499745,138.76304562317353,139.84388368780657,35050000
2022-03-29,141.4368438720703,142.71519472589625,140.97335063207385,141.57779246166834,34318000
2022-03-30,140.87408447265625,141.65021781088518,140.53812197630958,141.39167328610918,19884000
2022-03-31,138.0246124267578,141.04230801546345,137.98193561849044,140.9877125953769,37524000
2022-04-01,139.09950256347656,139.4175947580096,137.2703210012843,138.453883236437,25942000
2022-04-04,141.8993682861328,142.63432431956434,139.25832732948422,139.305971501773,25942000
2022-04-05,139.53668212890625,141.91817820617155,139.32974959089583,141.7975988101207,21418000
2022-04-06,135.52401733398438,138.31542612185672,134.50074308822178,137.7095002017028,32468000
2022-04-07,134.86949157714844,136.13592396737522,133.22093656578176,134.9900710123702,26234000
2022-04-08,132.28797912597656,134.65260481245758,131.96838763466556,134.56675141890017,25142000
2022-04-11,127.85743713378906,131.10191968446424,127.70360071081004,130.83493973755566,36884000
2022-04-12,126.75675964355469,130.6131276162825,125.83820106848967,130.6131276162825,32710000
2022-04-13,128.919921875,129.3566247373108,126.78306734700756,127.04012777095205,27928000
2022-04-14,125.77964782714844,129.5010341712906,125.65160981411958,129.5010341712906,31598000
2022-04-18,126.71904754638672,127.25102357948299,125.23575564563903,126.04762222036051,20808000
2022-04-19,129.0340576171875,129.35561786649717,126.04711985372514,126.73393183820416,26490000
2022-04-20,127.07981872558594,130.41363823819555,126.54387486028567,129.91043648589024,31696000
2022-04-21,123.87850189208984,129.12287322992793,123.59265963521985,128.28074070309174,36446000
2022-04-22,118.73834991455078,124.46160921970547,118.03318293050306,124.06262339881272,56884000
2022-04-25,122.15106201171875,122.35303480833002,117.62228414008575,118.20785607828329,46128000
2022-04-26,117.76023864746094,121.59129290122091,117.62228107667312,121.37740906871237,73054000
2022-04-27,113.43740844726562,116.36279970985137,111.89109321295378,113.61109157996927,91820000
2022-04-28,117.6336898803711,118.75223733155552,113.2592408453906,115.54199599993349,48884000
2022-04-29,113.25376892089844,117.03569436950045,112.96098299759151,115.85908356209936,42676000
2022-05-02,115.708740234375,115.87002012682098,111.75560719290151,112.55457077295934,35534000
2022-05-03,116.45410919189453,117.55380196982412,115.16435465778821,115.55738116745341,24968000
2022-05-04,121.34416198730469,121.93320955294836,114.25273835602403,116.15387837554545,49916000
2022-05-05,115.63182067871094,120.13132441982566,114.14306924777586,119.30258703193357,45840000
2022-05-06,114.87852478027344,116.68984380092056,113.16051019040141,114.32074268485438,39710000
2022-05-09,111.66726684570312,114.2140259534267,111.1605970905631,112.40072341287154,40802000
2022-05-10,113.53713989257812,115.37823243873659,112.05384804886181,114.64130019962774,39900000
2022-05-11,112.7505874633789,115.49187605345283,112.38733478952014,112.38733478952014,37534000
2022-05-12,111.9977798461914,113.43789516198555,109.00092247698522,110.54227785783269,53836000
2022-05-13,115.18022918701172,116.99104817996168,112.75307250236035,113.67410719481575,35038000
2022-05-16,113.58676147460938,115.29882395655737,113.03543099853194,114.09343122897408,25990000
2022-05-17,115.59956359863281,116.02336344596293,114.00858771379083,115.96430800340062,23054000
2022-05-18,111.06035614013672,114.53460916918733,110.71893406247878,114.13760728159772,35126000
2022-05-19,109.55622100830078,112.16252780264969,109.1750980007813,110.59586629730997,34144000
2022-05-20,108.09127807617188,111.342219588695,105.00311572660543,111.11145738973211,48962000
2022-05-23,110.65194702148438,111.3065015318097,107.92554522357145,108.76570147382164,37184000
2022-05-24,105.17532348632812,105.66016266842033,101.12045838122785,104.97881024305309,76780000
2022-05-25,105.01155853271484,105.70134635864694,103.0776689447451,104.19820028544912,40258000
2022-05-26,106.9841537475586,107.83472166540481,104.4359029084361,104.88451675621047,37948000
2022-05-27,111.47423553466797,111.47572725445181,108.32006598746688,108.66198784959495,37914000
2022-05-31,112.90889739990234,114.86710140737668,111.23801982101067,111.90100974803613,50012000
2022-06-01,113.03792572021484,116.22336092906039,112.40074175451693,113.99370924094364,36606000
2022-06-02,116.74044036865234,117.01536355537438,112.09951102289412,113.14510810652334,37992000
2022-06-03,113.68204498291016,115.4491951222644,112.66721372995826,115.19213472594434,26136000
2022-06-06,115.94445037841797,118.45200072153771,115.2928718045409,115.82931537143588,33542000
2022-06-07,116.27099609375,116.80843927234521,114.18922914451457,114.61451316562906,31590000
2022-06-08,116.31515502929688,117.68133553709298,115.72560771609342,115.88589564814693,26108000
2022-06-09,113.9743423461914,117.41187026218664,113.91528690568272,115.45515051267915,25798000
2022-06-10,110.3279037475586,112.42952500948132,109.53836747150189,111.60177950289385,41452000
2022-06-13,105.59465789794922,107.97566213644032,105.32321034517643,105.98570048108614,47252000
2022-06-14,105.91524505615234,107.11517845506856,105.00661350025801,105.73610237348502,33706000
2022-06-15,108.94136810302734,110.58792369792694,106.86207751338269,107.73100798954947,39698000
2022-06-16,105.23834991455078,107.83373777282833,104.34956513406651,106.41694479005933,51684000
2022-06-17,106.34002685546875,107.88435809204175,104.25825247727627,105.23835019470714,51376000
2022-06-21,110.70752716064453,111.64594004037723,107.78560405644993,108.11263143059072,47416000
2022-06-22,110.65145111083984,112.49650392931514,109.55473424500163,109.72743298190343,30774000
2022-06-23,111.40028381347656,111.89703403190568,109.67185020461025,111.38986449241077,28362000
2022-06-24,117.0903091430664,117.19353312859221,112.10547355859575,112.14765818472281,41164000
2022-06-27,114.96485900878906,117.69026114363895,114.31575650129828,117.38606391266642,36420000
2022-06-28,111.16754150390625,116.42978308401227,111.00923749311733,114.93408050890979,35792000
2022-06-29,110.86384582519531,112.31190436109492,110.04106016755956,110.71546893086192,24716000
2022-06-30,108.1458740234375,110.05644130249395,105.94947205566056,109.17510001051674,43170000
2022-07-01,107.92206573486328,108.43071939882303,105.93011274488833,107.12359442814898,35476000
2022-07-05,112.41364288330078,112.52678642393329,104.93861973628887,106.29735689624175,39342000
2022-07-06,113.71281433105469,114.72268583730312,110.64003080778706,112.45234149088837,37432000
2022-07-07,117.89224243164062,118.29569584145011,113.97236630789556,114.21701592441053,40936000
2022-07-08,118.45845794677734,118.78746921249528,116.02484225798968,116.37073191522165,38238000
2022-07-11,114.80904388427734,117.11313769208462,114.4656378613584,117.11313769208462,31196000
2022-07-12,113.16546630859375,116.0968170128208,112.8374469524844,115.34350604942867,29960000
2022-07-13,110.51844024658203,113.33962261137125,110.3675796981412,110.86333034344668,43722000
2022-07-14,109.53984832763672,110.25990976214192,107.56030598074837,109.38402798124689,37004000
2022-07-15,110.93927764892578,112.29206306351027,110.06836316457388,111.16061252157375,46770000
2022-07-18,108.21237182617188,112.82750252180041,107.5573251702464,111.7953006779903,43164600
2022-07-19,112.9565200805664,113.1649443518166,108.73839143949293,110.0187184533275,36530900
2022-07-20,113.04586029052734,114.5346117230483,111.63651075173104,112.32133126160736,35600400
2022-07-21,113.48255157470703,113.69098343145679,110.2767778430608,113.4230039425963,32676200
2022-07-22,107.09085845947266,111.49755771109314,105.70135555742696,110.16761001759993,48901200
2022-07-25,106.70378112792969,109.04608401682407,105.50285586600882,107.59703351304728,34690900
2022-07-26,104.23243713378906,106.3960893145557,103.28956434431937,105.80059031214428,47991000
2022-07-27,112.21215057373047,113.05578240581903,107.20002551652622,108.44065165526703,59858500
2022-07-28,113.36346435546875,113.48255962814197,110.62415950126018,111.52733903733414,32816600
2022-07-29,115.44770812988281,115.83478288766385,112.21215297072065,112.23200722978598,37223400
2022-08-01,113.9986572265625,115.84470955891426,113.48255250344202,114.4353600580981,26034300
2022-08-02,114.26663208007812,115.4774844552109,112.86720967281481,113.14510872831781,20236000
2022-08-03,117.19451904296875,117.73047048772344,114.61401797621708,114.84228896413123,28499000
2022-08-04,117.30369567871094,117.88926763439125,116.01344134911656,116.59902087697859,21602900
2022-08-05,116.5890884399414,117.22428844560957,115.13011082398499,115.35838937548199,19159500
2022-08-08,116.42037200927734,119.24899838566922,116.00351582840237,117.50219448024508,19138300
2022-08-09,115.75538635253906,116.44021445054224,114.84228726998916,116.26156397159279,19086500
2022-08-10,118.80236053466797,120.01321290367328,117.5220409743198,117.88926147915558,30930400
2022-08-11,117.94880676269531,120.57893573886966,117.67090771413612,120.37051145245026,24293700
2022-08-12,120.76750946044922,120.76750946044922,118.56415625736685,119.35816000390892,19096300
2022-08-15,121.16452026367188,121.38287168867272,119.70554262587667,120.22163979863927,19494800
2022-08-16,120.78736877441406,121.51189783679357,119.73532013661259,120.60871829137403,19041200
2022-08-17,118.65348815917969,120.3804376418693,118.48475724771684,119.21921338138048,22847000
2022-08-18,119.26883697509766,119.91396410503756,117.82971363092356,118.53438839458119,17987700
2022-08-19,116.3310317993164,118.25648600514175,115.8844094146696,118.16715698490374,21809500
2022-08-22,113.38331604003906,114.76289187196363,112.99624124243041,114.3361161243205,21456600
2022-08-23,113.00616455078125,114.14754221607616,112.57938881757295,112.62901689648295,15870400
2022-08-24,112.83743286132812,113.91925523756754,112.02358240373205,112.6488552620206,17734600
2022-08-25,115.77523040771484,115.84470516717248,113.25427723682488,113.3832996266231,16956800
2022-08-26,109.5125503540039,114.25671121949163,109.36368127038317,113.85970932808003,37245700
2022-08-29,108.59945678710938,110.11798209415639,107.98411101792682,109.16518204997358,21191200
2022-08-30,108.123046875,109.67134580443539,106.99159649238482,109.34381870099924,27513300
2022-08-31,107.40845489501953,110.01872968878591,107.31912587125797,109.82023252604237,28627000
2022-09-01,108.91704559326172,109.62172031679033,106.55489620007366,107.46799520192643,28360900
2022-09-02,107.04122161865234,109.90954864249888,106.4556497164562,109.76067199157715,24160700
2022-09-06,106.00902557373047,107.21987796172488,104.98675079205103,106.49535649820784,25068300
2022-09-07,108.62921905517578,109.15525088592688,106.09834633659005,106.25714254097879,23167000
2022-09-08,107.56725311279297,108.77810551573627,106.35640828203118,107.22980641541218,24238300
2022-09-09,109.82022857666016,110.15767525562512,108.20244722697193,108.25207530196377,23197700
2022-09-12,110.02865600585938,110.78295884863972,109.10562981877511,110.15767840347152,22966800
2022-09-13,103.53770446777344,107.48786179672693,103.30942590501988,106.99161129456695,38172900
2022-09-14,104.21259307861328,104.49049211527398,102.88264552539968,103.78581739454697,26395100
2022-09-15,102.1382827758789,104.48057819770708,101.58247706009536,103.24987906308242,34188300
2022-09-16,102.02910614013672,102.35662571627779,100.18305366873035,101.30457707616641,42797200
2022-09-19,102.29707336425781,102.55512573336215,100.78847524094766,100.98697240353168,23036800
2022-09-20,100.38153839111328,101.60231780519607,99.7661851195669,101.31449164135248,26517100
2022-09-21,98.53549194335938,102.10849380682069,98.52556481376558,100.90756858013354,31487300
2022-09-22,99.3890380859375,100.48078754574622,98.04916340470949,98.07893721973088,34298600
2022-09-23,97.99954986572266,98.9126565708246,96.73907688573331,98.88287517920556,31625400
2022-09-26,97.43382263183594,99.1309984554555,97.06660210321118,97.3643478638111,27072700
2022-09-27,96.76883697509766,99.25008920522836,96.14356413908983,98.6843639996458,30072800
2022-09-28,99.29972076416016,99.94484030889338,96.38176561600726,96.91771702518929,32466300
2022-09-29,96.6894302368164,97.90028247593715,95.24037991576093,97.90028247593715,31047200
2022-09-30,94.9327163696289,98.15834442273268,94.84338734754718,96.32221919924832,32941500
2022-10-03,97.90029907226562,98.54542624354227,95.79619420397032,96.03439989846684,27982000
2022-10-04,100.87779998779297,101.07629715686122,99.62724662055442,99.6868018290202,28850800
2022-10-05,100.66937255859375,101.16562303801653,98.05909776281518,99.0813725388771,22176900
2022-10-06,100.65943908691406,102.15811756055992,99.83566152564943,99.92499054385183,22324000
2022-10-07,97.93999481201172,99.77612006938209,97.56284717405835,99.10121911523618,27502800
2022-10-10,97.12612915039062,98.3568280254318,96.28250498259773,98.25757945960561,18225100
2022-10-11,96.45123291015625,98.50570936685996,95.58775444463303,96.69935812266723,26507100
2022-10-12,96.82838439941406,98.00946288154012,96.0145339725508,96.57033961999998,21876400
2022-10-13,98.31713104248047,99.03173286068407,93.67222679633758,94.43645668554218,34574500
2022-10-14,95.83589172363281,99.93492559661024,95.64732168746481,99.24017037079604,25410700
2022-10-17,99.22032928466797,100.17312936580501,98.08887871505635,98.11865253443845,28419200
2022-10-18,100.0143051147461,102.69406189389402,99.22030899558331,102.35660767481004,24060700
2022-10-19,98.88288116455078,100.26245707797568,98.17820629721868,99.26003642606825,23811100
2022-10-20,99.22032928466797,101.55270519317675,98.64467686934081,99.25010310405007,25323200
2022-10-21,100.37161254882812,100.55026301239435,96.98718844238796,97.11621083244879,32458700
2022-10-24,101.7511978149414,101.97947637362036,99.23025197248559,101.03660346521866,27176400
2022-10-25,103.69650268554688,104.03394937421807,101.94969889168885,102.12834936574457,40611400
2022-10-26,94.21810913085938,97.57275938958455,93.9799110391379,95.70686045543493,88114100
2022-10-27,91.5284423828125,94.71436964764622,91.11159378491239,93.81119011334766,60710900
2022-10-28,95.56791687011719,95.82596923593994,91.43910930567836,91.57805883215646,43697300
2022-10-31,93.80125427246094,95.3098521815377,93.27523005134982,94.70442607779617,31675000
2022-11-01,89.79155731201172,95.30985987309171,89.69230873680442,94.73420753583606,47161400
2022-11-02,86.31780242919922,90.4962302100432,86.22847341279218,90.25803211992569,57038300
2022-11-03,82.80435180664062,85.87117600546605,82.71502278657815,85.67267885094222,61288000
2022-11-04,85.93073272705078,85.99028036002329,83.08225231902676,84.75958132144375,51124900
2022-11-07,87.82640075683594,88.2333297523098,86.19869991930204,86.62547560061769,34078900
2022-11-08,88.23333740234375,89.64268695690804,86.93315598764553,88.23333740234375,30429000
2022-11-09,86.66517639160156,88.769280979615,86.62547544780726,87.78669965811274,31769100
2022-11-10,93.23554229736328,93.68216469901468,90.92301325088243,91.55821325740865,51620100
2022-11-11,95.68701934814453,96.20311650565995,93.21568655329872,93.97991651822383,33090500
2022-11-14,94.98233795166016,96.06416792544084,93.80126696942858,94.37691176596793,30179500
2022-11-15,97.70179748535156,99.38904609814732,95.98476748295278,97.52314700864059,41640800
2022-11-16,98.10871887207031,98.89279554305216,96.90779361312791,97.16584598422887,29105200
2022-11-17,97.62239837646484,98.5354974736292,96.06417211875853,96.24282260056737,26052600
2022-11-18,96.6993637084961,98.15834125388724,95.64731516977584,98.02931128973258,28342300
2022-11-21,94.88308715820312,97.66209278418218,94.64488905580471,96.56041614884042,21647400
2022-11-22,96.32221984863281,96.49094319214763,93.34471701030947,95.23046275016921,23438500
2022-11-23,97.72163391113281,98.01938719844442,96.36190500494142,96.36190500494142,18868100
2022-11-25,96.72914123535156,97.90029265387534,96.66959360172228,97.5032907612572,9701400
2022-11-28,95.32971954345703,96.84824478966246,94.8930167011355,96.31229336649913,26237500
2022-11-29,94.47616577148438,95.39919193752951,93.40426295178399,95.01211718133456,20061700
2022-11-30,100.23265838623047,100.2822864574368,93.71192812641526,94.10892997952428,43647500
2022-12-01,100.23265838623047,101.48321157326066,99.49820987989614,100.26243220008205,28687100
2022-12-02,99.68679809570312,100.01431765518183,98.15834572013763,98.30722237745412,21480700
2022-12-05,98.73399353027344,100.6197391952586,98.25758976329782,98.654591640414,24405100
2022-12-06,96.25276184082031,99.03176043037699,95.6969560651629,98.55536413373646,24910700
2022-12-07,94.22804260253906,96.1534892961787,94.00969118202147,95.68702021037814,31045400
2022-12-08,93.00727081298828,94.86325046907182,92.74921842442147,94.66474571933504,32213300
2022-12-09,92.13386535644531,93.55314202323372,92.05446346281963,93.0668111039124,28225400
2022-12-12,92.61026000976562,92.85838524401936,90.92301144571273,92.0147609619929,29420000
2022-12-13,94.91285705566406,98.78361202768082,94.31735803816476,97.02688879023073,40593700
2022-12-14,94.3570556640625,96.14356022591579,92.89807820057908,94.48607804879279,28733600
2022-12-15,90.17864227294922,92.93779386609687,89.33501792983441,92.43161623135528,40107000
2022-12-16,89.58313751220703,90.64511322161134,88.84868136014701,90.07938798524047,58011800
2022-12-19,87.77678680419922,89.88088398070708,87.54850825299513,89.5831382377842,29493000
2022-12-20,88.3524398803711,88.5112436825532,86.78429398082407,87.44926786505202,23453800
2022-12-21,88.90823364257812,89.54343362140024,87.6576803714429,88.41198318586204,24745600
2022-12-22,87.10188293457031,87.87603244128935,85.67267918543912,87.49888481734911,27658300
2022-12-23,88.56085205078125,88.87845201226797,86.41704663161055,86.45674757331894,23003000
2022-12-27,86.73465728759766,88.27303678671537,86.35750965313572,88.13408725969353,20097300
2022-12-28,85.37492370605469,87.37977975554813,85.29552938926575,86.32773122933094,19523200
2022-12-29,87.78669738769531,88.18369924318996,85.96049945347275,85.97042658220978,23333500
2022-12-30,87.568359375,87.63783413641092,85.9208042155681,86.32773322681854,23986300
2023-01-03,88.45169067382812,90.36721788133093,87.8561840239744,88.91815977701387,28131200
2023-01-04,87.41947937011719,89.97020633006692,86.6155485078444,89.67245303705022,34854800
2023-01-05,85.55357360839844,86.9133025524005,85.25582788498791,86.81405397793031,27194400
2023-01-06,86.68502807617188,87.03240946135887,84.2236299964327,86.13915710492884,41381500
2023-01-09,87.35991668701172,89.37469966248176,87.20112049726745,87.69737089501099,29003900
2023-01-10,87.75692749023438,88.00505271446971,85.18635380180301,85.3352304507804,30467800
2023-01-11,90.83367919921875,90.91308108868463,88.34250738771924,88.51123072369855,26862000
2023-01-12,90.44660949707031,91.18106565731547,89.07696090221926,90.79399088981015,30258100
2023-01-13,91.42918395996094,91.49865871880165,89.45410175315347,90.1687035996184,26329200
2023-01-17,90.60540771484375,91.5582076664508,89.37470872387392,91.36963007309137,32602400
2023-01-18,90.43669128417969,92.10409321983435,89.96028748591486,91.4490389437429,29116700
2023-01-19,92.35221862792969,92.90801675008117,89.95036051681471,90.03968954197848,37000400
2023-01-20,97.28494262695312,97.56284926169742,94.30743969004087,94.38684158568209,63191100
2023-01-23,99.04167175292969,99.28979699304459,96.76884364481533,97.21546604814961,40005100
2023-01-24,96.96733856201172,98.86301898722769,96.47108809327639,97.36434045143623,33078500
2023-01-25,94.50594329833984,95.43889663050726,93.05689279504284,94.85331712238681,42330000
2023-01-26,96.78868865966797,96.83831673570589,94.66473724676266,95.77634102925325,30114000
2023-01-27,98.62482452392578,99.5676974204637,96.58026736816271,96.58026736816271,33879800
2023-01-30,96.21305084228516,97.55292569844815,95.67709938538358,96.74900229918671,27226200
2023-01-31,98.09879302978516,98.1384939775665,96.09394438600727,96.14357246377932,29870700
2023-02-01,99.67686462402344,100.4311674201682,96.84823860370668,97.96976188272887,35531100
2023-02-02,106.93204498291016,107.04122068782463,104.81802078918444,105.00659838352416,69883800
2023-02-03,103.99424743652344,107.001524077653,101.81074839414418,102.15812220922525,65309300
2023-02-06,102.12835693359375,103.57740752067507,101.11600164820065,101.63210642135294,31999600
2023-02-07,106.83280181884766,107.36875324134532,102.34670084961068,102.44594943032921,49010200
2023-02-08,98.62482452392578,102.36654986458451,97.3047964110275,101.28472743744483,94743500
2023-02-09,94.29751586914062,99.27986722656759,92.92785973388537,99.25009341009356,119455000
2023-02-10,93.86080932617188,96.02446157990344,93.54320934269664,94.73420738768355,54980700
2023-02-13,93.9005126953125,94.48608460376701,93.13628274609768,94.02953508899373,50076100
2023-02-14,93.9699935913086,94.13871694148641,91.56814302420062,93.72186834498302,54726100
2023-02-15,96.21305084228516,96.39170132791901,93.44397210105132,93.78141881159203,50169000
2023-02-16,94.79376220703125,96.94748732289182,94.02953228064146,94.65481268808418,42462600
2023-02-17,93.6424560546875,94.84338120494091,92.51100566280641,94.13870649225572,34284100
2023-02-21,91.1016616821289,92.40183548316473,91.03218691960443,92.30258690415565,33629300
2023-02-22,90.96271514892578,91.41926468512888,89.93051323448256,91.01233565397179,30884000
2023-02-23,90.20840454101562,91.2505334957778,89.08688127056686,91.23067923772057,41206400
2023-02-24,88.46159362792969,89.21589635656575,87.91572273092979,88.76927402518582,36585100
2023-02-27,89.1960678100586,89.48389400941119,88.67003591816348,89.1960678100586,27502300
2023-02-28,89.38463592529297,90.54586782791486,88.65018731956766,88.66011444958845,30142000
2023-03-01,89.6823959350586,90.34736982458105,88.99756778401425,89.30524826014633,31111200
2023-03-02,91.3100814819336,91.58798051837316,88.91815071281441,88.98763304410512,32204400
2023-03-03,92.94771575927734,93.02711765283779,91.75671007241478,91.78649146163595,35160100
2023-03-06,94.4166030883789,95.25030773950542,93.29507985441194,93.3149265396428,32639300
2023-03-07,93.15613555908203,94.95255977422711,92.8286084430734,94.26773929878661,27835500
2023-03-08,93.54320526123047,95.24038080876726,93.29508004833596,93.41418287651032,34103300
2023-03-09,91.62769317626953,94.81362051791201,91.2108445683197,93.34472325975115,28813500
2023-03-10,89.95034790039062,92.09415333745333,89.72207694888773,91.4788000941082,35941000
2023-03-13,90.4267578125,91.87580822116699,88.74942886454899,89.41440265175312,37335600
2023-03-14,93.26531982421875,93.65239460696121,91.7467945115858,91.86588978493322,36050200
2023-03-15,95.3892593383789,96.2031097498891,91.94528010370921,92.52093242633808,50622100
2023-03-16,99.56770324707031,100.43118187106681,94.78384857477023,95.47859626843504,65492000
2023-03-17,100.85794067382812,102.06878536905513,99.34933511791077,99.50813889103078,61028500
2023-03-20,100.46094512939453,100.9869694096106,99.12107039122168,99.36919562318633,32960400
2023-03-21,104.13319396972656,104.31184443694538,100.46094362067213,100.49071743651176,42110300
2023-03-22,102.5948257446289,105.79067243730059,102.55512479803791,103.4880705402918,43427400
2023-03-23,104.80809020996094,105.50284536129094,103.67663982552884,104.27213883225404,40797800
2023-03-24,104.64930725097656,104.69892775737729,103.06129960251988,104.20267726028,30393300
2023-03-27,101.691650390625,103.97440569344221,101.16562607817814,103.83545616080272,31120900
2023-03-28,100.2723617553711,101.68171117444312,98.99203472350514,101.67179161770622,32057900
2023-03-29,100.62966918945312,101.7214187034689,99.89522061779614,101.5129944157898,28779600
2023-03-30,100.13341522216797,100.4013947056614,99.03173861709708,100.15326948059464,33086200
2023-03-31,102.9521255493164,103.11092176173695,100.28229560510373,100.54034796899097,36863400
2023-04-03,103.57740020751953,103.74612355244493,101.16562258542722,101.62217211579193,25035400
2023-04-04,103.93470001220703,104.78825142936967,103.25979906775706,103.54762525002644,24420100
2023-04-05,103.68657684326172,105.30435068738927,102.88265348611964,104.98675068203352,28290500
2023-04-06,107.60694885253906,108.35132454892715,103.54762368954962,104.4706498559581,48711500
2023-04-10,105.64179992675781,106.78316992246287,104.33169902046775,106.17775133008297,27067400
2023-04-11,104.55998229980469,105.9296385713799,103.89500842509663,105.75098808257366,26311800
2023-04-12,103.85529327392578,105.94947077272556,103.5575399759029,105.78074743753035,24370300
2023-04-13,106.6243667602539,106.68391438823537,105.04628646912033,105.04628646912033,24843600
2023-04-14,108.05358123779297,108.12305600146057,106.03879794707,106.08842602348172,26578000
2023-04-17,105.17532348632812,105.36390108383588,103.73619261199721,103.8751497069163,37571200
2023-04-18,103.71634674072266,105.74104953791142,103.28957103976354,105.69142146275153,26596400
2023-04-19,103.39875030517578,104.19275410196762,102.29707363391327,102.8032512436726,20905700
2023-04-20,104.50043487548828,105.45323496035056,103.09108522322421,103.13078617328289,27820800
2023-04-21,104.61953735351562,105.20510932738867,103.99425685754319,104.67908499230083,25800100
2023-04-24,105.17532348632812,105.83037015463859,103.9148430801148,104.69891971395418,23542800
2023-04-25,103.07122039794922,105.88992698575956,103.06129326840653,105.03637557743666,46664100
2023-04-26,102.9322738647461,105.55247579876328,101.86037100841686,104.13319912015552,53347600
2023-04-27,106.78317260742188,107.55732970203324,102.76354833968519,103.6667202584599,50089200
2023-04-28,106.53504943847656,106.54497656828984,104.3019222779164,106.23730369371071,36139800
2023-05-01,106.3960952758789,107.18017190898796,106.01894765339576,106.03879433997653,26681700
2023-05-02,104.53019714355469,106.39609615702363,102.93227004814128,106.3365485246071,30997200
2023-05-03,104.61953735351562,106.68393374394951,104.17290734608075,104.73863263108603,21795400
2023-05-04,103.9049301147461,104.80810206984134,103.1903281969406,104.69892635616654,23419500
2023-05-05,104.77832794189453,105.08600082196858,103.32927742271336,104.03395220841355,26639300
2023-05-08,106.96182250976562,107.15040011064862,104.37140203396783,104.3912487209223,26511400
2023-05-09,106.54497528076172,109.32398096474886,106.38617906657517,107.57717717560891,36360100
2023-05-10,110.9119873046875,112.09306592369241,107.12063376861364,107.160334717474,63153400
2023-05-11,115.69583892822266,117.0357137366996,113.55204074909585,114.53461459902141,78900000
2023-05-12,116.62879180908203,117.14488898483823,115.23928892825631,115.80501418168475,41102300
2023-05-15,115.63628387451172,117.59151189110723,115.14003341637807,115.2392819935686,36266800
2023-05-16,118.61378479003906,119.84448378697832,115.55688019785937,115.61642782881711,45035600
2023-05-17,119.93380737304688,120.75758495283628,117.99843361058363,118.71303548354885,33323600
2023-05-18,121.90888977050781,122.38528597148938,119.92388793132871,120.04298319548356,35234200
2023-05-19,121.83941650390625,125.02534358621601,121.233990329754,122.62349314866378,41353400
2023-05-22,124.11225128173828,125.48189991592048,121.81956885585257,122.01807359628725,35253000
2023-05-23,121.64091491699219,123.6953915959423,121.29354109633519,123.22892250659226,34046300
2023-05-24,119.99336242675781,120.99579047353133,118.96116056401159,120.21171384013235,34182600
2023-05-25,122.55401611328125,124.38021415921419,121.04541048455478,123.58621039965489,42317000
2023-05-26,123.67554473876953,124.32067187463625,121.53173903906134,122.24634093896407,35635900
2023-05-30,122.74258422851562,124.71766646734785,121.08510954631166,124.69781220896813,35076700
2023-05-31,121.94860076904297,123.12967181163546,121.58137267253642,121.82949792288854,37325800
2023-06-01,122.79222106933594,123.4869687186112,121.70047151811134,121.89896868299529,30772700
2023-06-02,123.73509216308594,125.20399690730267,122.8319202321501,123.060191211232,26980100
2023-06-05,125.0650405883789,126.47439004972225,122.91130787950246,123.0800387874398,32305500
2023-06-06,126.35528564453125,127.32793227447583,124.41991194155317,125.06503903327281,26638300
2023-06-07,121.58136749267578,128.07231710182637,121.20421985419401,126.01784799150856,52539000
2023-06-08,121.22407531738281,122.30590537867901,120.33082287506987,121.31340434770507,29389200
2023-06-09,121.31338500976562,122.83191013354642,120.99578503336821,121.3332316954614,23778300
2023-06-12,122.71281433105469,123.11974334684123,120.74766673085075,121.86919005532346,28306400
2023-06-13,122.9013900756836,124.22141810946202,122.25626296673931,124.04276764194177,22278300
2023-06-14,122.74258422851562,123.11973941592123,120.53923102358297,122.17685901958812,30592300
2023-06-15,124.15193939208984,124.51916746718288,121.48211700306517,122.21656558106999,35246300
2023-06-16,122.60365295410156,125.16430746912928,122.35552769269613,124.9856569780301,45535600
2023-06-20,122.1768569946289,123.63583450194002,121.22405705707857,122.00813366210225,26097500
2023-06-21,119.64598846435547,121.74016600309444,119.19935850880321,121.48211364469854,30306300
2023-06-22,122.22650146484375,122.31582292151224,117.93889738457422,119.10012175435556,26952200
2023-06-23,121.42256164550781,121.86919161284854,120.15216165092147,120.46976164956806,34913600
2023-06-26,117.45255279541016,121.08510972170825,117.38307803534231,119.85441072671466,33969900
2023-06-27,117.4426498413086,118.18702562106004,115.22936919108754,116.20202354172285,39535900
2023-06-28,119.27876281738281,119.48718710532653,115.97373288245846,116.21193098693968,27091400
2023-06-29,118.20686340332031,119.15966342094775,117.41286717472148,118.34581293262964,24090900
2023-06-30,118.80236053466797,120.17201669011786,118.79244097715116,119.26883719212228,29532200
2023-07-03,119.00086212158203,119.28868829776731,117.928959307964,118.34580787808842,14467900
2023-07-05,120.83698272705078,121.69053409377197,118.33588382905948,118.3458033859375,27584800
2023-07-06,119.20928192138672,119.39785951266347,117.51210631643842,118.90160907008745,24745200
2023-07-07,118.58402252197266,120.1422487852775,118.50462062484308,119.19936829427263,21709500
2023-07-10,115.57674407958984,117.42279663574432,115.26907117762478,117.4128770772295,35315200
2023-07-11,116.26155090332031,116.82727609437353,114.4849734435123,115.41792668117859,23078800
2023-07-12,118.03813934326172,119.42764220013913,117.52204217640053,117.90911694459177,30404400
2023-07-13,123.60606384277344,123.89389001441005,119.54673119638662,120.02313496341503,44297900
2023-07-14,124.47946166992188,125.82926350630274,122.56393462065938,123.86411595510596,33283100
2023-07-17,123.71524047851562,126.14686468961106,123.26861052378432,124.995567566589,25716200
2023-07-18,122.8319091796875,123.74500815821673,122.03790545876947,123.6656062716888,26193600
2023-07-19,121.1148910522461,124.24127059365078,120.88662007165094,123.66561821898068,37224000
2023-07-20,118.30611419677734,123.15944340000809,117.3334674734311,120.50946759155578,37906800
2023-07-21,119.11996459960938,120.08269176427814,117.8396449955782,119.71547124691322,72937900
2023-07-24,120.61864471435547,122.07762238859752,120.07277371039838,120.74767468990552,29686100
2023-07-25,121.29354095458984,122.22649427656242,120.11246239355489,120.44991665621404,52509600
2023-07-26,128.30059814453125,129.99776623656712,127.35772529958219,129.09460190925336,61682100
2023-07-27,128.42962646484375,132.2408419072244,127.82420023434912,130.68260803004364,44952100
2023-07-28,131.58578491210938,132.7370897112607,129.59086334627574,129.79928007624758,36591200
2023-07-31,131.72471618652344,132.52863946512642,130.7917629491062,131.7346357432163,28055500
2023-08-01,130.56349182128906,131.6353945728261,129.7000057705623,129.79926191480814,23166800
2023-08-02,127.41727447509766,129.11444258769157,126.60341644169951,128.47924259709205,26273300
2023-08-03,127.48674011230469,128.41969339996243,126.46446537651686,127.01034391124875,20089500
2023-08-04,127.1492919921875,130.5237890233023,126.95079483936229,128.31051623779516,26147200
2023-08-07,130.5436553955078,130.6230572928783,128.05248333600815,128.19143287031562,22746300
2023-08-08,130.4146270751953,130.52380279242055,128.56857458489054,129.64047749645752,23535200
2023-08-09,128.6876678466797,131.04980964495556,128.0326136306667,130.67266960839547,24912900
2023-08-10,128.7174530029297,131.0597558939105,128.47924731856517,130.33523442746744,20857800
2023-08-11,128.5884246826172,128.955645199412,127.2088489247228,127.69517985741135,19591100
2023-08-14,130.3451690673828,130.38486244718834,127.99294634651456,128.4197145429739,24695600
2023-08-15,128.8067626953125,130.43446352895285,128.31051225646652,130.1168711231594,19770700
2023-08-16,127.73489379882812,129.30304741869875,126.91112360677957,127.73489379882812,25216100
2023-08-17,128.94573974609375,131.00022427090204,128.3204592134365,128.8266444615361,33446300
2023-08-18,126.5041732788086,128.28075093151222,125.43227040921398,127.546294758541,30504800
2023-08-21,127.40734100341797,127.76464194810235,125.61091672255242,126.2262700322158,25248700
2023-08-22,128.11203002929688,129.30302819235456,127.35773472637845,127.54629719383558,22054900
2023-08-23,131.37734985351562,132.40955935337914,128.8960974039479,129.2037702845962,27819700
2023-08-24,128.8067626953125,133.24324283014445,128.59834599183964,132.94548953796456,28500700
2023-08-25,128.90603637695312,129.77942696997056,126.29575386732984,128.56857452291544,26762900
2023-08-28,130.02755737304688,131.5460827710869,129.16408630398683,130.32531071752544,20543300
2023-08-29,133.5608673095703,135.54586931655962,131.24833815410415,131.24833815410415,43075600
2023-08-30,134.86102294921875,135.2580172391428,133.06459879911617,133.76926593538553,28315800
2023-08-31,135.14886474609375,136.9651434659,134.77170950484623,134.9900609451091,30053800
2023-09-01,134.64268493652344,136.4291897075704,133.83876157564302,136.4291897075704,21543700
2023-09-05,134.75186157226562,135.3969811480602,133.57078298930236,134.42433443329878,19403100
2023-09-06,133.45167541503906,135.50614436814033,132.66759123648941,134.99997436969198,18684500
2023-09-07,134.2456817626953,134.56328935661423,131.95300684241127,132.58820688588548,18844300
2023-09-08,135.3572998046875,135.63519889075076,133.83877438999752,133.8983220306733,23558300
2023-09-11,135.89321899414062,136.44901706515918,134.77168815088856,135.51606381265162,20763400
2023-09-12,134.32508850097656,135.84361389625101,134.1762194011905,135.23818764984745,18405500
2023-09-13,135.68479919433594,135.8733616364172,133.14398427221744,134.0769375034417,20749500
2023-09-14,137.0643768310547,137.65986826915892,135.21832459864476,136.56812639378708,24751000
2023-09-15,136.36962890625,137.48124030456012,135.45652981988454,136.94528129329058,38919600
2023-09-18,137.17355346679688,138.11642627515133,135.58554599898608,135.58554599898608,21861300
2023-09-19,137.00482177734375,137.3720574197808,135.59547227341233,136.38947604665375,20353700
2023-09-20,132.73707580566406,137.04452607661787,132.61796539950902,137.04452607661787,29927500
2023-09-21,129.4618377685547,131.23840796235106,129.09461723083658,130.45433880616167,31503900
2023-09-22,129.2732391357422,131.03988948397537,128.62811962390344,129.7794091306759,26397300
2023-09-25,130.1267852783203,130.18633290541212,127.99291453760557,128.85638541915864,20094600
2023-09-26,127.60585021972656,129.3824201983576,126.2659679234884,128.79684829173706,25718700
2023-09-27,129.56106567382812,129.91836661698156,127.60585276042912,127.60585276042912,22746500
2023-09-28,131.3177947998047,132.30037616629912,128.81668823150392,128.86631630656447,22513100
2023-09-29,129.87867736816406,133.04475788137387,129.38242688382053,132.28052789506322,30859800
2023-10-02,133.16384887695312,133.41197411116025,130.1863460664677,130.2260545847838,22288000
2023-10-03,131.43690490722656,133.25318362014062,130.8513329307273,132.93559116374053,22989400
2023-10-04,134.225830078125,134.55335719954957,131.53614591729064,131.79419070491505,26752300
2023-10-05,134.05711364746094,134.47396223865763,132.44925177357314,134.05711364746094,19832600
2023-10-06,136.5482940673828,137.1239464843942,133.00505810690692,133.00505810690692,27597600
2023-10-09,137.38197326660156,137.8980779769235,134.59304815042893,135.9130761696135,19278100
2023-10-10,137.02467346191406,138.67222861017186,136.30015203671138,137.46137628621005,27786600
2023-10-11,139.49603271484375,140.05183090806798,137.54080433515963,137.54080433515963,25884300
2023-10-12,137.92787170410156,140.16099905970523,137.22318929725753,139.99227569905,24765500
2023-10-13,136.32994079589844,138.95014288451765,135.59548458868076,138.33479709793974,23420500
2023-10-16,138.056884765625,138.58290904447986,136.9552081327783,137.13385103003665,28501900
2023-10-17,138.67221069335938,138.85085356511095,136.1512502222243,137.59038847390352,23515800
2023-10-18,136.92544555664062,139.6647428833376,136.34979315539405,138.4042623643259,23375000
2023-10-19,136.71702575683594,138.61270648183236,136.349805198096,137.46140157765356,26066000
2023-10-20,134.58311462402344,136.83608053752832,134.06700996727167,136.3001367687033,26335700
2023-10-23,135.47637939453125,136.6276841287948,132.94549894839827,134.0273213470116,26317900
2023-10-24,137.76904296875,138.31492147464493,136.38946736895807,136.79639635920353,44814300
2023-10-25,124.66803741455078,127.3477867890197,124.13208602522081,127.19891771324542,84366200
2023-10-26,121.3630142211914,123.39764418527096,120.36058614753718,122.34558803554405,57061100
2023-10-27,121.25383758544922,122.3852880471967,119.30853665872229,121.95851234164765,44566500
2023-10-30,123.52666473388672,124.45961803038976,121.82948905369454,122.2860385724438,28940100
2023-10-31,123.14952087402344,124.42984802046038,121.76994514607122,124.12216757392719,26292300
2023-11-01,125.50174713134766,125.54144807960145,122.79222366961514,123.13959750160885,30082400
2023-11-02,126.533935546875,128.01275974342613,125.97813747508253,127.45696167163366,27124600
2023-11-03,128.13186645507812,128.55863455349083,126.9011599427464,127.05996371421396,26393100
2023-11-06,129.2732391357422,129.3625605799608,127.7050859338931,128.08224111307598,19052700
2023-11-07,129.98785400390625,130.9208073441977,128.90603157499936,129.72980920218515,29757300
2023-11-08,130.851318359375,131.21855399990926,129.7992698016351,129.98784740054361,26425800
2023-11-09,129.26333618164062,131.55601107722748,129.09461282832507,130.97043911965648,23747800
2023-11-10,131.59568786621094,131.80411971424755,128.43954234138178,129.12437037075154,26913300
2023-11-13,131.0994415283203,131.59569198317294,130.26574439881477,130.7917686694096,18324800
2023-11-14,132.6179656982422,134.68236939202447,132.3202275430886,133.1836984817578,32395200
2023-11-15,133.6104736328125,134.01740265875648,132.56835974620077,133.8585988714082,23861500
2023-11-16,135.90313720703125,136.19097094090904,133.31272446829985,134.17619538121033,28013200
2023-11-17,134.2952880859375,135.03966372618416,132.6477330342115,134.9801160980622,37240600
2023-11-20,135.22825622558594,135.63518525511367,132.61797384637484,132.68745618308765,27815500
2023-11-21,135.94285583496094,136.15127255285424,134.9404353311043,135.2679473163652,22635300
2023-11-22,137.4514617919922,138.37448040468396,136.43910658423133,136.43910658423133,17813900
2023-11-24,135.66494750976562,137.0941511979509,134.9701999236649,136.994895052353,12514300
2023-11-27,135.38705444335938,137.3819758451791,134.98012543057615,135.00989924669568,23436500
2023-11-28,136.17112731933594,136.22075539571145,134.40447683977845,135.05953110146496,18730000
2023-11-29,133.97769165039062,137.25293225328704,133.82880744021125,136.5383455929967,23967200
2023-11-30,131.53614807128906,134.53350514378005,130.29552189907486,134.03725467489437,38988300
2023-12-01,130.87118530273438,131.1193105581131,129.6901066640334,130.87118530273438,31442300
2023-12-04,128.30059814453125,129.05489339161807,126.94086915840347,128.90602431139112,36669900
2023-12-05,130.00767517089844,131.1490449447203,127.28821773763389,127.98296521493236,27384800
2023-12-06,129.0449676513672,130.85131136380824,128.90601813502556,130.45431707264976,23576200
2023-12-07,135.90313720703125,137.52091847546023,133.68986450169766,134.02731116371308,56767100
2023-12-08,133.97769165039062,135.37710630216824,133.024884196069,133.19360751878372,32260100
2023-12-11,132.29043579101562,132.3400638639477,130.37491635960205,131.3872714988426,31138000
2023-12-12,131.52621459960938,132.0026107589198,130.2756538579234,130.82153234482118,29032800
2023-12-13,131.57586669921875,132.49888537297187,130.583365685189,132.37979009748466,30104800
2023-12-14,130.95059204101562,132.7172427130491,128.71746466008253,132.3797959879111,38722400
2023-12-15,131.60562133789062,132.5087856193142,130.19625677632916,130.63295958195536,50847100
2023-12-18,134.7816162109375,136.12148324947407,131.43687810405666,131.6353903862347,32258000
2023-12-19,135.625244140625,136.43910216120065,135.05952649346082,135.81382173780045,25476800
2023-12-20,137.30258178710938,140.63738568200563,137.03461742674637,137.9278622500159,49107200
2023-12-21,139.36697387695312,139.63495335905975,138.1362673150206,138.44395531377506,27488300
2023-12-22,140.42897033691406,140.9252208312421,139.65482077731141,139.71436841353267,26532200
2023-12-26,140.458740234375,141.6100298393638,140.13121309993724,140.52820742657298,16780300
2023-12-27,139.31735229492188,141.0145355681964,138.84095608348233,140.52820465495105,19628600
2023-12-28,139.17840576171875,140.0815852724405,138.70200954003505,139.72428432008698,16045700
2023-12-29,138.64247131347656,139.30744518629933,137.7392917414662,138.58292367477063,18733000
2024-01-02,137.13385009765625,138.4042500618413,135.45652112222194,137.51100529289818,23711200
2024-01-03,137.87823486328125,138.58291722535583,136.05203668758926,136.22076003752528,24212100
2024-01-04,135.36720275878906,138.11643460621872,135.32750938466225,137.38197845779115,27137700
2024-01-05,134.71214294433594,136.13142710669655,134.1364906048939,135.72449810296587,22513900
2024-01-08,137.798828125,137.96755146900708,135.23817385924744,135.26794767616852,21404000
2024-01-09,139.8930206298828,140.42897968026014,137.11401464787397,137.46139607476167,24759600
2024-01-10,141.21304321289062,141.92764515529154,139.85332166843838,139.94264312514758,21320200
2024-01-11,141.0145263671875,144.13097851399309,139.58532268175995,142.41395623786542,24008700
2024-01-12,141.58026123046875,142.12613980794654,140.75649872961355,141.60011549083978,18785500
2024-01-16,141.42149353027344,143.26754626479843,140.38928385915966,140.935162517502,22670500
2024-01-17,140.4091033935547,140.77632387999014,137.85836881382235,140.29000813187008,20968600
2024-01-18,142.40403747558594,143.12857410055258,140.92522069629695,140.9847683324612,25746400
2024-01-19,145.2823028564453,145.35177005215584,143.29730083417112,143.65460180395502,34271900
2024-01-22,144.8952178955078,147.2772140972634,144.7463336676715,145.99689454630132,32200400
2024-01-23,145.93736267089844,146.0763122263508,144.4089175609223,144.79599240428004,21636100
2024-01-24,147.5849151611328,148.72630054848176,146.98942356911047,147.42611134551402,25233500
2024-01-25,150.73110961914062,151.90226857782716,148.41858066213035,148.94462008165343,29149100
2024-01-26,151.04873657226562,151.39610285165156,149.87757746323862,149.96691406707075,26115500
2024-01-29,152.35882568359375,152.62680519863352,150.29442175069474,150.91970223766634,27784300
2024-01-30,150.32418823242188,152.46797859903648,150.05620875745953,151.6541357617942,36331800
2024-01-31,139.0493927001953,142.9201404462014,138.82110657193016,142.5429852293833,71910000
2024-02-01,140.10145568847656,141.98720167736062,139.7342199917544,141.05424824171908,40466500
2024-02-02,141.31228637695312,141.55047690627347,135.47637609880854,138.21567319652831,62499600
2024-02-05,142.6025390625,144.37912436638035,141.70929420363484,141.74900272521677,38505400
2024-02-06,143.01939392089844,144.2699396743933,142.11621441563744,143.56525733160348,29128200
2024-02-07,144.44857788085938,144.5279797721388,142.8506507867212,143.67442837133774,25208900
2024-02-08,144.81581115722656,145.2326597213676,144.01188784464298,144.73640926724323,22563800
2024-02-09,147.88262939453125,148.31933219973374,145.0837696762943,145.58002011050414,26829500
2024-02-12,146.4236602783203,148.2200845297744,146.26485649564665,147.30698549594433,21564100
2024-02-13,144.05157470703125,145.57009981647306,142.61245148398422,143.83322330553597,27837700
2024-02-14,144.84559631347656,145.42124870265448,143.00946343171321,144.98454584573585,22704200
2024-02-15,141.69937133789062,142.44374708435768,139.40669646187024,142.06659185995144,37590700
2024-02-16,139.4662322998047,142.1162079157189,139.08907710730534,141.9177107623263,31468900
2024-02-20,140.0617218017578,141.01452932682773,138.44395563708255,138.6126789723254,25144700
2024-02-21,141.48098754882812,141.61993705061454,139.62500081395828,140.3892306459635,23223300
2024-02-22,143.00946044921875,143.9126399622496,141.72914086755702,143.84315762538745,27191900
2024-02-23,142.8804473876953,143.59503415869767,142.35440793679425,142.5926136233704,19493800
2024-02-26,136.53836059570312,141.37183529228255,136.35970255272923,141.07408198356765,53641800
2024-02-27,137.83853149414062,138.20575198535647,136.06194638095468,136.98498010411188,33099200
2024-02-28,135.3572998046875,136.975066239049,134.394572562124,136.86589051635528,37328600
2024-02-29,137.4216766357422,137.8186709245879,135.37711212953872,136.25051773823296,42133000
2024-03-01,136.11158752441406,137.82861002648335,135.89323609127652,137.39190716020826,31151100
2024-03-04,132.35000610351562,134.64268084656484,130.9208023300921,134.64268084656484,55999400
2024-03-05,131.6750946044922,132.2408273954596,129.69009277405854,130.89102554499024,40194800
2024-03-06,130.4146270751953,132.57828715901485,129.86876363343262,132.12173002942825,35318600
2024-03-07,133.3722686767578,133.92806672802465,130.6230370899261,131.79418082018677,37738200
2024-03-08,134.39454650878906,137.0544415724304,132.99511664674006,133.20354849306366,39370400
2024-03-11,136.63760375976562,138.05688799115902,135.10915896262767,135.10915896262767,32437800
2024-03-12,137.4613800048828,138.33478567710262,136.0024024134986,136.0024024134986,27563400
2024-03-13,138.74168395996094,140.03193806409257,137.9476954137514,137.95761497005276,23347200
2024-03-14,142.0269012451172,142.513217049872,139.40669917238256,140.13122067260912,42753400
2024-03-15,140.12127685546875,142.10627875552206,138.97990682068314,141.43138537879798,49475400
2024-03-18,146.572509765625,151.00898951960397,146.0663398134248,147.495543377708,69273700
2024-03-19,145.92738342285156,147.67417928324386,144.98451074334642,147.0489141116425,24070400
2024-03-20,147.62461853027344,147.7437138156445,145.63961633747658,146.89016226696725,21311500
2024-03-21,146.49314880371094,149.24236557867428,145.7983860112411,148.34912076601722,24755600
2024-03-22,149.63937377929688,150.4432971327226,147.86278858243205,148.0017381108715,29211800
2024-03-25,148.94461059570312,149.25228343768953,146.71148367170483,148.8155806383432,19229300
2024-03-26,149.54010009765625,151.11817280232611,148.85527209334566,149.0934777474766,22149100
2024-03-27,149.73861694335938,150.50284693295552,147.78338881509114,150.04628982187702,22879200
2024-03-28,149.79815673828125,150.2944071987847,149.0438614902864,149.71876999163942,24485400
2024-04-01,154.323974609375,154.57209984115423,149.48056523884867,149.5599671303415,31730800
2024-04-02,153.4009552001953,153.53990473719549,151.00902410778318,152.3489065422849,24586000
2024-04-03,153.75823974609375,153.9170435269461,151.58466032180885,152.44814641496717,24705000
2024-04-04,149.40115356445312,153.60936267184238,149.32175167815961,152.34888233651972,34724700
2024-04-05,151.35641479492188,152.26951397177075,148.47816771886264,148.90493591423527,23459200
2024-04-08,153.68878173828125,154.10563032964885,151.46557410662442,151.63429745472348,20702000
2024-04-09,155.4256591796875,157.37095261531294,154.02622916635622,154.91947398862214,31079500
2024-04-10,154.9691162109375,155.4355929246248,153.52005798758364,155.03859855501895,22838600
2024-04-11,158.214599609375,158.48256399502026,155.28672447423406,155.73334692800734,27166400
2024-04-12,156.54718017578125,159.01851314437133,155.96160821412113,156.7754663121818,25353700
2024-04-15,153.6986846923828,158.0458433310319,153.43070521818026,157.66868815581063,27136500
2024-04-16,153.24215698242188,154.48278330237142,152.2794297465919,153.03374024151432,20779500
2024-04-17,154.30413818359375,155.90206546670152,153.42081286214687,154.45300728212143,21763100
2024-04-18,154.84007263183594,155.76310641946125,153.4604968736819,154.17509879172633,19883000
2024-04-19,152.93446350097656,155.1874448352903,151.157893513365,155.02864105305625,32615600
2024-04-22,155.1080322265625,156.45783399355932,152.90467911948886,153.15280433294885,26446200
2024-04-23,157.07318115234375,157.77786342870908,155.10803368370046,155.78294214571977,21151600
2024-04-24,157.9366912841797,158.37339415365952,155.9913826322323,156.30899022616805,22779100
2024-04-25,154.8301544189453,155.31648535594996,149.73861949474144,150.1951766135992,57109700
2024-04-26,170.66055297851562,173.39986557629047,168.37779752849133,173.06240370866433,64665300
2024-04-29,164.9040069580078,168.2785188689009,163.9710688984415,167.79218800990293,45610000
2024-04-30,161.559326171875,166.83943923844134,161.38068324502183,164.36810607308556,33562900
2024-05-01,162.63119506835938,165.86674249047698,161.86696514908917,163.06789787937092,33493200
2024-05-02,165.37049865722656,165.4796743643417,162.6609753825577,163.55422015396346,24294500
2024-05-03,165.98585510253906,166.70045695836217,161.82727393012354,166.303447513815,34662400
2024-05-06,166.83941650390625,166.8791098785654,164.78493225886228,166.2042164988209,21871300
2024-05-07,169.96578979492188,170.47195983372737,167.12723643695188,167.23641214858006,28039700
2024-05-08,168.10980224609375,168.87401701223217,167.47460229491972,167.73264706920992,19569100
2024-05-09,168.6854705810547,169.40999204467994,166.9188049315239,168.11973776202532,15346700
2024-05-10,167.38526916503906,168.57628234941276,164.94372545466877,166.76992345897793,29799900
2024-05-13,167.87159729003906,168.01054680668042,162.77014340140366,163.02818817677723,31327600
2024-05-14,169.06260681152344,169.96578630331507,167.5341620244905,168.49688914969917,25127100
2024-05-15,171.21633911132812,171.3552886431622,169.23133714549078,169.35044756160798,26948400
2024-05-16,172.87380981445312,173.8067631392547,171.3949930775493,171.99048456648705,27867900
2024-05-17,174.73971557617188,174.94814744007684,172.387493160876,172.87380893604973,24479300
2024-05-20,175.59327697753906,177.42940990488938,174.75957976328465,174.86875548022488,22554400
2024-05-21,176.5163116455078,176.814049834635,174.4916010932611,175.57342356539291,16989400
2024-05-22,175.0573272705078,175.82154211929756,173.89610294407106,175.31537207270605,17880000
2024-05-23,172.24851989746094,176.91327071060766,171.6530133492462,175.7421270153088,21024900
2024-05-24,173.67774963378906,174.45189917635065,172.34778682854989,173.6678149317287,16579400
2024-05-28,175.0771484375,175.94063449763217,173.06237287112745,173.1417747585167,20572200
2024-05-29,174.58091735839844,175.51387070822295,173.40977346435537,174.11444068348618,23388700
2024-05-30,170.81935119628906,173.90602997495594,170.50174360052324,173.88617571412965,22931500
2024-05-31,171.20643615722656,171.76223433846474,168.16938527805758,170.57123607233086,37638900
2024-06-03,171.8713836669922,173.22118553313896,169.8764622562065,171.24610323694733,27459100
2024-06-04,172.48670959472656,172.546272364758,170.60096410813182,171.98053963216327,26879600
2024-06-05,174.09458923339844,175.32528067630372,172.62567697442577,173.88615737761106,22068500
2024-06-06,175.40469360351562,175.8215421969568,174.43204688548622,174.5809159744427,23251000
2024-06-07,173.15170288085938,176.53611922911327,172.99289911211454,175.7222764169276,19661400
2024-06-10,173.89694213867188,175.9339073021769,171.66125199471998,173.85720320728015,23726700
2024-06-11,175.4967041015625,175.71530612964037,172.66483900249895,175.09925413873597,21540600
2024-06-12,176.6592559814453,179.2626031953618,174.9899479924397,177.11633707085997,27864700
2024-06-13,174.04598999023438,175.61594304528666,173.76777199685736,174.98994497931662,20913300
2024-06-14,175.6656036376953,175.93389067490244,173.04239472317744,173.1119567987189,18063600
2024-06-17,176.11276245117188,177.22563442085436,173.69820932054725,174.34408443003642,19618500
2024-06-18,173.97640991210938,176.26178475990773,172.99271609506096,176.0133747799675,21869900
2024-06-20,175.17872619628906,176.16242004315566,173.87706028782432,174.2546331587941,20160100
2024-06-21,178.48756408691406,179.69980614084275,175.48676694016078,175.87428594679412,57759000
2024-06-24,178.08013916015625,179.73951592780148,177.53363419793985,179.01416306617313,18298000
2024-06-25,182.8595733642578,183.1179143136271,178.27889222308787,178.47761719658297,23130200
2024-06-26,182.7105255126953,183.33650839401088,181.31942043498108,181.4684755299556,19839000
2024-06-27,184.2307891845703,184.86671815444103,182.8496302424256,183.00860111358634,18848900
2024-06-28,180.99151611328125,183.95257416720727,180.802737253132,183.14772821008222,29156600
2024-07-01,181.826171875,182.71051078495708,180.14691800781662,181.86591080007756,16006100
2024-07-02,184.06187438964844,184.38977740074063,180.40527139828873,180.89216044416673,17372500
2024-07-03,184.63818359375,184.90645546496816,182.8297515992084,183.6743516250974,10242100
2024-07-05,189.38780212402344,189.64614308224583,184.618326787977,184.67794276589416,20967500
2024-07-08,187.82777404785156,188.96052307793317,186.58572400777334,188.69223602398804,21035900
2024-07-09,187.778076171875,190.14294413821008,187.51973523943423,189.09961914354798,15121400
2024-07-10,189.96409606933594,190.53047817126304,187.82777604241306,187.94700799576873,15952500
2024-07-11,184.38978576660156,189.64613480059487,183.90289669863316,188.64256383874462,25625800
2024-07-12,183.89297485351562,185.91999392317484,183.31666179406736,183.90290579597803,22898400
2024-07-15,185.34368896484375,187.0428202283238,183.74392777730802,183.74392777730802,16474000
2024-07-16,182.75027465820312,187.47999579867826,182.203769602895,186.16839882768255,18290700
2024-07-17,179.8687286376953,182.3826367867754,178.7558414559852,181.80632373022326,20734100
2024-07-18,176.55990600585938,181.33931230427376,175.3476639106666,180.77293018820677,25315700
2024-07-19,176.5300750732422,179.14333780092795,176.00344711889437,177.7423170108804,18881900
2024-07-22,180.5145721435547,181.53802010319112,179.08372815601643,179.44143915290098,24100300
2024-07-23,180.63380432128906,182.44223635279693,180.38539432762542,180.89216041821464,36352700
2024-07-24,171.53208923339844,175.06944543810874,170.72724320681195,172.4959213091671,49585200
2024-07-25,166.21609497070312,172.31704385351824,166.12667101114428,171.422773934444,44852000
2024-07-26,165.93789672851562,167.020960798883,163.01659240813447,166.08693667884336,41336900
2024-07-29,168.45176696777344,169.34603679148984,166.9215682298775,167.75622208691163,20293800
2024-07-30,169.20693969726562,170.1409636721862,167.3687148946011,169.15726982937002,18959700
2024-07-31,170.44900512695312,173.14177629603867,168.92873708461033,172.13820531777287,25729100
2024-08-01,169.67398071289062,172.9430651843941,167.80594760520498,169.16722971206943,24531400
2024-08-02,165.60006713867188,167.43829227584254,163.62271782850132,165.38146509787933,29130100
2024-08-05,158.2371826171875,163.38423094995542,153.94465019728176,154.51103232007947,53630700
2024-08-06,157.2832794189453,159.54879271884894,155.41524640434096,158.31667357844438,49004600
2024-08-07,157.92913818359375,161.94343696392548,157.46212618793052,160.22444407280443,25138600
2024-08-08,160.99949645996094,162.64894258558448,159.19107944889603,159.48915933518853,25578800
2024-08-09,162.62904357910156,162.7482755175184,158.04836295010404,158.99231783996856,28602300
2024-08-12,161.25784301757812,163.85124425062764,160.81070801086153,163.30475433227653,15895300
2024-08-13,163.11595153808594,163.6823184730739,161.93351747234263,162.37072151296138,18551700
2024-08-14,159.35003662109375,162.1819165911199,156.70696583237768,161.36712454072207,40591100
2024-08-15,160.27413940429688,160.61197337469392,158.59488533261137,159.4792243502646,31524300
2024-08-16,161.92356872558594,164.0102034694482,160.10520584481466,160.44303978023876,24208600
2024-08-19,165.6099853515625,165.6298623978553,163.21530919170212,164.22882628821975,22416200
2024-08-20,166.11672973632812,167.5674508233367,165.75903388769558,165.83851174622947,18341500
2024-08-21,164.79519653320312,165.7888365119098,163.62269347422293,164.09963641871417,22902000
2024-08-22,162.75823974609375,166.52412878399306,162.2713506737651,166.19622575508728,22493300
2024-08-23,164.566650390625,165.12308635947946,162.78804147862647,163.6723804637865,13955700
2024-08-26,165.1032257080078,166.48438469877073,163.414040743741,165.32182772050928,14190400
2024-08-27,163.6326446533203,165.38146093564725,163.41405777977417,164.78527080999132,11821900
2024-08-28,161.81430053710938,164.54681088282098,160.50268829353018,163.99035967655564,16407400
2024-08-29,160.75106811523438,164.91442188543905,159.23080022153445,163.26497594791422,19699800
2024-08-30,162.34091186523438,162.6191298588304,160.66165779990888,161.58573574397926,22123800
2024-09-03,156.35919189453125,160.82064097809814,155.48478383780713,160.69146292560666,38945300
2024-09-04,155.45497131347656,157.98875628626521,154.9680974284368,155.66364237973846,19353800
2024-09-05,156.23995971679688,158.4358956354768,154.98796360800392,155.30593568698094,18688700
2024-09-06,149.96014404296875,156.82619994728552,149.59250210192843,156.29957197054128,37912100
2024-09-09,147.9602813720703,152.62662386310816,146.47778778010462,151.7411114283819,39260500
2024-09-10,147.91053771972656,150.50738007285446,147.59214370497173,149.6915067964419,31118800
2024-09-11,150.39793395996094,150.7362162140882,146.77628554400584,149.16417992613762,29607700
2024-09-12,153.91014099121094,154.03949046129577,151.88041704126704,153.02462848632382,29621500
2024-09-13,156.66616821289062,157.58152818841413,154.42751164329223,154.6463885405626,29591200
2024-09-16,157.26315307617188,157.45219763829544,155.81052202950406,156.51693413001883,18379800
2024-09-17,158.51681518554688,159.74061004154726,157.5815516503455,158.2183245621199,20715600
2024-09-18,159.00433349609375,159.69085736808276,157.8004420763462,159.05408446311074,23677300
2024-09-19,161.3225860595703,162.9642616693234,160.52661614683478,162.88467834172684,26587700
2024-09-20,162.76527404785156,162.90456764484875,161.2429886014312,162.67573141732413,40896400
2024-09-23,161.03404235839844,164.65569075995793,160.85494193042624,163.52143865567453,24150900
2024-09-24,161.47181701660156,162.39713636620655,159.87989243963506,162.20809181188605,23332100
2024-09-25,160.6758575439453,161.9891949013652,160.48681299524299,160.6559541225392,18869200
2024-09-26,161.9095916748047,163.2527917160846,161.46186338833198,162.81500754909376,20319300
2024-09-27,163.12344360351562,164.86462098454524,161.81010627353578,161.98919151686223,21101300
2024-09-30,165.01388549804688,165.31236092462515,162.43693125430474,162.49664152148338,20413900
2024-10-01,166.1481170654297,168.30717508055415,163.75026355678568,166.8445849442019,28338100
2024-10-02,165.02381896972656,166.67545373891107,163.8995109959539,165.58099330587024,17760200
2024-10-03,165.02381896972656,165.79988539247842,163.0935970324702,163.58113216752693,15073100
2024-10-04,166.21775817871094,167.38185775705003,164.64572198743747,167.21271664038824,19047400
2024-10-07,162.15835571289062,167.63062826044842,161.92951947546015,166.8744651557115,22463100
2024-10-08,163.55128479003906,163.89951115954543,162.0488877230142,163.11350061638578,23072700
2024-10-09,161.0439910888672,164.00896330918712,158.9346838265827,162.62597153558053,31181800
2024-10-10,161.2628936767578,162.24790816824293,159.591355313801,160.0589870760538,14144100
2024-10-11,162.41702270507812,163.07368374330417,160.42710580677368,161.31261821924474,15344300
2024-10-14,164.12835693359375,165.39194326757854,162.5762089577725,162.8150044575592,19016100
2024-10-15,164.6258544921875,166.83464858810927,163.80003704311807,164.95417746587214,20247200
2024-10-16,164.32736206054688,164.96413494193072,162.91452270440968,163.70053329945262,16406000
2024-10-17,162.1085968017578,165.53125680199904,161.9394556622168,164.89448390766555,21453400
2024-10-18,162.59613037109375,163.87963544942022,162.2578480953578,162.3672941471386,19757700
2024-10-21,163.24285888671875,163.67068378195492,161.8001568233936,162.12849497134508,20946500
2024-10-22,164.30743408203125,164.9342627494447,162.15832023535148,162.15832023535148,16568100
2024-10-23,161.9593505859375,164.98403306169303,161.11362975074982,163.9293642522353,18280500
2024-10-24,161.89964294433594,162.50656821640374,160.1982572859619,162.00908898296657,22412500
2024-10-25,164.43679809570312,164.75517692607178,162.59611876941653,162.84485839827352,19828900
2024-10-28,165.87948608398438,167.89925067008892,163.12344672576728,167.89925067008892,32138600
2024-10-29,168.82455444335938,169.52103755308448,166.24761551933543,166.88438836507615,42169000
2024-10-30,173.58045959472656,181.10234312249673,173.18246710164854,179.76908724801194,68890800
2024-10-31,170.2473602294922,175.92858030114797,170.13791418034728,172.25718077657928,44769000
2024-11-01,170.4264373779297,171.45125861583475,168.02859889466288,169.21260195677476,31796500
2024-11-04,168.3867950439453,169.86927360734452,167.16298506324307,169.07330370933886,21492700
2024-11-05,168.88426208496094,169.67027262380228,167.98879032144563,168.57581219568198,18242100
2024-11-06,175.62013244628906,176.04797252771442,172.62531260376363,172.92380321236175,33695500
2024-11-07,179.83876037597656,180.16709852379773,176.2967103185547,176.51560241710214,25352900
2024-11-08,177.45086669921875,179.9879989024669,177.1822236349013,179.7392592604337,22006200
2024-11-11,179.44078063964844,179.6397693133584,177.5702537066768,177.67969975449668,17450400
2024-11-12,180.70436096191406,181.569985195191,178.48560772038502,178.91344777717472,25134900
2024-11-13,177.9781951904297,180.04771085332573,177.6398977358846,179.55023156460638,23184000
2024-11-14,174.69482421875,177.9184953896884,173.44118190987194,177.38120927026733,31007500
2024-11-15,171.6204071044922,173.2620826521563,170.35680548513443,172.8541459998015,32504600
2024-11-18,174.41622924804688,174.55552283170013,172.02831972302542,172.5457023973927,20135300
2024-11-19,177.22201538085938,177.96823430730947,172.68500673714084,172.84420375176396,23434900
2024-11-20,175.09278869628906,176.78421507240827,172.90388308120177,176.44593283355675,18997100
2024-11-21,166.784912109375,173.2521428982115,162.87471698401734,173.02329149320352,59734400
2024-11-22,163.9293670654297,165.62080876483188,163.07370209558795,165.0138834352713,38604600
2024-11-25,166.80479431152344,167.77986461840595,164.77508555590978,165.25266140749017,33135300
2024-11-26,168.2673797607422,168.96386286905866,166.73515032254275,166.78490128483136,20486700
2024-11-27,168.3768310546875,168.6255706920237,167.17293971182346,168.14799483925975,19266500
2024-11-29,168.09823608398438,168.57581191461244,166.31726704322566,167.6505077939042,14257200
2024-12-02,170.6254425048828,171.21246438956555,167.72016544073577,167.91915410888186,23789100
2024-12-03,170.4761962890625,171.80943711786688,169.98867631030456,170.62544918240982,22248700
2024-12-04,173.49093627929688,174.02822245628136,170.1976255515155,170.28716818705817,31615100
2024-12-05,171.76963806152344,175.17239437366248,171.46120334982362,174.4759264469432,21356200
2024-12-06,173.82920837402344,174.1973381653999,170.99357054105934,171.1627116663367,21462400
2024-12-09,174.6858367919922,175.57236409115308,172.9725456881121,173.28134907482925,25389600
2024-12-10,184.44761657714844,185.63297660419835,180.34369430470025,182.13667521959667,54813000
2024-12-11,194.63771057128906,194.84689801892716,184.1288797897164,184.58707675233347,67894100
2024-12-12,191.2111358642578,194.4185600761266,190.96211115966233,194.2392695844635,34817500
2024-12-13,189.07949829101562,191.97813450480885,188.90019258748762,190.26484320082633,25143500
2024-12-16,195.89279174804688,198.22365926952406,191.8685441236521,192.11756882122688,44934900
2024-12-17,194.65762329101562,200.6342160179093,194.21933739249496,196.48048589662955,43504000
2024-12-18,187.66502380371094,196.231480292107,187.00761009122783,194.45842549322595,34166100
2024-12-19,187.77456665039062,192.27693717848743,187.64508415062235,190.88240503225677,32265200
2024-12-20,190.6632843017578,192.13750634222802,184.49742999563804,185.0552429190991,63462900
2024-12-23,193.8707275390625,194.33889522295496,189.40819366703502,191.86855908689105,25675000
2024-12-24,195.34495544433594,195.34495544433594,193.02404318868335,194.0799055884088,10403300
2024-12-26,194.83694458007812,195.98245219810025,193.62170274567876,194.38868793025316,12046600
2024-12-27,192.00799560546875,194.558021252894,189.906226569023,194.18945436832726,18891400
2024-12-30,190.49395751953125,191.79884463576994,188.3822175336386,189.05957268360805,14264700
2024-12-31,188.56150817871094,191.21113466683676,187.77458160553064,190.33456284838633,17466900
2025-01-02,188.69100952148438,191.25099101984424,186.76854591781662,189.90625140953068,20370800
2025-01-03,191.0417938232422,192.45626758091493,189.23885731709424,190.62343412562188,18596200
2025-01-06,196.10198974609375,197.44672936937255,193.09378194764346,193.2232644718959,29563600
2025-01-07,194.7273712158203,200.21587045148732,193.84084384019965,196.34104650196386,26487200
2025-01-08,193.193359375,195.52422692104554,191.62949216136246,191.818753365396,24864800
2025-01-10,191.29080200195312,195.7533354559894,189.5675553775491,193.54199496025797,26665200
2025-01-13,190.26483154296875,190.43416651970912,186.62907690279673,189.32851141262705,21823700
2025-01-14,188.92010498046875,191.23104632862814,187.57536549994643,190.4939429327445,17174900
2025-01-15,194.78713989257812,195.5939775570945,191.11153257710336,192.336729949174,21776000
2025-01-16,192.15744018554688,194.71740642480486,192.05782421701394,193.3826375623353,17815400
2025-01-17,195.2353515625,196.46054874763502,192.9941294144611,195.7632826747639,27735100
2025-01-21,197.2773895263672,201.50083912074155,197.09808382134892,198.29341465676947,29971300
2025-01-22,197.59613037109375,199.6978996202174,196.7594109579838,198.28344103159932,26200600
2025-01-23,197.20765686035156,199.51861361447575,194.4385031217372,197.36703633289733,26951400
2025-01-24,199.428955078125,200.11625050908367,197.22756995808922,197.32718592161126,23877500
2025-01-27,191.0617218017578,196.11195036774717,189.98593319836488,191.65938720339696,41728900
2025-01-28,194.53810119628906,194.71739168696277,189.93611434526252,191.99804618358004,24157900
2025-01-29,194.64768981933594,196.02229596670227,192.6754030526252,194.79709857472477,18218300
2025-01-30,200.0863800048828,200.61431120284323,196.89886658344366,197.22758104242592,24354700
2025-01-31,203.22410583496094,204.6784017460065,201.01276501748202,201.2119817615517,32001100
2025-02-03,200.44496154785156,202.9551348332388,199.31938021531738,199.90707487204236,27838300
2025-02-04,205.57489013671875,206.24227455727316,202.01880986682883,202.59654903669593,43856400
2025-02-05,190.5835723876953,191.99803076448742,187.29644352930725,190.32459218887777,70373900
2025-02-06,190.85255432128906,191.35060376868358,187.98378464053243,188.76074056252688,29297400
2025-02-07,184.61695861816406,190.43417229867478,182.52516013677956,190.3046897826863,49315000
2025-02-10,185.74256896972656,187.46581586539978,185.1349480135509,186.61914089319663,23105600
2025-02-11,184.5970458984375,186.21072116923287,183.56109458441756,184.3081687207876,21239500
2025-02-12,182.8937225341797,184.38787090784842,181.12066768003388,182.50524456499636,22072600
2025-02-13,185.41384887695312,185.5533021151623,182.4255521731024,183.6009567802338,21402500
2025-02-14,184.5074005126953,185.67283443666003,183.6009620380095,184.33806551853942,20448400
2025-02-18,183.05308532714844,185.23454418579348,181.03100592832718,184.87594800082087,29916700
2025-02-19,184.5472412109375,184.73650242741212,182.8737872119756,183.35192561125757,19549400
2025-02-20,183.83998107910156,184.5870551343315,182.00716304475998,184.07905024850896,20441500
2025-02-21,178.95912170410156,184.61695583425816,178.38138255149903,184.42769462228776,35199200
2025-02-24,178.55072021484375,182.40561792977684,178.19212401815724,181.28003655625,29854200
2025-02-25,174.73565673828125,178.04271218366185,174.0085088406691,177.3454308360551,41913400
2025-02-26,172.05613708496094,175.39307405965482,170.9106295738481,174.38701976901885,35431300
2025-02-27,167.8426513671875,173.87900779159736,167.28483845921406,173.31123936714644,39991000
2025-02-28,169.61570739746094,169.94442183496423,166.11940597917265,168.02194319125016,48130600
2025-03-03,166.3584442138672,172.69363277465732,165.28265575645824,171.25924816477874,40770500
2025-03-04,170.2532196044922,172.6139690982364,165.15319817693035,165.5914841182232,45388000
2025-03-05,172.3450164794922,173.10204608630403,168.40045859307807,169.8547695105912,30954900
2025-03-06,171.67764282226562,174.12803748089462,169.83485387065045,169.8647356201999,28302000
2025-03-07,173.18174743652344,174.28741777289434,169.60575619699736,170.5918843353401,27385800
2025-03-10,165.41319274902344,167.99607150995365,163.23920372577845,167.7966101322015,43604000
2025-03-11,163.58824157714844,166.29078517095678,160.9255963482493,164.4558560210946,39587400
2025-03-12,166.6497802734375,167.17831943801426,163.07963775446962,166.12124110886077,28372400
2025-03-13,162.31175231933594,165.67248166266438,161.6635485106855,165.58271795856493,31756200
2025-03-14,165.03424072265625,166.03148669065808,162.00260445854184,162.82035345635094,31995900
2025-03-17,163.83753967285156,165.8420138841619,163.21925201833648,164.57550719551887,31184300
2025-03-18,160.22752380371094,163.797666550582,156.28840488131223,163.2292289881846,42074800
2025-03-19,163.4386444091797,165.41318720526314,160.5566041117451,161.31450558479577,34275600
2025-03-20,162.35165405273438,164.43589456907407,160.51672503978745,161.1250457167365,28138500
2025-03-21,163.53839111328125,163.7877026347692,160.44692216012342,160.7660482116765,36625800
2025-03-24,167.2182159423828,167.85646804378672,164.68521758619846,166.60991043967152,30879100
2025-03-25,170.09027099609375,170.16008551836464,167.85644975168057,168.51462053018605,24174400
2025-03-26,164.60543823242188,169.14291101426645,164.3860428738787,168.53459028680902,28901600
2025-03-27,161.793212890625,164.96444818748884,161.55386834836875,164.1766304631432,24508300
2025-03-28,153.9049835205078,161.37436185470784,153.20691433431318,160.04802279255455,48669300
2025-03-31,154.21412658691406,155.11164193370462,150.24509161947617,152.68834136730996,54603500
2025-04-01,156.637451171875,157.66461343058796,153.19693997672525,153.19693997672525,30672900
2025-04-02,156.6074981689453,157.9737354754909,154.2739462849113,154.72270392156926,25041700
2025-04-03,150.30491638183594,152.35924068042604,149.97582338010557,150.69384170810525,46883400
2025-04-04,145.19903564453125,150.65397293111235,144.9796402891217,147.60238713771614,62259500
2025-04-07,146.34585571289062,152.42906261628312,140.14298415460087,141.1601793715283,76794100
2025-04-08,144.30149841308594,151.82074204837693,142.63609935843277,150.80354683062922,52200200
2025-04-09,158.27293395996094,159.11061702523395,143.51368875470308,144.0222787835972,70406200
2025-04-10,152.39913940429688,157.28563866565491,149.51708388683267,156.10888048544342,48022000
2025-04-11,156.70724487304688,157.2357840662013,152.39914981719627,152.47891611104427,33636200
2025-04-14,158.63192749023438,161.27462328630523,157.12607630131762,159.5593589601424,30333000
2025-04-15,155.87953186035156,159.2103301054895,154.78257030571797,158.6917731015249,27551500
2025-04-16,152.90773010253906,155.46067741277207,151.09273508921532,152.67836778458886,28187400
2025-04-17,150.7436981201172,154.2539928304109,148.0910202997611,153.86506752718316,33046600
2025-04-21,147.26332092285156,148.53979463690146,145.6976525525358,148.46999532680982,26049100
2025-04-22,151.0528564453125,151.77087479980403,148.13091768280205,148.47995987784566,26971800
2025-04-23,154.92218017578125,157.09616926384234,153.38641273519517,155.1814586711159,31128800
2025-04-24,158.84133911132812,159.15048293168,155.36094514919478,155.719954312099,45894000
2025-04-25,161.51397705078125,165.6425750916004,160.59649729347288,164.61541287682232,56034000
2025-04-28,160.1676788330078,162.70067694860023,158.16321987401656,161.98265861948803,29745800
2025-04-29,159.71893310546875,160.29733764803302,157.086204107764,159.87849612757626,26809000
2025-04-30,158.3626708984375,158.83137774482094,154.9720253029664,157.5449218586139,34981100
2025-05-01,160.8557891845703,161.5039930234171,158.47237175928248,160.00812396444732,30203200
2025-05-02,163.57826232910156,164.51567601619934,161.42420728854916,162.95997467027814,25715000
2025-05-05,163.75778198242188,164.93452502755278,162.2718798770323,162.55110755610633,21341800
2025-05-06,162.78045654296875,164.3461400306944,160.74608144554134,161.72337824217448,21277200
2025-05-07,150.96311950683594,164.545606521222,147.43285979099062,163.62814193511582,127490100
2025-05-08,153.85511779785156,155.5005676767597,152.4789133936082,154.57313616382487,57498700
2025-05-09,152.32931518554688,154.62298385853498,151.78082688293327,153.74540257435322,32435300
2025-05-12,158.02362060546875,158.66185748829406,155.81970007226886,157.0562906900787,44138800
2025-05-13,159.09066772460938,160.12781218093087,155.72995326636035,158.35270013902556,42382100
2025-05-14,164.91458129882812,166.5400972975048,159.170449289238,159.51949150800576,48755900
2025-05-15,163.5084686279297,165.75227223459135,161.92283584781248,165.3832808496498,33146700
2025-05-16,165.73231506347656,168.88361607338598,165.16387753981013,167.26806720706887,42846900
2025-05-19,166.08132934570312,166.18106002472402,163.7677267167175,164.05692133905376,30426100
2025-05-20,163.5283966064453,168.03595283640126,162.45136908866291,165.9716462897934,46607700
2025-05-21,168.09579467773438,172.66318349220677,163.1095643409873,163.2392111991083,73416000
2025-05-22,170.39942932128906,176.28319020253375,170.23988151650855,171.3767414156938,74864400
2025-05-23,168.00604248046875,169.49194456610303,167.42763794814334,168.5944139952117,35211400
2025-05-27,172.423828125,172.69308880696215,169.53182079809207,169.69138381086714,37995700
2025-05-28,171.8853302001953,174.7873198647011,171.4365725199691,172.6831300854681,34784000
2025-05-29,171.38671875,173.9396663818934,170.16011028339477,173.5208248376079,29317300
2025-05-30,171.2670440673828,171.73575093359455,166.97888295989642,170.87811871209726,52639900
2025-06-02,168.5644989013672,169.40218193277036,166.92901598525125,167.37777366516244,38612300
2025-06-03,165.7223358154297,168.01600469808255,164.82482048675826,167.0287408798973,45084900
2025-06-04,167.5872039794922,167.75673398423967,165.90185569784677,166.28081407126308,26900800
2025-06-05,167.74676513671875,170.45926039928958,167.1284622369502,169.87088888051295,36379100
2025-06-06,173.2017059326172,174.01945508865876,170.35956350392388,170.35956350392388,35731800
2025-06-09,175.817626953125,176.1970440586742,174.1002861656323,174.27002138780236,28935900
2025-06-10,178.3237762451172,180.8298886948226,174.63948090794972,175.92747903926403,61766100
2025-06-11,177.07569885253906,180.09101684926247,176.47662077845203,179.49195401036374,31646800
2025-06-12,175.42823791503906,176.44666452455314,174.47971034788216,175.90749122267417,20941900
2025-06-13,174.39984130859375,176.85604320367563,172.1233689351953,172.17329464872896,27663100
2025-06-16,176.49659729003906,176.66633252587772,174.37986589593493,174.45974398959817,27389200
2025-06-17,175.6778564453125,177.08567926563504,174.30998028900405,175.4282431183839,24973000
2025-06-18,173.05194091796875,176.28692000243774,172.93211615674434,175.73776761612697,28707500
2025-06-20,166.38226318359375,174.07035081830173,165.20409556084024,173.68095462694552,75659900
2025-06-23,164.9344940185547,167.08116240174218,161.7494257286143,166.0128253516346,57671000
2025-06-24,166.51206970214844,167.95982401484335,165.87306016657053,166.66183161080377,40524300
2025-06-25,170.41600036621094,172.0934098171055,167.29085192583665,167.3707300173257,35479000
2025-06-26,173.27159118652344,173.4213683331891,169.6771681943881,172.16330733603075,31796700
2025-06-27,178.25387573242188,178.40363764116194,171.46438989107267,173.27158802075178,108140200
2025-06-30,175.95741271972656,180.94967899066734,174.30997094439113,180.5003780733202,63378900
2025-07-01,175.56802368164062,175.81763700531283,173.26159900853952,175.46818749328466,35904500
2025-07-02,178.3636932373047,178.58335417760583,174.79922295185074,175.26848197683447,29128900
2025-07-03,179.2523193359375,179.39210218822254,176.7761594232363,178.22391365801445,21689700
2025-07-07,176.5165557861328,179.0226833705182,175.40827199123135,178.78304908898676,34175600
2025-07-08,174.09031677246094,177.67476043779465,172.54271112131266,177.5749242496101,40442500
2025-07-09,176.34681701660156,179.1624626362242,172.50278095171484,174.97894087050608,43025600
2025-07-10,177.34527587890625,178.15402063985096,174.11029683512743,175.35836349959487,29252400
2025-07-11,179.91131591796875,181.14938835134018,176.20704719654847,176.51656530489134,34282900
2025-07-14,181.2791748046875,183.3859118317051,179.40207776586954,180.7300224544814,32536600
2025-07-15,181.718505859375,183.93507346834292,181.31913062189142,182.5272506181519,33448300
2025-07-16,182.68701171875,184.04490889196538,181.74846312672318,182.95659839065306,33104200
2025-07-17,183.29605102539062,183.77530432362263,180.20083982993623,181.85827589550698,31992600
2025-07-18,184.77377319335938,186.1316703490662,183.42587032160213,185.11324367348885,34014500
2025-07-21,189.8059844970703,189.99567783258155,185.86208164773134,185.9619330750015,45803100
2025-07-22,191.04405212402344,191.35357021159422,187.17006365240448,191.20380830960463,44660200
2025-07-23,189.93577575683594,192.23222149983224,188.88739669642578,191.20381577219638,58681900
2025-07-24,191.8727569580078,197.64381545602902,190.70456849752816,196.7252403051011,74881700
2025-07-25,192.88119506835938,194.02942546808288,190.96416662133603,191.68305419336826,39785900
2025-07-28,192.28213500976562,193.7498625541434,190.54482081320737,193.35047209995227,38139500
2025-07-29,195.44723510742188,195.61697034161693,191.78291329403916,192.13236281084488,41389200
2025-07-30,196.2260284423828,197.2943808004953,194.3888780023715,195.2974741739121,32445400
2025-07-31,191.60317993164062,195.68686545955075,190.79443520574372,195.40729975764043,51329200
2025-08-01,188.8374786376953,190.53484621084553,187.52950724447476,188.73762721302066,34832200
2025-08-04,194.7383270263672,194.96798225717674,189.82593856567027,189.9956738002762,31547400
2025-08-05,194.368896484375,197.55396485726567,193.5901041516216,194.40884314692985,31602300
2025-08-06,195.78671264648438,196.3258859841649,193.3704573812648,194.1991754853375,21562900
2025-08-07,196.21604919433594,197.23446060352177,194.0294340028213,196.75520727948205,26321800
2025-08-08,201.10845947265625,202.29662132319493,196.86503299798275,196.9149587094283,39161800
2025-08-11,200.68911743164062,201.16837075965444,198.76210983585918,200.62921267003748,25832400
2025-08-12,203.02549743652344,204.18370696130674,200.27975076589462,201.0585431482033,30397900
2025-08-13,201.6476287841797,204.21364576160173,197.2044995517677,203.81427054832747,28342900
2025-08-14,202.62611389160156,204.12379383237695,200.91875205563483,201.18833871082708,25230400
2025-08-15,203.58462524414062,206.12070520105007,200.96868242883633,203.534714766441,34931400
2025-08-18,203.18524169921875,204.9525082638803,202.17680937496152,203.88415594549542,18526600
2025-08-19,201.25823974609375,203.1253425488118,199.65072931767816,202.7159730378366,24240200
2025-08-20,199.01171875,200.9686786831588,196.29592455953664,200.41952632200108,28955500
2025-08-21,199.44105529785156,202.1668286588479,199.12154291514705,199.44105529785156,19774600
2025-08-22,205.771240234375,208.21744781149425,200.98865555430208,202.41643648326647,42827000
2025-08-25,208.1675262451172,210.19438514977915,204.9624845680577,206.11069972619865,29928900
2025-08-26,206.81961059570312,207.52851912382437,205.3818354433132,207.18903343187435,28464100
2025-08-27,207.15908813476562,208.58688428789492,205.3319167524022,205.38184246485358,23022900
2025-08-28,211.31265258789062,211.8917573213033,206.57997853322107,206.92944327697995,32339300
2025-08-29,212.58070373535156,214.31800279201352,209.87488848734807,210.1844065843309,39728400
2025-09-02,211.0231170654297,211.3525932568575,205.88107328271496,208.11761422314743,47523000
2025-09-03,230.30325317382812,230.95224175670688,224.4423216543269,225.86013881710127,103336100
2025-09-04,231.94070434570312,232.01058815431742,225.76027598883607,229.2947939629136,51684200
2025-09-05,234.63653564453125,235.39535470067108,231.5413241866342,231.84086323662245,46588900
2025-09-08,233.8870086669922,237.97434675109136,233.5172554040335,235.31608185012894,32474700
2025-09-09,239.47335815429688,240.3128053844981,233.07753270088136,234.0169206603603,38061000
2025-09-10,239.01365661621094,241.50203443312756,237.6945274082077,238.74382884116824,35141100
2025-09-11,240.21287536621094,242.09165136894262,236.09557331646107,239.7232054178332,30599300
2025-09-12,240.64259338378906,241.92175543476245,237.84442067897936,240.21286654309478,26771600
2025-09-15,251.44552612304688,252.24500622225327,244.5000723057695,244.5000723057695,58383800
2025-09-16,250.99581909179688,252.87457975705254,249.30692141357196,251.91521585326547,34109700
2025-09-17,249.36688232421875,251.43553649547647,246.11900683222018,251.0557800198683,34108000
2025-09-18,251.86524963378906,253.82397511354577,249.6367116291099,251.51547232528497,31239500
2025-09-19,254.55349731445312,255.83265939150547,251.64539584681071,253.08445699569828,55571400
2025-09-22,252.36492919921875,255.6128047936517,250.13639113793755,254.2636811395151,32290500
2025-09-23,251.49549865722656,254.1937306726042,250.31626206974443,252.8745862102155,26628000
2025-09-24,246.97845458984375,252.18505574615793,246.2789151995329,251.49550432970327,28201000
2025-09-25,245.6293182373047,246.32887284028934,240.58263166512353,244.24022750230412,31020400
2025-09-26,246.3788299560547,249.25695217808112,245.80921049475367,246.90849752367055,18503200
2025-09-29,243.89047241210938,250.98582213384148,242.61131034259105,247.6879914773483,32505800
2025-09-30,242.94110107421875,243.13096406959585,239.09361157011617,242.65128209661555,34724300
2025-10-01,244.7399139404297,246.13900797357311,238.45403213601972,240.59263270567308,31658200
2025-10-02,245.52940368652344,246.64866670301694,242.14162021805868,244.98974812584623,25483300
2025-10-03,245.1896209716797,246.138996907564,241.5020306823554,244.33018254314118,30249600
2025-10-06,250.26629638671875,251.1557292673991,244.42012945214807,244.61999567020933,28894700
2025-10-07,245.59934997558594,250.27629875611288,245.35951661425605,248.10771903747053,23181300
2025-10-08,244.46009826660156,245.84918907751907,243.66063338889384,244.79988761332393,21307100
2025-10-09,241.3721160888672,244.60000044134677,238.99366696134817,244.3101967172578,27892100
2025-10-10,236.4153594970703,243.93043262992407,235.6858257251368,241.27216783484693,33180300
2025-10-13,243.9904022216797,244.34017953936018,239.55331729181,240.05299046060216,24995000
2025-10-14,245.28955078125,246.95845730298234,240.35277752895155,241.07230809804528,22111600
2025-10-15,250.86590576171875,251.94520161834686,245.82920701293574,247.0883778879278,27007700
2025-10-16,251.29562377929688,256.79201310331337,249.93651222042618,251.60541868813706,27997200
2025-10-17,253.13442993164062,254.05382673080507,247.64801305801078,250.59608169913423,29671600
2025-10-20,256.3822937011719,257.1617826336821,254.06381810029453,254.52352413042843,22350200
2025-10-21,250.29627990722656,254.71338870395212,243.99039197294186,254.5734808325197,47312100
2025-10-22,251.52548217773438,256.19241249616164,249.12704181794433,254.20372304336274,35029400
2025-10-23,252.91456604003906,254.8732762688867,251.68537434804077,252.81462530948346,19901400
2025-10-24,259.7501220703125,261.5089509442133,255.1531226659378,256.412278354529,28655100
2025-10-27,269.0939636230469,269.9634205104271,264.10723541197956,264.6468909460984,35235200
2025-10-28,267.295166015625,270.5530448339537,266.3257988486908,269.5137161039883,29738600
2025-10-29,274.3905334472656,275.1600191542769,267.49504976173847,267.57498405043395,43580300
2025-10-30,281.2960205078125,291.3993974290424,279.87693527724974,291.3993974290424,74876000
2025-10-31,281.0061950683594,285.81304844327684,276.8489107040144,283.02486366213384,39267900
2025-11-03,283.5345458984375,285.3433603410046,279.61709481156873,281.9955439895644,29786000
2025-11-04,277.35858154296875,281.0861237356038,276.07941949471564,276.56908942406625,30078400
2025-11-05,284.1241455078125,286.23278206992967,277.15870054271744,278.6876991693174,31010300
2025-11-06,284.5638732910156,288.1615262521665,280.9562476047489,285.14348075532007,37173600
2025-11-07,278.647705078125,283.59448127875606,275.0101005397699,283.0248465894465,34479600
2025-11-10,289.9103698730469,290.6098939896417,282.6750818691635,284.23409016650885,29557300
2025-11-11,291.11956787109375,291.72918497214437,287.1321858980205,287.56189748708465,19842100
2025-11-12,286.5225830078125,291.8191369528623,283.504568014819,291.4893355792204,24829900
2025-11-13,278.3879089355469,282.65510670070455,277.0587612643864,282.15543354563385,29494000
2025-11-14,276.22930908203125,278.3778974858086,270.52305035910666,271.23257767900105,31647200
2025-11-17,284.83367919921875,293.7578650793077,283.38464532335746,285.59319216713175,52670200
2025-11-18,284.09417724609375,288.61121173854644,278.0181648979437,287.7318125744744,49158700
2025-11-19,292.61859130859375,303.6114007455407,286.44263841708545,286.9722907427786,68198900
2025-11-20,289.26080322265625,306.2197114167213,288.48131431646567,304.3409354639468,62025200
2025-11-21,299.464111328125,303.7213362601199,293.6579118539212,296.2262391249899,74137700
2025-11-24,318.3717346191406,319.27117069793417,309.39762425695875,310.9266228942269,85165100
2025-11-25,323.22857666015625,328.6150374741804,317.4423529194355,325.9967549915166,88632100
2025-11-26,319.7408752441406,324.287888914303,316.58293713459693,320.4703785574214,51373400
2025-11-28,319.970703125,326.6363566172421,316.5829348985448,323.15862038246837,26018600
2025-12-01,314.6841735839844,319.6409227326276,313.684827275924,317.49233426982363,41183000
2025-12-02,315.6035461425781,318.17187340075924,313.7047943107319,316.5329308632399,35854700
2025-12-03,319.42108154296875,321.369788644051,313.89469739870816,315.68353592029735,41838300
2025-12-04,317.4123840332031,322.14927599125497,314.4943097586067,322.0193865832628,31240900
2025-12-05,321.0599670410156,322.9487461411032,318.961364259978,319.28113189003057,28851700
2025-12-08,313.7200012207031,320.44000244140625,311.2200012207031,320.04998779296875,33909400
2025-12-09,317.0799865722656,317.989990234375,311.8999938964844,312.3699951171875,30194000
2025-12-10,320.2099914550781,321.30999755859375,314.67999267578125,315.8299865722656,33428900
2025-12-11,312.42999267578125,321.1199951171875,308.6000061035156,320.0799865722656,42353700
2025-12-12,309.2900085449219,314.8699951171875,305.55999755859375,313.70001220703125,35940200
2025-12-15,308.2200012207031,311.4200134277344,304.8800048828125,311.32000732421875,29151900
2025-12-16,306.57000732421875,310.7699890136719,302.5899963378906,304.95001220703125,30585000
2025-12-17,296.7200012207031,308.0899963378906,296.1199951171875,308.010009765625,43930400
2025-12-18,302.4599914550781,303.9599914550781,299.2300109863281,301.7200012207031,33518000
2025-12-19,307.1600036621094,307.25,300.9700012207031,301.7300109863281,59943200
2025-12-22,309.7799987792969,310.1300048828125,305.29998779296875,309.8800048828125,26429900
2025-12-23,314.3500061035156,314.94000244140625,309.32000732421875,309.6300048828125,25478700
2025-12-24,314.0899963378906,315.0799865722656,311.9200134277344,314.7699890136719,10097400
2025-12-26,313.510009765625,315.0899963378906,312.2799987792969,314.4800109863281,10899000
2025-12-29,313.55999755859375,314.0199890136719,310.6199951171875,311.3699951171875,19621800
2025-12-30,313.8500061035156,316.95001220703125,312.4599914550781,312.5,17380900
2025-12-31,313.0,314.5799865722656,311.44000244140625,312.8500061035156,16377700
2026-01-02,315.1499938964844,322.5,310.3299865722656,316.8999938964844,32009400
2026-01-05,316.5400085449219,319.0199890136719,314.6300048828125,317.6600036621094,30195600
2026-01-06,314.3399963378906,320.94000244140625,311.7799987792969,316.3999938964844,31212100
2026-01-07,321.9800109863281,326.1499938964844,314.19000244140625,314.3599853515625,35104400
2026-01-08,325.44000244140625,330.32000732421875,321.5,328.9700012207031,31896100
2026-01-09,328.57000732421875,330.8299865722656,325.79998779296875,327.0899963378906,26214200
2026-01-12,331.8599853515625,334.0400085449219,325.0,325.79998779296875,33923900
2026-01-13,335.9700012207031,340.489990234375,333.6199951171875,334.95001220703125,33517600
2026-01-14,335.8399963378906,336.5199890136719,330.4800109863281,335.05999755859375,28525600
2026-01-15,332.7799987792969,337.69000244140625,330.739990234375,337.6499938964844,28442400
2026-01-16,330.0,334.6499938964844,327.70001220703125,334.4100036621094,40341600
2026-01-20,322.0,327.7300109863281,320.42999267578125,320.8699951171875,35361000
2026-01-21,328.3800048828125,332.4800109863281,319.3500061035156,320.9200134277344,35386600
2026-01-22,330.5400085449219,335.1499938964844,328.75,334.45001220703125,26253600
2026-01-23,327.92999267578125,333.69000244140625,327.45001220703125,332.489990234375,27280000
2026-01-26,333.260009765625,335.8399963378906,327.0,327.80999755859375,26042100
2026-01-27,334.54998779296875,337.9100036621094,333.4800109863281,335.3699951171875,21636200
2026-01-28,336.010009765625,337.5400085449219,331.94000244140625,336.05999755859375,27434400
2026-01-29,338.25,342.2900085449219,326.5400085449219,340.29998779296875,39785600
2026-01-30,338.0,340.0,332.2900085449219,340.0,31024000
2026-02-02,343.69000244140625,344.8299865722656,335.6300048828125,336.2200012207031,32006100
2026-02-03,339.7099914550781,349.0,337.4700012207031,347.3399963378906,36506700
2026-02-04,333.0400085449219,343.30999755859375,328.5199890136719,342.9599914550781,70618400
2026-02-05,331.25,332.69000244140625,306.4599914550781,312.2200012207031,88205800
2026-02-06,322.8599853515625,330.3800048828125,319.9200134277344,327.17999267578125,56294700
