Date,Close,High,Low,Open,Volume
2014-01-02,27.646963119506836,27.761959942649845,27.52625308563333,27.70508150341573,72783144
2014-01-03,27.445281982421875,27.741590879684107,27.443544166943923,27.69365518956129,66601332
2014-01-06,27.751279830932617,27.78952881194028,27.481049502307886,27.644231903289892,70701228
2014-01-07,28.286277770996094,28.30689303514756,27.84665584318205,27.942031255347263,102001896
2014-01-08,28.34514045715332,28.496400453558117,28.14793246589555,28.463614802484507,89610300
2014-01-09,28.072175979614258,28.41940209873447,27.955937331075162,28.4000286751371,83296620
2014-01-10,28.070688247680664,28.29174103404883,27.873726355107376,28.29174103404883,85654260
2014-01-13,27.891860961914062,28.4862166155718,27.747554117017994,27.978541614163127,96659244
2014-01-14,28.548059463500977,28.587800159849245,28.0187754043004,28.263671080182363,99204696
2014-01-15,28.528688430786133,28.687151465547192,28.408724257996877,28.63722807527722,77929992
2014-01-16,28.717453002929688,28.759923473262024,28.513289965048155,28.540610394191738,67288644
2014-01-17,28.576128005981445,28.826984900767304,28.41890870274136,28.73309932029034,107943948
2014-01-21,28.90323829650879,28.910689323111157,28.595254958096096,28.834437455340996,79116804
2014-01-22,28.93602180480957,29.00730442318304,28.783023995765294,28.975512621484356,62793144
2014-01-23,28.813823699951172,28.8731839230341,28.67150455043513,28.811340024450175,77886036
2014-01-24,27.9129695892334,28.65113604078191,27.892354327607485,28.58804841828923,155544300
2014-01-27,27.351646423339844,27.979287493327416,26.88073057566881,27.969352791470705,173969856
2014-01-28,27.89260482788086,27.960659806960713,27.567979738101982,27.57741846204335,88319592
2014-01-29,27.492971420288086,27.861308816983577,27.306691976428013,27.795987395774294,95100804
2014-01-30,28.200088500976562,28.624808334919567,27.997913167156156,28.438776890525283,203452344
2014-01-31,29.332181930541992,29.47052569736324,28.59103378478456,29.093245510719274,222429348
2014-02-03,28.151409149169922,29.350804737064255,28.11613982375236,29.288214983090725,182581236
2014-02-04,28.268892288208008,28.687153095631235,28.24033001931696,28.26466890393601,112363524
2014-02-05,28.39406967163086,28.582088818972945,28.017039421235335,28.398541044512946,95684220
2014-02-06,28.810346603393555,28.815313954469303,28.50211338252559,28.591031617045005,77786136
2014-02-07,29.244503021240234,29.255927549992627,28.82524837213977,29.000849152852407,105342552
2014-02-10,29.13248634338379,29.36769532513186,29.035371227989234,29.104418161165995,77730192
2014-02-11,29.560930252075195,29.602904745468045,29.114603176071995,29.312309040905912,81949968
2014-02-12,29.47425079345703,29.556461973265616,29.3423642067829,29.53162521635559,68911020
2014-02-13,29.802349090576172,29.802349090576172,29.29963957413697,29.326712013828022,73382544
2014-02-14,29.87437629699707,29.91386900719858,29.6260030798286,29.695795872451995,87380532
2014-02-18,30.075061798095703,30.124489209797254,29.804831480478526,29.839852817762274,84271644
2014-02-19,29.862953186035156,30.033834603619635,29.742739127222876,29.936471495217933,84059856
2014-02-20,29.90691566467285,29.975962601402173,29.810298415213204,29.88282287628238,67963968
2014-02-21,29.89896583557129,30.04997784591155,29.875370918847615,29.998812617316595,74417508
2014-02-24,30.115549087524414,30.305554044736954,29.931503436930438,29.93796061446408,66905028
2014-02-25,30.30158042907715,30.413347716481173,30.06363788651056,30.20073979912974,57490452
2014-02-26,30.305801391601562,30.52213481832575,30.146594391820933,30.400928809182524,79208712
2014-02-27,30.281959533691406,30.40664307129706,30.227316780245104,30.261592258987484,50349600
2014-02-28,30.193538665771484,30.405648712286645,29.959321636265223,30.310025315144195,92451456
2014-03-03,29.871644973754883,29.999558043392717,29.609609645957498,29.972485602828996,84107808
2014-03-04,30.17515754699707,30.20222998812004,30.040789190175303,30.177393233520128,58649292
2014-03-05,30.258363723754883,30.37808180741725,30.088228162156057,30.1786362240075,49362588
2014-03-06,30.291894912719727,30.45433145696977,30.266808275447694,30.358210185152316,50673276
2014-03-07,30.172176361083984,30.475192323992633,30.08897134435532,30.470472962249303,60543396
2014-03-10,30.09220314025879,30.24296527322125,29.906417774976653,30.194531707527574,48535416
2014-03-11,29.80458641052246,30.160505456626964,29.721381384123198,30.146845240703204,68451480
2014-03-12,29.986146926879883,29.999807142132994,29.412154752945423,29.71541872513682,78493428
2014-03-13,29.533111572265625,30.065625207760206,29.42631163705874,30.002289592037695,93730176
2014-03-14,29.129255294799805,29.57806793847997,29.122550128366182,29.357511124246543,91664244
2014-03-17,29.60861587524414,29.732057564361345,29.26113986303368,29.289456032611266,86397516
2014-03-18,30.084501266479492,30.091208325996675,29.632460977992938,29.672449667025102,72527400
2014-03-19,29.78620719909668,30.102635428090835,29.665995025832743,30.097916065740876,64451484
2014-03-20,29.73429298400879,30.043518122842418,29.689584936748744,29.803587901650907,67320612
2014-03-21,29.38359260559082,30.044017446880492,29.368938541468115,29.96155828409521,128211660
2014-03-24,28.759923934936523,29.42978747497197,28.462373183678775,29.412153758123456,121362516
2014-03-25,28.7795467376709,29.055736361066437,28.48845316899209,28.960360955088834,96311592
2014-03-26,28.11514663696289,29.098706697722736,28.103474119886787,28.86126013765582,103096800
2014-03-27,27.6757755279541,28.11440170140781,27.373255527112757,28.087329260247703,152735112
2014-03-28,27.821571350097656,28.145450593463668,27.76245722158799,27.79300718815183,90265644
2014-03-31,27.681486129760742,28.190402955929855,27.640255603698424,28.0761519945231,77614308
2014-04-01,28.18767547607422,28.252499030652935,27.768170930172644,27.824551502144082,87152760
2014-04-02,28.192888259887695,28.43381045048212,27.91719272098594,28.361781971536853,83360556
2014-04-03,28.360713958740234,29.194414865714162,28.088272567854258,28.454504884839626,80366000
2014-04-04,27.058055877685547,28.768630440105007,27.02034073840302,28.710568851140778,107274000
2014-04-07,26.82879066467285,27.286334065191472,26.327578492249064,27.035231054555044,79232000
2014-04-08,27.666458129882812,27.784069242371828,27.030762191811622,27.048130881566433,69650000
2014-04-09,28.139387130737305,28.177102274064996,27.560758876481295,28.079837601868196,60632000
2014-04-10,27.1295166015625,28.197447836564983,27.070463052448453,28.18702662201545,65890000
2014-04-11,26.686365127563477,27.17417828306392,26.469999518867954,26.695296515129208,63494000
2014-04-14,27.055578231811523,27.4436449825206,26.823331840447825,26.979155985884162,50824000
2014-04-15,27.229263305664062,27.437193513751794,26.333035060000952,27.34340068889073,79956000
2014-04-16,27.983564376831055,27.98852794175641,27.447614840659654,27.67588960804663,91644000
2014-04-17,26.963272094726562,27.64115077796785,26.767748915297492,27.607405353206246,112294000
2014-04-21,26.76626205444336,26.99602664569986,26.49977616980865,26.99602664569986,48502000
2014-04-22,27.070463180541992,27.194525799969814,26.599024848107195,26.599024848107195,46622000
2014-04-23,26.673959732055664,27.03572638356851,26.208476910189212,26.97965059328205,39114000
2014-04-24,26.521610260009766,26.921588017979126,26.350899219826882,26.881391093815324,41348000
2014-04-25,25.9588623046875,26.492827906904377,25.9290865955217,26.41342790884086,47400000
2014-04-28,25.952909469604492,26.09781452838994,25.358400431816627,26.092852856204892,75056000
2014-04-29,26.615400314331055,26.686364901622696,25.953898368215977,25.99806500694677,50704000
2014-04-30,26.54344367980957,26.615896200418003,26.2561153796902,26.555354720482324,40770000
2014-05-01,26.724576950073242,26.79305975742532,26.44320226648237,26.512181051707245,40086000
2014-05-02,26.49332618713379,26.916628185319922,26.463550475380373,26.868987803732633,35616000
2014-05-05,26.565778732299805,26.585131335863263,26.181183834015574,26.31318589275372,24568000
2014-05-06,25.93256187438965,26.527070885986177,25.917178987552774,26.47049722451436,36700000
2014-05-07,25.705774307250977,26.024864136042197,25.362866182042172,25.966306564663636,61486000
2014-05-08,25.813461303710938,26.16977031220969,25.53010269342443,25.59262998356742,49040000
2014-05-09,26.133541107177734,26.169768314568785,25.521169357013438,25.738030944362375,45224000
2014-05-12,26.719614028930664,26.735494786469264,26.177708970669034,26.39258476357537,38968000
2014-05-13,26.87394905090332,26.995529892477805,26.693314657706942,26.776684377643733,40240000
2014-05-14,26.520126342773438,26.887846664309205,26.455613241801395,26.887846664309205,25618000
2014-05-15,26.25760269165039,26.499774284795873,26.068531016330944,26.457095580789176,36658000
2014-05-16,26.216915130615234,26.342961668696848,25.982186960342645,26.281426333377837,38154000
2014-05-19,26.739463806152344,26.76526979984977,26.085903163394118,26.2456951182063,39530000
2014-05-20,26.816877365112305,27.112641057678523,26.62730971846082,26.79752287166455,48506000
2014-05-21,27.27889060974121,27.28137049925023,26.90223514727535,26.94144011806295,31294000
2014-05-22,27.56422996520996,27.688790446928454,27.34339866937888,27.402950085569103,42994000
2014-05-23,27.978601455688477,28.038150980816294,27.500711641946154,27.6972267786087,53450000
2014-05-27,28.527952194213867,28.527952194213867,27.995972355917058,28.176110772148927,43716000
2014-05-28,28.30860710144043,28.666404022841203,28.283794956594235,28.51306356683819,31632000
2014-05-29,28.31406593322754,28.45897097570194,28.209357813804658,28.454505281933525,28222000
2014-05-30,28.3681583404541,28.414308891713844,28.07735440129056,28.36766236258667,37434000
2014-06-02,28.005399703979492,28.30662487736569,27.626264353270972,28.273871405501787,33210000
2014-06-03,27.5175838470459,27.909126179567178,27.41932533400383,27.834687854746058,40626000
2014-06-04,27.48036766052246,27.71956152433893,27.222317171055238,27.369208032150564,34582000
2014-06-05,28.034677505493164,28.03815124360022,27.544382561486845,27.646608900189403,35868000
2014-06-06,28.089265823364258,28.226727416318802,27.769184041317637,28.194967794964818,34804000
2014-06-09,28.3225040435791,28.385527308173216,28.049068792332463,28.12499505378689,30594000
2014-06-10,28.201915740966797,28.385527888865056,28.09422796303086,28.225734037594965,29676000
2014-06-11,28.162214279174805,28.235162780509512,27.97264661406111,28.083806235142568,22580000
2014-06-12,27.765213012695312,28.13740084961336,27.64859385424042,28.13740084961336,30930000
2014-06-13,27.807395935058594,27.82228284387894,27.478382756029433,27.79399695990213,27066000
2014-06-16,27.407915115356445,27.69028177335537,27.293777726574405,27.65355858484289,39436000
2014-06-17,27.324542999267578,27.479373279282036,27.168224785666805,27.410890473405903,29552000
2014-06-18,27.82278060913086,27.85950190315429,27.372184699629145,27.432726183501874,41212000
2014-06-19,28.037654876708984,28.03815085456807,27.62477413251862,27.847095261330843,52548000
2014-06-20,28.113582611083984,28.125987737347717,27.758763439560962,28.110108872842883,63212000
2014-06-23,28.49916648864746,28.506609942241614,27.963711091160125,28.00589381660226,34456000
2014-06-24,28.41232681274414,28.894184486392028,28.244593523515405,28.49569653293638,56886000
2014-06-25,29.07680320739746,29.144790037071672,28.448054706515506,28.462445637049097,42294000
2014-06-26,29.019237518310547,29.25892543543845,28.762674996331103,29.24403852803969,40248000
2014-06-27,29.06489372253418,29.173571560133613,28.912545222920404,29.05298268150968,40426000
2014-06-30,29.014272689819336,29.165133240777916,28.94578988989616,29.11798884534208,29578000
2014-07-01,29.352718353271484,29.460406129442294,29.09466977328787,29.162158732052163,32864000
2014-07-02,29.317485809326172,29.48472311683439,29.234612068926875,29.390932183761088,23916000
2014-07-03,29.431621551513672,29.48968314295066,29.229152787842715,29.363138745872362,17978000
2014-07-07,29.31649398803711,29.559159689600428,29.176550608094615,29.452963629701692,26734000
2014-07-08,28.703126907348633,29.178038964759853,28.484777384731593,29.09863896625863,42504000
2014-07-09,28.94926643371582,28.985989619377044,28.633652243139174,28.730420932485558,27456000
2014-07-10,28.78451156616211,29.043058002140466,28.39048745651083,28.435150072207744,28724000
2014-07-11,29.112533569335938,29.190941611165563,28.81130842068403,28.832150849051303,30232000
2014-07-14,29.49017906188965,29.519954770861894,29.114517480379103,29.308552726990218,39032000
2014-07-15,29.43062973022461,29.541789348911752,29.046034865583657,29.534345894881135,33476000
2014-07-16,29.30954360961914,29.626151632498125,29.29118296426671,29.620692090153927,28816000
2014-07-17,28.823219299316406,29.253964709528418,28.626208186654626,29.22766273876497,58706000
2014-07-18,30.028614044189453,30.107516175553187,29.324433345267302,29.924400003073696,97432000
2014-07-21,29.697614669799805,29.981469248352887,29.499609698021043,29.84202184848923,44758000
2014-07-22,29.95218849182129,30.216194480818277,29.738304662931235,29.76014094033553,37632000
2014-07-23,30.032583236694336,30.124886234680996,29.842021720065013,29.8767609951948,22120000
2014-07-24,29.92439842224121,30.217186270194574,29.824651973487384,30.04945488636462,27100000
2014-07-25,29.679746627807617,29.824651670199447,29.564121316436015,29.73780821894497,27200000
2014-07-28,29.726396560668945,29.829616751707384,29.40730672863931,29.66337329470314,27162000
2014-07-29,29.474794387817383,29.70009137026485,29.38646111502396,29.66088829825167,27332000
2014-07-30,29.548738479614258,29.698111118634262,29.412766708863114,29.567101019832926,24302000
2014-07-31,28.760196685791016,29.377532008472283,28.6673977122849,29.22716742052853,46190000
2014-08-01,28.464927673339844,28.95274084743661,28.301164107212088,28.71057112948614,44266000
2014-08-04,28.89517593383789,28.972094148854403,28.398429499263603,28.60933556475889,30388000
2014-08-05,28.44209861755371,28.7924520803726,28.301659267098515,28.751759178956114,32876000
2014-08-06,28.509092330932617,28.71503482591747,28.159730838047725,28.26146308745241,26456000
2014-08-07,28.3760986328125,28.69866220267958,28.257991533243228,28.58650873074527,23260000
2014-08-08,28.6802978515625,28.760691696533748,28.23764329855042,28.386518054839247,29866000
2014-08-11,28.646059036254883,28.767145792497605,28.549290341276215,28.73290438722404,24068000
2014-08-12,28.391483306884766,28.579065170209446,28.281811617815716,28.53440255136376,27890000
2014-08-13,29.008817672729492,29.08672784437252,28.54432683091944,28.60635813873358,37988000
2014-08-14,29.013282775878906,29.169600986891805,28.828180811932906,29.11451715638556,25458000
2014-08-15,28.96663475036621,29.252475120866613,28.82024177356872,29.154714477048064,34468000
2014-08-18,29.41276741027832,29.52938658085635,29.1075725193391,29.134866448327383,29320000
2014-08-19,29.631610870361328,29.666348251563456,29.499112843925406,29.556180587452342,20864000
2014-08-20,29.5472469329834,29.625654970129574,29.42765001942238,29.623669165765243,19346000
2014-08-21,29.398868560791016,29.53930790338449,29.333363518509188,29.52193921387966,22640000
2014-08-22,29.404829025268555,29.52640987224591,29.268855353385494,29.441054343879042,17544000
2014-08-25,29.307064056396484,29.555685273029123,29.242054986388858,29.515490241333136,25912000
2014-08-26,29.185482025146484,29.380509227188558,29.152232578162153,29.378027444849884,29434000
2014-08-27,28.9314022064209,29.247514272729983,28.82719006138889,29.17009818424526,27292000
2014-08-28,28.79840850830078,29.016262059448714,28.67732175596437,28.783519706676024,28116000
2014-08-29,28.899641036987305,28.926438985144443,28.695186473917545,28.899145059139244,24122000
2014-09-02,29.210790634155273,29.244040081693825,28.901627942014624,28.928919976013898,31660000
2014-09-03,29.25495719909668,29.501594497601047,29.105090482713532,29.364628884861474,31580000
2014-09-04,29.434600830078125,29.675778595844854,29.308554297403504,29.384480560958018,32616000
2014-09-05,29.664859771728516,29.700589108008433,29.454945661732165,29.53335370344976,35982000
2014-09-08,29.855915069580078,29.949707889216562,29.67676862600282,29.732350327398425,31984000
2014-09-09,29.37653923034668,29.80480477654949,29.30259877139483,29.788428041087943,31424000
2014-09-10,29.448495864868164,29.46338466671605,29.136851377517868,29.36512614670149,23202000
2014-09-11,29.333864212036133,29.37554907354896,29.08226521616485,29.278780374601965,30028000
2014-09-12,29.02569007873535,29.352221456049797,28.945296232530993,29.298131473766734,37030000
2014-09-15,28.86391258239746,28.97705611265589,28.63414799770236,28.893686398551665,30908000
2014-09-16,29.218233108520508,29.286219934918762,28.82967043065526,28.82967043065526,31592000
2014-09-17,29.44204330444336,29.58000087397111,29.13585837098711,29.254461445333295,34390000
2014-09-18,29.639554977416992,29.65394590911645,29.428646994978127,29.529387302965297,29890000
2014-09-19,30.043004989624023,30.043004989624023,29.663869647184573,29.749721148173055,83832000
2014-09-22,29.639554977416992,29.96360650179394,29.43361056021306,29.899093405058096,35644000
2014-09-23,29.33733367919922,29.60878311047336,29.29068525922434,29.526901333117898,28074000
2014-09-24,29.696619033813477,29.780486617055594,29.293663531104833,29.356688686260917,35160000
2014-09-25,29.043058395385742,29.679250322451505,29.017748380552824,29.62565631871667,33420000
2014-09-26,29.1745662689209,29.257440008485688,29.030653174919472,29.07680372763659,25782000
2014-09-29,29.17009925842285,29.244537589355634,28.860440572216866,28.873341676568298,22874000
2014-09-30,29.199874877929688,29.32840319446619,29.005841511873882,29.15422030233633,31430000
2014-10-01,28.7641658782959,29.215257740872374,28.68426800994317,29.11997698671587,28954000
2014-10-02,28.82619857788086,28.943313721753167,28.48725827246889,28.68327743974244,30726000
2014-10-03,29.09268569946289,29.193920090154403,28.95621605410225,28.985991765738778,24290000
2014-10-06,29.16861343383789,29.39788207097408,29.050506323245735,29.276299328789566,25722000
2014-10-07,28.489742279052734,29.07283626147586,28.489742279052734,29.025693749344196,30914000
2014-10-08,28.968124389648438,29.01526878874049,28.169160852642403,28.523980004385912,44158000
2014-10-09,28.32647132873535,28.90807537673915,28.2381380558733,28.862420806818996,48234000
2014-10-10,27.55133056640625,28.54581542593111,27.54239728551155,28.16072646652394,59574000
2014-10-13,27.033241271972656,27.83369458940433,27.017362409269317,27.548350215076447,55116000
2014-10-14,27.22876739501953,27.722040115869305,27.020839079463705,27.30072394195768,52198000
2014-10-15,26.833751678466797,26.99205380114003,26.222865977324137,26.900744656705836,76720000
2014-10-16,26.64468002319336,26.84665280685335,26.050667033781625,26.152399285439557,76100000
2014-10-17,25.952411651611328,26.96873279575149,25.72612079788999,26.8198561381191,119930000
2014-10-20,26.419382095336914,26.458091085985213,25.762347712696553,25.82735488889288,54964000
2014-10-21,26.699766159057617,26.736487453959764,26.3112015508341,26.662051015314166,49190000
2014-10-22,26.93101692199707,27.33149065256402,26.80893821749789,26.849631118997618,59474000
2014-10-23,27.47490692138672,27.661000839623284,27.070461594203632,27.20841915834556,43026000
2014-10-24,27.23918914794922,27.541902250344773,27.05359119171773,27.540910294559854,43508000
2014-10-27,27.287818908691406,27.49227536381268,27.15482491033866,27.18261481405686,31934000
2014-10-28,27.7374267578125,27.750327862763935,27.31511670673535,27.378637847842523,34774000
2014-10-29,27.71310806274414,28.036663580736104,27.590533379036284,27.83220711526609,41066000
2014-10-30,27.80342674255371,27.914090391105365,27.399479247836236,27.70318430898165,32250000
2014-10-31,28.18057632446289,28.22325503327883,28.02872379368537,28.201916625393565,46810000
2014-11-03,27.977113723754883,28.14484701265728,27.87091576907811,27.96520457505577,30834000
2014-11-04,27.997955322265625,28.027731032697236,27.70566533294261,27.84759262254711,27726000
2014-11-05,27.589046478271484,28.132439475205754,27.49972123901331,28.12698182537781,32906000
2014-11-06,27.377639770507812,27.631224531763596,27.32255594161608,27.566711444788503,33014000
2014-11-07,27.384092330932617,27.571676078972935,27.26151954327418,27.571676078972935,31782000
2014-11-10,27.702190399169922,27.821289449665706,27.374167299831008,27.41287628963515,26090000
2014-11-11,27.854042053222656,27.914087554466423,27.603435048236562,27.716580467822265,21966000
2014-11-12,27.703182220458984,27.852056979378904,27.56671258717265,27.847095307734524,21882000
2014-11-13,27.613361358642578,27.830718925890668,27.496742196546137,27.83022294802447,30220000
2014-11-14,27.55133056640625,27.690776071230438,27.418334667008686,27.690776071230438,28502000
2014-11-17,27.127037048339844,27.551330982867764,27.017861336632535,27.551330982867764,33612000
2014-11-18,27.021333694458008,27.432228632973192,26.98610033611268,27.19105088099,36440000
2014-11-19,27.154827117919922,27.205443364924278,26.75732923799319,27.03324438622339,30346000
2014-11-20,26.984115600585938,27.064507556749895,26.871964022867292,26.901241861990183,35016000
2014-11-21,27.08981704711914,27.345385734319297,27.04565040730797,27.345385734319297,50120000
2014-11-24,27.168720245361328,27.35282836009089,27.00346875425853,27.123561651182378,33076000
2014-11-25,27.255565643310547,27.41783938584784,27.14043630277683,27.15532321160096,38072000
2014-11-26,27.181127548217773,27.287821479486162,27.057064925489204,27.25556587907307,29604000
2014-11-28,27.248117446899414,27.2739215439069,27.019842717111057,27.144897272779367,24202000
2014-12-01,26.7801570892334,27.23373075251692,26.729042972028395,27.05011671288202,39888000
2014-12-02,26.72755241394043,26.88933015970172,26.532525223105463,26.770229223877855,41480000
2014-12-03,26.64716148376465,26.867496819328178,26.559822049981445,26.673463455999162,32476000
2014-12-04,26.92555809020996,26.93101763296319,26.543940973677113,26.68041061205447,32598000
2014-12-05,26.205995559692383,26.708201577190437,26.165304548549404,26.63376324547775,61402000
2014-12-08,26.337501525878906,26.490841978710346,26.152399559534146,26.262567221974315,64566000
2014-12-09,26.604482650756836,26.631280598842636,25.974244358119872,26.096819035892942,43322000
2014-12-10,26.204010009765625,26.765765521684344,26.176716082713813,26.594062527409587,46222000
2014-12-11,26.40598487854004,26.65063639250037,26.259591888316027,26.301772726884426,41426000
2014-12-12,25.879959106445312,26.412434898940656,25.87747732400802,26.174234897184768,47314000
2014-12-15,25.598583221435547,26.071509464616042,25.57674883753637,25.991613489892206,52352000
2014-12-16,24.721216201782227,25.585682979887682,24.67307984201386,25.487426348716628,86998000
2014-12-17,25.132606506347656,25.262624650738594,24.76835806811292,24.805577233787627,72788000
2014-12-18,25.53804588317871,25.618933826731567,25.138066180743845,25.606030828223382,77534000
2014-12-19,25.807010650634766,25.845221770838073,25.252202601299846,25.655654103459366,97442000
2014-12-22,26.4154109954834,26.448660441694745,25.834301011826863,25.835294860566385,66390000
2014-12-23,26.736486434936523,26.91166317155097,26.48588130675543,26.52508438269855,57544000
2014-12-24,26.645174026489258,26.811913439626597,26.55435897350972,26.73896494637901,14754000
2014-12-26,26.872955322265625,26.95880681907359,26.573715974623337,26.645176541159994,22270000
2014-12-29,26.664031982421875,26.99255104694383,26.65658852868383,26.822335994474336,44300000
2014-12-30,26.563295364379883,26.690335743430015,26.480421625923686,26.547414607106617,20972000
2014-12-31,26.334030151367188,26.71812717775537,26.311201916426576,26.685373705581686,24648000
2015-01-02,26.278947830200195,26.589104412694038,26.19607218917848,26.430302500855287,26480000
2015-01-05,25.77822494506836,26.201526888631296,25.693367301046194,26.159842033382823,41182000
2015-01-06,25.142032623291016,25.865067973408117,25.087940750696816,25.8298346167649,54456000
2015-01-07,25.068092346191406,25.382714585800812,24.993655911052315,25.355918529256122,46918000
2015-01-08,25.155433654785156,25.184711493728862,24.56539035849883,24.887457945151546,73054000
2015-01-09,24.84825325012207,25.239299626508316,24.745530930705662,25.218457197288135,42000000
2015-01-12,24.666629791259766,24.82642176729379,24.36143487852159,24.774811666089956,57138000
2015-01-13,24.9018497467041,25.239300231443412,24.676552735965288,24.940060867856943,60958000
2015-01-14,25.106800079345703,25.22242729059076,24.721215133005675,24.833366712950042,52800000
2015-01-15,25.011520385742188,25.296366913259128,24.912269913281328,25.25369009983225,51068000
2015-01-16,25.331600189208984,25.350952789884285,24.965861971164482,24.96883973120187,49658000
2015-01-20,25.30579376220703,25.587168417835063,25.2775078819062,25.446233101109293,46796000
2015-01-21,25.824377059936523,25.896829577862057,25.288425682594664,25.350456986840054,46356000
2015-01-22,26.66353988647461,26.739962132444344,25.899811511647165,25.953901500106248,56068000
2015-01-23,26.8942928314209,27.065995819308014,26.58661808424548,26.69976350422547,45966000
2015-01-26,26.634756088256836,26.871964134717718,26.403999540318267,26.871964134717718,30932000
2015-01-27,25.86407470703125,26.43922912566658,25.847697974123772,26.370746327185373,39148000
2015-01-28,25.42936134338379,26.087389533644764,25.42539162760177,26.0531481320877,35822000
2015-01-29,25.46906280517578,25.566327469471204,24.98521747991436,25.4526860708274,79018000
2015-01-30,26.675945281982422,26.95136445188612,25.71470795873333,25.75540086186241,121108000
2015-02-02,26.410449981689453,26.623837830082405,25.890379335094725,26.515654079262152,75378000
2015-02-03,26.465038299560547,26.67098080454053,26.142970716833847,26.29829697662218,47062000
2015-02-04,26.107736587524414,26.636242637507667,26.05463666846763,26.4570961940132,33896000
2015-02-05,26.2928409576416,26.335517773497997,26.084910742202876,26.19855215156569,33176000
2015-02-06,26.493820190429688,26.80844242635538,26.23428178666283,26.351396927233946,42938000
2015-02-09,26.265546798706055,26.493821571229567,26.17969529680108,26.353878190084156,30314000
2015-02-10,26.805463790893555,26.847148647053242,26.260085029759082,26.40796783077355,47430000
2015-02-11,26.698272705078125,26.894291851724148,26.59902224065613,26.78412419589431,38306000
2015-02-12,27.09577178955078,27.211397099891595,26.648649647734146,26.78065169246417,48590000
2015-02-13,27.351343154907227,27.419825966308597,27.125052290541436,27.170210889225086,47382000
2015-02-17,27.046146392822266,27.442650409408948,26.959302939823672,27.3513412625548,39174000
2015-02-18,26.929031372070312,27.172194934591545,26.775194938373996,26.98709296463159,31164000
2015-02-19,27.117605209350586,27.13795165888912,26.834742613244643,26.920098127130288,30834000
2015-02-20,26.886850357055664,27.173682686766238,26.703238214977,27.173682686766238,38234000
2015-02-23,26.54939842224121,26.762786261938356,26.40052366951058,26.74789935457885,32906000
2015-02-24,26.730531692504883,26.76774896233429,26.350898502837588,26.378192429409328,28406000
2015-02-25,27.161279678344727,27.272439306599928,26.6987727094128,26.720113010661454,40836000
2015-02-26,27.754796981811523,27.796481845598514,27.050120227933775,27.08237772470627,54032000
2015-02-27,27.92053985595703,28.257494342129995,27.64263891703325,27.69821872620895,68328000
2015-03-02,28.5353946685791,28.58353102590686,27.946345210190998,28.13740270585175,50406000
2015-03-03,28.72248077392578,28.824707110269166,28.311087967098647,28.601394027793887,50526000
2015-03-04,28.69965362548828,28.863415296793082,28.411331465319172,28.63216277381895,37964000
2015-03-05,28.853490829467773,28.941326235746274,28.694690836125716,28.76366961872827,35918000
2015-03-06,28.430191040039062,28.920486009485398,28.388506180591467,28.8817789104334,37592000
2015-03-09,28.489742279052734,28.556735266316416,28.239135236386144,28.33193421993055,23478000
2015-03-10,27.782583236694336,28.27436801937036,27.781093410014712,28.21084688311271,40080000
2015-03-11,27.576143264770508,27.99745944103969,27.562248311796857,27.78010186536099,40524000
2015-03-12,27.84808921813965,27.881336774494798,27.568204348837554,27.714597335688122,35602000
2015-03-13,27.44265365600586,28.006395039956242,27.310155613905042,27.751818278301798,35428000
2015-03-16,27.87141227722168,27.976120400037875,27.359281047292676,27.637677971390843,36856000
2015-03-17,27.671422958374023,27.821785652820942,27.512622961063546,27.7051664906924,28892000
2015-03-18,28.09571647644043,28.113085166739946,27.46746207936663,27.677376189583796,35324000
2015-03-19,27.972150802612305,28.13541649704707,27.89523258478781,28.014331638642165,24660000
2015-03-20,28.03567123413086,28.142365166464756,28.012348914683837,28.123012563241794,44320000
2015-03-23,28.0565128326416,28.268412757337785,27.941879471256726,28.08777647665566,30234000
2015-03-24,28.660449981689453,28.875821743222122,28.191491553551952,28.213823808722918,79156000
2015-03-25,28.137401580810547,28.786000541047912,28.137401580810547,28.661937925517922,53070000
2015-03-26,27.970661163330078,28.146831748955687,27.706161082042534,28.020783324852605,49842000
2015-03-27,27.668445587158203,27.992001106815056,27.63767792160523,27.88083959269852,34552000
2015-03-30,27.846599578857422,27.897217720141064,27.630731824384306,27.802434829384836,24788000
2015-03-31,27.52701187133789,27.91160481755175,27.525522044802923,27.68779576831481,34932000
2015-04-01,27.268468856811523,27.715589140377404,27.09676585390289,27.533466815645557,38902000
2015-04-02,26.86253547668457,27.19452641775208,26.81936079062548,27.165248577852495,47760000
2015-04-06,26.99354362487793,27.072447643801446,26.58413662244109,26.739958855824437,33718000
2015-04-07,27.0387020111084,27.301714143465453,26.97567874924372,27.04515350925915,27318000
2015-04-08,27.236209869384766,27.368213810191627,27.09527454092067,27.09527454092067,28386000
2015-04-09,27.19551658630371,27.262511458019304,26.894293331648246,27.254572026203107,32366000
2015-04-10,27.22132110595703,27.286330169677417,27.04465645281421,27.27243521822849,26104000
2015-04-13,27.22628402709961,27.456048607430134,27.110162738822524,27.14738190135355,29326000
2015-04-14,26.786609649658203,27.123564161220745,26.586124782012064,27.123564161220745,47206000
2015-04-15,26.849136352539062,26.955830282800797,26.418886893232866,26.69629186913152,46962000
2015-04-16,26.972206115722656,27.05706376476837,26.70323845205174,26.715643577965192,31722000
2015-04-17,26.437246322631836,26.78759978583808,26.251650269776206,26.664033147859083,49234000
2015-04-20,27.022329330444336,27.085354494808698,26.467521229750098,26.487371705030927,38508000
2015-04-21,26.942428588867188,27.183110353289646,26.907195231942296,27.110657835044083,29128000
2015-04-22,27.253080368041992,27.343397551278557,26.86302788386723,26.94937535146248,31806000
2015-04-23,27.66398048400879,27.848090515983568,27.297748117821563,27.314124854337706,78184000
2015-04-24,28.467905044555664,29.015765609295876,28.204395030107936,28.78500906484416,92168000
2015-04-27,28.093730926513672,28.56020567953115,27.90416326507903,28.423737938239924,48062000
2015-04-28,28.00688934326172,28.178592347834297,27.837668121218687,28.004407560732176,37178000
2015-04-29,27.859006881713867,28.079838203503478,27.740403799326955,27.815336216649964,33622000
2015-04-30,27.23273468017578,27.84510829478738,27.13100432499623,27.718563903327034,47240000
2015-05-01,27.351343154907227,27.354320915365385,26.98858264564082,27.31908566081503,36572000
2015-05-04,27.434709548950195,27.625765135599128,27.164252074499405,27.342902535963194,35260000
2015-05-05,26.94838523864746,27.42329728942022,26.915135791679393,27.30171456447311,28528000
2015-05-06,26.553367614746094,26.992550303648994,26.412432296311746,26.92853319578328,39034000
2015-05-07,26.898759841918945,27.055575929843123,26.472482004515168,26.594062839964238,31844000
2015-05-08,27.241668701171875,27.43272429163105,27.19601412921147,27.237698985311653,28226000
2015-05-11,27.084354400634766,27.461009794011748,27.07542301394971,27.21883821612718,21858000
2015-05-12,26.734500885009766,26.94441499074613,26.549398923022324,26.93696964388075,35282000
2015-05-13,26.772216796875,26.98808453606404,26.746906781502496,26.820849130077665,24238000
2015-05-14,27.25407600402832,27.278394065074853,26.92158908436705,26.99453758837048,31736000
2015-05-15,27.119590759277344,27.323551244821893,26.921587687257777,27.313130030505075,33440000
2015-05-18,27.12852668762207,27.211400432378976,26.909183294650862,26.987095367220647,26706000
2015-05-19,27.258047103881836,27.4625016810365,27.150857196914174,27.194525967094666,47126000
2015-05-20,27.418333053588867,27.594997712177225,27.050610913643407,27.339429035987404,30840000
2015-05-21,27.63172149658203,27.671422441690996,27.25903767703205,27.30370029375701,34170000
2015-05-22,27.51807975769043,27.70268574269061,27.473417141515885,27.51510199753943,24266000
2015-05-26,27.154329299926758,27.45902628925859,26.944911170470053,27.421807126833745,37474000
2015-05-27,27.504682540893555,27.55629263636955,27.124059269911413,27.22827141662871,34844000
2015-05-28,27.50120735168457,27.57961539304968,27.33347597002123,27.481854750055476,23544000
2015-05-29,27.0615291595459,27.489296787401546,27.047634208099407,27.452573604416468,43446000
2015-06-01,27.25457191467285,27.32206087092486,26.97518304517786,27.230751726276477,33210000
2015-06-02,27.48979377746582,27.729979569638008,27.12256761322847,27.166238273544838,31842000
2015-06-03,27.556293487548828,27.69028134877208,27.400471240542377,27.54686422835114,26710000
2015-06-04,27.377639770507812,27.58953967671528,27.250103423120887,27.401955935952664,26866000
2015-06-05,27.27045249938965,27.45902821399386,27.163758569250536,27.39302718714373,24396000
2015-06-08,26.97022247314453,27.287326518365866,26.943920499505314,27.27442352050169,27336000
2015-06-09,26.904714584350586,27.037710479211373,26.74045504699281,26.967241869344562,30016000
2015-06-10,27.42280387878418,27.53098764696826,27.05111384651527,27.080391689287286,30316000
2015-06-11,27.295761108398438,27.53346512420555,27.252586424854886,27.516592411686425,25872000
2015-06-12,27.16822624206543,27.236707158567324,27.076915198320613,27.15234548440035,25468000
2015-06-15,26.946401596069336,26.998507671064868,26.758323748187195,26.933002620635428,27150000
2015-06-16,27.039201736450195,27.129518936987743,26.875440049866633,27.019849132361003,32526000
2015-06-17,27.125051498413086,27.212390932771665,26.887347470103844,27.066493925900485,24440000
2015-06-18,27.6004581451416,27.65355617208708,27.1945248744358,27.1945248744358,41192000
2015-06-19,27.66695785522461,27.686312352020913,27.405931495702703,27.61733356150216,59290000
2015-06-22,27.774147033691406,28.068424728956696,27.735935912065887,27.760749951316186,34752000
2015-06-23,27.958255767822266,28.033190073921567,27.64859519983743,27.779605294519836,31396000
2015-06-24,27.71906089782715,27.921035575124176,27.631721468938157,27.913096143328428,28924000
2015-06-25,27.68829345703125,27.94584794507004,27.663977290545702,27.80491261780787,26684000
2015-06-26,27.445629119873047,27.790027076584188,27.385583614019517,27.77563614573837,43676000
2015-06-29,26.859554290771484,27.338436027289493,26.80943213454765,27.13249164629501,37756000
2015-06-30,26.79951286315918,27.090314929864608,26.774698823668665,27.050118003213587,34510000
2015-07-01,26.96129035949707,27.08584896140911,26.78561763845942,26.979155029034807,30760000
2015-07-02,27.161775588989258,27.194527168071016,26.974687801631813,27.032749398187885,28124000
2015-07-06,27.076416015625,27.223306854243315,26.901735274166082,26.909178727706223,25614000
2015-07-07,27.29526710510254,27.343403467127573,26.790085185851126,27.166242800141852,33578000
2015-07-08,26.88188934326172,27.20842264983808,26.85707719625523,27.07542863322147,27662000
2015-07-09,27.028282165527344,27.238196282799034,27.026794231899636,27.226783112517296,29766000
2015-07-10,27.596982955932617,27.754790987929432,27.393024375579834,27.477882018658086,43436000
2015-07-13,28.372129440307617,28.42770925289534,27.72551435499295,27.76571128075888,41792000
2015-07-14,28.989959716796875,29.264386924519492,28.493213266804048,28.50959000185922,74832000
2015-07-15,28.979042053222656,29.213768310697166,28.792948129203957,28.968124861045165,41466000
2015-07-16,29.86336326599121,29.99834308387077,29.175559285936878,29.253967334360553,112642000
2015-07-17,34.71866989135742,34.88640504248315,33.645779027972225,33.74502759469704,257162000
2015-07-20,34.38221740722656,34.62835874176487,33.832870777740155,34.19066771581118,102436000
2015-07-21,34.50677490234375,35.01542855589257,33.950973066852185,33.98719837840989,75604000
2015-07-22,34.49436950683594,35.39903309921943,34.321674563923004,34.440773610668714,83100000
2015-07-23,33.48350524902344,34.54250500559855,33.3276811289362,34.3330849906707,76232000
2015-07-24,32.49299240112305,33.63536201134379,32.41409026848371,33.58474576320294,82622000
2015-07-27,32.666683197021484,33.10338227144955,32.333200530759136,32.33419248655619,58382000
2015-07-28,32.73565673828125,32.95599204481494,32.42550022733136,32.83986887162959,34364000
2015-07-29,32.823490142822266,32.91777893340544,32.39721046001831,32.86467901821394,36756000
2015-07-30,32.978816986083984,33.15200788984409,32.34014145365803,32.62548770330144,39606000
2015-07-31,32.62846374511719,33.00065154449115,32.61357683891664,32.985764638290604,34922000
2015-08-03,32.98676300048828,33.08353169567605,32.63640951456979,32.63640951456979,31348000
2015-08-04,32.81604766845703,33.149530290169096,32.77783844492053,32.96790017911912,26188000
2015-08-05,33.41204833984375,33.74056362978259,33.029437388290205,33.03787279801008,36448000
2015-08-06,33.2562255859375,33.484500352211846,32.7887569678244,33.44678710279884,40660000
2015-08-07,32.97038650512695,33.18923011555317,32.69645527607679,33.1386138699598,27544000
2015-08-10,32.90835189819336,33.329172043127265,32.76394284396823,33.10436914858394,34458000
2015-08-11,34.256168365478516,34.93603285306355,33.95941080486726,34.71668948520077,109880000
2015-08-12,34.314231872558594,34.53903099700302,33.77034103934489,34.46409669349137,58498000
2015-08-13,34.06808853149414,34.4412683072138,33.8532127630629,34.201578503008896,36354000
2015-08-14,34.21001434326172,34.353431445329264,33.888942524184785,33.94551428604047,27598000
2015-08-17,34.44524383544922,34.4765055865474,33.896885385612144,34.14401867145234,24680000
2015-08-18,34.178260803222656,34.5271225681172,34.00903768867541,34.29438399425269,27710000
2015-08-19,34.44176483154297,34.74745376656821,34.08248000149398,34.24673953141806,50194000
2015-08-20,33.71923065185547,34.54697618737209,33.51080633415513,34.19662645689582,57798000
2015-08-21,31.960020065307617,33.39219975881739,31.913867619028245,33.30039084414729,91880000
2015-08-24,30.673738479614258,31.148650547042262,29.43211844491522,29.804804171606992,129788000
2015-08-25,30.39385223388672,32.10740271142138,30.35415128908793,32.0811045269304,71430000
2015-08-26,32.7396240234375,32.87559766542257,31.28213643480607,31.913862615309434,87740000
2015-08-27,33.147544860839844,33.44629012428268,32.310868061452695,33.34753373754855,58974000
2015-08-28,32.737152099609375,33.09990884431476,32.44237840634722,33.038373505981795,38836000
2015-08-31,32.148101806640625,32.97138355459574,32.07515518725929,32.47165737552572,38936000
2015-09-01,31.241945266723633,31.980365452152412,31.018632176319077,31.45285133814365,51458000
2015-09-02,32.00368881225586,32.01113226667077,31.295540291382007,31.660780679963988,37630000
2015-09-03,31.61363983154297,32.31831465116764,31.452854014162916,32.15355911742747,34572000
2015-09-04,31.21216583251953,31.487088984499586,31.09008903395632,31.248889014173628,40478000
2015-09-08,31.952579498291016,32.01014322730177,31.407696626149423,31.809658345539965,39092000
2015-09-09,31.92925262451172,32.621520352098536,31.804690245241808,32.34957682578183,40978000
2015-09-10,32.30987548828125,32.49944125399584,31.844390804513925,31.953566510442663,27850000
2015-09-11,32.519287109375,32.51978308716131,32.127744828848094,32.26669811690427,34892000
2015-09-14,32.378849029541016,32.55005601465931,32.2314603359614,32.53566508696284,29942000
2015-09-15,33.00413131713867,33.19171317376884,32.42202746623192,32.58926287221055,35546000
2015-09-16,33.02646255493164,33.153005062962436,32.86170703389917,33.02795048855987,26252000
2015-09-17,33.33164978027344,33.84377903064524,33.000650861744354,33.12421748117854,47752000
2015-09-18,32.798187255859375,33.240841823898094,32.75401872297474,33.0036318898315,72544000
2015-09-21,33.09891891479492,33.19916325447297,32.65328839514444,33.02597229347918,39094000
2015-09-22,32.41508102416992,32.693975821743166,32.00964371788415,32.62698094720563,54362000
2015-09-23,32.41954803466797,32.7664258702772,32.292505764245156,32.400193539469,29160000
2015-09-24,32.49993896484375,32.59224385638462,31.86771860742162,32.205169086426785,38692000
2015-09-25,31.767473220825195,32.6820639789857,31.74315705404557,32.6820639789857,48480000
2015-09-28,30.978435516357422,31.901463595584158,30.66033953743914,31.71288599202819,47646000
2015-09-29,30.897050857543945,31.496023636672415,30.669768054673835,31.040466075203458,42130000
2015-09-30,31.679141998291016,31.725788527579894,31.221598627910975,31.354592632564238,52954000
2015-10-01,31.85927963256836,31.950592568977267,31.3193603768453,31.657802813968143,42506000
2015-10-02,32.6031608581543,32.60365683606337,31.437468900379354,31.661277985325597,48788000
2015-10-05,33.332149505615234,33.39914437575399,32.54757691649381,32.83193123815367,37960000
2015-10-06,33.330169677734375,33.685482949743836,32.90537785175253,33.216526373498375,42774000
2015-10-07,33.248779296875,33.68250245164468,32.65873604281736,33.61600356034712,44354000
2015-10-08,33.09990310668945,33.342572572435444,32.47909407372532,33.22148582848524,39308000
2015-10-09,33.31031799316406,33.45174741332424,32.869647317985795,33.12422406036488,32124000
2015-10-12,33.567867279052734,33.64478549121892,33.11181376229365,33.208582446323746,26684000
2015-10-13,33.902347564697266,34.1648637575576,33.403117389258895,33.460188925252325,42446000
2015-10-14,33.765377044677734,34.24326495582343,33.69044274212037,33.93013255751556,31292000
2015-10-15,34.39115524291992,34.44772701590473,33.96289154989511,34.00556836859976,47156000
2015-10-16,34.505287170410156,34.54995168230745,34.196622340628124,34.5092587795464,36316000
2015-10-19,34.73505783081055,34.7494487632616,34.35095888391267,34.439788154411616,30172000
2015-10-20,33.745033264160156,34.638285659118345,33.431401077098116,34.632826116230504,52434000
2015-10-21,33.338104248046875,33.9881911038774,33.2835163975171,33.9043254167443,31952000
2015-10-22,33.801605224609375,34.14451525353218,33.33314463900608,33.51874259561277,88632000
2015-10-23,35.69678497314453,37.342848475277144,35.627806186980585,37.221761723035236,126726000
2015-10-26,36.281864166259766,36.4719297018128,35.73102584097521,35.73102584097521,48776000
2015-10-27,36.36622619628906,36.522050329750755,35.935482661436254,36.05606964908733,38778000
2015-10-28,36.56969451904297,36.5920248841065,36.09081079149791,36.3751651604529,39604000
2015-10-29,36.963218688964844,37.05949140684257,36.48235107747625,36.55530147578001,36520000
2015-10-30,36.593013763427734,37.035668348417275,36.550336948603395,36.99845107644041,39984000
2015-11-02,37.106632232666016,37.12846661643491,36.2982375527312,36.45108581129445,39914000
2015-11-03,37.16022872924805,37.30314607480245,36.780097667248654,36.991997582369684,36306000
2015-11-04,37.482295989990234,37.71007478990221,37.179086901347056,37.213824285230444,41840000
2015-11-05,37.74827575683594,38.03014634727633,37.58947579746991,37.65597089048532,45486000
2015-11-06,37.79443359375,37.8649003049128,37.468394434509456,37.68476191836568,33544000
2015-11-09,37.45549392700195,37.87879777209568,37.17461901933125,37.64158784582532,35538000
2015-11-10,37.62868881225586,37.74481200531657,37.139885550539496,37.3914826470953,29798000
2015-11-11,37.97557067871094,38.165632441469555,37.70263138633507,37.83314551155051,41866000
2015-11-12,37.542842864990234,38.00286809489343,37.509593411729355,37.72397325595513,35452000
2015-11-13,36.726009368896484,37.48328426315379,36.69623176699996,37.419269044734655,48188000
2015-11-16,37.2396240234375,37.303639237389675,36.441156520099184,36.73295428178053,50704000
2015-11-17,37.01929473876953,37.46443301410853,36.92351799812337,37.341362344406825,38864000
2015-11-18,37.71553039550781,37.769622270355725,37.089261809085315,37.19744555878115,36266000
2015-11-19,37.712059020996094,37.87532281719481,37.57757329898008,37.70411580304644,28078000
2015-11-20,38.55865478515625,38.67378599929459,37.918495097269805,38.176543640859755,55478000
2015-11-23,38.54377365112305,38.85145030994505,38.38546962775917,38.581986664320496,34648000
2015-11-24,38.19292068481445,38.50853674673381,37.62123997574422,38.3581721693589,47880000
2015-11-25,38.174560546875,38.360158474103706,38.039082881588186,38.29514751944256,23612000
2015-11-27,38.309051513671875,38.40979182524156,38.06241418217068,38.16960599294792,14434000
2015-11-30,37.856475830078125,38.46090637772759,37.770622423466584,38.30409026163818,33586000
2015-12-01,38.89561080932617,38.955658200896075,38.010301750967244,38.05943005821888,40398000
2015-12-02,38.60084533691406,39.355144399320814,38.53037483087038,38.96806963136928,46876000
2015-12-03,38.12195587158203,38.92985071123887,37.83661340380981,38.735321401017586,41950000
2015-12-04,38.668331146240234,38.82762712082141,37.98847043502684,38.19689472082552,49800000
2015-12-07,38.35966491699219,38.757158978996884,38.048512647230574,38.71051055881591,36626000
2015-12-08,38.46635818481445,38.640541066723465,37.84008958843105,37.93834621042171,31082000
2015-12-09,37.841575622558594,38.513500651174375,37.31852723913321,38.265871411087964,46550000
2015-12-10,37.717018127441406,38.01625935999546,37.46690899092913,37.89318870314611,32458000
2015-12-11,37.2396240234375,37.587993545638916,37.151786729630395,37.169157311698804,43184000
2015-12-14,37.8410758972168,37.92097375420061,36.53693069875812,37.28130627881184,53864000
2015-12-15,37.71950149536133,38.44700255951926,37.615785333844904,38.10161267302962,49386000
2015-12-16,38.53831100463867,38.78197242267964,37.568640255223016,38.04106861178332,53120000
2015-12-17,38.202850341796875,38.78643834356853,38.176548370547955,38.765099937068044,36510000
2015-12-18,37.558719635009766,38.41673872805929,37.54581663678754,38.07382867759426,67794000
2015-12-21,37.75473403930664,38.03015318243674,37.424727045387485,37.86638963006958,34848000
2015-12-22,38.0688591003418,38.22815506908267,37.77458522169027,37.92693371449257,36338000
2015-12-23,38.13734436035156,38.30557551334191,37.59841706950993,38.24552811525875,30594000
2015-12-24,38.00484848022461,38.171587922918285,37.93289382290414,38.13784249483634,10412000
2015-12-28,38.81869888305664,38.847480745894224,38.09864118984892,38.21128875167561,31156000
2015-12-29,39.40030288696289,39.635029139645496,39.015212050102186,39.05441323113152,38430000
2015-12-30,39.21867370605469,39.5243664463715,39.064837273207026,39.40030382992259,28566000
2015-12-31,38.60877990722656,39.12090918623266,38.574538507323176,39.095599173146184,32752000
2016-01-04,37.68724822998047,37.824213853097355,37.09670892128741,37.824213853097355,67382000
2016-01-05,37.79096221923828,38.17158548404012,37.4991682131678,37.91850046873212,45216000
2016-01-06,37.68178939819336,37.999389422453824,37.119539749828014,37.23715087866509,48206000
2016-01-07,36.772159576416016,37.4822938876151,36.488305000305836,37.04460287523442,63132000
2016-01-08,36.271446228027344,37.22474223719677,36.17268983635346,37.1096110029378,47506000
2016-01-11,36.37863540649414,36.47838375713797,35.70820200349906,36.3230555921978,50896000
2016-01-12,36.98752975463867,37.13640640572717,36.54537117426711,36.759750977293,46816000
2016-01-13,35.70869445800781,37.36766088488102,35.570240913835114,37.186030764434825,51728000
2016-01-14,36.29526138305664,36.71707350544237,34.985656484787164,35.950367474118316,55558000
2016-01-15,35.25810241699219,35.93647522316844,34.81246818004304,35.23328837836136,76676000
2016-01-19,35.68437576293945,35.99552803448234,35.22633832625563,35.73747568151615,48724000
2016-01-20,35.658573150634766,36.07492572671287,34.13111283642849,35.03031688051093,82440000
2016-01-21,36.06103515625,36.60690995150858,35.28886949590144,35.738471572568294,51938000
2016-01-22,36.99348831176758,37.147328540145075,36.74735076132707,36.82178530689106,47146000
2016-01-25,36.405921936035156,37.3408590309046,36.35034213303571,36.913091424495235,45340000
2016-01-26,36.414363861083984,36.695738557165015,36.075921418373206,36.48483436914604,30940000
2016-01-27,35.60994338989258,36.51857486468166,35.40499094304119,36.51857486468166,42428000
2016-01-28,37.134422302246094,37.27634769042169,36.25605688032963,36.6327123068158,62104000
2016-01-29,37.78203201293945,37.96862192407068,36.93096045614953,37.16717844501767,75808000
2016-02-01,38.2495002746582,38.587942710930236,37.78351958612073,38.273814549313805,111522000
2016-02-02,38.7526969909668,40.213658489846225,38.737310318741926,39.72485147600155,135846000
2016-02-03,37.188018798828125,39.274749109661,36.5369361647275,39.01918042516304,131114000
2016-02-04,36.2277717590332,36.982570561419266,35.859059542656034,36.95031306975174,104922000
2016-02-05,34.92412185668945,36.06351172363947,34.74447943373265,36.002972136236856,109556000
2016-02-08,34.9439697265625,34.961836286392035,33.84477307843579,34.126147732686995,89410000
2016-02-09,34.78814697265625,35.777671983621644,34.16684196822003,34.387673262133276,84300000
2016-02-10,35.07746124267578,35.8898237302454,35.00501061670168,35.322610596345456,60314000
2016-02-11,35.05315017700195,35.34891580034356,34.300339036527134,34.55590773437024,65004000
2016-02-12,35.07945251464844,35.531534471514185,34.81594059566735,35.343456625432225,46538000
2016-02-16,35.612918853759766,35.872955130987954,35.24271491113473,35.663039121631215,43444000
2016-02-17,36.324039459228516,36.412868703958615,35.561801094019586,36.07740219516523,49154000
2016-02-18,35.60646438598633,36.524030947870976,35.50919972559641,36.42279846482288,47276000
2016-02-19,35.834747314453125,35.930028085276035,35.388617045473275,35.526574636160916,34918000
2016-02-22,36.17913818359375,36.466964351124304,35.90123914520035,36.20196452286451,37516000
2016-02-23,35.59554672241211,36.27094361594726,35.51515666338139,36.03274551987704,41332000
2016-02-24,35.774696350097656,35.79057900104926,34.83777895976725,35.26405492416314,37092000
2016-02-25,36.1826171875,36.201967897549466,35.39407291341634,35.875436496998525,36146000
2016-02-26,35.97121047973633,36.53197213039984,35.82630543787013,36.40493364962283,42474000
2016-02-29,35.59207534790039,36.25605718743341,35.573216831001,35.77965720290548,45068000
2016-03-01,36.83021926879883,36.83815870012453,35.662539806016646,35.794541843770894,60112000
2016-03-02,36.69672775268555,36.87736213117078,36.387563173386724,36.864958898642634,36292000
2016-03-03,36.3051872253418,36.77215986668217,36.207922555156095,36.696729581586425,40534000
2016-03-04,36.23720169067383,36.474407829161414,36.00892315345282,36.464484486108105,48516000
2016-03-07,35.37273406982422,36.08783195977834,34.99260677267381,35.98560372350222,61690000
2016-03-08,35.40896224975586,35.84169352675015,34.93603783013441,35.153889509370174,52530000
2016-03-09,35.998504638671875,36.03969351753278,35.36578454779973,35.49034314010095,39544000
2016-03-10,36.3339729309082,36.550832634597626,35.893302260985735,36.11661346324506,44616000
2016-03-11,36.96420669555664,36.96569462909776,36.55876941518836,36.72005308164717,35380000
2016-03-14,37.23069763183594,37.43019053998108,36.90416244829631,36.96917341270694,32824000
2016-03-15,37.247074127197266,37.36816088720215,36.86347118063561,37.02127923653466,29832000
2016-03-16,37.58403015136719,37.66541596517553,37.04510280298914,37.17164532508238,29306000
2016-03-17,37.63960266113281,37.9800289743035,37.584022854900866,37.598413784293754,44564000
2016-03-18,37.48725128173828,37.82122607121699,37.30909681439384,37.79591984531687,56222000
2016-03-21,37.82223129272461,37.8807869761281,37.28181223558975,37.41282234245714,28774000
2016-03-22,37.7175178527832,37.96316321303674,37.60983385690874,37.63762376372678,22096000
2016-03-23,37.59394454956055,37.982510984404776,37.51801829715515,37.881274719167514,24678000
2016-03-24,37.45896911621094,37.5939470259952,37.243597362316855,37.27833474197719,31116000
2016-03-28,37.38154983520508,37.63066697914678,37.3200145158871,37.52496313493102,21676000
2016-03-29,38.00732421875,38.07134322257798,37.13392615162235,37.40140208535203,40062000
2016-03-30,38.12890625,38.574044471150266,38.091193003471254,38.1224547519491,40396000
2016-03-31,37.85894775390625,38.16562865790518,37.62818932303009,38.12890736598787,32554000
2016-04-01,38.194908142089844,38.21326689397469,37.47683068282324,37.574099128827285,31674000
2016-04-04,37.9691162109375,38.33237267312875,37.80386471471298,38.18696786380617,26924000
2016-04-05,37.64407730102539,37.8574651788166,37.49668856245557,37.62224291392754,24478000
2016-04-06,38.11550521850586,38.132875800348394,37.53141751100556,37.607839741714265,25312000
2016-04-07,37.72099304199219,38.17952649911455,37.590974897734576,37.97904163283596,25498000
2016-04-08,37.6887321472168,38.06885941560105,37.505121904215606,38.006332131636086,23434000
2016-04-11,37.592952728271484,38.07332427943917,37.583029385882654,37.9854869870237,31774000
2016-04-12,37.92941665649414,37.959190474029974,37.29669653122249,37.63712666570268,27388000
2016-04-13,38.30607223510742,38.49662996850048,37.94281575837545,38.22667033995892,35426000
2016-04-14,38.47876739501953,38.68818364752694,38.37107961533215,38.477279461348076,26992000
2016-04-15,38.7075309753418,38.75368341324532,38.4559301461014,38.48421981107393,31712000
2016-04-18,39.088653564453125,39.131830139325714,38.58893127921475,38.71696171203582,33540000
2016-04-19,38.52144241333008,39.250931203936716,38.22468484675957,39.22860084163421,43952000
2016-04-20,38.4554443359375,38.69067038783667,38.274313953203055,38.66585634698381,34262000
2016-04-21,38.7075309753418,38.790900678593275,38.28819878400119,38.574041011797725,77628000
2016-04-22,36.61186981201172,37.413313231947384,36.2446455376091,36.91656680205609,140798000
2016-04-25,36.83220291137695,36.9647009259917,36.479369588197805,36.4917766059682,49442000
2016-04-26,35.99652099609375,36.99993721811807,35.74591208995123,36.94187751942796,55864000
2016-04-27,35.802486419677734,36.084849257687694,35.18812509815023,35.99403609268807,66262000
2016-04-28,34.98863220214844,36.18956115519242,34.89633110362463,35.893299579266916,62590000
2016-04-29,35.128578186035156,35.33849040191123,34.92511368228933,34.9419882876707,58278000
2016-05-02,35.452632904052734,35.50225719682701,35.05315110016992,35.32906625697301,33476000
2016-05-03,35.15636444091797,35.40101401178266,35.101280615876796,35.3578412262342,38620000
2016-05-04,35.30176544189453,35.48438371234323,34.93850902612556,35.0734907107886,34172000
2016-05-05,35.4675178527832,35.60845129080285,35.206489619631846,35.48190878330955,29668000
2016-05-06,35.987091064453125,36.02728798925841,35.33055265090552,35.34295967008108,39952000
2016-05-09,36.18311309814453,36.439177776356786,35.903722314592194,36.062522320480696,38074000
2016-05-10,36.691768646240234,36.722534418331186,36.30618182282669,36.472425274308534,32634000
2016-05-11,36.253578186035156,36.76223567428409,36.12207211455834,36.74834072172119,29834000
2016-05-12,36.13051223754883,36.492776793272625,35.94193839760929,36.32553757674062,27094000
2016-05-13,35.969722747802734,36.290298604769085,35.904215809532324,36.05855200370958,25244000
2016-05-16,36.241172790527344,36.3592798926027,35.73003539002786,35.944415208614586,22538000
2016-05-17,35.739463806152344,36.51659303766892,35.63078785303237,36.278890892855266,33404000
2016-05-18,35.81836700439453,36.00644484152183,35.48290044592236,35.655595396902456,32536000
2016-05-19,35.497291564941406,35.75484795221574,35.24916632942593,35.645672242814435,30598000
2016-05-20,35.81489181518555,36.11214536480229,35.48240490592018,35.55436334493607,34798000
2016-05-23,35.593563079833984,35.90371961379226,35.57818019412265,35.729040756282096,24816000
2016-05-24,36.37664794921875,36.434707647390326,35.712662323731934,35.72258945308347,37884000
2016-05-25,36.62824249267578,36.717071742392676,36.35530703180964,36.47440607316776,32216000
2016-05-26,36.570186614990234,36.77712297201267,36.375161299173726,36.52403416988524,27202000
2016-05-27,37.09968566894531,37.11506855492321,36.5741535815596,36.598967619142456,34802000
2016-05-31,37.161720275878906,37.39148298848767,36.998948655728036,37.15725268861202,42484000
2016-06-01,37.14236831665039,37.28677740578184,36.93791182167696,37.14286429459272,20788000
2016-06-02,36.9344367980957,37.08480139568827,36.57366020223531,37.025249972912654,33916000
2016-06-03,36.517086029052734,36.79647679788827,36.420317339719354,36.79647679788827,24608000
2016-06-06,36.22926330566406,36.648099616884046,36.14142978174097,36.648099616884046,29992000
2016-06-07,36.28037643432617,36.55926744362353,36.26598550377393,36.388560188496065,24314000
2016-06-08,36.86793899536133,36.911607768374644,36.5126257180091,36.697723918446755,32314000
2016-06-09,36.84758758544922,36.91755832287654,36.548846119256766,36.5771320009363,19180000
2016-06-10,36.384586334228516,36.70466620393204,36.251592336250305,36.52155194105118,29050000
2016-06-13,36.319580078125,36.672909402759835,36.21735184827314,36.21735184827314,23354000
2016-06-14,36.3875617980957,36.52403142556194,36.052595024595355,36.19204051909414,26584000
2016-06-15,36.33496856689453,36.581106134974924,36.29129600613086,36.470442478402624,23234000
2016-06-16,35.94094467163086,36.24564169701338,35.50870938738211,36.12505091499272,45002000
2016-06-17,34.94843673706055,35.79900839746999,34.79310860154749,35.79900839746999,82262000
2016-06-20,35.04173278808594,35.525080245589145,35.006003452044006,35.24916511436183,45654000
2016-06-21,35.178199768066406,35.500763296017745,34.968783546156665,35.23625946149615,30318000
2016-06-22,35.257110595703125,35.44270856991521,35.02933178000072,35.43476913677589,29058000
2016-06-23,35.475460052490234,35.4759560304029,34.74994280463064,35.26108022540139,42500000
2016-06-24,34.003082275390625,34.985659922060364,33.98869134420151,34.24971958937438,95436000
2016-06-27,33.801605224609375,33.91028496073053,33.380785019414105,33.86860010113485,58146000
2016-06-28,34.303810119628906,34.37725649246694,33.98571414010763,34.30926966236989,38246000
2016-06-29,34.498836517333984,34.71272035796615,34.37427791659481,34.45268785675434,43124000
2016-06-30,34.9127082824707,34.92461932375212,34.4844446351257,34.620914273710774,42250000
2016-07-01,35.246192932128906,35.35933647243899,34.92263739032194,34.9906242245258,30984000
2016-07-05,34.98019790649414,35.140485835922306,34.69435942841312,34.9861534269257,28440000
2016-07-06,35.18267059326172,35.3826594689489,34.68790806465761,34.729592921749656,28902000
2016-07-07,35.097808837890625,35.24221790279893,34.770781482468266,35.23924203564414,21174000
2016-07-08,35.619869232177734,35.6258247532372,35.13999356293206,35.26157630150959,29946000
2016-07-11,36.087337493896484,36.173187105195424,35.67396073048072,35.70125465982379,28822000
2016-07-12,36.3508415222168,36.5041819726617,36.102220318805394,36.3215636845513,26468000
2016-07-13,36.20048141479492,36.50021866280845,36.17765507248144,36.50021866280845,20436000
2016-07-14,36.51411437988281,36.53098520149089,36.25556600986612,36.421809480689575,21408000
2016-07-15,36.50567626953125,36.772160266630515,36.45654416993109,36.772160266630515,32342000
2016-07-18,37.37758255004883,37.473855255432206,36.549341211486535,36.618815969382744,38698000
2016-07-19,37.38800811767578,37.54581237379083,37.143850707206795,37.21233351393926,30436000
2016-07-20,37.570125579833984,37.74679211648272,37.419761011169875,37.419761011169875,22502000
2016-07-21,37.43762969970703,37.623227633478145,37.29421259823522,37.56615610793469,19062000
2016-07-22,37.679298400878906,37.68773380899766,37.35077938720539,37.58203375340544,20920000
2016-07-25,37.59196853637695,37.706107820917374,37.42076150261181,37.59990796914576,21466000
2016-07-26,37.59841537475586,37.67831324263924,37.35525371220503,37.59196387653886,23792000
2016-07-27,37.81279754638672,37.93586821198578,37.51306410076188,37.66392467239359,32172000
2016-07-28,38.00484848022461,38.160176644982805,37.66987787502751,38.15372514611018,73464000
2016-07-29,39.27028274536133,39.89555555934584,39.20378385523221,39.58639478325421,101810000
2016-08-01,39.746681213378906,40.07172462612558,38.957641092782175,39.03853090913279,60594000
2016-08-02,39.70598602294922,39.81516171260814,39.42858299875656,39.567532499744296,39928000
2016-08-03,39.64643859863281,39.677208154709525,39.353652661568205,39.52485966609494,29206000
2016-08-04,39.563568115234375,39.70996109578395,39.39831661722456,39.612696427333155,21520000
2016-08-05,40.04393768310547,40.05832861288158,39.59135600365888,39.70549527226197,36146000
2016-08-08,39.95957946777344,40.07719059147321,39.78390485601482,39.997788695830934,24426000
2016-08-09,40.071231842041016,40.36153790067214,39.90151276473938,39.92285117060353,32154000
2016-08-10,40.12135314941406,40.23995622241922,40.022104571371635,40.04989447611076,18370000
2016-08-11,40.106964111328125,40.388834781018886,39.99778839867648,40.21961166919068,25646000
2016-08-12,40.04989242553711,40.056839901366175,39.88066933035673,39.95262776393017,17946000
2016-08-15,39.99580764770508,40.263783385546915,39.90003090262271,40.0578389633326,18596000
2016-08-16,39.759090423583984,39.911438914089175,39.551158340317876,39.873721881796804,21158000
2016-08-17,39.9690055847168,39.97942869228269,39.51642388031734,39.70003791868389,21322000
2016-08-18,39.83650588989258,40.09703813505405,39.780926081441116,39.966028045691246,17292000
2016-08-19,39.68267059326172,39.76108053711022,39.54521277475068,39.68961807017925,22416000
2016-08-22,39.54867935180664,39.66529851012099,39.41866121935832,39.626093543419316,17056000
2016-08-23,39.53081130981445,39.74965868840932,39.50103749556139,39.72385269680849,18350000
2016-08-24,39.3824348449707,39.62361258679487,39.24149763143552,39.544210699830195,25672000
2016-08-25,39.2682991027832,39.438018190441454,39.06632630848028,39.30303648492487,24054000
2016-08-26,39.363582611083984,39.670267337207996,39.17451280066732,39.32735729276794,24978000
2016-08-29,39.49260711669922,39.62659308399478,39.21966783097945,39.35514551804993,15474000
2016-08-30,39.2990608215332,39.60078190113506,39.17747811524833,39.34670119126454,23348000
2016-08-31,39.19634246826172,39.281696092613316,39.06483640065046,39.183935449675836,21428000
2016-09-01,39.27326202392578,39.3472043740191,39.02166494298614,39.302043884929844,26070000
2016-09-02,39.544708251953125,39.55612331483358,39.365561807404355,39.46531014791795,26998000
2016-09-06,40.0980339050293,40.240455284688544,39.473253192283245,39.62014215915034,39790000
2016-09-07,40.09653854370117,40.22605690173716,39.88463865003114,40.09355889075095,22906000
2016-09-08,39.84096908569336,40.117879954127496,39.75015592048381,39.95907996294997,23554000
2016-09-09,39.128360748291016,39.786886914104414,39.107022339417924,39.63900219966454,37752000
2016-09-12,39.641483306884766,39.70847439668912,38.88122492517434,38.93184495855765,37274000
2016-09-13,39.1402702331543,39.491119699933996,38.922414779621576,39.402786414339865,36180000
2016-09-14,39.22660827636719,39.51791005024864,39.081207271374424,39.081207271374424,25842000
2016-09-15,39.761077880859375,39.88116889209936,39.13728914761188,39.20428402273063,31144000
2016-09-16,39.599300384521484,39.65140835380926,39.383432624809814,39.65140835380926,42612000
2016-09-19,39.47126388549805,39.898039560421246,39.38045072268415,39.755118436304606,22990000
2016-09-20,39.689117431640625,39.836506149440616,39.61368715023783,39.70003651669637,20984000
2016-09-21,39.94965362548828,39.99332618393556,39.50302741333109,39.76256773011647,26970000
2016-09-22,40.49155807495117,40.645890488382086,40.082648925777185,40.196288436832035,35186000
2016-09-23,40.44243240356445,40.54366490214864,40.33176875253905,40.451363792006376,28234000
2016-09-26,39.831539154052734,40.20025511963341,39.72236345726071,40.187352124257245,29454000
2016-09-27,40.232513427734375,40.36947904221922,39.790850811853275,39.790850811853275,27346000
2016-09-28,40.19926834106445,40.20869949383691,39.8379995343411,39.90251073951569,29406000
2016-09-29,39.8310546875,40.39032852019267,39.742721391689386,40.05883351149204,27000000
2016-09-30,39.901512145996094,40.101501013469054,39.77447366848317,39.87868580693293,33204000
2016-10-03,39.718894958496094,39.87570725530058,39.51295056512413,39.826578944823616,29784000
2016-10-04,39.8384895324707,40.02259953976899,39.683661148855165,39.9481612150694,25174000
2016-10-05,39.761077880859375,40.12185067855309,39.735271886577976,39.997788058157994,24276000
2016-10-06,39.85287857055664,40.04492800045077,39.7253441191819,39.90250285597058,21998000
2016-10-07,39.735267639160156,39.99480791569887,39.54222625274888,39.994311937868844,23262000
2016-10-10,40.40322494506836,40.562520923946174,39.8111977329862,39.89506342743224,29922000
2016-10-11,40.17495346069336,40.68559490941451,40.06577774119929,40.4032282441396,34432000
2016-10-12,40.28412628173828,40.4196001794308,40.124334323432066,40.29355364759973,18158000
2016-10-13,39.90250778198242,40.025578448100006,39.63155619702256,40.001264173264374,27380000
2016-10-14,39.928314208984375,40.20075751665259,39.815170671603966,40.06974741680068,22238000
2016-10-17,40.03947067260742,40.369477678691865,39.89010183027704,39.997289838368275,21128000
2016-10-18,40.766483306884766,41.12973600705416,40.36154196040538,40.40521073222805,45786000
2016-10-19,41.03197479248047,41.178867543125165,40.83546153588317,40.83546153588317,30002000
2016-10-20,40.77342987060547,41.112864265659525,40.71983396978358,41.06770377505458,27878000
2016-10-21,40.894012451171875,40.90542751358719,40.60866996560209,40.692535653018915,32316000
2016-10-24,41.473636627197266,41.58281233923913,41.14114971222664,41.19325767882507,28952000
2016-10-25,41.11683654785156,41.61060336870445,40.95555286485629,41.61060336870445,37814000
2016-10-26,40.7967529296875,41.07515176062275,40.51141040816944,41.04587013414104,35898000
2016-10-27,40.56103515625,41.019072643956065,40.4250614886426,40.84191387983384,59470000
2016-10-28,40.67070770263672,41.63541882161264,40.54366542073676,41.18581673495188,87098000
2016-10-31,40.19132614135742,40.823054317799844,40.097041122760764,40.813127187784964,44854000
2016-11-01,39.971981048583984,40.392805020344774,39.613688149406194,40.239460778291196,47118000
2016-11-02,39.12538146972656,40.03550466138214,38.95566238328915,40.03550466138214,47014000
2016-11-03,38.81621551513672,39.20378624508538,38.639548958523115,38.930846978309965,43504000
2016-11-04,38.76212692260742,39.12835927731055,38.260912856665115,38.27579976591544,39412000
2016-11-07,39.800777435302734,39.94816236931584,39.34769976194644,39.44943201577227,39852000
2016-11-08,40.29454040527344,40.49601719627724,39.6811748593452,39.80077366327302,35382000
2016-11-09,39.977439880371094,40.28114491967384,39.30502262707691,39.79084997995276,61970000
2016-11-10,38.721927642822266,40.19926399159507,38.12344893912965,40.19628812436219,118192000
2016-11-11,38.298133850097656,38.57305326503578,37.989961199218286,38.54923496749436,71852000
2016-11-14,37.37857437133789,38.29961656712263,36.90068647707908,38.29862461145487,73766000
2016-11-15,38.46735382080078,38.71945068428633,37.97408296611557,37.98648619994869,58878000
2016-11-16,38.70654296875,38.88122182394265,38.02916216767748,38.232126904638434,35968000
2016-11-17,39.01322937011719,39.1492030417953,38.700096929013164,38.831603013327566,30674000
2016-11-18,38.50755310058594,39.267807774675674,38.47678732394201,39.06335506675683,36126000
2016-11-21,38.94573211669922,39.03257366294651,38.52391625802095,38.61324147930587,32616000
2016-11-22,38.95566177368164,39.390872889319226,38.89313448725489,39.15366674041165,27884000
2016-11-23,38.65791320800781,39.179969683000955,38.34279309262319,39.179969683000955,26260000
2016-11-25,38.71894836425781,38.85144638016897,38.61771209590004,38.8370554509634,12270000
2016-11-28,38.99486541748047,39.68713313158166,38.61324642739143,38.62565344589951,51508000
2016-11-29,39.17599868774414,39.52337251527952,38.97253417012288,39.12339474267846,31240000
2016-11-30,38.503074645996094,39.27871577558338,38.367600770883136,39.159120762250744,45582000
2016-12-01,37.929908752441406,38.638059090940125,37.38552196581087,38.63557920176285,57342000
2016-12-02,37.936370849609375,38.23610813394389,37.665419218225495,37.80933233861301,34376000
2016-12-05,38.61920166015625,38.70753493652383,38.060919906264076,38.21128448861968,33770000
2016-12-06,38.51797103881836,38.96956082999108,38.376045631260254,38.716967982244014,34682000
2016-12-07,39.2767333984375,39.303031581135166,38.3864569987456,38.70505270502632,40588000
2016-12-08,39.460350036621094,39.65041558282734,39.10007320456806,39.35018236538926,32250000
2016-12-09,40.16899108886719,40.193805124916956,39.60326589896358,39.665297202997664,38090000
2016-12-12,40.092079162597656,40.26328619434512,39.92484374023328,39.9392346718492,32572000
2016-12-13,40.461280822753906,40.90592305519874,40.29255749404697,40.31488785471283,42564000
2016-12-14,40.58782958984375,40.903941647693976,40.33424481733955,40.49006894588856,35994000
2016-12-15,40.4766731262207,40.84141754554619,40.295538968262576,40.56153078021334,35394000
2016-12-16,40.1883430480957,40.65283193926157,40.10298564689639,40.6086671982995,51978000
2016-12-19,40.32035446166992,40.50496047158546,39.92335253407247,40.160562492013334,25272000
2016-12-20,40.45433807373047,40.51835708231239,40.24591377764941,40.36352490087307,25438000
2016-12-21,40.30546188354492,40.48014073835432,39.953124520746776,40.48014073835432,29192000
2016-12-22,40.1804084777832,40.24938726157445,39.999274333530465,40.15162661739674,22632000
2016-12-23,40.08711242675781,40.2444244923585,39.953622443389605,40.097535534257176,15310000
2016-12-27,40.192813873291016,40.49403904001457,39.98786520842909,40.13078256232712,19520000
2016-12-28,39.92682647705078,40.36154163847913,39.82112639364336,40.36154163847913,24296000
2016-12-29,39.842960357666016,39.98538173439257,39.607738109925165,39.81566642926072,21148000
2016-12-30,39.32537078857422,39.86330612904933,39.184929539720855,39.85933451989293,34718000
2017-01-03,40.0975341796875,40.26774545030832,39.545703917091544,39.73080209555945,39180000
2017-01-04,40.085628509521484,40.36650724309658,39.9040021517086,40.19083262034752,30306000
2017-01-05,40.34615707397461,40.38188641152178,39.993819691175254,40.07222584262852,26810000
2017-01-06,40.951087951660156,41.13718188276882,40.27072744913276,40.44391838306494,40342000
2017-01-09,41.04884338378906,41.210123255818615,40.77292827148271,41.00864646371446,28178000
2017-01-10,40.99078369140625,41.159510818527565,40.848362321700826,41.04338763405684,23948000
2017-01-11,41.18183898925781,41.18382290062114,40.765486415377445,41.02105508874969,26508000
2017-01-12,41.165462493896484,41.20764332521419,40.742654652897116,41.10839096968114,26990000
2017-01-13,41.23543930053711,41.41954553755068,41.16497257868924,41.23841516790077,25804000
2017-01-17,41.062744140625,41.197722062843404,40.85134019002307,41.18879067470525,28818000
2017-01-18,41.140159606933594,41.179364578116974,40.89501022169713,41.17886860021016,20554000
2017-01-19,40.90939712524414,41.33766454038061,40.889054460886065,41.139163600564935,21410000
2017-01-20,41.09797668457031,41.15107660663391,40.92081414245824,41.14362936622756,26124000
2017-01-23,41.904876708984375,41.95996053865245,41.12427572846027,41.26868478964659,49148000
2017-01-24,42.1579704284668,42.25672303671018,41.79818578497671,42.0314241271239,33768000
2017-01-25,42.60062026977539,42.61749108882122,42.16838503962544,42.357458610615055,33108000
2017-01-26,42.52767562866211,42.727168547541666,42.20709973472634,42.63039984864351,69866000
2017-01-27,41.93465042114258,43.024911949179725,41.77932606162762,42.62791386592172,75050000
2017-01-30,40.882606506347656,41.547580358366034,40.74365318616884,41.53914494795873,70338000
2017-01-31,40.70196533203125,40.844886464904974,40.36501084360784,40.66772392892892,40404000
2017-02-01,40.456321716308594,40.891036827172215,40.307941048389026,40.891036827172215,45020000
2017-02-02,40.60618591308594,40.91882610719877,40.298017091638854,40.444410059881044,33784000
2017-02-03,40.69898986816406,40.996739391700366,40.660280877807196,40.84786652297752,30562000
2017-02-06,40.7729377746582,40.811147006262615,40.409185284009645,40.738200388612775,27018000
2017-02-07,41.150577545166016,41.284071319426445,40.855807662616314,40.965479353787416,33332000
2017-02-08,41.18283462524414,41.39969811595965,40.94612444694102,41.21509211823278,26044000
2017-02-09,41.19176483154297,41.287045588029244,41.01510205722818,41.27463856907488,23884000
2017-02-10,41.429466247558594,41.543601722931406,41.214094506147376,41.33517745704958,28302000
2017-02-13,41.6334342956543,41.7713918757338,41.498948560926706,41.570903218410955,25914000
2017-02-14,41.68653106689453,41.7842917214113,41.478106759890615,41.67362806892415,27266000
2017-02-15,41.55204391479492,41.77287521421095,41.49745606225699,41.62598247577518,27144000
2017-02-16,41.792728424072266,41.81853063238226,41.54906698310284,41.610602315701875,20102000
2017-02-17,42.01008224487305,42.02943673981585,41.674119712939536,41.75004597303008,29224000
2017-02-21,42.14506912231445,42.290470162041295,42.01008740508861,42.08154987318683,25206000
2017-02-22,42.248779296875,42.36936627888974,42.01802086777558,42.082039871822275,24488000
2017-02-23,42.23091506958008,42.311308919426196,41.80910291900999,42.23488667872054,27734000
2017-02-24,42.07261276245117,42.09990669139501,41.83193096706205,42.064673329936916,26924000
2017-02-27,42.1649169921875,42.21454128418682,41.83441398266672,41.930686699303536,20206000
2017-02-28,41.929691314697266,42.12323249149809,41.75650037607216,42.04978611561516,27662000
2017-03-01,42.516258239746094,42.57828954515215,42.13265534469995,42.249770479595306,36374000
2017-03-02,42.17384719848633,42.50335824298564,42.11777140935039,42.49442306896897,25018000
2017-03-03,42.13563537597656,42.22198474867026,41.91877566759099,42.1286878993732,20100000
2017-03-06,42.04581832885742,42.12869207842489,41.743105195643594,42.02547187492277,20958000
2017-03-07,42.23836135864258,42.3465451214604,41.95897434913689,42.04531993935258,20774000
2017-03-08,42.36191940307617,42.52518696996376,42.24331634205721,42.33611341240053,20576000
2017-03-09,42.57034683227539,42.71277198330302,42.31378619815778,42.364406227644714,26954000
2017-03-10,42.74750900268555,42.887450477189084,42.55893519659828,42.81152421968965,26732000
2017-03-13,42.904823303222656,43.03136581030742,42.71823339876589,42.71872937663826,23332000
2017-03-14,42.9708251953125,43.0536989311068,42.68399097612587,42.86363339999027,21234000
2017-03-15,43.09389114379883,43.16783349042689,42.74204975761626,43.07156078228258,26658000
2017-03-16,43.17379379272461,43.30827952674878,43.05072312269309,43.20009576604366,22090000
2017-03-17,43.29140090942383,43.393133161851445,43.09289996924788,43.35640808375141,37366000
2017-03-20,43.07007598876953,43.19066297862106,42.909292073603915,43.147986163876745,30844000
2017-03-21,42.18824005126953,43.34599256068178,42.066657315561955,43.176769443714015,50760000
2017-03-22,42.17137145996094,42.44679065395241,42.03241813205275,42.15548880797394,27334000
2017-03-23,41.667667388916016,41.76890366239411,41.33766417006349,41.754016754607136,65754000
2017-03-24,41.44386291503906,41.88354163163041,41.14412947013777,41.78428926311717,42114000
2017-03-27,41.6110954284668,41.75352057965877,40.90592472069504,41.094002550739496,38692000
2017-03-28,41.71630096435547,41.95301111313809,41.30143255257137,41.66965254633351,30384000
2017-03-29,42.17484664916992,42.260200292741445,41.75353040286764,41.82151724538067,29146000
2017-03-30,42.155487060546875,42.280541642998536,42.02100511175235,42.279549687182545,18988000
2017-03-31,42.072113037109375,42.159454359168194,41.94507455601519,42.023976682319145,28820000
2017-04-03,42.516258239746094,42.62791383225891,42.05871299883934,42.11925637071118,39388000
2017-04-04,42.30882263183594,42.3301610357736,42.05771777655601,42.082035833421095,26970000
2017-04-05,42.127197265625,42.70681744000787,42.05821848190618,42.41502344136857,37104000
2017-04-06,41.93812561035156,42.35944174794427,41.88353775923895,42.15647322871163,30672000
2017-04-07,41.789249420166016,41.9768312701363,41.55105132734069,41.93316250320609,22232000
2017-04-10,41.7693977355957,42.01951064771954,41.72424103644036,41.76145830421071,20924000
2017-04-11,41.67908477783203,41.9148029984923,41.41706458510465,41.769401971392014,19486000
2017-04-12,41.75749206542969,41.8696436369159,41.56544262705152,41.60861541652074,22716000
2017-04-13,41.693965911865234,41.87013647365477,41.57834250410502,41.7366427202831,21474000
2017-04-17,42.43587112426758,42.46118114272395,41.73615607101999,41.75352665661129,20982000
2017-04-18,42.379295349121094,42.54801869331661,42.2433216891391,42.30733691002721,18724000
2017-04-19,42.50434875488281,42.68746302464382,42.35646405774925,42.54801752336051,21606000
2017-04-20,42.6815071105957,42.8725607935441,42.55347289878749,42.66463250663825,23776000
2017-04-21,42.62543487548828,42.79862960082511,42.56489528300526,42.708308617818545,23458000
2017-04-24,43.616939544677734,43.66805555194461,42.980747620740054,43.096374823312495,33930000
2017-04-25,44.108726501464844,44.277945815648785,43.634310433362856,43.78219134157877,40760000
2017-04-26,44.12361526489258,44.31467275702346,43.92561029643131,44.23527086405299,26466000
2017-04-27,44.23774719238281,44.33401989750991,44.02634705224293,44.16628852333417,46846000
2017-04-28,45.87934494018555,46.44407436678136,45.814829963354164,46.10166415612093,76918000
2017-05-01,46.29123306274414,46.4401097113339,45.69474208486865,45.86098553034263,46556000
2017-05-02,46.503135681152344,46.795925430806086,46.20091856573446,46.31356990747987,35026000
2017-05-03,47.06687927246094,47.153720838295705,46.40984485237989,46.45152971264238,36496000
2017-05-04,47.37802505493164,47.59736842959079,47.0132806556512,47.158185702399734,38752000
2017-05-05,47.157684326171875,47.562625603334006,47.049500584844864,47.47726819981271,32310000
2017-05-08,47.575035095214844,47.68917057626963,47.01476565243741,47.017249327736685,37534000
2017-05-09,47.476776123046875,47.74921941001433,47.36214466069312,47.70604661993539,33758000
2017-05-10,47.38397979736328,47.476776877223294,47.13585456579633,47.45246260358555,22920000
2017-05-11,47.43608093261719,47.54029685494925,47.07481219364583,47.207806188550954,20622000
2017-05-12,47.39886474609375,47.53979817562925,47.24602027611878,47.53335046365582,24298000
2017-05-15,47.60133743286133,47.77403238912884,47.283737426252316,47.40631211349413,26754000
2017-05-16,47.86882019042969,47.93283541645704,47.65742001533722,47.816220028660226,22030000
2017-05-17,46.755226135253906,47.68916749534291,46.6505142399577,47.62515228307591,48982000
2017-05-18,47.16860580444336,47.35122408833866,46.71056458900086,46.806341317609295,36010000
2017-05-19,47.37455368041992,47.618215137100144,47.24304759660105,47.283740502367316,27206000
2017-05-22,47.84201431274414,47.879235366849606,47.469330510397356,47.49116489337226,27748000
2017-05-23,48.1635856628418,48.360098894756774,47.86335248663909,48.134307826405326,30908000
2017-05-24,48.51394271850586,48.53924894808386,48.21718515109815,48.39732355580964,22660000
2017-05-25,49.221099853515625,49.415632984536856,48.52436449538357,48.58292396167472,39082000
2017-05-26,49.29106903076172,49.44589741082595,48.99778332544321,49.228041984179605,32728000
2017-05-30,49.43498229980469,49.50694073938105,49.19628821251165,49.252859979540474,30324000
2017-05-31,48.98439025878906,49.60519935961232,48.71591855745543,49.43697198540054,34482000
2017-06-01,49.04393768310547,49.28461945806462,48.69656009093499,49.17643570727521,26128000
2017-06-02,49.43250274658203,49.45036930865034,48.98339666636543,49.058826951613746,34710000
2017-06-05,49.817588806152344,49.99226765648931,49.39924853935708,49.52033528083305,27578000
2017-06-06,49.46029281616211,50.052320036613125,49.366999754627315,49.78930788618503,31042000
2017-06-07,49.699485778808594,49.81908081046018,49.42009500491669,49.57988696106635,27482000
2017-06-08,49.837440490722656,49.90294364140927,49.45731322454804,49.83495681539461,33758000
2017-06-09,48.14224624633789,49.89798123132935,47.31102527863679,49.89748525350799,72958000
2017-06-12,47.72986602783203,48.037046702383286,46.48874388291965,47.57652557253585,84042000
2017-06-13,48.161109924316406,48.52883019214543,47.739789971222606,48.23753216399073,40108000
2017-06-14,48.0335693359375,48.6176570835201,47.615725034402175,48.40923280364804,30110000
2017-06-15,47.64897537231445,47.67378940965939,46.66590560748003,47.04553690509626,48552000
2017-06-16,47.57155990600586,47.63756282047895,47.07928106997453,47.5363265484606,51184000
2017-06-19,48.39533996582031,48.59780873424229,48.046970409023714,48.11892506137631,29376000
2017-06-20,48.086177825927734,48.671753562459045,48.04697285549628,48.39980623110696,25946000
2017-06-21,48.56258010864258,48.61022049163703,48.10900640740002,48.17550530964229,23232000
2017-06-22,48.46481704711914,48.65736248122,48.30055749744032,48.477220280604165,20190000
2017-06-23,48.93476104736328,48.96106301777214,48.35762077628013,48.40923276139795,31280000
2017-06-26,48.24000930786133,49.32679899354548,48.152667987737004,49.12879403624945,30358000
2017-06-27,47.04901123046875,47.99833940653162,46.999386939253284,47.719448391080846,48872000
2017-06-28,47.690162658691406,47.80082629514785,46.45698000842025,47.176545420399115,54912000
2017-06-29,46.539363861083984,47.226175894953286,46.13144664128115,47.210793007621085,64134000
2017-06-30,46.135414123535156,46.89566868069941,46.13193849239863,46.84554841383085,45754000
2017-07-03,45.62824249267578,46.361702853437265,45.42229810592332,46.31108282492581,33896000
2017-07-05,46.26344680786133,46.463435693270874,45.587057909915366,45.86346903704223,41882000
2017-07-06,46.036659240722656,46.455991500775355,45.647600561797674,45.90316925530482,40298000
2017-07-07,46.687744140625,46.87880164410643,46.14087360344202,46.20042502670777,33266000
2017-07-10,47.193424224853516,47.299128100765195,46.74431810498376,46.74431810498376,29030000
2017-07-11,47.3189697265625,47.386460578325476,46.90162516913599,47.169600878601486,29224000
2017-07-12,48.020172119140625,48.117932764508936,47.493155879878834,47.682721650102536,32042000
2017-07-13,48.079227447509766,48.56803445929512,47.878246614600265,48.175996136913994,30492000
2017-07-14,48.47920227050781,48.51046401862382,48.143735734015266,48.33479321193438,21592000
2017-07-17,48.43206024169922,48.79878854424115,48.17599557974904,48.44992680298946,33210000
2017-07-18,48.977439880371094,49.17097726036958,48.237531763888754,48.30303491759887,28266000
2017-07-19,49.266258239746094,49.406695699521066,48.98041596928831,49.129292625079735,28242000
2017-07-20,49.23747634887695,49.559540148205805,48.86181286451785,49.47617043256222,28368000
2017-07-21,49.31935501098633,49.38237827160455,48.83947941242943,49.079169222787385,29266000
2017-07-24,49.54118347167969,49.9322298586571,49.14219765232108,49.33226319593974,79690000
2017-07-25,48.088157653808594,48.47026883727376,47.82861736411109,48.17103138870945,118672000
2017-07-26,47.90355682373047,48.332316474369,47.65146374690554,48.27425677033935,44432000
2017-07-27,47.26835250854492,48.11247654391243,46.501646453008206,48.095601938273454,74358000
2017-07-28,47.55717468261719,47.72887769032853,46.9110555566004,47.04405335719762,36276000
2017-07-31,46.92048263549805,47.69909973051806,46.73339297067391,47.640044290025756,45670000
2017-08-01,46.97308349609375,47.36660975438522,46.89368538985332,47.0351148046934,28052000
2017-08-02,47.026676177978516,47.09913058907893,46.27634500557477,47.06290149048355,40788000
2017-08-03,46.66242980957031,47.143793358053344,46.61975299724924,47.09913263430074,22478000
2017-08-04,46.93487548828125,47.02171705092121,46.63762193437322,46.843562552511514,25092000
2017-08-07,46.932891845703125,47.09219162613531,46.82123623489562,47.02072915778932,28916000
2017-08-08,46.855472564697266,47.267361364108034,46.77061491545383,46.86043612951046,30102000
2017-08-09,46.651519775390625,46.83413808605424,46.34582700636274,46.57062994234074,28018000
2017-08-10,45.83319854736328,46.46393096744499,45.743377331854624,46.39941976819309,54148000
2017-08-11,46.155757904052734,46.31802973618093,45.715583254611374,45.839149885156594,32334000
2017-08-14,46.594444274902344,46.69915239717862,46.37410894499238,46.60139175119599,23012000
2017-08-15,46.55226516723633,46.799894433640944,46.480806490160866,46.6986581527084,22130000
2017-08-16,46.85944747924805,47.138834484661764,46.64953145566643,46.70957885726091,26906000
2017-08-17,46.03517150878906,46.83661497486895,46.034179553024906,46.7939381604659,33914000
2017-08-18,45.96172332763672,46.20190912629163,45.82624943543366,46.00142427318592,26748000
2017-08-21,45.698219299316406,46.06445165745796,45.58557173698597,45.941384772990816,26024000
2017-08-22,46.667396545410156,46.74481074349614,45.96123003833307,46.00043500831304,35502000
2017-08-23,46.775577545166016,46.9170069577444,46.41132913140807,46.4986666682668,22690000
2017-08-24,46.49321365356445,46.96067849552437,46.18801687615159,46.83165609407696,25892000
2017-08-25,46.176109313964844,46.68377107831637,46.15625884016076,46.608340792297135,23746000
2017-08-28,46.058494567871094,46.39197341493008,45.95825025095941,46.244588485793926,20988000
2017-08-29,46.4366340637207,46.55772080838012,45.62079972213167,45.652561234887216,23172000
2017-08-30,46.82767868041992,46.938342313979845,46.35227067894128,46.43266452050314,22406000
2017-08-31,47.403831481933594,47.50109615115193,46.95770127435581,46.96018116374227,33866000
2017-09-01,47.24254608154297,47.55717020443395,47.157688434535075,47.51449339200041,20858000
2017-09-05,46.72098922729492,47.2127720964175,46.42919144524409,46.987969186022546,29148000
2017-09-06,46.74778747558594,46.870854348551845,46.28428669963663,46.83959259897241,27830000
2017-09-07,47.138336181640625,47.168609762943674,46.52497055645284,46.85845321212498,22332000
2017-09-08,46.7175178527832,47.17853499238886,46.6480430855102,47.12891069949256,19998000
2017-09-11,46.81081008911133,47.27678696180678,46.69716679707367,47.004843440445214,26748000
2017-09-12,46.97755432128906,47.049013000440326,46.52348465670868,46.990953296891284,25696000
2017-09-13,47.165626525878906,47.28522533617417,46.88276392446798,46.920480957237665,21908000
2017-09-14,46.65399932861328,47.0460376849171,46.56616201931172,46.945297377766416,28548000
2017-09-15,46.4138069152832,46.73438654606956,46.21332207136566,46.652008791571085,39886000
2017-09-18,46.138885498046875,46.49171884616448,45.92301776072743,46.399913723137225,29474000
2017-09-19,46.491722106933594,46.54531800815113,45.985548271000006,46.32051886751881,24854000
2017-09-20,47.0217170715332,47.14379578047466,46.523482678099995,46.5348977415989,40080000
2017-09-21,47.0222053527832,47.28273757035458,46.61677189517155,47.05099099576048,27414000
2017-09-22,46.809322357177734,47.14379697750564,46.68923134281122,46.78500808200318,21496000
2017-09-25,46.36368942260742,46.63513697475437,45.8788502316786,46.62025006648833,37468000
2017-09-26,46.52000427246094,46.850011277574154,46.40537281078783,46.4832829808281,33454000
2017-09-27,47.63508224487305,47.90950945539698,46.74431354698791,46.783518515945815,46692000
2017-09-28,47.878746032714844,47.94672908024382,47.41921682644762,47.45395421011204,28018000
2017-09-29,48.320899963378906,48.42461612640098,47.9377930383633,47.9377930383633,40622000
2017-10-02,48.0107421875,48.5203916019427,47.73681097508973,48.416675441604816,30782000
2017-10-03,48.2395133972168,48.257379957979765,47.77452848652746,48.015206469392695,21666000
2017-10-04,47.97650909423828,48.35465251031311,47.91844560185341,48.22364240161504,21156000
2017-10-05,48.89010238647461,48.95560933140772,48.14969823411217,48.27475281688531,35618000
2017-10-06,49.3094367980957,49.340206360252274,48.55860950507318,48.632551863744006,31060000
2017-10-09,49.243431091308594,49.64787264414547,49.203234167739055,49.37692107258531,25910000
2017-10-10,49.019622802734375,49.49949845019626,48.6876318609449,49.391810670282275,23268000
2017-10-11,49.90542984008789,50.00071059689556,49.02656840811587,49.08115626282671,36300000
2017-10-12,49.90542984008789,50.19771982285468,49.67963496706493,49.81560862596943,30614000
2017-10-13,50.01559066772461,50.357504893643224,49.975393748995614,50.07712599033008,26552000
2017-10-16,50.08903503417969,50.220541092862966,49.70047237809038,50.10292998539082,21420000
2017-10-17,50.17091751098633,50.34758405662642,49.925275972236825,49.994254751436536,20260000
2017-10-18,50.257266998291016,50.43442573611374,49.88904699902433,50.17340131181659,25596000
2017-10-19,49.71635818481445,49.98830551315165,49.49106306703262,49.86076725923442,34284000
2017-10-20,49.87664794921875,50.05430267976816,49.737694637071314,49.97490457320311,32120000
2017-10-23,48.907466888427734,49.912374798986946,48.78638014398963,49.8821012198322,32786000
2017-10-24,49.05386734008789,49.09208035672033,48.487646070254186,48.95511472809701,28902000
2017-10-25,49.20125198364258,49.3486369224814,48.51940355088725,48.94369559147272,30574000
2017-10-26,49.19926452636719,49.948107837748644,49.15212012471834,49.54912202546478,47396000
2017-10-27,51.295921325683594,52.78219286366731,50.95747889494824,51.162927318854706,103682000
2017-10-30,51.26912307739258,51.601609961020664,50.73317169757723,51.07211007918639,46804000
2017-10-31,51.2646598815918,51.65967408142236,50.930185271874535,51.26267597007089,30326000
2017-11-01,51.73907470703125,52.00010293707846,51.31229900287452,51.42743023180678,43262000
2017-11-02,51.7574348449707,51.883981140435175,51.04730052943399,51.60955392842729,26694000
2017-11-03,52.10580062866211,52.13905007475341,51.49342700543893,51.74651579191872,27770000
2017-11-06,51.743045806884766,52.23483250380962,51.70930037926595,52.06164156462021,18294000
2017-11-07,52.22489929199219,52.27551932057107,51.75892243055798,52.08892564155223,26104000
2017-11-08,52.51769256591797,52.73604019981871,51.959906760843886,52.108779631309304,24276000
2017-11-09,51.99315643310547,52.14996873634093,51.404105088900465,52.00705138585244,35892000
2017-11-10,51.81599426269531,51.93906492678788,51.67059323569073,51.802099309849076,19442000
2017-11-13,51.66960144042969,52.04377321267855,51.573328725968764,51.649750966860445,18814000
2017-11-14,51.691436767578125,51.72419023886882,51.08055102110331,51.49690742358137,21012000
2017-11-15,51.4318962097168,51.59168817008283,51.151513472674566,51.3619254664512,18106000
2017-11-16,52.030372619628906,52.19364020404737,51.5107998360815,51.54801710655975,23768000
2017-11-17,51.40609359741211,52.155928921016205,51.29890557496043,52.096381281684494,26712000
2017-11-20,51.34505081176758,51.545535660609886,51.2467904057093,51.41154591875335,17526000
2017-11-21,52.12118911743164,52.125656704610606,51.56737489523608,51.61203562266244,22206000
2017-11-22,52.20158386230469,52.37576675998986,51.969833452571024,52.16386682481524,14538000
2017-11-24,52.42985534667969,52.60602593101643,52.20158058272845,52.32415526773204,16492000
2017-11-27,53.198543548583984,53.249659556822905,52.343008243811624,52.531585840905464,35430000
2017-11-28,52.76582336425781,53.595056812005375,52.33160415397536,53.29681127567385,36424000
2017-11-29,51.48003005981445,52.54150977079057,51.09642714917222,52.41297956805976,55866000
2017-11-30,51.419986724853516,51.815500707675014,51.117277401457855,51.607076405235695,45092000
2017-12-01,50.86914825439453,51.473082707312884,50.463710958450505,51.13414430633142,37762000
2017-12-04,50.21409225463867,51.18029496499004,50.08258618899026,51.00462036816599,38778000
2017-12-05,50.597694396972656,51.44529023917294,49.74017521185432,50.170422737937635,38998000
2017-12-06,51.248775482177734,51.58920178969037,50.384801038586986,50.444848430425395,28710000
2017-12-07,51.83683395385742,52.05270168945246,51.37978846771622,51.41502182585161,30866000
2017-12-08,52.07553482055664,52.42489255494484,51.90085216727183,52.196121809743886,31170000
2017-12-11,52.20405960083008,52.404048478148965,51.814504953595645,52.16138278766249,23254000
2017-12-12,52.045257568359375,52.72660997707188,51.85172019697783,52.10629691851809,33882000
2017-12-13,52.17527770996094,52.37824245436875,51.936579842554295,52.209519113266865,27680000
2017-12-14,52.47699737548828,52.95389333302223,52.2849479356192,52.37874075521263,30962000
2017-12-15,53.19804763793945,53.35933130860984,52.60701618899297,52.7901304576841,63760000
2017-12-18,53.8476448059082,53.91711957040014,53.11716403688669,53.4188813914985,30292000
2017-12-19,53.584129333496094,53.841685708982446,53.21144551940759,53.744917023004,26350000
2017-12-20,53.27547073364258,53.65609402379042,53.029329392188195,53.64071113647225,28728000
2017-12-21,53.14097595214844,53.47197489254829,53.049170835685004,53.36627482485503,25640000
2017-12-22,53.04222869873047,53.18415409225254,52.98168532339537,53.098800464990056,17788000
2017-12-26,52.89285659790039,53.04222923320552,52.535059671069966,53.03131014770581,18376000
2017-12-27,52.61247253417969,53.012950051016446,52.522155343473464,52.93007631438394,22324000
2017-12-28,52.40156936645508,52.84273600720423,52.27403111683675,52.714205801835746,19884000
2017-12-29,52.275020599365234,52.505779027442706,52.240283219299755,52.37874054780052,23606000
2018-01-02,53.25809860229492,53.39556020053394,52.25617025270984,52.25617025270984,31766000
2018-01-03,54.16673278808594,54.39401559956042,53.2690166056818,53.293826858111245,31318000
2018-01-04,54.377132415771484,54.79001311486378,54.302697884133785,54.44313532472571,26052000
2018-01-05,55.09819030761719,55.2614578852317,54.67687416456261,54.758755942293035,30250000
2018-01-08,55.292724609375,55.53836996467042,55.08380433455561,55.133428626287504,24644000
2018-01-09,55.222259521484375,55.502642267895226,54.994480721798055,55.502642267895226,26808000
2018-01-10,55.09074783325195,55.221757922731676,54.78505888649609,54.934923706652604,20734000
2018-01-11,55.1855354309082,55.324484959266414,54.90912430783334,55.19843842798299,22424000
2018-01-12,56.10856246948242,56.14081617656425,54.985051398298886,55.08876756824838,38586000
2018-01-16,56.11104202270508,57.01322579553875,55.9105571605299,56.587938010459986,36462000
2018-01-17,56.52789306640625,56.538808365710146,55.7532437778964,56.39191940730114,27830000
2018-01-18,56.372562408447266,56.60182911673487,55.80137765608824,56.540293788359044,27498000
2018-01-19,56.746238708496094,56.76013366064309,56.20036396582539,56.47479116377378,30552000
2018-01-22,57.7714958190918,57.90647752409935,56.662871675936096,56.762124043174204,29550000
2018-01-23,58.36749267578125,58.48361586672038,57.92483808376147,58.09207350050602,39138000
2018-01-24,58.12532424926758,58.90741704338975,57.93228283331218,58.804692825496915,37128000
2018-01-25,58.663753509521484,58.80568269348987,58.15261611382517,58.59279081058267,29984000
2018-01-26,58.932716369628906,58.932716369628906,57.963541580164076,58.931228436085426,42170000
2018-01-29,58.87913131713867,59.45081211186627,58.75903651394149,58.95456160604465,31494000
2018-01-30,58.427040100097656,58.9510804641053,58.28511092397453,58.44441068350131,37338000
2018-01-31,58.667728424072266,58.87119295247367,58.165522388162245,58.74663055976049,36022000
2018-02-01,58.63645935058594,58.927265193905875,58.02954521955925,58.35856029058407,73514000
2018-02-02,55.540348052978516,56.14081062798635,55.14185825504949,55.94826521593821,117842000
2018-02-05,52.721153259277344,55.33143180962722,52.440774316330746,54.61782187208808,83550000
2018-02-06,53.81489181518555,53.96128479980708,51.1142960056207,51.31130902345979,76630000
2018-02-07,52.37477111816406,53.91910234091689,52.335566149712285,53.84168814584848,51942000
2018-02-08,50.007659912109375,52.79757719506311,49.85828727297066,52.596100374751174,66792000
2018-02-09,51.921199798583984,52.19165540867319,49.476172649737094,50.909344316180636,98360000
2018-02-12,52.33259201049805,52.878962767049636,51.8824939696113,52.43730013636036,56240000
2018-02-13,52.31174850463867,52.66309393318882,51.953455599699886,52.106300080249994,31586000
2018-02-14,53.23278045654297,53.37024203379112,52.09637033570286,52.320673464093794,41304000
2018-02-15,54.158790588378906,54.294764243227036,52.96133723775234,53.76625629569793,37396000
2018-02-16,54.364234924316406,54.99993083278105,54.16821388857048,54.25902704890968,39948000
2018-02-20,54.76571273803711,55.395949244362654,54.09130769323832,54.22827332394361,33754000
2018-02-21,55.2698974609375,56.38398115658834,54.960236887413046,55.03914280401336,41486000
2018-02-22,55.07884216308594,55.85100782313011,54.84312393182753,55.53886734773108,28010000
2018-02-23,55.98151779174805,56.0266782802514,55.00638744491953,55.51355320929471,25292000
2018-02-26,56.75616455078125,56.78097480128656,56.04354661241557,56.168601178902755,30912000
2018-02-27,55.45648956298828,56.783465192050166,55.420760223493645,56.75617126300313,42964000
2018-02-28,54.78208541870117,55.959688423416,54.73643273432952,55.67930567388649,49292000
2018-03-01,53.16877365112305,55.146828152317056,52.964317175280286,55.06097854323342,55338000
2018-03-02,53.80050277709961,53.93697242268826,52.11176237540531,52.50230900743212,50162000
2018-03-05,54.327510833740234,54.646102760477916,53.211443348408906,53.50224915841977,28648000
2018-03-06,54.63220977783203,54.86693981283799,54.31460979530824,54.69176119433916,23382000
2018-03-07,55.33391571044922,55.39148322292727,54.086837938001295,54.2312470179709,30748000
2018-03-08,56.045536041259766,56.14776048568789,55.44110183180892,55.44110183180892,33862000
2018-03-09,57.60673904418945,57.61467847617771,56.28919465974288,56.547739214637446,42662000
2018-03-12,57.85932922363281,58.46624330520455,57.52535061486802,57.81565667055498,44306000
2018-03-13,56.568084716796875,58.458305561520525,56.30308866796422,58.15211684765045,43140000
2018-03-14,57.01372146606445,57.553144739239166,56.68917398475328,56.86038100642698,41870000
2018-03-15,57.09906768798828,57.689110917346184,56.35717573842854,57.04745949228501,33382000
2018-03-16,56.29564666748047,57.40675068592315,56.143794144320694,57.33430005554553,58656000
2018-03-19,54.59103012084961,55.54878994224514,54.03770809253903,55.46889585385812,63656000
2018-03-20,54.37913131713867,54.86297480292346,53.71514562662256,54.50815372262069,54598000
2018-03-21,54.28980255126953,55.01929135299701,53.95284805576338,54.21883985425081,44898000
2018-03-22,52.26261520385742,53.78957571607382,52.08842854679746,53.59554237358972,69312000
2018-03-23,50.94259262084961,52.93900961222988,50.85922290334337,52.17428743778185,49880000
2018-03-26,52.30926513671875,52.56632555070059,50.15008032860988,52.13607420386283,65984000
2018-03-27,49.96944046020508,52.82784397083302,49.50693545745029,52.7960824594576,60816000
2018-03-28,49.88210678100586,50.8651804175994,48.831050096900356,49.7198349266751,77698000
2018-03-29,51.468116760253906,52.009527688259304,49.82552900995121,50.18134200018211,69338000
2018-04-02,50.25181198120117,51.58672696755063,49.33970488229298,50.99569171418106,65068000
2018-04-03,50.552040100097656,50.86567226945512,49.48857648250298,50.42648955121837,51322000
2018-04-04,51.09940719604492,51.24977178426137,49.45185579622921,49.53720942273687,50724000
2018-04-05,51.24481201171875,51.943035319833584,50.81605236379516,51.92715645467816,35836000
2018-04-06,50.11881637573242,51.411546698793046,49.935202343254076,50.77138315355239,40134000
2018-04-09,50.62202072143555,51.837832983258025,50.57785218370761,50.61953704573269,33220000
2018-04-10,51.43636703491211,51.67010136246143,50.389774115194186,51.12670643855783,36620000
2018-04-11,50.86864471435547,51.405092062848084,50.57784269060613,51.213042632389204,34060000
2018-04-12,51.47556686401367,51.84080726653926,50.91778480903561,51.1867524922895,32896000
2018-04-13,51.41353225708008,52.254180681132055,51.121242272639556,51.951967353092115,25410000
2018-04-16,51.91276550292969,52.1772655978723,51.308331238358484,51.885471573778354,29776000
2018-04-17,53.563289642333984,53.84317639363368,52.45814113987707,52.66210162928209,54584000
2018-04-18,53.366275787353516,53.69429508064003,53.124602069942384,53.545918200934835,31126000
2018-04-19,54.06400680541992,54.463984559405986,53.05016746800002,53.05016746800002,39884000
2018-04-20,53.462059020996094,54.327021748971184,53.20301468966142,53.80695296082263,42434000
2018-04-23,53.287872314453125,53.99205491089215,52.93404698665616,53.74293392362876,69590000
2018-04-24,50.748565673828125,52.825372991885935,50.2632342161167,52.56285678691092,128220000
2018-04-25,50.765926361083984,51.415021280640595,50.4691650191451,51.101389119640196,57860000
2018-04-26,51.77429962158203,52.206534797879335,50.63986969525553,51.27358164975491,50926000
2018-04-27,51.18574905395508,52.19065693422967,50.99419938611895,51.88496800135182,40746000
2018-04-30,50.547088623046875,51.529166599372125,50.53319366842966,51.33314930089883,34492000
2018-05-01,51.64727020263672,51.69590254049094,50.15157119900512,50.4339378597422,35326000
2018-05-02,50.91777801513672,51.80755468977172,50.774360911179585,51.3122962059113,34698000
2018-05-03,50.9301872253418,51.14804267801984,50.016592148829915,50.88403856416642,39282000
2018-05-04,52.15592575073242,52.19959830782419,50.5207812945636,50.598195492643825,36892000
2018-05-07,52.575748443603516,52.850671610105714,52.11969492746306,52.29933734358387,34400000
2018-05-08,52.5325813293457,52.86209238246906,52.187687389366474,52.831818800559255,26030000
2018-05-09,54.03919982910156,54.28980876999191,52.70726434477715,52.80602074455634,47160000
2018-05-10,54.8589973449707,55.054522416158676,54.28384476641588,54.33942457481275,36414000
2018-05-11,54.755279541015625,55.03467029427952,54.449590603994636,54.607894614828446,30504000
2018-05-14,54.91508483886719,55.488253588685275,54.82575959304547,54.86396882378479,39338000
2018-05-15,53.836727142333984,54.54388561127285,53.534510015766045,54.43371794094132,35738000
2018-05-16,53.79801940917969,54.308664632772334,53.675944480399515,53.84764748865277,25628000
2018-05-17,53.6575813293457,54.14092883207688,53.41739551168557,53.667508459563784,25738000
2018-05-18,53.080936431884766,53.28390497437442,52.834798881924954,52.9003020391115,35482000
2018-05-21,53.79405212402344,54.25506927275457,53.495806596748615,53.545430890627195,25180000
2018-05-22,53.362300872802734,54.180618812047115,53.21094434939097,54.08137024650402,22226000
2018-05-23,53.89081954956055,53.992055832667575,52.94794284377033,53.09880341958403,23740000
2018-05-24,53.86550521850586,53.948378954377326,53.212938438795966,53.937463655345056,20604000
2018-05-25,53.79751968383789,54.0699629796909,53.72407709774085,53.9200943680781,22224000
2018-05-29,53.003021240234375,53.661547311615664,52.755391993922906,53.396547482289485,36076000
2018-05-30,53.46950149536133,53.544931780637256,52.927594545512974,53.27149652325068,28686000
2018-05-31,54.58755874633789,55.08380928039551,53.49580908584758,53.694306270597735,79368000
2018-06-01,56.32442855834961,56.48124464641408,55.18354693646333,55.22622753620622,63202000
2018-06-04,57.21966552734375,57.45885937837239,56.4236778223204,56.49811615122291,44754000
2018-06-05,57.11941909790039,57.61964116647464,56.94275632709376,57.30005726377672,32964000
2018-06-06,56.917442321777344,57.30253313604701,56.38993014955206,57.206260432479596,34934000
2018-06-07,56.29564666748047,56.86385179160158,55.88375786737696,56.799836571157144,36108000
2018-06-08,56.21078872680664,56.51201009610915,55.74034046530058,56.136350399231766,27284000
2018-06-11,56.61721420288086,56.95665237088891,56.145777771667234,56.22220001073345,24796000
2018-06-12,56.97898864746094,57.00677855546037,56.623175600610935,56.623175600610935,26092000
2018-06-13,56.78246307373047,57.34868804339596,56.7402822401383,57.18194483432741,34302000
2018-06-14,57.57051467895508,57.86230868631221,57.09857847787727,57.17847634912753,35422000
2018-06-15,57.52882766723633,57.75908633443675,57.251920578729745,57.56108137238259,44438000
2018-06-18,58.73521041870117,58.76250434434158,57.11842488006886,57.20229056835582,33038000
2018-06-19,58.492549896240234,58.69700258155135,57.64495397925193,58.06676613316014,47282000
2018-06-20,58.75952911376953,59.623999626000824,58.6582966212323,58.72131988665136,51686000
2018-06-21,58.03351593017578,59.07018163238132,57.737750312571556,58.830991567764976,44966000
2018-06-22,58.02606964111328,58.30942822572552,57.54768196307027,58.13524534654444,34220000
2018-06-25,56.536827087402344,57.366060483234236,55.575091871407416,57.316932168851984,57682000
2018-06-26,56.20632553100586,56.91348023298712,56.026683089486795,56.77800632802937,34688000
2018-06-27,55.42820358276367,56.88072976850631,55.41629254092233,56.37405615934633,34538000
2018-06-28,55.91651153564453,56.27480443799909,54.88877722932603,55.20240562030966,29726000
2018-06-29,56.03610610961914,56.64004435435744,55.92842212029621,56.19093828539304,31562000
2018-07-02,56.67726516723633,56.72093772523045,54.9150821847872,55.34930137258343,23216000
2018-07-03,55.39544677734375,57.06433659696129,55.30364165172733,57.040022322930085,16448000
2018-07-05,56.636566162109375,56.77799935679493,55.73487843376797,55.80832480232201,28594000
2018-07-06,57.320899963378906,57.37647977280669,56.435587049351156,56.66038996246997,21820000
2018-07-09,57.926326751708984,57.9585842457373,57.427596362522635,57.565057962955265,21584000
2018-07-10,57.91937255859375,58.23498862729828,57.69208976522985,58.060805751925564,21334000
2018-07-11,58.13376235961914,58.579392820643186,57.33529473733857,57.347697970846205,33252000
2018-07-12,59.61258316040039,59.64880847515142,58.215140910265625,58.302482234052356,44148000
2018-07-13,59.7693977355957,60.06813920593165,59.316320072410456,59.68900389007117,32612000
2018-07-16,59.376869201660156,59.98229541887789,59.222532993849015,59.739129947312826,26784000
2018-07-17,60.19914627075195,60.481016907690254,58.656799092001,58.69352416793623,40162000
2018-07-18,60.19071578979492,60.621459318789775,59.77634710269954,59.97335632772588,38948000
2018-07-19,59.50539779663086,60.36788062933353,59.43741096490853,59.88006555184665,38338000
2018-07-20,59.44485092163086,60.084518489559265,59.38083191678865,59.5123417714929,37938000
2018-07-23,60.09592819213867,60.29939269211473,59.15354756632844,59.334681704918964,65446000
2018-07-24,62.43575668334961,63.271937548420865,61.74050926143322,63.07343659497237,107600000
2018-07-25,63.31858825683594,63.432723753574464,61.98416915539684,62.16133170760561,51104000
2018-07-26,63.79299545288086,63.88728424784716,62.676431965043435,62.883864285097005,54686000
2018-07-27,62.17472457885742,64.08776798099251,61.757872223898254,63.97264053973768,48362000
2018-07-30,61.040794372558594,62.17472856308017,60.7494963335451,61.78566608778071,43896000
2018-07-31,60.90085220336914,61.59510766309867,60.353489492325785,61.123667429745005,39382000
2018-08-01,61.18718719482422,61.8278429337004,60.7877054234707,61.490892233737846,36994000
2018-08-02,61.59113311767578,61.75390472318255,60.446283694807484,60.46811807908729,34704000
2018-08-03,61.443748474121094,61.85861313566656,61.01002529538977,61.79211424069517,21264000
2018-08-06,61.41942596435547,61.65713185819465,61.06510470296817,61.61495102608357,22114000
2018-08-07,62.32112121582031,62.82928274626681,62.1206363514822,62.131055673270545,42506000
2018-08-08,62.59355926513672,63.10916042064244,62.136509998412244,62.3647847498049,34344000
2018-08-09,62.74888229370117,63.12107012121891,62.53251858745162,62.663032694610955,27326000
2018-08-10,62.1558723449707,62.58711567367954,61.89038029093258,62.48687134421892,26602000
2018-08-13,61.96382522583008,62.823828240120214,61.8839311320782,62.09086751167237,27500000
2018-08-14,62.43526077270508,62.556839719929016,61.51223455635257,62.155374011571254,28080000
2018-08-15,61.14897537231445,62.12956526957245,60.85221780377346,61.747454074193485,37052000
2018-08-16,60.74403762817383,61.71867584838752,60.52419826363136,61.63381440833147,32176000
2018-08-17,60.33661651611328,60.88745487334272,59.74856088586463,60.64379721083768,33092000
2018-08-20,60.63932800292969,60.83584504305502,59.98179762322511,60.57531278061124,22218000
2018-08-21,60.41402053833008,61.175766743920576,60.29591345427574,60.69241932354191,23082000
2018-08-22,60.629398345947266,60.86660447861088,60.206094514266624,60.255718800495664,22296000
2018-08-23,60.600120544433594,61.29536793158742,60.51029933128536,60.53660130261147,24666000
2018-08-24,61.373779296875,61.406033003359084,60.61302495262425,60.84030776210257,24454000
2018-08-27,62.34245681762695,62.42185870960041,61.56880327920677,61.7405062738133,28580000
2018-08-28,61.82585525512695,62.35684306301104,61.68243815413621,62.32408959572828,27330000
2018-08-29,62.7583122253418,62.883370581395624,62.170256645363004,62.27943235167429,36926000
2018-08-30,62.251644134521484,62.998499729534956,61.89285525641738,62.69628261755369,30104000
2018-08-31,61.128135681152344,62.15785393635514,60.82790246798003,62.14098311581647,42308000
2018-09-04,60.11132049560547,60.93311426981719,59.87560225428228,60.667618422557396,41458000
2018-09-05,59.50539779663086,60.28798275608987,58.32630312437928,60.0076000189941,53988000
2018-09-06,58.75556182861328,59.49993755136597,57.74420234710536,59.479095121995066,46854000
2018-09-07,58.437965393066406,58.98185628755965,58.02508460349223,58.16055850963374,32658000
2018-09-10,58.31240463256836,58.88805698068228,58.09157333038977,58.765978277724024,27670000
2018-09-11,59.05331039428711,59.1004547950646,57.86032458865066,58.115893279726976,29254000
2018-09-12,58.140708923339844,59.088049407654154,57.87074550815637,58.65680609849579,35716000
2018-09-13,58.663753509521484,58.94761187745826,58.02259797135822,58.542670541225995,40068000
2018-09-14,58.45730972290039,58.9545559226918,58.235982442682584,58.9545559226918,24176000
2018-09-17,57.55662155151367,58.64787513949441,57.4886347193315,58.446894296393765,34096000
2018-09-18,57.91789245605469,58.6235630124147,57.636021773057415,57.697061130890056,32314000
2018-09-19,58.2732048034668,58.37245338284922,57.49657160778667,58.00969668275123,25962000
2018-09-20,59.1317138671875,59.25230463502792,58.37145932686248,58.590802692661576,29244000
2018-09-21,58.166507720947266,59.38033591795316,58.163531853788456,59.29795816013988,91222000
2018-09-24,58.53572463989258,58.81511164217117,57.143245857433044,57.535780184838615,31150000
2018-09-25,59.24684524536133,59.394230175900375,58.26426768349623,58.768461353859074,33152000
2018-09-26,59.255287170410156,59.90934573249935,58.825535563980054,59.23692841561244,37650000
2018-09-27,59.9152946472168,60.386731062528824,59.45328559721843,59.55005428398629,36274000
2018-09-28,59.901397705078125,59.96938452970199,59.44236453745292,59.75301703771534,35612000
2018-10-01,59.97335433959961,60.75097946474196,59.708358294227565,60.19518138123791,33164000
2018-10-02,59.92919158935547,60.76686413751253,59.53318544167417,59.88105523330002,40180000
2018-10-03,60.122230529785156,60.253736595757516,59.65674585232109,60.14555284700718,26246000
2018-10-04,58.41215515136719,59.84284309311647,57.756112718630625,59.79967030122548,46576000
2018-10-05,57.953617095947266,58.65680391963335,57.283183742164695,58.359054395460255,31852000
2018-10-08,57.362586975097656,58.35210828288025,56.34428001970252,57.565055747605335,46190000
2018-10-09,56.8291130065918,57.64197150133537,56.779488717873775,57.13381000113279,33690000
2018-10-10,54.198486328125,56.424665691652045,54.1662288400134,56.39389613697095,58980000
2018-10-11,54.12802505493164,55.38453393886742,53.391092769622325,53.547412886533635,67696000
2018-10-12,55.60685348510742,55.86936966423178,54.340917228377016,55.56218897171443,49370000
2018-10-15,54.70863342285156,55.66937276033743,54.49921341152428,55.48079896205894,30074000
2018-10-16,56.229148864746094,56.39241645434236,55.17064876899754,55.256498375798905,38378000
2018-10-17,55.95670700073242,56.91992629729388,55.28230204951744,56.5725524894266,35652000
2018-10-18,54.48383331298828,56.19291998316856,53.909672693570016,56.07630082458417,46152000
2018-10-19,54.844608306884766,55.62719702430532,54.44016674849358,54.77166169889283,41286000
2018-10-22,55.15178680419922,55.66391611788438,54.58754952735813,55.208358568020756,27116000
2018-10-23,55.32746505737305,55.48080931426433,53.54592751869151,54.15532157854518,37686000
2018-10-24,52.45962905883789,55.41232164802744,52.357400825226385,55.33192779918826,49286000
2018-10-25,54.76571273803711,55.47187551476745,53.374225829849586,53.60994407404686,72956000
2018-10-26,53.78114318847656,55.43117444083791,51.720711082397315,52.02342416355418,106438000
2018-10-29,51.3485221862793,55.025739808415615,49.982345526254335,54.415846071811124,81290000
2018-10-30,52.08197784423828,52.15095662471598,50.318307152589625,50.61804056902731,59768000
2018-10-31,54.12008285522461,54.98455335098819,53.009474823109436,53.009474823109436,70916000
2018-11-01,53.891807556152344,54.58258735240126,53.486866239489316,54.16077521616879,40132000
2018-11-02,53.1727409362793,54.4883013747205,52.98267540705626,54.04167520881155,43438000
2018-11-05,52.39065170288086,53.26504557601787,51.312301120921155,53.224352672612895,45358000
2018-11-06,53.07746124267578,53.586118725505045,52.28544516893846,52.35541590887822,28660000
2018-11-07,54.9964599609375,55.080325652955466,53.62432773634267,53.768240824658996,43388000
2018-11-08,54.32106018066406,54.995465098387285,53.81141077108752,54.94981242081507,33694000
2018-11-09,53.447166442871094,54.00941600878873,52.813950398854814,53.79454023531401,34860000
2018-11-12,52.07454299926758,53.30227008525491,51.6274245829342,53.254133724314464,34002000
2018-11-13,52.00556182861328,52.93355162007457,51.62990211094706,52.345000015364555,25750000
2018-11-14,52.33358383178711,52.88988171686323,51.66513436671668,52.602551504272974,34666000
2018-11-15,53.150901794433594,53.53896846383032,51.67405781895846,52.17874742360687,41584000
2018-11-16,53.0129508972168,53.21988725316844,52.34946122960992,52.862090329691156,35366000
2018-11-19,50.98576736450195,52.9995550171433,50.759976263993444,52.77078047703855,45684000
2018-11-20,51.13612365722656,51.478537658823114,49.73471371197048,49.98680674472485,54458000
2018-11-21,51.7802619934082,52.340031684705444,51.58324898921918,51.87355504891251,29698000
2018-11-23,51.11876678466797,51.75893040553306,51.04035684050967,51.28749014301997,14178000
2018-11-26,52.40107345581055,52.453673613271235,51.598634258168,51.808550268407,31558000
2018-11-27,52.21944046020508,52.93801392428901,51.882985746599815,52.17279582590606,33048000
2018-11-28,54.18013381958008,54.23323374381789,51.7564450423693,52.476506517670025,46042000
2018-11-29,54.31858444213867,54.59499556224132,53.69429974090994,53.77022600281001,31004000
2018-11-30,55.066436767578125,55.066436767578125,53.75286386096738,54.37069711724362,59668000
2018-12-03,55.399417877197266,56.32442795943838,55.169651397195935,56.183494523091724,57532000
2018-12-04,52.72512435913086,55.29421400450673,52.641258665994336,55.23218269592703,45630000
2018-12-06,53.49977111816406,53.56627001523358,51.733120619701985,51.85817519555065,47436000
2018-12-07,51.93657684326172,53.84466038045058,51.57877994479323,53.2094604264824,42682000
2018-12-10,52.26410675048828,52.582698700226054,51.26267443502636,51.755945245640824,33652000
2018-12-11,52.68442916870117,53.11864830989718,52.11126050809692,52.94694532203114,33852000
2018-12-12,53.283905029296875,54.17715365005835,53.196563700200635,53.450148491054506,28960000
2018-12-13,53.274471282958984,54.0128952559157,52.850179249932424,53.38017514737877,24986000
2018-12-14,52.19115447998047,53.18415134992261,52.075031300119655,52.603539236708976,36358000
2018-12-17,50.897926330566406,52.72065242512178,50.45030823274266,51.957914245591056,49932000
2018-12-18,51.77927780151367,52.587172839608805,51.137622449116606,51.3123051178498,43640000
2018-12-19,51.38474655151367,53.382155317002606,50.58925867627678,51.9718101519405,58264000
2018-12-20,50.79520797729492,51.97926242167568,50.015102911737074,50.91529898932836,53674000
2018-12-21,49.19083023071289,51.494424176383596,48.691603869208556,51.21503717753264,104656000
2018-12-24,48.864295959472656,50.22650106276477,48.516422384460746,48.84692537587462,36360000
2018-12-26,51.99960708618164,52.02938090270089,49.26030238369198,49.525302223421406,46318000
2018-12-27,52.25020980834961,52.27204419186641,49.97241829703395,50.92522202886211,45996000
2018-12-28,51.94154739379883,52.812465665403096,51.70930100693467,52.57773938901144,34398000
2018-12-31,51.8561897277832,52.75093001362549,51.264658506617984,52.49486156284983,33110000
2019-01-02,52.33854293823242,52.64175198957034,50.87956542245332,50.97484617397945,31868000
2019-01-03,50.88899612426758,52.91320299775853,50.73515968820897,52.13954944438551,41960000
2019-01-04,53.4992790222168,53.595055765625496,51.4542295539509,51.73709219682585,46022000
2019-01-07,53.392581939697266,53.72903666857893,52.73355986232169,53.643187063810046,47446000
2019-01-08,53.861534118652344,54.257540234788266,53.0169141615016,53.89279586635476,35414000
2019-01-09,53.67692947387695,54.17268393766972,53.315656941289234,53.991553586577936,26998000
2019-01-10,53.536991119384766,53.585623453477346,52.83479624922909,53.34394971663049,26598000
2019-01-11,52.82437515258789,53.26603778530063,52.42538933503741,53.09383880488812,30864000
2019-01-14,52.18122863769531,52.525626551911934,52.034339693960845,52.27204179862051,28490000
2019-01-15,53.91810607910156,54.00544739682095,52.32663058295055,52.50379310755253,37518000
2019-01-16,54.06698226928711,54.70466592993807,53.99254772889954,54.091300328946794,38280000
2019-01-17,54.54388427734375,54.62229042996936,53.75682795333171,53.99155800550626,24896000
2019-01-18,54.94981384277344,55.48080167136482,54.55182001373234,55.01382906025276,44892000
2019-01-22,53.527061462402344,54.53643696175892,53.14296258651769,54.38904824673365,39632000
2019-01-23,53.813899993896484,54.23769606213636,52.97821511282939,53.93547894010025,25194000
2019-01-24,53.79355239868164,53.99205334645868,53.09979293026308,53.71961004788179,29114000
2019-01-25,54.6624870300293,54.754292157150836,54.1806274814527,54.3012144700217,23260000
2019-01-28,53.588104248046875,54.25853761526493,53.32757198939038,54.094777834646884,29334000
2019-01-29,53.101776123046875,53.82977698563833,52.9012912664719,53.64665892673506,19704000
2019-01-30,54.4878044128418,54.5637306703706,53.428308652364905,53.46403798777427,29452000
2019-01-31,55.87234115600586,55.96067443398866,54.84808251474567,55.19496034233582,40232000
2019-02-01,55.511566162109375,56.29465080584644,55.29470647780534,55.693688467254056,33116000
2019-02-04,56.64301681518555,56.6886732791878,55.45648258987159,55.53092091301186,78408000
2019-02-05,57.16160583496094,57.206270349703495,55.75870770046003,56.05794518348053,82296000
2019-02-06,55.72346878051758,57.267303996040056,55.49866586767106,57.032577739846545,48256000
2019-02-07,54.88084030151367,55.18255766508734,54.26945856973418,55.174122254739345,38298000
2019-02-08,54.70566177368164,54.84064348388017,54.30171617106462,54.33347390092957,21766000
2019-02-11,54.69275665283203,55.254018093652185,54.58755255107971,54.773646480231115,18498000
2019-02-12,55.95621109008789,56.21823127293412,55.13392144104267,55.13392144104267,35036000
2019-02-13,56.00831985473633,56.7139904003388,55.877805730488085,56.227167264922016,28042000
2019-02-14,56.03660583496094,56.380507826955004,55.435647203348694,55.828181532567825,21106000
2019-02-15,55.56168746948242,56.5378135213202,55.417278407818245,56.5378135213202,27826000
2019-02-19,55.90311050415039,56.05843486725791,55.41331154725843,55.41331154725843,21980000
2019-02-20,55.60932922363281,56.1224542879532,55.17064627144096,56.020722035237625,24090000
2019-02-21,54.796470642089844,55.53787046194015,54.4873060615558,55.519507922867554,33272000
2019-02-22,55.409339904785156,55.443581307322496,54.612364067156655,55.06891357692749,29436000
2019-02-25,55.44755172729492,55.84802544199223,55.28775978091062,55.67582647728541,26208000
2019-02-26,55.6797981262207,55.89963748185123,54.920039522350315,55.30066279110513,35026000
2019-02-27,55.72346878051758,55.86440221537003,55.01234253576699,55.282798128536434,22092000
2019-02-28,55.90509033203125,56.27430227926155,55.50114479301389,55.53042262877685,27422000
2019-03-01,56.995357513427734,57.0688038851908,56.12592723769561,56.12592723769561,34086000
2019-03-04,57.238521575927734,57.838984173948596,56.48570669542763,57.29509334046065,35490000
2019-03-05,58.0211067199707,58.38337122054725,57.21867133389695,57.36655224406928,40094000
2019-03-06,57.810203552246094,58.29652688981277,57.716410729812935,58.148645977068384,23602000
2019-03-07,57.11098861694336,57.74271680894225,56.657414930799895,57.58987232054816,30086000
2019-03-08,57.067317962646484,57.24001291977249,56.08622826804049,56.26984231087346,23694000
2019-03-11,58.520835876464844,58.55308958341536,57.14671589208721,57.16805429945581,30032000
2019-03-12,59.41358947753906,59.83341772751275,58.6716974140975,58.6716974140975,42220000
2019-03-13,59.5034065246582,59.90338427255776,59.4463387821069,59.84433261856899,25888000
2019-03-14,59.179351806640625,59.78329000449667,59.11484061362888,59.50141936604772,27302000
2019-03-15,59.06869125366211,59.63540842711422,58.90542367215189,59.45080622552168,51886000
2019-03-18,58.98185348510742,59.29945349490625,58.63100402622229,59.03842525329775,24442000
2019-03-19,59.67213439941406,59.71927879928031,59.02700728161701,59.139158856692326,29788000
2019-03-20,60.86164474487305,61.03831130394564,59.52970943386916,59.619530647007004,41508000
2019-03-21,61.34300994873047,61.358392835207184,60.37283935357607,60.5425584409725,28150000
2019-03-22,59.929691314697266,61.21894990135531,59.847809527886746,60.98174373742814,34422000
2019-03-25,59.4200439453125,60.01852270543854,59.053811578331725,59.52822770909152,27576000
2019-03-26,59.045867919921875,59.92968914990324,58.64489819685758,59.80761044094921,30752000
2019-03-27,58.45880126953125,59.14908507905514,57.7749651721613,59.14908507905514,29428000
2019-03-28,58.1739501953125,58.42108346459074,57.73526725093247,58.33424190750162,22402000
2019-03-29,58.403228759765625,58.754574217753095,57.881668222949706,58.566492575532344,30890000
2019-04-01,59.49944305419922,59.559982646194584,58.87317441562949,58.93173009604227,27706000
2019-04-02,59.82497787475586,59.83837684908402,59.115339571492136,59.55253458747691,18288000
2019-04-03,60.08650207519531,60.57232942381467,59.802151533259135,60.18029110939912,22180000
2019-04-04,60.515262603759766,60.56985045761731,59.9986656896631,60.1103212867024,21022000
2019-04-05,60.11825942993164,60.561909727480234,60.04779271372844,60.50781785264706,20012000
2019-04-08,59.96094512939453,60.242315988072114,59.783286637090114,60.101382569831145,21750000
2019-04-09,59.68354415893555,59.90487143626524,59.469660335491206,59.6438470002438,19668000
2019-04-10,59.870140075683594,59.99370672313107,59.58281364020274,59.80265300607698,15510000
2019-04-11,60.025962829589844,60.182282945466525,59.775357695168374,59.99172142462984,16998000
2019-04-12,60.678035736083984,60.69391460033964,60.20957516572621,60.32519858859302,24312000
2019-04-15,60.86661148071289,61.004073078896056,60.27260033895646,60.74552472518107,23796000
2019-04-16,61.13359451293945,61.33556730961512,60.79266839997401,61.03880973123557,22622000
2019-04-17,61.5420036315918,61.78814494660802,61.18271878833548,61.386179505244,30366000
2019-04-18,61.60801315307617,61.82983643265231,61.505784912760845,61.78318800670789,24750000
2019-04-22,62.217899322509766,62.24668118372701,61.206043876380306,61.369807441901315,19084000
2019-04-23,63.05308151245117,63.24364300745229,62.129063467787894,62.36081383873507,31868000
2019-04-24,62.530033111572266,63.222304571031394,62.51812585770837,63.05308148082442,23396000
2019-04-25,62.891807556152344,63.16275913114883,62.428310556744194,63.038696513815154,31344000
2019-04-26,63.392024993896484,63.465967342647225,62.77568352459379,63.19154014016387,27228000
2019-04-29,64.32398223876953,64.36219903675915,63.108666103374446,63.545365145430786,72368000
2019-04-30,59.498443603515625,59.598684131080496,58.706427581389065,59.08506690306559,133178000
2019-05-01,58.22605895996094,59.512837545398035,58.14467315811743,59.42599220102296,74340000
2019-05-02,57.88811492919922,58.52679056579898,57.48218164489478,58.19033204544976,45098000
2019-05-03,59.03147506713867,59.123280191761495,58.23747507908704,58.42902476029962,41588000
2019-05-06,59.22551345825195,59.323274111682785,58.11887315958226,58.16055802052,31774000
2019-05-07,58.5009880065918,59.290520472643735,57.81318401696037,58.84588195722359,36604000
2019-05-08,58.100013732910156,58.76945512946755,57.94369362397736,58.42306948603235,25520000
2019-05-09,57.96056365966797,58.26327674387024,57.299061704059284,57.694079675982636,29556000
2019-05-10,57.944190979003906,58.3729506059401,56.88866675392275,58.00374239955809,31650000
2019-05-13,56.40332794189453,57.16656213002464,55.85298940597136,56.83258730516244,45626000
2019-05-14,55.82122802734375,56.81422490303131,55.755225112335225,56.68768240154964,40392000
2019-05-15,58.101009368896484,58.47319724338551,55.64953069071298,55.7065984380292,59302000
2019-05-16,58.78086471557617,59.26024434993122,57.98438485774405,58.152612216792654,35308000
2019-05-17,58.000762939453125,58.86969725966883,57.88364779556979,58.35062043745472,25362000
2019-05-20,56.803810119628906,57.217682845355235,56.48025458906698,57.217682845355235,30602000
2019-05-21,57.28913879394531,57.465805352739906,56.73681254139221,57.29112270541092,20562000
2019-05-22,57.359107971191406,57.75263421569003,57.11842619937327,57.130833217876464,18826000
2019-05-23,56.83755111694336,57.071285427584336,56.23312066384092,56.873780219049515,25214000
2019-05-24,56.50357437133789,57.28516734129185,56.4092855711958,57.16805220096117,18554000
2019-05-28,56.55071258544922,57.39086492671137,56.50654405741621,56.64599333090427,20948000
2019-05-29,55.57707595825195,56.324427519527866,55.180570051498236,56.21028824722078,36230000
2019-05-30,55.6500244140625,55.91750414928831,55.37658915817779,55.587497126280056,18088000
2019-05-31,54.91011428833008,55.25252453201234,54.753794181505,54.86743747559679,31582000
2019-06-03,51.54751968383789,52.94992167307215,50.96641158625489,52.946449828100434,96890000
2019-06-04,52.32911682128906,52.525137885586005,51.41303808106766,51.832866329931846,60512000
2019-06-05,51.84030532836914,52.44424354800819,51.26267286524235,52.354422337948215,46988000
2019-06-06,51.995140075683594,52.10629969708444,51.38723400310241,51.918221858095734,29020000
2019-06-07,53.017906188964844,53.26901105703743,52.16336288795024,52.31869102928199,43828000
2019-06-10,53.732017517089844,54.331488188465315,53.36082161243836,53.446175241234826,28510000
2019-06-11,53.64665222167969,54.786541740298055,53.573705622830836,54.43817222766613,33508000
2019-06-12,53.550392150878906,53.72010745580406,53.07895191409723,53.59257298816466,23670000
2019-06-13,54.141422271728516,54.41832937159558,53.722589776777944,53.82878583415128,20814000
2019-06-14,53.90768051147461,54.32750869023463,53.66849047998902,54.07839153036871,24582000
2019-06-17,54.284339904785156,54.651068196180425,53.992049937367526,54.04663778921177,19770000
2019-06-18,54.84758758544922,55.51950886943129,54.62675627931569,55.158240104858095,34526000
2019-06-19,54.81135940551758,55.05551681990926,54.39053921490505,54.9468370875542,26714000
2019-06-20,55.24260330200195,55.71503548558903,54.934926641298766,55.664415452935344,24018000
2019-06-21,55.84654235839844,55.90608999377315,55.06990913426673,55.07685661079983,50774000
2019-06-24,55.41629409790039,55.75722023102869,55.24806671805109,55.580057676501916,24236000
2019-06-25,53.97120666503906,55.3666611379772,53.82332197509087,55.335895367610604,31644000
2019-06-26,53.61092758178711,54.34537991528839,53.28191631927332,54.140923457310606,34698000
2019-06-27,53.42782211303711,54.01488582699476,53.389113117619246,53.93002816714533,24078000
2019-06-28,53.73400115966797,53.73400115966797,53.28737497218664,53.45759003713629,33672000
2019-07-01,54.58755874633789,55.013838530579235,54.35580832336273,54.639166954267424,29196000
2019-07-02,55.21282958984375,55.22722052062033,54.571178081216495,54.82724275399014,20630000
2019-07-03,55.728431701660156,55.9765569294655,55.32448234664557,55.50561270283813,20154000
2019-07-05,56.20880126953125,56.307057893583014,55.45599015285598,55.54878723421806,29794000
2019-07-08,55.42075729370117,55.93785019845802,55.171144122246865,55.87135130201756,29888000
2019-07-09,55.792945861816406,55.97010840456372,54.94237029434849,55.09968236348599,29472000
2019-07-10,56.61771774291992,56.68868044405194,56.10906022094449,56.19143798604242,30710000
2019-07-11,56.7750244140625,57.22959004285512,56.54923331942551,56.87824460644455,26004000
2019-07-12,56.83755111694336,56.944742917427156,56.5010963789597,56.71795608325862,21878000
2019-07-15,57.0941162109375,57.10255162116014,56.5725557055338,56.83755177030159,21164000
2019-07-16,57.24051284790039,57.49459362920326,56.90653418810381,56.90653418810381,25352000
2019-07-17,56.90703201293945,57.48764419324557,56.9010764919904,57.11446435989233,19538000
2019-07-18,56.93184280395508,56.977995252177834,56.21823660268572,56.67180650790624,25450000
2019-07-19,56.153221130371094,57.147210000503584,56.13833422209774,57.035058424493094,23184000
2019-07-22,56.53335189819336,56.57354882466345,55.83860422867649,56.34775393902504,28914000
2019-07-23,56.9720344543457,57.01223137784008,56.217735417813536,56.74375969610451,20648000
2019-07-24,56.55915451049805,56.84350506009228,56.00236066629564,56.206321153848776,27192000
2019-07-25,56.37107467651367,56.750705969094305,55.764160586237736,56.520443518190056,54762000
2019-07-26,61.79410171508789,62.94391091786699,60.93955835741268,60.93955835741268,121216000
2019-07-29,61.62636947631836,61.98119054293162,61.04873318310525,61.65912294737773,41382000
2019-07-30,60.93955612182617,61.381714692555285,60.80655833724277,60.88992804848527,28616000
2019-07-31,60.4532356262207,61.28246902864512,59.95599317150628,60.78423461812994,39960000
2019-08-01,60.134647369384766,61.35145160826719,59.897437405171104,60.42495347485475,35426000
2019-08-02,59.3674430847168,60.0214978667021,59.053810883468195,59.69893806301809,34910000
2019-08-05,57.30451965332031,58.402724407323525,56.709020630907425,58.208687271795505,47840000
2019-08-06,58.114898681640625,58.627027996258406,57.64097859212836,57.83898355195478,36014000
2019-08-07,58.354591369628906,58.55110461947859,57.11048954945884,57.4558794564176,30686000
2019-08-08,59.857234954833984,59.861698755519036,58.25980387015317,58.87664130459793,30116000
2019-08-09,58.99921417236328,59.77137973144634,58.800217262438174,59.54955648267157,20418000
2019-08-12,58.28461456298828,58.83594885008432,57.997784131552514,58.5575538283192,22064000
2019-08-13,59.387779235839844,59.81951849658045,58.209684163982665,58.27717122757567,28434000
2019-08-14,57.775962829589844,58.69600935885796,57.61815478543299,58.36253049488311,35430000
2019-08-15,58.02756118774414,58.37989857697073,57.71393279011932,57.9833964394035,28506000
2019-08-16,58.51835250854492,58.74811899803839,58.21018365174988,58.596762448028,24916000
2019-08-19,59.57189178466797,60.016038082984736,59.07365739481806,59.144620092536506,24450000
2019-08-20,58.73273468017578,59.45081225325763,58.70891638229714,59.319306171789414,20206000
2019-08-21,59.1322135925293,59.57784782839805,58.95058724856954,59.3426255842237,14152000
2019-08-22,59.12923812866211,59.489514951734854,58.50346547821643,59.242381664473136,17352000
2019-08-23,57.24646759033203,59.33518582013697,57.068809058396305,58.81412126647175,36254000
2019-08-26,58.11985778808594,58.153603212127486,57.30948299151311,57.53775774207266,21166000
2019-08-27,58.10199737548828,58.805680172227966,57.791344856628456,58.70643159354652,23460000
2019-08-28,58.247398376464844,58.48311659031229,57.577461005391356,57.80672772087879,16810000
2019-08-29,59.26421356201172,59.50985510351577,58.81957132594857,58.87614308786524,19636000
2019-08-30,59.080108642578125,59.56742773091327,58.84141077023284,59.56742773091327,18064000
2019-09-03,58.03897476196289,59.008149599886224,57.74916466854388,58.64936072126614,25908000
2019-09-04,58.670204162597656,58.799726325309585,58.13723238922379,58.53026267829021,21312000
2019-09-05,60.154991149902344,60.244812370609246,59.18730038857636,59.23543674838363,26394000
2019-09-06,59.86368942260742,60.19270070231351,59.711833111701424,60.00363090615744,18972000
2019-09-09,59.811580657958984,60.569851316153205,59.211118043105486,59.90140187194654,31854000
2019-09-10,59.83292007446289,60.046307931779786,59.352052482156836,59.356024091289484,27922000
2019-09-11,60.54255676269531,60.66513144541207,59.663199363226745,59.74309723285985,23522000
2019-09-12,61.28544616699219,61.65515035041213,60.66959686972781,60.71475735944428,31644000
2019-09-13,61.53654479980469,61.58716483025713,60.89390136458125,61.14351452746078,23676000
2019-09-16,61.11970520019531,61.486433555404055,60.80011746515447,61.060649751365574,28218000
2019-09-17,61.03285217285156,61.28693292791448,60.70880067713809,61.1196975193719,20806000
2019-09-18,61.170310974121094,61.34846545986885,60.367379629726905,61.050715949239574,17440000
2019-09-19,61.473026275634766,61.750429346275254,61.153442369852456,61.15393834771832,16554000
2019-09-20,61.03086853027344,61.67400795973817,60.7202160078767,61.219442346351414,37692000
2019-09-23,61.27155303955078,61.51918230832186,60.73014205515717,60.86859560962073,20798000
2019-09-24,60.459686279296875,61.88789437739682,60.07807104425178,61.53506100453413,35804000
2019-09-25,61.829830169677734,61.93305035535258,60.00660420799372,60.34455064724605,26798000
2019-09-26,61.64869689941406,61.76680778075008,61.129124118688836,61.64125344535884,23166000
2019-09-27,60.83782958984375,61.78269019215181,60.30435804001419,61.6754983898568,34122000
2019-09-30,60.59912872314453,60.91027722067132,60.2160255738023,60.572330773891714,24470000
2019-10-01,59.84780502319336,61.18073606747627,59.82547466104151,60.666123065712306,24504000
2019-10-02,58.4543342590332,59.48852003887032,58.19181809812556,59.37636846440927,33030000
2019-10-03,59.025516510009766,59.10342667815965,57.72087519295117,58.723299416403584,28368000
2019-10-04,60.09394836425781,60.16838669335828,59.10194338370747,59.26669890627173,24282000
2019-10-07,59.959468841552734,60.488472846089785,59.76642741545015,59.89743752523162,17040000
2019-10-08,59.06025695800781,59.89097823911531,59.027999466165745,59.48901657316592,20086000
2019-10-09,59.669158935546875,59.9698881312016,59.45676302534878,59.61606279756548,15948000
2019-10-10,60.0200080871582,60.32520108231695,59.443863502244774,59.48058479713796,12842000
2019-10-11,60.32966995239258,60.97678103745483,60.22694573399598,60.74255073761244,22330000
2019-10-14,60.4318962097168,60.834353873471784,60.13960621545957,60.239350777041764,13296000
2019-10-15,61.646217346191406,61.88888303633193,60.58821326185716,60.61699512250634,27584000
2019-10-16,61.68393325805664,62.239235368386765,61.46210621454887,61.62487781814139,22986000
2019-10-17,62.170257568359375,62.71365243260032,62.024856545768664,62.10078280623721,20958000
2019-10-18,61.75390625,62.43376697711885,61.542006328101955,62.264051677322506,31624000
2019-10-21,61.74745559692383,62.20549306480344,61.534563716358846,61.96679897605688,18094000
2019-10-22,61.594608306884766,61.96828408455127,61.527613434843985,61.75737612513315,22862000
2019-10-23,62.409950256347656,62.4302967080527,61.54548351305433,61.54548351305433,21282000
2019-10-24,62.483394622802734,62.67147246098987,62.14792806244017,62.483394622802734,20224000
2019-10-25,62.74095153808594,62.92456558804424,61.989132325424976,62.13056175067174,27104000
2019-10-28,63.9656982421875,64.47485176987017,63.13845248679969,63.2719424859002,65428000
2019-10-29,62.560306549072266,63.559754867258036,62.30969766322395,63.32155299915998,52654000
2019-10-30,62.56230163574219,62.925558129695666,62.0635712362528,62.28688245128603,29204000
2019-10-31,62.4680061340332,62.851113061666055,62.00550110208573,62.52755755183706,31904000
2019-11-01,63.13546371459961,63.17268477057608,62.51316673112723,62.8153838353089,28812000
2019-11-04,63.99695587158203,64.14037298375169,63.32701849705497,63.32701849705497,30632000
2019-11-05,64.0877685546875,64.3755947325822,63.98554410909074,64.07585751373018,25148000
2019-11-06,64.0664291381836,64.16468575930595,63.63270975280702,64.02077645871792,24626000
2019-11-07,64.85696411132812,65.6365732365274,64.202409569136,64.2287077566494,45140000
2019-11-08,64.95918273925781,65.36164416769404,64.58798684681432,64.58798684681432,30392000
2019-11-11,64.42720794677734,64.75572703245952,64.30761291533182,64.71105873497332,17234000
2019-11-12,64.37409973144531,64.97655000563367,64.22671480495114,64.44159057864232,28852000
2019-11-13,64.32299041748047,64.63761454266125,64.12300154214594,64.17411376464824,20538000
2019-11-14,64.96662139892578,65.29266435107532,64.21182643700779,64.26443037561577,28948000
2019-11-15,66.1769790649414,66.1769790649414,65.10259268766069,65.25941254214587,39286000
2019-11-18,65.49712371826172,66.1958467947769,65.31450540955062,66.11743685213465,27984000
2019-11-19,65.13733673095703,65.83406821762365,65.09664383210311,65.83406821762365,21864000
2019-11-20,64.60486602783203,65.16810758563217,63.97710948579548,65.07630246017649,28892000
2019-11-21,64.5195083618164,65.06438734597921,64.05352392914187,64.47533983135945,25546000
2019-11-22,64.19843292236328,64.85497128596099,63.984549103644646,64.6614339170369,27776000
2019-11-25,64.79243469238281,65.02914861601296,64.294700146845,64.3269576342787,23590000
2019-11-26,65.15768432617188,65.20780459082586,64.713045870139,65.00434009297838,21910000
2019-11-27,65.11450958251953,65.38794861074426,64.98251132326297,65.27778094932138,18808000
2019-11-29,64.71552276611328,65.006324800764,64.67284595465377,64.8400851416472,12802000
2019-12-02,63.95973205566406,64.78251760986231,63.53890812782957,64.63959270409757,26538000
2019-12-03,64.25152587890625,64.37509629118345,63.37366028625145,63.45355436186496,25270000
2019-12-04,65.45246124267578,65.71696511841891,64.66391696658111,64.81527730474004,35506000
2019-12-05,65.85044860839844,65.90106863745048,65.22319186246219,65.85243251978387,24408000
2019-12-06,66.46728515625,66.62012962490077,66.06234764572054,66.13777413827592,32968000
2019-12-09,66.64594268798828,67.3684878249975,66.3025366818837,66.44099402177967,30842000
2019-12-10,66.64098358154297,66.89456837249547,66.19981313481495,66.49459059389076,17606000
2019-12-11,66.7084732055664,66.98835617819118,66.55215309066824,66.90945404695505,20480000
2019-12-12,66.91888427734375,67.22109762614981,66.40824662381249,66.65686406966326,29114000
2019-12-13,66.8384780883789,67.06079730572513,66.57993355986838,66.88959030626334,33170000
2019-12-16,67.5248031616211,67.66523683096499,67.02408511896854,67.24193676714194,28128000
2019-12-17,67.23648834228516,67.70494897121948,67.03203184854294,67.60966820159027,32948000
2019-12-18,67.0886001586914,67.46177999872991,67.01664928638156,67.34119300214664,23330000
2019-12-19,67.31340789794922,67.36750356922481,66.93179262005509,67.0886049459854,28922000
2019-12-20,67.05435180664062,67.68855983506695,67.03003753311336,67.64389911091128,50090000
2019-12-23,67.02507019042969,67.58186017640521,66.8945560916377,67.42703180682992,19936000
2019-12-24,66.7174072265625,67.09357052315865,66.7045118002263,67.00424148940168,13468000
2019-12-26,67.61263275146484,67.64886563760956,66.77099240410861,66.82260438988969,23662000
2019-12-27,67.22406768798828,67.8399131132369,67.1426818939323,67.68855280086393,23212000
2019-12-30,66.48316955566406,67.34118857344946,66.39037247271645,67.33176120761757,19994000
2019-12-31,66.46728515625,66.53030841671966,66.10700836784599,66.28863469556742,19514000
2020-01-02,67.92081451416016,67.92081451416016,66.8196375144199,66.91491828092151,27278000
2020-01-03,67.56549072265625,68.17240862427808,66.86081596073402,66.89456517269056,23408000
2020-01-06,69.36638641357422,69.3916926420359,67.0434381998988,67.07469616252293,46768000
2020-01-07,69.23239135742188,69.64874769049442,69.05622458304828,69.49788714263947,34330000
2020-01-08,69.72517395019531,70.06312039428155,69.10932845842892,69.21800440208847,35314000
2020-01-09,70.45713806152344,70.89830085438531,69.98172629744387,70.56333031718493,33200000
2020-01-10,70.9122085571289,71.20896992621299,70.44772336560568,70.93752236021759,26258000
2020-01-13,71.46156311035156,71.53351398026712,70.73405818738722,71.22434937620667,30730000
2020-01-14,70.99309539794922,71.5905783300735,70.85314635097474,71.46006422047215,26076000
2020-01-15,71.42036437988281,71.49877431407914,71.04619262822877,71.11368347743128,21550000
2020-01-16,71.9642562866211,71.991054234151,71.46006263409811,71.73051821248909,26080000
2020-01-17,73.42124938964844,73.47236161437567,72.28136348423534,72.57861703888604,52424000
2020-01-21,73.55672454833984,73.93536387662941,72.9592340508193,73.39543709748455,48930000
2020-01-22,73.63711547851562,74.46635262161918,73.57707565322256,73.92792510020561,28458000
2020-01-23,73.67780303955078,74.1150056100475,73.46094335586837,73.81973599499418,26650000
2020-01-24,72.75875091552734,74.14973777065077,72.61036646497563,74.08125496952862,29786000
2020-01-27,71.04967498779297,71.29035678349074,70.44275705144024,71.04024762156224,34132000
2020-01-28,71.98113250732422,72.19451657572402,70.98168030050765,71.54641358018323,29724000
2020-01-29,72.28880310058594,72.65801507586868,71.72754546979097,72.37614063669027,21566000
2020-01-30,72.16722869873047,72.2168492041988,71.21194499533239,71.36578143499277,27110000
2020-01-31,71.1017837524414,72.93244966534068,70.81792535833127,72.842628440091,43822000
2020-02-03,73.57408905029297,73.75770686602394,72.2843346143234,72.53444375093086,71636000
2020-02-04,71.7285385131836,72.81681238861734,70.56830620024466,72.17913629710675,95880000
2020-02-05,71.76029205322266,72.67984253452366,70.94793336208039,72.63170618173763,36376000
2020-02-06,73.24507904052734,73.52248589418377,71.980138619887,72.05457315984722,37822000
2020-02-07,73.4009017944336,73.70559879869327,72.7210410665216,72.81929769136995,28360000
2020-02-10,74.86732482910156,74.87824391485704,73.206874148299,73.30761445127459,38302000
2020-02-11,74.93679809570312,75.92037145053452,74.7080273521206,75.09609407520617,34852000
2020-02-12,75.36209869384766,75.44496865670375,74.86783206779972,75.22463329676346,31042000
2020-02-13,75.10205078125,75.72533972486248,74.63606632799268,74.93381963355475,22914000
2020-02-14,75.3670425415039,75.43254947654793,74.71298029109376,75.15861826834625,23198000
2020-02-18,75.40228271484375,75.95411300380982,74.98394241111538,75.14919769716833,25642000
2020-02-19,75.67174530029297,75.9630471132219,75.47870768352672,75.7873725080763,22746000
2020-02-20,75.28070068359375,75.78091896387954,74.64896876279927,75.38094121635825,25962000
2020-02-21,73.61677551269531,74.98097223836919,73.37014197480975,74.66485635902535,42520000
2020-02-24,70.46062469482422,71.28043457661818,69.8120294255332,70.61892873661743,49560000
2020-02-25,68.79620361328125,71.30375438851503,68.50341762530834,71.01345207622762,51580000
2020-02-26,69.00213623046875,70.15344093186029,68.31135643850625,69.22594718689604,49776000
2020-02-27,65.25446319580078,67.9565510564258,65.21922983103778,67.44739751104343,62290000
2020-02-28,66.46034240722656,66.61913861220282,62.93497730501943,63.23769037956694,80198000
2020-03-02,68.79620361328125,68.85326757659175,65.76312069292557,67.06280243372319,55430000
2020-03-03,66.38441467285156,69.88149002953965,65.9635907304917,69.3599333673379,56602000
2020-03-04,68.56197357177734,68.6205292551604,66.34869292368212,67.43845864014934,47598000
2020-03-05,65.24502563476562,67.1739555088367,64.59394677616034,66.77297822404104,54380000
2020-03-06,64.30116271972656,64.64902873567758,62.389107394937724,63.021331540993415,64640000
2020-03-09,60.33363342285156,62.16678266927018,59.45278813467974,59.79619410549362,69252000
2020-03-10,63.280372619628906,63.3141180465607,60.27011622097382,62.249166437969265,54872000
2020-03-11,60.09096908569336,62.37521226684703,59.11037916246386,61.9454606818698,54732000
2020-03-12,55.16072463989258,58.991779169436185,55.007880149700426,55.71007507321957,94326000
2020-03-13,60.25820541381836,60.26465691209083,55.19744041947914,58.308932915533035,79400000
2020-03-16,53.247676849365234,56.8440010306716,52.95389514808521,54.071946637182414,96520000
2020-03-17,55.48378372192383,55.877805985985816,52.06164218525907,54.1230664454336,83194000
2020-03-18,54.15035629272461,54.83518057354146,51.461171864578795,52.59957358482276,93044000
2020-03-19,55.16667556762695,57.198325857658745,52.38171818946068,54.002967616874486,74064000
2020-03-20,53.009971618652344,56.49712392196647,52.70676254783707,56.12096445623993,82878000
2020-03-23,52.31125259399414,52.94546064378,50.06522244779054,52.422412216355276,83672000
2020-03-24,56.07680130004883,56.24155682605298,53.9141408183896,54.78506285069466,72468000
2020-03-25,54.667945861816406,56.87873884091762,53.74442370156079,55.807335766211146,90324000
2020-03-26,57.7099609375,58.13475274319394,54.19204281681304,55.318033766714024,76562000
2020-03-27,55.096710205078125,57.12091723856907,54.78605765504948,55.950757675221226,62794000
2020-03-30,56.88568878173828,57.118431141959434,54.51262006874927,56.20731596127036,58736000
2020-03-31,57.66182327270508,58.23002839559108,56.40978203312284,57.00578084729468,65228000
2020-04-01,54.69175720214844,56.04751444221686,54.264485569081124,55.778546811008695,51970000
2020-04-02,55.43266677856445,55.717513301749904,54.24662847795809,54.58755078840877,56410000
2020-04-03,54.225284576416016,55.52000256570381,53.35089456161916,55.317533807276405,51374000
2020-04-06,58.71586227416992,59.09102601174513,55.82818053071941,56.22518244004085,63320000
2020-04-07,58.684593200683594,60.581265562426175,58.42108508282757,60.39417589671466,61620000
2020-04-08,59.897422790527344,60.289461067566705,58.75356544751008,59.703885434102745,40334000
2020-04-09,59.87609100341797,60.64130912701154,59.17389614347068,60.45223933607273,54028000
2020-04-13,60.066650390625,60.270610868569676,58.67317980519801,59.62449181891167,38702000
2020-04-14,62.78710174560547,63.30915444171393,60.96635555655687,61.53357252929676,63358000
2020-04-15,62.393577575683594,63.2773988455278,61.237312991925606,61.8581221002478,42236000
2020-04-16,62.4000244140625,63.190552607359315,61.445736434059555,62.881883980193784,57896000
2020-04-17,63.470436096191406,64.01631085791675,62.825308968458316,63.60442205768856,51050000
2020-04-20,62.58462905883789,63.36225423770926,62.350894746468136,63.01835225673442,35292000
2020-04-21,60.15349578857422,62.031305781008385,59.798178772892086,61.66954105330568,49648000
2020-04-22,62.44865798950195,63.51410555283705,61.39610963710134,61.59014299817593,46296000
2020-04-23,63.081871032714844,63.92450716957352,62.553862820825465,62.812407383951104,34202000
2020-04-24,63.35133361816406,63.40641744784095,61.733556107559444,62.27943083977364,37402000
2020-04-27,63.06648635864258,64.21977499252665,62.77866017804189,64.11555906230626,44186000
2020-04-28,61.167335510253906,63.75627174373277,61.05766382769787,63.67886133804558,80700000
2020-04-29,66.60575103759766,67.49751173595581,65.83904492056368,66.74569252820935,108358000
2020-04-30,66.83004760742188,66.99381116559951,65.57949434545334,66.06880110856797,55842000
2020-05-01,65.37206268310547,67.064778326554,64.99193919376505,65.70802521248906,48872000
2020-05-04,65.64897918701172,65.72689694131952,64.31456381571466,64.91602224376798,30806000
2020-05-05,66.94517517089844,68.03643246348844,66.25092732812242,66.37349822196448,39666000
2020-05-06,66.76703643798828,67.92131719996914,66.75214952747407,67.39082524839009,31732000
2020-05-07,67.9505844116211,68.28407086121807,67.11986308544923,67.55507422258476,30652000
2020-05-08,68.69793701171875,69.30832293940408,68.08605936440217,68.57288244466392,33326000
2020-05-11,69.6532211303711,70.24574435202634,68.25925819267765,68.32327341716166,32718000
2020-05-12,68.24336242675781,70.18617933282708,68.21011298494378,69.88297410642825,33918000
2020-05-13,66.91093444824219,68.74706720442754,65.90255466644857,68.29200183826535,40368000
2020-05-14,67.3342514038086,67.35955763646824,65.6688332395569,66.17600285388292,36660000
2020-05-15,68.13816833496094,68.21359483390582,66.44793629114194,66.90746926388243,41544000
2020-05-18,68.73963165283203,69.11578736323804,67.20224397992273,67.56848013197799,47094000
2020-05-19,68.20467376708984,69.10238624703199,68.17291603524716,68.75452020009521,31586000
2020-05-20,69.92963409423828,70.07205925671711,68.85078753013752,68.93713311617326,38262000
2020-05-21,69.81004333496094,70.29189913641048,69.19667387656828,70.02045155614233,30894000
2020-05-22,70.1321029663086,70.31868908167836,69.27408397743726,69.66860218679889,28544000
2020-05-26,70.5355453491211,71.713647949531,70.43778849540769,71.55732784975878,44590000
2020-05-27,70.4814682006836,70.7330690901068,69.2071002683885,70.467573246818,31684000
2020-05-28,70.3802261352539,71.68139184261054,69.42941009442607,69.47506277315657,35170000
2020-05-29,71.13848876953125,71.29778472152688,70.26806667123306,70.48889415842463,37044000
2020-06-01,71.20549011230469,71.53847677860361,70.580709445191,70.75043231360314,25162000
2020-06-02,71.57469940185547,71.60894080375162,70.54745734497106,71.21193893289512,23442000
2020-06-03,71.4228515625,71.90719099922431,71.04421220546605,71.5940585831891,27732000
2020-06-04,70.18468475341797,71.5255587381739,69.77329580996445,71.30025610746993,26982000
2020-06-05,71.4610595703125,71.7727078334822,69.85320532299941,70.25119916881421,42642000
2020-06-08,71.85904693603516,71.90668352390114,70.68987954193727,70.77920855593423,33878000
2020-06-09,72.05953979492188,72.83964867996534,71.5771842424127,71.72010917378914,33624000
2020-06-10,72.68579864501953,73.08626854872666,72.17267741381319,72.52749464201499,31762000
2020-06-11,69.56934356689453,72.03570861739445,69.39615266495285,71.51116856146123,47144000
2020-06-12,70.11622619628906,71.18762928156453,68.77039211409114,70.75836989233277,36676000
2020-06-15,70.5042953491211,70.71569551567282,68.83986925092634,68.95351255272476,30468000
2020-06-16,71.78114318847656,72.31212725295,70.91369682317725,71.90668995328939,30648000
2020-06-17,72.08236694335938,72.56174660860705,71.21839618065276,72.10222120320456,30610000
2020-06-18,71.16828155517578,72.10371106870679,70.77723135590205,71.94888266167098,34862000
2020-06-19,70.69783020019531,71.68337989176418,70.41793966091524,71.46006869153939,52784000
2020-06-22,71.98906707763672,72.00346179403014,70.42737286211982,70.71619099609049,29442000
2020-06-23,72.65007019042969,73.20686779381253,71.70818932914503,72.05556312633793,37752000
2020-06-24,71.0978012084961,73.23613958578959,70.96381147221909,72.61533435670397,31592000
2020-06-25,71.51465606689453,71.5751956563901,70.44473713789317,71.02435732770277,23958000
2020-06-26,67.6161117553711,71.31218435810231,67.24193998415596,71.09433269950638,97640000
2020-06-29,69.33462524414062,69.37581791051717,67.07569211299183,67.50693541130255,45074000
2020-06-30,70.37079620361328,70.66606584717748,68.82646494071054,69.32023932105565,40286000
2020-07-01,71.55931854248047,71.8808939458053,70.17875084186853,70.42638389298779,42182000
2020-07-02,72.94534301757812,73.86787699730431,72.00941384931251,72.04763064781929,57218000
2020-07-06,74.42019653320312,74.93381756362824,73.29519761693808,73.84951154751805,44712000
2020-07-07,73.9373550415039,75.4955812741531,73.9264359557316,74.24552768558216,42364000
2020-07-08,74.61622619628906,74.99188970628182,74.05546070282946,74.47727666073511,31766000
2020-07-09,75.36357879638672,75.88365139172461,74.21873304696575,74.93035155493966,41836000
2020-07-10,76.37345123291016,76.48907845135179,74.47331060985266,75.09510790320913,35918000
2020-07-13,75.04448699951172,78.22693841771529,74.76311232191661,76.91584554850776,42954000
2020-07-14,75.47274017333984,75.56901287536773,73.73933934510958,74.07976943302606,38108000
2020-07-15,75.2752456665039,76.24044892666795,74.32988909406994,75.59036199992138,31026000
2020-07-16,75.17799377441406,75.22712209638328,73.85548176066365,74.51202029765803,26484000
2020-07-17,75.27375030517578,75.60028547250893,74.34328068659873,75.2767261723641,34264000
2020-07-20,77.60563659667969,77.86219724741542,74.5715619416608,75.18194791342034,30166000
2020-07-21,77.21260070800781,78.75743169114544,77.04883714436846,78.65719115591367,27486000
2020-07-22,77.65576171875,77.76146180574143,76.58286683905023,77.20218802358653,24482000
2020-07-23,75.268798828125,77.92870190735229,74.86385368041677,77.70935851205581,33910000
2020-07-24,74.8449935913086,75.20328650022337,73.82172685321873,74.39737923019781,29902000
2020-07-27,75.89804077148438,76.30149420568685,75.04945661282869,75.09560906269758,27124000
2020-07-28,74.61869812011719,75.72831031816976,74.46336997984878,75.67819005490078,30910000
2020-07-29,75.604248046875,76.0915633025399,74.58693315341795,74.68568953299999,22676000
2020-07-30,76.3416976928711,76.46675228471115,74.19789170901464,74.3368412555036,36042000
2020-07-31,73.83958435058594,74.68668422705532,72.1548119628586,74.2911740746664,91468000
2020-08-03,73.58203125,74.32491519567483,73.03416882186066,73.9909441597244,45482000
2020-08-04,73.11257934570312,74.09565287557423,72.65255421158827,73.77805289203164,37212000
2020-08-05,73.39990234375,73.94131325306674,73.00935198752862,73.28725858588993,29134000
2020-08-06,74.68321228027344,74.74871922040799,73.04310810672321,73.25401607153279,33306000
2020-08-07,74.35668182373047,75.4345363524977,73.7562154445595,74.88618172279968,27718000
2020-08-10,74.2797622680664,74.79238376648463,73.32050325505837,73.98101701743722,20546000
2020-08-11,73.47187042236328,74.95566211247646,73.35525125440243,74.13982012855085,31098000
2020-08-12,74.7968521118164,75.01669524033613,73.69319159902035,73.79839948066032,22512000
2020-08-13,75.26382446289062,76.27221184265196,74.84499197246967,74.84499197246967,22388000
2020-08-14,74.66734313964844,75.41966216296682,74.38795233108324,75.11297363738187,21942000
2020-08-17,75.24348449707031,75.6176638667911,74.68570243226462,75.23008930724868,19990000
2020-08-18,77.20565795898438,77.28456008844866,75.51294982781033,75.73377735195302,28378000
2020-08-19,76.6513442993164,77.85475322202173,76.42257355605528,77.04238688913141,30472000
2020-08-20,78.22147369384766,78.41600301349055,76.14764273171457,76.42107417322119,26382000
2020-08-21,78.18773651123047,78.99711936961243,77.52970640732595,78.00064306227968,34838000
2020-08-24,78.66314697265625,79.83579016442737,78.16143693431773,79.02639966986824,25638000
2020-08-25,79.69037628173828,79.8407370681416,78.30235775166516,78.41252540445169,25150000
2020-08-26,81.59002685546875,82.01978600785452,79.44871240871136,79.71271651139712,52188000
2020-08-27,80.81539154052734,81.78158681274915,80.33352817007399,81.71310399920995,31350000
2020-08-28,81.3567886352539,81.45206939327979,80.67097616967305,80.86252964148268,22418000
2020-08-31,80.86550903320312,81.60839306205602,80.65708473224421,81.5622406146684,26422000
2020-09-01,82.1334228515625,82.33887127868402,80.86550650072458,80.99602062020955,22652000
2020-09-02,85.2255630493164,85.6577983212411,82.38700960960998,82.77507634607451,49522000
2020-09-03,80.86451721191406,84.36258498681123,79.7826871845487,84.33876290318153,63726000
2020-09-04,78.46762084960938,81.13645124591334,76.32183129516275,79.84669677227816,55850000
2020-09-08,75.60872650146484,77.19424291181993,75.25638531461833,75.67820126859465,54032000
2020-09-09,76.7813720703125,77.35155737015681,75.68663901115721,76.8642420294293,39242000
2020-09-10,75.73030090332031,78.09295018003152,75.43007148898609,76.92775807382651,33024000
2020-09-11,75.21965789794922,76.35805197313077,74.09118337949273,75.83451139910771,30706000
2020-09-14,74.87574768066406,77.26618654802343,74.69114549828926,76.0081899539607,42660000
2020-09-15,76.1803970336914,76.96794929706259,75.53428554034802,75.82161195068608,23042000
2020-09-16,75.03753662109375,77.1356820188287,75.01272258332794,76.54564251599456,22128000
2020-09-17,73.79443359375,74.37107796130607,72.57465352945174,73.73339423552551,40008000
2020-09-18,72.01040649414062,74.19937265583256,71.0442113083804,73.85695861877808,63056000
2020-09-21,70.97077178955078,71.46304688740663,69.60806684484395,71.04421437886803,56908000
2020-09-22,72.44364166259766,72.64958987142754,70.93901121787594,71.97220517706418,33950000
2020-09-23,69.9410400390625,72.10915989592557,69.60806095366121,72.06003158587683,37726000
2020-09-24,70.60948181152344,71.36030890518906,69.58174766242739,69.60805341622337,34552000
2020-09-25,71.41342163085938,71.75483613203042,69.8561874444943,70.71817425152294,30326000
2020-09-28,72.38607025146484,73.09719651380165,71.77171646612977,73.04757600974902,30784000
2020-09-29,72.75131225585938,73.0480660321558,72.15481369174223,72.64660413596586,31816000
2020-09-30,72.73046875,73.75274352180791,72.2421614908849,72.49921433138267,40924000
2020-10-01,73.83709716796875,74.1929139312166,73.28625889509229,73.62668898749699,32884000
2020-10-02,72.23421478271484,73.39693074596006,71.824809673111,72.4342036548503,31222000
2020-10-05,73.58551025390625,73.67830733435456,72.45703566376906,72.58407414754559,21602000
2020-10-06,72.00694274902344,73.6693773856631,71.70869722745235,73.22176300740041,26096000
2020-10-07,72.4098892211914,72.89770426386879,71.12410260316045,72.41832463079594,36108000
2020-10-08,73.61528778076172,73.84355876633454,72.72302733778457,72.72302733778457,26076000
2020-10-09,74.95614624023438,75.02562099842726,73.79243836136804,74.08324039010259,32966000
2020-10-12,77.64286041259766,78.82542322836608,75.8915888636486,76.32333196783289,55344000
2020-10-13,77.76591491699219,78.66363477375722,77.34708247030173,78.2591894699781,39072000
2020-10-14,77.58577728271484,78.59862463075144,76.71535508565292,78.13959902321865,33174000
2020-10-15,77.19026947021484,77.9807976103411,76.47865102987744,76.64588265062753,31210000
2020-10-16,77.79718780517578,78.29393046378365,77.29895342687239,77.50588599458379,34194000
2020-10-19,75.9238510131836,78.60261658960847,75.57499299238026,78.20561463235342,29734000
2020-10-20,76.97240447998047,78.10187082494372,75.45487149038715,75.58439362655366,41670000
2020-10-21,78.70481872558594,80.15139291914504,77.76938942355532,77.90387134692979,60322000
2020-10-22,79.73058319091797,80.0660459854062,78.28252459218282,78.65570442381038,30512000
2020-10-23,81.0367202758789,81.09329204821135,79.9911155131261,80.1469434481856,30548000
2020-10-26,78.62046813964844,80.86798245629929,77.80115810817524,80.1444529478215,35826000
2020-10-27,79.34449768066406,79.49932607502853,78.25820767241161,78.85073087185503,25902000
2020-10-28,74.97351837158203,77.10788899788803,74.85839093339294,76.9193189772867,45174000
2020-10-29,77.26025390625,78.84130281711909,75.25887316569779,75.2821954866386,55406000
2020-10-30,80.19952392578125,83.43557859087133,79.47797841043996,82.74678275654098,99878000
2020-11-02,80.60696411132812,82.29024494886494,80.10673821901906,80.56825511870791,44228000
2020-11-03,81.66595458984375,82.32795255609419,80.00103633038269,80.92654621228101,31432000
2020-11-04,86.63789367675781,87.83782697800774,84.5114585454135,84.63948898890001,71342000
2020-11-05,87.46414184570312,88.91915155799254,86.39869055413503,87.85866004494117,39758000
2020-11-06,87.32667541503906,87.76188647164766,86.18281430286245,86.91031908711173,28622000
2020-11-09,87.4105453491211,90.16324512356621,87.21849969739831,89.12559131535588,53440000
2020-11-10,86.23443603515625,87.30931470732818,85.1625332301368,85.83991783029099,43022000
2020-11-11,86.70637512207031,87.4839927088133,86.49943497923725,86.76443103612137,31838000
2020-11-12,86.48751831054688,87.58721098528301,86.24683654348757,86.44682541087165,26474000
2020-11-13,87.948486328125,88.19016006899665,86.14809419488121,86.74458521077995,29744000
2020-11-16,88.03633117675781,89.04421889331789,87.40609089444465,87.54554019865918,25468000
2020-11-17,87.4224624633789,88.19066026800272,87.3147784714661,87.73013533866205,21314000
2020-11-18,86.37934875488281,87.588217331153,86.27662453313168,87.17335262075193,20108000
2020-11-19,87.26911163330078,87.5132690324479,85.85231873640768,86.0116147048315,20106000
2020-11-20,86.16793823242188,87.75494624561959,86.099455426142,87.43933016329416,27694000
2020-11-23,85.7302474975586,86.64483829608162,84.86776845214185,86.35850382471271,22530000
2020-11-24,87.53362274169922,87.66165318603427,85.39130873171393,85.72727127928064,27984000
2020-11-25,87.54502868652344,87.85518522073961,86.7624437790224,87.72765454815004,19600000
2020-11-27,88.68094635009766,89.17670461109734,87.56537478708843,87.56537478708843,14790000
2020-11-30,87.06217193603516,88.34944257402769,86.73662876386706,88.11670404267863,32418000
2020-12-01,89.0948257446289,90.40294282397186,87.49044706213408,87.67058926121352,37350000
2020-12-02,90.56421661376953,90.94980721667606,88.58914191662642,89.09481973864247,29424000
2020-12-03,90.40889739990234,91.50014714254405,90.16870781369849,90.34438241647054,24728000
2020-12-04,90.50418090820312,90.7890236553359,89.99948744675892,90.32850630008762,20544000
2020-12-07,90.17019653320312,90.77859855213794,89.4759411272012,90.09674637845352,22288000
2020-12-08,89.88733673095703,90.11759919688177,88.89235965969378,89.7478950094271,19936000
2020-12-09,88.22638702392578,90.73295326690491,87.43933447683615,89.8392011100304,31728000
2020-12-10,87.71971893310547,88.08396358785399,86.02651096263251,87.46911000864011,28688000
2020-12-11,88.07453155517578,88.19909393700529,86.97980616515416,87.34008297762018,18628000
2020-12-14,86.95598602294922,88.81890924399337,86.80065786516951,87.87206853297646,33050000
2020-12-15,87.39368438720703,87.53858565705434,86.43046500850052,87.33313722198446,21352000
2020-12-16,87.20063018798828,87.7921613925864,86.79718438631407,87.7921613925864,24676000
2020-12-17,86.37287902832031,87.67306027360551,85.90839390693748,87.53510271786834,34880000
2020-12-18,85.66374206542969,86.76244280122043,85.10695202977472,86.65376686057336,85256000
2020-12-21,86.07762145996094,86.19870821457275,84.06482960264226,84.81565683297735,33974000
2020-12-22,85.36599731445312,85.98085084047112,84.64941153653486,85.81807923743065,20370000
2020-12-23,85.76348876953125,86.55153319563468,85.41462325656956,85.55010471511076,22974000
2020-12-24,86.05777740478516,86.46718255529909,85.5709542680901,85.80170893464756,9312000
2020-12-28,88.03284454345703,88.67995556645543,86.43790089801071,86.5912375649003,27650000
2020-12-29,87.22892761230469,88.75291246047898,87.0974215338382,88.69138091250761,19726000
2020-12-30,86.16148376464844,87.72516940602775,85.75207866076447,87.58820379818833,21026000
2020-12-31,86.974853515625,87.21602750872316,86.15355195162485,86.21211520633824,21070000
2021-01-04,85.65928649902344,87.4636464411681,84.71690581732847,87.34008358640446,37324000
2021-01-05,86.35005950927734,86.68651421531872,85.20123853878756,85.60766776688526,20360000
2021-01-06,85.49799346923828,86.54459001427169,84.16903787338767,84.37547823924433,46588000
2021-01-07,88.05170440673828,88.22439556368579,85.69053939531456,85.69053939531456,41936000
2021-01-08,89.2174072265625,89.29333349352545,87.40062879035135,88.1916567626547,35484000
2021-01-11,87.15596771240234,88.54993804991724,86.95002711090964,88.18469390854133,34796000
2021-01-12,86.22004699707031,87.7321207860819,85.17544183594138,86.61357327213408,29528000
2021-01-13,86.7073745727539,87.16094827201765,85.71834159853628,85.71834159853628,23432000
2021-01-14,85.89698791503906,87.71475825531489,85.65630612320594,86.78775664072327,29212000
2021-01-15,85.73321533203125,86.72571621304921,84.94368675719375,85.80269009081528,31444000
2021-01-19,88.55441284179688,89.51564826858593,85.99177462608301,86.49646051814078,41660000
2021-01-20,93.29855346679688,94.27368371302536,90.29326108063897,90.63368359442,64152000
2021-01-21,93.50102996826172,95.87955813281762,93.26580772759824,93.97247397752348,58634000
2021-01-22,93.91837310791016,94.50543672127229,93.12139349550735,93.86378525576802,32744000
2021-01-25,94.00373840332031,95.37041878796863,92.26090988552441,94.91982096292158,50586000
2021-01-26,94.68209838867188,95.06917311218761,93.10303372518045,93.59233288563547,31462000
2021-01-27,90.26497650146484,93.31840541043215,89.19009786238911,93.04249028584238,82512000
2021-01-28,91.96514129638672,93.69159105835183,90.86346464048778,90.86346464048778,55278000
2021-01-29,90.68283081054688,91.68426702027512,89.40251113891038,91.01333383693596,44530000
2021-02-01,93.94369506835938,95.05876695305972,91.537869114529,91.537869114529,40252000
2021-02-02,95.23641967773438,96.7375742923494,94.60369579708804,94.93916613642043,66332000
2021-02-03,102.1720199584961,104.54112080046828,99.92251415054169,102.50599859407848,97882000
2021-02-04,101.91149139404297,102.68910899646727,100.99193325022927,102.25836545435277,48596000
2021-02-05,103.65828704833984,104.01112041342323,101.73134861128602,102.20576092112387,29866000
2021-02-08,103.44439697265625,104.95697040723631,102.39384015907453,104.21259473058925,28828000
2021-02-09,102.99132537841797,104.13865469002172,102.72384565242261,102.96204375401462,21892000
2021-02-10,103.54166412353516,104.15701742365931,101.84250453722669,103.37591665062041,25102000
2021-02-11,103.65431213378906,103.91484058963358,102.66727078205419,103.76597151325437,20480000
2021-02-12,103.96595764160156,104.18777710286646,102.90099857654532,103.20867899470525,18990000
2021-02-16,104.74359893798828,106.45268581815539,103.80320209991204,103.80320209991204,31004000
2021-02-17,105.13661193847656,105.3261814870926,103.63446540978451,103.91384859595338,20294000
2021-02-18,104.50090789794922,105.30384678219214,103.88158682056805,104.46071476343555,22546000
2021-02-19,103.65728759765625,105.13462765654127,103.39030764472844,104.59917603105531,37938000
2021-02-22,101.94274139404297,103.23647121123227,101.63209267408962,101.90999171180535,29466000
2021-02-23,102.2335433959961,102.84790471803919,98.7652498236748,99.94434439439259,34658000
2021-02-24,103.40916442871094,103.63297538297377,100.61627147183141,100.74082627734853,22608000
2021-02-25,100.04161834716797,103.36897879825909,99.57216580668543,102.02562835554662,41548000
2021-02-26,100.3373794555664,102.05490166561077,99.30021775417421,100.7363652714973,40042000
2021-03-01,102.70698547363281,103.03302091003201,100.95819763423486,101.63210667965502,26060000
2021-03-02,102.4499282836914,103.95158286967977,102.06236128484795,102.4677910613768,25564000
2021-03-03,99.81632995605469,103.02111214795436,98.95235155344817,101.82813000635932,33892000
2021-03-04,100.93387603759766,102.95162763201309,99.51955914782164,99.98801971974596,49216000
2021-03-05,104.06719970703125,104.52027360842204,100.62867970924299,102.2846703465188,53100000
2021-03-08,99.62226867675781,104.89442945926555,99.50763344006778,103.42156468031192,36868000
2021-03-09,101.25297546386719,102.42214315855406,101.01676123075154,101.71896000279024,33920000
2021-03-10,101.04602813720703,102.29707365898807,100.20934752586386,102.29707365898807,27100000
2021-03-11,104.2394027709961,104.77187858733713,102.05143601644393,102.13927332403148,27702000
2021-03-12,101.7313461303711,103.10149446258991,100.85893998678274,103.04194682941647,33818000
2021-03-15,101.95169067382812,101.97898081743861,100.62918638636894,101.48223811183603,26168000
2021-03-16,103.41314697265625,104.89147154660814,102.1923674371934,102.52485435636942,31900000
2021-03-17,103.33025360107422,104.16295870499974,101.43954073827314,102.64790928290331,26382000
2021-03-18,100.30908966064453,102.66181170828624,100.20189786741744,101.64102114164612,31700000
2021-03-19,100.58798217773438,101.08820045745158,99.39549239049998,100.72544755239356,46072000
2021-03-22,100.77308654785156,101.64896832220467,99.94484136557821,100.62123402558689,33536000
2021-03-23,101.30109405517578,102.43155255458386,100.6395958801365,101.23261124865263,28510000
2021-03-24,100.86438751220703,102.6047320051104,100.68920512037937,101.81867153771303,25218000
2021-03-25,100.86093139648438,101.51498617081897,99.05606400581422,100.6917082778307,35616000
2021-03-26,100.47733306884766,101.20483044037542,99.44115570408202,100.82768277882265,27978000
2021-03-29,101.52243041992188,101.69215330390179,99.52055755994432,100.3497947664904,26492000
2021-03-30,101.5561752319336,102.3600985997057,101.04404587909158,101.87923478436586,27312000
2021-03-31,102.35264587402344,103.5307484849651,101.58246421687518,101.94969227085818,42570000
2021-04-01,105.6904296875,105.98669127491928,103.78731339954884,103.82800630103871,39880000
2021-04-05,110.1159896850586,110.61373186270573,106.45614255746916,106.55241526747184,48510000
2021-04-06,109.63463592529297,110.56461342527915,109.26393976837547,109.71701369040595,35240000
2021-04-07,111.11197662353516,111.3834241955768,109.82519791468398,109.82519791468398,24134000
2021-04-08,111.67769622802734,112.73768803911382,111.30947619166977,112.35110546289924,28664000
2021-04-09,112.6821060180664,112.84586958165409,111.02413150339015,111.43006856726271,26146000
2021-04-12,111.3893814086914,111.99827567762381,110.55567663945638,111.86081786456195,25024000
2021-04-13,111.87619018554688,112.32480405880901,111.31145691408278,111.7054829333092,25682000
2021-04-14,111.25487518310547,112.52130722555084,110.9625890162252,112.52130722555084,21002000
2021-04-15,113.40563201904297,113.93910731506152,111.71441568076216,112.24937512425728,29174000
2021-04-16,113.28157806396484,113.85177090924829,112.69451439811739,113.60364566317921,26282000
2021-04-19,113.62944793701172,114.34057420260662,112.65779320044837,112.65779320044837,30290000
2021-04-20,113.09597778320312,114.08797894990056,112.00968781654448,114.01304464501652,22288000
2021-04-21,113.06324005126953,113.14511805494395,111.39930606796882,112.75059980196684,23204000
2021-04-22,111.78141021728516,113.58577771200164,111.17598403868455,112.9168285050062,24146000
2021-04-23,114.1341323852539,114.44131306155018,112.21463744660008,112.49997995220494,29066000
2021-04-26,114.63038635253906,115.35491539207553,114.0046137037265,114.36191465854154,32038000
2021-04-27,113.68998718261719,115.05318417666454,113.45078956312143,115.01249127701054,44386000
2021-04-28,117.06747436523438,120.65734705575763,116.77865622813731,118.72792498547076,81106000
2021-04-29,118.74082946777344,119.30655470794439,117.80241660635883,118.56565462462966,41234000
2021-04-30,116.79255676269531,118.19942267241335,116.44815879879016,117.51311042017052,44856000
2021-05-03,116.27545166015625,118.18452723288044,115.89929599373691,117.35876574374358,28242000
2021-05-04,114.4765396118164,115.37772756393409,111.98784395750256,114.81001845371823,44818000
2021-05-05,114.87057495117188,115.87448718948492,114.54850735953089,115.55837890460862,26636000
2021-05-06,115.99110412597656,115.99110412597656,113.7922184104356,114.45173268147272,25190000
2021-05-07,116.71463012695312,117.67338940045705,116.42829567342216,117.30815282057624,28898000
2021-05-10,113.72821044921875,115.67599518638454,113.3704097175728,115.53406221182321,30914000
2021-05-11,112.65182495117188,113.15899447228237,110.85837666118927,111.31245005100251,34186000
2021-05-12,109.18750762939453,111.5561162328278,108.85849635134446,110.47478602478672,46376000
2021-05-13,110.61622619628906,111.13232339055422,109.50859016058438,110.47131735337267,33204000
2021-05-14,113.06471252441406,113.37933665290709,111.65635497248752,112.08015480939481,31996000
2021-05-17,113.58775329589844,113.63043010621978,111.92977890258439,112.32975663054633,21598000
2021-05-18,112.27517700195312,114.51873100821115,112.26128204938492,114.2542271454535,22204000
2021-05-19,112.7232894897461,112.89648041648023,110.43756603914663,110.58594292832795,23684000
2021-05-20,114.48249816894531,114.73309949048301,113.3197822443816,113.69097811635923,32352000
2021-05-21,113.84630584716797,115.07502854849963,113.60661602300084,115.00157839071795,40632000
2021-05-24,117.1667251586914,117.39052855183634,114.73112544261134,114.87652646965049,31832000
2021-05-25,117.25753021240234,118.30610310206922,116.86697983991921,117.71060408228924,22440000
2021-05-26,118.12298583984375,118.55372932361894,117.43567416655014,117.43865003345924,21572000
2021-05-27,117.24811553955078,118.55672483396802,116.92952356734123,118.55672483396802,35224000
2021-05-28,116.95878601074219,117.91257792108246,116.76028885976044,117.83069992865224,21482000
2021-06-01,118.16617584228516,118.39097877485312,116.83126077261825,117.83170500105437,23354000
2021-06-02,117.64063262939453,118.78448622711657,116.7359614995081,118.56166724150444,21158000
2021-06-03,116.4987564086914,116.96721693634349,115.60252825216205,116.4069512905772,18696000
2021-06-04,118.7810287475586,119.05198412649423,117.23471351595569,117.57514366228743,24458000
2021-06-07,119.21424102783203,119.32391649428946,118.15723274018627,118.5760652036421,24120000
2021-06-08,119.02268981933594,120.06878661423825,118.84106348764917,119.69610658561207,24240000
2021-06-09,119.494140625,119.73928242428627,118.94627815938065,119.66733155702187,17942000
2021-06-10,120.84344482421875,120.88662140305803,119.28770227679246,119.44352262743342,25904000
2021-06-11,120.59879302978516,121.17047000516757,120.04100343499866,121.08511637699016,21958000
2021-06-14,121.52727508544922,121.52776727722208,119.99336321142542,120.7010138258984,22098000
2021-06-15,120.50896453857422,121.85479096519951,120.14818797993534,121.53173143958783,21562000
2021-06-16,119.8668212890625,120.97197359175446,118.57409090880724,120.66032532200343,26472000
2021-06-17,120.83053588867188,121.603693441412,119.59636123311135,119.7923822856336,25842000
2021-06-18,119.21028137207031,120.69108957521395,119.1150006147533,120.45685929101408,46116000
2021-06-21,120.89900970458984,121.08510361383242,118.99936162518301,119.59685210380827,27414000
2021-06-22,121.41314697265625,121.48212955115913,120.15614960749308,120.83700235678914,22390000
2021-06-23,121.2111587524414,122.17239413660434,120.92085647379636,121.17790930527332,19148000
2021-06-24,121.58135986328125,122.13269035567586,121.382862712785,121.77985701377752,21362000
2021-06-25,121.58980560302734,121.71337603387175,120.65338419848014,121.08511970218902,34594000
2021-06-28,121.61710357666016,121.86423686669397,120.49508042755512,121.75852921191957,28526000
2021-06-29,121.35557556152344,122.09846715134644,120.77843902634659,121.75059355767355,23108000
2021-06-30,121.1739501953125,121.34019744310686,120.44446136096889,121.07966138959465,24474000
2021-07-01,121.52629089355469,121.66771652938495,120.62013549310655,120.81218116296395,18110000
2021-07-02,124.31819915771484,124.463600197128,122.13668380250321,122.22650502578823,25982000
2021-07-06,125.24370574951172,125.47991996172436,123.64825460993833,124.70626257188695,26404000
2021-07-07,125.52555847167969,126.32948178151617,125.20696652930476,126.20840260771347,24060000
2021-07-08,124.10629272460938,124.65365544647669,123.09196113332287,123.09592895650106,23790000
2021-07-09,124.57723236083984,124.7916083872216,123.61748109045698,124.08743338198082,18632000
2021-07-12,126.02330780029297,126.11660464739363,124.66903830023149,125.23178767794647,17668000
2021-07-13,126.38655853271484,127.09718503011685,125.72456058354896,126.08582935283354,19240000
2021-07-14,127.27533721923828,128.3566749442319,126.95525355930435,126.99843013494588,23742000
2021-07-15,126.05257415771484,127.73486288138461,125.58113774435483,127.6842504239584,24218000
2021-07-16,126.01786041259766,126.85304938566976,125.20748548038574,126.70566443257152,20424000
2021-07-19,123.64378356933594,125.2585814894931,122.57882443943065,125.14394623897842,27968000
2021-07-20,125.2630615234375,126.09030725252616,123.41800096318075,124.58616903831472,26312000
2021-07-21,126.59251403808594,126.63915867752108,125.07844872969363,125.18762444582607,20746000
2021-07-22,127.45845794677734,127.51950487431337,126.54288276082305,126.88529680984055,14302000
2021-07-23,132.0175018310547,132.39862482827255,128.82711495157838,129.4523801977889,41506000
2021-07-26,133.02987670898438,133.23035779403736,131.30937099591478,132.32867753093342,30572000
2021-07-27,130.91085815429688,133.39112593555546,129.12833653384382,133.2437410108282,54710000
2021-07-28,135.0734100341797,137.25989239813106,134.26303523992692,135.28977752970368,95130000
2021-07-29,134.75930786132812,135.63618169208738,134.52656927251087,135.1290120798476,31716000
2021-07-30,133.7161865234375,134.2898550052644,133.24822569744882,134.0223752606491,25576000
2021-08-02,133.84323120117188,134.3216113441576,132.79068281831607,134.10375968033432,21634000
2021-08-03,134.61289978027344,134.71412469345836,132.31972539676443,134.12160154439192,20762000
2021-08-04,134.11219787597656,134.63227046149845,133.4784819870635,134.33451713154457,19676000
2021-08-05,135.229736328125,135.32750833169953,133.83477396423808,134.66301914321753,17870000
2021-08-06,134.7205810546875,135.4490854531946,134.19605607043894,135.02181756289275,20488000
2021-08-09,135.8862762451172,136.15525526849018,134.32457443388773,134.92306449777362,17760000
2021-08-10,135.78109741210938,136.7393570510602,135.3419108529695,136.31207396210945,19414000
2021-08-11,135.25701904296875,136.64998211857468,135.2495680179174,136.15274735127596,15352000
2021-08-12,136.16517639160156,136.27038427949398,134.4099447510758,134.95580816135285,16506000
2021-08-13,136.69467163085938,136.82271722045272,136.00539109097147,136.22075907791498,15948000
2021-08-16,137.27232360839844,137.3249351316468,134.28440101461297,136.49370638192505,22384000
2021-08-17,135.63665771484375,137.2286329994701,135.06150515244326,136.7169958893501,21716000
2021-08-18,134.4332733154297,136.0763610262698,134.30672701456993,135.47638678008008,19258000
2021-08-19,134.66250610351562,135.32996352122413,133.2432371779156,133.4273471733115,21782000
2021-08-20,136.39891052246094,136.52247337439283,134.23575039027023,134.9801260855952,31194000
2021-08-23,138.99134826660156,139.81809430193286,136.57559486721578,136.9348797849165,28454000
2021-08-24,140.20217895507812,141.01453771679073,139.2860964529623,139.55704424673573,19268000
2021-08-25,141.0135498046875,141.12322528868177,140.31583381143977,140.56295954298056,15848000
2021-08-26,140.37985229492188,141.34951565478207,140.29696718889772,140.687025436798,20610000
2021-08-27,142.9241180419922,143.42880397436727,140.43591417092568,140.59025038508423,28780000
2021-08-30,143.50619506835938,144.8758510974579,143.08189549994657,143.31711771847773,24434000
2021-08-31,143.61239624023438,144.08284070648722,143.1990308749765,144.05853400521448,22448000
2021-09-01,144.1265106201172,145.15722071865454,143.7969996028531,143.91262680281687,21936000
2021-09-02,142.2124786376953,144.4282350739372,142.11123857880438,144.1270137169677,32342000
2021-09-03,142.66159057617188,143.07397156605705,141.33262733689926,142.00753585009178,19850000
2021-09-07,143.19854736328125,143.4809140278703,142.54200890024745,142.7558927513599,20124000
2021-09-08,142.6134490966797,143.3171319106359,141.92763663073742,143.01939373948818,18344000
2021-09-09,142.46456909179688,143.22829924541583,142.10380011064456,142.76182262055423,15314000
2021-09-10,139.81956481933594,143.63324834342055,139.6825992095329,143.13103101123474,36840000
2021-09-13,141.26515197753906,141.87801407207704,140.19076541104684,140.8850133140272,22094000
2021-09-14,141.47555541992188,142.2879293728358,140.6870186953344,141.92317737522325,19674000
2021-09-15,143.34640502929688,143.36724367006724,140.28751670074934,141.70083390468355,27408000
2021-09-16,142.53306579589844,143.21789389256512,141.33363224313416,142.871012257135,26190000
2021-09-17,139.744140625,142.37426215695461,139.4166134851855,141.95791332781604,53384000
2021-09-20,137.6792449951172,137.95764383732217,135.2997322450259,137.12543075040233,46518000
2021-09-21,137.99038696289062,138.961549489437,137.24104391217074,138.70150564295537,25332000
2021-09-22,139.23147583007812,139.83045041240044,137.5124698153063,138.2593290730193,25056000
2021-09-23,140.15701293945312,140.63390890331934,139.34862203265052,139.9302261163697,20952000
2021-09-24,141.14852905273438,141.26317188611173,139.18933300671583,139.4846026662083,22984000
2021-09-27,140.01409912109375,140.87410203574274,139.01713059177794,139.74860330168596,21882000
2021-09-28,134.81141662597656,138.0534160284958,134.3449399306605,137.61522900485204,45772000
2021-09-29,133.3459930419922,136.1225153946374,132.86116135718453,135.95279250178928,30848000
2021-09-30,132.67356872558594,134.52607283172716,132.5544734426817,133.2546882825037,37996000
2021-10-01,135.51904296875,135.8837949065538,133.06756465527477,133.43925271047587,35360000
2021-10-04,132.65716552734375,134.94090486104298,130.0672375051425,134.94090486104298,51202000
2021-10-05,135.0029296875,136.1954268956084,133.03579845695447,133.03579845695447,32404000
2021-10-06,136.53338623046875,136.71699647050733,133.54099667756023,133.73949382505162,24364000
2021-10-07,138.1809539794922,138.99182860687787,137.61125333266637,137.850443401675,25110000
2021-10-08,138.7372589111328,139.2786547710328,138.17350997032952,138.53031118041213,26526000
2021-10-11,137.87225341796875,139.6567739216989,137.8176580005515,138.24742464561874,17954000
2021-10-12,135.42576599121094,138.46083253617908,134.74192230236443,138.43402701454784,36332000
2021-10-13,136.5502471923828,136.96511180410653,135.49521531767547,136.37208893538062,19654000
2021-10-14,140.0924835205078,140.27757789553945,137.78392262648904,138.4280577151178,31894000
2021-10-15,140.307861328125,140.65524269555343,139.69946688773342,140.55251849051083,30274000
2021-10-18,141.70730590820312,141.72517625679853,140.0116218475846,140.01857311030093,20396000
2021-10-19,142.16285705566406,142.5851727491795,141.5306404974809,142.3122259032988,20164000
2021-10-20,140.70587158203125,142.4695538565035,140.3163131219319,142.2631058944433,23288000
2021-10-21,140.8219757080078,141.08995517513137,139.44636796925485,140.70584874819411,26292000
2021-10-22,136.53488159179688,139.52875553803523,135.03571082515822,138.10650299028052,50588000
2021-10-25,136.41629028320312,136.96513715391242,134.40845059559413,136.51851473554404,34412000
2021-10-26,138.26382446289062,139.0325068979377,137.267355663292,138.21916373627255,49236000
2021-10-27,145.12100219726562,147.5352558412774,138.35958967330268,138.35958967330268,85782000
2021-10-28,144.7552490234375,146.054438272218,143.54241291786687,146.03111595714554,36206000
2021-10-29,146.93580627441406,147.13033561970673,143.56477703683294,143.99006104419053,43320000
2021-11-01,142.42091369628906,146.93581200680188,142.15145003137462,146.93581200680188,46924000
2021-11-02,144.34188842773438,145.50956421119818,143.25311477300548,143.49528827408025,33482000
2021-11-03,145.49867248535156,145.56913921007816,143.50671917135764,144.8063933276679,27494000
2021-11-04,147.15562438964844,148.61063405572054,145.21081578710826,146.02119056573684,38412000
2021-11-05,147.7357635498047,149.20019319950708,147.08567660753985,148.05087231856265,38354000
2021-11-08,147.9134063720703,149.48552742281953,147.31740001470018,148.70144323665562,23052000
2021-11-09,147.80177307128906,148.71090441297886,146.14081490134637,148.1139135667592,19530000
2021-11-10,144.79945373535156,146.9596459608255,143.45363459409407,146.39391306139473,29970000
2021-11-11,144.6733856201172,146.42913217183607,144.50863009769796,145.39097096057034,16518000
2021-11-12,147.5630645751953,147.7337869920276,144.32056534887636,145.51603116453387,22360000
2021-11-15,147.3387451171875,148.42801853120432,146.46832288502367,147.78388336285937,23508000
2021-11-16,146.76707458496094,147.64691660374896,146.20779328379493,147.03852213551875,18904000
2021-11-17,146.936767578125,147.44542122499766,146.13582776741984,146.9174130849966,19594000
2021-11-18,148.71485900878906,149.45129909726722,146.77551730421044,147.1298348231303,35608000
2021-11-19,147.80966186523438,149.8343718828614,147.7823717291642,148.8507911573627,33682000
2021-11-22,145.20486450195312,148.7059076930002,145.05152784228244,148.2126406962462,30594000
2021-11-23,144.68878173828125,145.5602035724951,143.03429028793806,145.05700179836145,27218000
2021-11-24,145.02423095703125,145.1527611600918,143.29033776996786,144.38257946964197,18040000
2021-11-26,141.1167449951172,143.47343471608676,140.7787985817031,143.26600240488204,30470000
2021-11-29,144.43914794921875,145.20039440867032,142.8144154479387,142.92012308902753,32596000
2021-11-30,140.83340454101562,144.90513286079363,140.53961906199348,143.92106736043897,42068000
2021-12-01,139.99375915527344,144.85602381982557,139.85530937917687,142.92015005272097,34020000
2021-12-02,141.89389038085938,142.7856510065103,139.16301355015398,140.1907554042833,29194000
2021-12-03,140.93661499023438,143.31712699642003,139.24886668872693,142.60352464934857,41230000
2021-12-06,142.08148193359375,142.77374594125564,139.0990115301262,141.9678386286235,30618000
2021-12-07,146.1651153564453,146.4246594362263,144.13842108192705,144.50465719357044,32240000
2021-12-08,147.0752410888672,147.28020490132727,145.30810591665517,146.48966913877248,24270000
2021-12-09,146.53135681152344,147.98189902251838,146.01178401342344,146.48421241020347,23270000
2021-12-10,146.89163208007812,147.86031099599933,145.60386142739566,147.58489560327317,24458000
2021-12-13,144.7329559326172,146.86037554582492,144.42626742648753,146.67328207860228,27070000
2021-12-14,142.8278350830078,143.3965362015146,140.15602113354242,142.88838224618928,38446000
2021-12-15,145.3428192138672,145.62071825548696,140.61553692266676,142.33355877435457,36370000
2021-12-16,143.36180114746094,146.56955875627122,142.53007278515918,146.06685680328061,33650000
2021-12-17,140.66220092773438,142.75587874027252,140.24038500191537,141.43138309383306,50416000
2021-12-20,140.54505920410156,140.71131399647618,138.27620679750612,138.95011570676814,27192000
2021-12-21,142.39659118652344,142.79011743592406,139.4488622569165,140.9882260878411,28756000
2021-12-22,145.31703186035156,145.4014011115473,141.99464616719504,141.99464616719504,26322000
2021-12-23,145.81475830078125,147.1318028392247,145.35373364931638,145.40137781045914,26384000
2021-12-27,146.79734802246094,147.23156722380827,146.06587524675373,146.15172864562504,15976000
2021-12-28,145.58697509765625,147.18688605386762,144.95922615738593,147.12435498406532,18200000
2021-12-29,145.5552215576172,146.31151586245565,144.5552847534047,145.54480223641073,17788000
2021-12-30,145.10415649414062,146.19541398986445,144.89970756909142,145.5939555410993,15688000
2021-12-31,143.76576232910156,145.59841206525712,143.76576232910156,144.95477660937993,18136000
2022-01-03,143.90419006347656,144.7572416495097,142.63527431481612,143.9672057510473,28646000
2022-01-04,143.31666564941406,145.38652168981594,142.63878874270526,144.3056835281372,28400000
2022-01-05,136.7418212890625,143.41589690893608,136.65548327199204,143.3369947744093,54618000
2022-01-06,136.71453857421875,138.89060201412212,135.53445940710563,135.97116230054874,37348000
2022-01-07,135.98951721191406,137.41028576271114,134.7483911122128,137.10954897347992,29760000
2022-01-10,137.62962341308594,137.77850766195442,132.16591525668977,134.06506401682157,44408000
2022-01-11,138.68812561035156,139.1645370402757,135.66746088310236,136.97210248313013,28730000
2022-01-12,140.369873046875,141.53854812763845,139.6394000091844,140.09147428558907,26108000
2022-01-13,137.54774475097656,141.7787770936722,137.37107060354336,140.47858803319025,31436000
2022-01-14,138.43453979492188,139.68658493826246,135.97115755847778,136.05104407819525,29662000
2022-01-18,134.97813415527344,136.10313304122235,134.42283585614052,135.15380874741192,34872000
2022-01-19,134.10325622558594,136.92493874451395,134.00301568869605,135.49970276827796,28648000
2022-01-20,132.30780029296875,136.59392702460264,131.96737020442174,135.22823884786024,29908000
2022-01-21,129.37400817871094,133.8541504970907,129.1109959938227,131.59919999940524,55652000
2022-01-24,129.82308959960938,130.21909952147814,123.56636302838503,125.03327622017262,76622000
2022-01-25,125.98310852050781,128.42863539946603,125.55187278454918,127.77458065092937,46960000
2022-01-26,128.26385498046875,132.00260372205207,126.18853245743428,130.13571302630768,49130000
2022-01-27,128.03759765625,131.65773660980562,127.9656316406239,130.3193534803954,31950000
2022-01-28,132.3509979248047,132.3564650399575,127.52149075583363,128.68668292409265,34362000
2022-01-31,134.28883361816406,134.4570723226851,131.2180418602811,133.15589912842472,39986000
2022-02-01,136.61178588867188,136.75967057677127,133.36085185882231,136.56265758061303,68644000
2022-02-02,146.89016723632812,150.4100660725742,144.43125235033537,150.1157959087475,123200000
2022-02-03,142.0169677734375,148.55259367465578,141.5956515737135,144.61286316505112,71518000
2022-02-04,142.21844482421875,143.78858213047806,139.4612771720624,142.3688132081946,57998000
2022-02-07,138.1571502685547,143.1682843478948,137.85839738019223,143.1682843478948,54974000
2022-02-08,138.3536376953125,138.95012868811895,135.98652845498887,137.98393352600814,54284000
2022-02-09,140.5301971435547,141.45571462604343,139.13573444735914,139.90641595810757,40144000
2022-02-10,137.58047485351562,140.42349572216153,136.92245230630547,138.65586088469732,39330000
2022-02-11,133.2755126953125,138.11295539537267,132.39962332012644,137.5606404788322,39958000
2022-02-14,134.50967407226562,135.27787180639476,132.25719261759903,132.25719261759903,34302000
2022-02-15,135.5840606689453,137.072811977897,134.80295993792927,136.53883693718322,26680000
2022-02-16,136.70509338378906,137.05047569540287,133.91218535408186,135.62177176243202,25022000
2022-02-17,131.54507446289062,136.08526315724788,131.48502706977027,135.22129248130244,38950000
2022-02-18,129.42510986328125,133.06461847926178,129.2201611900481,132.46612837230094,45620000
2022-02-22,128.84002685546875,131.18926578040976,127.2619388627428,128.86433355708314,44990000
2022-02-23,126.63121032714844,131.0607395809099,126.57116292849084,130.66126157793636,32786000
2022-02-24,131.6959228515625,132.00261130443673,124.01645216954687,124.01645216954687,54456000
2022-02-25,133.45118713378906,134.25709440677767,130.76348675698117,132.55049129326056,36406000
2022-02-28,134.04421997070312,134.73350055558737,131.59819315726125,132.05226662425127,38864000
2022-03-01,133.05616760253906,135.23371506860198,132.21950209052739,133.86704226332247,26496000
2022-03-02,133.56231689453125,134.24812921619397,132.0735657745416,133.6183964578992,23520000
2022-03-03,132.89537048339844,135.41631592852903,132.02791664044642,134.99003246039214,24604000
2022-03-04,130.9173126220703,132.84773411932804,129.36007848583986,131.93066729654552,30430000
2022-03-07,125.43077850341797,130.7471083714347,125.34790098196343,130.50196658252938,45112000
2022-03-08,126.15132141113281,130.2657337786117,124.73204492307673,125.30322963466459,40428000
2022-03-09,132.41944885253906,132.73258877718337,128.92634172002906,130.26572403252447,37026000
2022-03-10,131.4364013671875,132.27258215796604,129.93077920872005,130.28162863784974,27102000
2022-03-11,128.8966064453125,132.79217610039157,128.65940026907458,132.48747149297876,31526000
2022-03-14,125.00648498535156,129.43105445194786,124.33555942411138,129.27325019146025,38812000
2022-03-15,128.22914123535156,128.88072746557518,124.77771812675637,126.02380390981074,30920000
2022-03-16,132.28102111816406,132.33311772405185,127.76910672795162,129.75262441968042,35576000
2022-03-17,132.8353271484375,133.0750169543275,131.19372381937578,132.15049913160888,28264000
2022-03-18,135.1046905517578,135.22230167112554,131.2666850458185,132.42394150815238,44566000
2022-03-21,135.0808868408203,136.02227568775655,133.08694951089777,135.14241839412708,26832000
2022-03-22,138.81912231445312,139.99226524903366,135.08087260988333,135.08087260988333,35496000
2022-03-23,137.23855590820312,138.54171310581177,136.8013684687144,137.66235573176738,25154000
2022-03-24,140.51034545898438,140.5569900941861,136.7175005538764,138.1561240851599,26396000
2022-03-25,140.61056518554688,140.96984997833374,138.68957886194843,140.8517391159604,24126000
2022-03-28,140.39471435546875,140.93760943218095,138.7630305417239,139.84386848888616,35050000
2022-03-29,141.43685913085938,142.71521012259907,140.97336584085934,141.5778077356635,34318000
2022-03-30,140.8740997314453,141.6502331537412,140.53813719870882,141.39168860096095,19884000
2022-03-31,138.02462768554688,141.04232360786241,137.98195087256153,140.9877281817403,37524000
2022-04-01,139.0994873046875,139.41757946432682,137.27030594315084,138.4538680484704,25942000
2022-04-04,141.89935302734375,142.63430898174366,139.2583123546928,139.3059565218583,25942000
2022-04-05,139.53668212890625,141.91817820617155,139.32974959089583,141.7975988101207,21418000
2022-04-06,135.52403259277344,138.31544169493338,134.50075823179935,137.70951570655762,32468000
2022-04-07,134.86947631835938,136.13590856530524,133.22092149350598,134.9900557399391,26234000
2022-04-08,132.28797912597656,134.65260481245758,131.96838763466556,134.56675141890017,25142000
2022-04-11,127.85745239257812,131.10193533045702,127.70361595123991,130.83495535168646,36884000
2022-04-12,126.75676727294922,130.61313547778892,125.83820864259683,130.61313547778892,32710000
2022-04-13,128.919921875,129.3566247373108,126.78306734700756,127.04012777095205,27928000
2022-04-14,125.77965545654297,129.50104202641265,125.65161743574774,129.50104202641265,31598000
2022-04-18,126.71906280517578,127.25103890232958,125.23577072581848,126.04763739830032,20808000
2022-04-19,129.0340576171875,129.35561786649717,126.04711985372514,126.73393183820416,26490000
2022-04-20,127.0798110961914,130.41363040865102,126.54386726306718,129.91042868655606,31696000
2022-04-21,123.87850189208984,129.12287322992793,123.59265963521985,128.28074070309174,36446000
2022-04-22,118.73833465576172,124.46159322543367,118.03316776233336,124.06260745581366,56884000
2022-04-25,122.15106201171875,122.35303480833002,117.62228414008575,118.20785607828329,46128000
2022-04-26,117.7602310180664,121.59128502362185,117.6222734562165,121.37740120497031,73054000
2022-04-27,113.43739318847656,116.3627840575596,111.89107816216398,113.6110762978176,91820000
2022-04-28,117.6336898803711,118.75223733155552,113.2592408453906,115.54199599993349,48884000
2022-04-29,113.25377655029297,117.0357022536662,112.96099060726237,115.85909136700216,42676000
2022-05-02,115.708740234375,115.87002012682098,111.75560719290151,112.55457077295934,35534000
2022-05-03,116.45410919189453,117.55380196982412,115.16435465778821,115.55738116745341,24968000
2022-05-04,121.34416198730469,121.93320955294836,114.25273835602403,116.15387837554545,49916000
2022-05-05,115.63182067871094,120.13132441982566,114.14306924777586,119.30258703193357,45840000
2022-05-06,114.87850189208984,116.68982055185312,113.16048764451185,114.32071990780224,39710000
2022-05-09,111.66727447509766,114.21403375682236,111.16060468534064,112.40073109237771,40802000
2022-05-10,113.5371322631836,115.37822468562551,112.05384051914055,114.64129249603656,39900000
2022-05-11,112.75059509277344,115.49188386833971,112.38734239433477,112.38734239433477,37534000
2022-05-12,111.99777221679688,113.437887434489,109.00091505173944,110.54227032758833,53836000
2022-05-13,115.18022918701172,116.99104817996168,112.75307250236035,113.67410719481575,35038000
2022-05-16,113.58676147460938,115.29882395655737,113.03543099853194,114.09343122897408,25990000
2022-05-17,115.59955596923828,116.02335578859825,114.00858018939827,115.96430034993351,23054000
2022-05-18,111.06034851074219,114.53460130112576,110.71892645653855,114.13759944080856,35126000
2022-05-19,109.55622100830078,112.16252780264969,109.1750980007813,110.59586629730997,34144000
2022-05-20,108.09127807617188,111.342219588695,105.00311572660543,111.11145738973211,48962000
2022-05-23,110.65193939208984,111.30649385728398,107.92553778216092,108.76569397448277,37184000
2022-05-24,105.17532348632812,105.66016266842033,101.12045838122785,104.97881024305309,76780000
2022-05-25,105.01156616210938,105.70135403815657,103.07767643363695,104.19820785575082,40258000
2022-05-26,106.98416137695312,107.83472935545615,104.43591035610642,104.88452423587293,37948000
2022-05-27,111.47422790527344,111.47571962495518,108.32005857394647,108.66198041267312,37914000
2022-05-31,112.90888977050781,114.86709364566386,111.2380123045194,111.90100218674581,50012000
2022-06-01,113.03791809082031,116.22335308466774,112.40073416812857,113.99370154703936,36606000
2022-06-02,116.74044036865234,117.01536355537438,112.09951102289412,113.14510810652334,37992000
2022-06-03,113.68204498291016,115.4491951222644,112.66721372995826,115.19213472594434,26136000
2022-06-06,115.9444580078125,118.45200851593447,115.29287939106017,115.8293229932543,33542000
2022-06-07,116.27099609375,116.80843927234521,114.18922914451457,114.61451316562906,31590000
2022-06-08,116.31515502929688,117.68133553709298,115.72560771609342,115.88589564814693,26108000
2022-06-09,113.9743423461914,117.41187026218664,113.91528690568272,115.45515051267915,25798000
2022-06-10,110.32789611816406,112.42951723475551,109.53835989670536,111.60177178540827,41452000
2022-06-13,105.59465026855469,107.97565433501417,105.32320273539445,105.98569282343811,47252000
2022-06-14,105.91524505615234,107.11517845506856,105.00661350025801,105.73610237348502,33706000
2022-06-15,108.94136810302734,110.58792369792694,106.86207751338269,107.73100798954947,39698000
2022-06-16,105.23834228515625,107.83372995527769,104.34955756910561,106.416937075221,51684000
2022-06-17,106.34001922607422,107.88435035184875,104.25824499723922,105.23834264435271,51376000
2022-06-21,110.70751953125,111.6459323463121,107.78559662841934,108.11262398002309,47416000
2022-06-22,110.65145111083984,112.49650392931514,109.55473424500163,109.72743298190343,30774000
2022-06-23,111.40028381347656,111.89703403190568,109.67185020461025,111.38986449241077,28362000
2022-06-24,117.09030151367188,117.19352549247178,112.10546625400416,112.14765087738255,41164000
2022-06-27,114.96485900878906,117.69026114363895,114.31575650129828,117.38606391266642,36420000
2022-06-28,111.16754913330078,116.42979107455284,111.0092451116475,114.93408839680073,35792000
2022-06-29,110.86385345458984,112.3119120901415,110.04106774033188,110.7154765500455,24716000
2022-06-30,108.1458740234375,110.05644130249395,105.94947205566056,109.17510001051674,43170000
2022-07-01,107.92206573486328,108.43071939882303,105.93011274488833,107.12359442814898,35476000
2022-07-05,112.41364288330078,112.52678642393329,104.93861973628887,106.29735689624175,39342000
2022-07-06,113.71280670166016,114.72267814015275,110.64002338455644,112.45233394606342,37432000
2022-07-07,117.89222717285156,118.2956805304421,113.97235155645592,114.21700114130591,40936000
2022-07-08,118.45845794677734,118.78746921249528,116.02484225798968,116.37073191522165,38238000
2022-07-11,114.80903625488281,117.11312990957636,114.4656302547842,117.11312990957636,31196000
2022-07-12,113.16545867919922,116.09680918580032,112.83743934520429,115.34349827319495,29960000
2022-07-13,110.5184555053711,113.3396382596684,110.36759493610163,110.86334564985317,43722000
2022-07-14,109.53984832763672,110.25990976214192,107.56030598074837,109.38402798124689,37004000
2022-07-15,110.93927001953125,112.29205534108347,110.06835559507293,111.16060487695782,46770000
2022-07-18,108.21236419677734,112.82749456702116,107.55731758703521,111.7952927959853,43164600
2022-07-19,112.95652770996094,113.16495199528867,108.73839878398343,110.01872588429481,36530900
2022-07-20,113.04586029052734,114.5346117230483,111.63651075173104,112.32133126160736,35600400
2022-07-21,113.4825668334961,113.69099871827146,110.27679267080364,113.42301919337862,32676200
2022-07-22,107.09085845947266,111.49755771109314,105.70135555742696,110.16761001759993,48901200
2022-07-25,106.70378112792969,109.04608401682407,105.50285586600882,107.59703351304728,34690900
2022-07-26,104.23245239257812,106.39610489008601,103.28957946507946,105.80060580049833,47991000
2022-07-27,112.212158203125,113.05579009257278,107.20003280514234,108.44065902823431,59858500
2022-07-28,113.36346435546875,113.48255962814197,110.62415950126018,111.52733903733414,32816600
2022-07-29,115.44770050048828,115.83477523268938,112.2121455551487,112.23199981290196,37223400
2022-08-01,113.99866485595703,115.8447173118564,113.48256009829609,114.4353677167191,26034300
2022-08-02,114.26663208007812,115.4774844552109,112.86720967281481,113.14510872831781,20236000
2022-08-03,117.19451141357422,117.73046282343833,114.61401051481387,114.84228148786751,28499000
2022-08-04,117.3036880493164,117.88925996691131,116.01343380363976,116.59901329341588,21602900
2022-08-05,116.5890884399414,117.22428844560957,115.13011082398499,115.35838937548199,19159500
2022-08-08,116.42037200927734,119.24899838566922,116.00351582840237,117.50219448024508,19138300
2022-08-09,115.75537872314453,116.44020677601095,114.84227970077666,116.26155630883628,19086500
2022-08-10,118.80236053466797,120.01321290367328,117.5220409743198,117.88926147915558,30930400
2022-08-11,117.94880676269531,120.57893573886966,117.67090771413612,120.37051145245026,24293700
2022-08-12,120.76751708984375,120.76751708984375,118.56416374756623,119.35816754426888,19096300
2022-08-15,121.16452026367188,121.38287168867272,119.70554262587667,120.22163979863927,19494800
2022-08-16,120.78736877441406,121.51189783679357,119.73532013661259,120.60871829137403,19041200
2022-08-17,118.65349578857422,120.38044538230633,118.48476486626201,119.21922104715102,22847000
2022-08-18,119.26883697509766,119.91396410503756,117.82971363092356,118.53438839458119,17987700
2022-08-19,116.3310317993164,118.25648600514175,115.8844094146696,118.16715698490374,21809500
2022-08-22,113.38330841064453,114.76288414973949,112.99623363908157,114.33610843081347,21456600
2022-08-23,113.00617218017578,114.14754992252863,112.57939641815453,112.62902450041508,15870400
2022-08-24,112.83743286132812,113.91925523756754,112.02358240373205,112.6488552620206,17734600
2022-08-25,115.77523040771484,115.84470516717248,113.25427723682488,113.3832996266231,16956800
2022-08-26,109.51255798339844,114.25671917939691,109.36368888940646,113.85971726032743,37245700
2022-08-29,108.5994644165039,110.11798983023127,107.98411860409172,109.1651897191118,21191200
2022-08-30,108.12306213378906,109.67136128172704,106.99161159149872,109.34383413206885,27513300
2022-08-31,107.40845489501953,110.01872968878591,107.31912587125797,109.82023252604237,28627000
2022-09-01,108.91705322265625,109.62172799554575,106.55490366400493,107.46800272981824,28360900
2022-09-02,107.04122161865234,109.90954864249888,106.4556497164562,109.76067199157715,24160700
2022-09-06,106.00902557373047,107.21987796172488,104.98675079205103,106.49535649820784,25068300
2022-09-07,108.62921905517578,109.15525088592688,106.09834633659005,106.25714254097879,23167000
2022-09-08,107.5672607421875,108.77811323101261,106.35641582554445,107.22981402087272,24238300
2022-09-09,109.82022857666016,110.15767525562512,108.20244722697193,108.25207530196377,23197700
2022-09-12,110.02864837646484,110.78295116694179,109.10562225338329,110.15767076513058,22966800
2022-09-13,103.53768920898438,107.4878459557865,103.30941067987318,106.99159552676103,38172900
2022-09-14,104.21260070800781,104.49049976501348,102.88265305742887,103.78582499269729,26395100
2022-09-15,102.1382827758789,104.48057819770708,101.58247706009536,103.24987906308242,34188300
2022-09-16,102.02909088134766,102.35661040850711,100.18303868602453,101.30456192573307,42797200
2022-09-19,102.29708099365234,102.55513338200242,100.78848275782978,100.98697993521787,23036800
2022-09-20,100.38153839111328,101.60231780519607,99.7661851195669,101.31449164135248,26517100
2022-09-21,98.53548431396484,102.10848590077619,98.52555718513969,100.90756076707413,31487300
2022-09-22,99.3890380859375,100.48078754574622,98.04916340470949,98.07893721973088,34298600
2022-09-23,97.99954986572266,98.9126565708246,96.73907688573331,98.88287517920556,31625400
2022-09-26,97.43382263183594,99.1309984554555,97.06660210321118,97.3643478638111,27072700
2022-09-27,96.76883697509766,99.25008920522836,96.14356413908983,98.6843639996458,30072800
2022-09-28,99.29971313476562,99.94483262993302,96.381758210805,96.91770957880883,32466300
2022-09-29,96.68944549560547,97.90029792581369,95.24039494587191,97.90029792581369,31047200
2022-09-30,94.9327163696289,98.15834442273268,94.84338734754718,96.32221919924832,32941500
2022-10-03,97.9002914428711,98.54541856387281,95.7961867385492,96.0343924144823,27982000
2022-10-04,100.87779235839844,101.07628951245434,99.62723908573932,99.68679428970093,28850800
2022-10-05,100.66937255859375,101.16562303801653,98.05909776281518,99.0813725388771,22176900
2022-10-06,100.65943908691406,102.15811756055992,99.83566152564943,99.92499054385183,22324000
2022-10-07,97.93999481201172,99.77612006938209,97.56284717405835,99.10121911523618,27502800
2022-10-10,97.12613677978516,98.35683575149946,96.28251254572439,98.25758717787716,18225100
2022-10-11,96.45123291015625,98.50570936685996,95.58775444463303,96.69935812266723,26507100
2022-10-12,96.8283920288086,98.00947060399531,96.01454153781964,96.5703472290624,21876400
2022-10-13,98.317138671875,99.03174054553159,93.67223406528825,94.43646401379698,34574500
2022-10-14,95.83587646484375,99.93490968518162,95.64730645869946,99.2401545699849,25410700
2022-10-17,99.22032165527344,100.17312166314639,98.08887117266298,98.11864498975567,28419200
2022-10-18,100.01432037353516,102.69407756152302,99.22032413323551,102.35662329095497,24060700
2022-10-19,98.88287353515625,100.26244934213878,98.17819872219395,99.26002876757398,23811100
2022-10-20,99.22032165527344,101.55269738443776,98.64466928421018,99.25009547236613,25323200
2022-10-21,100.37162017822266,100.55027065536837,96.98719581452741,97.11621821439542,32458700
2022-10-24,101.75119018554688,101.97946872710929,99.23024453211379,101.03659588940504,27176400
2022-10-25,103.6965103149414,104.03395702843999,101.94970639256357,102.12835687976337,40611400
2022-10-26,94.21810913085938,97.57275938958455,93.9799110391379,95.70686045543493,88114100
2022-10-27,91.5284423828125,94.71436964764622,91.11159378491239,93.81119011334766,60710900
2022-10-28,95.56791687011719,95.82596923593994,91.43910930567836,91.57805883215646,43697300
2022-10-31,93.80126190185547,95.30985993363518,93.27523763795979,94.70443378065085,31675000
2022-11-01,89.79155731201172,95.30985987309171,89.69230873680442,94.73420753583606,47161400
2022-11-02,86.31780242919922,90.4962302100432,86.22847341279218,90.25803211992569,57038300
2022-11-03,82.80435943603516,85.87118391743043,82.71503040774212,85.67268674461754,61288000
2022-11-04,85.93073272705078,85.99028036002329,83.08225231902676,84.75958132144375,51124900
2022-11-07,87.82640075683594,88.2333297523098,86.19869991930204,86.62547560061769,34078900
2022-11-08,88.23332214355469,89.64267145439061,86.93314095370565,88.23332214355469,30429000
2022-11-09,86.66517639160156,88.769280979615,86.62547544780726,87.78669965811274,31769100
2022-11-10,93.23554229736328,93.68216469901468,90.92301325088243,91.55821325740865,51620100
2022-11-11,95.68701934814453,96.20311650565995,93.21568655329872,93.97991651822383,33090500
2022-11-14,94.98235321044922,96.06418335802448,93.80128203848012,94.37692692749607,30179500
2022-11-15,97.7018051147461,99.3890538592967,95.98477497826687,97.52315462408457,41640800
2022-11-16,98.10871887207031,98.89279554305216,96.90779361312791,97.16584598422887,29105200
2022-11-17,97.62239074707031,98.53548977287406,96.06416461114264,96.24281507898955,26052600
2022-11-18,96.69937133789062,98.15834899839231,95.64732271616575,98.02931902405741,28342300
2022-11-21,94.88308715820312,97.66209278418218,94.64488905580471,96.56041614884042,21647400
2022-11-22,96.32221984863281,96.49094319214763,93.34471701030947,95.23046275016921,23438500
2022-11-23,97.72164154052734,98.01939485108537,96.36191252817821,96.36191252817821,18868100
2022-11-25,96.72913360595703,97.90028493210765,96.66958597702451,97.50328307080257,9701400
2022-11-28,95.32971954345703,96.84824478966246,94.8930167011355,96.31229336649913,26237500
2022-11-29,94.47615814208984,95.39918423359627,93.40425540895066,95.01210950865944,20061700
2022-11-30,100.23267364501953,100.28230172378092,93.7119423925294,94.10894430607547,43647500
2022-12-01,100.23267364501953,101.48322702242606,99.49822502687739,100.26244746340369,28687100
2022-12-02,99.68679809570312,100.01431765518183,98.15834572013763,98.30722237745412,21480700
2022-12-05,98.73399353027344,100.6197391952586,98.25758976329782,98.654591640414,24405100
2022-12-06,96.25273895263672,99.0317368813684,95.69693330914573,98.55534069801135,24910700
2022-12-07,94.22804260253906,96.1534892961787,94.00969118202147,95.68702021037814,31045400
2022-12-08,93.00725555419922,94.8632349057904,92.74920320796852,94.66473018862035,32213300
2022-12-09,92.13387298583984,93.5531497701553,92.05447108563907,93.06681881056203,28225400
2022-12-12,92.61026000976562,92.85838524401936,90.92301144571273,92.0147609619929,29420000
2022-12-13,94.9128646850586,98.78361996821883,94.3173656196912,97.0268965895578,40593700
2022-12-14,94.3570556640625,96.14356022591579,92.89807820057908,94.48607804879279,28733600
2022-12-15,90.17864227294922,92.93779386609687,89.33501792983441,92.43161623135528,40107000
2022-12-16,89.58313751220703,90.64511322161134,88.84868136014701,90.07938798524047,58011800
2022-12-19,87.77678680419922,89.88088398070708,87.54850825299513,89.5831382377842,29493000
2022-12-20,88.35243225097656,88.51123603944568,86.78428648684181,87.44926031364805,23453800
2022-12-21,88.90823364257812,89.54343362140024,87.6576803714429,88.41198318586204,24745600
2022-12-22,87.10188293457031,87.87603244128935,85.67267918543912,87.49888481734911,27658300
2022-12-23,88.56085205078125,88.87845201226797,86.41704663161055,86.45674757331894,23003000
2022-12-27,86.73464965820312,88.27302902200118,86.35750205691602,88.13407950720169,20097300
2022-12-28,85.37493133544922,87.37978756410344,85.29553701156534,86.3277389438716,19523200
2022-12-29,87.78670501708984,88.18370690708726,85.96050692415548,85.97043405375527,23333500
2022-12-30,87.56836700439453,87.63784177185843,85.92081170141935,86.32774074812349,23986300
2023-01-03,88.45169067382812,90.36721788133093,87.8561840239744,88.91815977701387,28131200
2023-01-04,87.41947937011719,89.97020633006692,86.6155485078444,89.67245303705022,34854800
2023-01-05,85.55358123779297,86.9133103030513,85.25583548783042,86.81406171973046,27194400
2023-01-06,86.6850357055664,87.03241712132741,84.22363740919263,86.13916468627973,41381500
2023-01-09,87.35991668701172,89.37469966248176,87.20112049726745,87.69737089501099,29003900
2023-01-10,87.75692749023438,88.00505271446971,85.18635380180301,85.3352304507804,30467800
2023-01-11,90.83368682861328,90.91308872474838,88.34251480787275,88.51123815802363,26862000
2023-01-12,90.44660949707031,91.18106565731547,89.07696090221926,90.79399088981015,30258100
2023-01-13,91.42918395996094,91.49865871880165,89.45410175315347,90.1687035996184,26329200
2023-01-17,90.60540771484375,91.5582076664508,89.37470872387392,91.36963007309137,32602400
2023-01-18,90.43669128417969,92.10409321983435,89.96028748591486,91.4490389437429,29116700
2023-01-19,92.35221862792969,92.90801675008117,89.95036051681471,90.03968954197848,37000400
2023-01-20,97.2849349975586,97.56284161050858,94.3074322941516,94.38683418356587,63191100
2023-01-23,99.04166412353516,99.28978934453644,96.76883619050167,97.21545855943167,40005100
2023-01-24,96.96733856201172,98.86301898722769,96.47108809327639,97.36434045143623,33078500
2023-01-25,94.50595092773438,95.43890433521841,93.0569003074566,94.85332477982458,42330000
2023-01-26,96.78868865966797,96.83831673570589,94.66473724676266,95.77634102925325,30114000
2023-01-27,98.62482452392578,99.5676974204637,96.58026736816271,96.58026736816271,33879800
2023-01-30,96.21304321289062,97.55291796280574,95.67709179848833,96.74899462729292,27226200
2023-01-31,98.09878540039062,98.13848634508432,96.09393691253494,96.1435649864473,29870700
2023-02-01,99.6768798828125,100.43118279442785,96.84825342948243,97.96977688019028,35531100
2023-02-02,106.93204498291016,107.04122068782463,104.81802078918444,105.00659838352416,69883800
2023-02-03,103.99425506591797,107.00153192767223,101.81075586334931,102.158129703915,65309300
2023-02-06,102.12834930419922,103.57739978303069,101.11599409443309,101.6320988290303,31999600
2023-02-07,106.83280944824219,107.36876090901447,102.34670815863325,102.44595674643955,49010200
2023-02-08,98.62482452392578,102.36654986458451,97.3047964110275,101.28472743744483,94743500
2023-02-09,94.29750061035156,99.27985116155742,92.92784469672775,99.25007734990125,119455000
2023-02-10,93.86080932617188,96.02446157990344,93.54320934269664,94.73420738768355,54980700
2023-02-13,93.9005126953125,94.48608460376701,93.13628274609768,94.02953508899373,50076100
2023-02-14,93.9699935913086,94.13871694148641,91.56814302420062,93.72186834498302,54726100
2023-02-15,96.21304321289062,96.39169368435806,93.44396469123609,93.78141137501834,50169000
2023-02-16,94.79376220703125,96.94748732289182,94.02953228064146,94.65481268808418,42462600
2023-02-17,93.6424560546875,94.84338120494091,92.51100566280641,94.13870649225572,34284100
2023-02-21,91.1016616821289,92.40183548316473,91.03218691960443,92.30258690415565,33629300
2023-02-22,90.96270751953125,91.41925701744177,89.9305056916628,91.0123280204154,30884000
2023-02-23,90.20840454101562,91.2505334957778,89.08688127056686,91.23067923772057,41206400
2023-02-24,88.46160888671875,89.21591174546491,87.91573789556128,88.76928933704684,36585100
2023-02-27,89.19606018066406,89.48388635539742,88.67002833376313,89.19606018066406,27502300
2023-02-28,89.38463592529297,90.54586782791486,88.65018731956766,88.66011444958845,30142000
2023-03-01,89.6823959350586,90.34736982458105,88.99756778401425,89.30524826014633,31111200
2023-03-02,91.31008911132812,91.58798817098749,88.91815814235167,88.98764047944798,32204400
2023-03-03,92.94770050048828,93.02710238101369,91.75669500914752,91.78647639347962,35160100
2023-03-06,94.4166030883789,95.25030773950542,93.29507985441194,93.3149265396428,32639300
2023-03-07,93.15614318847656,94.95256755074698,92.8286160456438,94.26774701922037,27835500
2023-03-08,93.54320526123047,95.24038080876726,93.29508004833596,93.41418287651032,34103300
2023-03-09,91.627685546875,94.81361262324073,91.21083697363413,93.34471548738784,28813500
2023-03-10,89.95035552978516,92.09416114868083,89.72208455892081,91.47880785314275,35941000
2023-03-13,90.4267578125,91.87580822116699,88.74942886454899,89.41440265175312,37335600
2023-03-14,93.26530456542969,93.65237928484429,91.74677950123697,91.86587475509965,36050200
2023-03-15,95.38926696777344,96.20311744437676,91.94528745764846,92.52093982631897,50622100
2023-03-16,99.56769561767578,100.43117417550806,94.78384131193948,95.47858895236912,65492000
2023-03-17,100.85794067382812,102.06878536905513,99.34933511791077,99.50813889103078,61028500
2023-03-20,100.4609375,100.98696174026774,99.12106286358244,99.3691880767035,32960400
2023-03-21,104.1332015991211,104.31185207942887,100.46095098101657,100.4907247990376,42110300
2023-03-22,102.59483337402344,105.7906803043521,102.5551324244801,103.48807823611187,43427400
2023-03-23,104.80809783935547,105.50285304125943,103.67664737256062,104.27214642263456,40797800
2023-03-24,104.6493148803711,104.69893539038938,103.06130711614168,104.20268485711324,30393300
2023-03-27,101.69164276123047,103.97439789278444,101.16561848824847,103.83544837056961,31120900
2023-03-28,100.27236938476562,101.6817189110704,98.9920422554838,101.67179935357876,32057900
2023-03-29,100.62967681884766,101.72142641563612,99.89522819150731,101.51300211215501,28779600
2023-03-30,100.13341522216797,100.4013947056614,99.03173861709708,100.15326948059464,33086200
2023-03-31,102.9521255493164,103.11092176173695,100.28229560510373,100.54034796899097,36863400
2023-04-03,103.57740020751953,103.74612355244493,101.16562258542722,101.62217211579193,25035400
2023-04-04,103.93470001220703,104.78825142936967,103.25979906775706,103.54762525002644,24420100
2023-04-05,103.68657684326172,105.30435068738927,102.88265348611964,104.98675068203352,28290500
2023-04-06,107.60694885253906,108.35132454892715,103.54762368954962,104.4706498559581,48711500
2023-04-10,105.64179992675781,106.78316992246287,104.33169902046775,106.17775133008297,27067400
2023-04-11,104.55996704101562,105.9296231127123,103.89499326334945,105.75097264997711,26311800
2023-04-12,103.85530090332031,105.94947855596209,103.55754758342394,105.78075520837217,24370300
2023-04-13,106.62437438964844,106.68392202189075,105.04629398559699,105.04629398559699,24843600
2023-04-14,108.05357360839844,108.12304836716059,106.0387904599343,106.0884185328419,26578000
2023-04-17,105.17532348632812,105.36390108383588,103.73619261199721,103.8751497069163,37571200
2023-04-18,103.71634674072266,105.74104953791142,103.28957103976354,105.69142146275153,26596400
2023-04-19,103.39875030517578,104.19275410196762,102.29707363391327,102.8032512436726,20905700
2023-04-20,104.50041961669922,105.45321956243694,103.09107017022347,103.13077111448514,27820800
2023-04-21,104.61952209472656,105.20509398319376,103.99424168995147,104.67906972482673,25800100
2023-04-24,105.17532348632812,105.83037015463859,103.9148430801148,104.69891971395418,23542800
2023-04-25,103.07122039794922,105.88992698575956,103.06129326840653,105.03637557743666,46664100
2023-04-26,102.9322738647461,105.55247579876328,101.86037100841686,104.13319912015552,53347600
2023-04-27,106.78316497802734,107.5573220173271,102.7635409974829,103.66671285172822,50089200
2023-04-28,106.53504180908203,106.54496893818438,104.30191480844489,106.23729608563893,36139800
2023-05-01,106.3960952758789,107.18017190898796,106.01894765339576,106.03879433997653,26681700
2023-05-02,104.53020477294922,106.3961039226054,102.93227756090715,106.33655628584265,30997200
2023-05-03,104.61952209472656,106.68391818406765,104.17289215243281,104.7386173549269,21795400
2023-05-04,103.9049301147461,104.80810206984134,103.1903281969406,104.69892635616654,23419500
2023-05-05,104.7783203125,105.08599317017097,103.32926989883089,104.03394463322047,26639300
2023-05-08,106.96182250976562,107.15040011064862,104.37140203396783,104.3912487209223,26511400
2023-05-09,106.54497528076172,109.32398096474886,106.38617906657517,107.57717717560891,36360100
2023-05-10,110.91197967529297,112.09305821305404,107.12062640001808,107.1603273461475,63153400
2023-05-11,115.69583129882812,117.03570601894897,113.55203326107099,114.53460704620213,78900000
2023-05-12,116.62879180908203,117.14488898483823,115.23928892825631,115.80501418168475,41102300
2023-05-15,115.63629150390625,117.59151964950284,115.14004101303124,115.23928959676992,36266800
2023-05-16,118.61378479003906,119.84448378697832,115.55688019785937,115.61642782881711,45035600
2023-05-17,119.93379974365234,120.75757727103849,117.99842610430477,118.71302793181175,33323600
2023-05-18,121.90888977050781,122.38528597148938,119.92388793132871,120.04298319548356,35234200
2023-05-19,121.83940887451172,125.0253357573237,121.23398273827031,122.6234854701716,41353400
2023-05-22,124.11225128173828,125.48189991592048,121.81956885585257,122.01807359628725,35253000
2023-05-23,121.64090728759766,123.69538383768969,121.29353348872816,123.22891477759688,34046300
2023-05-24,119.99336242675781,120.99579047353133,118.96116056401159,120.21171384013235,34182600
2023-05-25,122.55402374267578,124.38022190229562,121.0454180200336,123.58621809330694,42317000
2023-05-26,123.67554473876953,124.32067187463625,121.53173903906134,122.24634093896407,35635900
2023-05-30,122.74259185791016,124.71767421950892,121.08511707268141,124.6978199598951,35076700
2023-05-31,121.94860076904297,123.12967181163546,121.58137267253642,121.82949792288854,37325800
2023-06-01,122.79220581054688,123.48695337348924,121.70045639498866,121.89895353520633,30772700
2023-06-02,123.7350845336914,125.2039891873368,122.83191265844434,123.06018362345124,26980100
2023-06-05,125.06505584716797,126.47440548046157,122.91132287552142,123.0800538040451,32305500
2023-06-06,126.35530090332031,127.32794765072265,124.41992696662459,125.06505413625041,26638300
2023-06-07,121.58135986328125,128.072309065116,121.20421224846599,126.01784008371891,52539000
2023-06-08,121.22406005859375,122.3058899837172,120.33080772871682,121.31338907767194,29389200
2023-06-09,121.31340026855469,122.83192558333546,120.99580025220958,121.33324695674678,23778300
2023-06-12,122.71280670166016,123.11973569214682,120.74765922363488,121.86918247837939,28306400
2023-06-13,122.9013900756836,124.22141810946202,122.25626296673931,124.04276764194177,22278300
2023-06-14,122.74259185791016,123.11974706875885,120.53923851602217,122.17686661381849,30592300
2023-06-15,124.15193939208984,124.51916746718288,121.48211700306517,122.21656558106999,35246300
2023-06-16,122.60364532470703,125.16429968039003,122.35552007874196,124.98564920040793,45535600
2023-06-20,122.1768569946289,123.63583450194002,121.22405705707857,122.00813366210225,26097500
2023-06-21,119.64598846435547,121.74016600309444,119.19935850880321,121.48211364469854,30306300
2023-06-22,122.22649383544922,122.31581528654226,117.93889002281252,119.10011432011007,26952200
2023-06-23,121.42256164550781,121.86919161284854,120.15216165092147,120.46976164956806,34913600
2023-06-26,117.45255279541016,121.08510972170825,117.38307803534231,119.85441072671466,33969900
2023-06-27,117.44263458251953,118.18701026555762,115.22935421985997,116.20200844412273,39535900
2023-06-28,119.27876281738281,119.48718710532653,115.97373288245846,116.21193098693968,27091400
2023-06-29,118.20685577392578,119.15965573005691,117.41285959657364,118.34580529426692,24090900
2023-06-30,118.80236053466797,120.17201669011786,118.79244097715116,119.26883719212228,29532200
2023-07-03,119.00086975097656,119.28869594561498,117.9289668686366,118.34581546548606,14467900
2023-07-05,120.83699798583984,121.69054946034393,118.33589877202023,118.34581833015085,27584800
2023-07-06,119.20928192138672,119.39785951266347,117.51210631643842,118.90160907008745,24745200
2023-07-07,118.58402252197266,120.1422487852775,118.50462062484308,119.19936829427263,21709500
2023-07-10,115.57673645019531,117.42278888448908,115.2690635685402,117.41286932662906,35315200
2023-07-11,116.26155853271484,116.82728376089246,114.48498095632307,115.41793425521223,23078800
2023-07-12,118.03813171386719,119.4276344809341,117.52203458036395,117.90910932353661,30404400
2023-07-13,123.60607147216797,123.89389766157021,119.54673857522506,120.02314237165878,44297900
2023-07-14,124.4794692993164,125.82927121842717,122.56394213265052,123.86412354678572,33283100
2023-07-17,123.71524810791016,126.14687246896142,123.26861812563564,124.99557527494002,25716200
2023-07-18,122.8319091796875,123.74500815821673,122.03790545876947,123.6656062716888,26193600
2023-07-19,121.1148910522461,124.24127059365078,120.88662007165094,123.66561821898068,37224000
2023-07-20,118.30611419677734,123.15944340000809,117.3334674734311,120.50946759155578,37906800
2023-07-21,119.11995697021484,120.08268407322286,117.83963744818556,119.71546357937767,72937900
2023-07-24,120.61863708496094,122.07761466691946,120.0727661155314,120.74766705234958,29686100
2023-07-25,121.29354095458984,122.22649427656242,120.11246239355489,120.44991665621404,52509600
2023-07-26,128.3006134033203,129.99778169720037,127.3577404462354,129.0946172624733,61682100
2023-07-27,128.4296112060547,132.24082619562287,127.82418504749104,130.6825925035767,44952100
2023-07-28,131.5857696533203,132.73707431896543,129.59084831881933,129.799265024623,36591200
2023-07-31,131.72471618652344,132.52863946512642,130.7917629491062,131.7346357432163,28055500
2023-08-01,130.56349182128906,131.6353945728261,129.7000057705623,129.79926191480814,23166800
2023-08-02,127.41726684570312,129.1144348566753,126.60340886103654,128.4792349041098,26273300
2023-08-03,127.48674011230469,128.41969339996243,126.46446537651686,127.01034391124875,20089500
2023-08-04,127.14928436279297,130.52378119142634,126.95078722187826,128.31050853872318,26147200
2023-08-07,130.5436553955078,130.6230572928783,128.05248333600815,128.19143287031562,22746300
2023-08-08,130.4146270751953,130.52380279242055,128.56857458489054,129.64047749645752,23535200
2023-08-09,128.68765258789062,131.04979410608198,128.0325984495489,130.67265411424023,24912900
2023-08-10,128.7174530029297,131.0597558939105,128.47924731856517,130.33523442746744,20857800
2023-08-11,128.58840942382812,128.95562989704715,127.20883382963942,127.6951647046181,19591100
2023-08-14,130.3451690673828,130.38486244718834,127.99294634651456,128.4197145429739,24695600
2023-08-15,128.8067626953125,130.43446352895285,128.31051225646652,130.1168711231594,19770700
2023-08-16,127.73485565185547,129.30300880340994,126.91108570581908,127.73485565185547,25216100
2023-08-17,128.9457244873047,131.00020876899563,128.32044402863997,128.82662921684016,33446300
2023-08-18,126.50416564941406,128.2807431949733,125.4322628444653,127.54628706629671,30504800
2023-08-21,127.40733337402344,127.76463429731196,125.6109092007312,126.22626247354604,25248700
2023-08-22,128.11203002929688,129.30302819235456,127.35773472637845,127.54629719383558,22054900
2023-08-23,131.37734985351562,132.40955935337914,128.8960974039479,129.2037702845962,27819700
2023-08-24,128.8067626953125,133.24324283014445,128.59834599183964,132.94548953796456,28500700
2023-08-25,128.90602111816406,129.77941160779702,126.2957389175236,128.5685593040722,26762900
2023-08-28,130.0275421142578,131.54606733409824,129.16407114652645,130.3252954237949,20543300
2023-08-29,133.56085205078125,135.54585383099212,131.24832315951218,131.24832315951218,43075600
2023-08-30,134.86102294921875,135.2580172391428,133.06459879911617,133.76926593538553,28315800
2023-08-31,135.1488494873047,136.9651280020466,134.77169428863934,134.99004570424955,30053800
2023-09-01,134.6427001953125,136.42920516882052,133.83877674332504,136.42920516882052,21543700
2023-09-05,134.7518310546875,135.3969504843803,133.57075273920594,134.42430398989652,19403100
2023-09-06,133.45169067382812,135.5061598618362,132.66760640562674,134.99998980551268,18684500
2023-09-07,134.24566650390625,134.56327406172488,131.9529918442149,132.58819181549026,18844300
2023-09-08,135.3572998046875,135.63519889075076,133.83877438999752,133.8983220306733,23558300
2023-09-11,135.89321899414062,136.44901706515918,134.77168815088856,135.51606381265162,20763400
2023-09-12,134.32508850097656,135.84361389625101,134.1762194011905,135.23818764984745,18405500
2023-09-13,135.684814453125,135.87337691641153,133.1439992452725,134.07695258141447,20749500
2023-09-14,137.06439208984375,137.65988359424148,135.21833965192076,136.56814159733074,24751000
2023-09-15,136.36964416503906,137.48125568773057,135.4565449765043,136.94529661649105,38919600
2023-09-18,137.17356872558594,138.11644163882283,135.58556108112978,135.58556108112978,21861300
2023-09-19,137.00482177734375,137.3720574197808,135.59547227341233,136.38947604665375,20353700
2023-09-20,132.73709106445312,137.0445418305698,132.61798064460575,137.0445418305698,29927500
2023-09-21,129.4618377685547,131.23840796235106,129.09461723083658,130.45433880616167,31503900
2023-09-22,129.27325439453125,131.03990495129133,128.62813480654572,129.77942444921084,26397300
2023-09-25,130.1267852783203,130.18633290541212,127.99291453760557,128.85638541915864,20094600
2023-09-26,127.6058578491211,129.38242793397103,126.26597547277304,128.79685599233989,25718700
2023-09-27,129.56105041503906,129.9183513161121,127.60583773191125,127.60583773191125,22746500
2023-09-28,131.31777954101562,132.30036079333664,128.816673263337,128.86630133263088,22513100
2023-09-29,129.87867736816406,133.04475788137387,129.38242688382053,132.28052789506322,30859800
2023-10-02,133.16384887695312,133.41197411116025,130.1863460664677,130.2260545847838,22288000
2023-10-03,131.4368896484375,133.2531681504959,130.85131773991853,132.93557573096578,22989400
2023-10-04,134.225830078125,134.55335719954957,131.53614591729064,131.79419070491505,26752300
2023-10-05,134.05711364746094,134.47396223865763,132.44925177357314,134.05711364746094,19832600
2023-10-06,136.5482940673828,137.1239464843942,133.00505810690692,133.00505810690692,27597600
2023-10-09,137.3819580078125,137.89806266081155,134.59303320140117,135.91306107397241,19278100
2023-10-10,137.02467346191406,138.67222861017186,136.30015203671138,137.46137628621005,27786600
2023-10-11,139.49600219726562,140.05180026889775,137.54077424532727,137.54077424532727,25884300
2023-10-12,137.92784118652344,140.1609680480309,137.22315893559568,139.99224472470698,24765500
2023-10-13,136.32992553710938,138.9501273324613,135.59546941209604,138.33478161475625,23420500
2023-10-16,138.05690002441406,138.58292436140798,136.95522326980412,137.13386618680707,28501900
2023-10-17,138.67222595214844,138.85086884355698,136.1512652036196,137.5904036136543,23515800
2023-10-18,136.92544555664062,139.6647428833376,136.34979315539405,138.4042623643259,23375000
2023-10-19,136.71701049804688,138.61269101146914,136.3497899802919,137.4613862357858,26066000
2023-10-20,134.58311462402344,136.83608053752832,134.06700996727167,136.3001367687033,26335700
2023-10-23,135.4763946533203,136.62769951725605,132.94551392213268,134.02733644259234,26317900
2023-10-24,137.76905822753906,138.31493679389348,136.38948247495046,136.79641151026584,44814300
2023-10-25,124.66805267333984,127.34780237579764,124.13210121841192,127.1989332818025,84366200
2023-10-26,121.3630142211914,123.39764418527096,120.36058614753718,122.34558803554405,57061100
2023-10-27,121.25384521484375,122.38529574778306,119.30854416571684,121.95852001538093,44566500
2023-10-30,123.52666473388672,124.45961803038976,121.82948905369454,122.2860385724438,28940100
2023-10-31,123.1495132446289,124.42984031174664,121.76993760214455,124.12215988427495,26292300
2023-11-01,125.50174713134766,125.54144807960145,122.79222366961514,123.13959750160885,30082400
2023-11-02,126.53395080566406,128.01277518054732,125.97815266684763,127.4569770417309,27124600
2023-11-03,128.13186645507812,128.55863455349083,126.9011599427464,127.05996371421396,26393100
2023-11-06,129.27325439453125,129.36257584929294,127.70510100758493,128.08225623128538,19052700
2023-11-07,129.98785400390625,130.9208073441977,128.90603157499936,129.72980920218515,29757300
2023-11-08,130.85133361816406,131.2185693015223,129.79928493774304,129.98786255864192,26425800
2023-11-09,129.2633056640625,131.55598001837535,129.0945823505806,130.9704081990511,23747800
2023-11-10,131.59568786621094,131.80411971424755,128.43954234138178,129.12437037075154,26913300
2023-11-13,131.0994415283203,131.59569198317294,130.26574439881477,130.7917686694096,18324800
2023-11-14,132.6179656982422,134.68236939202447,132.3202275430886,133.1836984817578,32395200
2023-11-15,133.6104736328125,134.01740265875648,132.56835974620077,133.8585988714082,23861500
2023-11-16,135.90313720703125,136.19097094090904,133.31272446829985,134.17619538121033,28013200
2023-11-17,134.29530334472656,135.03967906955006,132.64774810580346,134.98013143466227,37240600
2023-11-20,135.22824096679688,135.63516995040786,132.61795888212296,132.68744121099556,27815500
2023-11-21,135.94285583496094,136.15127255285424,134.9404353311043,135.2679473163652,22635300
2023-11-22,137.45144653320312,138.3744650434286,136.43909143782605,136.43909143782605,17813900
2023-11-24,135.66494750976562,137.0941511979509,134.9701999236649,136.994895052353,12514300
2023-11-27,135.38705444335938,137.3819758451791,134.98012543057615,135.00989924669568,23436500
2023-11-28,136.17112731933594,136.22075539571145,134.40447683977845,135.05953110146496,18730000
2023-11-29,133.9777069091797,137.25294788509495,133.8288226820438,136.53836114342,23967200
2023-11-30,131.5361328125,134.533489537284,130.29550678420406,134.0372391259656,38988300
2023-12-01,130.8711700439453,131.11929527039416,129.69009154295097,130.8711700439453,31442300
2023-12-04,128.3006134033203,129.05490874011545,126.94088425548,128.90603964218352,36669900
2023-12-05,130.00767517089844,131.1490449447203,127.28821773763389,127.98296521493236,27384800
2023-12-06,129.0449676513672,130.85131136380824,128.90601813502556,130.45431707264976,23576200
2023-12-07,135.90313720703125,137.52091847546023,133.68986450169766,134.02731116371308,56767100
2023-12-08,133.9777069091797,135.37712172033739,133.02489934634232,133.19362268827305,32260100
2023-12-11,132.2904510498047,132.34007912846104,130.3749313974492,131.38728665345792,31138000
2023-12-12,131.52622985839844,132.00262607297714,130.2756689716308,130.82154752185775,29032800
2023-12-13,131.57586669921875,132.49888537297187,130.583365685189,132.37979009748466,30104800
2023-12-14,130.95057678222656,132.71722724840416,128.71744966150473,132.37978056258655,38722400
2023-12-15,131.6056365966797,132.5088009828191,130.19627187171184,130.63297472797083,50847100
2023-12-18,134.78163146972656,136.1214986599511,131.43689298418388,131.63540528883573,32258000
2023-12-19,135.625244140625,136.43910216120065,135.05952649346082,135.81382173780045,25476800
2023-12-20,137.3025665283203,140.63737005261123,137.03460219773686,137.9278469217378,49107200
2023-12-21,139.36697387695312,139.63495335905975,138.1362673150206,138.44395531377506,27488300
2023-12-22,140.42897033691406,140.9252208312421,139.65482077731141,139.71436841353267,26532200
2023-12-26,140.45875549316406,141.61004522322366,140.13122832314528,140.52822269290866,16780300
2023-12-27,139.31735229492188,141.0145355681964,138.84095608348233,140.52820465495105,19628600
2023-12-28,139.17840576171875,140.0815852724405,138.70200954003505,139.72428432008698,16045700
2023-12-29,138.6424560546875,139.3074298543242,137.73927658207975,138.5829084225353,18733000
2024-01-02,137.13385009765625,138.4042500618413,135.45652112222194,137.51100529289818,23711200
2024-01-03,137.87823486328125,138.58291722535583,136.05203668758926,136.22076003752528,24212100
2024-01-04,135.36721801757812,138.1164501749052,135.327524638977,137.38199394368868,27137700
2024-01-05,134.71214294433594,136.13142710669655,134.1364906048939,135.72449810296587,22513900
2024-01-08,137.798828125,137.96755146900708,135.23817385924744,135.26794767616852,21404000
2024-01-09,139.89300537109375,140.42896436301152,137.11399969220417,137.46138108120132,24759600
2024-01-10,141.21304321289062,141.92764515529154,139.85332166843838,139.94264312514758,21320200
2024-01-11,141.01454162597656,144.13099411000476,139.58533778589887,142.4139716480829,24008700
2024-01-12,141.5802459716797,142.12612449032548,140.75648355960536,141.6001002299109,18785500
2024-01-16,141.42147827148438,143.267530806828,140.38926871174172,140.93514731118603,22670500
2024-01-17,140.4091033935547,140.77632387999014,137.85836881382235,140.29000813187008,20968600
2024-01-18,142.40403747558594,143.12857410055258,140.92522069629695,140.9847683324612,25746400
2024-01-19,145.2823028564453,145.35177005215584,143.29730083417112,143.65460180395502,34271900
2024-01-22,144.89520263671875,147.27719858762836,144.7463184245613,145.99687917149566,32200400
2024-01-23,145.93736267089844,146.0763122263508,144.4089175609223,144.79599240428004,21636100
2024-01-24,147.5848846435547,148.7262697948882,146.98939317466798,147.4260808607733,25233500
2024-01-25,150.73109436035156,151.90225320047952,148.4185656374429,148.944605003714,29149100
2024-01-26,151.0487060546875,151.39607226389228,149.8775471822791,149.96688376806185,26115500
2024-01-29,152.3588104248047,152.62678991300623,150.29440669865645,150.919687123006,27784300
2024-01-30,150.32420349121094,152.46799407543287,150.05622398904708,151.65415115558076,36331800
2024-01-31,139.0493621826172,142.9201090790989,138.82107610445465,142.54295394505618,71910000
2024-02-01,140.10145568847656,141.98720167736062,139.7342199917544,141.05424824171908,40466500
2024-02-02,141.31228637695312,141.55047690627347,135.47637609880854,138.21567319652831,62499600
2024-02-05,142.60252380371094,144.37910891749272,141.70927904042497,141.74898755775797,38505400
2024-02-06,143.01937866210938,144.2699242821831,142.11619925320892,143.56524201457606,29128200
2024-02-07,144.44857788085938,144.5279797721388,142.8506507867212,143.67442837133774,25208900
2024-02-08,144.81581115722656,145.2326597213676,144.01188784464298,144.73640926724323,22563800
2024-02-09,147.8826446533203,148.31934750358255,145.08378464629212,145.58003513170593,26829500
2024-02-12,146.4236602783203,148.2200845297744,146.26485649564665,147.30698549594433,21564100
2024-02-13,144.0515899658203,145.57011523611322,142.61246659033287,143.83323854119595,27837700
2024-02-14,144.84559631347656,145.42124870265448,143.00946343171321,144.98454584573585,22704200
2024-02-15,141.69935607910156,142.4437317454111,139.40668144996613,142.06657656161852,37590700
2024-02-16,139.46624755859375,142.11622346443778,139.08909232483043,141.9177262893279,31468900
2024-02-20,140.06175231933594,141.0145600520099,138.44398580217106,138.61270917417647,25144700
2024-02-21,141.48101806640625,141.6199675981642,139.62503093119838,140.38926092804869,23223300
2024-02-22,143.00946044921875,143.9126399622496,141.72914086755702,143.84315762538745,27191900
2024-02-23,142.8804473876953,143.59503415869767,142.35440793679425,142.5926136233704,19493800
2024-02-26,136.53834533691406,141.3718194933305,136.35968731390602,141.0740662178909,53641800
2024-02-27,137.83853149414062,138.20575198535647,136.06194638095468,136.98498010411188,33099200
2024-02-28,135.3572998046875,136.975066239049,134.394572562124,136.86589051635528,37328600
2024-02-29,137.4216766357422,137.8186709245879,135.37711212953872,136.25051773823296,42133000
2024-03-01,136.11158752441406,137.82861002648335,135.89323609127652,137.39190716020826,31151100
2024-03-04,132.3500213623047,134.6426963696791,130.92081742410656,134.6426963696791,55999400
2024-03-05,131.6750946044922,132.2408273954596,129.69009277405854,130.89102554499024,40194800
2024-03-06,130.4146270751953,132.57828715901485,129.86876363343262,132.12173002942825,35318600
2024-03-07,133.3722686767578,133.92806672802465,130.6230370899261,131.79418082018677,37738200
2024-03-08,134.39454650878906,137.0544415724304,132.99511664674006,133.20354849306366,39370400
2024-03-11,136.63760375976562,138.05688799115902,135.10915896262767,135.10915896262767,32437800
2024-03-12,137.4613800048828,138.33478567710262,136.0024024134986,136.0024024134986,27563400
2024-03-13,138.74168395996094,140.03193806409257,137.9476954137514,137.95761497005276,23347200
2024-03-14,142.02688598632812,142.51320173883516,139.40668419509728,140.13120561748423,42753400
2024-03-15,140.1212615966797,142.10626328057222,138.97989168618588,141.43136997734203,49475400
2024-03-18,146.57254028320312,151.00902096089294,146.06637022561426,147.49557408746915,69273700
2024-03-19,145.92738342285156,147.67417928324386,144.98451074334642,147.0489141116425,24070400
2024-03-20,147.6245880126953,147.7436832734465,145.6395862302464,146.89013190121898,21311500
2024-03-21,146.4931640625,149.24238112382295,145.79840119766337,148.34913621812512,24755600
2024-03-22,149.63938903808594,150.44331247348805,147.86280366006199,148.0017532026702,29211800
2024-03-25,148.94461059570312,149.25228343768953,146.71148367170483,148.8155806383432,19229300
2024-03-26,149.5401153564453,151.1181882221387,148.85528728225617,149.09349296069317,22149100
2024-03-27,149.7386016845703,150.50283159628924,147.78337375554537,150.0462745317352,22879200
2024-03-28,149.79815673828125,150.2944071987847,149.0438614902864,149.71876999163942,24485400
2024-04-01,154.323974609375,154.57209984115423,149.48056523884867,149.5599671303415,31730800
2024-04-02,153.4009246826172,153.53987419197475,151.0089940660557,152.34887623400127,24586000
2024-04-03,153.7582244873047,153.91702825239753,151.5846452787233,152.44813128619023,24705000
2024-04-04,149.40118408203125,153.6093940490146,149.3217821795186,152.34891345621864,34724700
2024-04-05,151.35641479492188,152.26951397177075,148.47816771886264,148.90493591423527,23459200
2024-04-08,153.6887969970703,154.10564562982418,151.46558914468523,151.63431250953576,20702000
2024-04-09,155.42564392089844,157.37093716554625,154.02621404495505,154.91945877952742,31079500
2024-04-10,154.96910095214844,155.43557761990488,153.52004287147383,155.03858328938844,22838600
2024-04-11,158.214599609375,158.48256399502026,155.28672447423406,155.73334692800734,27166400
2024-04-12,156.5471649169922,159.0184976446993,155.9615930124083,156.7754510311415,25353700
2024-04-15,153.69871520996094,158.0458747117583,153.43073568254982,157.66871946165114,27136500
2024-04-16,153.24212646484375,154.4827525377274,152.27939942073715,153.03370976544159,20779500
2024-04-17,154.3041229248047,155.902050049897,153.42079769070784,154.45299200861103,21763100
2024-04-18,154.84007263183594,155.76310641946125,153.4604968736819,154.17509879172633,19883000
2024-04-19,152.93447875976562,155.18746031886693,151.15790859489965,155.02865652078847,32615600
2024-04-22,155.1080322265625,156.45783399355932,152.90467911948886,153.15280433294885,26446200
2024-04-23,157.0731964111328,157.7778787559541,155.10804875158632,155.78295727916927,21151600
2024-04-24,157.9366912841797,158.37339415365952,155.9913826322323,156.30899022616805,22779100
2024-04-25,154.8301239013672,155.31645474251425,149.7385899807231,150.1951470095918,57109700
2024-04-26,170.6605224609375,173.39983456886753,168.3777674191163,173.06237276158643,64665300
2024-04-29,164.90403747558594,168.27855001097527,163.9710992433676,167.79221906197557,45610000
2024-04-30,161.55931091308594,166.8394234809616,161.38066800310506,164.36809054901573,33562900
2024-05-01,162.63121032714844,165.86675805283966,161.86698033617475,163.0679131791334,33493200
2024-05-02,165.37051391601562,165.47968963320443,162.66099039133817,163.5542352451639,24294500
2024-05-03,165.98585510253906,166.70045695836217,161.82727393012354,166.303447513815,34662400
2024-05-06,166.83941650390625,166.8791098785654,164.78493225886228,166.2042164988209,21871300
2024-05-07,169.9657745361328,170.47194452949657,167.12722143299578,167.23639713482265,28039700
2024-05-08,168.10980224609375,168.87401701223217,167.47460229491972,167.73264706920992,19569100
2024-05-09,168.68548583984375,169.41000736900705,166.91882003050563,168.11975296963985,15346700
2024-05-10,167.38526916503906,168.57628234941276,164.94372545466877,166.76992345897793,29799900
2024-05-13,167.87159729003906,168.01054680668042,162.77014340140366,163.02818817677723,31327600
2024-05-14,169.06260681152344,169.96578630331507,167.5341620244905,168.49688914969917,25127100
2024-05-15,171.21633911132812,171.3552886431622,169.23133714549078,169.35044756160798,26948400
2024-05-16,172.87380981445312,173.8067631392547,171.3949930775493,171.99048456648705,27867900
2024-05-17,174.73971557617188,174.94814744007684,172.387493160876,172.87380893604973,24479300
2024-05-20,175.59326171875,177.42939448654315,174.7595645769426,174.86874028439564,22554400
2024-05-21,176.5163116455078,176.814049834635,174.4916010932611,175.57342356539291,16989400
2024-05-22,175.05731201171875,175.82152679389606,173.89608778649955,175.31535679142465,17880000
2024-05-23,172.24855041503906,176.913302054648,171.65304376131735,175.7421581518555,21024900
2024-05-24,173.67774963378906,174.45189917635065,172.34778682854989,173.6678149317287,16579400
2024-05-28,175.0771484375,175.94063449763217,173.06237287112745,173.1417747585167,20572200
2024-05-29,174.58090209960938,175.51385536789155,173.4097583079271,174.1144254654683,23388700
2024-05-30,170.8193359375,173.90601444044296,170.50172837010513,173.88616018139018,22931500
2024-05-31,171.20640563964844,171.76220372181547,168.16935530183432,170.57120566797727,37638900
2024-06-03,171.8713836669922,173.22118553313896,169.8764622562065,171.24610323694733,27459100
2024-06-04,172.4867401123047,172.54630289287442,170.60099429207042,171.9805700601862,26879600
2024-06-05,174.09458923339844,175.32528067630372,172.62567697442577,173.88615737761106,22068500
2024-06-06,175.40469360351562,175.8215421969568,174.43204688548622,174.5809159744427,23251000
2024-06-07,173.15171813964844,176.53613478615,172.9929143569092,175.72229190224542,19661400
2024-06-10,173.8969268798828,175.93389186465194,171.66123693210412,173.85718795197803,23726700
2024-06-11,175.49668884277344,175.71529085184466,172.66482398993008,175.0992389145037,21540600
2024-06-12,176.6592559814453,179.2626031953618,174.9899479924397,177.11633707085997,27864700
2024-06-13,174.04598999023438,175.61594304528666,173.76777199685736,174.98994497931662,20913300
2024-06-14,175.66563415527344,175.93392123908885,173.04242478503753,173.1119868726637,18063600
2024-06-17,176.11277770996094,177.22564977606507,173.69822437013423,174.3440995355834,19618500
2024-06-18,173.97640991210938,176.26178475990773,172.99271609506096,176.0133747799675,21869900
2024-06-20,175.17874145507812,176.1624353876285,173.8770754332329,174.25464833709086,20160100
2024-06-21,178.487548828125,179.6997907784199,175.48675193790794,175.87427091141254,57759000
2024-06-24,178.0801544189453,179.73953132877418,177.53364940990167,179.014178404994,18298000
2024-06-25,182.85955810546875,183.11789903328065,178.27887734653552,178.47760230344795,23130200
2024-06-26,182.71054077148438,183.33652370507795,181.31943557759413,181.4684906850168,19839000
2024-06-27,184.23077392578125,184.86670284298162,182.8496150980301,183.00858595602418,18848900
2024-06-28,180.99151611328125,183.95257416720727,180.802737253132,183.14772821008222,29156600
2024-07-01,181.82618713378906,182.71052611795955,180.1469331256833,181.86592606220148,16006100
2024-07-02,184.0618896484375,184.38979268671295,180.40528635394423,180.8921754401855,17372500
2024-07-03,184.63819885253906,184.90647074592763,182.8297667085458,183.67436680423387,10242100
2024-07-05,189.38778686523438,189.6461278026425,184.61831191345988,184.67792788657385,20967500
2024-07-08,187.8277587890625,188.9605077271216,186.58570884988617,188.69222069497164,21035900
2024-07-09,187.77810668945312,190.14297504012512,187.51976571502695,189.0996498759025,15121400
2024-07-10,189.964111328125,190.5304934755465,187.82779112960307,187.947023092536,15952500
2024-07-11,184.38978576660156,189.64613480059487,183.90289669863316,188.64256383874462,25625800
2024-07-12,183.89295959472656,185.9199784961909,183.31664658309873,183.90289053636494,22898400
2024-07-15,185.34365844726562,187.0427894309769,183.74389752313695,183.74389752313695,16474000
2024-07-16,182.75027465820312,187.47999579867826,182.203769602895,186.16839882768255,18290700
2024-07-17,179.86871337890625,182.38262131472416,178.75582629160562,181.80630830706235,20734100
2024-07-18,176.5598907470703,181.33929663243535,175.34764875664283,180.77291456531665,25315700
2024-07-19,176.53009033203125,179.14335328560048,176.0034623321631,177.74233237445245,18881900
2024-07-22,180.5145721435547,181.53802010319112,179.08372815601643,179.44143915290098,24100300
2024-07-23,180.63381958007812,182.44225176435077,180.3854095654304,180.89217569882794,36352700
2024-07-24,171.53208923339844,175.06944543810874,170.72724320681195,172.4959213091671,49585200
2024-07-25,166.2161102294922,172.31705967237997,166.12668626172413,171.42278967121095,44852000
2024-07-26,165.93788146972656,167.020945440501,163.0165774179734,166.08692140634935,41336900
2024-07-29,168.45176696777344,169.34603679148984,166.9215682298775,167.75622208691163,20293800
2024-07-30,169.20693969726562,170.1409636721862,167.3687148946011,169.15726982937002,18959700
2024-07-31,170.44898986816406,173.14176079618966,168.9287219619174,172.13818990776468,25729100
2024-08-01,169.67396545410156,172.94304963161613,167.80593251440823,169.1672144988525,24531400
2024-08-02,165.60006713867188,167.43829227584254,163.62271782850132,165.38146509787933,29130100
2024-08-05,158.23719787597656,163.38424670507362,153.94466504214253,154.5110472195564,53630700
2024-08-06,157.28329467773438,159.54880819742607,155.41526148190337,158.31668893748787,49004600
2024-08-07,157.9291534423828,161.94345261056785,157.46214140159782,160.2244595533612,25138600
2024-08-08,160.99949645996094,162.64894258558448,159.19107944889603,159.48915933518853,25578800
2024-08-09,162.62905883789062,162.74829078749448,158.04837777910737,158.99233275753915,28602300
2024-08-12,161.25784301757812,163.85124425062764,160.81070801086153,163.30475433227653,15895300
2024-08-13,163.11595153808594,163.6823184730739,161.93351747234263,162.37072151296138,18551700
2024-08-14,159.35003662109375,162.1819165911199,156.70696583237768,161.36712454072207,40591100
2024-08-15,160.27413940429688,160.61197337469392,158.59488533261137,159.4792243502646,31524300
2024-08-16,161.923583984375,164.0102189248703,160.1052209322512,160.44305489951088,24208600
2024-08-19,165.6099853515625,165.6298623978553,163.21530919170212,164.22882628821975,22416200
2024-08-20,166.11676025390625,167.56748160742922,165.7590643395608,165.83854221269573,18341500
2024-08-21,164.79519653320312,165.7888365119098,163.62269347422293,164.09963641871417,22902000
2024-08-22,162.7582244873047,166.5241131721472,162.2713354606225,166.19621017398273,22493300
2024-08-23,164.566650390625,165.12308635947946,162.78804147862647,163.6723804637865,13955700
2024-08-26,165.1032257080078,166.48438469877073,163.414040743741,165.32182772050928,14190400
2024-08-27,163.6326446533203,165.38146093564725,163.41405777977417,164.78527080999132,11821900
2024-08-28,161.8142852783203,164.54679536636124,160.50267315842373,163.99034421256823,16407400
2024-08-29,160.75108337402344,164.91443753942139,159.2308153360169,163.2649914453281,19699800
2024-08-30,162.34091186523438,162.6191298588304,160.66165779990888,161.58573574397926,22123800
2024-09-03,156.3591766357422,160.82062528392495,155.48476866434984,160.6914472440397,38945300
2024-09-04,155.45497131347656,157.98875628626521,154.9680974284368,155.66364237973846,19353800
2024-09-05,156.2399444580078,158.4358801622271,154.98794847148798,155.30592051941105,18688700
2024-09-06,149.96014404296875,156.82619994728552,149.59250210192843,156.29957197054128,37912100
2024-09-09,147.9602813720703,152.62662386310816,146.47778778010462,151.7411114283819,39260500
2024-09-10,147.91053771972656,150.50738007285446,147.59214370497173,149.6915067964419,31118800
2024-09-11,150.39794921875,150.73623150719806,146.77630043535657,149.16419505975477,29607700
2024-09-12,153.91014099121094,154.03949046129577,151.88041704126704,153.02462848632382,29621500
2024-09-13,156.66616821289062,157.58152818841413,154.42751164329223,154.6463885405626,29591200
2024-09-16,157.26315307617188,157.45219763829544,155.81052202950406,156.51693413001883,18379800
2024-09-17,158.51681518554688,159.74061004154726,157.5815516503455,158.2183245621199,20715600
2024-09-18,159.00433349609375,159.69085736808276,157.8004420763462,159.05408446311074,23677300
2024-09-19,161.3225860595703,162.9642616693234,160.52661614683478,162.88467834172684,26587700
2024-09-20,162.76527404785156,162.90456764484875,161.2429886014312,162.67573141732413,40896400
2024-09-23,161.03404235839844,164.65569075995793,160.85494193042624,163.52143865567453,24150900
2024-09-24,161.47181701660156,162.39713636620655,159.87989243963506,162.20809181188605,23332100
2024-09-25,160.6758575439453,161.9891949013652,160.48681299524299,160.6559541225392,18869200
2024-09-26,161.9095916748047,163.2527917160846,161.46186338833198,162.81500754909376,20319300
2024-09-27,163.1234588623047,164.86463640620642,161.81012140947348,161.98920666955183,21101300
2024-09-30,165.0138702392578,165.31234563823617,162.43691623380593,162.4966264954632,20413900
2024-10-01,166.14813232421875,168.3071905376278,163.75027859535956,166.84460026695353,28338100
2024-10-02,165.02381896972656,166.67545373891107,163.8995109959539,165.58099330587024,17760200
2024-10-03,165.02381896972656,165.79988539247842,163.0935970324702,163.58113216752693,15073100
2024-10-04,166.21778869628906,167.38188848835682,164.64575221638978,167.21274734064073,19047400
2024-10-07,162.15834045410156,167.63061248672904,161.92950423820415,166.87444945314562,22463100
2024-10-08,163.55130004882812,163.89952645082283,162.0489028416346,163.11351583433103,23072700
2024-10-09,161.0439910888672,164.00896330918712,158.9346838265827,162.62597153558053,31181800
2024-10-10,161.2628936767578,162.24790816824293,159.591355313801,160.0589870760538,14144100
2024-10-11,162.41702270507812,163.07368374330417,160.42710580677368,161.31261821924474,15344300
2024-10-14,164.1283721923828,165.3919586438415,162.5762240722605,162.81501959424767,19016100
2024-10-15,164.62583923339844,166.8346331245922,163.8000218608721,164.95416217665158,20247200
2024-10-16,164.32736206054688,164.96413494193072,162.91452270440968,163.70053329945262,16406000
2024-10-17,162.10858154296875,165.53124122104538,161.93944041934847,164.8944683866494,21453400
2024-10-18,162.59613037109375,163.87963544942022,162.2578480953578,162.3672941471386,19757700
2024-10-21,163.2428741455078,163.67069908073404,161.8001719473291,162.12851012597127,20946500
2024-10-22,164.3074493408203,164.93427806644567,162.15833529455813,162.15833529455813,16568100
2024-10-23,161.9593505859375,164.98403306169303,161.11362975074982,163.9293642522353,18280500
2024-10-24,161.89964294433594,162.50656821640374,160.1982572859619,162.00908898296657,22412500
2024-10-25,164.43679809570312,164.75517692607178,162.59611876941653,162.84485839827352,19828900
2024-10-28,165.87948608398438,167.89925067008892,163.12344672576728,167.89925067008892,32138600
2024-10-29,168.82455444335938,169.52103755308448,166.24761551933543,166.88438836507615,42169000
2024-10-30,173.58045959472656,181.10234312249673,173.18246710164854,179.76908724801194,68890800
2024-10-31,170.24737548828125,175.92859606912873,170.137929429327,172.25719621550286,44769000
2024-11-01,170.4264373779297,171.45125861583475,168.02859889466288,169.21260195677476,31796500
2024-11-04,168.3867950439453,169.86927360734452,167.16298506324307,169.07330370933886,21492700
2024-11-05,168.88427734375,169.67028795360784,167.9888054993283,168.57582742660242,18242100
2024-11-06,175.62014770507812,176.04798782367646,172.6253276023472,172.92381823687973,33695500
2024-11-07,179.83876037597656,180.16709852379773,176.2967103185547,176.51560241710214,25352900
2024-11-08,177.4508514404297,179.98798342551285,177.18220839921253,179.7392438048685,22006200
2024-11-11,179.4407958984375,179.6397845890685,177.57026880640515,177.6797148635318,17450400
2024-11-12,180.704345703125,181.5699698633081,178.48559264894888,178.9134326696115,25134900
2024-11-13,177.97817993164062,180.04769541710874,177.63988250609916,179.5502161710403,23184000
2024-11-14,174.69482421875,177.9184953896884,173.44118190987194,177.38120927026733,31007500
2024-11-15,171.6204071044922,173.2620826521563,170.35680548513443,172.8541459998015,32504600
2024-11-18,174.41622924804688,174.55552283170013,172.02831972302542,172.5457023973927,20135300
2024-11-19,177.22203063964844,177.96824963034788,172.68502160529414,172.8442186336241,23434900
2024-11-20,175.0927734375,176.7841996662167,172.903868013169,176.4459174568454,18997100
2024-11-21,166.78489685058594,173.25212704774955,162.87470208296352,173.02327566367867,59734400
2024-11-22,163.92935180664062,165.6207933486009,163.07368691644547,165.01386807553385,38604600
2024-11-25,166.80479431152344,167.77986461840595,164.77508555590978,165.25266140749017,33135300
2024-11-26,168.2673797607422,168.96386286905866,166.73515032254275,166.78490128483136,20486700
2024-11-27,168.3768310546875,168.6255706920237,167.17293971182346,168.14799483925975,19266500
2024-11-29,168.09823608398438,168.57581191461244,166.31726704322566,167.6505077939042,14257200
2024-12-02,170.6254425048828,171.21246438956555,167.72016544073577,167.91915410888186,23789100
2024-12-03,170.47618103027344,171.8094217397436,169.98866109515185,170.62543391026162,22248700
2024-12-04,173.49090576171875,174.02819184419297,170.19759561324068,170.2871382330325,31615100
2024-12-05,171.76963806152344,175.17239437366248,171.46120334982362,174.4759264469432,21356200
2024-12-06,173.8292236328125,174.19735345650352,170.9935855509351,171.16272669105973,21462400
2024-12-09,174.68585205078125,175.5723794273802,172.97256079724536,173.28136421093646,25389600
2024-12-10,184.44761657714844,185.63297660419835,180.34369430470025,182.13667521959667,54813000
2024-12-11,194.63771057128906,194.84689801892716,184.1288797897164,184.58707675233347,67894100
2024-12-12,191.2111358642578,194.4185600761266,190.96211115966233,194.2392695844635,34817500
2024-12-13,189.07948303222656,191.97811901209872,188.90017734316862,190.2648278463795,25143500
2024-12-16,195.89280700683594,198.22367470987274,191.86855906897816,192.11758378595036,44934900
2024-12-17,194.6576385498047,200.6342317451905,194.21935261692775,196.48050129830887,43504000
2024-12-18,187.66500854492188,196.23146433679096,187.0075948858922,194.4584096820746,34166100
2024-12-19,187.77456665039062,192.27693717848743,187.64508415062235,190.88240503225677,32265200
2024-12-20,190.6632843017578,192.13750634222802,184.49742999563804,185.0552429190991,63462900
2024-12-23,193.8707275390625,194.33889522295496,189.40819366703502,191.86855908689105,25675000
2024-12-24,195.34494018554688,195.34494018554688,193.02402811118543,194.0798904284353,10403300
2024-12-26,194.83692932128906,195.9824368496,193.6216875820622,194.38867270656962,12046600
2024-12-27,192.00799560546875,194.558021252894,189.906226569023,194.18945436832726,18891400
2024-12-30,190.4939727783203,191.798859999082,188.38223262327483,189.05958782750122,14264700
2024-12-31,188.5615234375,191.2111501400391,187.77459680063998,190.33457825065463,17466900
2025-01-02,188.69100952148438,191.25099101984424,186.76854591781662,189.90625140953068,20370800
2025-01-03,191.04177856445312,192.45625220914977,189.23884220230838,190.62341890024783,18596200
2025-01-06,196.10198974609375,197.44672936937255,193.09378194764346,193.2232644718959,29563600
2025-01-07,194.72738647460938,200.21588614035383,193.84085902952063,196.3410618872001,26487200
2025-01-08,193.19337463378906,195.52424236393108,191.62950729663424,191.818768515616,24864800
2025-01-10,191.29080200195312,195.7533354559894,189.5675553775491,193.54199496025797,26665200
2025-01-13,190.26483154296875,190.43416651970912,186.62907690279673,189.32851141262705,21823700
2025-01-14,188.92010498046875,191.23104632862814,187.57536549994643,190.4939429327445,17174900
2025-01-15,194.78712463378906,195.59396223510123,191.1115176062456,192.33671488233958,21776000
2025-01-16,192.15744018554688,194.71740642480486,192.05782421701394,193.3826375623353,17815400
2025-01-17,195.23536682128906,196.46056410218043,192.9941444980855,195.76329797481387,27735100
2025-01-21,197.27737426757812,201.50082353528188,197.0980685764286,198.29339931939404,29971300
2025-01-22,197.5961151123047,199.6978841991253,196.75939576380796,198.28342571973468,26200600
2025-01-23,197.2076416015625,199.5185981768782,194.43848807720923,197.3670210617764,26951400
2025-01-24,199.428955078125,200.11625050908367,197.22756995808922,197.32718592161126,23877500
2025-01-27,191.0617218017578,196.11195036774717,189.98593319836488,191.65938720339696,41728900
2025-01-28,194.53811645507812,194.71740695981467,189.9361292430902,191.99806124313736,24157900
2025-01-29,194.64767456054688,196.0222806001553,192.6753879484473,194.7970833042233,18218300
2025-01-30,200.0863800048828,200.61431120284323,196.89886658344366,197.22758104242592,24354700
2025-01-31,203.22410583496094,204.6784017460065,201.01276501748202,201.2119817615517,32001100
2025-02-03,200.44496154785156,202.9551348332388,199.31938021531738,199.90707487204236,27838300
2025-02-04,205.57489013671875,206.24227455727316,202.01880986682883,202.59654903669593,43856400
2025-02-05,190.58358764648438,191.998046136523,187.29645852491726,190.32460742693195,70373900
2025-02-06,190.85252380371094,191.3505731714667,187.9837545816744,188.76071037943254,29297400
2025-02-07,184.61695861816406,190.43417229867478,182.52516013677956,190.3046897826863,49315000
2025-02-10,185.74256896972656,187.46581586539978,185.1349480135509,186.61914089319663,23105600
2025-02-11,184.59703063964844,186.21070577705743,183.5610794112602,184.3081534858771,21239500
2025-02-12,182.89370727539062,184.38785552440282,181.12065256917043,182.5052293386179,22072600
2025-02-13,185.41383361816406,185.5532868448968,182.42553716023775,183.6009416706382,21402500
2025-02-14,184.50738525390625,185.67281908148942,183.60094685418304,184.3380502737544,20448400
2025-02-18,183.05308532714844,185.23454418579348,181.03100592832718,184.87594800082087,29916700
2025-02-19,184.54722595214844,184.73648715297452,182.87377209155156,183.35191045129994,19549400
2025-02-20,183.83999633789062,184.587070455128,182.00717815142445,184.07906552714084,20441500
2025-02-21,178.95912170410156,184.61695583425816,178.38138255149903,184.42769462228776,35199200
2025-02-24,178.55072021484375,182.40561792977684,178.19212401815724,181.28003655625,29854200
2025-02-25,174.73565673828125,178.04271218366185,174.0085088406691,177.3454308360551,41913400
2025-02-26,172.05613708496094,175.39307405965482,170.9106295738481,174.38701976901885,35431300
2025-02-27,167.8426513671875,173.87900779159736,167.28483845921406,173.31123936714644,39991000
2025-02-28,169.61570739746094,169.94442183496423,166.11940597917265,168.02194319125016,48130600
2025-03-03,166.3584442138672,172.69363277465732,165.28265575645824,171.25924816477874,40770500
2025-03-04,170.25318908691406,172.61393815749824,165.15316857352175,165.59145443625266,45388000
2025-03-05,172.3450164794922,173.10204608630403,168.40045859307807,169.8547695105912,30954900
2025-03-06,171.67764282226562,174.12803748089462,169.83485387065045,169.8647356201999,28302000
2025-03-07,173.18174743652344,174.28741777289434,169.60575619699736,170.5918843353401,27385800
2025-03-10,165.41319274902344,167.99607150995365,163.23920372577845,167.7966101322015,43604000
2025-03-11,163.58822631835938,166.29076966008637,160.92558133782,164.45584068137828,39587400
2025-03-12,166.6497802734375,167.17831943801426,163.07963775446962,166.12124110886077,28372400
2025-03-13,162.31175231933594,165.67248166266438,161.6635485106855,165.58271795856493,31756200
2025-03-14,165.03424072265625,166.03148669065808,162.00260445854184,162.82035345635094,31995900
2025-03-17,163.83753967285156,165.8420138841619,163.21925201833648,164.57550719551887,31184300
2025-03-18,160.22752380371094,163.797666550582,156.28840488131223,163.2292289881846,42074800
2025-03-19,163.4386444091797,165.41318720526314,160.5566041117451,161.31450558479577,34275600
2025-03-20,162.35165405273438,164.43589456907407,160.51672503978745,161.1250457167365,28138500
2025-03-21,163.5383758544922,163.7876873527184,160.44690718978086,160.76603321155818,36625800
2025-03-24,167.21820068359375,167.8564527267567,164.68520255854742,166.6098952363908,30879100
2025-03-25,170.0902862548828,170.16010078341677,167.85646481007365,168.51463564762358,24174400
2025-03-26,164.60543823242188,169.14291101426645,164.3860428738787,168.53459028680902,28901600
2025-03-27,161.793212890625,164.96444818748884,161.55386834836875,164.1766304631432,24508300
2025-03-28,153.90496826171875,161.3743458553731,153.20689914473365,160.04800692471866,48669300
2025-03-31,154.21412658691406,155.11164193370462,150.24509161947617,152.68834136730996,54603500
2025-04-01,156.637451171875,157.66461343058796,153.19693997672525,153.19693997672525,30672900
2025-04-02,156.6074981689453,157.9737354754909,154.2739462849113,154.72270392156926,25041700
2025-04-03,150.30491638183594,152.35924068042604,149.97582338010557,150.69384170810525,46883400
2025-04-04,145.1990203857422,150.6539570990706,144.97962505338862,147.60237162636182,62259500
2025-04-07,146.34585571289062,152.42906261628312,140.14298415460087,141.1601793715283,76794100
2025-04-08,144.30149841308594,151.82074204837693,142.63609935843277,150.80354683062922,52200200
2025-04-09,158.27293395996094,159.11061702523395,143.51368875470308,144.0222787835972,70406200
2025-04-10,152.39913940429688,157.28563866565491,149.51708388683267,156.10888048544342,48022000
2025-04-11,156.7072296142578,157.23576875594767,152.39913497789206,152.47890126397309,33636200
2025-04-14,158.63192749023438,161.27462328630523,157.12607630131762,159.5593589601424,30333000
2025-04-15,155.87953186035156,159.2103301054895,154.78257030571797,158.6917731015249,27551500
2025-04-16,152.90774536132812,155.46069292632185,151.0927501668845,152.67838302048966,28187400
2025-04-17,150.74371337890625,154.25400844452392,148.09103529003713,153.86508310192784,33046600
2025-04-21,147.2633056640625,148.5397792458497,145.69763745597456,148.46997994299036,26049100
2025-04-22,151.05287170410156,151.7708901311246,148.1309326464279,148.4799748767304,26971800
2025-04-23,154.92218017578125,157.09616926384234,153.38641273519517,155.1814586711159,31128800
2025-04-24,158.8413543701172,159.15049822016638,155.36096007364648,155.7199692710382,45894000
2025-04-25,161.51397705078125,165.6425750916004,160.59649729347288,164.61541287682232,56034000
2025-04-28,160.16769409179688,162.70069244870191,158.16323494184564,161.98267405118585,29745800
2025-04-29,159.71893310546875,160.29733764803302,157.086204107764,159.87849612757626,26809000
2025-04-30,158.3626708984375,158.83137774482094,154.9720253029664,157.5449218586139,34981100
2025-05-01,160.8557891845703,161.5039930234171,158.47237175928248,160.00812396444732,30203200
2025-05-02,163.57826232910156,164.51567601619934,161.42420728854916,162.95997467027814,25715000
2025-05-05,163.75778198242188,164.93452502755278,162.2718798770323,162.55110755610633,21341800
2025-05-06,162.7804718017578,164.3461554362482,160.74609651363122,161.72339340187466,21277200
2025-05-07,150.96311950683594,164.545606521222,147.43285979099062,163.62814193511582,127490100
2025-05-08,153.85511779785156,155.5005676767597,152.4789133936082,154.57313616382487,57498700
2025-05-09,152.32933044433594,154.62299934708025,151.78084208678038,153.7454179749914,32435300
2025-05-12,158.02362060546875,158.66185748829406,155.81970007226886,157.0562906900787,44138800
2025-05-13,159.09066772460938,160.12781218093087,155.72995326636035,158.35270013902556,42382100
2025-05-14,164.91458129882812,166.5400972975048,159.170449289238,159.51949150800576,48755900
2025-05-15,163.5084686279297,165.75227223459135,161.92283584781248,165.3832808496498,33146700
2025-05-16,165.73231506347656,168.88361607338598,165.16387753981013,167.26806720706887,42846900
2025-05-19,166.0813446044922,166.18107529267584,163.7677417629434,164.0569364118495,30426100
2025-05-20,163.5283966064453,168.03595283640126,162.45136908866291,165.9716462897934,46607700
2025-05-21,168.09579467773438,172.66318349220677,163.1095643409873,163.2392111991083,73416000
2025-05-22,170.3994140625,176.28317441687045,170.23986627200654,171.37672606938918,74864400
2025-05-23,168.00604248046875,169.49194456610303,167.42763794814334,168.5944139952117,35211400
2025-05-27,172.42384338378906,172.69310408957966,169.53183580095055,169.69139882784629,37995700
2025-05-28,171.8853302001953,174.7873198647011,171.4365725199691,172.6831300854681,34784000
2025-05-29,171.38670349121094,173.93965089581198,170.1600951338123,173.5208093888165,29317300
2025-05-30,171.26702880859375,171.73573563304672,166.97886808315485,170.87810348795895,52639900
2025-06-02,168.56448364257812,169.40216659815258,166.9290008745093,167.37775851379809,38612300
2025-06-03,165.7223358154297,168.01600469808255,164.82482048675826,167.0287408798973,45084900
2025-06-04,167.5872039794922,167.75673398423967,165.90185569784677,166.28081407126308,26900800
2025-06-05,167.7467498779297,170.45924489376316,167.128447034404,169.8708734285067,36379100
2025-06-06,173.20169067382812,174.01943975782734,170.35954849552294,170.35954849552294,35731800
2025-06-09,175.81764221191406,176.19705935039198,174.1003012753775,174.27003651227847,28935900
2025-06-10,178.3237762451172,180.8298886948226,174.63948090794972,175.92747903926403,61766100
2025-06-11,177.07569885253906,180.09101684926247,176.47662077845203,179.49195401036374,31646800
2025-06-12,175.42825317382812,176.4466798719252,174.47972552416806,175.9075065231488,20941900
2025-06-13,174.39984130859375,176.85604320367563,172.1233689351953,172.17329464872896,27663100
2025-06-16,176.49659729003906,176.66633252587772,174.37986589593493,174.45974398959817,27389200
2025-06-17,175.6778564453125,177.08567926563504,174.30998028900405,175.4282431183839,24973000
2025-06-18,173.05194091796875,176.28692000243774,172.93211615674434,175.73776761612697,28707500
2025-06-20,166.38226318359375,174.07035081830173,165.20409556084024,173.68095462694552,75659900
2025-06-23,164.93450927734375,167.08117785912864,161.74944069273923,166.0128407101847,57671000
2025-06-24,166.51206970214844,167.95982401484335,165.87306016657053,166.66183161080377,40524300
2025-06-25,170.416015625,172.09342522608725,167.29086690480466,167.37074500344593,35479000
2025-06-26,173.27157592773438,173.42135306121023,169.67715325213413,172.16329217484034,31796700
2025-06-27,178.25387573242188,178.40363764116194,171.46438989107267,173.27158802075178,108140200
2025-06-30,175.95742797851562,180.949694682379,174.30998606031628,180.50039372606906,63378900
2025-07-01,175.56802368164062,175.81763700531283,173.26159900853952,175.46818749328466,35904500
2025-07-02,178.3636932373047,178.58335417760583,174.79922295185074,175.26848197683447,29128900
2025-07-03,179.2523193359375,179.39210218822254,176.7761594232363,178.22391365801445,21689700
2025-07-07,176.5165557861328,179.0226833705182,175.40827199123135,178.78304908898676,34175600
2025-07-08,174.09031677246094,177.67476043779465,172.54271112131266,177.5749242496101,40442500
2025-07-09,176.34681701660156,179.1624626362242,172.50278095171484,174.97894087050608,43025600
2025-07-10,177.34527587890625,178.15402063985096,174.11029683512743,175.35836349959487,29252400
2025-07-11,179.91131591796875,181.14938835134018,176.20704719654847,176.51656530489134,34282900
2025-07-14,181.2791748046875,183.3859118317051,179.40207776586954,180.7300224544814,32536600
2025-07-15,181.718505859375,183.93507346834292,181.31913062189142,182.5272506181519,33448300
2025-07-16,182.68701171875,184.04490889196538,181.74846312672318,182.95659839065306,33104200
2025-07-17,183.29605102539062,183.77530432362263,180.20083982993623,181.85827589550698,31992600
2025-07-18,184.7737579345703,186.13165497814074,183.42585517412414,185.113228386666,34014500
2025-07-21,189.80596923828125,189.99566255854273,185.86206670599856,185.9619181252415,45803100
2025-07-22,191.04405212402344,191.35357021159422,187.17006365240448,191.20380830960463,44660200
2025-07-23,189.93577575683594,192.23222149983224,188.88739669642578,191.20381577219638,58681900
2025-07-24,191.87277221679688,197.64383117376477,190.70458366341637,196.72525594978663,74881700
2025-07-25,192.88121032714844,194.02944081770818,190.96418172846938,191.68306935737266,39785900
2025-07-28,192.28213500976562,193.7498625541434,190.54482081320737,193.35047209995227,38139500
2025-07-29,195.44723510742188,195.61697034161693,191.78291329403916,192.13236281084488,41389200
2025-07-30,196.2260284423828,197.2943808004953,194.3888780023715,195.2974741739121,32445400
2025-07-31,191.60317993164062,195.68686545955075,190.79443520574372,195.40729975764043,51329200
2025-08-01,188.8374786376953,190.53484621084553,187.52950724447476,188.73762721302066,34832200
2025-08-04,194.7383270263672,194.96798225717674,189.82593856567027,189.9956738002762,31547400
2025-08-05,194.36891174316406,197.55398036609623,193.59011934927213,194.4088584088549,31602300
2025-08-06,195.7866973876953,196.32587068335496,193.37044231078846,194.19916035027438,21562900
2025-08-07,196.21604919433594,197.23446060352177,194.0294340028213,196.75520727948205,26321800
2025-08-08,201.10845947265625,202.29662132319493,196.86503299798275,196.9149587094283,39161800
2025-08-11,200.68911743164062,201.16837075965444,198.76210983585918,200.62921267003748,25832400
2025-08-12,203.02549743652344,204.18370696130674,200.27975076589462,201.0585431482033,30397900
2025-08-13,201.64764404296875,204.21366121456273,197.2045144743427,203.81428597106753,28342900
2025-08-14,202.62611389160156,204.12379383237695,200.91875205563483,201.18833871082708,25230400
2025-08-15,203.58462524414062,206.12070520105007,200.96868242883633,203.534714766441,34931400
2025-08-18,203.1852569580078,204.9525236553874,202.17682455801943,203.8841712567715,18526600
2025-08-19,201.25823974609375,203.1253425488118,199.65072931767816,202.7159730378366,24240200
2025-08-20,199.01171875,200.9686786831588,196.29592455953664,200.41952632200108,28955500
2025-08-21,199.4410400390625,202.166813191516,199.12152768080315,199.4410400390625,19774600
2025-08-22,205.771240234375,208.21744781149425,200.98865555430208,202.41643648326647,42827000
2025-08-25,208.1675262451172,210.19438514977915,204.9624845680577,206.11069972619865,29928900
2025-08-26,206.81961059570312,207.52851912382437,205.3818354433132,207.18903343187435,28464100
2025-08-27,207.15908813476562,208.58688428789492,205.3319167524022,205.38184246485358,23022900
2025-08-28,211.31265258789062,211.8917573213033,206.57997853322107,206.92944327697995,32339300
2025-08-29,212.5806884765625,214.3179874085232,209.87487342277922,210.1843914975452,39728400
2025-09-02,211.0231170654297,211.3525932568575,205.88107328271496,208.11761422314743,47523000
2025-09-03,230.30323791503906,230.95222645491896,224.44230678385503,225.86012385269166,103336100
2025-09-04,231.94070434570312,232.01058815431742,225.76027598883607,229.2947939629136,51684200
2025-09-05,234.63653564453125,235.39535470067108,231.5413241866342,231.84086323662245,46588900
2025-09-08,233.8870086669922,237.97434675109136,233.5172554040335,235.31608185012894,32474700
2025-09-09,239.47335815429688,240.3128053844981,233.07753270088136,234.0169206603603,38061000
2025-09-10,239.01365661621094,241.50203443312756,237.6945274082077,238.74382884116824,35141100
2025-09-11,240.21287536621094,242.09165136894262,236.09557331646107,239.7232054178332,30599300
2025-09-12,240.64259338378906,241.92175543476245,237.84442067897936,240.21286654309478,26771600
2025-09-15,251.44552612304688,252.24500622225327,244.5000723057695,244.5000723057695,58383800
2025-09-16,250.99581909179688,252.87457975705254,249.30692141357196,251.91521585326547,34109700
2025-09-17,249.36688232421875,251.43553649547647,246.11900683222018,251.0557800198683,34108000
2025-09-18,251.86524963378906,253.82397511354577,249.6367116291099,251.51547232528497,31239500
2025-09-19,254.55349731445312,255.83265939150547,251.64539584681071,253.08445699569828,55571400
2025-09-22,252.36492919921875,255.6128047936517,250.13639113793755,254.2636811395151,32290500
2025-09-23,251.49549865722656,254.1937306726042,250.31626206974443,252.8745862102155,26628000
2025-09-24,246.97845458984375,252.18505574615793,246.2789151995329,251.49550432970327,28201000
2025-09-25,245.6293182373047,246.32887284028934,240.58263166512353,244.24022750230412,31020400
2025-09-26,246.3788299560547,249.25695217808112,245.80921049475367,246.90849752367055,18503200
2025-09-29,243.89047241210938,250.98582213384148,242.61131034259105,247.6879914773483,32505800
2025-09-30,242.94110107421875,243.13096406959585,239.09361157011617,242.65128209661555,34724300
2025-10-01,244.7399139404297,246.13900797357311,238.45403213601972,240.59263270567308,31658200
2025-10-02,245.52940368652344,246.64866670301694,242.14162021805868,244.98974812584623,25483300
2025-10-03,245.1896209716797,246.138996907564,241.5020306823554,244.33018254314118,30249600
2025-10-06,250.26629638671875,251.1557292673991,244.42012945214807,244.61999567020933,28894700
2025-10-07,245.59934997558594,250.27629875611288,245.35951661425605,248.10771903747053,23181300
2025-10-08,244.46009826660156,245.84918907751907,243.66063338889384,244.79988761332393,21307100
2025-10-09,241.3721160888672,244.60000044134677,238.99366696134817,244.3101967172578,27892100
2025-10-10,236.4153594970703,243.93043262992407,235.6858257251368,241.27216783484693,33180300
2025-10-13,243.9904022216797,244.34017953936018,239.55331729181,240.05299046060216,24995000
2025-10-14,245.28955078125,246.95845730298234,240.35277752895155,241.07230809804528,22111600
2025-10-15,250.86590576171875,251.94520161834686,245.82920701293574,247.0883778879278,27007700
2025-10-16,251.29562377929688,256.79201310331337,249.93651222042618,251.60541868813706,27997200
2025-10-17,253.13442993164062,254.05382673080507,247.64801305801078,250.59608169913423,29671600
2025-10-20,256.3822937011719,257.1617826336821,254.06381810029453,254.52352413042843,22350200
2025-10-21,250.29627990722656,254.71338870395212,243.99039197294186,254.5734808325197,47312100
2025-10-22,251.52548217773438,256.19241249616164,249.12704181794433,254.20372304336274,35029400
2025-10-23,252.91456604003906,254.8732762688867,251.68537434804077,252.81462530948346,19901400
2025-10-24,259.7501220703125,261.5089509442133,255.1531226659378,256.412278354529,28655100
2025-10-27,269.0939636230469,269.9634205104271,264.10723541197956,264.6468909460984,35235200
2025-10-28,267.295166015625,270.5530448339537,266.3257988486908,269.5137161039883,29738600
2025-10-29,274.3905334472656,275.1600191542769,267.49504976173847,267.57498405043395,43580300
2025-10-30,281.2960205078125,291.3993974290424,279.87693527724974,291.3993974290424,74876000
2025-10-31,281.0061950683594,285.81304844327684,276.8489107040144,283.02486366213384,39267900
2025-11-03,283.5345458984375,285.3433603410046,279.61709481156873,281.9955439895644,29786000
2025-11-04,277.35858154296875,281.0861237356038,276.07941949471564,276.56908942406625,30078400
2025-11-05,284.1241455078125,286.23278206992967,277.15870054271744,278.6876991693174,31010300
2025-11-06,284.5638732910156,288.1615262521665,280.9562476047489,285.14348075532007,37173600
2025-11-07,278.647705078125,283.59448127875606,275.0101005397699,283.0248465894465,34479600
2025-11-10,289.9103698730469,290.6098939896417,282.6750818691635,284.23409016650885,29557300
2025-11-11,291.11956787109375,291.72918497214437,287.1321858980205,287.56189748708465,19842100
2025-11-12,286.5225830078125,291.8191369528623,283.504568014819,291.4893355792204,24829900
2025-11-13,278.3879089355469,282.65510670070455,277.0587612643864,282.15543354563385,29494000
2025-11-14,276.22930908203125,278.3778974858086,270.52305035910666,271.23257767900105,31647200
2025-11-17,284.83367919921875,293.7578650793077,283.38464532335746,285.59319216713175,52670200
2025-11-18,284.09417724609375,288.61121173854644,278.0181648979437,287.7318125744744,49158700
2025-11-19,292.61859130859375,303.6114007455407,286.44263841708545,286.9722907427786,68198900
2025-11-20,289.26080322265625,306.2197114167213,288.48131431646567,304.3409354639468,62025200
2025-11-21,299.464111328125,303.7213362601199,293.6579118539212,296.2262391249899,74137700
2025-11-24,318.3717346191406,319.27117069793417,309.39762425695875,310.9266228942269,85165100
2025-11-25,323.22857666015625,328.6150374741804,317.4423529194355,325.9967549915166,88632100
2025-11-26,319.7408752441406,324.287888914303,316.58293713459693,320.4703785574214,51373400
2025-11-28,319.970703125,326.6363566172421,316.5829348985448,323.15862038246837,26018600
2025-12-01,314.6841735839844,319.6409227326276,313.684827275924,317.49233426982363,41183000
2025-12-02,315.6035461425781,318.17187340075924,313.7047943107319,316.5329308632399,35854700
2025-12-03,319.42108154296875,321.369788644051,313.89469739870816,315.68353592029735,41838300
2025-12-04,317.4123840332031,322.14927599125497,314.4943097586067,322.0193865832628,31240900
2025-12-05,321.0599670410156,322.9487461411032,318.961364259978,319.28113189003057,28851700
2025-12-08,313.7200012207031,320.44000244140625,311.2200012207031,320.04998779296875,33909400
2025-12-09,317.0799865722656,317.989990234375,311.8999938964844,312.3699951171875,30194000
2025-12-10,320.2099914550781,321.30999755859375,314.67999267578125,315.8299865722656,33428900
2025-12-11,312.42999267578125,321.1199951171875,308.6000061035156,320.0799865722656,42353700
2025-12-12,309.2900085449219,314.8699951171875,305.55999755859375,313.70001220703125,35940200
2025-12-15,308.2200012207031,311.4200134277344,304.8800048828125,311.32000732421875,29151900
2025-12-16,306.57000732421875,310.7699890136719,302.5899963378906,304.95001220703125,30585000
2025-12-17,296.7200012207031,308.0899963378906,296.1199951171875,308.010009765625,43930400
2025-12-18,302.4599914550781,303.9599914550781,299.2300109863281,301.7200012207031,33518000
2025-12-19,307.1600036621094,307.25,300.9700012207031,301.7300109863281,59943200
2025-12-22,309.7799987792969,310.1300048828125,305.29998779296875,309.8800048828125,26429900
2025-12-23,314.3500061035156,314.94000244140625,309.32000732421875,309.6300048828125,25478700
2025-12-24,314.0899963378906,315.0799865722656,311.9200134277344,314.7699890136719,10097400
2025-12-26,313.510009765625,315.0899963378906,312.2799987792969,314.4800109863281,10899000
2025-12-29,313.55999755859375,314.0199890136719,310.6199951171875,311.3699951171875,19621800
2025-12-30,313.8500061035156,316.95001220703125,312.4599914550781,312.5,17380900
2025-12-31,313.0,314.5799865722656,311.44000244140625,312.8500061035156,16377700
2026-01-02,315.1499938964844,322.5,310.3299865722656,316.8999938964844,32009400
2026-01-05,316.5400085449219,319.0199890136719,314.6300048828125,317.6600036621094,30195600
2026-01-06,314.3399963378906,320.94000244140625,311.7799987792969,316.3999938964844,31212100
2026-01-07,321.9800109863281,326.1499938964844,314.19000244140625,314.3599853515625,35104400
2026-01-08,325.44000244140625,330.32000732421875,321.5,328.9700012207031,31896100
2026-01-09,328.57000732421875,330.8299865722656,325.79998779296875,327.0899963378906,26214200
2026-01-12,331.8599853515625,334.0400085449219,325.0,325.79998779296875,33923900
2026-01-13,335.9700012207031,340.489990234375,333.6199951171875,334.95001220703125,33517600
2026-01-14,335.8399963378906,336.5199890136719,330.4800109863281,335.05999755859375,28525600
2026-01-15,332.7799987792969,337.69000244140625,330.739990234375,337.6499938964844,28442400
2026-01-16,330.0,334.6499938964844,327.70001220703125,334.4100036621094,40341600
2026-01-20,322.0,327.7300109863281,320.42999267578125,320.8699951171875,35361000
2026-01-21,328.3800048828125,332.4800109863281,319.3500061035156,320.9200134277344,35386600
2026-01-22,330.5400085449219,335.1499938964844,328.75,334.45001220703125,26253600
2026-01-23,327.92999267578125,333.69000244140625,327.45001220703125,332.489990234375,27280000
2026-01-26,333.260009765625,335.8399963378906,327.0,327.80999755859375,26042100
2026-01-27,334.54998779296875,337.9100036621094,333.4800109863281,335.3699951171875,21636200
2026-01-28,336.010009765625,337.5400085449219,331.94000244140625,336.05999755859375,27434400
2026-01-29,338.25,342.2900085449219,326.5400085449219,340.29998779296875,39785600
2026-01-30,338.0,340.0,332.2900085449219,340.0,31024000
2026-02-02,343.69000244140625,344.8299865722656,335.6300048828125,336.2200012207031,32006100
2026-02-03,339.7099914550781,349.0,337.4700012207031,347.3399963378906,36506700
2026-02-04,333.0400085449219,343.30999755859375,328.5199890136719,342.9599914550781,70618400
2026-02-05,331.25,332.69000244140625,306.4599914550781,312.2200012207031,88205800
2026-02-06,322.8599853515625,330.3800048828125,319.9200134277344,327.17999267578125,56294700
