Date,Close,High,Low,Open,Volume
2014-01-02,30.831144332885742,31.03027044750708,30.781362012979855,30.98878359841773,30632200
2014-01-03,30.623720169067383,30.880924052755727,30.366516285379035,30.86432994751758,31134800
2014-01-06,29.976552963256836,30.607112865385698,29.95995886517442,30.573924669220865,43603700
2014-01-07,30.208864212036133,30.275240604817608,30.042926395083054,30.142490984255268,35802800
2014-01-08,29.669574737548828,29.984856354438733,29.52023414533932,29.86870080216388,59971700
2014-01-09,29.47873878479004,29.794020310536602,29.37088189742979,29.769130746530468,36516300
2014-01-10,29.90188217163086,29.993148131841274,29.661272488348978,29.785726645908763,40548800
2014-01-13,29.022411346435547,29.885285410646425,28.89796036496309,29.860395847352017,45901900
2014-01-14,29.686172485351562,29.769143007880185,28.732035213785995,28.815002571312803,41623300
2014-01-15,30.499250411987305,30.524143139653738,29.744236416112493,29.785723240556436,44812600
2014-01-16,30.60710334777832,30.698369276351194,30.125887313029907,30.44116558355488,38018700
2014-01-17,30.18398094177246,30.55734031652663,29.993153520231722,30.55734031652663,46267500
2014-01-21,30.009748458862305,30.54904575709248,29.918485635086423,30.54904575709248,31567300
2014-01-22,29.810619354248047,30.134196400016226,29.6612756154318,30.0844140987438,21904300
2014-01-23,29.91848373413086,29.976561511480686,29.47045245314519,29.943373305851786,43954000
2014-01-24,30.540746688842773,31.154712634632396,30.30843242705633,31.07174529006666,76395500
2014-01-27,29.893585205078125,30.607115662834786,29.85210153858083,30.590521563235693,44420800
2014-01-28,30.092708587646484,30.192270011480545,29.661271531031407,29.968254434103454,36205500
2014-01-29,30.416288375854492,30.59882030710922,29.785728413794068,29.852101647431585,52745900
2014-01-30,30.58222770690918,30.598821807382397,30.05952461950648,30.52414993775344,35036300
2014-01-31,31.395328521728516,31.436812202146637,30.33333111101528,30.656908249279347,93162300
2014-02-03,30.266948699951172,31.51977648963328,30.22546502774344,31.312354963593318,64063100
2014-02-04,30.159090042114258,30.856026529066902,30.076122693787156,30.673497729746984,54697900
2014-02-05,29.719350814819336,30.25864795447158,29.702756715829953,30.109304228567904,55814400
2014-02-06,30.01803970336914,30.076117470111353,29.611492171172753,29.702758137482203,35351800
2014-02-07,30.333324432373047,30.35821400214347,29.876994553240355,30.13419837920594,33260500
2014-02-10,30.532445907592773,30.532445907592773,30.10930741607091,30.391400798752517,26767000
2014-02-11,30.839426040649414,30.9140979046825,30.582225415091646,30.59881951432131,32141400
2014-02-12,31.088335037231445,31.196191937058412,30.94728677322567,30.98877043969765,27051800
2014-02-13,31.20450210571289,31.411923679757777,30.972190955583272,30.972190955583272,37635500
2014-02-14,31.212787628173828,31.345537266653526,30.972181084367584,31.021960220671822,31407500
2014-02-18,31.279666900634766,31.580594204932904,31.271309226064282,31.45520995396538,32834000
2014-02-19,31.354887008666992,31.5555061994681,31.104115411716005,31.11247627189689,29750400
2014-02-20,31.55550765991211,31.65581566558816,31.262941314717786,31.405044057031024,27526100
2014-02-21,31.747777938842773,32.05706293275183,31.647469895443795,31.714340861464713,38021300
2014-02-24,31.505369186401367,31.747783254880762,31.379984908341353,31.505369186401367,32085100
2014-02-25,31.379972457885742,31.639101776304596,31.221147971128925,31.43848573551158,30736500
2014-02-26,31.321456909179688,31.54715233025779,31.087400626913,31.413407249848646,41041800
2014-02-27,31.647459030151367,31.672535235208077,31.120836402821638,31.30473707652849,33903400
2014-02-28,32.02362060546875,32.1490048294933,31.61402448735941,31.74776957289288,41215000
2014-03-03,31.58058738708496,31.873156953650565,31.3381766120538,31.697613938217458,29717500
2014-03-04,32.10719299316406,32.165706237634566,31.822984439136167,31.93165325975254,26802400
2014-03-05,31.856443405151367,31.99018851148265,31.705979761936817,31.973469974599382,20520100
2014-03-06,31.889875411987305,31.96510722164112,31.672537655772125,31.881514550506683,23582200
2014-03-07,31.6809024810791,32.065419250204116,31.505359444100506,31.998545104929455,26591600
2014-03-10,31.614023208618164,31.772844494785584,31.530433729316204,31.756129149912585,19006600
2014-03-11,31.781204223632812,31.95674403715321,31.530432605927363,31.655816820413026,25216400
2014-03-12,31.990177154541016,32.12392221339101,31.58894197799103,31.59729964909815,30494100
2014-03-13,31.672531127929688,32.14064042360016,31.46355427626614,32.115561033061624,32169700
2014-03-14,31.513704299926758,31.881502345918086,31.354879879938235,31.471909574726197,27195600
2014-03-17,31.806278228759766,32.10720542468498,31.58894369211039,31.680894022946863,20479600
2014-03-18,33.06015396118164,33.35272361423635,31.948398208032593,31.981832097715305,64063900
2014-03-19,32.82608413696289,33.060137189682656,32.52515696133252,32.99326625550573,35597200
2014-03-20,33.71214294433594,33.979633025274914,32.80100385965839,32.809361529616915,59269800
2014-03-21,33.570037841796875,34.222044530966194,33.444650468310456,34.03814708891504,80721800
2014-03-24,33.854248046875,33.97127456696313,33.31926784719582,33.720502996955204,46098400
2014-03-25,33.72050476074219,34.26384584812399,33.402859054792806,33.98799487457313,43193100
2014-03-26,33.26076889038086,34.02980246094614,33.10194438304703,33.837544068304815,41977500
2014-03-27,32.901329040527344,33.411233270326086,32.88461050313813,33.21897487345253,35369200
2014-03-28,33.687068939208984,33.9712775942066,33.168807223178206,33.260757551079465,43472700
2014-03-31,34.26384353637695,34.69015488005295,33.77065807438831,33.79573427438882,46886300
2014-04-01,34.623287200927734,34.76539313440403,34.33072085073251,34.397594981482314,32605000
2014-04-02,34.56478500366211,34.82391756022919,34.41432135000833,34.640016830488996,28666700
2014-04-03,34.28055953979492,34.51461576967955,34.02978796874252,34.51461576967955,30139600
2014-04-04,33.32762908935547,34.598208794124055,33.13537075878792,34.48118226149459,51409600
2014-04-07,33.26911163330078,33.66198910513751,33.218959233480575,33.40285668071043,37559600
2014-04-08,33.28583908081055,33.37778942342767,32.76757728183637,33.2273258061877,35918600
2014-04-09,33.829185485839844,33.8960564433942,33.33599981752909,33.37779456459241,27398700
2014-04-10,32.901329040527344,34.013084672663076,32.67563356887536,33.80410773840031,45960800
2014-04-11,32.775936126708984,33.260764063763204,32.60039629656222,32.60039629656222,34330200
2014-04-14,32.75086212158203,32.94312049925269,32.5168089989803,32.6923488409316,32006600
2014-04-15,33.22731399536133,33.40285375683331,32.6421782683882,32.884592142078,33968700
2014-04-16,33.77066421508789,33.78737955897203,33.36106813777755,33.4864555380469,30615800
2014-04-17,33.444664001464844,33.603488497312675,33.02671017236577,33.444664001464844,36688400
2014-04-21,33.38615036010742,33.5616933898725,33.26076612597194,33.54497485424084,22221200
2014-04-22,33.427947998046875,33.553332231073945,33.29420290291057,33.40286860045378,27056700
2014-04-23,33.17717361450195,33.42794846150211,32.99327609909905,33.42794846150211,24602800
2014-04-24,33.31927490234375,33.41122524152105,32.85116553413848,33.21896689084769,42381600
2014-04-25,33.36106872558594,34.00471789342356,33.227323651018,33.67871447346009,56876800
2014-04-28,34.163536071777344,34.514618853607246,33.511529291036716,33.55332402515761,50610200
2014-04-29,33.86260986328125,34.431027192216064,33.762301860743904,34.355795393129576,29636200
2014-04-30,33.77066421508789,33.854253689444754,33.578402684345825,33.77066421508789,35458700
2014-05-01,33.436309814453125,33.7372371129808,33.39451506493206,33.63692907638324,28787400
2014-05-02,33.17717361450195,33.72051486468944,33.15209740529579,33.69543865548328,43416600
2014-05-05,32.95983123779297,33.1353710382175,32.85116237569183,33.035063036365464,22460900
2014-05-06,32.65054702758789,32.89295777120326,32.55859669540477,32.842805363637154,27112400
2014-05-07,32.951473236083984,33.026705041182844,32.190797512855184,32.784294281405785,41744500
2014-05-08,33.13538360595703,33.35272141259218,32.57532692873394,32.88461191184617,32120400
2014-05-09,33.05179214477539,33.310921498209595,32.909686173671396,33.05179214477539,29647600
2014-05-12,33.41123580932617,33.45303056160782,33.1437455682414,33.218977397842444,22782600
2014-05-13,34.0257453918457,34.09309131113473,33.545916956217035,33.60484302997985,27004800
2014-05-14,33.87422180175781,34.051000014205044,33.71427685706078,33.92472802746844,18818700
2014-05-15,33.33547592163086,34.00892247457787,33.25971334498588,33.74796177474935,37793200
2014-05-16,33.529083251953125,33.5374998861398,33.05767145674595,33.39439141512524,29867100
2014-05-19,33.461727142333984,33.52065319738441,33.21760307927982,33.34387503223312,24537400
2014-05-20,33.402809143066406,33.621676941576936,33.21761109039831,33.402809143066406,21320900
2014-05-21,33.96682357788086,33.96682357788086,33.453325329439764,33.50383156401036,22398700
2014-05-22,33.7563591003418,33.96681022493552,33.54590797574807,33.9163040102198,20201800
2014-05-23,33.77320098876953,33.98365214709402,33.67218533191813,33.98365214709402,18020000
2014-05-27,33.832130432128906,33.89105650544129,33.51224695164171,33.89105650544129,26160600
2014-05-28,33.680606842041016,33.83213195487288,33.52066509459863,33.790042359359646,25711500
2014-05-29,33.95839309692383,33.96680972884375,33.596416911011005,33.79845140061113,19888200
2014-05-30,34.46346664428711,34.48872295674543,33.88262283740249,34.050984338467586,34567600
2014-06-02,34.33720779418945,34.58974851274396,34.24460878143259,34.471896391500486,18504300
2014-06-03,33.91631317138672,34.24461650063456,33.882640211661254,34.17727058118363,18068900
2014-06-04,33.94155502319336,33.98364460326908,33.55432574853016,33.84895602028931,23209000
2014-06-05,34.690765380859375,34.724438334181556,34.008905737847826,34.16884744928384,31865200
2014-06-06,34.918052673339844,35.06957775064717,34.71602137774977,34.918052673339844,24060500
2014-06-09,34.74126052856445,34.91803864398732,34.53080947366248,34.84227613577349,15019200
2014-06-10,34.60659408569336,34.64868368131144,34.39614289637266,34.53924816372019,15117700
2014-06-11,34.396156311035156,34.57293460831364,34.32039372488273,34.455082410127986,18040000
2014-06-12,34.16043472290039,34.41297547923629,33.91631060024271,34.35404940979891,29818900
2014-06-13,34.707611083984375,34.993824840849136,34.39614421102963,34.59817556221038,26310000
2014-06-16,34.934879302978516,35.027478292036,34.54765008621869,34.54765008621869,24205300
2014-06-17,35.0864143371582,35.28002900071804,33.95839609768339,34.75811107237284,22518600
2014-06-18,35.061161041259766,35.13692357974758,34.66551187235345,35.027488088325285,27097000
2014-06-19,34.94330978393555,35.16218079232278,34.79178790050658,34.99381921923181,19828200
2014-06-20,35.0864143371582,35.212686305720055,34.833873611264046,34.89279967359836,47764900
2014-06-23,35.34737777709961,35.35579441044669,35.09483381946971,35.128506775317675,18743900
2014-06-24,35.14534378051758,35.30528550635024,34.98540205468492,35.21268969322387,26509100
2014-06-25,35.38105010986328,35.39788658901886,34.90122169323443,35.10325623187134,20049100
2014-06-26,35.120094299316406,35.30528915594303,34.875970157365174,35.29687252159963,23604400
2014-06-27,35.56623840332031,35.59991135238532,34.94330169053434,35.02748406319686,74640000
2014-06-30,35.1032600402832,35.532579066022855,35.1032600402832,35.49890610405846,30793100
2014-07-01,35.246360778808594,35.482068271015,35.09483568068661,35.23794414501514,26917000
2014-07-02,35.271629333496094,35.271629333496094,34.960159184222796,35.12852081954302,20208100
2014-07-03,35.18742370605469,35.34736859918806,34.985392445883775,35.28002270497843,15969300
2014-07-07,35.34737777709961,35.45681006676077,35.111670297393694,35.145343253241656,21952400
2014-07-08,35.170597076416016,35.35579512609866,35.02749182801024,35.246359622992564,31218200
2014-07-09,35.077999114990234,35.34737956416323,34.96014697479391,35.33895971916065,18445900
2014-07-10,35.094825744628906,35.35578627556243,34.5560714199408,34.82544858228486,21854700
2014-07-11,35.431556701660156,35.431556701660156,34.918055367961784,35.10325341256901,24083000
2014-07-14,35.4736328125,35.734593302456666,35.38945366669647,35.540978698125684,21881100
2014-07-15,35.73461151123047,35.75144799121601,35.38105185399445,35.63359584254741,28748700
2014-07-16,37.10674285888672,37.30035750309965,35.75985376998959,35.785106876686726,63318000
2014-07-17,37.48556137084961,38.47889115009616,37.24985708805552,38.260023346248786,82180300
2014-07-18,37.62024688720703,37.74651886327394,37.24985401462969,37.586577143321634,43407500
2014-07-21,37.74650192260742,38.01587902017238,37.22458419747887,37.51079776504517,37604400
2014-07-22,37.73810577392578,38.00748301768344,37.536071235492514,37.881211029758894,43095800
2014-07-23,37.77177429199219,38.26002253743559,37.561323126452095,38.26002253743559,52362900
2014-07-24,37.37612533569336,37.881206808650155,37.30877942664329,37.822280743846186,30725300
2014-07-25,37.46030807495117,37.59499669463663,37.291946497536856,37.291946497536856,26737700
2014-07-28,37.01414108276367,37.468713025440735,36.98046813553456,37.342444290175045,29684200
2014-07-29,36.946800231933594,37.1151617798333,36.736349099866324,36.963636707846504,27763100
2014-07-30,36.68584060668945,37.12357610834228,36.44171653794633,37.0983230016548,31921400
2014-07-31,36.33229446411133,36.778449973451266,36.26495175101776,36.51749254477187,31537500
2014-08-01,36.079742431640625,36.40804568237866,35.86087145699565,36.37437273070568,31170300
2014-08-04,36.509071350097656,36.59325375239323,36.03766274216364,36.17235137460626,34277400
2014-08-05,36.26494216918945,36.58482559151836,36.05449102812748,36.45855683361892,26266400
2014-08-06,35.978721618652344,36.34069455782792,35.53256310116014,35.978721618652344,24634000
2014-08-07,36.39122772216797,36.57642583936758,35.90298251941133,36.06292430439124,30314900
2014-08-08,36.3659553527832,36.46697099450159,36.12183127500354,36.39120846040546,28942700
2014-08-11,36.3659553527832,36.57640647958029,36.21443028459095,36.41646156802772,20351600
2014-08-12,36.635337829589844,36.694263896705635,36.197599037279815,36.23127199312593,21431100
2014-08-13,37.10674285888672,37.19092202203,36.63533119608834,36.770019783855126,22889500
2014-08-14,37.266685485839844,37.39295423371427,37.04781451822394,37.106743787373844,19313200
2014-08-15,37.704429626464844,37.79702864827979,37.37612633910621,37.527651427307084,41611300
2014-08-18,37.97380447387695,37.97380447387695,37.61182825371469,37.830696027863475,26891100
2014-08-19,38.397342681884766,38.40581188467864,37.973811453880494,38.09239968071579,28139500
2014-08-20,38.07545471191406,38.45663343001888,38.03310223907721,38.40580852384272,24770500
2014-08-21,38.30414962768555,38.329560456960564,37.973795921968254,37.98226512129809,22285500
2014-08-22,38.24488067626953,38.51594047098472,38.17711411194692,38.414290624500794,18294500
2014-08-25,38.26180648803711,38.49051372039067,38.15169070420088,38.4566336806723,16910000
2014-08-26,38.12628173828125,38.45663882786601,38.0669876217297,38.38040307354445,14873100
2014-08-27,38.0076904296875,38.117809450638525,37.91451304513562,38.03310449992958,21287900
2014-08-28,38.01616668701172,38.10087164623988,37.78745941955122,37.906047654985464,17657600
2014-08-29,38.48204803466797,38.49051723754981,37.999222688231136,38.19404666738224,21607600
2014-09-02,38.19403839111328,38.50745053041811,37.990742021845776,38.482039695991986,22976800
2014-09-03,38.08391189575195,38.21097250545231,37.71967492798216,37.71967492798216,33684500
2014-09-04,38.33804702758789,38.346519462042174,37.88063573695302,37.8975773745746,26475500
2014-09-05,38.88862991333008,38.905571547018894,38.210980722208426,38.210980722208426,36939400
2014-09-08,39.36298751831055,39.64251640700697,38.95639798756989,38.9818088234642,45736700
2014-09-09,39.60862350463867,39.78650900649237,39.32062225316788,39.362977944405074,40302400
2014-09-10,39.6763916015625,39.761096524830265,39.20203562992018,39.659449970651806,27302400
2014-09-11,39.81193923950195,39.81193923950195,39.36299712889818,39.59170440164552,29216400
2014-09-12,39.55780792236328,39.82886758523842,39.473099758161005,39.73569022025895,38244700
2014-09-15,39.168148040771484,39.5662649808448,39.04955664728223,39.42226599282117,37667600
2014-09-16,39.60862350463867,39.68485922506581,39.210506503550796,39.29521142345403,27910600
2014-09-17,39.40534210205078,39.54934115489031,39.15969323760938,39.18510407486659,38311900
2014-09-18,39.54086685180664,39.66792748427386,39.35451211919768,39.46463111858353,35556600
2014-09-19,40.25241470336914,40.294767186652514,39.47311543954826,39.651001039398174,202522400
2014-09-22,39.862762451171875,40.13382219292669,39.79499590008967,40.06605564184448,38686100
2014-09-23,39.4392204284668,39.79498503061495,39.362984694965604,39.68486603082742,33430300
2014-09-24,39.87969970703125,39.90511054525148,39.25287210354359,39.49852097729461,26582700
2014-09-25,38.99876022338867,39.88817524655508,38.990287788444775,39.71029288817923,33077400
2014-09-26,39.312171936035156,39.49005429204338,38.761579998348225,38.9055823088933,27078800
2014-09-29,39.33758544921875,39.4392352863722,38.76158263049854,38.947937433992536,26091000
2014-09-30,39.26980972290039,39.37145629667144,38.973335971745875,39.278278924345344,33033100
2014-10-01,38.880165100097656,39.41381208073422,38.83780939545228,39.19357728049658,38088400
2014-10-02,38.761573791503906,39.04957513518963,38.65992720881677,38.82087113196522,25119400
2014-10-03,39.04110336303711,39.218985678851766,38.63451382776659,38.947925988671415,32453200
2014-10-06,39.04110336303711,39.218985678851766,38.89710108503021,39.066514199214524,20604000
2014-10-07,38.566749572753906,38.905575821181266,38.473572192872055,38.84628171239946,25723700
2014-10-08,39.62558364868164,39.718761042880736,38.405814783234455,38.52440301901983,33031000
2014-10-09,38.83781051635742,39.64252045854559,38.744636364793614,39.38840237977214,34422800
2014-10-10,37.296138763427734,39.066498469709515,37.22837548380965,38.626025842694155,51978100
2014-10-13,36.974273681640625,37.745100307809665,36.83874383191705,37.11827273328408,37100200
2014-10-14,37.04203414916992,37.592625939031805,36.898035108573396,37.16062235466971,38115700
2014-10-15,36.61002731323242,36.754026328329765,35.66131537465843,36.4236726054258,60218700
2014-10-16,36.20344161987305,36.49144291120583,35.76296886658256,36.02555609339838,49040400
2014-10-17,36.957340240478516,37.2199275649386,36.245807563851294,36.59310308272368,40683300
2014-10-20,37.33850860595703,37.38933027711928,36.26273907210982,36.474504652049355,34527900
2014-10-21,38.01616668701172,38.10087164623988,37.43169148196141,37.57569379019375,36433800
2014-10-22,37.59262466430664,38.17709647071661,37.46556403055892,38.11780236997732,33570900
2014-10-23,38.13473892211914,38.49897591029274,37.71967704096118,37.795912764794856,45451900
2014-10-24,39.07498550415039,39.72722387459563,38.270275658469316,39.66792977103573,61076700
2014-10-27,38.88862991333008,39.049570586444524,38.71921680772811,38.71921680772811,30371300
2014-10-28,39.37991714477539,39.38838634372891,38.77003141899021,38.84626713471336,29049800
2014-10-29,39.49003982543945,39.5578063541147,39.25286343764795,39.33756836720608,30276100
2014-10-30,39.00721740722656,39.23592461092967,38.770041002476454,39.23592461092967,30073900
2014-10-31,39.76957321166992,39.78651484439354,39.37145292088003,39.76110077966509,35849700
2014-11-03,40.18463897705078,40.2015806127564,39.58322545029095,39.71875530464932,23130400
2014-11-04,40.29475021362305,40.430280041814115,40.02369055724091,40.0660430226845,21530800
2014-11-05,40.5404052734375,40.574288543519124,40.03216591607265,40.48958036831507,22449600
2014-11-06,41.25193786621094,41.38746771550552,40.481111242481745,40.54040534959272,33037800
2014-11-07,41.23497009277344,41.438263122207005,40.90461649648056,41.438263122207005,28000600
2014-11-10,41.412879943847656,41.63311797590491,41.12487860050967,41.209586778718844,36370100
2014-11-11,41.39593505859375,41.463701595841364,41.209583543735505,41.378993424281845,23445200
2014-11-12,41.31971740722656,41.43830566803465,41.09948252733836,41.13336581079432,22722100
2014-11-13,42.02275085449219,42.05663411364309,41.26039368002401,41.345101827901274,26210400
2014-11-14,41.99734878540039,42.39546585396206,41.83640488650731,42.13287861898681,29081700
2014-11-17,41.89569854736328,42.10746411207654,41.62463888303319,41.853346080677845,30318600
2014-11-18,41.54620361328125,42.0491224812983,41.51210664725774,41.87864090284638,23995500
2014-11-19,41.10296630859375,41.554739875942445,40.85576810123941,41.47802330302788,26177500
2014-11-20,41.51211929321289,41.51211929321289,40.804621665193395,40.91543521269443,21510600
2014-11-21,40.89839172363281,41.81046481826813,40.548905801872245,41.78489370866788,42884800
2014-11-24,40.56594467163086,40.91543051050813,40.39546306083716,40.90690789321827,35434200
2014-11-25,40.463661193847656,40.889863639111134,40.446612705837126,40.6256169524478,28008000
2014-11-26,40.702335357666016,40.906913971348914,40.301704000523166,40.48071150687073,27163600
2014-11-28,40.75347900390625,41.08591639108551,40.582997375395536,40.872815168363765,21534400
2014-12-01,41.44392013549805,41.58030477234531,40.66823190374183,40.8131424094543,31191600
2014-12-02,41.30754470825195,41.81046377844048,41.0859208433385,41.6314595123565,25773500
2014-12-03,40.98362731933594,41.3416358005199,40.75347761643203,41.29049033820798,23534800
2014-12-04,41.63146209716797,41.81899224566138,41.085923394278595,41.24787918055289,30320400
2014-12-05,41.2734489440918,41.74227430002458,41.239355215024275,41.61441224810345,27313400
2014-12-08,40.65971755981445,41.21377883714057,40.446616318150504,41.13706226007488,26663100
2014-12-09,40.56594467163086,40.84723656552414,40.10564529798774,40.156790756725734,24330500
2014-12-10,39.97779083251953,40.62561712127893,39.807309203372334,40.557426420620025,30431800
2014-12-11,40.20793151855469,40.693805229935585,39.79025500137275,40.1312182107045,29060400
2014-12-12,40.020416259765625,40.68529113351026,39.781740643506524,39.875505715786836,34248400
2014-12-15,39.781734466552734,40.63413935250415,39.67944679070521,40.23351126724027,29247800
2014-12-16,38.49460220336914,39.50044016840622,38.46903109886246,39.12538321175387,47801400
2014-12-17,38.98900604248047,39.168010311675204,38.272985714034526,38.400844512744904,34970900
2014-12-18,40.50627517700195,40.50627517700195,39.50043728537821,39.705015861499206,40105600
2014-12-19,40.62561798095703,41.00067497168414,40.207938143291216,40.60004687412716,64551200
2014-12-22,40.89839172363281,41.01772790399003,40.66824198222946,40.727910072408065,26566000
2014-12-23,41.29901885986328,41.597359280008476,41.0262495466829,41.230824905734835,23648100
2014-12-24,41.03477478027344,41.46097726573812,40.9836325630845,41.46097726573812,11437800
2014-12-26,40.81315231323242,41.26492592272959,40.76200684262883,41.26492592272959,13197800
2014-12-29,40.44660949707031,40.72790139776173,40.28465049965232,40.659710702796005,14439500
2014-12-30,40.0800666809082,40.59150816574651,39.92663358512358,40.43807506996189,16384700
2014-12-31,39.59421157836914,40.43809067926033,39.59421157836914,39.832883929866945,21552500
2015-01-02,39.858463287353516,40.42105055493304,39.670936365938736,39.77322407322567,27913900
2015-01-05,39.49192428588867,39.83288432690308,39.42373032668562,39.52601801382325,39673900
2015-01-06,38.91227722167969,39.84992112392927,38.81851218112153,39.53453228432401,36447900
2015-01-07,39.406681060791016,39.60273381213821,38.775903208920376,39.19357981997882,29114100
2015-01-08,40.56594467163086,40.70232930993257,39.82435340409446,39.84992450763032,29645200
2015-01-09,40.2249870300293,40.7620030404408,39.97779207433727,40.582998787525874,23944200
2015-01-12,39.72206497192383,40.52332761728726,39.51748962750465,40.421036693411196,23651900
2015-01-13,39.51750946044922,40.838736999444386,39.26178852575146,40.03747720361325,35270600
2015-01-14,39.176536560058594,39.41521219276174,38.88671870380052,39.176536560058594,29719600
2015-01-15,38.767364501953125,39.53453001552485,38.707696434415965,39.39814539663052,32750800
2015-01-16,39.415199279785156,39.44929300042975,38.50312315463444,38.62246255772239,35695300
2015-01-20,39.54307174682617,39.764698891955724,38.84409983064967,39.466355158384005,36161900
2015-01-21,39.14244079589844,39.32997095922107,38.767383720920584,39.15948928817026,39081100
2015-01-22,40.17384338378906,40.18236600195738,39.27881889945257,39.534539716167764,35898000
2015-01-23,40.21647262573242,40.3954769152088,39.89255777929846,40.36990580290286,26211600
2015-01-26,40.07155227661133,40.17384320417335,39.415203375587915,40.06302965848112,42525500
2015-01-27,36.36359405517578,36.823893496148486,35.894771995666574,36.61079226440187,169164000
2015-01-28,35.110557556152344,36.47440738194732,35.08498644903329,36.431787786193325,84507100
2015-01-29,35.809539794921875,35.90330488397761,34.7696076976698,34.88894390131613,63585300
2015-01-30,34.43716812133789,35.443006422273065,34.39454526403773,35.41743205755947,78004900
2015-02-02,35.18728256225586,35.26399915366585,34.29225783025097,34.59912419589093,50352500
2015-02-03,35.460052490234375,35.74134774697224,34.991230314005485,35.48562685554444,52082400
2015-02-04,35.664615631103516,35.98000448486701,35.25546173257263,35.74985480725598,41614800
2015-02-05,36.184608459472656,36.346564308512455,35.68168916315405,35.98855561537129,36548200
2015-02-06,36.15050506591797,36.474419958334366,35.928881140581176,36.38065486434532,34616600
2015-02-09,36.107879638671875,36.43179447890723,35.98001757625422,36.005591939738146,31381100
2015-02-10,36.31245422363281,36.45736477457328,35.95444565954563,36.43179366332912,29670700
2015-02-11,36.12491989135742,36.355069600218116,35.98000937022295,36.355069600218116,38262500
2015-02-12,36.73012161254883,36.73012161254883,36.23572528591386,36.363587301882525,33268800
2015-02-13,37.39500045776367,37.39500045776367,36.78127116707046,36.97732389550948,40264900
2015-02-17,37.412166595458984,37.77272283240647,37.07736016497034,37.74696975114076,33695700
2015-02-18,37.369239807128906,37.51518157309671,37.249054396806486,37.45508886793551,27111700
2015-02-19,37.3434944152832,37.36924750142431,36.95718174912912,37.06878391375307,27603400
2015-02-20,37.65253829956055,37.66970811240769,37.16321009524125,37.35207148694594,29721100
2015-02-23,37.90149688720703,37.93583323919379,37.47226137670551,37.51518427279425,32518800
2015-02-24,37.84999084472656,38.03026898936668,37.70404905515551,37.901500289541175,25271700
2015-02-25,37.76415252685547,37.849998343747316,37.60104089002976,37.72981289017553,29759800
2015-02-26,37.82423782348633,37.97017633849606,37.67829603366924,37.76414510850499,28957300
2015-02-27,37.64395523071289,37.94442207106412,37.48084690581862,37.88432935795532,33807700
2015-03-02,37.66971206665039,37.93583600669916,37.38641503714484,37.48943065023445,31924000
2015-03-03,37.154632568359375,37.626794349225996,36.991524218937656,37.39500673174813,31748600
2015-03-04,36.96576690673828,37.09453560741752,36.8112418460773,36.9228407317045,25748700
2015-03-05,37.00869369506836,37.12029586722776,36.75973626286958,36.974354061356586,23193500
2015-03-06,36.36484146118164,37.008694877208775,36.18456329064792,36.914262518888876,36248800
2015-03-09,36.78548049926758,37.02585460260241,36.21888977858971,36.21888977858971,32108000
2015-03-10,36.081539154052734,36.66529976191774,36.081539154052734,36.3562496430707,39159700
2015-03-11,36.03861618041992,36.37341938354996,35.91843075107143,36.321913213719085,32215300
2015-03-12,35.21449279785156,35.75533062886587,35.07713752209645,35.48062007735564,59992500
2015-03-13,35.52352523803711,35.600787746721444,34.86250228036144,34.939764789045775,58007700
2015-03-16,35.67806625366211,35.7467422506171,35.43769207729982,35.60080371033279,35273500
2015-03-17,35.79824447631836,35.90984663299524,35.32608604011084,35.51494744970949,31673400
2015-03-18,36.485042572021484,36.768339768606786,35.48063238371191,35.56647823278121,44194800
2015-03-19,36.30474090576172,36.56228156165256,36.24464819521409,36.27898454780765,33879100
2015-03-20,36.811248779296875,36.89709459591834,36.47644550974197,36.5365382363386,71904500
2015-03-23,36.7940788269043,37.02586646070703,36.725399554011055,36.81124864512761,26246100
2015-03-24,36.82840347290039,37.06018773755082,36.69963152604424,36.72538460549281,25513300
2015-03-25,35.59220886230469,36.85416235073839,35.57503904836871,36.84557580636682,43469900
2015-03-26,35.37759017944336,35.72097989961028,35.128632796062696,35.386176723591426,37495600
2015-03-27,35.17156982421875,35.56646583194528,35.051384367502685,35.30033855292535,34401400
2015-03-30,35.1629753112793,35.66089011893865,35.12005241143457,35.283160740767464,35049700
2015-03-31,34.90543746948242,35.22307088387362,34.80242184653537,35.00845309242948,34887200
2015-04-01,34.95695114135742,34.99128750328273,34.604978051860996,34.853932231157486,36865300
2015-04-02,34.58781051635742,34.974123268084554,34.441868688012406,34.90544399008497,37487500
2015-04-06,35.66948318481445,35.86693119817076,34.493378377079814,34.63073365918891,39223700
2015-04-07,35.65230178833008,35.97852170546347,35.463440383511525,35.720981044487495,28809400
2015-04-08,35.557861328125,35.789648852511924,35.23164476029726,35.59220094836153,24753400
2015-04-09,35.609378814697266,35.72956423790927,35.41193086587651,35.41193086587651,25723900
2015-04-10,35.81541442871094,36.01286238371052,35.54928721555118,35.73815190068438,28022000
2015-04-13,35.84974670410156,36.10729061809232,35.532113358268376,35.54069990196508,30276700
2015-04-14,35.75531768798828,36.08153430308445,35.532113398915214,35.88408637032406,24244400
2015-04-15,36.278995513916016,36.45069042801077,35.78108386533014,35.849759866083176,27343600
2015-04-16,36.193153381347656,36.34767849229393,35.90127298009451,36.01287517684648,22509700
2015-04-17,35.72957229614258,35.832591203393285,35.3346763094386,35.772495203426416,42387600
2015-04-20,36.83699035644531,37.06019137478762,35.781071422935355,35.82399431783115,46057700
2015-04-21,36.605224609375,37.043046912733416,36.51079221944244,36.91427487649649,26013800
2015-04-22,36.905677795410156,37.025863237703525,36.52794837699363,36.63096400255827,25064300
2015-04-23,37.20613098144531,37.437918530158676,36.74255588401857,36.81981840025636,46309500
2015-04-24,41.095008850097656,41.32679642997868,39.189205317976864,39.19778858768777,130933700
2015-04-27,41.23237228393555,41.31822137214293,40.537012680899025,40.54559595231583,59248200
2015-04-28,42.20243835449219,42.245361253726706,40.949071357923415,41.017747341737184,60730800
2015-04-29,42.11659240722656,42.33121017744821,41.635847422999454,41.82471210873283,47804600
2015-04-30,41.75604248046875,42.528667941378686,41.72170284335985,41.80755193613209,64725500
2015-05-01,41.773197174072266,41.96206183498034,41.54999616329561,41.70452119952824,38937300
2015-05-04,41.41265869140625,41.95349327524847,41.361149232312975,41.52425760722929,34039500
2015-05-05,40.86322784423828,41.343972895570964,40.61427368488404,41.05209255633465,50369200
2015-05-06,39.73004913330078,41.00917276025879,39.50684804510821,40.83747785213713,52433000
2015-05-07,40.09061050415039,40.42541378834348,39.627035214586975,39.72146758188413,32971700
2015-05-08,40.992000579833984,41.189448566613315,40.794552593054654,40.8203056816061,35364900
2015-05-11,40.6657829284668,41.129358197775645,40.6657829284668,40.82030801823641,24609400
2015-05-12,40.648590087890625,40.93188701695234,39.850212001197235,40.21935469826219,29928300
2015-05-13,40.888980865478516,41.48132476663364,40.83747141871427,41.36972260271486,34184600
2015-05-14,41.82472229003906,41.91056810910208,41.23237500415677,41.23237500415677,32980900
2015-05-15,41.46415328979492,41.98782118242458,41.24953551575374,41.95348155262423,28642700
2015-05-18,41.21520233154297,41.39548377878511,40.87181580425973,41.189449242568884,24136500
2015-05-19,41.111507415771484,41.31023855327433,40.76588603988584,41.09422601736823,28574800
2015-05-20,41.111507415771484,41.413923647604136,40.84365068465563,40.94733577898543,25047900
2015-05-21,40.973270416259766,41.1287997596541,40.61900986654842,40.85230388163992,22410700
2015-05-22,40.52396774291992,40.912787811612596,40.45484212425132,40.86958594799018,25720600
2015-05-26,40.256103515625,40.50667889310643,39.91048207798921,40.46347703742454,29581900
2015-05-27,41.13743591308594,41.27568383126781,40.282024653273425,40.454835375023364,27335600
2015-05-28,40.99918746948242,41.49169587769932,40.94734326479473,41.04238932534366,19283700
2015-05-29,40.48940658569336,41.10288164399997,40.256112557304,40.98191510248498,36519600
2015-06-01,40.80909729003906,41.27568526615705,40.28202605361953,40.66221031390403,28837300
2015-06-02,40.541236877441406,40.91277875531474,40.28202245699471,40.549879225907404,21498300
2015-06-03,40.48074722290039,41.24975460638176,40.45482677378057,40.93005368548547,28002200
2015-06-04,40.05738067626953,40.74862039925832,39.91913273167177,40.428922645393065,27745500
2015-06-05,39.86728286743164,40.1956229253614,39.608068420051524,40.01417314180437,25438100
2015-06-08,39.51301574707031,40.1178515538899,39.46117154782635,40.00552410357298,22121600
2015-06-09,39.44388961791992,39.69446164973407,39.279717984284495,39.53893236317927,24406100
2015-06-10,40.27338790893555,40.46348004336578,39.47845986175592,39.56486687562901,28417400
2015-06-11,40.126502990722656,40.541246824414635,39.858649452181105,40.31659515053227,27347800
2015-06-12,39.72039794921875,40.15242314928912,39.65991468489615,39.936410549253935,23931000
2015-06-15,39.2969970703125,39.44388729723402,38.89953482631927,39.271076622774956,33254500
2015-06-16,39.59941864013672,39.95367905801571,39.141469834520244,39.18467168136604,27070300
2015-06-17,39.72039794921875,39.806801670796546,39.193326677758385,39.51302440290506,28704100
2015-06-18,40.36844253540039,40.437564865064196,39.893212098562536,39.93641726270507,32658300
2015-06-19,39.832725524902344,40.463485271354756,39.737682741498,40.428922461339916,63837000
2015-06-22,39.94504165649414,40.36842771861655,39.8845584042038,40.031448656973225,20318100
2015-06-23,39.66853332519531,39.988230885825665,39.41795804703874,39.85862537015396,25896500
2015-06-24,39.43525695800781,39.962328192351684,39.35749229562773,39.46117741343769,34890900
2015-06-25,39.44388961791992,39.798150038163705,39.31428078042771,39.77222629301147,20616000
2015-06-26,39.10691452026367,39.988246208104584,38.90818334988145,39.443896900745116,49835300
2015-06-29,38.33791732788086,39.081001238074336,38.329278273709456,38.91683284009077,34081700
2015-06-30,38.14781951904297,38.640327893506296,37.966366463116934,38.63168554527215,35945400
2015-07-01,38.407039642333984,39.080997876827524,38.10462003489132,38.41567869576236,28343900
2015-07-02,38.36383819580078,38.66625451040682,38.070060934716075,38.432960512243326,21752000
2015-07-06,38.35519790649414,38.432962576725885,37.97501690541163,37.98365595939702,23034000
2015-07-07,38.27742004394531,38.44159167790322,37.43065131331129,38.31198284015642,36435800
2015-07-08,38.2255973815918,38.79587060677043,38.04414426296446,38.398404852907376,39785900
2015-07-09,38.46752166748047,39.07235756682356,38.4502402650889,38.666252850847826,32424700
2015-07-10,38.54526901245117,39.0032144337639,38.51070622319651,38.89088701673076,25465800
2015-07-13,39.348854064941406,39.41797637956261,38.8390642222592,38.86498467823084,28178300
2015-07-14,39.417972564697266,39.71174978960937,39.15011908933843,39.27108560028632,22880300
2015-07-15,39.53894805908203,39.65127554309365,39.253813117933746,39.46982573544555,26629600
2015-07-16,40.31658172607422,40.34250217702064,39.720388281677224,39.75494778424249,26271700
2015-07-17,40.28202438354492,40.420272300801095,39.97096574569595,40.22154112575099,29467100
2015-07-20,40.541236877441406,40.72268993823526,40.126493145508654,40.30794620630251,30631900
2015-07-21,40.852291107177734,40.89549625268108,40.16105162829204,40.42026602086295,42781900
2015-07-22,39.348854064941406,40.54988353428833,39.05507681159759,39.26244705155173,59152400
2015-07-23,39.841365814208984,39.94505094279825,38.96867303498449,39.11556332190253,33934000
2015-07-24,39.69446563720703,40.02280564137134,39.57349913464386,39.66854518554063,32333200
2015-07-27,39.184688568115234,39.75496176207367,39.098284837187705,39.69447849120619,39701400
2015-07-28,39.1760368347168,39.43525123969955,38.70080987623342,39.38341033635699,34328900
2015-07-29,39.99690246582031,40.42028540766589,39.1069281198119,39.22789797071633,40945900
2015-07-30,40.50667953491211,40.95598609252153,39.68583107958895,39.97096596847952,39777900
2015-07-31,40.35115432739258,40.93006651309938,40.17834358822508,40.8609441950868,31201500
2015-08-03,40.44620895385742,40.610377377941305,40.13515021677942,40.59309597076015,24125900
2015-08-04,41.07695388793945,41.22384086337744,40.33387006937199,40.394353329386504,33403900
2015-08-05,41.111507415771484,41.82866732101307,41.07694461896498,41.45712549556741,26959700
2015-08-06,40.28202438354492,41.275683554885774,40.03145229958022,41.223839349880826,27368000
2015-08-07,40.38570785522461,40.420267358244985,39.97096085808066,40.08328830714422,19163000
2015-08-10,40.89550018310547,41.03374809216947,40.47211410754625,40.567160163044655,23079900
2015-08-11,40.10057830810547,40.55852395822983,39.65991406124306,40.454838834748784,29237400
2015-08-12,40.38570785522461,40.52395575557594,39.495733906628566,39.91047760768257,30181400
2015-08-13,40.377079010009766,40.69677676846636,40.16970873818048,40.66221725388884,22627200
2015-08-14,40.6103630065918,40.696766715829305,40.195619269289345,40.204258321777004,21473400
2015-08-17,40.88685607910156,40.99918353042102,40.23881841517317,40.44619191790986,21099700
2015-08-18,41.11298751831055,41.25214706275488,40.617231433863545,40.73899562052418,23574100
2015-08-19,40.538978576660156,40.94776143801151,40.26935534417754,40.68683423078377,31485500
2015-08-20,39.712711334228516,40.41720872418323,39.712711334228516,40.069308041231736,36238200
2015-08-21,37.460044860839844,39.55613733909272,37.460044860839844,39.39958243882278,70053100
2015-08-24,36.2510986328125,37.12954269482774,34.546393267860346,35.181308939975416,88753700
2015-08-25,35.19871520996094,37.607918429712925,35.12913375252009,37.025185336038604,70616600
2015-08-26,37.146942138671875,37.26001032548431,35.71185970317521,36.53811777914639,63408000
2015-08-27,38.181941986083984,38.22542872645844,37.33828528795188,37.59920904802425,50943200
2015-08-28,38.208030700683594,38.399376326370344,37.73836597462997,37.74706531279322,28246700
2015-08-31,37.8514289855957,38.20802549168917,37.48613314252499,37.886219697854806,34441700
2015-09-01,36.372867584228516,37.04257406185672,36.23370801211264,36.677278111411376,49688900
2015-09-02,37.7122802734375,37.7296756345575,36.42505341099021,36.84253212439263,37671500
2015-09-03,37.834041595458984,38.251520276993936,37.64269595557085,37.75576413530708,28285200
2015-09-04,37.05998229980469,37.43397440190415,36.70338556499206,37.23393265484605,37138800
2015-09-08,38.17324447631836,38.268917300421535,37.57311946761539,37.66009295253149,32469800
2015-09-09,37.460044860839844,38.61681125529828,37.32088531813603,38.45155701733267,33469500
2015-09-10,37.65139389038086,38.086267915491774,37.18172914698295,37.50353499657388,31366600
2015-09-11,37.816654205322266,37.91232704542887,37.346989345431496,37.520939662186564,27132500
2015-09-14,37.4339714050293,37.78186876943314,37.27741642980819,37.77317274539943,23656000
2015-09-15,38.25152587890625,38.52114901843243,37.468754480576436,37.56442399670561,28882200
2015-09-16,38.52983856201172,38.59941999967061,38.12975524894978,38.2428234262327,23372200
2015-09-17,38.486351013183594,39.138662047305345,38.338495438005566,38.52114173128154,32768200
2015-09-18,37.816654205322266,38.26022767893899,37.68619395612572,37.8340495687804,63143700
2015-09-21,38.364593505859375,38.67770338767511,37.92102006734507,37.93841542942661,26177200
2015-09-22,38.181941986083984,38.31240220720736,37.66879048688388,37.729672586973244,28085900
2015-09-23,38.15584945678711,38.41677323169319,37.84273959976949,38.20803553889865,17145200
2015-09-24,38.190643310546875,38.381988976157324,37.634004993672185,37.79055993502145,27905600
2015-09-25,38.216732025146484,38.903833851089125,38.06017709473358,38.68639681638519,29384600
2015-09-28,37.65139389038086,38.34719166699322,37.58181245380687,38.121058633778766,27613800
2015-09-29,37.78185272216797,37.89492089354296,37.442651525868364,37.72097062631037,32763600
2015-09-30,38.49504470825195,38.52983542424814,37.973197239610336,38.16454285976406,34958900
2015-10-01,38.79944610595703,38.92121025523326,38.05146254003252,38.92121025523326,28657900
2015-10-02,39.63441848754883,39.63441848754883,38.19933287377371,38.503746682848245,41839000
2015-10-05,40.556365966796875,40.78249907503872,39.747499746295496,39.7909864996697,34369300
2015-10-06,40.66072463989258,41.03471659719359,40.19975919765794,40.2954320217804,27017200
2015-10-07,40.70421600341797,41.18257686051173,39.964931344075445,40.96513980566674,27711500
2015-10-08,41.269561767578125,41.33044388944979,40.44330013354254,40.495486231358306,33772700
2015-10-09,40.97384262084961,41.3478346523275,40.8085883217434,41.26955717323151,28600600
2015-10-12,40.8781623840332,40.93904448811527,40.44328831611796,40.860767023177495,19769100
2015-10-13,40.78248596191406,40.99122695594932,40.495470827669315,40.495470827669315,19987800
2015-10-14,40.599853515625,40.965146232517284,40.46938993511966,40.5737621266546,24697800
2015-10-15,40.886863708496094,40.904259071607946,40.46938494729036,40.886863708496094,27189400
2015-10-16,41.32173156738281,41.34782626700711,40.791188003133385,40.89555684815327,26450300
2015-10-19,41.41740798950195,41.643544377488915,40.89556040123767,41.24345768747184,29387600
2015-10-20,41.547874450683594,41.58266517708754,40.89556326082786,41.26085593459046,30802200
2015-10-21,41.05210494995117,41.739206644242884,40.97382749974293,41.67832123379185,25144300
2015-10-22,41.774017333984375,42.574187639808976,40.9564549787051,41.33914310542213,56637100
2015-10-23,45.983585357666016,47.02728383745949,45.444342414939356,45.48782916038367,135227100
2015-10-26,47.18385314941406,47.244735275148436,45.66179337040071,45.68788476205058,64633300
2015-10-27,46.696773529052734,47.28820249278312,46.6011040265947,46.95770060903575,50999900
2015-10-28,46.94900894165039,46.94900894165039,45.97489185544046,46.56632091581018,47000800
2015-10-29,46.409751892089844,46.818534496893264,46.28798770797611,46.566306791043274,30202100
2015-10-30,45.78355026245117,46.95771246536134,45.766154898205116,46.37497937551115,46619800
2015-11-02,46.305389404296875,46.40975824527817,45.76614320393798,45.966184864912805,30285000
2015-11-03,47.096858978271484,47.30559665558509,46.00967389860525,46.03576527881306,36596900
2015-11-04,47.31430435180664,47.73178309800288,47.018589825189366,47.12295868228189,37087800
2015-11-05,47.296905517578125,47.57522466127945,46.96640029024809,47.39257834531781,31468500
2015-11-06,47.76656723022461,47.81875331410601,46.93160979507767,47.04467798457442,32851200
2015-11-09,47.105567932128906,47.72308843064445,46.58372027774352,47.44476923926205,32513100
2015-11-10,46.540218353271484,47.07946455231208,46.33148067181919,47.0272784730362,55283700
2015-11-11,46.6619873046875,47.14034810035174,46.49673304081797,46.70547404650684,36516300
2015-11-12,46.374977111816406,46.94901083261011,46.26190890864947,46.5141367011656,35361100
2015-11-13,45.9575080871582,46.34889555200105,45.68788487408268,46.1575498318941,36848200
2015-11-16,46.76636505126953,46.870733915069216,45.96619491460165,46.166239937138386,32165200
2015-11-17,46.38108825683594,46.871427988574474,46.276012594158615,46.55620768092032,31551300
2015-11-18,47.15162658691406,47.26545689319746,46.389846346809534,46.40735895855999,29710000
2015-11-19,47.23043441772461,47.86087511666564,47.09033685575875,47.274217619742785,28149200
2015-11-20,47.4493293762207,47.545647060746056,46.64376936053378,47.5018672060133,37147600
2015-11-23,47.4493293762207,47.68574460000416,47.06406197830811,47.5018672060133,28235900
2015-11-24,47.50186538696289,47.66823016465207,46.915208007594195,47.21291234445209,24600000
2015-11-25,47.01152420043945,47.484354648528615,47.01152420043945,47.361769719065975,21005100
2015-11-27,47.2216796875,47.353022612914565,47.09909473854739,47.107849374820006,9009100
2015-11-30,47.58942794799805,48.12355087181713,47.28296561803081,47.755796075856445,56241400
2015-12-01,48.35121154785156,48.359966182927415,47.54564817312879,47.6419658599076,39952800
2015-12-02,48.34245300292969,48.99916085211337,48.21111343720626,48.438770688573506,47274900
2015-12-03,47.45809555053711,48.8328039358224,47.221680285908576,48.58763403481031,38627800
2015-12-04,48.95538330078125,49.235578395737555,47.37052708103108,47.38803969198947,43963700
2015-12-07,48.86781692504883,49.00791445343041,48.41249912276155,48.85030431647756,30709800
2015-12-08,48.85030746459961,49.12174456447543,48.14981977754929,48.57011238977948,32878000
2015-12-09,48.141075134277344,48.92036811069165,47.72953704283576,48.48256276752049,36373200
2015-12-10,48.394996643066406,48.73648423120669,48.167336024180045,48.50006897629666,31775800
2015-12-11,47.33551788330078,48.246150515826855,47.29173467407817,47.90466286110584,39549500
2015-12-14,48.281166076660156,48.342458549067366,47.002775451896575,47.57192365589408,46768900
2015-12-15,48.33370590209961,48.946633991583916,48.237388201442016,48.736485977404676,39843000
2015-12-16,49.14802169799805,49.25309403000909,47.94843282513092,48.631411333675715,37503300
2015-12-17,48.771514892578125,49.72593065463721,48.62265934206781,49.34941780005126,41280900
2015-12-18,47.39679718017578,49.03418787577463,47.309234126284224,48.83279786210751,84684200
2015-12-21,48.009727478027344,48.465042019143546,47.484359150280056,48.05350733695901,37246300
2015-12-22,48.46504211425781,48.578872419854825,47.720774490391584,48.149825125217774,28322200
2015-12-23,48.87657928466797,48.929117118685895,48.54384634959927,48.7715069568212,27279800
2015-12-24,48.745243072509766,48.999170961562875,48.535098387919945,48.91161123301537,9558500
2015-12-28,48.990413665771484,48.990413665771484,48.14107031616376,48.46504530243284,22458300
2015-12-29,49.515777587890625,49.778460093624275,49.08673027456983,49.28812030697194,27731400
2015-12-30,49.30562973022461,49.717164404519295,49.28811711894986,49.44572728023347,21704500
2015-12-31,48.57887268066406,49.2005553665431,48.52633484544742,49.069215788785236,27334100
2016-01-04,47.98345184326172,47.98345184326172,46.74884124619532,47.563159229386855,53778000
2016-01-05,48.20235824584961,48.500065954947125,47.755798352297866,48.09728591916491,34079700
2016-01-06,47.326751708984375,47.633217419517166,46.9677515007866,47.56316696904476,39518900
2016-01-07,45.68060302734375,46.83641208292169,45.59304330413132,46.144678912899764,56564900
2016-01-08,45.82069778442383,46.65252506396537,45.66308763162485,45.85571966489891,48754000
2016-01-11,45.7944221496582,46.27600719002839,45.05890929775497,45.97829952758688,36943800
2016-01-12,46.2147331237793,46.49492828933495,45.58429567137401,46.197220508408336,36095500
2016-01-13,45.21652603149414,47.344259829987266,44.918818325609,47.10784459235592,66883600
2016-01-14,46.50368118286133,46.77511834096031,45.15524000843137,45.53175284726817,52381900
2016-01-15,44.64738464355469,45.50548260535982,44.07823643430745,44.92757976005476,71820700
2016-01-19,44.2708625793457,45.251545282188296,43.833057383767404,45.076422535919264,43564500
2016-01-20,44.472259521484375,44.98886986664352,42.992475591352886,43.76301379129294,63273000
2016-01-21,44.20082092285156,45.16399454851902,44.0432107539276,44.65613881749976,40191200
2016-01-22,45.785682678222656,45.82070790662401,44.88380141793073,45.015144354341,37555800
2016-01-25,45.347869873046875,46.10089545867244,45.225284934026725,45.47920944763029,34707700
2016-01-26,45.68060302734375,45.91701828824451,45.13772539501016,45.34787340698505,28900800
2016-01-27,44.84878158569336,45.706879679726036,44.673658775848175,45.540511507287704,36775200
2016-01-28,45.58428955078125,45.71562913814373,44.875043754342,45.4091667607752,62513800
2016-01-29,48.23739242553711,48.23739242553711,47.282976652100096,47.92217204675943,83611700
2016-02-01,47.9046516418457,48.237384580910145,47.720774230858424,48.05350716992287,44208500
2016-02-02,46.407371520996094,47.51063963841539,46.10090908287686,47.431834534300435,56313800
2016-02-03,45.671852111816406,46.74885282797739,44.88380117794759,46.62626786941771,57559800
2016-02-04,45.53173828125,46.240983868483454,44.98010282451287,45.619297980330884,46987100
2016-02-05,43.92063522338867,45.53175914202165,43.39527010782594,45.4792212943894,62009000
2016-02-08,43.263912200927734,43.404009739320294,42.19566638306645,43.38649712949763,59290500
2016-02-09,43.15008544921875,43.99067408876398,42.61596249644377,42.922428183214016,46740500
2016-02-10,43.52659225463867,44.12200759484256,43.36022748083029,43.6842023941155,38237000
2016-02-11,43.50909423828125,43.87685246713231,42.47587335081885,42.624728905888716,48878600
2016-02-12,44.218326568603516,44.375936712696806,43.56161874827772,43.99942396182825,34243300
2016-02-16,45.05613708496094,45.05613708496094,44.209516411203786,44.88857779458343,37291200
2016-02-17,46.22904968261719,46.5377157216099,45.37361168489478,45.40888838035181,40789000
2016-02-18,46.02622604370117,46.69646998001616,45.94685513977365,46.149694510833115,27176000
2016-02-19,45.699920654296875,46.10559263008327,45.44416961401664,45.832206603178776,33559100
2016-02-22,46.431884765625,46.74054741230218,46.10558040865708,46.10558040865708,25008300
2016-02-23,45.135501861572266,46.184958385816564,44.95912173741942,46.1585025446535,28895300
2016-02-24,45.29425048828125,45.41771558461275,44.27124965045684,44.703377487617075,33014500
2016-02-25,45.94685363769531,45.94685363769531,44.63282838295173,45.62055253851472,26939500
2016-02-26,45.2413330078125,46.458352282710166,45.064952866437686,46.38779888049169,35975900
2016-02-29,44.87092971801758,45.54999095421725,44.676911260768875,45.28541910736146,31654000
2016-03-01,46.37016677856445,46.378984272304564,44.90621386900832,44.95031143022364,33024500
2016-03-02,46.69646072387695,46.705278216267,45.999761079076016,46.22023539470889,29289900
2016-03-03,46.16731643676758,46.714095115419646,45.6646353088432,46.714095115419646,24427800
2016-03-04,45.8851203918457,46.255519047167645,45.602913494539266,46.211424850245685,33034200
2016-03-07,45.00322723388672,45.682288695769294,44.606376060052966,45.47063518494755,38407800
2016-03-08,45.549991607666016,45.973301858868886,44.62399685872824,44.80037697110547,33835100
2016-03-09,46.59944534301758,46.60826283424511,45.735186543381914,45.76164238123515,28251600
2016-03-10,45.90275573730469,46.68764382929709,45.11786764531228,46.678826336158785,38387800
2016-03-11,46.802284240722656,46.802284240722656,46.19377638244785,46.7405517057167,32275700
2016-03-14,46.89048385620117,47.26088251920258,46.41426180973029,46.48481185343382,24083600
2016-03-15,47.26087951660156,47.26087951660156,46.511268108496495,46.52008560183487,21104800
2016-03-16,47.931121826171875,48.15159617378844,47.093321996566196,47.13741619325519,31691700
2016-03-17,48.20452117919922,48.50436648842181,47.622468915905046,47.807666598732226,28223900
2016-03-18,47.17270278930664,48.47791079722356,47.1374260788886,48.433813227114875,67625500
2016-03-21,47.49899673461914,47.56072928638671,46.67883184493941,46.961038757068806,23925700
2016-03-22,47.68418502807617,47.84292680550462,47.14622715614321,47.27851309205729,23124100
2016-03-23,47.59600067138672,47.83411335766297,47.39316468622651,47.719465761121505,20129000
2016-03-24,47.80765151977539,47.91348161730168,47.384341222183835,47.48135046283067,19950000
2016-03-28,47.21678924560547,47.878212318609826,47.03159159256546,47.8076589093536,17025100
2016-03-29,48.24861145019531,48.380897420953474,47.13742207968027,47.32261974740411,23924300
2016-03-30,48.54844665527344,49.068766207162426,48.41616407615194,48.44261991914198,23008300
2016-03-31,48.70719909667969,49.02468273869765,48.38089795979323,48.460268870297725,26360500
2016-04-01,49.00705337524414,49.042330089533735,48.12515570304011,48.54846618199733,24399200
2016-04-04,48.883567810058594,49.08640378619591,48.504351700358455,48.883567810058594,18928800
2016-04-05,48.116310119628906,48.768912132179956,48.02811838538507,48.67190290659707,19272300
2016-04-06,48.61017608642578,48.680729482110905,47.80764971344839,47.93993564827246,21188700
2016-04-07,48.02812576293945,48.424980217570486,47.82528978927719,48.38970351845413,19225100
2016-04-08,47.99284362792969,48.75127575217183,47.90465525429862,48.21331792617818,22167200
2016-04-11,47.89585494995117,48.63664899246564,47.887034090920224,48.05459677078799,21414200
2016-04-12,48.19569396972656,48.310338208842836,47.41080246247913,47.948760411554915,24944300
2016-04-13,48.81302261352539,48.89239351875762,48.40735059308147,48.61018660330343,20818000
2016-04-14,48.821834564208984,49.01585304474859,48.5660835424379,48.69836948174603,20877100
2016-04-15,49.07758331298828,49.31569261004116,48.601357990540464,48.768917256955355,28793800
2016-04-18,49.79191970825195,49.90656729681986,48.68954810632906,48.93648163279617,23786000
2016-04-19,49.73019027709961,50.06531220700587,49.10404397545817,49.94184711813813,29596800
2016-04-20,49.02467727661133,49.82720378711121,48.936488881063866,49.64200613795854,36195700
2016-04-21,49.19222640991211,49.58908083622248,48.87474286886382,49.209864758211566,38909100
2016-04-22,45.664642333984375,46.23787693992399,44.77392751749081,45.779289928006555,126834100
2016-04-25,45.95566940307617,45.97330775299235,45.53235909760174,45.66464167571617,33226900
2016-04-26,45.364803314208984,46.167329853787386,45.0561405544372,46.08795894925011,33532600
2016-04-27,44.923851013183594,45.41771475364536,44.579911575646726,45.40007640246764,43369300
2016-04-28,44.006675720214844,44.7739254136348,43.70683050974928,44.64163947565809,43134800
2016-04-29,43.980228424072266,44.31535042397298,43.521641309516575,43.521641309516575,48411700
2016-05-02,44.6328239440918,44.75628903073677,43.90084755302334,44.09486604013475,33114500
2016-05-03,43.90083694458008,44.45643306439639,43.74209519606113,44.3947005359913,26460200
2016-05-04,43.980228424072266,44.147791106108656,43.618650575080366,43.95377257498107,24257600
2016-05-05,44.04195785522461,44.359441478471624,43.85676019638779,43.980225302279,25390700
2016-05-06,44.43880844116211,44.43880844116211,43.79502375744488,44.024315596015754,24787300
2016-05-09,44.15660095214844,44.61518798726637,44.09486840551444,44.52699959612393,17951600
2016-05-10,44.99440383911133,45.06495387874321,44.26242741342328,44.38589587007912,22891000
2016-05-11,45.02086639404297,45.664651160936266,44.97677219217915,45.09141980836265,24039100
2016-05-12,45.426517486572266,45.691089304098504,44.90619807049863,45.15313154257842,24102800
2016-05-13,45.04732894897461,45.77048467854915,45.01205223919726,45.364809244454094,22592300
2016-05-16,45.7087516784668,45.82339593788113,44.75630070868138,44.800394913392445,20032000
2016-05-17,44.85619354248047,45.93963469663691,44.72298573041795,45.93075553091335,27803500
2016-05-18,45.122623443603516,45.41568338902323,44.669707999270194,44.82956011048171,24907500
2016-05-19,44.68747329711914,44.95389237455563,44.24344037215754,44.82068452968857,23842400
2016-05-20,44.953887939453125,45.4867294294589,44.75851577538284,44.82955927476239,23905800
2016-05-23,44.429927825927734,45.0071719112003,44.3855252165303,44.93612502600284,26118700
2016-05-24,45.8153076171875,45.92187454802242,44.7585106994622,45.02492972040033,34757900
2016-05-25,46.285980224609375,46.614566950670685,45.99292032491057,46.10836641900626,24040200
2016-05-26,46.081722259521484,46.16164829697866,45.61104858766332,46.117245695658305,24335200
2016-05-27,46.46359634399414,46.46359634399414,45.975160895038776,46.10836871509838,17721400
2016-05-31,47.0674934387207,47.0674934387207,46.25047442399488,46.41032317181734,37653100
2016-06-01,46.93428039550781,47.02308901611528,46.57017352027341,46.57017352027341,25324800
2016-06-02,46.60569381713867,46.836592827402704,46.03733223449222,46.74778421280028,22840800
2016-06-03,45.992916107177734,46.552394970124,45.824181482862706,46.516874922421955,23368300
2016-06-06,46.294857025146484,46.490229138099956,46.081719807368614,46.17052839298488,18243300
2016-06-07,46.26822280883789,46.82770516283144,46.26822280883789,46.3925548557157,20866800
2016-06-08,46.21493911743164,46.57016335924859,46.06396618919059,46.197177397185534,21149400
2016-06-09,45.84194564819336,46.1794115271404,45.726499558520544,46.1794115271404,20305700
2016-06-10,45.717620849609375,46.2238180167439,45.32687316955692,45.33575233577782,25833200
2016-06-13,44.5275993347168,45.04267890115048,43.56849044879646,44.030284870795406,83217800
2016-06-14,44.252315521240234,44.492090279410206,44.02141654179254,44.314479849314196,42577100
2016-06-15,44.12799072265625,44.50985930792397,44.12799072265625,44.20791678440303,33757600
2016-06-16,44.74962615966797,44.820673035539166,43.968127463592275,43.977010016926926,31188600
2016-06-17,44.51872634887695,44.78514533261931,44.243424812645856,44.76738361534299,45710500
2016-06-20,44.465450286865234,45.140382130532906,44.42992684505075,44.97164747576505,35607900
2016-06-21,45.460086822509766,45.673224103880116,44.54538013780429,44.580903582649704,34097800
2016-06-22,45.282466888427734,45.699855420974,45.24694345102336,45.36239292873684,28816800
2016-06-23,46.09950637817383,46.23271763456599,45.42457770212091,45.540023844110934,29028800
2016-06-24,44.252315521240234,45.238065603999566,43.97701393426854,44.23455380069027,133503000
2016-06-27,43.00901794433594,43.648426270291594,42.662672897010445,43.60402027944353,50216300
2016-06-28,43.90597152709961,43.932615804491114,43.2221604608881,43.44417690883851,38140700
2016-06-29,44.88283157348633,45.04268363589297,44.22566160718112,44.32334935506307,31304000
2016-06-30,45.44232177734375,45.55777127079861,44.8473193643493,45.042694909011075,28527800
2016-07-01,45.43343734741211,45.93075531816596,45.353511305464195,45.40679646266331,21400400
2016-07-05,45.44232177734375,45.540009549674636,45.06045663013505,45.14038268134197,24806400
2016-07-06,45.628822326660156,45.770912720939855,44.74963568300924,45.09598080733462,28167500
2016-07-07,45.628822326660156,45.83307705670584,45.35352070562352,45.66434238445342,19585200
2016-07-08,46.44584274291992,46.49912791287952,45.7797933630854,45.93964548526187,28391000
2016-07-11,46.70337677001953,46.916514035323765,46.596809831218366,46.62345071899318,22269200
2016-07-12,47.25398254394531,47.42271722171263,46.88099651715881,47.01420436056728,27317600
2016-07-13,47.52039337158203,47.83121839433127,47.22733345678035,47.56479936604745,25356800
2016-07-14,47.724647521972656,47.946663925170384,47.58255715943417,47.813452728171164,24545500
2016-07-15,47.68913650512695,47.955555580813225,47.25398275093425,47.91115296614924,32024400
2016-07-18,47.920021057128906,48.257486948433076,47.55591428072495,47.689125481627045,31433900
2016-07-19,47.14739990234375,47.86673421310354,47.00530955070368,47.69799959148638,53336500
2016-07-20,49.65176010131836,50.47766158893709,49.314294139526275,49.86489738974028,89893300
2016-07-21,49.554073333740234,49.93594191702973,49.51854988699183,49.71392545640571,32776700
2016-07-22,50.23786544799805,50.291150597977726,49.536292884587034,49.80271524678437,32157200
2016-07-25,50.37996292114258,50.388845474579725,49.962570989836706,50.149067347299855,25610600
2016-07-26,50.40660095214844,50.87727801432395,50.18458455661136,50.1934671095456,28079000
2016-07-27,49.90040588378906,50.442126453104635,49.82936239591405,50.27339520516269,32327500
2016-07-28,49.91816329956055,50.060253650763364,49.483013081121214,49.73167034880083,37550400
2016-07-29,50.3355827331543,50.406626253781795,49.77610018701193,49.96259323982503,30558700
2016-08-01,50.24676513671875,50.39773469826406,49.85601401233848,50.26452347173402,26003400
2016-08-02,50.24676513671875,50.5309459247941,50.006986961586,50.486539924149284,35122000
2016-08-03,50.593109130859375,50.71743779940367,50.16683795826371,50.33556923875924,22075600
2016-08-04,50.96608352661133,51.081533001547285,50.32667521952157,50.442124694457526,26587700
2016-08-05,51.472293853759766,51.69431030763661,51.01938177843998,51.1969956190819,29335200
2016-08-08,51.561100006103516,51.58774089523203,51.31243928599644,51.561100006103516,19473500
2016-08-09,51.685420989990234,51.951840004782134,51.52556890357478,51.65877671711994,16920700
2016-08-10,51.525569915771484,51.79198893579707,51.34795610652055,51.64989856593665,15756900
2016-08-11,51.774227142333984,51.907438346007794,51.5344490083421,51.5344490083421,18162300
2016-08-12,51.454532623291016,51.67654907929233,51.17035183062552,51.53445868295958,21655200
2016-08-15,51.6143684387207,51.95183429380088,51.47227808727135,51.516680686905296,19283900
2016-08-16,51.32843780517578,51.489286250336285,51.176527278533705,51.48035174063498,20523500
2016-08-17,51.43565368652344,51.54288480806475,51.140763841264956,51.417781264797235,18856400
2016-08-18,51.47140121459961,51.560763333809746,51.176514743246905,51.31055280883766,14214300
2016-08-19,51.4892692565918,51.58756587494954,51.11395861429787,51.31948635776588,17271000
2016-08-22,51.53395462036133,51.605444317986084,51.167578442075474,51.471402839347874,15221900
2016-08-23,51.73054885864258,51.98969390421017,51.694804009153984,51.73948677542296,18732400
2016-08-24,51.78416442871094,51.864588633005354,51.57863666413994,51.65012295194812,18151500
2016-08-25,51.98075485229492,52.087989398418955,51.63225109943281,51.72161322120283,18552600
2016-08-26,51.85564422607422,52.45435842951013,51.55181987108046,52.079044386839755,20971200
2016-08-29,51.9182014465332,52.36500181495024,51.9182014465332,51.98969114171175,16417200
2016-08-30,51.73054885864258,51.998628412174085,51.48034172985537,51.810973065583674,16930200
2016-08-31,51.34629821777344,51.65012260877632,51.20332223429069,51.51608454172043,20860300
2016-09-01,51.462459564208984,51.66798729664105,50.944169571176616,50.944169571176616,26075400
2016-09-02,51.53395462036133,51.99862742847303,51.310554428508574,51.53395462036133,18900500
2016-09-06,51.48032760620117,51.650110481467266,51.12288602701247,51.632238061626275,16278400
2016-09-07,51.525020599365234,51.68586901172419,51.301620405401835,51.355237679126965,17493400
2016-09-08,51.319480895996094,51.64117764590572,51.09608075398281,51.49820169136985,20146100
2016-09-09,50.22930145263672,51.399919758171954,50.22930145263672,50.74759156631108,35113900
2016-09-12,50.97991180419922,51.122887758955336,49.69312821139413,50.0416318880612,29303000
2016-09-13,50.51525115966797,50.62248570794929,50.08632319299209,50.48844422700587,30130200
2016-09-14,50.27398681640625,50.60462161481824,50.06845901158684,50.39015589176228,24062500
2016-09-15,51.10502624511719,51.248002230386604,50.02377014346616,50.17568404527413,26847000
2016-09-16,51.15864944458008,51.49821872723987,50.71184901274968,51.49821872723987,44607000
2016-09-19,50.87267303466797,51.60542511862549,50.80118336364034,51.17649731890512,20937100
2016-09-20,50.76545333862305,51.2479950911756,50.711836073310145,51.2479950911756,17384000
2016-09-21,51.6143684387207,51.6947926279555,51.00672317527702,51.3909682918258,33707300
2016-09-22,51.66798400878906,51.82883238199014,51.498201129883746,51.75734270109383,19822200
2016-09-23,51.319480895996094,51.74840875960372,51.27480154935657,51.712663918765834,19955300
2016-09-26,50.845882415771484,51.06034467998973,50.78333063797314,51.006730818343286,21688700
2016-09-27,51.78416442871094,51.882461057161485,50.649291060919175,50.8726912496463,28065100
2016-09-28,51.85564422607422,51.882454563360916,51.5339474491613,51.72160617490446,20536400
2016-09-29,51.29267883300781,51.980748335889146,51.12289252733769,51.65905496429433,25463500
2016-09-30,51.47140121459961,51.623315112848694,51.23906652228585,51.44459428324472,29910800
2016-10-03,51.310550689697266,51.42671973546448,50.9888573002757,51.3016161825534,19189500
2016-10-04,51.149696350097656,51.47138968071914,50.90842379551989,51.17650327544556,20085900
2016-10-05,51.50714111328125,51.79309304964574,51.16757191054243,51.19438224813758,16726400
2016-10-06,51.59651184082031,51.703742982661225,51.18545288093317,51.59651184082031,16212600
2016-10-07,51.65013122558594,51.81097965994047,51.31056192985781,51.69481058872511,20089000
2016-10-10,51.86458969116211,52.17734859823454,51.712675787143766,51.74842063618531,18196500
2016-10-11,51.10502624511719,51.84671651226357,50.836946698839064,51.73054745897704,26497400
2016-10-12,51.033546447753906,51.176522451208186,50.399090645476605,51.033546447753906,22177500
2016-10-13,50.86375045776367,51.20331967990117,50.3275913986549,50.66716062079241,25313700
2016-10-14,51.310550689697266,51.59650605054337,51.042471160771214,51.042471160771214,27402500
2016-10-17,51.13182830810547,51.34629054688179,50.819066047400916,51.25693184886096,23830000
2016-10-18,51.525020599365234,51.78416564247872,51.301620405401835,51.40885154403566,19149500
2016-10-19,51.408851623535156,51.68586909165207,51.292685976842385,51.35523775854355,22878400
2016-10-20,51.15864944458008,51.3999220868265,50.631424798667545,51.38204966049528,49455600
2016-10-21,53.312217712402344,54.018163084667,53.16030722938689,53.8662491928354,80032200
2016-10-24,54.50963592529297,54.50963592529297,53.553483567833254,53.56241807384372,54067000
2016-10-25,54.50071716308594,54.84028303062704,54.33093082049867,54.375610181089165,35137200
2016-10-26,54.17900848388672,54.688360582808826,54.0360325159229,54.339856873948015,29911600
2016-10-27,53.70541000366211,54.357741627348425,53.69647549499452,54.1611483484941,28479900
2016-10-28,53.4998779296875,54.08071980222864,53.24073629328921,53.62498149391077,33574700
2016-10-31,53.5445671081543,53.991367581655524,53.5445671081543,53.75903283531441,26434700
2016-11-01,53.437313079833984,53.63390629486153,52.94583345108075,53.5892269483959,24533000
2016-11-02,53.106693267822266,53.55349364637785,52.99052421492923,53.455197017685,22147000
2016-11-03,52.910091400146484,53.29433993587916,52.82073270250364,53.19604332318254,21600400
2016-11-04,52.46329879760742,52.97265094835574,52.293515883630086,52.409684934675795,28697000
2016-11-07,53.99135208129883,54.08071419563439,53.41944818481567,53.41944818481567,31664800
2016-11-08,54.036033630371094,54.313047656555206,53.75008168854593,54.10751991141937,22935400
2016-11-09,53.76795196533203,54.14326602830459,52.901161612668574,53.61604148402569,49632500
2016-11-10,52.454368591308594,54.05391487038004,51.49821599070534,54.04497695328099,57822400
2016-11-11,52.74031448364258,52.829673191404794,51.837775854689745,52.03436910234604,38767800
2016-11-14,51.93606948852539,52.79392871420962,51.18544479656169,52.740311447349356,41328400
2016-11-15,52.9616584777832,53.51943619674933,52.46685854089268,52.47585683769406,35904100
2016-11-16,53.66337203979492,53.6723669037427,52.907676489942304,53.02462688048494,27332500
2016-11-17,54.55401611328125,54.8329049669072,53.95126065034582,54.347099905176044,32132700
2016-11-18,54.293128967285156,55.003843510374864,54.24814777267654,54.67997341824056,27686300
2016-11-21,54.75193405151367,54.85089471702787,54.35609138945687,54.42806403050153,19652600
2016-11-22,54.98584747314453,55.111796184205886,54.70696202203581,54.859898762083176,23206700
2016-11-23,54.338096618652344,54.96784001013303,54.203149645138424,54.8868725123935,21848900
2016-11-25,54.455055236816406,54.455055236816406,54.0952023060999,54.24813902948938,8409600
2016-11-28,54.52701187133789,54.895862990327466,54.167155614441114,54.284109412709114,20732600
2016-11-29,54.958858489990234,55.246742233659525,54.44606535708901,54.5630192004062,22366700
2016-11-30,54.212158203125,55.039826548190284,54.17617530869648,54.75194280169235,34655400
2016-12-01,53.258541107177734,54.113197425299525,53.02463343349653,54.077211101372455,34542100
2016-12-02,53.303524017333984,53.501445373478994,52.898686439694124,53.15058728347273,25515700
2016-12-05,54.17618179321289,54.509046771471844,53.5824210660112,53.70836979119863,23552700
2016-12-06,53.93327713012695,54.39209081588346,53.798330111574614,54.365102784911095,19907000
2016-12-07,55.210750579833984,55.21974887636808,53.7983200263063,53.98724307138704,30809000
2016-12-08,54.88687515258789,55.39967161750109,54.73393844496997,55.14777081694767,21220800
2016-12-09,55.75053024291992,55.76852340256913,54.9948346968746,55.03981588007547,27349400
2016-12-12,55.93046951293945,56.04742336513533,55.52563532706445,55.61559771684885,20198100
2016-12-13,56.65916061401367,57.05499981759974,55.99343088835328,56.227335092325916,35718900
2016-12-14,56.3892707824707,57.08199197111239,56.25432380385892,56.67715446712124,30352700
2016-12-15,56.299312591552734,56.81210565734126,56.047411774926374,56.40726812333862,27669900
2016-12-16,56.04741287231445,56.632178591972725,55.88547785554277,56.632178591972725,42453100
2016-12-19,57.23493194580078,57.369878932119306,56.15536635078586,56.28131847287722,34338200
2016-12-20,57.1629638671875,57.39686809200944,56.70414685010423,57.297907424330916,26028400
2016-12-21,57.1629638671875,57.3069057205805,56.78511435712807,57.064003199508974,17096300
2016-12-22,57.171966552734375,57.666766526971315,57.04601784276624,57.432862270151205,22176600
2016-12-23,56.8930778503418,57.16296841795923,56.49723514811445,57.082000904489526,12403800
2016-12-27,56.92904281616211,57.639757051504,56.86606848460966,56.86606848460966,11763200
2016-12-28,56.668174743652344,57.037026027648466,56.524232862869596,57.037026027648466,14653300
2016-12-29,56.587188720703125,56.857079229952596,56.43424859196055,56.551202404311454,10250600
2016-12-30,55.903480529785156,56.668174557303054,55.804519843601476,56.64118309535151,25579900
2017-01-03,56.299312591552734,56.53321681572955,55.89447505755009,56.488235630139144,20694100
2017-01-04,56.04741287231445,56.45225041424368,55.88547785554277,56.209347889086146,21340000
2017-01-05,56.04741287231445,56.37128290585783,55.80451034715692,55.948452202971254,24876000
2017-01-06,56.53321075439453,56.81209956610456,55.81350156657977,56.04740576567803,19922900
2017-01-09,56.353294372558594,56.74913708243749,56.26333199222875,56.46124991532337,20382700
2017-01-10,56.33530044555664,56.74013801523625,56.02942355200369,56.4342611216833,18593000
2017-01-11,56.84809494018555,56.88408126544291,56.164371919520065,56.326306951333315,21517300
2017-01-12,56.32630920410156,57.03702371305749,55.732548540987175,56.73114679982614,20968200
2017-01-13,56.40727233886719,56.560209067673014,56.09239715251354,56.33529969106816,19422300
2017-01-17,56.25431823730469,56.407258360053724,55.804499595568764,56.389265202563024,20664000
2017-01-18,56.22734069824219,56.407268874845464,55.88547750588041,56.38027741765603,19670100
2017-01-19,56.04741287231445,56.65916661748649,55.95745049937221,55.99343682128692,18451700
2017-01-20,56.443260192871094,56.515229410776385,56.110391835544064,56.38028240841733,30213500
2017-01-23,56.64117431640625,56.78511617440578,56.290316252022684,56.40727008409874,23097600
2017-01-24,57.144989013671875,57.34291041243562,56.62319748305675,56.85710521465856,24672900
2017-01-25,57.288917541503906,57.66676365257459,57.082001323749274,57.531820083697106,23672700
2017-01-26,57.8196907043457,58.06259663771994,57.171954132109846,57.68475058990271,43554600
2017-01-27,59.178138732910156,59.29509597118629,58.37746210885712,58.82728074545715,44818000
2017-01-30,58.593387603759766,59.187151645287436,58.29651244668532,59.09718926848641,31651400
2017-01-31,58.161563873291016,58.61138260879413,57.81070580869372,58.35048691855962,25270500
2017-02-01,57.198951721191406,58.134575509238985,57.09999105086114,57.900667846304806,39671500
2017-02-02,56.83010482788086,57.046019359169236,56.45225868793251,56.90207748225867,45827000
2017-02-03,57.288917541503906,57.30691070372319,56.74013810527238,57.1269825133751,30301800
2017-02-06,57.252925872802734,57.26192416899483,56.80310715484314,57.12697718086916,19796400
2017-02-07,57.06401062011719,57.37888239290893,56.884082422016945,57.34289949876482,20277200
2017-02-08,56.9830322265625,57.40586289661825,56.87507670104514,57.18994841373924,18096400
2017-02-09,57.630775451660156,57.972642090850556,56.96504563044681,57.144973814936385,22644400
2017-02-10,57.57679748535156,57.8466914690398,57.55880432431604,57.80170685052872,18170700
2017-02-13,58.22453689575195,58.35048558972943,57.6937472308277,57.792707899479865,22920100
2017-02-14,58.44175720214844,58.577522306636574,57.94395412079196,58.296946154581136,23108400
2017-02-15,58.405555725097656,58.44176021518106,58.070676276101885,58.378404083860204,17005200
2017-02-16,58.39649963378906,59.04816660850575,58.3240975629428,58.59562086554139,20546300
2017-02-17,58.487022399902344,58.55037853647241,58.197393360539046,58.351257277166205,21248800
2017-02-21,58.369361877441406,58.78570323136105,58.33315738075687,58.47797536749501,20655900
2017-02-22,58.25169372558594,58.27884536771103,57.971117549892455,58.22454208346084,19292700
2017-02-23,58.487022399902344,58.58658302955544,58.09783273088595,58.30599993448716,20273100
2017-02-24,58.487022399902344,58.649939166125506,58.052575388206904,58.405560564140266,21796800
2017-02-27,58.13404083251953,58.41461703970301,57.97112405618364,58.41461703970301,15871500
2017-02-28,57.907752990722656,58.106870770290264,57.708631758505014,57.998264211117046,23239800
2017-03-01,58.77664566040039,58.821896093329464,57.943956211961805,58.043516831826196,26937500
2017-03-02,57.93490219116211,58.604667890715035,57.81723934294077,58.55036461665109,24539600
2017-03-03,58.15213394165039,58.17928558416803,57.581925280227516,57.91681165031338,18135900
2017-03-06,58.17021942138672,58.43269674781814,57.753881671686194,57.898696153053606,18750300
2017-03-07,58.287906646728516,58.631839005555236,58.097838219063625,58.097838219063625,18521000
2017-03-08,58.821895599365234,58.90335742643397,58.15212981205674,58.161182660686656,21510900
2017-03-09,58.586570739746094,59.01195790731031,58.36029788441852,59.002911964912876,19846800
2017-03-10,58.76759719848633,59.06627908037505,58.60468043611983,58.93051396085283,19538200
2017-03-13,58.56847381591797,59.002920801544086,58.44176155038131,58.84000404509686,20100000
2017-03-14,58.29694747924805,58.42365973823621,58.06162175314137,58.40555404106635,14280200
2017-03-15,58.60466766357422,58.75853154302528,58.1521219673304,58.42365214719642,24833800
2017-03-16,58.5051155090332,58.61372897772867,58.19738770567984,58.604676129012304,20674300
2017-03-17,58.71330261230469,59.04818213073741,58.541332975075875,58.749507109895056,49219700
2017-03-20,58.76759719848633,58.993870095923086,58.577528793275555,58.74949840502375,14598100
2017-03-21,58.11593246459961,59.283501490530156,58.043523477262575,59.00292529622552,26640500
2017-03-22,58.858097076416016,58.95765769034914,58.034467431050935,58.034467431050935,20680000
2017-03-23,58.71330261230469,59.04818213073741,58.622787915677826,58.77665875676238,19269200
2017-03-24,58.8128547668457,59.23824201521418,58.61373351148551,59.156787086367295,22617100
2017-03-27,58.921470642089844,59.03008413633614,58.242651839979814,58.49607642125258,18614700
2017-03-28,59.09343338012695,59.256350149818374,58.51417528906883,58.79475148480916,20080400
2017-03-29,59.25634765625,59.28349929917248,58.78569616125756,58.93956697998635,13618400
2017-03-30,59.47357177734375,59.71795039098141,59.15679107938875,59.21109436895209,15122800
2017-03-31,59.60932540893555,59.90800725452593,59.23823458769296,59.41925702682348,21040300
2017-04-03,59.328758239746094,59.6817434178525,59.00292470529386,59.564077088283014,20400900
2017-04-04,59.49168014526367,59.56408223282784,59.084384739369796,59.18394537823486,12997400
2017-04-05,59.33779525756836,60.052818355867856,59.22918869928995,60.00756792501851,21448600
2017-04-06,59.49168014526367,59.79035515655723,59.26540722153428,59.37401380553135,18103500
2017-04-07,59.44641876220703,59.69984331472911,59.22919870365971,59.60028268262384,14108500
2017-04-10,59.310638427734375,59.57311576277117,59.15677454677123,59.38304739711681,17952700
2017-04-11,59.26539611816406,59.38305553055127,58.69518403780218,59.37400268181369,18791500
2017-04-12,59.03911590576172,59.29254039654281,58.93050245029862,59.211078578620615,17108500
2017-04-13,58.785682678222656,59.60931915290043,58.785682678222656,59.09341733979762,17896500
2017-04-17,59.26539611816406,59.274442061601306,58.84000199640212,58.86715363731453,16689300
2017-04-18,59.183929443359375,59.47355843154027,58.97576227654486,59.129626165981634,15155600
2017-04-19,58.86716079711914,59.50977502963956,58.731395670744135,59.41926724715662,26992800
2017-04-20,59.28349304199219,59.50976591619827,58.957659550711426,59.2472885534832,22299500
2017-04-21,60.098079681396484,60.36960300041653,59.238238574581885,59.437359818376855,32522600
2017-04-24,61.12082290649414,61.238489211291984,60.731633317015806,61.075572478363846,29770000
2017-04-25,61.47380447387695,61.58241792468068,61.184175510366195,61.45570568472592,30242700
2017-04-26,61.39235305786133,61.82679307519672,61.20228468711465,61.61862591426922,26190800
2017-04-27,61.79057693481445,61.89013752527913,61.166068664524936,61.681970403615374,34971000
2017-04-28,61.962547302246094,62.57800963993918,61.26563006507666,62.36984251552293,39548800
2017-05-01,62.822418212890625,62.94913049846921,61.998781451328185,62.16169823354374,31954400
2017-05-02,62.72284698486328,63.093930928469575,62.56897617380653,63.093930928469575,23906100
2017-05-03,62.52373504638672,62.79525840779084,62.18884863815662,62.79525840779084,28928000
2017-05-04,62.27934265136719,62.523721218414934,62.12547875673713,62.47846388220609,21749400
2017-05-05,62.4513053894043,62.47845702603007,61.989706850868394,62.360797632218635,19128800
2017-05-08,62.39702224731445,62.496582883929726,61.926370709623825,62.42417389270017,18566100
2017-05-09,62.48753356933594,62.70475365001375,62.16169999566827,62.324616782502105,22858400
2017-05-10,62.731895446777344,62.958168342667086,62.37891028161339,62.4422664162505,17977800
2017-05-11,61.962547302246094,62.20692581127187,61.65481958604873,61.872039556617366,28789400
2017-05-12,61.89017105102539,62.098345190754806,61.58244317220157,62.098345190754806,18714100
2017-05-15,61.935401916503906,61.980659246532554,61.15702279604475,61.672924593995674,31530300
2017-05-16,63.18251037597656,63.20981765279819,62.044660875860714,62.10838017007191,34956000
2017-05-17,61.4256706237793,62.900319134896556,61.38015386570783,62.7091612517844,30548800
2017-05-18,61.635013580322266,62.017329238226196,61.11615463177257,61.35282920589987,25201300
2017-05-19,61.616825103759766,61.990036108780686,61.38015047564782,61.44386976649928,26961100
2017-05-22,62.30862045288086,62.35413719959188,61.44385782441535,61.79886622514376,16237600
2017-05-23,62.51798629760742,62.581705574579054,62.24489971351167,62.55439830514554,15425800
2017-05-24,62.59992599487305,62.70005730799698,62.308636796207686,62.690959512172846,14593900
2017-05-25,63.37366485595703,63.6103325389588,62.72736720797804,62.78198175868894,21854100
2017-05-26,63.68313980102539,63.91981436658874,63.28261468159202,63.53749872251871,19827900
2017-05-30,64.0927734375,64.0927734375,63.51018825447997,63.52839773091707,17072800
2017-05-31,63.57391357421875,64.39316646973828,63.54660630184827,64.2020086182639,30436400
2017-06-01,63.81058120727539,64.27482562151503,63.218898239304124,63.938019761007006,21603600
2017-06-02,65.32166290283203,65.41268946948311,63.93803408816079,64.12009416634483,34770300
2017-06-05,65.79499053955078,66.35026150060533,65.3671581323566,65.51280616241432,33316800
2017-06-06,66.01346588134766,66.1044993866972,65.7858960077366,65.8132102262703,31511100
2017-06-07,65.8951644897461,66.24106836777831,65.49463909263578,66.1227344753979,22301800
2017-06-08,65.49458312988281,66.01344197602741,65.08496028367139,66.00434418469214,24588300
2017-06-09,64.0108413696289,65.61293491401709,62.436055093602334,65.57652290790826,49187400
2017-06-12,63.519290924072266,63.66493895130407,62.01732863142516,63.03684398740724,47761700
2017-06-13,64.31126403808594,64.46600992475133,63.68316880471292,63.73778336591643,25258600
2017-06-14,63.9653434753418,64.72087719876363,63.20071195637182,64.54792879988162,25510700
2017-06-15,63.62852478027344,63.910709142336785,62.627218934193245,63.05504437365446,26068700
2017-06-16,63.71956253051758,63.74686980327824,63.009545659215654,63.473790130790434,48345100
2017-06-19,64.5114974975586,64.57521677175744,64.03814836504144,64.17469165114754,23798300
2017-06-20,63.63764572143555,64.51151324296859,63.60123370659479,64.46599648819722,21512200
2017-06-21,63.9653434753418,64.28394688646138,63.66495648996479,63.91072892252454,19891100
2017-06-22,63.95622634887695,64.25661324346133,63.45556994976966,64.21110344482976,22965700
2017-06-23,64.82097625732422,64.85738825604639,63.646715341829314,63.80146112773953,27617300
2017-06-26,64.20198822021484,65.27611790976452,64.12006642913136,64.99393359174957,19607000
2017-06-27,63.000431060791016,63.883403114571905,62.97312379230379,63.81968383980834,25215100
2017-06-28,63.537513732910156,63.57391880247732,62.61812946650222,63.00044520089226,25806200
2017-06-29,62.345035552978516,63.25531497329601,61.98092239587535,63.15518368147062,28918700
2017-06-30,62.745567321777344,63.155190326064556,62.57261199135842,62.60902400538775,24161100
2017-07-03,62.05375671386719,63.35545677872882,61.917213389184525,63.109684350205626,16165500
2017-07-05,62.882118225097656,63.20981944601826,62.0992771912187,62.13568920964126,21176300
2017-07-06,62.41787338256836,62.60903126974068,62.00825033075372,62.14478671810369,21117600
2017-07-07,63.2280158996582,63.573919624069696,62.53620150595349,62.53620150595349,16878300
2017-07-10,63.701358795166016,63.94713119025636,62.9913349923784,63.228009593307604,15014500
2017-07-11,63.71044921875,64.33854418725667,63.49198412117908,63.71955395673886,17460000
2017-07-12,64.76640319824219,64.88473706119326,64.22023675748501,64.34767536216559,17750900
2017-07-13,65.33075714111328,65.57653649705969,64.91202940141063,65.08498473004836,20269800
2017-07-14,66.25016021728516,66.69619535778166,65.50373108742258,65.75860831056345,25868100
2017-07-17,66.76900482177734,66.86003138946184,66.19553119497131,66.26835522707168,21803900
2017-07-18,66.72349548339844,66.80541731143066,66.1409171122293,66.53233066155926,26435300
2017-07-19,67.23323822021484,67.3970887928873,66.86002032611836,66.90553707486991,22416200
2017-07-20,67.56095123291016,67.63377526575215,66.70528620922178,67.52453921648916,42361000
2017-07-21,67.16952514648438,67.62466489653924,66.605149356259,66.8600265051087,46717100
2017-07-24,66.99657440185547,67.13311772518816,66.5687418963579,66.93285511028446,21394800
2017-07-25,67.53363800048828,67.64286709523547,66.9055429261663,67.17862955279709,22018700
2017-07-26,67.40618896484375,67.70657587365805,67.18771691949475,67.67016386609988,16252200
2017-07-27,66.5960464477539,67.74299352950507,65.83140811503888,67.14221271690411,36844200
2017-07-28,66.48680877685547,66.73258116120566,66.03166907297081,66.15000289582376,18306700
2017-07-31,66.17733764648438,66.85094968825979,65.91336262011282,66.72351107384468,23600100
2017-08-01,66.06810760498047,66.83273928091688,65.98617881405384,66.54145003129108,22132300
2017-08-02,65.77678680419922,66.04986643823831,65.03035802601741,66.04076864518647,26499200
2017-08-03,65.67668151855469,65.94066346403459,65.40359483153881,65.71309353981567,18214400
2017-08-04,66.15911865234375,66.4868198493052,65.75859342386156,65.90424148690305,22579000
2017-08-07,65.90423583984375,66.35937558052655,65.77679726804308,66.26834902136625,18705700
2017-08-08,66.25923919677734,66.56873086314602,65.31254777542728,65.62203944179593,22044600
2017-08-09,65.96794128417969,66.00435328918,65.58562564899611,65.76767872911786,22213400
2017-08-10,65.0030517578125,65.71306854007697,64.94843027425964,65.44908669502577,24734500
2017-08-11,65.99524688720703,66.17729996273712,64.88470506978639,65.18509889480272,21443700
2017-08-14,66.98747253417969,67.10581332708753,66.4048941448682,66.50502545661382,20096600
2017-08-15,67.00578308105469,67.34437652751731,66.84105949184337,67.34437652751731,19181400
2017-08-16,67.39928436279297,67.81108981627021,66.96001916145153,67.11558948993107,18150400
2017-08-17,66.25536346435547,67.60060466764354,66.25536346435547,67.33521632982159,22977500
2017-08-18,66.33772277832031,66.65801664551995,65.82525259080089,66.13639320982836,18761500
2017-08-21,66.02659606933594,66.32859048569605,65.61478359742192,66.31943723559553,17734800
2017-08-22,66.95086669921875,67.02407174109922,66.20960717691004,66.20960717691004,14343700
2017-08-23,66.5481948852539,66.94170071073799,66.37431810737814,66.76782393286223,13766500
2017-08-24,66.52075958251953,66.6763299078197,65.95337683027475,66.5665118642578,17098300
2017-08-25,66.63971710205078,67.1247345267252,66.32857648315876,66.6763231128409,12794300
2017-08-28,66.64887237548828,66.88680098003003,66.39263727405385,66.8593482165739,14569700
2017-08-29,66.8501968383789,66.95086161794275,65.93506755644015,66.11809062007497,11478400
2017-08-30,67.72874450683594,67.91176763639494,66.64889128591412,66.81361489527117,16897800
2017-08-31,68.4242172241211,68.5980940317657,67.5365476350138,67.74702347195785,27652800
2017-09-01,67.66465759277344,68.39675678864369,67.39011603064587,68.36930402880732,21736200
2017-09-05,67.3626708984375,67.61890599510026,66.78614193094627,67.11558206816787,21556000
2017-09-06,67.17047882080078,67.7561608991935,67.12471957203715,67.48161937037393,16535800
2017-09-07,68.03073120117188,68.26866685240905,67.3535372512189,67.42674929496646,17471200
2017-09-08,67.7012939453125,68.12225274254591,67.57316937217747,68.02158792343737,14703800
2017-09-11,68.4150619506836,68.5797854883756,68.00324961551263,68.00324961551263,17910400
2017-09-12,68.34186553955078,68.85433578185793,68.05817765282839,68.41507756898991,14394900
2017-09-13,68.82685089111328,68.84515738087015,68.22286938485942,68.5706158895583,13380800
2017-09-14,68.4242172241211,69.08311146163463,68.1954348906446,68.63470004294787,15733900
2017-09-15,68.91837310791016,68.99158511455845,67.78361493238651,68.47911503178285,38578400
2017-09-18,68.7811050415039,69.52235736250512,68.6712870383671,68.8451637978635,23307000
2017-09-19,69.03736114501953,69.2844430001639,68.64385524098743,68.82687832021416,16093300
2017-09-20,68.57978820800781,69.13801760888586,68.00325231228145,68.95498756981317,21587900
2017-09-21,67.9117431640625,68.85432520720853,67.82023163225963,68.73536091405303,19186100
2017-09-22,68.09480285644531,68.1863144280902,67.58232548784028,67.7104430845202,14111400
2017-09-25,67.04236602783203,67.94834196578228,66.73121847444732,67.80191794492322,24149200
2017-09-26,67.04236602783203,67.54568289030146,66.79527723810277,67.41756536299057,18019600
2017-09-27,67.58230590820312,67.87514704175739,66.96001762666491,67.3077712728054,19565100
2017-09-28,67.60063934326172,67.69215092485902,67.0881619189218,67.29864484029311,10883800
2017-09-29,68.16797637939453,68.21373563498422,67.60974697423453,67.6646594773186,17079100
2017-10-02,68.27777862548828,68.64383163996887,67.99409085565908,68.3692901336383,15304800
2017-10-03,67.95750427246094,68.52487997422675,67.89344550026536,68.33270365764002,12190400
2017-10-04,68.35099792480469,68.37845068199366,67.4541682926378,67.80191485350021,13317700
2017-10-05,69.52238464355469,69.65965545587147,68.59810195463075,68.83603756385428,21195300
2017-10-06,69.54984283447266,69.5772956027006,69.12888409724799,69.2478484201971,13959800
2017-10-09,69.81522369384766,70.05315929594455,69.42171776733036,69.522382561222,11386500
2017-10-10,69.81522369384766,70.12636434268846,69.6779528856424,69.85182970816128,13944500
2017-10-11,69.9341812133789,69.9707872241381,69.50406931431165,69.87927568818144,15388900
2017-10-12,70.57476806640625,70.73033835838942,69.88842115037025,69.9982321885316,16876500
2017-10-13,70.91336059570312,71.26111416423961,70.73033754628104,71.00487212041418,15335700
2017-10-16,71.05977630615234,71.20619333218163,70.78523478226109,70.84929354025158,12380100
2017-10-17,71.00489044189453,71.03235019008693,70.6937497812166,70.89507937665931,16824000
2017-10-18,71.02318572998047,71.24281480766699,70.80355665229395,71.07809125393148,13300700
2017-10-19,71.2977294921875,71.31602900676953,70.78525231941555,70.98658188923139,15092800
2017-10-20,72.12133026123047,72.26775428502792,71.58140738271128,71.67291890664382,22866400
2017-10-23,72.13964080810547,72.60635170094675,72.07558203956556,72.2860578582472,20627200
2017-10-24,72.16709899902344,72.47823961766348,71.80104587330136,72.20370500978392,17517200
2017-10-25,71.95663452148438,72.38674653018492,71.38925866480231,71.91088223278535,20410800
2017-10-26,72.07556915283203,72.67955072223641,72.06641590699655,72.47822120514132,32120700
2017-10-27,76.69699096679688,78.88414962254511,76.51396788387656,77.2094681663633,71066700
2017-10-30,76.77020263671875,77.17286179553592,76.05640284200325,76.5963258214326,31756700
2017-10-31,76.12047576904297,77.2003289105199,76.05641698022164,77.2003289105199,27086600
2017-11-01,76.12047576904297,76.6512525803536,75.84593411301765,76.57804054116227,22307400
2017-11-02,76.91663360595703,77.2918330525151,76.06556293219889,76.27603879732365,23992900
2017-11-03,76.99897003173828,77.36502310669931,76.32177638128348,76.94406451415273,17633500
2017-11-06,77.30097198486328,77.5114478110052,76.94407212150755,77.05388316753555,19860900
2017-11-07,77.1179428100586,77.69447873575201,76.80680220028576,77.57550745870037,17939700
2017-11-08,77.3833236694336,77.42908292263074,76.71528325679857,76.99897107735192,18034200
2017-11-09,76.95320892333984,77.11793245400571,75.86420995349252,76.97151541668134,21178400
2017-11-10,76.75190734863281,76.96238320641952,76.16622507548563,76.67869531901856,19397800
2017-11-13,76.80680084228516,76.81595409002324,76.37668896306538,76.55971900841546,14196900
2017-11-14,76.91663360595703,76.96238588964849,75.93744536684895,76.41330961216535,18801300
2017-11-15,76.31880187988281,76.97180594436432,76.05208072392053,76.76946527315523,19383100
2017-11-16,76.52113342285156,76.72347408847787,76.28200992433536,76.42916230673407,20962800
2017-11-17,75.78533172607422,76.4475347642262,75.638172376732,76.4475347642262,22079000
2017-11-20,75.9049301147461,75.96011138894303,75.64740814589717,75.78536834833692,16315000
2017-11-21,76.99938201904297,77.10974453378282,76.09804838597782,76.09804838597782,21237500
2017-11-22,76.43834686279297,77.16493046957352,76.37396639216406,77.10054999894462,20553100
2017-11-24,76.57633209228516,76.73268371258582,76.1348608513186,76.34640076233218,7425600
2017-11-27,77.1373519897461,77.23852231908796,76.61310892722281,76.62230112665671,18265200
2017-11-28,78.0662612915039,78.23181208451877,77.27529717120458,77.32128623140972,21926000
2017-11-29,76.64988708496094,78.103054438765,76.50273471658413,77.90991300823849,27381100
2017-11-30,77.41327667236328,77.73517912337269,76.64990299072156,76.80626162430941,33054600
2017-12-01,77.49602508544922,78.00186959016968,76.53951030981118,76.88900325945137,29532100
2017-12-04,74.57131958007812,77.6523975421506,74.22181951941894,77.64319832556843,39094900
2017-12-05,75.04035949707031,76.04286339742072,74.47933370179831,74.81042824671732,26152300
2017-12-06,76.13484191894531,76.4659435130987,74.89321444934293,75.00358398637592,26162100
2017-12-07,75.86813354492188,76.15325314258213,75.41747013932223,75.91412261398065,23184500
2017-12-08,77.4040756225586,77.79035851960909,76.64070202818762,76.91661537596096,24489100
2017-12-11,78.38817596435547,78.516936921277,77.3672805080877,77.52363209621443,22857900
2017-12-12,78.71009063720703,79.14236263872172,78.25022800018237,78.46176088372341,23924100
2017-12-13,78.49852752685547,79.09635018161714,78.33297674579754,78.85721971632348,22062700
2017-12-14,77.89151763916016,78.97679349150653,77.74435826130862,78.57211221936015,19306000
2017-12-15,79.87813568115234,80.09886777398113,78.06627583585541,78.41577591785993,53936700
2017-12-18,79.44586181640625,80.47595658681827,79.30790864724322,80.1264635300277,22283800
2017-12-19,78.94001770019531,79.4182717294624,78.42496680296928,79.4182717294624,23524800
2017-12-20,78.6548843383789,79.37227578210029,77.90990928241081,79.28029766219947,23674900
2017-12-21,78.6364974975586,79.18833116432774,78.5445263892547,79.14234911864868,17990700
2017-12-22,78.64569854736328,78.75606107312312,78.10305706690896,78.54452822078613,14145800
2017-12-26,78.54456329345703,78.66412508873368,78.20426231420167,78.46178434522776,9891200
2017-12-27,78.82963562011719,79.07796532075099,78.37897229648888,78.774454360841,14678000
2017-12-28,78.83883666992188,79.03197809882766,78.68248508703799,79.00438746854765,10594300
2017-12-29,78.67327880859375,79.14234053208216,78.63648896587456,78.75605069200317,18717400
2018-01-02,79.05038452148438,79.38148618159725,78.63651095481676,79.21593535154082,22483800
2018-01-03,79.41828155517578,79.56544097743182,79.06878845273889,79.15156036504732,26061400
2018-01-04,80.11727142333984,80.62312314498602,79.62061891943647,79.63901033797488,21912000
2018-01-05,81.11054992675781,81.31289054929769,80.41155696260498,80.62309679988165,23407100
2018-01-08,81.19334411621094,81.4692644985637,80.5679306642319,81.11976441199062,22113000
2018-01-09,81.1381607055664,81.60722253641049,80.80705906225842,81.53364283413168,19484300
2018-01-10,80.77027130126953,81.11057217040523,80.39318759698921,80.80706115336098,18652200
2018-01-11,81.0093994140625,81.05538146509458,80.23682657708956,81.05538146509458,17808900
2018-01-12,82.40737915039062,82.57292997235957,81.3496937331972,81.55203440637554,24271500
2018-01-16,81.25773620605469,83.50186838658884,80.9450329438873,82.86725562672845,36599700
2018-01-17,82.9040298461914,83.03279081420175,81.62561236598411,81.92912336927127,25621200
2018-01-18,82.86724853515625,83.39149167806295,82.46257417268524,82.59133515396427,24159700
2018-01-19,82.7752685546875,83.33630149180276,82.46256535272632,82.90402952219463,36875000
2018-01-22,84.25601196289062,84.26521117808846,82.53612360204664,82.77525407857385,23601600
2018-01-23,84.52274322509766,84.89063469082292,84.19164160763953,84.52274322509766,23412800
2018-01-24,84.44916534423828,85.92992343833319,84.22843326683576,85.12056780989315,33277500
2018-01-25,84.91822052001953,85.75516671568646,84.5503290751013,85.04698147319905,26383200
2018-01-26,86.50934600830078,86.50934600830078,85.1481567056461,85.644809132381,29172200
2018-01-29,86.38057708740234,87.78775532500143,86.19663487976086,87.5026427980735,31569900
2018-01-30,85.29530334472656,86.141455764997,84.70667984528792,85.81035416944457,38635100
2018-01-31,87.38310241699219,87.74179472140187,86.00351447174042,86.2242465782355,48756300
2018-02-01,86.69329833984375,88.35799868766227,86.06788493021335,87.18075156763948,47227900
2018-02-02,84.41240692138672,86.42660805127946,84.15488489905225,86.12309694626434,47867800
2018-02-05,80.93582153320312,85.7551798506624,80.93582153320312,83.29031591420062,51031500
2018-02-06,83.99850463867188,84.13646482278153,78.40657370940603,79.91492248392628,67998600
2018-02-07,82.41657257080078,84.40317527775713,82.03948188513654,83.22592818964283,41107600
2018-02-08,78.18583679199219,82.66489377166425,77.95590550500464,82.50854218057977,55628700
2018-02-09,81.10135650634766,81.79115030504637,77.1005538772842,79.37227591037656,63499100
2018-02-12,81.97508239746094,82.57290501929835,80.87141526248767,81.6163902277474,35720300
2018-02-13,82.61892700195312,82.77527862194945,80.75188572908073,81.79117281234417,26407700
2018-02-14,83.9125747680664,84.07890325030858,81.69487107138141,81.78727421709193,34960900
2018-02-15,85.6220703125,85.67751079358638,83.73701640656893,84.28219993700782,27823900
2018-02-16,85.01216888427734,86.39823685521665,84.82736264144795,85.42798645559664,30596900
2018-02-20,85.67748260498047,85.99165462764948,84.09736596471316,84.53166839009018,30911700
2018-02-21,84.54092407226562,86.26889176168585,84.54092407226562,85.91775699614882,26922500
2018-02-22,84.7626953125,85.68674079609904,84.42079594560164,85.0583895852554,24392800
2018-02-23,86.91572570800781,86.92496813785755,85.34485102915376,86.49066558372857,26329200
2018-02-26,88.17244720458984,88.20016745018314,87.09131532699176,87.22992360486815,30199800
2018-02-27,87.0450668334961,88.56050060317314,87.0450668334961,88.4680974806136,25869100
2018-02-28,86.64775848388672,88.44040932124332,86.51839265540829,87.63648705863406,31167300
2018-03-01,85.79763793945312,87.38699759927515,84.86434985085366,86.85104942563119,37135600
2018-03-02,85.98247528076172,86.07487846235482,83.95881246929163,84.62412665661937,32830400
2018-03-05,86.52764129638672,87.10978756632235,85.25246073132844,85.3263790315437,23901600
2018-03-06,86.23193359375,87.31306523476196,85.8807988098912,87.17445698721748,22175800
2018-03-07,86.73092651367188,86.8048518587075,85.4095409332732,86.08409736938256,26716100
2018-03-08,87.25762939453125,87.87673827658047,86.64775589287653,87.10977870931482,25887800
2018-03-09,89.20734405517578,89.20734405517578,87.78431328851005,88.0522873013796,36937300
2018-03-12,89.41988372802734,89.82646602125318,88.74533443234772,89.17039453439838,26073700
2018-03-13,87.23914337158203,89.85418690852516,86.83256107541916,89.63241795148544,35387800
2018-03-14,86.7216796875,88.16319564299427,86.3982651317479,87.89522156825437,32132000
2018-03-15,87.02661895751953,87.39623862477681,85.77915874919638,86.42598787946504,27611000
2018-03-16,87.41471099853516,88.13546542740652,86.78635971825351,87.48863633737025,49081300
2018-03-19,85.8345947265625,86.76788275117158,85.11384029069131,86.6200320720655,33344100
2018-03-20,86.05635833740234,86.64774691718975,85.93623495553888,85.98244005235989,23075200
2018-03-21,85.45573425292969,86.90648546214253,85.20623801031468,85.87155192407741,24457100
2018-03-22,82.9700698852539,84.78119873429713,82.84994647406108,84.33765366620649,38604700
2018-03-23,80.55828094482422,83.58914883007692,80.46587781171912,82.7020660624352,44068900
2018-03-26,86.6570053100586,86.86029649366755,83.5337333570834,83.72778210964398,56396800
2018-03-27,82.67434692382812,87.91368289433423,81.7872641444229,87.72887662567337,56569000
2018-03-28,82.60041046142578,84.30065751351387,82.1199099977372,82.99775023039966,52501100
2018-03-29,84.33763122558594,85.28016160077323,81.68562510402134,83.3304249961197,45867500
2018-04-02,81.79652404785156,83.9772725114552,80.86324294641045,83.59841743213669,48515400
2018-04-03,82.89613342285156,83.21031260604194,81.21437064198659,82.7760100277572,37213800
2018-04-04,85.31713104248047,85.71447092829698,81.06652273717663,81.17740369606881,35560000
2018-04-05,85.36331939697266,86.00091303782193,84.45775876929586,85.41876692002971,29771900
2018-04-06,83.37663269042969,85.43725030939119,82.68359853115503,84.54092500207733,38026000
2018-04-09,83.87561798095703,86.09332888305069,83.73701677762692,84.12511424676845,31533900
2018-04-10,85.82534790039062,86.19496752931434,84.67953339564434,85.37256755616079,26812000
2018-04-11,84.88282775878906,86.20421322354785,84.53169297546253,85.02143600612344,24872100
2018-04-12,86.4721908569336,87.00813900879277,85.4095369833945,85.4095369833945,26758900
2018-04-13,86.01016235351562,87.02661105878639,85.41877375954326,86.90648767404167,23346100
2018-04-16,87.0173568725586,87.47014421138465,86.32432279670215,86.9249537390925,20288100
2018-04-17,88.77305603027344,89.2073585683427,87.67343956579238,87.78432757016371,26771000
2018-04-18,89.11493682861328,89.3736684015857,88.26480973896679,88.91164572130448,21043300
2018-04-19,88.81001281738281,89.6970956438864,88.09849384045617,89.11494952177993,23552500
2018-04-20,87.78434753417969,88.8100388956771,86.90650687880178,88.62523256293744,31154400
2018-04-23,88.10774230957031,88.97634738773681,87.44242838160518,88.4681195122334,22331800
2018-04-24,86.04713439941406,89.14268595051311,85.391062826786,88.93015234674765,34524800
2018-04-25,85.29865264892578,86.21346292858512,83.42284108644495,86.21346292858512,33729300
2018-04-26,87.10053253173828,87.92293247905914,86.02863634651999,86.44446105971308,42529000
2018-04-27,88.54203796386719,90.46405426189172,86.77711475599737,90.1868377968258,48272800
2018-04-30,86.4167251586914,89.07798049816269,86.07483286292836,89.01329760032316,41523600
2018-05-01,87.78434753417969,88.05232165158898,85.74220724279478,86.13030477149388,31408900
2018-05-02,86.40750885009766,87.9414209302083,86.11181453044328,87.7750924347834,27471000
2018-05-03,86.92497253417969,87.71965234364822,85.42801606868831,85.8992813161426,31142500
2018-05-04,87.93217468261719,88.12622339497965,85.86230765093534,86.2319272673005,22531300
2018-05-07,88.91167449951172,89.36445489876574,87.87674082273648,87.94142373691562,24242000
2018-05-08,88.5328140258789,88.85623565264099,87.83977976837565,88.56977669893483,23484600
2018-05-09,89.57698822021484,89.60470846193158,87.83054249297152,88.71762547745155,27327400
2018-05-10,90.47331237792969,90.51026799976584,89.6786325601854,90.05748760823069,22388100
2018-05-11,90.27925109863281,90.4363442064727,89.66938467670109,90.37166129732981,16778300
2018-05-14,90.58419036865234,91.19406385755367,89.91887639890854,90.48254478716879,19454100
2018-05-15,89.92810821533203,90.41785120472846,89.0225405189688,89.85418288299468,24594000
2018-05-16,90.16012573242188,90.39213840436301,89.66826000078102,90.35501552719666,17384700
2018-05-17,89.25992584228516,90.5220754912794,88.93510947977907,89.79819700327563,17246700
2018-05-18,89.42696380615234,89.9559524088474,89.10214748528078,89.10214748528078,17865800
2018-05-21,90.5777587890625,90.95826302461352,89.83532237992272,90.02092971209119,19422500
2018-05-22,90.48494720458984,91.1067395014533,90.20652915023577,90.65199662110923,15441200
2018-05-23,91.56149291992188,91.62645619099568,89.38985042316152,89.75178965921067,21251200
2018-05-24,91.23667907714844,91.8213556587539,89.84460276736971,91.62646582504084,26649300
2018-05-25,91.28306579589844,91.8584597686383,90.81904045414639,91.22738502063693,18363900
2018-05-29,90.95826721191406,91.76566693252838,90.23438867048074,90.80049318379521,28671000
2018-05-30,91.83061218261719,92.1090302194968,90.86544570382141,91.2366603123745,22158500
2018-05-31,91.72855377197266,92.79581379537267,91.51510601557283,92.14618095354672,34140900
2018-06-01,93.5382308959961,93.60319416177286,92.03478621313576,92.13687235656568,28655600
2018-06-04,94.35491180419922,94.53124370076992,93.59391052281785,93.97441470374096,27281600
2018-06-05,94.8375015258789,94.9674280550129,94.22498467670599,94.66116963042644,23514400
2018-06-06,95.11592864990234,95.21801480878345,94.56838205269096,95.10665323943388,21122900
2018-06-07,93.62173461914062,95.30151088780389,93.15770935561908,95.26438801706652,28232200
2018-06-08,94.31778717041016,94.61476310199232,93.30621533736814,93.81663895827812,22165100
2018-06-11,93.7795181274414,94.28065923220367,93.42685435980175,93.74239525292857,23490900
2018-06-12,94.02079772949219,94.15072423836192,93.5010916940133,93.82590796618761,18325200
2018-06-13,93.59390258789062,94.6704446939465,93.32476706137666,94.40130916743253,29492900
2018-06-14,94.12289428710938,94.6890057444134,93.73311471729942,94.33634904988978,25691800
2018-06-15,92.92571258544922,94.22498496117649,92.87003181007078,94.20642706287195,65738600
2018-06-18,93.60321044921875,93.83522316457365,92.26681494302534,92.81436863310532,23586000
2018-06-19,93.60321044921875,93.7331370033802,92.34106071125079,92.48026975655696,28653100
2018-06-20,94.54054260253906,95.14376999043695,93.84450446530359,94.07651717771542,26180800
2018-06-21,93.8630599975586,95.08808680495173,93.62176480021067,94.73543003995546,23198200
2018-06-22,93.18557739257812,93.51966914204806,92.46169187407527,93.18557739257812,38923100
2018-06-25,91.3109130859375,92.90716151510308,90.29934116307405,92.80507536576353,35433300
2018-06-26,91.95126342773438,92.87931411130748,91.64500500284369,91.70996826747522,26897200
2018-06-27,90.52207946777344,92.8236415778912,90.39215291706353,92.4153040244312,31298400
2018-06-28,91.53363800048828,91.979105451934,90.26221307286839,90.37357462538111,26650700
2018-06-29,91.51509094238281,92.72155982759345,91.2552378484521,91.81206691837018,28053200
2018-07-02,92.8143539428711,92.86075223031867,90.94897002413165,91.04177367949184,19564500
2018-07-03,91.92343139648438,93.38974622867329,91.82134524557391,93.2505442778549,14670300
2018-07-05,92.58235168457031,92.73083613376583,91.90487147130558,92.34105648910352,18977400
2018-07-06,93.88163757324219,94.13220821453059,92.49883655873646,92.70300890076908,19234600
2018-07-09,94.52197265625,94.89319439270581,93.96514359179915,94.33636532825496,18212000
2018-07-10,94.77252960205078,95.1344687687776,94.53123446407818,94.66116098134093,19293100
2018-07-11,94.6426010131836,94.976692707072,93.82591197344928,93.872317334512,19644600
2018-07-12,96.69361877441406,96.89779109100976,95.33866540482964,95.37578120742344,24335900
2018-07-13,97.84437561035156,98.00214251395785,96.60078411727658,96.86064423437801,24635200
2018-07-16,97.36178588867188,98.20630820116821,96.99983966278631,97.81652867232374,21786900
2018-07-17,98.32697296142578,98.83740370004402,96.81425280587615,97.08338836983258,25901700
2018-07-18,97.55670928955078,98.41979687555427,97.18548752817375,98.31771071416392,29493900
2018-07-19,96.88851165771484,97.73303426246127,96.41520373434881,97.38037748296342,40171600
2018-07-20,98.62393951416016,100.41507755286062,98.44761470527939,100.30371600629688,56004000
2018-07-23,100.2016372680664,100.35940419099228,98.4940202631834,98.65179426657437,29707000
2018-07-24,99.91395568847656,100.99049096870218,99.54273394063583,100.75847826135995,26316600
2018-07-25,102.85586547851562,103.15284143286216,99.8582584651877,100.19235729888571,30702100
2018-07-26,101.73291778564453,103.01362517123856,101.62154915541102,102.77233001263166,31372100
2018-07-27,99.93251037597656,102.25263737478687,98.50331129505352,102.25263737478687,37005300
2018-07-30,97.78870391845703,99.79328973038106,97.22259243016933,99.4777558938744,34668300
2018-07-31,98.44762420654297,99.0415761137542,97.79798444021083,98.82812132813208,27655200
2018-08-01,98.63322448730469,98.79099140255309,97.83510034132898,98.40121181883418,23628700
2018-08-02,99.83041381835938,100.31299706841747,97.29683228427572,97.81654549256709,26104300
2018-08-03,100.26660919189453,100.27589168241661,99.13438608403362,100.04387898262432,18659600
2018-08-06,100.35012817382812,100.6192637493659,99.82113951307196,100.34085276397428,20265900
2018-08-07,101.04617309570312,101.25034541375246,100.38725784774961,100.74919710957667,16080200
2018-08-08,101.61225891113281,101.85355405132424,100.93478593352793,101.46377449595177,15487500
2018-08-09,101.7793197631836,102.23406970945088,101.7143564966404,101.8164426412747,13677200
2018-08-10,101.15750885009766,101.79786598838335,100.58211496638704,101.5472883775482,18183700
2018-08-13,100.42437744140625,101.6958096018586,100.3222912857257,101.38026864417348,18472500
2018-08-14,101.67723083496094,101.85356273095005,100.26659690844251,100.74918014948531,16788300
2018-08-15,100.29844665527344,101.53749874471697,99.51588033317493,101.07168765776001,29982800
2018-08-16,100.2798080444336,101.41638820905453,99.96305992391325,100.89468207750905,21384300
2018-08-17,100.22391510009766,100.52203391121728,99.39477193455521,100.01895708475672,18061500
2018-08-20,99.56244659423828,100.52201612563474,99.19911457958742,100.15868411098388,17914200
2018-08-21,98.73333740234375,100.00965544216562,98.61222195082362,99.60905755700568,22881900
2018-08-22,99.73944854736328,100.00030156882652,98.54697353055323,98.61218678591904,18000600
2018-08-23,100.20527648925781,100.7828847828198,99.56246203701572,99.82331510258793,18167700
2018-08-24,100.98786163330078,101.13691750955763,100.2052951828809,100.30777420743247,17234000
2018-08-27,102.10578918457031,102.14305492457841,101.09032442327387,101.79835216028835,19662300
2018-08-28,102.72066497802734,102.94425231416082,102.2828014101357,102.4225461606116,19151500
2018-08-29,104.36031341552734,104.36963162748161,102.72997460147528,102.89766687808631,20818000
2018-08-30,104.29511260986328,104.90998673348156,103.81999035911899,104.0342595056788,22798700
2018-08-31,104.64912414550781,105.06835129528142,103.89450532511663,104.05288650205883,23222700
2018-09-04,104.0715103149414,104.30441585421244,102.68339529104571,103.27031469123203,22634600
2018-09-05,101.07169342041016,103.8013468299189,100.70836132048522,103.4193854128473,32872400
2018-09-06,101.3045883178711,101.5374938501224,100.15869707951379,100.8480954648181,23477600
2018-09-07,100.81083679199219,101.28596610124356,99.8978510219002,100.82947321619756,22498600
2018-09-10,101.90081787109375,102.14304159568147,100.95056650188384,101.39774110820184,20727900
2018-09-11,103.63362884521484,103.95969512227354,101.44431857615014,101.45363678626946,24301800
2018-09-12,104.0715103149414,104.20193684831615,102.95356656952566,103.81065724819193,18891100
2018-09-13,105.1894760131836,105.95340600549548,104.45349355229432,104.45349355229432,26055600
2018-09-14,105.61801147460938,105.9533960355498,104.75160254346548,105.60869326244065,19122300
2018-09-17,104.47212219238281,105.92545067863452,104.21126909051343,105.91613957336344,20736500
2018-09-18,105.46893310546875,105.92542592707164,104.08081821904479,104.51868172674466,22170900
2018-09-19,104.06220245361328,105.57143305697976,103.44733546479162,105.31989817694219,21728400
2018-09-20,105.8043212890625,106.01859749880062,104.27646161835285,104.60252793081298,23714500
2018-09-21,106.44713592529297,107.40670548605648,105.74841939762493,106.204912205542,71229700
2018-09-24,106.82910919189453,107.04338541169668,104.5466377897588,105.30124944942493,27334500
2018-09-25,106.62415313720703,107.22970896143369,105.9720204697094,106.95022657866885,22668000
2018-09-26,106.1863021850586,107.19244876584496,105.96270773802752,106.6427950759153,19352000
2018-09-27,106.58688354492188,107.0526945760084,106.39123665707874,106.93157915899005,19091300
2018-09-28,106.54963684082031,106.73595844344976,105.90681522863571,106.38194455536839,21647800
2018-10-01,107.70482635498047,107.77003961452671,106.88500150529738,106.90363081900537,18883100
2018-10-02,107.27629852294922,107.91911301232653,106.61484760911843,107.41604327549676,20787200
2018-10-03,107.29492950439453,108.23586993791932,107.07134216147747,107.5278350596829,16648000
2018-10-04,105.0776596069336,106.91295631775922,103.99697453768518,106.77321157843052,34821700
2018-10-05,104.4627914428711,105.43167935333447,103.07467639867372,104.92860252822581,29068900
2018-10-08,103.27029418945312,104.36960840087909,101.86354302137234,104.02491282012511,29640600
2018-10-09,104.58390808105469,105.34783798554479,103.22374054904613,103.54048867904079,26198600
2018-10-10,98.90103149414062,103.87589140158066,98.55632866793218,103.63366760187434,61376300
2018-10-11,98.6681137084961,101.48160971334948,97.07503344174032,98.14640042688714,63904300
2018-10-12,102.07782745361328,103.63363456698596,99.7953562804719,101.55612138151517,47742100
2018-10-15,100.2425308227539,101.99398481982422,99.63697507073942,101.46296053741106,32068100
2018-10-16,103.41006469726562,103.79203321280478,101.50023633499656,102.04989713165062,31610200
2018-10-17,103.139892578125,104.16467557329408,102.05921452560354,104.04356724645947,26548200
2018-10-18,101.08100128173828,102.97219307171095,100.45681615939797,102.571595270802,32506200
2018-10-19,101.23004913330078,103.27961467405116,100.81081497198021,101.48158394392374,32785500
2018-10-22,102.13371276855469,102.98149216263211,100.83875881464137,101.84491223583935,26545600
2018-10-23,100.70834350585938,101.51885725877861,97.92279552994174,100.40090651947149,43770400
2018-10-24,95.3235855102539,101.0716929165259,94.64349816051799,100.99716854059726,63897800
2018-10-25,100.8946762084961,101.79834367443905,98.89168727323583,99.26433753453978,61646800
2018-10-26,99.64629364013672,101.3138979629816,97.59672797270609,98.46313676373249,55523100
2018-10-29,96.74896240234375,101.26732857392436,94.68076001629859,100.7176748969787,55162000
2018-10-30,96.63716888427734,97.24271759646787,93.26469413770623,96.57195561799315,65350900
2018-10-31,99.50655364990234,100.74561274157315,98.18365198141943,98.23023592923451,51062400
2018-11-01,98.67740631103516,99.98167860893372,98.3140742783815,99.73014378160126,33384200
2018-11-02,98.90103149414062,99.98170971764333,97.80171684342966,99.19915036004286,37680200
2018-11-05,100.15869140625,100.37296050346526,98.65877929489368,99.09664280795839,27922100
2018-11-06,100.3543472290039,101.39775957222082,99.01280895033814,100.03759197644627,24340200
2018-11-07,104.30441284179688,104.56526590101265,101.91946246300942,101.95672820114208,37901700
2018-11-08,104.1087646484375,104.53730994082105,103.32620553392292,104.15534859427336,25644100
2018-11-09,102.07782745361328,103.82927434402275,101.32321586965536,103.27030253710161,32039200
2018-11-12,99.56244659423828,102.44115518842764,98.84509366746782,101.93807845097757,33621800
2018-11-13,99.62767791748047,101.3045935720355,99.34818842119805,100.19596801426506,35374600
2018-11-14,98.21483612060547,101.29311464777986,97.74701276641638,101.14340774799876,39495100
2018-11-15,100.3761978149414,100.86273819815426,97.22307234544822,98.23356556746855,38505200
2018-11-16,101.3211898803711,101.87321804986729,99.9270781876941,100.18905814192404,33502100
2018-11-19,97.88738250732422,101.57382648663165,96.88624059697953,101.30248802553008,44773900
2018-11-20,95.16463470458984,96.34355166556425,92.95650769634763,95.24884662815442,64052500
2018-11-21,96.47453308105469,97.7095864558145,95.66051787148334,96.93299797134713,28130600
2018-11-23,96.43711853027344,97.1294951860587,95.43597670721489,95.59503495517306,13823100
2018-11-26,99.6183090209961,99.76800878662381,97.8499372628592,98.04642222060573,32336200
2018-11-27,100.24520111083984,100.42297629339376,98.57975089034167,99.4311857963454,29124500
2018-11-28,103.96905517578125,104.16554010973319,100.91884519020476,100.94691344670973,46788500
2018-11-29,103.09892272949219,103.96907453525795,102.0135690197549,103.22991270985104,28123200
2018-11-30,103.7538833618164,103.82873682645403,102.32234475811336,103.57610816790687,33665600
2018-12-03,104.87664031982422,106.1210522050718,103.60416731276514,105.72808228502042,34732800
2018-12-04,101.53640747070312,105.39127561111876,101.24635919022053,104.73632557828066,45197000
2018-12-06,102.16327667236328,102.21005472944769,98.24291428470812,99.01014437739481,49107400
2018-12-07,98.07450866699219,102.4065512836734,97.58797541545907,101.40540937707884,45044900
2018-12-10,100.6662368774414,101.0311457007445,97.20434653525923,98.05578855893538,40801500
2018-12-11,101.60187530517578,103.81000216602375,100.52588727301165,102.7340141338596,42381900
2018-12-12,102.06033325195312,104.1093944600758,102.02290653119246,103.75385132047509,36183000
2018-12-13,102.40654754638672,103.73517153321606,101.63931739492541,102.5281862086454,31333400
2018-12-14,99.20662689208984,102.22876913089628,98.71073524108253,101.28376388480744,47043100
2018-12-17,96.2686996459961,98.99143528773176,95.1646361253914,98.6265336031472,56957300
2018-12-18,97.2791976928711,97.78444781501359,95.92250556718703,97.07335425735913,49319200
2018-12-19,97.0172348022461,100.0019437270026,94.82781722111935,96.97980806753063,68198200
2018-12-20,94.97753143310547,97.5973388180286,92.42321191592461,96.41842870710232,70334200
2018-12-21,91.9085922241211,96.371624509532,91.18814015988477,95.08978576904043,111242100
2018-12-24,88.07241821289062,91.66530512688252,87.93207692354598,91.39396673678692,43935200
2018-12-26,94.088623046875,94.21026167764437,87.9133567022264,89.01742001372548,51634800
2018-12-27,94.66874694824219,94.67810541533933,90.19635622393604,92.90973347017926,49498500
2018-12-28,93.92957305908203,95.81958341911141,93.11555784797022,95.52016961771292,38196300
2018-12-31,95.03365325927734,95.81024188243391,93.97637485534001,94.77167327518096,33173800
2019-01-02,94.61260223388672,95.2020571184505,92.57289202679499,93.14363711720264,35329300
2019-01-03,91.13200378417969,93.74245932841443,90.94487013283985,93.65824740070678,42579100
2019-01-04,95.37047576904297,95.91315261010045,92.56353545264427,93.30269725923947,44060600
2019-01-07,95.49211883544922,96.62425071012335,94.48162562446007,95.09914885681903,35656100
2019-01-08,96.18447875976562,97.27918363028228,95.16462019627305,96.40903195767271,31514400
2019-01-09,97.5599136352539,98.13065890023238,96.59619832703727,97.17630206116533,32280800
2019-01-10,96.93301391601562,97.07336237363724,95.79152359704123,96.57747067667077,30067600
2019-01-11,96.18447875976562,96.7832920464628,95.09912521611608,96.54938038327118,28314200
2019-01-14,95.4827651977539,96.24999533966209,94.74360331958081,95.34241674065944,28437100
2019-01-15,98.25226593017578,98.28969265629607,95.32368707242202,95.91314908579385,31587600
2019-01-16,98.59845733642578,99.42183109003462,98.20548739315899,98.48618428887447,29853900
2019-01-17,99.29084777832031,99.76802253930246,98.01836747219642,98.2429207208009,28393000
2019-01-18,100.77851867675781,100.95629385782408,99.09435867459821,100.54460697047853,37427600
2019-01-22,98.87914276123047,100.2077593515254,98.11191275882179,99.88028443679323,32371300
2019-01-23,99.84286499023438,100.15163013452457,98.56102635808371,99.29083682779277,25874300
2019-01-24,99.36567687988281,100.11419709672076,98.56102014522827,99.9832071295368,23164800
2019-01-25,100.27326202392578,100.93757037001572,99.36568352034345,100.3387570118947,31225600
2019-01-28,98.31775665283203,99.62766345656675,97.92478675323694,99.42182004104043,29476700
2019-01-29,96.31551361083984,98.21487605906445,95.59506135490726,98.13066410908885,31490500
2019-01-30,99.53411865234375,99.53411865234375,97.61604671331,97.88738518182514,49471900
2019-01-31,97.70960235595703,98.44876423560315,96.54004377520414,97.12014740108845,55636400
2019-02-01,96.1657943725586,97.4008480866269,95.76346589018074,97.10144134195639,35535700
2019-02-04,98.93529510498047,98.99143876964271,96.15642284123234,96.24999323619645,31315100
2019-02-05,100.32003784179688,100.36681589259241,99.14112103011735,99.2346842701261,27325400
2019-02-06,99.20662689208984,100.11420541038703,98.73880350232167,100.11420541038703,20609800
2019-02-07,98.49553680419922,98.79494349864189,97.57860692552671,98.42069048440256,29760700
2019-02-08,98.86978912353516,98.97271083582223,97.55053093450164,97.67216244065085,21461100
2019-02-11,98.47681427001953,99.72122608280394,98.21483433857392,99.36567577148396,18914100
2019-02-12,100.01129913330078,100.24521086429614,98.69204068246512,99.30956394031472,25056600
2019-02-13,99.93643188476562,100.84401041801819,99.84286863295391,100.58203045757797,18394900
2019-02-14,100.02062225341797,100.38552385373877,98.86042247645995,99.46858705138328,21784700
2019-02-15,101.25569915771484,101.33055261591079,100.45104232815504,100.96565093022888,26606900
2019-02-19,101.20890808105469,101.66738013205165,100.84400641657516,100.85336488291054,18038500
2019-02-20,100.68270874023438,101.42502727453088,99.87461550891942,101.3498541439657,21607700
2019-02-21,102.80630493164062,102.87207962984323,100.41961176001081,100.44779989225414,29063200
2019-02-22,104.27214813232422,104.48826193162081,103.19155762912727,103.40767859732853,27763200
2019-02-25,104.85472869873047,105.40912163672766,104.54465204649671,105.01447341104463,23750600
2019-02-26,105.57826232910156,106.40514538682282,104.46008513749797,104.54465671472362,21536700
2019-02-27,105.39973449707031,105.57826892878039,104.18759438637177,104.94870995335812,21487100
2019-02-28,105.2681655883789,106.0668604120745,104.98627709296521,105.27756402223072,29083900
2019-03-01,105.73797607421875,106.19839892108376,104.92988289953104,106.07624796915331,23501200
2019-03-04,105.48429107666016,106.41453533855149,104.11241360055536,106.19841436411974,26608000
2019-03-05,104.95806884765625,105.60642449428823,104.51644287574702,105.474875112204,19538300
2019-03-06,105.00508117675781,105.8601595517998,104.70439577244859,105.11784089171334,17687000
2019-03-07,103.7271728515625,104.81716199037346,103.23856172758565,104.67621413016087,25339000
2019-03-08,103.83991241455078,104.02783807908062,102.23312432543547,102.57139625671286,22818400
2019-03-11,106.01990509033203,106.13265764487485,104.28156724170502,104.29095850864621,26491600
2019-03-12,106.76220703125,107.10987024500496,105.8507524577428,106.01048999751697,26132700
2019-03-13,107.5890884399414,108.05890978684072,106.91254455338162,107.24141806243017,35513800
2019-03-14,107.67364501953125,108.24682759462287,107.429343098502,107.62666718959684,30763400
2019-03-15,108.91397857666016,110.1730962354195,107.67364344691507,108.37837540577702,54681100
2019-03-18,110.4737777709961,110.51136433443979,109.04552420465565,109.15827672608276,31207600
2019-03-19,110.54898071289062,111.2912994110726,109.92881300216673,110.96241868446732,37588700
2019-03-20,110.42678833007812,111.5825518105173,109.66568016546188,110.30463738048036,28113300
2019-03-21,112.96385192871094,113.52763614181903,110.02276554933995,110.0697505541428,29854400
2019-03-22,109.98517608642578,112.371862131279,109.97577765254397,112.28729773305633,33624500
2019-03-25,110.55835723876953,110.88723073129489,109.29923236450956,109.52474459239774,27067100
2019-03-26,110.79326629638672,111.54497610143244,109.79724023056718,111.46041170553785,26097700
2019-03-27,109.72207641601562,111.07516421645624,108.54752302505119,110.76508040070445,22733400
2019-03-28,109.8724136352539,110.48318278199572,109.12069665943253,110.35163338656264,18334800
2019-03-29,110.82147216796875,111.17853384485387,109.90061908592064,110.94362314900447,25399800
2019-04-01,111.83627319335938,111.9208447658488,110.97180361293991,111.7704984898254,22789100
2019-04-02,111.99602508544922,112.26852235153636,111.36645897536248,111.87386693612073,18142300
2019-04-03,112.72895050048828,113.16118533833239,111.95844367321733,112.62558921655753,22860700
2019-04-04,112.1557388305664,112.97323045530311,111.23488594860194,112.8510723319045,20112800
2019-04-05,112.65375518798828,112.97323741243139,112.16514417101602,112.18393386944003,15826200
2019-04-08,112.69135284423828,112.77591724882525,111.47921286282273,112.57859313588389,15116200
2019-04-09,112.08058166503906,112.32489077772428,111.42283463346922,111.46981246777851,17612000
2019-04-10,112.93566131591797,113.0860004239597,112.3248921114055,112.5316146577548,16477200
2019-04-11,113.06719970703125,113.55581072169011,112.68194278657161,113.26452379961873,14209100
2019-04-12,113.6497802734375,113.67797557596433,113.10479296263375,113.35849333413681,19745100
2019-04-15,113.74375915527344,114.24176867187921,113.29272747540283,113.64039787798862,15792600
2019-04-16,113.48063659667969,114.30752669426653,112.85107775885646,114.29812826072914,14071800
2019-04-17,114.42028045654297,114.49545358784515,113.26452403061568,113.92227100724874,19300900
2019-04-18,115.9237060546875,116.06464670459386,113.97864622803735,114.81492753903306,27991000
2019-04-22,116.29016876220703,116.51568097615808,115.17199178782204,115.21897678480951,15648700
2019-04-23,117.86878204345703,118.00033144734353,116.35595672985738,116.60965710337997,24025500
2019-04-24,117.46473693847656,118.25403337214976,117.00430684992892,118.19765710371738,31257000
2019-04-25,121.35484313964844,123.44085098045554,121.05416494575493,122.20992139664241,38033900
2019-04-26,122.05018615722656,122.64216562899917,121.23270162025247,121.87165175540248,23654900
2019-04-29,121.93743133544922,122.32267392720593,121.54278314094614,122.05957513087054,16324200
2019-04-30,122.71734619140625,122.81130186165755,121.58037218022687,121.97502040602684,24166500
2019-05-01,120.1614990234375,122.76430599927087,119.9923630603538,122.65155346981805,26821700
2019-05-02,118.59231567382812,120.27427712831305,117.94395985463353,120.2554874268302,27350200
2019-05-03,121.11992645263672,121.61793588792014,119.56952188434808,119.67288314475454,24911100
2019-05-06,120.41521453857422,120.80047151310346,118.49834960758281,118.76144843462455,24239800
2019-05-07,117.94393920898438,119.50374940852787,116.72240809706778,118.82720557108271,36017700
2019-05-08,117.9345474243164,118.74264065226775,117.22041702472826,117.86877272757172,28419000
2019-05-09,117.92515563964844,118.19765287549865,116.1116449912626,116.7881888638694,27235800
2019-05-10,119.45677947998047,120.20849654284365,116.34656429097183,117.37077860990028,30915100
2019-05-13,115.90493774414062,117.97215620187986,115.61365077069829,116.61906827818913,33944900
2019-05-14,117.20162200927734,118.28220523978557,116.23378413122381,116.39352881798851,25266300
2019-05-15,118.85210418701172,119.50285997371107,116.66406377447252,117.19221642263173,24722700
2019-05-16,121.59661102294922,122.02102708129463,119.2671076721905,119.5406136872754,30112200
2019-05-17,120.7855224609375,123.03958124481186,120.64404566576752,121.01186230779268,25770500
2019-05-20,119.04072570800781,120.33279678540593,118.60689094084681,119.323657671578,23706900
2019-05-21,119.68206024169922,120.27622390071461,119.38026179967582,120.18191323672775,15293300
2019-05-22,120.40823364257812,120.9458194188518,119.32364325796706,119.41796109653912,15396500
2019-05-23,119.00299835205078,119.1067422292162,117.6449019203884,119.0218576045165,23603800
2019-05-24,119.05958557128906,120.17246856943227,118.8049460832259,119.69148207026386,14123400
2019-05-28,118.984130859375,120.71946978370401,118.88038698939434,119.75748967485922,23128400
2019-05-29,117.83352661132812,118.257928134776,116.98471636899103,118.24849491112741,22763100
2019-05-30,118.57860565185547,118.6068981303833,117.68263639096838,118.13533763374025,16829600
2019-05-31,116.64517974853516,117.53171559484292,116.30565568805305,117.16389906189409,26646800
2019-06-03,113.02362060546875,117.29596490889058,112.2408356203234,116.80553794460616,37983600
2019-06-04,116.15477752685547,116.26794743369845,113.7875419710199,114.38170556827066,29382600
2019-06-05,118.67292022705078,118.71064593147985,117.14506157716491,117.8429691204964,24926100
2019-06-06,120.54973602294922,120.69120562387954,118.45600607642017,119.24823152436434,21459000
2019-06-07,123.92607879638672,124.72773730669587,120.96467978681957,121.84178969499521,33885600
2019-06-10,125.05784606933594,126.45366107203938,124.49196773238064,124.86921036309491,26477100
2019-06-11,124.58626556396484,126.60454353479658,123.8128995871347,126.26501946536312,23913700
2019-06-12,124.01095581054688,124.46364975282671,123.27532275776178,123.92606400377863,17092500
2019-06-13,124.79373168945312,125.4350468257523,124.07695078314333,124.47305973042444,17200800
2019-06-14,124.91636657714844,126.18014519257108,124.15244091246585,124.73717129464094,17821700
2019-06-17,125.29361724853516,126.12355385425246,124.99181165308678,125.08612949938512,14517800
2019-06-18,127.47220611572266,127.54765750386655,125.97264755242516,126.55737782193921,25934500
2019-06-19,127.9720687866211,128.19840857753397,126.19899700643333,127.32131310598274,23744400
2019-06-20,129.160400390625,129.83002254094734,128.00036574887366,129.63196082607152,33042600
2019-06-21,129.17929077148438,129.89605758544604,128.6983042189307,128.8114741393233,36727900
2019-06-24,129.9431915283203,130.52792185908748,129.20755840545763,129.20755840545763,20628800
2019-06-25,125.84061431884766,129.76400070230144,125.18043256944024,129.44334305128683,33327400
2019-06-26,126.31216430664062,128.01922507636564,126.0009471005298,126.70828771436312,23657700
2019-06-27,126.51961517333984,127.0477747661169,125.9160186010435,126.51018914861929,16557500
2019-06-28,126.34051513671875,126.94411209493687,125.58601534122444,126.91581961180842,30043000
2019-07-01,127.96265411376953,128.9246415913439,127.29304624308669,128.85863060267377,22613500
2019-07-02,128.81146240234375,128.82088843122256,127.6419872316011,128.37762042889418,15237800
2019-07-03,129.64137268066406,129.90544531505958,128.53790884087223,129.0189095892121,13629300
2019-07-05,129.26412963867188,129.51877627445242,128.00035126845566,128.20783898785004,18141100
2019-07-08,129.16981506347656,129.30185138344893,127.67024224057963,128.64165539270758,16779700
2019-07-09,128.69825744628906,129.17924382403848,128.07579432858049,128.2644155909795,19953100
2019-07-10,130.0092010498047,130.69767516736007,129.22640910096527,129.33015295902544,24204400
2019-07-11,130.52792358398438,131.30128961053194,130.0280706705846,130.33930228681356,22327900
2019-07-12,130.99949645996094,131.21642464364177,130.16011937560694,130.95235192435405,18936800
2019-07-15,130.99949645996094,131.6030933027449,130.58453532314013,131.5087898406472,16651500
2019-07-16,129.2830352783203,131.14098489834137,128.7548897927908,131.05610745764238,22726100
2019-07-17,128.51905822753906,130.08462760872735,128.47189931568076,129.86771388323442,20211000
2019-07-18,128.66053771972656,128.84915900141928,127.01007632087297,127.84002722937852,30381800
2019-07-19,128.8491668701172,132.6688092189023,128.6888380513432,132.24440771145558,48992400
2019-07-22,130.55618286132812,131.27296375555042,129.51875879524255,129.59421017310166,25074900
2019-07-23,131.3673095703125,132.02750574187212,130.17898236509546,131.81057756395577,18034600
2019-07-24,132.7159423828125,132.7348088257368,130.95231132769646,130.99945584868806,20738300
2019-07-25,132.21609497070312,132.61220394299596,131.39558455601656,132.44243473151045,18356900
2019-07-26,133.3007049560547,133.62136260921432,132.31986554907147,132.38587652901236,19037600
2019-07-29,133.00833129882812,133.46102527389118,131.442747246086,133.45159924618142,16605900
2019-07-30,132.36700439453125,133.18751485047696,131.84828509846412,132.16894270298536,16846500
2019-07-31,128.51905822753906,132.49902862160644,127.39674232335653,132.3481258600116,38598800
2019-08-01,130.207275390625,132.92346831785986,129.14154411747563,129.20756949126317,40557500
2019-08-02,129.11325073242188,130.4524951291536,127.56653296881987,130.23556695184885,30791600
2019-08-05,124.6900405883789,126.31219555783336,123.3413700010672,125.71803908101124,42749600
2019-08-06,127.0289306640625,127.96261095629673,125.63311604346025,126.18955380824953,32696700
2019-08-07,127.58538818359375,127.93433829505418,124.33162411022316,126.18013292815006,33414500
2019-08-08,130.9900665283203,131.0843843784918,128.1984222193159,128.83032591187458,27496500
2019-08-09,129.87718200683594,131.4521921409205,128.6982809132802,130.72598503784306,23466700
2019-08-12,128.0663604736328,130.01862733624213,127.5476555731766,129.2735682747806,20484300
2019-08-13,130.71653747558594,130.90515874130492,127.32129712912392,128.31157676274867,25154600
2019-08-14,126.78009033203125,129.56210098275454,126.48675162674311,129.03219694238862,32527300
2019-08-15,126.49623107910156,127.34787509702798,125.14308405734968,127.16808310083891,28074400
2019-08-16,128.81455993652344,129.12682790920258,127.48032799111316,127.6317332697701,24449100
2019-08-19,130.9720458984375,131.10452191896815,129.53372450495954,130.44214181631492,24355700
2019-08-20,129.88385009765625,131.25594084277455,129.86493526333263,130.78281008619717,21170800
2019-08-21,131.33163452148438,131.99402915929426,130.5840942480662,131.1045409897145,14970300
2019-08-22,130.37591552734375,131.71960519902063,128.96598061637593,131.20863031382734,18697000
2019-08-23,126.22180938720703,130.91527235190958,125.66351861847524,129.81760564678032,38508600
2019-08-26,128.17111206054688,128.2752013988544,126.70440390759687,127.73583987402743,20312600
2019-08-27,128.445556640625,129.37288897917813,127.42359236518006,129.06062091400275,23102100
2019-08-28,128.2751922607422,128.46444165178204,126.37321205676666,127.63174144344607,17393300
2019-08-29,130.69766235351562,131.00047303039054,129.5526937737509,129.8744192888246,20168700
2019-08-30,130.4515838623047,131.70064127459696,128.9470318552338,131.67225459059952,23940100
2019-09-03,128.7293701171875,129.82703659856472,128.40764476744602,129.2687459436368,18869300
2019-09-04,130.23394775390625,130.29072112187868,129.1457385921619,129.92167979125622,17995900
2019-09-05,132.52395629882812,132.836224397966,131.3032705986703,131.63446797500657,26101800
2019-09-06,131.62493896484375,132.64688835679075,130.77329521982114,132.50495495202037,20824500
2019-09-09,130.1298370361328,132.23999535201676,129.12680253007494,132.08859010311767,25773900
2019-09-10,128.76730346679688,129.53377319071924,127.28166555643176,129.4486130966854,28903400
2019-09-11,128.8050994873047,128.947047363165,127.83045138270464,128.60639267542496,24726100
2019-09-12,130.1298370361328,130.9814662932916,129.51475862702995,130.44210494743749,27010000
2019-09-13,129.9406280517578,130.6408522774952,129.2309319707729,130.3759002290318,23363100
2019-09-16,129.0038604736328,129.35397268541678,128.3698668614907,128.53072961930516,16731400
2019-09-17,130.0069122314453,130.12993088975048,129.0984945216718,129.60002657521997,17814200
2019-09-18,131.0761260986328,131.21805952545353,129.19306081626476,129.97845946854483,23982100
2019-09-19,133.48910522460938,134.7192335174894,132.5428438062073,132.7604798895748,35772100
2019-09-20,131.9467010498047,134.03793080267528,130.82064759573402,133.43232404235206,39167300
2019-09-23,131.6627960205078,132.12646925306777,131.00041600170894,131.74795607175307,17139300
2019-09-24,129.99737548828125,133.129497923834,129.52424486203338,132.8172299778543,29773200
2019-09-25,131.87095642089844,132.4387188949401,128.71990501144612,130.11091007792868,21382000
2019-09-26,132.04132080078125,132.64692757150533,131.00044183421406,131.9467033158957,17456600
2019-09-27,130.3285675048828,132.81723939583287,129.30660354706455,132.6185181656452,22477700
2019-09-30,131.5587158203125,131.7385077890502,130.37588911946182,130.63138372971025,17280900
2019-10-01,129.70407104492188,132.71317569147124,129.6378258091377,132.15488487045303,21466600
2019-10-02,127.41413879394531,129.04171015818096,126.4016462301663,128.92816336866028,30521700
2019-10-03,128.95652770996094,129.4012718102267,126.06096956869425,127.69799806865632,24132900
2019-10-04,130.69766235351562,130.82068099584703,129.0890203393391,129.40128843531343,22897700
2019-10-07,129.75137329101562,130.75440817878032,129.65675580354625,129.7703025640314,15303700
2019-10-08,128.37925720214844,130.35693967458047,128.3319412536768,129.71348897952709,25550500
2019-10-09,130.81118774414062,131.24645992440614,129.60943166254842,130.07310496994796,19749900
2019-10-10,131.62493896484375,132.16430034177134,130.82061116767795,131.04771905411067,17654600
2019-10-11,132.1737823486328,133.45124098445604,132.00346223121787,132.59013966516196,25446000
2019-10-14,132.05081176757812,132.7510361245282,132.02242507412376,132.18328781663408,13304300
2019-10-15,133.96224975585938,134.17041400568684,132.29682024680068,132.53338562580973,19695700
2019-10-16,132.86456298828125,133.41339631785604,132.03184835874671,133.2241324920144,20751600
2019-10-17,132.1832733154297,133.82030169320313,131.54927983315682,133.3755576261333,21460600
2019-10-18,130.02577209472656,132.4765854604321,129.22144419319602,132.2494775445312,32273500
2019-10-21,130.990966796875,131.05721202960976,129.64727725818096,131.00989606891406,20078200
2019-10-22,129.0416259765625,132.4860159201882,128.93753667446944,131.50191069578045,27431000
2019-10-23,129.86495971679688,130.06366658624503,128.3225485395023,129.52430493036394,29844600
2019-10-24,132.41981506347656,132.87401646667143,131.21805911124613,131.89936843543958,37029300
2019-10-25,133.16738891601562,133.5553596314757,131.719609844963,131.85208588941208,25959700
2019-10-28,136.44142150878906,137.84188421406174,135.79795630552206,136.6401282994849,35280100
2019-10-29,135.154541015625,136.7347960959807,134.98420642580402,136.3373679714726,20589500
2019-10-30,136.83885192871094,137.20789327099118,135.11664937220178,135.80743054115874,18496600
2019-10-31,135.66551208496094,137.14167777405734,135.30594251890233,137.11329108302127,24605100
2019-11-01,135.99668884277344,136.6590689315044,135.28699279653247,136.5076636429936,33128400
2019-11-04,136.7821044921875,137.2079192849661,136.41306307993875,137.04705656052994,16912000
2019-11-05,136.69691467285156,137.22681869421658,136.17646806658175,137.1795027411372,18250200
2019-11-06,136.31845092773438,136.75373763961446,135.5046653315466,136.61178972889388,16575800
2019-11-07,136.50767517089844,137.09436710372245,136.04401628903287,136.11024708409755,17786700
2019-11-08,138.11630249023438,138.14468917347034,136.03451612758914,136.24269476385365,16732700
2019-11-11,138.25827026367188,138.5516090225391,136.95242475510946,137.52964485568222,14362600
2019-11-12,139.1666717529297,139.63980245539213,138.21093849312152,138.41911715730924,18641600
2019-11-13,139.39376831054688,139.53571618768487,138.41912019717392,138.85440680607223,16919200
2019-11-14,140.1034698486328,140.4346671360793,139.10043500844046,139.11936428055844,19729800
2019-11-15,141.9108428955078,141.92977216898475,140.30220118129054,140.92672281797846,23485700
2019-11-18,142.26095581054688,142.45967708611636,140.97403954445423,142.0054755918499,21534000
2019-11-19,142.30825805664062,143.19774612465324,142.12846607198227,142.77193136240143,23935700
2019-11-20,142.06138610839844,143.21975444233186,140.9599988217842,142.71653051718937,25696800
2019-11-21,141.92849731445312,142.23233836311604,140.99800945681545,141.85253705228737,18576100
2019-11-22,142.03292846679688,142.70706667971493,141.30183817214876,142.48869000001076,15901800
2019-11-25,143.59005737304688,143.7040049843586,142.34623914973673,142.42219939463277,22420900
2019-11-26,144.34962463378906,144.7199217195957,143.67550109990344,143.71347397293835,24620100
2019-11-27,144.625,144.7958996814808,143.86541205490357,144.63448959743727,15184400
2019-11-29,143.7324981689453,144.6060193135359,143.63754423429873,144.41612593217906,11977300
2019-12-02,141.99493408203125,144.15975032921867,140.82707611687533,144.14075664622644,27418400
2019-12-03,141.76702880859375,141.88096191095372,139.24140546144153,140.0389806417593,24066000
2019-12-04,142.27978515625,142.59310125030453,141.66261359005057,142.55512837124613,17574700
2019-12-05,142.35572814941406,142.72603977470254,141.92846445061193,142.46967576024716,17869100
2019-12-06,144.0837860107422,144.1977191296033,142.67855775569407,143.36218544473041,16403500
2019-12-09,143.71351623535156,144.52058128202933,143.28625247037877,143.43817298306075,16687400
2019-12-10,143.4951171875,144.2167177783611,143.1437992456888,143.6470231885677,16476100
2019-12-11,144.0363311767578,144.19774128258666,142.73554624347213,143.88441066964705,18856600
2019-12-12,145.49853515625,145.68842853892974,143.39068528625114,143.9888487172955,24612100
2019-12-13,146.72335815429688,147.06517203448604,145.10924268760104,145.270652785477,23845400
2019-12-16,147.6728515625,148.02415506952832,146.998727833449,147.27407108448304,24144200
2019-12-17,146.87530517578125,147.84378042585467,146.64742438519372,147.59690594740013,25425600
2019-12-18,146.57144165039062,147.62536660237717,146.3910378631594,146.50498548495298,24129200
2019-12-19,147.8437957763672,147.90076235794416,145.98280534652423,146.22017576172183,24958900
2019-12-20,149.45787048339844,150.48331213280017,148.39444146479494,149.40090391753216,53477500
2019-12-23,149.45787048339844,150.13199416339762,149.32494366706504,150.13199416339762,17718200
2019-12-24,149.4293670654297,149.74269762341038,149.1824926626928,149.52430649976858,8989200
2019-12-26,150.65420532226562,150.71117188567098,149.448359941088,149.60028043545944,14520600
2019-12-27,150.92958068847656,151.4897712780873,150.2269591857519,151.39481733601136,18412800
2019-12-30,149.62876892089844,150.98653484366739,148.81221434517386,150.95805156097413,16348400
2019-12-31,149.73316955566406,149.7996401881957,148.5463181570175,148.85015906927845,18369400
2020-01-02,152.5056915283203,152.61013505752078,150.33138558688324,150.7586493016358,22622100
2020-01-03,150.60678100585938,151.86959339189596,150.075073577621,150.32194808926084,21116200
2020-01-06,150.9960174560547,151.06248810455452,148.6033204049661,149.1445317269712,20813700
2020-01-07,149.6192626953125,151.60367510473966,149.37240277675932,151.27136534760285,21634100
2020-01-08,152.00247192382812,152.67661008398238,149.97058233307885,150.9010700366723,27746500
2020-01-09,153.90145874023438,154.02489597609247,152.89501062983652,153.66408835616173,21385000
2020-01-10,153.1893768310547,154.97440709617408,153.03745627914213,154.59462020433395,20725900
2020-01-13,155.03131103515625,155.0597943161375,153.1133546841182,153.5880953510529,21626500
2020-01-14,153.9394073486328,155.33514601452856,153.55011653968288,155.13574856742852,23477400
2020-01-15,154.93637084960938,155.65798599963676,154.35720109299407,154.40466357354921,21417900
2020-01-16,157.77528381347656,157.84175444938765,155.74339469520643,156.0472356229151,23865400
2020-01-17,158.65835571289062,159.00965921241536,157.07270894577653,158.9621822424408,34371700
2020-01-21,158.08865356445312,159.6932794532372,158.02218291204835,158.25955326274573,29517200
2020-01-22,157.3290557861328,159.0286355049522,157.3100621026329,158.94317117317047,24138800
2020-01-23,158.29751586914062,158.37347610803346,156.9207709480515,157.79429196341795,19680800
2020-01-24,156.702392578125,159.06660630924776,156.14220206963714,159.0476126259956,24918100
2020-01-27,154.0818328857422,155.1262681697583,152.10690993192532,153.00891432015612,32078100
2020-01-28,157.1011962890625,157.386029114127,154.83193635911937,155.50606002902032,24899900
2020-01-29,159.55081176757812,160.2249497828365,157.31953967817702,159.3609184283851,34754500
2020-01-30,164.05140686035156,165.25725238117488,162.16193352362347,165.25725238117488,51597500
2020-01-31,161.6301727294922,163.69054509436427,161.0130157747917,163.51015584503386,36142700
2020-02-03,165.570556640625,165.68448976248862,161.7916105688836,161.82009384934952,30107000
2020-02-04,171.02053833007812,171.51427257958414,167.40301750412507,168.19108858901254,36433300
2020-02-05,170.81166076660156,174.89443279267977,169.39694306179686,174.73302272847744,39186300
2020-02-06,174.35330200195312,174.53370581487442,170.96364590764588,171.8276775969327,27751400
2020-02-07,174.6001434326172,176.2522463728986,173.26137110969623,173.61268909833885,33529100
2020-02-10,179.16709899902344,179.30002578710295,173.9924293723042,174.30575990590592,35844300
2020-02-11,175.122314453125,181.06606153613225,174.2297998090583,181.0185845786521,53159900
2020-02-12,175.37869262695312,176.4611007006087,172.6631756017562,176.2047366998145,47062900
2020-02-13,174.42921447753906,176.8218969013737,173.63163918165944,173.83103662761303,35295800
2020-02-14,175.98638916015625,176.04335572798814,173.42277770422567,173.99247235841844,23149500
2020-02-18,177.7714080810547,178.21766552222772,176.1288092268285,176.23325276599533,27792200
2020-02-19,178.30453491210938,179.1613962650694,177.53335678894416,179.04715195867632,29997500
2020-02-20,175.5815887451172,178.27596149526204,172.4207087578215,177.99033622154437,36862400
2020-02-21,170.031005859375,174.705695811561,168.7552293329656,174.39150943819044,48572600
2020-02-24,162.70005798339844,166.18465515217062,155.40716170842933,159.72958932936746,68311100
2020-02-25,160.0152130126953,166.4607487234575,159.6153288264737,165.85142145386897,68073300
2020-02-26,162.0145263671875,164.95643327525875,160.14846836228023,161.57658020435423,56206100
2020-02-27,150.5991973876953,159.02506587788727,150.4087853173964,155.4928762121868,93174900
2020-02-28,154.24563598632812,155.86417479843206,144.7153722910139,145.10572645287465,97012700
2020-03-02,164.50900268554688,164.6327770616493,154.53126258325238,157.38748705939656,71030800
2020-03-03,156.6258544921875,166.61312656595982,154.48368572205374,165.47063946072416,71677000
2020-03-04,162.3763427734375,162.51914816724377,157.6826069544084,160.41507121846044,49814400
2020-03-05,158.301513671875,162.6810499375007,157.74930843082646,158.0920560105286,47817300
2020-03-06,153.82672119140625,155.29290988438083,148.5236579689275,154.8168725190958,72821100
2020-03-09,143.40145874023438,150.18975467813294,142.8111771899838,143.76325170458367,70419300
2020-03-10,153.20787048339844,153.31259928936166,145.26757037585006,150.5801493440142,65354400
2020-03-11,146.26727294921875,150.14221027535797,143.90611671459507,149.5995351314192,56371600
2020-03-12,132.3955078125,146.1149079701268,131.93851601607352,138.33645927607344,93226400
2020-03-13,151.218017578125,154.15040922743378,133.9854606961012,140.43101010915177,92727400
2020-03-16,128.92991638183594,142.19232062409446,128.53004686821293,133.29041897444304,87905900
2020-03-17,139.54559326171875,140.43101574371315,128.53008220611034,133.29045562115147,81059800
2020-03-18,133.67129516601562,139.00291981940723,128.54914265685554,131.38632147313834,81593200
2020-03-19,135.87060546875,142.9540300053961,132.3384014550753,135.9277276341853,85922700
2020-03-20,130.76748657226562,140.0502163678412,129.34888981462817,139.00292822092638,84866200
2020-03-23,129.46311950683594,133.83315361883407,126.16894903091577,130.4437553300874,78975200
2020-03-24,141.23074340820312,142.43036670801416,134.4995835056753,136.8607244581916,82516700
2020-03-25,139.87879943847656,146.93367575898048,137.51765848214595,141.7734331352431,75638200
2020-03-26,148.62838745117188,149.1520314608854,141.25932377290354,141.28788485275086,64568100
2020-03-27,142.52557373046875,147.4668435414475,142.0495364003553,144.47732968943524,57042300
2020-03-30,152.55096435546875,152.90324196379333,142.82075725627223,145.1343069267128,63420300
2020-03-31,150.1516876220703,156.88284731331882,149.05679314426825,151.760681450788,77927200
2020-04-01,144.820068359375,150.18976853607813,143.5918985143203,145.66741417445297,57969900
2020-04-02,147.81910705566406,148.02856464387787,143.15394701455227,144.58205901009748,49630700
2020-04-03,146.45765686035156,149.83752504353316,144.89625489063627,147.66679583020962,41243300
2020-04-06,157.34939575195312,158.5204436100187,150.02793870466274,152.63662871229192,67111700
2020-04-07,155.65475463867188,161.8527579637315,155.43576691808855,161.4624037079219,62769000
2020-04-08,157.21604919433594,158.68223736772953,155.66416328465453,157.7301629745512,48318200
2020-04-09,157.22560119628906,159.34872351809685,155.5023484691151,158.38713338772783,51385100
2020-04-13,157.57791137695312,157.63504807402816,154.52175908514585,156.47351553450656,41905300
2020-04-14,165.3753662109375,165.42297284963294,159.94854353230696,160.90061819618973,52874300
2020-04-15,163.64260864257812,165.2516172547934,161.12913194567304,162.99519027424256,40940800
2020-04-16,168.55532836914062,168.78383156754103,164.61373899366873,165.94665252640667,50479600
2020-04-17,170.04054260253906,171.37344133525505,167.44136828248293,170.8974039982127,52765600
2020-04-20,166.67018127441406,170.1833389597177,166.60354360506855,168.16494540659173,36669600
2020-04-21,159.77719116210938,165.3468197206917,158.14913695113438,165.18496875685338,56203700
2020-04-22,165.2039794921875,165.66097120712655,162.63338112033648,163.17605605791945,34620200
2020-04-23,163.2046356201172,166.6701867832874,162.71908277595958,165.76571876652025,32790800
2020-04-24,166.18467712402344,166.19419264314408,162.52871298530863,163.81400538707817,34277600
2020-04-27,165.7086181640625,168.42202256727543,164.9945620799262,168.12688171023376,33194400
2020-04-28,161.6718292236328,167.25098846954376,161.27195952679392,167.17482073764452,34392700
2020-04-29,168.92662048339844,169.1646391773293,163.64261710014011,164.9183938130075,51286600
2020-04-30,170.62136840820312,171.75432546350052,167.78417442734136,171.37350127167923,53875900
2020-05-01,166.20372009277344,170.07865733079598,165.67054595263724,167.37476813675693,39370500
2020-05-04,170.26902770996094,170.42136314126972,165.47057784378438,166.12751167973556,30372900
2020-05-05,172.09698486328125,174.8484796427105,171.27820019565675,171.9636950116914,36839200
2020-05-06,173.7917022705078,175.3721496947665,172.925325369685,173.35375606174136,32139300
2020-05-07,174.8009490966797,175.70541730295008,173.82982867738997,175.34362420943816,28316000
2020-05-08,175.82911682128906,176.13378764338785,174.57238599889257,176.11474208513056,30877800
2020-05-11,177.7904815673828,178.52356881979443,174.08691058934866,174.37252145262028,30892700
2020-05-12,173.76315307617188,178.0760504243352,173.56322551904262,177.84756178761603,32038200
2020-05-13,171.13540649414062,175.22933011132346,168.07924068703863,173.8012182351554,44711500
2020-05-14,171.87799072265625,172.0303261136582,167.2604240594891,169.031283029255,41873900
2020-05-15,174.38204956054688,178.09513601689562,168.5172644414072,170.47853649412016,46610400
2020-05-18,176.04812622070312,177.27629612153746,175.1436582128011,176.84786543647925,35264500
2020-05-19,174.82949829101562,177.6571615787806,174.69620840155065,176.16239718566547,26799100
2020-05-20,177.25448608398438,177.4358864095357,175.61235570357988,176.44296291219172,31261300
2020-05-21,175.1254425048828,178.21876103710082,174.99178140232837,177.0062545273779,29119500
2020-05-22,175.20181274414062,176.10881435595059,174.27572709584703,174.89630791276787,20826900
2020-05-26,173.3496551513672,178.05644865123975,172.9009326408034,177.9036889523315,36073600
2020-05-27,173.57879638671875,173.75065470607606,168.60468023193414,172.04168637143127,39517100
2020-05-28,173.18734741210938,175.8128447737856,172.2135370614424,172.55723911696234,33810200
2020-05-29,174.95359802246094,175.9274229472376,172.24217877179476,174.45713625736357,42130400
2020-06-01,174.55262756347656,174.71492930155677,173.24465707143892,174.27574875242263,22622400
2020-06-02,176.53843688964844,176.6243587570561,173.13961372227922,175.90831405939235,30794600
2020-06-03,176.96804809570312,177.52179103698336,175.26863663396563,176.4525023602853,27311000
2020-06-04,174.63853454589844,177.42633361765618,174.04660889657038,175.95606151294973,28761800
2020-06-05,178.7247772216797,179.2307810427363,173.76974492872102,174.35212860910278,39893600
2020-06-08,179.83226013183594,180.0136604735111,176.0897344992715,177.52182405822072,33211600
2020-06-09,181.20703125,182.06627898183794,178.7820186031382,179.4885212183588,29783900
2020-06-10,187.92831420898438,189.53226190698962,182.3622583446839,182.47683540252,43872300
2020-06-11,177.83680725097656,186.89714721669435,177.6458649740692,184.38622786783665,52854700
2020-06-12,179.24032592773438,183.04013263127186,176.79621429280857,181.91354798974007,43373600
2020-06-15,180.38601684570312,182.1809072240188,175.6792078965996,176.22340896286445,32770200
2020-06-16,184.806396484375,186.7253913064373,182.79192319499927,184.15717495617497,42556700
2020-06-17,185.44606018066406,187.43189283011398,184.92095774990133,186.20028762269152,25687800
2020-06-18,187.43186950683594,187.59417122560848,185.21689755377494,185.21689755377494,23061600
2020-06-19,186.3148193359375,190.2673853746656,185.57013403646454,189.59907992231373,44441100
2020-06-22,191.489501953125,191.67088775184033,186.39125134869064,186.92589586020398,32818900
2020-06-23,192.7687530517578,194.7163879131779,192.3104740283942,192.94059675954588,30917400
2020-06-24,188.88304138183594,194.04811398849358,187.6609929241231,192.47282147333826,36740600
2020-06-25,191.26986694335938,191.52764712810412,186.62035443908522,188.84486850692002,27803900
2020-06-26,187.44140625,190.84022936621224,186.05705610227983,190.68746967003122,54675800
2020-06-29,189.45591735839844,189.54183924181,184.78730564276714,186.91634152801396,26701600
2020-06-30,194.29635620117188,195.14606207851222,188.78759559511929,188.92125670274692,34310300
2020-07-01,195.43247985839844,197.0077870680301,192.63513866088167,193.9431090914506,32061200
2020-07-02,196.92185974121094,198.6021875092701,195.7189097355974,196.3681166874613,29315800
2020-07-06,201.1608428955078,201.57138280923724,198.66900649142337,199.37550924846306,31897600
2020-07-07,198.82174682617188,204.95108776528608,198.57352323906824,200.92214171818512,33600700
2020-07-08,203.1944122314453,203.604937572175,199.24184569768227,200.55937273159265,33600000
2020-07-09,204.61697387695312,206.58370797656386,201.8959977454526,206.53596874184174,33121700
2020-07-10,203.9963836669922,204.3878249787219,201.52364584152227,203.94864443444519,26177600
2020-07-13,197.69520568847656,206.0299632099416,197.15100463946163,204.7697173498875,38135600
2020-07-14,198.91725158691406,199.39461478768135,192.8833737365906,196.7977578100698,37591800
2020-07-15,198.6212615966797,201.76231941702616,195.7475405543772,200.07244971421295,32179400
2020-07-16,194.68777465820312,196.38718621345686,193.15066481688189,196.1007654255898,29940700
2020-07-17,193.6948699951172,195.75706766321048,192.2723226107304,195.2128812655641,31635300
2020-07-20,202.02008056640625,202.68838602860433,193.8189709975405,195.71888148175816,36884800
2020-07-21,199.29913330078125,204.2541655805475,198.61172913665365,203.9868433576055,37990400
2020-07-22,202.16331481933594,202.68841725194093,198.95543353865747,199.72875959032635,49605700
2020-07-23,193.37026977539062,201.3708813021191,192.9979270791903,197.80975607251406,67457000
2020-07-24,192.1864013671875,193.6757720198578,188.56798064012895,191.34623758651531,39827000
2020-07-27,194.62098693847656,194.73554944735855,191.7663496924244,192.34873339252303,30160900
2020-07-28,192.87384033203125,195.43250020980508,192.60651809309874,194.39185188196288,23251400
2020-07-29,194.82142639160156,195.38471135430314,192.86423476448752,193.33205584779677,19632600
2020-07-30,194.66868591308594,195.20334487589957,190.53473387151706,191.89998548207373,25079600
2020-07-31,195.72842407226562,195.81436050677323,190.00006654872823,195.146040474654,51044000
2020-08-03,206.73641967773438,207.78662439979686,200.9125981832941,201.94370430096453,78983000
2020-08-04,203.633544921875,205.04655018773857,200.78846492303626,204.47370864017597,49280100
2020-08-05,203.29940795898438,205.26614168330795,201.99143767140274,205.1706632320827,28806400
2020-08-06,206.55503845214844,206.57412248899215,201.9723493513592,202.726576709763,32656800
2020-08-07,202.86024475097656,205.93446467221509,201.38041603878312,205.12295603956986,27820400
2020-08-10,198.82174682617188,202.2874078671722,197.00777273033472,202.08690893945885,36716500
2020-08-11,194.1722412109375,198.24891205775197,193.94310165251605,197.78110549026326,36446500
2020-08-12,199.71920776367188,200.7598559902992,195.48022043293267,195.99576625273997,28013100
2020-08-13,199.2513885498047,201.78142214625402,198.72628613786478,199.9578913011391,22588900
2020-08-14,199.4422607421875,200.1010240301361,198.11519215050953,199.30859968144165,17958900
2020-08-17,200.75982666015625,201.62863100924193,199.461398429336,200.11061982872906,20184800
2020-08-18,201.9150390625,202.74564615270964,199.73826460211512,200.99849554698613,21336200
2020-08-19,200.69004821777344,202.98693882389875,200.25938579261916,202.40314743769983,27627600
2020-08-20,205.3604278564453,205.76238052182669,199.9340449690193,200.5369666654989,26981500
2020-08-21,203.86741638183594,206.95863256196296,203.70472233058524,204.67132155384473,36249300
2020-08-24,204.5086212158203,206.2599953887606,203.30274889169465,205.56134997446563,25460100
2020-08-25,207.16917419433594,207.30315838511353,203.94397392857317,203.94397392857317,23043700
2020-08-26,211.6480712890625,212.5476856197044,208.02091871684053,208.51858050461317,39600800
2020-08-27,216.8448486328125,221.21848809645837,209.9733342839195,213.3133894819821,57602200
2020-08-28,219.07470703125,220.73037214466882,216.8448155439647,218.37606153563638,26292900
2020-08-31,215.83990478515625,218.8737012054003,214.6723219857965,217.24674611548022,28774200
2020-09-01,217.50514221191406,217.67740133897408,214.78715429178908,215.8207528636933,25725500
2020-09-02,221.69700622558594,222.85502424002667,217.58177011237575,218.17512674944248,34080800
2020-09-03,207.9635467529297,219.45752291053657,205.7240900986162,219.4192479656968,58400300
2020-09-04,205.04452514648438,208.9779352911812,196.37379983852563,205.85800985064762,59664100
2020-09-08,193.9525604248047,201.00589802209439,193.51231825390303,197.62756836074408,52924300
2020-09-09,202.2117462158203,205.60922048804156,197.81896281811265,198.6803023452128,45679000
2020-09-10,196.54611206054688,205.51353258521655,195.34025420679887,204.23109563870372,35461500
2020-09-11,195.263671875,199.66603470298534,192.5935530845461,198.2974683069397,33620100
2020-09-14,196.58432006835938,200.21147181333302,195.26360872644747,195.46459225363384,30375800
2020-09-15,199.80960083007812,200.76663503832762,198.03908170354327,199.46506793098098,21823900
2020-09-16,196.23988342285156,201.5992666668537,195.84749586051157,201.57055680650535,26328100
2020-09-17,194.1918487548828,195.5508358165322,191.36860026608792,191.45472985517046,34011300
2020-09-18,191.78005981445312,194.89998567612304,187.81793928450222,194.08651546533457,55225300
2020-09-21,193.8376922607422,194.0004009186753,187.94237293600173,188.71756826877157,39839700
2020-09-22,198.5080108642578,199.15880164458324,193.39745228545732,196.2494098087427,33517100
2020-09-23,191.9714813232422,199.15881731097764,191.4355445226873,198.96739879376585,30803800
2020-09-24,194.45977783203125,196.73752385885328,190.6412061876266,191.26328716801197,31202500
2020-09-25,198.89080810546875,200.0583761224589,193.8376552720902,194.80426893487473,29437300
2020-09-28,200.44122314453125,203.43674453417034,199.1205114207346,201.8193545775049,32004900
2020-09-29,198.3549041748047,201.04418255893373,197.92424170296624,200.355116762719,24221900
2020-09-30,201.29299926757812,202.8720998110342,197.66583157578174,198.80470457764105,33829100
2020-10-01,203.33148193359375,204.79574301483336,202.24046358672535,204.31722593983525,27158400
2020-10-02,197.33090209960938,201.92466960079273,196.70882105074978,199.06313182368098,33154800
2020-10-05,201.34085083007812,201.36956068656312,198.0869259310169,198.31661938607914,21331600
2020-10-06,197.0629119873047,201.1494374315409,196.01974823333427,199.84788496263428,28554300
2020-10-07,200.81446838378906,201.0824367654406,197.83809172749062,198.16347981904158,25681100
2020-10-08,201.53228759765625,202.11607911333277,199.3693953051289,201.46528818614652,19925800
2020-10-09,206.5375518798828,206.5854065113337,202.1543334169171,202.1543334169171,26458000
2020-10-12,211.88735961914062,214.2416701052122,207.4945762789934,209.38949984869137,40461400
2020-10-13,213.28465270996094,215.53368902999108,210.95905189784642,213.15066849960917,28950800
2020-10-14,211.3705596923828,214.58619497090353,209.71489472731523,213.41861215766087,23421700
2020-10-15,210.22215270996094,210.89207378296717,206.7289688383401,207.77214729829,22733100
2020-10-16,210.22215270996094,212.7391429273404,209.8967645606699,210.69109015947322,26057900
2020-10-19,205.015869140625,212.74870729118058,204.5373520367776,210.94947830769584,27625800
2020-10-20,205.4273681640625,208.03050214058405,203.93439727230083,206.52796616476093,22753500
2020-10-21,205.57095336914062,207.599861242448,203.96312828594395,203.96312828594395,22724900
2020-10-22,205.6570587158203,206.77678686888288,202.60411757728775,204.7382995474917,22351500
2020-10-23,206.93948364257812,206.98733826920613,204.00139648834562,205.791045619415,18879600
2020-10-26,201.05374145507812,207.04477013994912,199.15881787540803,204.66176438764387,37111600
2020-10-27,204.08758544921875,205.44657254250063,201.29304675840427,202.49890484318468,36700300
2020-10-28,193.9716796875,199.86701371354707,193.41661271649156,198.74728548055538,51195600
2020-10-29,195.92405700683594,198.45062689659414,194.6320549005072,195.30199057234228,31432600
2020-10-30,193.7707061767578,195.51250074201783,191.04315299872275,194.7564501863506,36953700
2020-11-02,193.63674926757812,196.45999749689346,191.5216970654332,195.5125282945089,30842200
2020-11-03,197.56056213378906,199.1779522620544,194.39278128052757,195.12970170057392,27512000
2020-11-04,207.09263610839844,208.93971976294654,203.29320905322973,204.82446966001,42311800
2020-11-05,213.69615173339844,214.49049184070802,211.6480992096399,212.49985903019407,36080100
2020-11-06,214.10768127441406,214.72018254648174,208.66215462267135,212.71040498956907,25231900
2020-11-09,209.00672912597656,218.31866917408416,208.51864686926197,214.79678980908497,44395000
2020-11-10,201.94378662109375,207.1979097750766,200.70921889587157,205.28384132449852,44045100
2020-11-11,207.24578857421875,208.67176039014677,203.08268336747216,203.26452222799094,29440800
2020-11-12,206.1834259033203,209.69573924790384,205.24553658757185,207.87738032507988,21593900
2020-11-13,207.20745849609375,208.0783630770916,204.9584370061897,207.06390921491047,18621100
2020-11-16,207.8965301513672,208.38462692760493,205.3029757098469,205.63792890983984,24953300
2020-11-17,205.2455291748047,208.3271653866801,204.88185156210218,206.81506443563234,24154100
2020-11-18,202.53965759277344,206.4641717610796,202.3957178415829,205.00566720255588,28372800
2020-11-19,203.825439453125,204.41075930786246,201.43618011662315,202.82752451855407,24792700
2020-11-20,201.87757873535156,204.66023830979884,201.50335879752706,203.61434343759902,22843100
2020-11-23,201.60891723632812,203.70070706865718,199.73781746855306,202.41492719145955,25683500
2020-11-24,205.20718383789062,205.581403777196,200.40948479991638,201.10994475986428,33979700
2020-11-25,205.21681213378906,206.57935715702666,203.86387188091973,206.40664698741628,21012900
2020-11-27,206.52174377441406,207.5196733497575,205.3798890879226,206.1571286123674,14512200
2020-11-30,205.40870666503906,206.0707768754735,202.30938234815488,205.437491689779,33064800
2020-12-01,207.46209716796875,208.52718688320113,204.71781287908087,205.83086786900017,30904500
2020-12-02,206.6560821533203,206.75204198993873,204.190072479513,206.18591702157005,23724500
2020-12-03,205.57180786132812,207.62522240610232,205.0056682633133,205.9268328948881,25120900
2020-12-04,205.6869354248047,206.66567004098926,204.5546709391374,205.55260044936085,24666000
2020-12-07,205.61978149414062,206.81920626860725,204.3723914418279,205.69654643667639,24620000
2020-12-08,207.2702178955078,208.17218778489837,204.27645795746056,205.31276285326558,23284100
2020-12-09,203.23056030273438,206.52177523800023,202.6644352574162,206.45461505637104,32440600
2020-12-10,202.0023193359375,204.45873883924034,201.84878945662726,203.20174406539516,26733300
2020-12-11,204.6314697265625,204.68905441820556,200.64938507745762,201.5513549081159,30979400
2020-12-14,205.5334014892578,207.4620856631206,204.26681669461775,204.47791660062674,28798400
2020-12-15,205.4662628173828,206.70406272172727,203.65273317434787,206.46417777084216,27000600
2020-12-16,210.40786743164062,211.2042871516733,206.03236867599313,206.061153696116,35023300
2020-12-17,210.5421905517578,211.95271502401806,209.1028810609954,210.97398047070388,32515800
2020-12-18,209.7458038330078,210.8013034819783,207.2797941315631,209.7458038330078,63354900
2020-12-21,213.58399963378906,214.9369545131919,208.4888447064827,208.7479245994662,37181900
2020-12-22,214.8793487548828,216.50097338667925,212.87391405322188,213.6799239847867,22612200
2020-12-23,212.07745361328125,214.51467783690325,211.8663537228794,214.08288793068596,18699600
2020-12-24,213.7374725341797,214.56267727866629,212.2501830405636,212.4612829501821,10550600
2020-12-28,215.85806274414062,216.88476263524183,213.99655333703302,215.3686881144162,17933500
2020-12-29,215.08082580566406,217.98823003223873,214.53389577009193,217.1534351478008,17403200
2020-12-30,212.7107696533203,216.50096346628422,212.50927450036974,216.1171387725915,20272300
2020-12-31,213.4208221435547,213.97735693650276,210.7916780475065,212.72995237585465,20942100
2021-01-04,208.88217163085938,213.97732441212762,206.11869298010564,213.5263396422779,37130100
2021-01-05,209.08370971679688,209.678634329478,206.97272515420607,208.46960485056292,23823000
2021-01-06,203.6623077392578,207.73076146630103,203.36485276551582,203.58554280387045,35930700
2021-01-07,209.45790100097656,210.46542054850582,205.06322234622965,205.37985754212093,27694500
2021-01-08,210.7340850830078,211.65524955353973,208.2488809997344,209.83211550432787,22956200
2021-01-11,208.69029235839844,210.0528369606372,207.96103282381029,209.63063715459433,23031300
2021-01-12,206.23385620117188,208.3160701892637,204.68901137357724,207.74034052523803,23249300
2021-01-13,207.58680725097656,207.98981215260577,205.27431314841093,205.3606828455848,20087100
2021-01-14,204.40118408203125,208.66154338232383,204.13251409385208,207.1742536782788,29480800
2021-01-15,204.04615783691406,205.83090267119468,203.45124777262626,204.88096752227284,31746500
2021-01-19,207.6827850341797,208.2009300549652,204.0269409433611,205.10162077397675,30480900
2021-01-20,215.26316833496094,216.6544982014575,208.4984094044723,208.89182426038445,37777300
2021-01-21,215.86769104003906,217.1438808555298,213.42086138301298,215.6086111691637,30709400
2021-01-22,216.8079833984375,220.76129675652857,216.66405830590344,217.89226790023852,30172700
2021-01-25,220.24313354492188,220.4830184561712,215.14798037261218,219.84971877653385,33152100
2021-01-26,222.92984008789062,224.70497958743255,220.77087595822775,222.47885529838138,49169600
2021-01-27,223.47679138183594,230.7117289549116,220.82846706760978,228.37044973267308,69870600
2021-01-28,229.26284790039062,232.82274716387465,225.5782184133488,226.07718323182823,49111200
2021-01-29,222.57481384277344,228.3896215227692,221.98949409642398,226.44175729046466,42503100
2021-02-01,229.9536590576172,232.68835277149662,223.02578198110749,225.54937581188122,33314200
2021-02-02,229.81935119628906,232.50606531871057,229.03253624582663,231.53693548030532,25916300
2021-02-03,233.1681671142578,235.1736017454573,229.57948305731,229.87695268863132,27158100
2021-02-04,232.21824645996094,233.39849108148437,230.64460160601337,232.84195618123965,25296100
2021-02-05,232.4005126953125,233.43681732954676,230.69253319854138,232.4292977150345,18054800
2021-02-08,232.6596221923828,233.82065717970994,231.06678257131648,233.312102244531,22211900
2021-02-09,233.90704345703125,234.8569785791358,231.6137437019394,232.08390887828068,23565000
2021-02-10,232.99545288085938,235.97001736898727,231.14353351995416,235.08724254171878,22186700
2021-02-11,234.597900390625,235.23118555657192,232.3525660410124,234.8761605015727,15751100
2021-02-12,235.07766723632812,235.37512223975358,232.90909785912032,234.0605427220062,16561100
2021-02-16,233.83982849121094,236.17151764085375,233.0913886756254,235.11601808481555,26728500
2021-02-17,234.8592987060547,234.9650917712769,231.72399963468183,232.0894692554744,21653500
2021-02-18,234.4649658203125,234.5996101987233,231.64704608816618,232.55109320398296,16925600
2021-02-19,231.75282287597656,234.53227887991062,230.99303240639816,234.4264858275061,25262600
2021-02-22,225.53994750976562,228.82913016967538,223.51065478002488,228.33864303907808,36446900
2021-02-23,224.3473358154297,225.84766286022327,219.98098436441825,221.51978961171824,30228700
2021-02-24,225.57839965820312,226.20353110586373,220.24068577960895,221.2120477133172,26339700
2021-02-25,220.2310791015625,225.61686886141217,219.16353629900811,223.20288228767947,39542200
2021-02-26,223.49143981933594,226.36706254282802,220.7600590313648,222.67394655856364,37819200
2021-03-01,227.87701416015625,228.38674041190882,224.23197397293902,226.87678608775025,25324000
2021-03-02,224.92440795898438,228.22321721235295,224.5204748274745,227.9443015684846,22812500
2021-03-03,218.8557586669922,224.64549595106263,218.56723082291026,223.279813142553,34029500
2021-03-04,218.05752563476562,223.5972138136232,215.68200248101138,218.06715252474712,44727800
2021-03-05,222.74127197265625,224.34739246721543,217.79787831196157,220.74083051607226,41872800
2021-03-08,218.69224548339844,224.44350410139808,218.44219586527134,222.52000486158624,35267400
2021-03-09,224.83782958984375,226.37663488338205,222.8085372631184,223.97226078418777,33080500
2021-03-10,223.5298614501953,227.93467679656288,223.16439187152451,227.93467679656288,29746800
2021-03-11,228.0597381591797,230.0217013232755,225.34759663880936,225.97274282318187,29907600
2021-03-12,226.73248291015625,226.79981243058896,224.30886965187727,225.05903321453633,22653700
2021-03-15,225.82843017578125,226.19389973430492,222.94318126146158,225.97270142657817,26034900
2021-03-16,228.61752319335938,230.87762613927848,226.91522214846157,227.24221351806312,28092200
2021-03-17,227.97312927246094,229.42538062772473,224.3088654749819,227.1171726758717,29562100
2021-03-18,221.89491271972656,225.23218566499116,221.51983088863727,223.66452881126907,34833000
2021-03-19,221.53904724121094,223.5779518905413,220.57729754999687,222.18341777330807,46430700
2021-03-22,226.9633331298828,227.83851426603098,221.3370911146356,221.46212328057254,30127000
2021-03-23,228.4924774169922,231.8297497860793,228.0019903918306,228.4059234728698,31638400
2021-03-24,226.45359802246094,228.8964358811069,226.31895364718338,228.75217929157247,25620100
2021-03-25,223.45294189453125,227.8769967829049,222.71240512495487,226.29972771990109,34061900
2021-03-26,227.43460083007812,227.65581386207742,222.6931811050737,222.6931811050737,25479900
2021-03-29,226.24200439453125,227.74233157641052,223.01052482004673,227.54035768263333,25227500
2021-03-30,222.98167419433594,224.90517359760773,222.26036191810903,224.59740664901904,24792000
2021-03-31,226.7517547607422,229.9543833600764,223.50103573631569,224.00114974202836,43623500
2021-04-01,233.08004760742188,233.5512955722621,228.9445209279314,229.34845404428125,30338000
2021-04-05,239.5430450439453,240.39900183366075,233.4166884471967,233.47439109086363,36910600
2021-04-06,238.3793182373047,239.86040654818333,237.43680749401827,238.13888077497685,22931900
2021-04-07,240.34121704101562,241.3318179462302,237.7348838661776,238.3311639168528,22719800
2021-04-08,243.5631103515625,244.41906699343323,242.3609232323544,243.10147460682458,23625200
2021-04-09,246.0636749267578,246.1983193023005,242.7841048169457,243.19765015784952,24326800
2021-04-12,246.1213836669922,247.81407263023797,244.8807182632371,244.96728689441156,27148700
2021-04-13,248.6027069091797,249.27594353772244,247.0061986517212,247.41977338939648,23837500
2021-04-14,245.81365966796875,248.92972003109546,245.40011424452237,247.63138111331162,23070900
2021-04-15,249.5740509033203,249.9875962364744,247.87176447481755,248.06409680754706,25627500
2021-04-16,250.7666778564453,251.0167422408054,247.746798211939,249.54526596030152,24878600
2021-04-19,248.84312438964844,251.4783386995464,247.95833104347497,250.23767328668572,23209300
2021-04-20,248.3815460205078,250.24734323052627,247.01584820739834,247.95837370378536,19722900
2021-04-21,250.6127471923828,250.7089280413718,247.41013330799765,249.03549280000607,24030400
2021-04-22,247.33319091796875,251.7668430840579,245.86170033030186,250.25688896426033,25606200
2021-04-23,251.1609344482422,251.50717961088,247.4293408246283,248.01602341816627,21462600
2021-04-26,251.54568481445312,252.401656348328,250.21849455281932,251.65149256989199,19763300
2021-04-27,251.94956970214844,253.1229055083856,250.17032688978372,251.57447323158507,31014200
2021-04-28,244.82301330566406,246.72728837126857,243.2745956256258,246.2848623553483,46903100
2021-04-29,242.8514404296875,246.30413341760544,239.47570386310056,245.68861412319575,40589000
2021-04-30,242.53404235839844,243.39962592937061,240.05274094363295,240.18738532021044,30945100
2021-05-03,242.22628784179688,244.62104995508665,241.51458775779273,243.70737597050828,19626600
2021-05-04,238.31198120117188,241.60117849638647,236.3596302425455,241.37035325676896,32756100
2021-05-05,237.04248046875,239.95658126359143,236.41734895274763,239.53340899269972,21901300
2021-05-06,240.17776489257812,240.30279705816986,235.3305525302408,237.02322683491766,26491100
2021-05-07,242.80332946777344,244.57294534817981,241.56266416863994,242.50517474133576,27032900
2021-05-10,237.7252960205078,242.1012603154502,237.66759338356374,241.2741549439333,29299900
2021-05-11,236.8116455078125,237.16750290744034,233.29165244697984,235.19591291269418,33641600
2021-05-12,229.85818481445312,235.03240304314005,228.96376461216937,232.90692968884187,36684400
2021-05-13,233.7340545654297,236.20575861501086,232.1856367881987,232.5511064111282,29624300
2021-05-14,238.658203125,239.64880422890522,236.09995985164096,236.18651381020268,23901100
2021-05-17,235.80178833007812,237.15785895170106,234.2052949545859,237.11939542012004,24970200
2021-05-18,233.78216552734375,236.98479442898022,233.60904291569756,236.85015003109484,20168000
2021-05-19,234.36050415039062,234.46654149415752,230.00336806420503,230.68777888477277,25739800
2021-05-20,237.5994415283203,239.01647932099823,235.07384355914962,235.17024649146305,21800700
2021-05-21,236.336669921875,239.3828205439802,235.92216962475908,238.65020818420544,21863100
2021-05-24,241.74452209472656,242.11083559355552,238.592334424491,238.86224498919998,21411500
2021-05-25,242.65066528320312,243.64355376177159,241.78309768160725,242.6988667519636,17704300
2021-05-26,242.428955078125,243.8267094116998,241.71561158716582,242.37110449046097,17771600
2021-05-27,240.32748413085938,242.41929836060615,240.2696482540312,242.12046985764556,24426200
2021-05-28,240.6841583251953,242.99769645582094,240.56848656682214,241.9566065033929,18270200
2021-06-01,238.48634338378906,242.2361887883552,238.062208634772,242.17835290026315,23213300
2021-06-02,238.389892578125,240.2889155202473,236.9824892647927,239.189989807818,19406700
2021-06-03,236.85720825195312,237.46449969103423,234.24484161220892,236.38485739131391,25307700
2021-06-04,241.75418090820312,242.58319621464275,238.5923585089971,238.83335115960136,25281100
2021-06-07,244.6653594970703,244.935270070548,240.80947735136266,240.97335057747247,23079200
2021-06-08,243.47007751464844,246.78613895017997,243.41222691926356,245.96675800268207,22455000
2021-06-09,244.4532928466797,246.32339810233208,244.0869940329192,244.6653675483943,17937600
2021-06-10,247.97174072265625,248.18381539117556,244.53037398172262,245.12803093353816,24563600
2021-06-11,248.598388671875,249.17674748933388,247.36447807983552,248.69476219608634,18999700
2021-06-14,250.52630615234375,250.58414202862005,247.54761143389015,248.60798486236368,19150500
2021-06-15,249.05140686035156,250.62268349864868,248.39591397383663,250.41060880971204,18038900
2021-06-16,248.10671997070312,251.19140777035565,245.2533609570407,250.0539296958221,27220000
2021-06-17,251.4999237060547,252.3193045998261,246.78612276850885,246.84395865107643,27565500
2021-06-18,250.08287048339844,252.84946123019992,249.42737757560815,250.27567635888798,37202200
2021-06-21,253.16763305664062,254.0255516938054,248.62733923556257,250.45887770661292,26696100
2021-06-22,255.9437713623047,256.21368187759316,252.9458083429552,253.2542859084391,24694100
2021-06-23,255.7124786376953,257.2162704682751,254.90274683800226,256.4065386685821,19518700
2021-06-24,257.0813293457031,258.1995388052665,255.90528400185622,256.5704260891659,21446900
2021-06-25,255.47142028808594,257.6210848324682,255.22080799279775,256.63784563239585,25611100
2021-06-28,259.0381774902344,259.21168513568006,256.3294224923796,256.59933308019987,19590000
2021-06-29,261.6216125488281,261.8626051966104,258.3248496012734,259.1827681299934,19937800
2021-06-30,261.1396789550781,261.58309727773445,259.8865287057241,260.9372533279171,21656500
2021-07-01,261.814453125,262.04579668374896,259.8865116872873,259.89613139020065,16725300
2021-07-02,267.64642333984375,267.9838189235368,262.6819807793661,262.990458422631,26458000
2021-07-06,267.6560974121094,269.30447900628104,264.41714069196416,268.0127618499895,31565600
2021-07-07,269.84429931640625,270.576926430487,267.16446206306597,269.3333960442315,23260000
2021-07-08,267.4247741699219,268.6875734789607,264.96663114555497,266.9234905603141,24618600
2021-07-09,267.9259948730469,268.0320175199491,265.40039657064716,265.7859789327302,23916700
2021-07-12,267.3282775878906,269.689987409994,266.61491948975805,269.10197958841474,18931700
2021-07-13,270.8564453125,272.6590654647847,267.3957947012604,267.52108615678264,26120100
2021-07-14,272.3313293457031,273.43988959398905,270.44192588774035,272.1770905276217,23113700
2021-07-15,270.90460205078125,272.33128884231087,269.74782579623917,271.83965452142417,22604200
2021-07-16,270.63470458984375,273.8640114899297,269.39117446883466,271.9071526477115,26186800
2021-07-19,267.02947998046875,270.26840676845325,264.5617178320867,268.88028688273266,32935600
2021-07-20,269.25628662109375,270.8468322958229,266.30653881179984,268.0127562566112,26259700
2021-07-21,271.2613220214844,271.3769937870509,267.29941696059126,268.85139551202195,24364300
2021-07-22,275.8305358886719,276.1004464547859,273.20853492440204,273.6133860645504,23384100
2021-07-23,279.2333068847656,279.5417550419891,276.1775079022582,277.01615740784973,22768100
2021-07-26,278.63568115234375,279.2526364370559,276.3125379693512,278.58749439112125,23176100
2021-07-27,276.21612548828125,279.14657473530417,272.7554747958883,279.00198503858365,33604100
2021-07-28,275.9076843261719,279.69608197123205,273.6037803210582,278.5778724720444,33566900
2021-07-29,276.17755126953125,278.22116404498746,275.7726707111648,275.9269095230165,18168300
2021-07-30,274.64483642578125,276.3317847869034,273.6808659337114,274.8954781674937,20944800
2021-08-02,274.5580749511719,276.43779970743464,273.5169703746794,276.0425682865481,16267400
2021-08-03,276.77520751953125,276.8812595727831,273.7676242417904,275.13647530693925,17879000
2021-08-04,276.18719482421875,277.2282700106873,274.3941944133545,275.90763514474173,16191300
2021-08-05,279.0887145996094,279.19476664668434,275.7919521287353,276.5438479043771,13900200
2021-08-06,279.0308837890625,279.06945084488444,277.2571816558268,278.1151294941113,16589300
2021-08-09,277.9416198730469,281.04560626695286,277.44036577008546,279.31047101835446,16117600
2021-08-10,276.1197509765625,278.82850610681834,274.9244368032252,278.3947075539528,18616600
2021-08-11,276.611328125,278.2597093320037,275.5605744628409,276.861940433862,13955900
2021-08-12,279.3682861328125,279.5225249418082,276.0233073464592,276.3028670263916,14561300
2021-08-13,282.2987976074219,282.34698437046103,278.87668430824215,279.05022137488925,18249000
2021-08-16,283.9857177734375,284.19779246209333,279.5707163690693,282.62651582587677,22507600
2021-08-17,282.5204772949219,282.8578728727567,280.592536185062,281.8553646766232,20075300
2021-08-18,280.79168701171875,284.741870784257,280.34739044485804,282.05690357195914,21813000
2021-08-19,286.625244140625,287.30132722573944,278.7731837114791,278.8214627285432,29850500
2021-08-20,293.9557800292969,295.3851984971532,287.8711502652428,289.4744085607878,40817600
2021-08-23,294.2358703613281,294.96023243975304,291.53159705828915,292.88373370980867,22830200
2021-08-24,292.27520751953125,295.2016285633885,291.6764063680512,294.5931598209611,18175800
2021-08-25,291.6860656738281,294.1778576953558,290.1504219493204,293.8977628351036,20006100
2021-08-26,288.86590576171875,292.0917276855508,288.7307068475188,290.7009502786529,17666100
2021-08-27,289.47430419921875,290.5849864415194,286.68308247202424,288.76924807528826,22605700
2021-08-30,293.21209716796875,293.82056600799575,290.7685836897302,290.82653029598345,16348100
2021-08-31,291.5605773925781,294.09101093165754,291.1935625480944,294.01375861015157,26285300
2021-09-01,291.5122985839844,294.7574564306761,291.1839246040024,292.5167557120523,18983800
2021-09-02,290.85546875,292.98991375623564,289.9186260953305,291.8695931866592,16285600
2021-09-03,290.8458251953125,292.25590820944143,289.9959024554989,290.70092922538174,14747900
2021-09-07,289.918701171875,290.7975974548307,288.00640395070184,290.7203451271997,17180400
2021-09-08,289.9475402832031,290.33386069130086,287.301214539658,289.532246581357,15046800
2021-09-09,287.0887756347656,291.8116295229271,286.8473216603041,290.5367454639233,19927000
2021-09-10,285.6014099121094,289.6675160495283,285.28270363564104,288.2187922077664,19633400
2021-09-13,286.837646484375,288.3346787710662,284.02711875904106,287.3785010149175,23652900
2021-09-14,289.5419921875,291.0873037106312,287.90976075970315,289.31984389266626,21853400
2021-09-15,294.3999938964844,294.88290182054226,291.5025463521372,292.8933235313727,28356300
2021-09-16,294.7863464355469,294.8732663344174,290.4788155367918,293.3762633965969,19550800
2021-09-17,289.6192321777344,294.0909648651454,289.2908582826248,293.77225856159816,41372500
2021-09-20,284.2395935058594,288.5085125411991,279.62299491142915,286.20019850680364,38278700
2021-09-21,284.7225341796875,287.3688899615911,284.0175073900998,285.58212453468485,22364100
2021-09-22,288.3733215332031,289.9572738836684,284.44247290611344,286.5865855546917,26626300
2021-09-23,289.31988525390625,290.6140753656662,287.3592796367398,288.63416403615827,18604600
2021-09-24,289.11700439453125,289.55160387819416,286.77971687639047,288.035295269375,14999000
2021-09-27,284.1141052246094,286.3354702312346,282.92614093577845,286.0167639204759,23571700
2021-09-28,273.8280944824219,280.8399268648963,273.0844269014528,279.89341673736834,43186200
2021-09-29,274.2917175292969,276.9670169803439,273.3355692133675,275.354120921642,26353700
2021-09-30,272.2828674316406,277.99081421651636,271.99310493878147,275.9432889541892,32343600
2021-10-01,279.2173767089844,280.06729939899645,271.6743570466697,272.475971258081,30086300
2021-10-04,273.4321594238281,277.91355990677107,270.66993975281525,277.5755184047133,31350700
2021-10-05,278.88897705078125,280.4728996202746,274.33996345673484,274.33996345673484,24993000
2021-10-06,283.0903015136719,283.5925446758009,275.7501238068665,276.01088350495075,28002600
2021-10-07,284.7708740234375,286.4996930408869,283.8726721525356,285.0895803576917,20430500
2021-10-08,284.7708740234375,286.4996930408869,283.7181380444717,286.09403732292327,17685700
2021-10-11,284.1719970703125,287.7841387766023,282.74257905730633,282.90678071411924,19298600
2021-10-12,282.8681335449219,285.3406196115918,282.3562523547369,285.2440321376334,17974100
2021-10-13,286.18096923828125,287.1178120440939,283.4573607338318,284.82883257895594,23416300
2021-10-14,292.40081787109375,292.90303162132216,287.64898979444206,288.98182069915055,27262900
2021-10-15,293.8109130859375,294.042728996893,290.24704925157357,292.0048416606726,25384800
2021-10-18,296.7856140136719,297.67414824934616,292.3428544122026,293.19277722849347,22729300
2021-10-19,297.6934814453125,298.7268821826882,296.7179978366252,297.80937465142074,17682100
2021-10-20,296.9015197753906,299.11324681480494,295.6459412075524,298.63997690086853,16537100
2021-10-21,300.136962890625,300.38805498571867,295.8873492891924,296.66968729600904,16918100
2021-10-22,298.5915832519531,300.4556004660169,297.2780585825127,299.7891852797486,17449300
2021-10-25,297.59686279296875,298.8234383950236,295.9839372451796,298.7847975055776,17554500
2021-10-26,299.5091552734375,301.72088194222226,298.05079330373104,300.36874557406037,28107300
2021-10-27,312.1227722167969,314.9526060458698,305.197858471987,305.197858471987,52588700
2021-10-28,313.262451171875,313.76466492226814,310.3746410526032,313.2431159866964,26297900
2021-10-29,320.2838439941406,320.65085872906553,312.8277445338759,313.04989278774104,34766000
2021-11-01,318.11083984375,320.1583652321911,315.2133915828915,320.03280442498834,27073200
2021-11-02,321.7422790527344,322.05134723722267,318.71927034838023,319.0186709413644,26487100
2021-11-03,322.5824890136719,323.45171737063305,319.3470000703094,322.48590153526277,21500100
2021-11-04,324.9391174316406,325.0357049205787,318.24602003675443,321.51048263206366,23992200
2021-11-05,324.57208251953125,327.20877048468907,322.98815980180524,326.9383432170597,22570100
2021-11-08,325.47027587890625,326.10771788078415,323.0074572358713,325.76967643631485,20897000
2021-11-09,324.4658508300781,327.141150158709,323.09437933646785,325.5861712932559,21307400
2021-11-10,319.491943359375,323.19103540377864,318.64204997839,323.1330887976744,25500900
2021-11-11,321.0662536621094,322.3604437580887,319.211903171357,319.92659768608763,16849800
2021-11-12,325.2095642089844,325.7021398000391,322.37973040709574,322.505291202805,23831000
2021-11-15,324.5817565917969,326.3298810128746,322.6114839029454,326.001507143793,16723000
2021-11-16,327.90423583984375,329.02458606061623,324.04097141278066,324.20514364528447,20886800
2021-11-17,328.1267395019531,331.0972263739965,327.04305127550737,327.95258165019357,19053400
2021-11-18,330.20703125,331.34880160200635,326.1915678093843,327.21720340062717,22463500
2021-11-19,331.9873352050781,333.91284514256006,331.10686080252884,331.53259961586156,21963400
2021-11-22,328.813720703125,338.33476348925745,328.542798641945,333.44845158059155,31031100
2021-11-23,326.7333679199219,328.4460084531874,322.7469313241808,326.12378600321955,30427600
2021-11-24,326.9559326171875,327.1978283357766,323.08560111976163,325.3787678074607,21661300
2021-11-26,318.9927062988281,326.9752647962539,317.48327941794133,323.5113311922407,24217200
2021-11-29,325.7174377441406,328.03963080841186,323.88869188174414,324.08222027388626,28563500
2021-11-30,319.8731994628906,326.8301222692539,318.32506105228794,324.44987681081915,42885600
2021-12-01,319.3797607421875,328.28153551508353,318.71215568609364,324.26607225872357,33337600
2021-12-02,318.80889892578125,322.6792307522383,317.17368136684007,319.59263875837576,30766000
2021-12-03,312.5389709472656,321.9148518795967,307.7203973367994,321.2278467405146,41779300
2021-12-06,315.6158752441406,316.83503917319246,308.8815063844426,313.44849895097053,30032600
2021-12-07,324.0628967285156,324.914344926329,319.39913979218665,320.88922581286494,31021900
2021-12-08,324.1112365722656,324.6240543144924,320.0764029941524,324.44021120612,24761000
2021-12-09,322.3018798828125,325.5819706607434,321.35363798124615,323.5694111588265,22214200
2021-12-10,331.4358825683594,331.88096247168323,323.9371144658651,324.12095759451194,38095700
2021-12-13,328.397705078125,332.6454091492274,328.088071392882,329.63621029080366,28899400
2021-12-14,317.6962585449219,323.7920503106181,313.60337105345275,322.4180691992505,44438700
2021-12-15,323.8015441894531,324.3240471146296,313.98058570405783,317.957336421835,35381100
2021-12-16,314.3676452636719,325.8431926062779,312.5485848783329,324.82721295108735,35034800
2021-12-17,313.3033142089844,314.3870318019432,306.9656583691775,310.47798883012587,47750300
2021-12-20,309.5394287109375,312.33572775319794,307.2752884173399,309.6748749533144,28326500
2021-12-21,316.68017578125,317.1059145659694,309.4329606924699,312.8098446680069,24740600
2021-12-22,322.398681640625,322.7953647032379,315.1901761611563,317.6575011087376,24831500
2021-12-23,323.8403625488281,325.4852654901964,321.94390810210103,321.96324913227005,19617800
2021-12-27,331.3487854003906,331.37781170708996,324.55633434986925,324.5853606565686,19947000
2021-12-28,330.1877136230469,332.6647238523587,329.2878684793036,332.0261155001983,15661500
2021-12-29,330.86492919921875,333.1387250117785,328.66849748500334,330.23597679664846,15042000
2021-12-30,328.3202209472656,332.0067092569597,327.8364295204996,330.82625699451927,15994500
2021-12-31,325.4175109863281,328.35894194960014,324.96274581009436,327.536520049174,18000800
2022-01-03,323.8983154296875,327.0429592688107,319.08942813149713,324.4788709671819,28865100
2022-01-04,318.344482421875,324.333823368685,315.54815346488107,323.9757928660076,32674300
2022-01-05,306.1238098144531,315.4996882476473,305.7367826521656,315.2964746266156,40054300
2022-01-06,303.7049560546875,308.3687131905766,301.39241851651343,302.9986098361541,39646100
2022-01-07,303.8597412109375,306.23998686939547,300.037776956861,303.9661611560191,32720000
2022-01-10,304.0822448730469,304.51766895717213,294.81281436875065,299.4572001340922,44289500
2022-01-11,304.76934814453125,306.34648385936345,299.8443535040799,303.22120921448055,29386800
2022-01-12,307.95263671875,312.92602760824207,306.80121056428135,309.3072765675064,34372200
2022-01-13,294.919189453125,310.4779355044873,294.145135119386,310.081223061755,45366000
2022-01-14,300.1442565917969,300.74415332363384,293.90333446831437,294.38712596538153,39846400
2022-01-18,292.8389892578125,299.7572018071977,291.95848518377585,294.2129701112616,42333200
2022-01-19,293.4969787597656,303.7340248434242,292.88742618970235,296.36104609400576,45933900
2022-01-20,291.8230285644531,301.54722556520954,291.37794866784134,299.0508745044083,35380700
2022-01-21,286.4335632324219,294.25162003175876,286.02716542406625,292.87766885666707,57984400
2022-01-24,286.7624816894531,287.4784834424357,267.1011940279381,282.7276783435672,85731500
2022-01-25,279.13800048828125,285.4272897689935,275.92564748178614,282.06977569492784,72848600
2022-01-26,287.0915832519531,298.4993966630095,283.53088440772297,298.00591981590645,90428900
2022-01-27,290.1200256347656,297.33818511520883,288.2719389279167,292.8486162403718,53481300
2022-01-28,298.2672119140625,298.48008140292904,284.90489004988825,290.4975198628774,49743700
2022-01-31,300.8990478515625,302.2536584875132,296.43847374197446,298.93485504735963,46444500
2022-02-01,298.7509460449219,300.56032158802805,295.2386149185201,300.3474521401161,40950400
2022-02-02,303.298583984375,304.90477544054625,298.86706647048936,299.59275378047863,36636000
2022-02-03,291.48443603515625,301.14092690312145,290.2362454519294,299.4573120730052,43730000
2022-02-04,296.0223083496094,298.78958120984197,290.24583738111943,290.478047823017,35096500
2022-02-07,291.194091796875,297.8607227658091,290.1781120131645,296.244875824076,28533300
2022-02-08,294.68701171875,295.6545945073007,290.2264692371071,291.48431505090974,32421200
2022-02-09,301.1214599609375,301.81812081600225,297.4253157990667,299.82490244451157,31284700
2022-02-10,292.5777587890625,299.09925890544037,290.9522263996024,294.18395014827564,45386200
2022-02-11,285.47564697265625,294.42578816713433,284.68222196376286,293.3614411464584,39175600
2022-02-14,285.4369812011719,287.13993670756025,281.9053092038322,284.24684349682684,36359500
2022-02-15,290.72967529296875,291.04896470161543,287.39150201566304,290.28459536542493,27058300
2022-02-16,290.3902282714844,291.71855279506,284.7472457825976,289.294594295298,29982100
2022-02-17,281.8870544433594,287.772404486028,281.17924775374655,287.34578532918516,32461600
2022-02-18,279.1722412109375,284.9218657300005,277.60152027487555,284.13650526196955,34264000
2022-02-22,278.9686279296875,282.6724448259665,275.8465671808332,276.331359038796,41736100
2022-02-23,271.7451477050781,282.8275092232798,271.580335085681,281.35372341593103,37811200
2022-02-24,285.629638671875,286.1823084436964,263.2613371745761,264.2212450912512,56989700
2022-02-25,288.26690673828125,288.57718060139933,282.7790598404249,286.16292683070213,32546700
2022-02-28,289.701904296875,290.04126448899723,284.0880067320678,285.35815893426843,34627500
2022-03-01,285.9787292480469,290.84602885663736,283.2638770860494,287.3846078844976,31217800
2022-03-02,291.059326171875,292.3003920940344,284.7667375809277,286.37622044505133,31873000
2022-03-03,286.919189453125,293.90987886372875,285.10604328173724,293.6771882703284,27314500
2022-03-04,281.0434875488281,286.667090171543,278.43533489207505,285.3387653764105,32356500
2022-03-07,270.42657470703125,280.8786850901457,270.0581281920922,279.75396452482715,43157200
2022-03-08,267.45965576171875,275.32296496007893,261.78758549153326,269.35032612555074,48159500
2022-03-09,279.7248229980469,280.7913707020423,272.2396376427405,274.81873314900633,35204500
2022-03-10,276.9033508300781,277.8826396429179,272.04572798060116,274.4115141100971,30628000
2022-03-11,271.5512390136719,280.7041089826737,270.9306914140536,279.201236908851,27209300
2022-03-14,268.0317687988281,276.7192320346744,267.43063153056454,271.81313999383417,30660700
2022-03-15,278.4158935546875,279.0655275130415,270.2520171295623,271.8227376508679,34245100
2022-03-16,285.435791015625,285.6103089993616,274.58614585308817,280.3163601112209,37826300
2022-03-17,286.2404479980469,286.61857018444255,280.5683784873846,284.3691589056267,30816600
2022-03-18,291.2919921875,291.8446619377946,283.8262162636274,286.3859015665902,43390600
2022-03-21,290.0606994628906,291.0109022597081,285.9302629165281,289.79892248336694,28351200
2022-03-22,294.8116149902344,295.7230260277627,289.6825089750966,290.6811789941739,27599700
2022-03-23,290.380615234375,294.0068784229763,288.66446272341494,291.36960955369653,25715400
2022-03-24,294.8503723144531,294.9473365902291,289.2461804109756,290.04124604725905,24484500
2022-03-25,294.443115234375,296.20776433611707,290.18665898274526,295.9459874387846,22566500
2022-03-28,301.2496337890625,301.346568476762,295.0733614546366,295.0733614546366,29578200
2022-03-29,305.81634521484375,306.2138780134715,299.6497785681732,304.36196991762364,30393400
2022-03-30,304.3135070800781,306.3399629265181,302.10285756421536,304.21657238754335,28163600
2022-03-31,298.932373046875,305.5546468387902,298.5251644290348,304.35234283001967,33422100
2022-04-01,300.008544921875,300.6969409340958,296.2465561407123,299.9600479924089,27110500
2022-04-04,305.3897399902344,305.52546630436024,300.28972091399,300.6581674070127,24289600
2022-04-05,301.4241027832031,305.29273121739135,300.4448140459923,303.741391804676,23156700
2022-04-06,290.3902282714844,297.66210377077033,287.68508230073564,295.9071601840896,40110400
2022-04-07,292.2034606933594,294.4141105406613,287.33616074245623,287.6367293488046,31411200
2022-04-08,287.9372253417969,291.9609911189032,287.26821033138873,291.3016814124939,24361900
2022-04-11,276.58343505859375,283.7098510494845,276.3313338468451,282.9148149628091,34569300
2022-04-12,273.480712890625,281.8966903613932,271.95845973176773,280.44231514730166,30966700
2022-04-13,278.8716125488281,279.80240446057144,272.74383748539003,274.130364433045,21907200
2022-04-14,271.31866455078125,279.54074712445254,270.82419685550815,279.32743747121674,28221600
2022-04-18,271.987548828125,273.8685431580262,269.8738639301832,270.42653361861943,20778000
2022-04-19,276.6221923828125,277.4657549794319,269.94177668947515,270.8822739757197,22297700
2022-04-20,277.6499938964844,280.8884297236705,276.69011543373637,280.59753683935253,22906700
2022-04-21,272.26873779296875,284.37882612930093,271.5415501745788,279.80239086732644,29454600
2022-04-22,265.6949462890625,274.58603936648194,265.06472297707495,273.11225361487504,29405800
2022-04-25,272.1815490722656,272.5596713449549,262.5341790094944,264.97754897503074,35678900
2022-04-26,262.0009460449219,269.89334310450863,261.78763641686004,269.05951520621727,46518400
2022-04-27,274.6054992675781,282.1197730129034,270.6689917758845,273.5195702477104,63477700
2022-04-28,280.82049560546875,282.129439349792,272.898984777169,276.515542164648,33646600
2022-04-29,269.07879638671875,281.062863571246,268.0898318904965,279.8314736159821,37073900
2022-05-02,275.81744384765625,276.27314931657503,267.8183792644711,269.2630493387839,35151100
2022-05-03,273.209228515625,275.4877555840114,271.6288027279923,275.32291337509014,25978600
2022-05-04,281.1598205566406,282.03243974710455,268.3128397950904,273.99458463090093,33599300
2022-05-05,268.9140930175781,277.6403478720846,265.99563609208957,276.8549873023271,43260400
2022-05-06,266.37371826171875,270.7562255668046,263.0189376361337,266.4512719319163,37780300
2022-05-09,256.532470703125,264.0758315399629,255.31081522674663,261.8458006190257,47726000
2022-05-10,261.3027648925781,265.42349495118094,257.00751689764115,263.42615521933493,39336400
2022-05-11,252.62501525878906,263.1062124421762,251.41303566228873,257.5989842571217,48975900
2022-05-12,247.58319091796875,251.9754036684089,242.41530828868,249.8520131079963,51033800
2022-05-13,253.17770385742188,255.03931767520342,247.58321627668954,249.52238377509423,34925100
2022-05-16,253.54615783691406,257.7347668574991,248.0001374455881,252.05299053442474,32550900
2022-05-17,258.704345703125,260.1683970586015,254.47694512701054,258.015919929837,28828800
2022-05-18,246.9255828857422,256.1775215944614,245.65247241501044,255.59441054369825,31356000
2022-05-19,246.01202392578125,250.41448076629942,244.78750863973613,246.75061832907582,32692300
2022-05-20,245.44839477539062,251.26002017736235,239.50072692589913,249.99660787697098,39199300
2022-05-23,253.31060791015625,254.13667953053155,246.29390757961752,248.2959145287571,33175400
2022-05-24,252.3096160888672,253.97145760978415,246.3619477754681,250.62834840486417,29043900
2022-05-25,255.12791442871094,257.12990628779517,249.88970222522656,250.87127199454082,28547900
2022-05-26,258.4127502441406,259.5886706159191,254.0686158494394,254.88495947054466,25002100
2022-05-27,265.5460205078125,265.6432106108874,260.0259666889206,260.9200741156522,26910800
2022-05-31,264.214599609375,267.03293462239833,261.35738262383785,264.8560186937053,37827700
2022-06-01,264.7491760253906,269.8707720178327,262.4361876229135,267.4508952453175,25292200
2022-06-02,266.8482666015625,266.9163026348889,254.2337809944825,257.0035356223452,44008200
2022-06-03,262.41668701171875,265.7501266065524,260.85203609962264,262.69852941102215,28059000
2022-06-06,261.1824645996094,266.459558068701,259.69554794096325,264.39925834908735,22400300
2022-06-07,264.8269348144531,265.439199996227,258.45165391231484,259.13195514945534,22860700
2022-06-08,262.7958068847656,265.3128741834113,262.0183154658259,264.0591896604282,17372300
2022-06-09,257.33404541015625,265.03101725984766,257.17854713483496,260.23984343092275,26439700
2022-06-10,245.8662567138672,253.2425174195424,245.4192029712448,253.2425174195424,31422800
2022-06-13,235.43841552734375,242.00807632258994,234.728975085956,238.20817089954593,46135800
2022-06-14,237.6056365966797,238.8204389978934,234.70953699521195,236.99337144114608,28651500
2022-06-15,244.67091369628906,248.11124235881286,239.4812814606915,241.31806207572347,33111700
2022-06-16,238.07208251953125,240.4530919195721,236.17699401048355,239.05363738085111,33169200
2022-06-17,240.67665100097656,243.4464064672868,237.1585879163122,237.80972023794652,43084800
2022-06-21,246.59518432617188,247.57673936751254,242.48428215744224,243.21316362761155,29928300
2022-06-22,246.00233459472656,249.92858401068787,243.32004157236312,244.7972453506843,25939900
2022-06-23,251.57098388671875,252.06663275402386,246.4882696524393,248.37364534024357,25861400
2022-06-24,260.1620788574219,260.43419339301283,254.35045383369882,254.43791604246806,33923200
2022-06-27,257.4311828613281,260.7451372256975,255.86650217614465,260.65767502465104,24615100
2022-06-28,249.25804138183594,259.39434610201437,249.1025431062474,256.54685622231653,27295500
2022-06-29,252.9315643310547,254.59340555712373,248.558261264079,250.33673359363198,20069800
2022-06-30,249.59812927246094,252.22211413062385,245.77879792014835,249.81193566577983,31730900
2022-07-01,252.2706756591797,252.4553279696424,247.44063566578578,249.17052767325666,22837700
2022-07-05,255.44862365722656,255.57496783684243,247.56698604768548,248.94699962740748,22941000
2022-07-06,258.71405029296875,260.443927865149,255.0113346488174,256.3233272793408,23824400
2022-07-07,260.8423767089844,261.4837959629939,257.55754613160065,257.65473625946805,20859900
2022-07-08,260.1231689453125,260.55078169221645,255.87622520098918,257.3339878404552,19658800
2022-07-11,257.0619201660156,259.0250302011665,254.79751184488788,258.1698045515523,19455200
2022-07-12,246.52711486816406,258.45161825659886,244.94300794231012,258.39331011954675,35868500
2022-07-13,245.6038818359375,246.41051237825036,241.12369016254638,243.14512305849968,29497400
2022-07-14,246.9255828857422,247.95573289017767,239.01479069630014,243.51442327742907,25102800
2022-07-15,249.49122619628906,253.0384428078221,247.59613766644088,248.51938440363574,29774100
2022-07-18,247.09080505371094,253.4952396670065,246.16755820714366,252.4359355465149,20975000
2022-07-19,252.22207641601562,252.40672871255555,246.53679651228538,250.32697322868717,25012600
2022-07-20,254.88497924804688,257.41177426653763,251.61960451025288,252.58171855652026,22788300
2022-07-21,257.38262939453125,257.4312392890504,249.79254581579903,252.47483920219835,22404700
2022-07-22,253.0287628173828,257.85881862790734,251.7751080213908,257.77135640899604,21881300
2022-07-25,251.5417938232422,254.13662441470044,249.57868411276664,253.65070352671822,21056000
2022-07-26,244.8069610595703,252.56226985718692,242.5425825526762,252.5428140385053,39348000
2022-07-27,261.17279052734375,262.4459010817631,251.56128927114813,253.80624175463643,45994000
2022-07-28,268.62689208984375,270.0166192455799,260.32735182918293,262.15441981548133,33459300
2022-07-29,272.8348693847656,274.05939959701226,268.84061364788005,269.88049153738285,32152800
2022-08-01,270.1817626953125,273.3596748735574,268.0728528273835,269.9971103708195,21539600
2022-08-02,267.0816345214844,270.06519667959884,264.7103375892404,268.2284010019875,22754200
2022-08-03,274.51617431640625,275.5171702565812,268.8211655336045,268.96696554077175,23518900
2022-08-04,275.66290283203125,275.8086731609637,272.2809125677745,273.864989686515,18098700
2022-08-05,274.94378662109375,275.6629401132576,270.83288483969574,271.2896517042955,16774600
2022-08-08,272.4266662597656,277.8689855875138,271.4548245818911,276.0516167369548,18739200
2022-08-09,274.3509521484375,275.1089876320651,269.7930113371827,271.765878834773,23405200
2022-08-10,281.0177917480469,281.6494830162943,278.8603016635988,280.05567781115093,24687800
2022-08-11,278.93804931640625,283.0100692187593,278.44243011883435,282.6602203734145,20065900
2022-08-12,283.6904296875,283.6904296875,278.86037328600474,280.3570184175536,22619700
2022-08-15,285.2064514160156,285.89645087966176,281.9410471199956,282.8060006707274,18085700
2022-08-16,284.46783447265625,285.7604008093183,282.24233787382076,283.76810711776506,18102900
2022-08-17,283.71795654296875,285.69498211953976,281.91622669920514,282.17917029841624,18253400
2022-08-18,282.5979309082031,284.2925155216381,281.53634866422476,282.61739830194875,17186200
2022-08-19,278.6828308105469,281.7019413989966,278.1082305899692,281.3610688013757,20570000
2022-08-22,270.50201416015625,275.0890966994029,269.9858458890411,274.71900818026165,25061100
2022-08-23,269.2262268066406,271.58305961695726,268.2133575622362,269.2262268066406,17527400
2022-08-24,268.59320068359375,269.9956259083875,267.9309228621196,268.2231121213267,18137000
2022-08-25,271.5733337402344,271.7388808966969,267.35630971117797,270.09297956266056,16583400
2022-08-26,261.0941162109375,273.02444918596143,260.98700095652805,271.79731971202773,27549300
2022-08-29,258.30877685546875,260.4221335952859,256.96478349661675,258.9125930668451,20338500
2022-08-30,256.1076965332031,260.08121426548763,253.8579792613374,259.711155479428,22767100
2022-08-31,254.6468505859375,260.1396573690213,254.51048966845536,258.4645698996899,24791800
2022-09-01,253.60482788085938,254.08206148827077,248.74505198156,252.1147545852519,23263400
2022-09-02,249.37803649902344,257.831522209211,247.8295315839085,254.8708733039259,22855400
2022-09-06,246.641357421875,251.10182772851883,245.36554468319423,249.51438808388207,21328200
2022-09-07,251.3551025390625,252.07578262693278,246.6121906113843,248.05356564773376,24126700
2022-09-08,251.77383422851562,253.63399578598168,248.14117383130036,250.79021068457934,20319900
2022-09-09,257.5588073730469,258.30873295170056,253.4976417532625,253.7021534014361,22084700
2022-09-12,259.69171142578125,260.47085310586147,258.24060277088006,258.8444189971821,18747700
2022-09-13,245.41424560546875,253.60477266828747,245.02467481719648,252.08548374554073,33353300
2022-09-14,245.6382598876953,247.5958031065258,243.3398440584392,246.9140727462819,23913000
2022-09-15,238.9767303466797,244.83962570319943,237.65221941398767,243.252171211811,31530900
2022-09-16,238.35345458984375,238.89883887380557,235.7433821243887,237.8859696087846,39791800
2022-09-19,238.13919067382812,238.74300685593585,234.5649620689847,236.14268298899873,26826900
2022-09-20,236.12319946289062,237.1555361018201,233.38652954179466,235.75312576969003,26660300
2022-09-21,232.7145233154297,241.1972397263064,232.66582510868037,237.89570341294743,28625600
2022-09-22,234.69154357910156,237.49639378843938,231.37053994331876,231.6626994562865,31061200
2022-09-23,231.71141052246094,234.83765123018225,229.0623884800835,233.28913142247737,34176000
2022-09-26,231.2537078857422,235.1493273569212,230.7180572363333,230.86415188286787,27694200
2022-09-27,230.2407989501953,235.49014435263194,228.38063752576426,233.71763077904288,27018700
2022-09-28,234.77920532226562,236.00631985347113,228.60463843638797,230.6303619280171,29029700
2022-09-29,231.3023681640625,233.68843172668625,228.29300618270508,232.65609511384054,27484200
2022-09-30,226.82240295410156,234.26303440769513,226.65684093525877,232.0717487914595,35694800
2022-10-03,234.45782470703125,235.30511704742838,228.53648230029808,229.2669108311526,28880400
2022-10-04,242.38540649414062,243.82678128918718,238.58716924773375,238.69429935915923,34888400
2022-10-05,242.6970672607422,244.04106060731377,237.73016181840845,239.57084125103117,20347100
2022-10-06,240.34991455078125,243.80727892274643,239.6584505927513,241.46016522278586,20239900
2022-10-07,228.12747192382812,235.0227198791639,227.0853866263142,234.6136667746723,37769600
2022-10-10,223.26766967773438,228.43910165549525,220.8134254836655,226.9685107950048,29743600
2022-10-11,219.52786254882812,223.08260876857707,218.26178346350437,221.68018361933272,30474000
2022-10-12,219.85899353027344,221.91393311184666,218.1157105964302,219.5181209293946,21903900
2022-10-13,228.12747192382812,229.93893549565877,213.41176940004382,214.11298206401753,42551800
2022-10-14,222.5956573486328,231.04915792889818,222.38139712434594,229.39350803929838,30198600
2022-10-17,231.33157348632812,232.72426488237133,229.00394193544997,229.66620483401337,28142300
2022-10-18,232.2762451171875,237.56453991695395,229.2279189898158,236.89255823159834,26329600
2022-10-19,230.30897521972656,233.35730163218065,228.17612158677025,230.854359464379,19985700
2022-10-20,229.98756408691406,235.01291536195282,228.74096739458574,229.61749044615098,21811000
2022-10-21,235.8018035888672,236.65884448891248,228.3806544553497,228.61439693552748,26299700
2022-10-24,240.79795837402344,241.37255863130235,235.0032278685901,237.39902532056323,24911200
2022-10-25,244.1189422607422,244.48901592120419,239.4149810348262,240.80765754624483,34775500
2022-10-26,225.2836456298828,232.0814963742718,224.05651617915876,225.13755100638363,82543200
2022-10-27,220.83290100097656,227.59180231118427,219.888212209169,225.01094581972592,40424600
2022-10-28,229.71487426757812,230.4258353283735,220.15113878058648,220.33618303310567,40647700
2022-10-31,226.072509765625,228.78969742408265,225.1180724304389,227.65996437056043,28357300
2022-11-01,222.21583557128906,229.5883013482599,221.3977591826353,228.47805057491365,30592300
2022-11-02,214.35646057128906,225.26419177373762,214.29801379815703,223.47221044017567,38407000
2022-11-03,208.65907287597656,214.65832913291175,208.39611445747363,214.34667250941115,36633900
2022-11-04,215.6127471923828,215.80752514784365,207.860459735956,211.87295694935526,36789100
2022-11-07,221.92367553710938,222.44959243568516,215.5056466591579,216.1971255856238,33498000
2022-11-08,222.89756774902344,225.6050216725194,219.94663764635982,222.73200573046222,28192500
2022-11-09,218.65130615234375,222.66380302156912,218.4760104656467,221.43667377227317,27852900
2022-11-10,236.63938903808594,236.9802616693803,228.8676327342918,229.2864046738626,46268000
2022-11-11,240.6615753173828,241.51861615288743,235.61674157285157,236.64909297043917,34620200
2022-11-14,235.2466583251953,237.54507376802877,232.9677251352669,235.67517872547688,31123300
2022-11-15,235.65574645996094,240.55448643205662,233.76636876372848,239.24945756208854,31390100
2022-11-16,236.08543395996094,238.10710518850516,234.80602574594815,237.12067984603283,24093300
2022-11-17,236.03659057617188,237.5699370972691,232.0811729185345,232.22766434937833,23123500
2022-11-18,235.58734130859375,238.0485016751928,233.44847699378025,237.82386161024547,27613500
2022-11-21,236.39796447753906,238.95678085777178,235.55804548901057,235.79243178186513,26394700
2022-11-22,239.30836486816406,239.58182546634563,235.0892478515877,237.9019875618103,19665700
2022-11-23,241.798828125,242.48247963370116,238.5661214247604,239.38650323520181,19508500
2022-11-25,241.71095275878906,242.89269012573502,240.9686897159274,241.53514812666896,9200800
2022-11-28,236.11474609375,240.89056091224674,235.17717104486601,240.33387852118813,24778200
2022-11-29,234.71812438964844,237.1206732847148,232.64763267479685,235.76313137502686,17956300
2022-11-30,249.18231201171875,249.36787777071672,234.2591112887046,234.95253887719915,47594200
2022-12-01,248.74281311035156,250.13941445901602,245.06084106912186,247.9419535295198,26041500
2022-12-02,249.06512451171875,250.08083329127504,243.8595816230871,243.98655080896413,21528500
2022-12-05,244.357666015625,247.89314681984325,242.26763698881598,246.12539896649085,23435300
2022-12-06,239.3962860107422,245.97890805258777,238.08757944681767,244.96319927673994,22463700
2022-12-07,238.6637725830078,240.4119830868465,236.5542215277534,239.11303779534455,20481500
2022-12-08,241.62306213378906,242.93178369107417,237.38440719975003,239.12284198656764,22611800
2022-12-09,239.6892852783203,242.51180134599122,238.4587124437862,238.98609654359035,20609700
2022-12-12,246.61370849609375,246.6430067827901,241.39840482934278,241.6718654401659,30665100
2022-12-13,250.92076110839844,257.75730647644866,247.16065519497627,255.57936772226543,42196900
2022-12-14,251.21376037597656,256.45836289594854,248.37170703954448,251.125865506393,35410900
2022-12-15,243.19544982910156,248.26426235147312,241.564447199208,247.7954748351082,35560400
2022-12-16,238.97630310058594,244.00604068729888,237.82384925686793,242.74616973438398,86102000
2022-12-19,234.83534240722656,239.48420303255193,233.13598200938617,239.14236978569437,29696400
2022-12-20,236.15380859375,237.23788993522047,232.85272912283375,233.8098412838887,25150800
2022-12-21,238.72239685058594,239.8846119779552,234.50327934808365,236.04638713125163,23690600
2022-12-22,232.62811279296875,236.3393833310989,228.408980416361,235.6264185705002,28651700
2022-12-23,233.15550231933594,233.2922326364392,228.47735834613724,230.5966857124809,21207000
2022-12-27,231.4268341064453,233.35081959548367,230.32321558372178,233.1261944200352,16688600
2022-12-28,229.05357360839844,234.12238618004355,228.7019792420853,231.35846669812094,17457100
2022-12-29,235.3822479248047,236.27100238515564,230.14740695846007,230.14740695846007,19770700
2022-12-30,234.2200469970703,234.35677730572505,231.13383157030836,232.64764099629804,21938500
2023-01-03,233.9856414794922,240.011565882423,231.85653825258547,237.40391403529475,25740000
2023-01-04,223.7503662109375,227.43232343462765,220.6836879280111,226.85610390975128,50623400
2023-01-05,217.11888122558594,222.23652839748988,216.58172118519306,221.89469521656235,39585600
2023-01-06,219.67770385742188,220.48832450553778,214.22801427548404,217.792777999231,43613600
2023-01-09,221.81658935546875,225.8403946978241,221.12317668189198,221.1622360976978,27369800
2023-01-10,223.50624084472656,225.9087902350288,222.0217294532259,222.44168157903513,27033900
2023-01-11,230.26461791992188,230.44040764705468,225.71342844154773,225.88921816868051,28669300
2023-01-12,232.94061279296875,234.2981546866577,228.10620187098192,229.7665026549743,27269500
2023-01-13,233.64381408691406,233.78054439645499,229.4344578762405,231.46589026262427,21333300
2023-01-17,234.73765563964844,235.28457684093857,231.5537695139473,232.41322563168038,29831300
2023-01-18,230.30369567871094,236.72028947485737,230.0204739060556,235.92920583478175,30028700
2023-01-19,226.51429748535156,230.02048030114173,225.2934856852473,228.321104910501,28623000
2023-01-20,234.61068725585938,235.11854904554423,229.03401340452106,229.37584660771927,35389800
2023-01-23,236.9156036376953,239.4451219045726,234.05401326238723,235.4701667569778,31934000
2023-01-24,236.38819885253906,238.2536026618758,234.82556885560982,236.83746410442902,40234400
2023-01-25,234.99160766601562,237.6187968797975,225.50833563928637,229.00474220423706,66526600
2023-01-26,242.2090606689453,242.51181961038344,236.34916403985792,237.96062965186184,33454500
2023-01-27,242.3653106689453,243.99631332473226,241.0663652215849,243.1759314324478,26498900
2023-01-30,237.04258728027344,239.86510350791414,236.544486538492,238.80054431424622,25867400
2023-01-31,242.02346801757812,242.16019832764178,237.2769516789598,237.765276343828,26541100
2023-02-01,246.84811401367188,249.22136469253888,239.7381082028261,242.20902977404796,31259900
2023-02-02,258.42144775390625,258.5093426268986,251.2430684097747,252.7764151835844,39940400
2023-02-03,252.31736755371094,258.03077225795073,251.09655585643634,253.47958267391422,29077300
2023-02-06,250.7742462158203,252.26851854905965,248.83072352097895,251.42861440323966,22518000
2023-02-07,261.3123474121094,262.4940850050237,254.00699815459296,254.44650236769075,50841400
2023-02-08,260.5016784667969,270.2974697516429,259.9938017557166,266.82060062873455,54686000
2023-02-09,257.46429443359375,267.58239710210876,256.6634348210044,267.4065775689988,42375100
2023-02-10,256.9564208984375,257.9232941080463,254.57339436942814,255.4230744390807,25818500
2023-02-13,264.98455810546875,268.18796737738376,260.9119164439136,261.3904949818525,44630900
2023-02-14,265.8146667480469,268.5492730065141,262.9921358196889,266.3029914231284,37047900
2023-02-15,263.6900329589844,265.07056133423544,260.6156584468026,262.71093736345534,28922400
2023-02-16,256.669921875,261.1639673790336,256.42514795944504,258.50082598261054,29603600
2023-02-17,252.6653289794922,254.65289122955596,250.64839506581632,253.96754245206813,30000100
2023-02-21,247.3880615234375,250.14911804172624,246.33063657642128,249.16022201193073,28397400
2023-02-22,246.25233459472656,249.02317699870756,245.10679450937417,248.7784030931242,22491100
2023-02-23,249.44418334960938,251.47090341728688,245.24385497458428,250.21766227886485,29219100
2023-02-24,244.0102081298828,245.75299711343044,242.91362583186992,244.73474425667752,24990900
2023-02-27,244.93055725097656,247.53495511519347,244.17664946084787,247.18248010394746,21190000
2023-02-28,244.20603942871094,246.23277463016612,243.5304610282259,243.86336490920795,22491000
2023-03-01,241.12184143066406,245.68441488809174,240.6518648564876,245.51797045383339,27565300
2023-03-02,245.86068725585938,246.14461839541934,240.47566166300976,241.3960138819759,24808200
2023-03-03,249.9532928466797,250.27639616638209,246.1348262316736,246.91810564854498,30760100
2023-03-06,251.5002899169922,254.68235071727105,250.62889540312375,251.06948544904577,24109800
2023-03-07,248.83714294433594,252.30314976499983,248.09303566014898,250.94219252685468,21473200
2023-03-08,248.3965606689453,249.2189974202911,245.56697486934252,248.7294496007071,17340200
2023-03-09,247.04541015625,254.1340527730051,246.32087403041797,250.47224477280037,26653400
2023-03-10,243.3933563232422,247.50555459686285,242.4240613016346,245.8313095923703,28333900
2023-03-13,248.61192321777344,252.51851957276,240.59312882269185,242.2282164863087,33339700
2023-03-14,255.33831787109375,255.61246340953107,250.51136939968598,251.38276377682135,33620300
2023-03-15,259.8910827636719,260.90935033576807,253.7913077260952,254.545230299502,46028000
2023-03-16,270.4262390136719,270.7786991165704,257.7763096695362,259.665957162543,54768800
2023-03-17,273.5886535644531,277.4071201106938,270.54368084412533,272.44312854039293,69527400
2023-03-20,266.5391540527344,271.67940495199,264.2089021976658,271.189857247299,43466600
2023-03-21,268.0567932128906,269.2512910447104,263.8858363792266,269.1338043529948,34558700
2023-03-22,266.5978698730469,275.1649538209851,266.4901538517288,267.6846513230832,34873300
2023-03-23,271.85565185546875,275.1845704783979,269.4470853649454,272.1297973919541,36610900
2023-03-24,274.7048645019531,274.76360784861777,269.52544032042374,271.44445936393123,28172000
2023-03-27,270.6023864746094,275.5761778684438,269.7603489086351,274.6362546679593,26840200
2023-03-28,269.4764709472656,270.3674514567512,266.3629244825979,270.02476204854537,21878600
2023-03-29,274.6460876464844,275.26292259083164,272.58998112520123,273.12847169713626,25087000
2023-03-30,278.11212158203125,278.513554404513,275.5958683420122,278.2883815165173,25053400
2023-03-31,282.27325439453125,283.22297833808955,277.0840595769203,277.7988101339081,32766000
2023-04-03,281.2256164550781,282.243854280698,278.01418435050056,280.5304371238125,24883300
2023-04-04,281.1766052246094,284.37826625345787,279.6981915128131,281.22557792158455,25824300
2023-04-05,278.3960266113281,281.14728273137956,277.00572765537777,279.87447046132644,22064800
2023-04-06,285.5042724609375,285.9742192087345,276.1343207416053,277.2896463361067,29770300
2023-04-10,283.3404846191406,283.54608632492165,278.758294590068,283.16422470598815,23103000
2023-04-11,276.9176330566406,280.0018085197326,275.7525366234654,279.77660574444366,27276600
2023-04-12,277.5637512207031,281.01018622412647,276.06573642239,278.83659319523866,27403400
2023-04-13,283.7810363769531,283.8397797166335,277.2504861189615,277.6616894967238,24222700
2023-04-14,280.1583251953125,282.4494044621954,277.7595299150604,281.0003327561294,20987900
2023-04-17,282.7627868652344,285.5042723715686,280.17799011428394,283.86916963303577,23836200
2023-04-18,282.3418273925781,285.6609762185109,281.0102715584448,285.47494564173786,20161800
2023-04-19,282.42010498046875,283.00753836856154,278.591838043408,280.01150857079625,17150300
2023-04-20,280.12896728515625,282.9879389668503,279.12050023010096,279.2869595931928,23244400
2023-04-21,279.7863464355469,280.28566483452795,277.14277656950355,279.0520247927153,21676400
2023-04-24,275.8797302246094,278.9932766450886,272.8935008803915,276.19304795792937,26611000
2023-04-25,269.6625061035156,275.7133093545648,269.6135333988626,273.6670032666064,45772200
2023-04-26,289.1954345703125,293.30764764371935,286.61063797416637,290.49764832472823,64599200
2023-04-27,298.4576721191406,298.81996255788124,289.0779502504288,289.7829002150644,46462600
2023-04-28,300.8368835449219,302.47195624653347,296.96944448822813,297.6548232687838,36469600
2023-05-01,299.1724548339844,302.14891388087307,298.7710220447965,300.5529832417884,21294100
2023-05-02,299.0255432128906,302.71672228103625,297.5569000465208,301.3264234827943,26404400
2023-05-03,298.0366516113281,302.1586351255935,297.7331344095427,300.2102447245278,22360800
2023-05-04,299.0255432128906,301.3264234827943,297.05755180847615,299.8381792845817,22519900
2023-05-05,304.156005859375,305.44841906822023,297.9093718962461,299.32907229863827,28197100
2023-05-08,302.1978759765625,303.71549220994933,299.69139342347466,303.6469483411657,21318600
2023-05-09,300.58233642578125,303.5587952895824,299.90675810012203,301.5614319841714,21340800
2023-05-10,305.7813415527344,306.4569199007131,301.23835354911984,302.16847643254437,30078000
2023-05-11,303.6273193359375,304.6162154441753,299.8578252148701,303.61754869817486,31680200
2023-05-12,302.5111999511719,304.15607355783874,300.1907479204044,304.058158011807,19774700
2023-05-15,302.9908752441406,303.4216796405487,301.15997149921776,302.63841521778266,16336500
2023-05-16,305.2232360839844,307.15205550564514,303.35316000473966,303.35316000473966,26730300
2023-05-17,308.1081237792969,308.5300480995956,304.9092846315615,306.4302184961671,24315000
2023-05-18,312.54327392578125,313.0535358007283,307.8333531943893,308.62815194349986,27276000
2023-05-19,312.3666076660156,312.7689179460215,310.43357190083395,310.7966243634161,27546700
2023-05-22,315.1533203125,316.5368664420845,312.04281946483945,312.6217450177961,24115700
2023-05-23,309.3444519042969,316.664463629214,309.33462996251853,314.0249365560636,30797200
2023-05-24,307.9608459472656,310.56111469426463,306.74409325541546,308.8243381979533,23384900
2023-05-25,319.8044128417969,320.76600484441417,313.99548322633484,317.1746779116198,43301700
2023-05-26,326.6436462402344,327.14405620676587,317.8027008438637,317.9400583040085,36630600
2023-05-30,324.9951171875,329.44011438601143,324.318062056043,328.93970446554357,29503100
2023-05-31,322.22808837890625,329.636407832276,321.18795072131485,326.0549025994876,45950600
2023-06-01,326.33941650390625,327.27160256990936,318.626916843916,319.81420387671255,26773900
2023-06-02,329.10650634765625,331.16710767327845,326.30997811609336,327.9780910808691,25873800
2023-06-05,329.6363830566406,332.20721626429463,328.38040233133853,328.9298920270993,21307100
2023-06-06,327.4187927246094,329.07708381551254,325.9371468564524,329.03782599435294,20396200
2023-06-07,317.3120422363281,328.21355775333575,316.44854992905215,325.4268516357255,40717100
2023-06-08,319.1567687988281,320.51087900635844,317.28260481035625,317.8615303442391,23277700
2023-06-09,320.6581115722656,323.79804871469764,318.32276516845866,318.8918688562613,22529000
2023-06-12,325.6231384277344,325.8684474019989,319.05866788081994,322.4144778795906,24260300
2023-06-13,328.0173645019531,330.65689152573293,324.1905503980353,328.19397978099306,22951300
2023-06-14,331.01019287109375,332.6783062719399,326.5651943950193,328.06648447780077,26003800
2023-06-15,341.5682678222656,343.27560893103424,330.8728010908221,331.1475459812555,38899100
2023-06-16,335.906494140625,344.87500521875836,335.53364962832507,344.7278258132524,46552000
2023-06-20,331.7068176269531,335.6611975068298,329.55790839262113,332.94318456860884,26375400
2023-06-21,327.301025390625,331.3927920316485,325.838993566958,330.0582957138187,25117800
2023-06-22,333.335693359375,333.738003737129,327.08522445209144,327.8505873806374,23556800
2023-06-23,328.7336120605469,331.61844775311465,327.1930945886858,328.0859928290581,23146900
2023-06-26,322.4341125488281,329.8031735626045,322.326161031866,327.4580354070177,21520600
2023-06-27,328.2921142578125,329.8424538607447,323.120981710903,325.63294331118817,24354100
2023-06-28,329.5480651855469,331.63810233073093,327.54633567319496,328.38039213208674,20259500
2023-06-29,328.7630615234375,329.8031691350396,326.37866558051627,328.4294449258427,16997000
2023-06-30,334.15008544921875,336.2989944894714,330.8727611005321,331.41242887349597,26832800
2023-07-03,331.64788818359375,334.5032880387074,330.25455007590733,332.8253831560942,12508700
2023-07-05,331.804931640625,335.23925747739463,328.4491214492935,328.80235201893055,18172400
2023-07-06,334.8663635253906,336.5540904646997,329.20464318433727,330.97085581956964,28161200
2023-07-07,330.8923645019531,335.3766196583141,330.6764914106529,332.952965838011,21214800
2023-07-10,325.6034851074219,328.9397110166737,321.4430546068671,328.32152762825416,32791400
2023-07-11,326.2314758300781,326.6141422303351,320.8641146712657,324.8479297238825,26698200
2023-07-12,330.87274169921875,335.23922327928665,329.37145204151966,330.2839941982709,29995300
2023-07-13,336.23028564453125,337.2900072046909,332.6585727165139,333.18844846906484,20567200
2023-07-14,338.7618713378906,344.8357239330472,337.84932914089796,341.06778168374007,28352700
2023-07-17,339.2427062988281,340.4790431987355,335.77894468986676,339.19362653573205,20363900
2023-07-18,352.7444763183594,359.89769425596677,335.74949366384544,339.34079062698265,64738600
2023-07-19,348.417236328125,355.6587621887617,345.82678907790546,354.96209307208494,39732900
2023-07-20,340.361328125,351.25305376506816,338.88947411809744,346.93562133380993,33778400
2023-07-21,337.3194580078125,343.72692730245325,333.45338612673345,342.5985119949176,69405400
2023-07-24,338.6343078613281,340.4103723937978,335.8868593129291,339.3604427915747,26678100
2023-07-25,344.3941650390625,345.2870932446145,338.5950576458234,340.59675719404197,41637700
2023-07-26,331.4320983886719,338.20265126450255,326.85953468417625,335.03324796096075,58383700
2023-07-27,324.5143737792969,334.92527345110744,322.8756964700809,334.09124680022427,39635300
2023-07-28,332.0207824707031,333.630023699817,326.91837382253794,327.4089917663005,28484900
2023-07-31,329.61676025390625,331.3633588709427,327.10476892592203,330.59799610493667,25446000
2023-08-01,330.0289001464844,332.1876312426991,327.4384527759718,328.9004847782133,18311900
2023-08-02,321.3547668457031,327.3697478835023,320.2361435127281,327.3697478835023,27761300
2023-08-03,320.5305480957031,323.6901291419594,319.8338789360626,319.88292875697346,18253700
2023-08-04,321.6295166015625,328.85142872245865,321.0996408070944,325.65258996189004,23741500
2023-08-07,323.915771484375,324.89700739318704,321.374374073945,322.20843058542397,17741500
2023-08-08,319.9319152832031,322.58126387705136,316.9391581210269,320.8248434397233,22327600
2023-08-09,316.1836242675781,320.9720298428681,315.02574325936877,320.34405449895314,22373300
2023-08-10,316.87054443359375,322.1005492501325,315.1533813786417,319.9025601772297,20113700
2023-08-11,314.98651123046875,316.3602353505344,313.2202688375786,314.25058438633283,24355500
2023-08-14,317.9596862792969,317.97930021692355,314.07397059332675,315.3594171589749,18836100
2023-08-15,315.8205261230469,318.98992839581194,314.8785481816596,316.93914925870706,16966300
2023-08-16,315.0536193847656,319.0065586089997,314.46362532057526,315.44693875811095,20698900
2023-08-17,311.59234619140625,316.4990703161301,310.93351302834594,315.19127673474406,21257200
2023-08-18,311.1990051269531,313.06729440212877,306.3512477338566,309.2421912471136,24755000
2023-08-21,316.5089416503906,317.3840750264029,311.7497080998156,312.6248414758279,24040000
2023-08-22,317.0792541503906,320.63884412186707,316.0959406772382,320.0685355111108,16084600
2023-08-23,321.5434875488281,323.7067890708429,318.0625496482568,318.41655808292467,21166400
2023-08-24,314.6308288574219,327.42374738223793,314.6209861195301,327.2959118230331,23281400
2023-08-25,317.590576171875,319.93083688219207,313.4803033090538,316.1057633191369,21684100
2023-08-28,318.2985534667969,320.70765324549666,316.35158216920695,320.2258392914253,14808500
2023-08-29,322.9299011230469,323.49039686555403,316.5088669382857,316.5088669382857,19284600
2023-08-30,323.3036193847656,324.30658824416685,321.0026696426028,323.1856265787588,15222100
2023-08-31,322.29083251953125,325.38826394826276,321.3271745159577,323.7068063169535,26411000
2023-09-01,323.17578125,326.45020162379865,321.32714728180537,325.78155572289427,14942000
2023-09-05,327.9841613769531,329.2624867583471,323.17577461933763,323.5100975629304,18553900
2023-09-06,327.3254089355469,328.87903109155945,324.67045043147994,327.817065694941,17535800
2023-09-07,324.4049072265625,327.52199370609907,323.539586687025,325.76188443553343,18381000
2023-09-08,328.69219970703125,330.5506766648536,323.96246407391413,324.58195639318825,19530100
2023-09-11,332.3009338378906,332.7729350743732,329.83280759348713,331.6126024523964,16583300
2023-09-12,326.2338562011719,331.1701083762214,325.94871693840975,330.21629323552526,17565500
2023-09-13,330.45233154296875,331.22915760826913,325.64394414491534,325.7815924302143,16544400
2023-09-14,333.04827880859375,335.1722094614784,330.95381635064444,333.4907518578009,20267000
2023-09-15,324.70977783203125,331.76996140047095,324.14928194769504,331.2979901364791,37679800
2023-09-18,323.569091796875,324.8867280980945,320.9141337218996,322.33010736077415,16834200
2023-09-19,323.16595458984375,323.8936269378206,319.0950525710311,320.7273564750353,16505900
2023-09-20,315.41748046875,324.0903132872916,315.1618393483159,324.01166140600765,21436500
2023-09-21,314.1980895996094,319.9209800628248,309.74368166363735,313.93260581832857,35560400
2023-09-22,311.72021484375,316.0861290808594,310.87454964946875,315.9582935275562,21447900
2023-09-25,312.2413635253906,312.36919907613066,309.7437389423757,311.3072037379406,17836000
2023-09-26,306.9314270019531,310.6090091309313,304.84677760481566,309.87152415800745,26297600
2023-09-27,307.570556640625,309.05533922686567,304.5222795959613,307.08871274751345,19410100
2023-09-28,308.4064636230469,310.21575688010876,304.28637761624543,305.80065881535404,19683600
2023-09-29,310.481201171875,314.1391281627372,309.7240606687745,312.4478279409763,24147300
2023-10-02,316.43023681640625,316.51876142882526,309.9207069776333,311.0023577080208,20570000
2023-10-03,308.1606140136719,316.02712155021527,306.0169679036218,315.47643841498,21033500
2023-10-04,313.6376037597656,314.6995989351884,308.7603781630917,308.7898763619456,20720100
2023-10-05,314.0309143066406,314.6405937464886,309.6453454856245,313.7654305243728,16965600
2023-10-06,321.7991638183594,323.6969515428258,311.022026982247,311.26785534059786,25673600
2023-10-09,324.3164367675781,324.7884080000268,317.78722130749577,319.3310305664322,19891200
2023-10-10,322.9102783203125,325.5750490379659,322.2022915235242,325.4373707679848,20557100
2023-10-11,326.8730163574219,327.26633567090187,323.6477499735418,325.6831856730943,20063200
2023-10-12,325.63409423828125,328.0628797237766,323.23480695672527,325.05394288857616,19313100
2023-10-13,322.2613525390625,328.25954103838023,320.91418780201565,326.83375443130774,21072400
2023-10-16,327.08941650390625,330.53101374822336,325.0834485648815,325.52592163414295,22158000
2023-10-17,326.51904296875,327.8956757176601,321.9466416917106,324.09025768703805,18338500
2023-10-18,324.6015930175781,329.9901616003234,322.8217980493897,326.9418838619396,23153600
2023-10-19,325.7913818359375,331.25860158595435,325.3882197669904,326.60751870152404,25052100
2023-10-20,321.2189636230469,326.3813583630038,320.01932021647565,326.18468370290753,25027700
2023-10-23,323.8247375488281,327.17783944474775,318.9770102658004,320.0389754077356,24374700
2023-10-24,325.01458740234375,326.3027255972939,322.13348624926266,325.77172794180206,31153600
2023-10-25,334.9853820800781,340.42310386646625,331.9862582686526,339.2627712727239,55053800
2023-10-26,322.41864013671875,335.9293564408089,321.48448041784866,334.8575484524091,37828500
2023-10-27,324.30657958984375,331.1012785656195,322.92010413957604,324.91622907683893,29856500
2023-10-30,331.6814270019531,333.78573199598327,326.2928589871081,327.84651090030354,22828100
2023-10-31,332.46807861328125,333.34324194155744,329.10516359659624,333.1957509335175,20265300
2023-11-01,340.2952880859375,341.6227672265474,333.9824026215242,334.120080906605,28158800
2023-11-02,342.5077209472656,343.00919036132757,339.0169404715558,341.44572570080203,24348100
2023-11-03,346.9129943847656,348.47648927328174,341.53426828379986,343.7959073621998,23637700
2023-11-06,350.5806884765625,351.573844508911,347.45375939501855,347.55209672635783,23828300
2023-11-07,354.5139465332031,356.4117340199255,351.66234393523393,353.40279769132025,25833900
2023-11-08,357.139404296875,357.7982074064022,354.5336000325542,355.64474886828214,26767800
2023-11-09,354.67138671875,358.7029785024049,354.34687642430464,356.2545072193752,24847300
2023-11-10,363.5014953613281,363.92431294177396,355.04499371068613,355.45796855398606,28042100
2023-11-13,360.56134033203125,362.3214796716584,359.79435710159004,362.0756513284613,19986500
2023-11-14,364.0914306640625,365.7434199318085,361.22017242867213,364.81910296344984,27683900
2023-11-15,364.2392272949219,367.64838835280426,361.7168083416723,365.82556050862166,26860100
2023-11-16,370.64373779296875,370.8210862145482,364.7417158302642,365.5102557263558,27182300
2023-11-17,364.4166564941406,368.8702437770121,361.60851893001586,368.12139907477774,40157000
2023-11-20,371.8951110839844,373.304096039392,365.54971735826314,365.766486587499,52465100
2023-11-21,367.5893249511719,370.69304303967186,365.66795990773056,370.15113498600977,28423100
2023-11-22,372.2991027832031,374.2106051165785,369.4614073576045,372.4468931555256,23345300
2023-11-24,371.88525390625,372.41732930761407,369.6289174288519,371.786716969812,10176600
2023-11-27,373.0478515625,375.0480578357312,370.6732831710829,371.24474919968725,22179200
2023-11-28,377.07781982421875,377.3734005384554,372.60450791019576,372.7917190522952,20453100
2023-11-29,373.2843933105469,378.654310364066,371.89510374186113,378.122265050378,28963400
2023-11-30,373.3435363769531,374.50619409044,369.95407010737097,372.9296932561048,30554400
2023-12-01,369.0081787109375,372.60455147782466,365.8551770672475,371.2251245346799,33040500
2023-12-04,363.7170715332031,364.0914637906027,357.5687213567305,363.6776507437524,32063300
2023-12-05,367.04736328125,367.59913401406357,360.2487359832438,361.0665594377977,23065000
2023-12-06,363.38201904296875,368.6829873224875,362.6233417878435,368.05240507377636,21182100
2023-12-07,365.5004577636719,365.99311236097066,360.93847138160504,362.82041555159645,23118900
2023-12-08,368.7322998046875,368.958901692999,362.8204441707764,363.7761953676955,20154400
2023-12-11,365.8453063964844,366.140917208106,360.72171642347627,363.0667572104508,27708800
2023-12-12,368.88006591796875,368.91948670565927,365.0176405940666,365.4019256182351,24838300
2023-12-13,368.87017822265625,372.09215835732533,365.3230593019992,370.4959322910932,30955500
2023-12-14,360.5541687011719,368.269156155742,358.78062426547126,367.8257550121924,43277500
2023-12-15,365.2836608886719,366.92911028032063,360.89902327689896,361.4606566919279,78502300
2023-12-18,367.1754455566406,367.52030977000646,363.26376706221674,364.0224743454713,21802900
2023-12-19,367.7765808105469,367.7765808105469,364.4068095736868,366.032564001514,20603700
2023-12-20,365.1752624511719,370.50578841631284,365.08658823838834,369.490921222126,26316700
2023-12-21,368.0523986816406,368.90961285521604,364.60381655946395,367.08678486250125,17708000
2023-12-22,369.0771484375,369.6683400378764,367.2346248372423,368.19037607156224,17107500
2023-12-26,369.1559753417969,371.4024792784928,368.01301297831964,369.49097688586306,12673100
2023-12-27,368.5745544433594,369.5500007565993,367.3330554488757,368.2001322025313,14905400
2023-12-28,369.7668151855469,370.92947276145065,368.66327375287557,369.8554894003956,14327000
2023-12-29,370.51568603515625,371.6192275460888,367.9932968475244,370.4762652471226,18730800
2024-01-02,365.4216003417969,370.37770417291745,361.3818268052928,368.3676650837192,25258600
2024-01-03,365.1556091308594,367.7765353087628,363.09631643448915,363.58897105283376,23083500
2024-01-04,362.5346374511719,367.6188360826796,361.7759602590735,365.2245421546535,20901500
2024-01-05,362.347412109375,366.5940918144849,361.11577576637916,363.5494903829088,21004600
2024-01-08,369.18548583984375,369.6880031258094,363.5889371144665,363.8746551165755,23134000
2024-01-09,370.2693176269531,370.46636140674497,365.73688972227416,366.5448504063893,20830000
2024-01-10,377.1468200683594,378.52627710766996,370.79159329119034,370.84084672720024,25514200
2024-01-11,378.9794921875,384.9406009736396,374.79192797943045,380.3293610152563,27850800
2024-01-12,382.7630615234375,382.969968033559,378.99917320808413,379.82682931782017,21661200
2024-01-16,384.5365905761719,388.24136259684576,381.925527346388,387.8768030229654,27202300
2024-01-17,383.74835205078125,384.3789342645235,379.15680784896807,382.280251053988,22234100
2024-01-18,388.08367919921875,388.201911476725,384.38877018091677,385.96527070924157,23392100
2024-01-19,392.813232421875,392.813232421875,387.71917062186213,389.94597903844516,29331100
2024-01-22,390.6849670410156,394.73457348742886,387.8078508984798,394.14338194370225,27016900
2024-01-23,393.0398254394531,393.51278467024315,388.1428376176736,389.9361075398463,20525900
2024-01-24,396.6460876464844,399.6709942481896,394.5670995707582,395.64108304053997,24867000
2024-01-25,398.922119140625,401.03069519921775,396.6164992894369,398.3802111244257,21021200
2024-01-26,397.99591064453125,400.20302354825617,396.517946945891,398.4294490683389,17803300
2024-01-29,403.70086669921875,403.9570567007328,398.39003594013263,400.0946315969203,24510200
2024-01-30,402.58746337890625,406.9819337836752,400.47891742664234,406.2035612023494,33477600
2024-01-31,391.7392272949219,409.21863334219495,391.3746676938224,400.98143260936786,47871100
2024-02-01,397.84814453125,402.00615052622754,395.89722150523676,395.9267795782407,30657700
2024-02-02,405.1788635253906,406.58784851032016,397.63139120108593,397.8777185090492,28256700
2024-02-05,399.6907043457031,405.1197681132632,398.0550873287971,403.87826879542115,25352300
2024-02-06,399.5329895019531,401.97656696928505,396.9909051770198,399.91727449589274,18382600
2024-02-07,407.9672546386719,408.2135819340869,401.4149545944821,401.45437538113845,22340500
2024-02-08,408.0263671875,409.45507751601383,406.46959192466915,407.9672510426615,21225300
2024-02-09,414.37176513671875,414.6378178606117,408.9919854136341,409.1496384913206,22032800
2024-02-12,409.1595153808594,414.55899064975375,408.65699805765166,414.3816422071808,21202900
2024-02-13,400.35089111328125,404.0458010724575,397.4639420151326,398.99115943722376,27824900
2024-02-14,404.2203369140625,404.5658388517389,399.36366838251547,402.8186275095737,20401200
2024-02-15,401.32806396484375,403.8649984148582,399.0872869539498,402.88774815292464,21825500
2024-02-16,398.8602600097656,403.0358361421353,398.24824344009687,402.71006595192074,22296500
2024-02-20,397.6065673828125,399.28467227572895,392.8880816547379,398.05075832879675,24307900
2024-02-21,397.0044250488281,397.1130251474651,392.10826265454955,395.0203117904289,18518900
2024-02-22,406.3525695800781,407.51737721520215,403.3122186108832,404.9113664023,27009900
2024-02-23,405.0594482421875,410.50840209542025,403.7070832004783,410.32087486596646,16295900
2024-02-26,402.2954406738281,406.855981805031,402.1177341704529,406.16497794430535,16193500
2024-02-27,402.2362365722656,403.06542317425317,398.6529454575257,402.7396530048111,14835800
2024-02-28,402.4731750488281,404.0328292486966,400.10406595257604,402.9272470121027,13183100
2024-02-29,408.31695556640625,408.8697466169625,400.69630165533437,403.3812996686875,31947300
2024-03-01,410.1530456542969,410.51827940686405,405.5925039738578,405.9774695070198,17823400
2024-03-04,409.58050537109375,411.97922704270553,407.0139581345592,408.11954029802524,17596000
2024-03-05,397.4684143066406,408.91914348036823,395.48430086662944,408.63286696668945,26919200
2024-03-06,396.9156188964844,399.94611920290095,393.26325117893276,397.784299256291,22344100
2024-03-07,403.8748779296875,404.50662623949256,397.06364847725683,400.8937223940283,18718500
2024-03-08,400.99249267578125,405.13845633858756,399.1267999900611,402.7100915611558,18002200
2024-03-11,399.3143310546875,400.45940694447387,396.09630359488256,398.5641317733387,16120800
2024-03-12,409.9358825683594,410.22215907857986,401.5551475222323,402.37445324131755,22457000
2024-03-13,409.7581787109375,412.7985296378199,406.1551557542081,412.7195723945268,17115900
2024-03-14,419.7479248046875,422.31447191746963,412.6109554732492,414.83200064539375,34157300
2024-03-15,411.06121826171875,417.16168230340674,407.4779269181007,413.8942801973478,45079900
2024-03-18,411.94964599609375,415.31576738207366,408.45519271968817,408.9191456409196,20106000
2024-03-19,415.98699951171875,416.2436632864421,410.20239450160744,412.4530526322829,19837900
2024-03-20,419.7578430175781,420.4784295685996,415.24664585974097,416.5693981535872,17860100
2024-03-21,423.84454345703125,425.27589583117316,421.6629918116586,424.29861540078343,21296200
2024-03-22,423.2226867675781,424.32826906328035,420.58706292422704,424.1703545566299,17648500
2024-03-25,417.4183044433594,421.90976968993664,416.18439038520984,419.7676816300529,18060500
2024-03-26,416.223876953125,420.5080228747841,415.9277496341745,420.1329081875438,16725600
2024-03-27,416.0067443847656,418.987900246969,413.61790346357526,418.9780192938283,16705000
2024-03-28,415.30584716796875,416.4410420434957,413.7264311944793,415.54274902029323,21871200
2024-04-01,419.1063537597656,422.3836369877504,416.78658912173853,418.494337158426,16316000
2024-04-02,416.0166015625,416.94450735898084,412.4629229935154,414.7037001138204,17912000
2024-04-03,415.0393371582031,417.8131735008708,413.6968230222425,414.3286014685427,16502300
2024-04-04,412.5024108886719,423.1535654935394,412.1964026116657,419.52089960464946,19370900
2024-04-05,420.04412841796875,421.0214089561493,412.93680065087176,414.6050550709994,16554800
2024-04-08,419.1260681152344,421.7814536782747,417.85266032435015,419.698621129678,14272400
2024-04-09,420.79425048828125,422.2354534811924,416.1942158774967,420.95219508166,12496900
2024-04-10,417.8132019042969,418.5732821571219,414.29901690120346,416.75696418781513,16216600
2024-04-11,422.4230651855469,423.8445365841043,416.92473693729744,420.3402327247268,17966400
2024-04-12,416.470703125,419.70849269035864,414.3681085669582,418.59302946474156,19253800
2024-04-15,408.31695556640625,421.3273372828282,408.109636328808,421.1101672183344,20273500
2024-04-16,409.2448425292969,413.01569096987436,408.4058051032582,409.23499170212773,16765600
2024-04-17,406.54010009765625,413.4895120148824,405.04952238125117,411.8804833772787,15855500
2024-04-18,399.06756591796875,406.5895318440509,398.7517067920222,405.34573674704745,21029900
2024-04-19,393.9838562011719,400.2620271980646,392.65122286516964,398.83067470294037,30565800
2024-04-22,395.8001708984375,397.66586357799235,390.65722508776963,394.9314905053024,20286900
2024-04-23,402.3251037597656,402.94700128728675,397.8731320388209,399.0379397213986,15734500
2024-04-24,403.7958679199219,407.16198877400103,401.54521009115024,404.28943349750205,15065300
2024-04-25,393.9048767089844,394.74394432686086,383.0365516126927,388.9593393273181,40586500
2024-04-26,401.0912170410156,407.6852472237732,400.5384258954466,406.86594145886636,29694700
2024-04-29,397.0735168457031,401.0911479751383,394.05289784724425,400.0349103833964,19582100
2024-04-30,384.31982421875,396.9847359459567,384.16190971715395,396.323344705487,28781400
2024-05-01,389.8575744628906,396.5503223805954,385.28715246915397,387.5575420390079,23562500
2024-05-02,392.7203063964844,394.7834071649824,389.5713551906569,392.5426299953367,17709400
2024-05-03,401.4267883300781,401.9104729912864,396.68854036623503,397.1031487364524,17446700
2024-05-06,408.2182922363281,408.60325778406036,401.1405474563734,403.4998057579773,16996600
2024-05-07,404.072265625,409.33369158039415,403.82548283487444,409.3238106288364,20018200
2024-05-08,405.2568664550781,406.92512065552296,401.4761369476161,402.917370243468,11792300
2024-05-09,407.0139465332031,407.4087929910644,403.8353828414113,405.2864669208131,14689700
2024-05-10,409.4028015136719,410.0345799682454,406.5006332532913,407.6259773286798,13402300
2024-05-13,408.39593505859375,412.96635748889184,405.53326050690544,412.63073648454196,15440200
2024-05-14,411.1993713378906,412.1173961263277,406.2538343729978,406.7177872432058,15109300
2024-05-15,418.3887634277344,419.1106798585564,412.64318866360406,413.2662078851203,22239500
2024-05-16,416.3219299316406,420.70283173045664,415.6890421322498,417.12294600008903,17530100
2024-05-17,415.5506286621094,418.23060143126196,413.39480813113437,417.85481010987854,15352200
2024-05-20,420.623779296875,422.03791605530984,415.33309465424287,415.5506564770171,16272100
2024-05-21,424.28271484375,428.1691308622737,420.1391721073256,422.09719809997813,21453300
2024-05-22,425.7463073730469,427.61536520540614,422.393911984686,425.32108253196407,18073700
2024-05-23,422.26531982421875,428.792143449846,420.7028525285379,428.1691242148773,17211700
2024-05-24,425.3902893066406,426.28030386108634,419.704046646492,422.45322015153533,11855300
2024-05-28,425.54852294921875,426.0429788375184,421.8697699331016,424.86617140902985,15718000
2024-05-29,424.41131591796875,426.1616790443509,420.9698917832297,420.9698917832297,15517100
2024-05-30,410.0720520019531,419.5952468817441,409.64679700979286,419.5952468817441,28394500
2024-05-31,410.5269470214844,412.1289792567511,400.024708875454,412.1289792567511,47995300
2024-06-03,408.9347839355469,411.81252080542527,404.38581394057536,410.92250624898264,17484700
2024-06-04,411.4565124511719,411.82240496411936,405.1373519842431,407.85685925302585,14348900
2024-06-05,419.3085021972656,419.3777030871155,411.6839704862112,413.17723696234333,16988000
2024-06-06,419.81280517578125,420.5940539083252,415.9164904670929,419.3084807052153,14861300
2024-06-07,419.1502685546875,421.55331696325794,418.30968749669245,421.47421729884104,13621700
2024-06-10,423.1257019042969,423.33336493941925,419.18985211669025,419.99086828849937,13982900
2024-06-11,427.8823547363281,428.0208168757502,420.53474723054455,420.76220781136936,14551100
2024-06-12,436.1694030761719,438.48345289149796,428.4460049171592,430.493059431206,22366200
2024-06-13,436.68365478515625,438.47361288924054,434.498168180252,435.96176849341106,15960600
2024-06-14,437.6626892089844,438.2263761607837,431.877549319742,433.42024926631433,13582000
2024-06-17,443.39837646484375,445.9398870196781,435.8332072728674,437.68246749988464,20790000
2024-06-18,441.3908996582031,445.1487826948382,439.95699562171353,444.7235276745664,17112500
2024-06-20,440.75799560546875,441.57877910996035,436.37709345219747,441.35131853440595,19877400
2024-06-21,444.7927551269531,445.58387250760194,441.5590243550793,442.4193728058131,34187100
2024-06-24,442.7061462402344,447.72980476303803,441.4601077502006,444.812502964026,15913700
2024-06-25,445.9497985839844,446.41458834788966,441.7963568563546,443.27972459062323,16413400
2024-06-26,447.1463317871094,448.5703670936918,443.2203510089548,444.0213670965085,16507000
2024-06-27,447.8287353515625,451.1119299222234,446.76069365788027,447.16615113611203,14806300
2024-06-28,441.9941101074219,450.33062875420535,441.46008932267114,448.04624507062687,28362300
2024-07-01,451.6656799316406,452.2985677661532,440.7184194830795,443.6851547691378,17662800
2024-07-02,454.1874084472656,454.4939686896818,448.08580938726794,448.17483800659534,13979800
2024-07-03,455.6608581542969,455.9080860928665,452.80291887761234,453.10947910710325,9932800
2024-07-05,462.37554931640625,463.1567980049815,453.8808014849039,454.51368927600026,16000300
2024-07-08,461.0702209472656,462.5140538822785,459.30995917726233,461.37678118625774,12962300
2024-07-09,454.44451904296875,462.14811993117183,452.9215864810465,461.8217923289273,17207200
2024-07-10,461.08013916015625,461.2878021935715,453.7720662754438,456.1059138794407,18196100
2024-07-11,449.65826416015625,459.6264830806759,446.54316745449677,457.8464536881821,23111200
2024-07-12,448.52093505859375,451.2997748037469,445.65309687289607,449.2922850558392,16324300
2024-07-15,448.9263916015625,452.18981864416236,446.4244459584992,448.2737061930426,14429400
2024-07-16,444.53564453125,449.26264197328965,441.7073711225493,449.1835423040314,17175700
2024-07-17,438.6021423339844,439.9174119033302,434.3102688250729,437.6824616204732,21778000
2024-07-18,435.487060546875,439.7196016105417,429.5832562189407,439.4130413837652,20794800
2024-07-19,432.26318359375,436.2485267618823,427.209859235563,428.2976681537138,20940400
2024-07-22,438.028564453125,439.6701615477493,434.04325138518465,436.89132199854777,15808800
2024-07-23,439.9173889160156,443.4181448887154,438.186793389343,438.9779107012884,13107100
2024-07-24,424.14422607421875,436.5847522773038,422.8487541493976,435.5661744239133,26805800
2024-07-25,413.76068115234375,425.0342693658965,412.88056536465024,424.0453575896341,29943800
2024-07-26,420.5544738769531,424.16402577751,412.6431801625324,413.56289099301864,23583800
2024-07-29,421.9983215332031,427.3582063126635,419.9908318898155,426.7945193727036,15125800
2024-07-30,418.2305603027344,424.2925638306224,412.7321833431071,422.97732451431415,32687600
2024-07-31,413.71124267578125,417.10320278469345,407.6393099563061,415.8373969334193,42891400
2024-08-01,412.4849548339844,422.7201972162586,408.50954056683383,416.12417291556886,30296400
2024-08-02,403.9605712890625,410.3983967606497,399.8565933572946,407.91621848675555,29437900
2024-08-05,390.76849365234375,396.59319866894845,381.30460043688157,384.8548203739987,40709200
2024-08-06,395.17901611328125,401.1718491768835,394.0813385396222,395.5647061878266,24946500
2024-08-07,394.01214599609375,405.53296315438047,393.0627990585979,404.10895783773424,20650900
2024-08-08,398.22491455078125,401.3597482091065,395.50540696833514,397.97768658874065,20203000
2024-08-09,401.5179748535156,403.52546468375385,397.7996868528818,399.55004994709526,19276700
2024-08-12,402.2991943359375,404.22758435718055,399.75768384658,402.54642227818954,16762900
2024-08-13,409.41937255859375,410.34895203900766,405.0286018746959,405.0483692456352,19414300
2024-08-14,412.23779296875,413.08827288112064,407.876718123392,410.20063690456334,18267000
2024-08-15,417.1119689941406,417.191211225686,413.77333444813155,415.89340426982346,20752100
2024-08-16,414.5758056640625,417.4190931983878,413.4166801400684,416.6859891605723,22775600
2024-08-19,417.6072998046875,417.8252537249248,412.58447325666395,415.06120860773046,15234000
2024-08-20,420.8468933105469,421.8970267669262,417.7163261753405,417.7757654099591,16387600
2024-08-21,420.1930847167969,422.43203322162,417.7955912661998,420.1336152453366,16067300
2024-08-22,411.6829833984375,422.8184073246916,410.75172838496667,420.410997320223,19361900
2024-08-23,412.91143798828125,415.3584538355035,408.255163223579,413.0996723021897,18493800
2024-08-26,409.6421203613281,413.396859709793,407.51213395459416,412.4953243921623,13152800
2024-08-27,409.9888916015625,410.5040417108967,406.43230298651787,409.01800038370646,13492900
2024-08-28,406.779052734375,411.13810125518216,403.5196602855256,411.0192227861693,14882700
2024-08-29,409.27557373046875,418.1224654785976,406.7790352875099,411.0786443893992,17045200
2024-08-30,413.2581787109375,413.60489748199507,408.29479126700903,411.7325012306554,24308300
2024-09-03,405.6298522949219,415.97270258559973,403.24227554701594,414.02103372225025,20313600
2024-09-04,405.0948791503906,407.41310010382534,400.60703533664076,402.13271297104455,15135800
2024-09-05,404.589599609375,409.25576060406553,402.35062114910426,403.8267457621573,14195500
2024-09-06,397.96185302734375,406.8285475492744,397.0702041035056,405.2533474753259,19609500
2024-09-09,401.9444580078125,404.84718480089737,398.40767240518096,403.4503023301037,15295100
2024-09-10,410.3455505371094,412.45570379102855,403.90603822449737,404.4013853254675,19594300
2024-09-11,419.1033020019531,420.0444433948456,405.76853569187716,411.6334589269,19266900
2024-09-12,423.02642822265625,423.39298024346107,415.84389519077274,419.37076416429335,17395700
2024-09-13,426.5830078125,427.8114589338371,421.5007417784194,421.8672937914901,15874600
2024-09-16,427.3260192871094,429.49564193620427,424.2350583167788,426.5929152766965,13834700
2024-09-17,431.1005859375,437.73824933805764,428.24738173228826,436.13332953102315,18874200
2024-09-18,426.80096435546875,431.9723892702998,426.40469272360485,430.95197545729616,18898000
2024-09-19,434.607666015625,437.3915144590669,432.83431483021604,437.12403789377305,21706600
2024-09-20,431.2194519042969,435.1525090726311,430.17923509170157,433.15131768035957,55167100
2024-09-23,429.4758605957031,432.3983904018878,426.38489946949306,430.23868426031646,15128900
2024-09-24,425.17626953125,429.3173642884583,422.1348308922367,428.97061525019865,17015800
2024-09-25,428.0888671875,429.08947802981356,424.58183139807875,425.8300855631319,13396400
2024-09-26,427.2962951660156,431.2491551844422,425.1365891561316,431.0411178765214,14492000
2024-09-27,424.03692626953125,427.8313020370733,423.49205654568107,427.5043560158928,14896100
2024-09-30,426.29571533203125,426.4146240359172,421.4116000312542,424.2251680181162,16807300
2024-10-01,416.775146484375,424.49266278755016,414.91263654622963,424.4629431708175,19092900
2024-10-02,413.248291015625,418.88534363054407,412.8321861342137,418.6475564553425,16582300
2024-10-03,412.66375732421875,415.64572621192764,410.43469544557,413.7436103396226,13686400
2024-10-04,412.1882629394531,415.84392727991013,411.10840979384466,414.34796923067006,19169700
2024-10-07,405.7288818359375,413.2284134108737,405.19389854116383,412.1287574404014,20919800
2024-10-08,410.8507995605469,411.79197118142247,404.37168100298584,407.0762569270798,19229300
2024-10-09,413.5752258300781,416.4680664316237,410.4446282759856,411.99010893472126,14974300
2024-10-10,411.97027587890625,413.46623380792397,409.3053060403614,411.3659669240718,13848400
2024-10-11,412.4458312988281,413.24829121073924,409.4043927403761,412.26751359253427,14144900
2024-10-14,415.23956298828125,420.0939583051494,413.63461305961806,413.8822865985765,16653100
2024-10-15,414.8432922363281,418.5485092157335,411.3956956650851,418.25128280655105,18900200
2024-10-16,412.2476806640625,412.48543760596397,406.66018089425665,411.3065392799767,15508900
2024-10-17,412.84210205078125,418.5683135090887,411.722612729939,418.429601804324,14820000
2024-10-18,414.2687072753906,415.7448320191293,412.38639426497724,413.2582100340754,17145300
2024-10-21,414.8829040527344,415.0612217475957,409.89971357797583,412.24765392774344,14206100
2024-10-22,423.53167724609375,426.57308539168537,414.14980218140033,414.59559642085827,25482200
2024-10-23,420.6487731933594,427.06845240983137,418.59802889539156,426.8504984713963,19654400
2024-10-24,420.77752685546875,422.0158945124843,418.4691926119839,421.3719191439679,13581600
2024-10-25,424.16571044921875,428.4950392124222,422.6004269353124,422.78866124967664,16899100
2024-10-28,422.6202392578125,427.9204593260478,422.33292947161533,427.64306615669506,14882400
2024-10-29,427.9303894042969,429.13903758740884,421.83759563654417,424.017135059726,17644100
2024-10-30,428.5049743652344,434.4194201314416,428.0789831021246,433.3692866656604,29749100
2024-10-31,402.568603515625,412.2873114234298,402.5190506643278,411.4947379049696,53971000
2024-11-01,406.5511779785156,411.63344411141696,403.7078904341815,405.20384836550784,24230400
2024-11-04,404.6589050292969,406.6006872402375,401.7958147917939,405.9864314998881,19672300
2024-11-05,407.63104248046875,411.0390330760231,404.28249112047496,404.5698009147436,17626000
2024-11-06,416.2699279785156,416.53743479175165,406.6998173145334,408.58216069067197,26681800
2024-11-07,421.4710388183594,422.8778379270892,415.9726979378319,417.3596638124742,19901800
2024-11-08,418.6079406738281,422.5310812867246,417.8550033981939,421.3620693729889,16891400
2024-11-11,414.1201171875,420.8568260602772,412.1288120506796,418.58812774007396,24503300
2024-11-12,419.0933532714844,420.49023567836724,413.3176195666668,414.35783635110096,19401200
2024-11-13,421.2431945800781,425.3347363138495,414.31822142109314,417.7163255743709,21502200
2024-11-14,422.9175109863281,424.1855985012155,416.0916126383046,421.045084217332,30246900
2024-11-15,411.13812255859375,418.86552578071695,409.79079286185015,415.91327620196233,28247600
2024-11-18,411.8910217285156,414.5064386408341,408.26507740364855,411.00928939667125,24727000
2024-11-19,413.9021301269531,414.0507282073073,407.72017788193654,409.26565838479394,18133500
2024-11-20,411.6235046386719,413.4067722571845,406.75919271133495,412.9906674094557,19191700
2024-11-21,409.8466491699219,416.70605256605285,407.28555520801666,416.4281041493026,20780200
2024-11-22,413.9463806152344,414.3434454251094,408.04987579157546,408.35760329128635,24814600
2024-11-25,415.7232971191406,417.99650611752486,411.812146489521,415.3162958278843,27691100
2024-11-26,424.8559265136719,425.89825580258685,415.78287220202776,416.5174436728799,23458900
2024-11-27,419.89251708984375,424.10148899734514,418.929618998767,421.9969878965425,18332400
2024-11-29,420.3591003417969,421.76871536801127,414.7405434642979,417.0137828520631,16271900
2024-12-02,427.82403564453125,429.82923270647603,418.22483367708463,418.48293944626425,20207200
2024-12-03,428.0424499511719,429.3031391752765,424.60776479316314,426.69239311416067,18302000
2024-12-04,434.21685791015625,436.45038152660425,429.46192581768037,429.8589906240061,26009400
2024-12-05,439.3787841796875,441.4038541812057,432.9760343176013,434.71321944433936,21697800
2024-12-06,440.32183837890625,442.8333105145372,438.5350012201072,439.0611189309198,18821000
2024-12-09,442.7538757324219,445.0469576507044,437.2743084708553,439.35893665859504,19144400
2024-12-10,440.08355712890625,446.3275050202344,438.3662450103701,441.1358228013123,18469500
2024-12-11,445.7021789550781,447.05223585940473,440.79835058458633,440.79835058458633,19200200
2024-12-12,446.2679748535156,452.8196506561494,445.8212579806136,445.8212579806136,20834800
2024-12-13,443.9947509765625,448.12429204881937,442.3171239692673,445.15619671011535,20177800
2024-12-16,448.2831115722656,448.86878750909034,442.01932060586137,443.99473862109255,23598800
2024-12-17,451.132080078125,451.9560191338881,446.2779042343056,447.70736185197006,22733500
2024-12-18,434.18707275390625,449.33530544806223,433.8197567617204,448.015058169262,24444500
2024-12-19,433.8297424316406,439.9347015317489,433.12495005824394,438.38612742715867,22963700
2024-12-20,433.4029235839844,440.4906238895222,425.49128413888167,429.93845914028344,64263700
2024-12-23,432.0627746582031,434.44519400818086,429.6604823749245,433.54185407205193,19152500
2024-12-24,436.1128845214844,436.3809267682004,431.0105391906017,431.4671622449362,7164500
2024-12-26,434.90179443359375,437.7110878799943,433.43265156283826,435.8646925313124,8194200
2024-12-27,427.3773193359375,432.0329778888151,423.2279358558446,431.4175228637617,18117700
2024-12-30,421.7190246582031,424.4191077458383,418.810487849265,422.9400284711836,13158700
2024-12-31,418.4134521484375,423.6051649635355,417.5796069111211,422.97977346202197,13246500
2025-01-02,415.51483154296875,422.9500047735069,411.81216477472935,422.4139505741353,16896500
2025-01-03,420.2499084472656,420.9249216883709,416.46781065088146,417.99651176266025,16662900
2025-01-06,424.71697998046875,431.13960318889787,422.3643396757335,424.865875513533,20573600
2025-01-07,419.2770690917969,427.49643519355806,417.7185585987197,425.85852385294453,18139100
2025-01-08,421.4510192871094,423.8433749158129,418.4531451224049,420.3590683350305,15054600
2025-01-10,415.8821105957031,421.59991046888086,411.98086631184646,421.52050962504774,20201100
2025-01-13,414.1350402832031,415.4354451072025,409.27092762989713,412.19930745359136,17604800
2025-01-14,412.6261291503906,416.6663021751594,407.7123650821303,414.75044252358344,16935900
2025-01-15,423.1882019042969,425.0147242617403,415.2070689754285,416.06078709453215,19637800
2025-01-16,421.47088623046875,426.34493507947604,421.28230542678756,425.56074187721237,15300000
2025-01-17,425.8883056640625,431.29840862027794,425.0346177976779,430.91124996405387,26197500
2025-01-21,425.3622131347656,427.7446325404098,422.48345509069117,427.0497766230712,26085700
2025-01-22,442.9325866699219,443.9947282693763,432.8072669314077,434.3558409675422,27803800
2025-01-23,443.4388122558594,443.4785278251988,438.266972657695,438.76331124507635,18389300
2025-01-24,440.8082580566406,443.37928850377745,438.16773293128523,441.9002090925553,15549500
2025-01-27,431.3778076171875,432.01313557520695,420.39880005578783,420.90507512895306,35647800
2025-01-28,443.9252624511719,445.0966142937209,428.2211016468738,431.4175234893937,23491700
2025-01-29,439.09088134765625,443.607580668921,437.1750216711049,443.41896958220315,23581400
2025-01-30,411.95111083984375,419.7634757332681,410.1345248522129,415.7034295288443,54586300
2025-01-31,412.0206298828125,417.60940782263856,411.87173434946413,415.9119381542539,34161900
2025-02-03,407.9109802246094,412.368091725276,405.6675197732108,408.5859935358612,25679100
2025-02-04,409.35028076171875,410.8889485554991,406.7395349510832,409.66794472749183,20532100
2025-02-05,410.2635803222656,410.7996042139957,407.39472859021873,409.33046130378085,16316700
2025-02-06,412.7750244140625,415.1376009046221,410.9683447102107,410.9683447102107,16309800
2025-02-07,406.7494812011719,415.58430218979566,405.1115698860282,413.4302096384315,22886800
2025-02-10,409.2013854980469,412.4176498447071,407.91091729068654,410.6804647918203,20817900
2025-02-11,408.4271240234375,409.4694230026259,406.30278019920314,406.64031711794166,18140600
2025-02-12,406.044677734375,407.7421472112012,401.40886202523427,404.22806155020925,19121700
2025-02-13,407.5337219238281,407.99034497113007,403.38430804391083,404.01963601763975,23891700
2025-02-14,405.43914794921875,405.91564391864586,402.9078331667541,404.80385028408716,22758500
2025-02-18,406.6402893066406,407.59325090478893,403.52326846051176,405.01228421128855,21423100
2025-02-19,411.7326965332031,412.4474253032674,404.66483997040297,404.8931666240703,24114200
2025-02-20,413.91107177734375,417.07410775463984,410.3402184035009,413.0755545581438,23508700
2025-02-21,406.03326416015625,415.8207899827264,405.71499358869687,415.11458446579724,27524800
2025-02-24,401.8457336425781,407.1870941067446,397.1906962904959,406.3316944915949,26443700
2025-02-25,395.7782287597656,399.7768119064437,394.5846458623518,398.9611771958944,29387400
2025-02-26,397.5984802246094,401.4478388786511,392.1476909921423,395.8876507833858,19619000
2025-02-27,390.4368896484375,403.5764407452776,390.0788238664077,399.13027515598884,21127400
2025-02-28,394.87310791015625,395.50970978817173,384.50868780557136,390.5662102627109,32845700
2025-03-03,386.4184265136719,396.693360360252,384.1008642400347,396.693360360252,23007700
2025-03-04,386.53778076171875,390.48661254503907,378.9683745181786,381.3555708063787,29342900
2025-03-05,398.8816223144531,399.52818059067016,386.73673843465946,387.2639110911412,23433100
2025-03-06,394.7736511230469,400.00558222724027,390.5860785359009,392.1775528184261,23304600
2025-03-07,391.2127380371094,392.6947831487431,383.4841811851977,390.2280267594304,22034100
2025-03-10,378.13287353515625,384.3395902213564,375.20854809150063,383.7825787420743,32840100
2025-03-11,378.4212951660156,383.9416881253617,374.9001634128666,376.97901502464265,30380200
2025-03-12,381.22625732421875,383.1658713736677,376.92931616803475,380.9079867475423,24253600
2025-03-13,376.750244140625,383.2653352756173,375.43730594967485,381.1168495701804,20473000
2025-03-14,386.4880676269531,388.1491759928466,377.48633735073093,377.7548866940246,19952800
2025-03-17,386.6273193359375,390.61591588488574,383.5140048019888,384.6379840789578,22474300
2025-03-18,381.4749450683594,385.3044217812384,379.06786623501773,385.0060336134189,19486900
2025-03-19,385.75201416015625,387.6020814133235,381.9523764633006,383.47421674907764,19185500
2025-03-20,384.7772216796875,389.7008385815923,381.2362073514129,383.68308121761453,18470500
2025-03-21,389.1736755371094,389.65109658333733,380.7587653391681,381.1765391094654,39675900
2025-03-24,390.9839782714844,393.2916146921325,387.7314257194749,393.2916146921325,21004500
2025-03-25,393.0528869628906,394.2464699747621,390.54633531859656,391.8195087441688,15775000
2025-03-26,387.89056396484375,393.2020858372719,386.49803525659746,392.89374127883343,16108400
2025-03-27,388.497314453125,390.1484665522675,385.3342783094565,388.0497321808232,13766800
2025-03-28,376.78009033203125,387.05502406399853,374.920066699825,386.01060482786494,21632000
2025-03-31,373.3883056640625,375.0593400396717,365.28173999012597,370.5534967757106,35184700
2025-04-01,380.15203857421875,380.80852287787553,371.2398247656492,372.65223585591366,19689500
2025-04-02,380.1023254394531,383.0266205201498,374.6117403662579,375.95454781806535,16092600
2025-04-03,371.1204528808594,375.4671762502354,367.3805229509676,372.7915176951189,30198000
2025-04-04,357.9212341308594,372.5925832225619,357.5631683165765,362.1883672134991,49209900
2025-04-07,355.9517822265625,369.021730877009,342.9514979578054,349.00902084094025,50425000
2025-04-08,352.66937255859375,371.65757505461033,348.38235725741856,366.2963320079612,35868900
2025-04-09,388.4077453613281,391.1331552543464,351.21713920354574,351.6547953803853,50199700
2025-04-10,379.3164978027344,381.852888057324,365.8387335220006,380.02270330397937,38024400
2025-04-11,386.3786926269531,387.9701367142302,376.86967153767677,378.61034006862997,23839200
2025-04-14,385.7420654296875,392.54558862795363,382.1612557582716,391.1232211496066,19251200
2025-04-15,383.67315673828125,389.80031299588615,382.11152127039287,386.4383315419063,17199900
2025-04-16,369.6284484863281,379.5751254610235,366.0377126687907,378.6401657518634,21967800
2025-04-17,365.8188781738281,372.3240133010547,364.9336397230584,371.75704543823275,21120200
2025-04-21,357.2050476074219,362.5364820854384,353.7734623702264,360.88533011613976,20807300
2025-04-22,364.864013671875,365.80892977570767,357.94110461161955,361.44235434917846,19485000
2025-04-23,372.3936462402344,378.3616523034824,371.0309260243866,374.05472426245655,20545500
2025-04-24,385.2347717285156,386.3786638188774,373.1893609627435,373.69665118177875,22232300
2025-04-25,389.7605285644531,390.068873110604,382.54918803088736,384.93638434344297,18973200
2025-04-28,389.0741882324219,390.6457497092271,384.5783015368256,389.86991018310994,16579400
2025-04-29,391.9388427734375,392.99318803647833,388.2983555925269,389.2134328165618,14974000
2025-04-30,393.1523742675781,394.54490301008695,382.3900622096707,388.21880050147547,36461100
2025-05-01,423.1316223144531,434.65981700987567,422.6342884776108,428.81116623183453,58938100
2025-05-02,432.95892333984375,437.0967443095362,427.69712309519423,429.43779144193553,30757400
2025-05-05,433.8442077636719,437.15643772408293,429.80582912695047,430.5617862640975,20136100
2025-05-06,430.99945068359375,435.39589519237757,428.8708776295015,429.8953841273505,15104200
2025-05-07,431.03924560546875,435.7837995157977,428.8111693588705,431.5266230555768,23295300
2025-05-08,435.83355712890625,441.30422944958144,433.3369315017373,435.5948162408885,23491300
2025-05-09,436.39056396484375,438.38982536855053,433.55575499424157,437.6537809958818,15324200
2025-05-12,446.8643798828125,446.97377874951286,437.4349200185842,443.5620761346614,22821900
2025-05-13,446.74505615234375,448.2668964878236,442.9851831830833,445.392292323668,23618800
2025-05-14,450.5247497558594,451.47962216221697,445.75035736922496,445.75035736922496,19902800
2025-05-15,451.5412292480469,454.5904977674882,448.85068389062144,449.1894881249397,21992300
2025-05-16,452.67718505859375,452.7668658429008,447.15663182075053,450.4649678139624,23849800
2025-05-19,457.26104736328125,457.9785240250479,449.2193361148497,449.29907263869796,21336500
2025-05-20,456.56353759765625,456.73292449884485,452.72703072274504,453.9925667897047,15441800
2025-05-21,450.9831848144531,456.1749087494066,450.2258398312579,452.97617231921885,19216900
2025-05-22,453.26513671875,458.63625267798704,452.30851122486644,453.3548479183862,18025600
2025-05-23,448.6015319824219,452.09923464302557,447.33599591595265,448.402251486361,16883500
2025-05-27,459.07470703125,459.33380513701957,454.5207233060155,454.87947686866386,20974300
2025-05-28,455.75634765625,460.8982588383752,455.3278626603832,459.60282918231184,17086300
2025-05-29,457.0717468261719,460.10109634693043,453.71356774793736,459.93167902845283,13974800
2025-05-30,458.7458190917969,460.06119805700706,453.942742633105,458.1080789456966,34770500
2025-06-02,460.3502197265625,460.48971303831235,455.2880448481698,455.53716828611505,16626500
2025-06-03,461.3466796875,462.51259067234093,459.2440622117471,459.85193916930956,15743800
2025-06-04,462.2435302734375,464.05715611586317,461.3965045417047,462.3730793208357,14162700
2025-06-05,466.0401611328125,468.00325491639626,462.4029652503908,463.3296970825432,20131700
2025-06-06,468.7307434082031,471.6803564462113,467.13634729745564,468.4417517005521,15285600
2025-06-09,471.0924072265625,471.77001565920176,466.9768832876908,468.05311353771793,16469900
2025-06-10,469.26885986328125,471.14224260725143,465.3227226358238,469.53790223355384,15375900
2025-06-11,470.9628601074219,473.80287330978865,468.01324719222674,468.37197033665615,16399200
2025-06-12,477.1909484863281,478.73553201697933,471.8597009390277,473.3544415367432,18950600
2025-06-13,473.2946472167969,477.4998519181197,471.1023792861798,474.7395752703882,16814500
2025-06-16,477.46002197265625,479.00457509504827,473.3345233196989,473.5437784887318,15626100
2025-06-17,476.3638610839844,477.06138843382047,472.4177241014044,473.7331030955977,15414100
2025-06-18,478.5561218261719,479.313466764918,472.7963894918646,476.3239856832242,17526500
2025-06-20,475.7261047363281,481.76485435953526,475.1979642712812,480.53918652379775,37576200
2025-06-23,484.29595947265625,486.0398235242553,470.853268600571,476.53326469371973,24864000
2025-06-24,488.3915100097656,490.1254297173699,485.0931183138473,487.23560408546166,22305600
2025-06-25,490.5439758300781,492.8259550719198,487.67409932543603,490.3148017263918,17495100
2025-06-26,495.705810546875,496.29373818928514,491.08206511354325,491.2514824256969,21578900
2025-06-27,494.20111083984375,497.54931522943417,491.30131038962224,495.80545117387857,34539200
2025-06-30,495.66595458984375,499.0042146991214,493.5932305818623,495.2972567719388,28369000
2025-07-01,490.32470703125,496.30366915943387,489.2584818970934,494.729222512998,19945400
2025-07-02,489.36810302734375,491.76965656989233,486.98649882219644,488.2719538404123,16319600
2025-07-03,497.0909423828125,498.3764278450543,491.7098821739863,492.07857999859937,13984800
2025-07-07,495.974853515625,497.0012408266234,493.4935938943106,495.6360493014733,13981600
2025-07-08,494.8786926269531,496.4531696907806,492.3774837277821,495.4965138505155,11846600
2025-07-09,501.74456787109375,505.003091421344,497.98776704512187,498.54580110123976,18659500
2025-07-10,499.7216796875,502.67129257213526,496.0047471787155,501.2861517097084,16492100
2025-07-11,501.5552062988281,503.25920197660867,496.05454172265075,496.72220586888017,16459500
2025-07-14,501.2562561035156,502.2029372942231,499.273243347857,499.7615155353931,12058800
2025-07-15,504.04644775390625,506.51773265302506,501.027073076573,501.2562471634966,14927200
2025-07-16,503.84716796875,504.9433171823036,500.1302657221866,503.40870828332856,15154400
2025-07-17,509.9058532714844,511.5699807689203,503.84715436950415,503.9069415603956,17503100
2025-07-18,508.2615966796875,512.8355294984256,505.6507880659733,512.6760564474737,21209700
2025-07-21,508.2716064453125,510.29451797884275,503.777409841716,504.93334625634344,14066800
2025-07-22,503.4983825683594,509.40761357627605,503.4983825683594,509.1784090675831,13868600
2025-07-23,504.09625244140625,505.01304000657746,498.94439715180334,504.97317174446385,16396600
2025-07-24,509.0887451171875,511.86894085644093,505.5212803694045,506.98612743645725,16107000
2025-07-25,511.9088439941406,516.4727417364818,508.57055332296227,510.67314061143924,19125700
2025-07-28,510.7030334472656,513.1942677567645,508.3313735189307,512.2775105607909,14308000
2025-07-29,510.7727966308594,515.8050777848653,509.7663282358281,513.7224399565682,16469200
2025-07-30,511.4404296875,514.1409495778635,507.6537656967309,513.3636552782116,26380400
2025-07-31,531.62939453125,553.5024436401114,530.0350289229713,553.2831833968122,51617300
2025-08-01,522.2722778320312,533.9212911566675,519.0336734352546,533.1241083924594,28977600
2025-08-04,533.7619018554688,536.3627358241171,526.2782244119826,526.4177481275262,25349000
2025-08-05,525.8995361328125,535.41603854948,525.3913146279989,535.2964641743647,19171600
2025-08-06,523.0994262695312,529.8357336828143,522.1926437275052,529.0385508551038,21355700
2025-08-07,519.0137939453125,526.2383731099006,515.735290819572,524.9528573399085,16079100
2025-08-08,520.2095947265625,522.8204035830947,517.5888112007746,520.7676288144971,15531000
2025-08-11,519.9405517578125,525.7401525514866,517.8976909591346,520.4686618064882,20194400
2025-08-12,527.3843383789062,529.1182277589118,520.8672912006765,521.9135974657331,18667000
2025-08-13,518.7546997070312,530.8321983067945,517.5489204522431,530.244240271181,19619200
2025-08-14,520.6480102539062,524.1058750288076,518.3162490497452,520.7277467800332,20269100
2025-08-15,518.3461303710938,524.255330935539,517.2599862571353,520.9370505811125,25213300
2025-08-18,515.286865234375,520.9868407954262,512.2177084457264,519.7611730136332,23760600
2025-08-19,507.98260498046875,513.3536904476517,506.7668813962475,513.1942782099028,21481000
2025-08-20,503.9468078613281,509.2082935133009,502.6712971096552,508.0822507382742,27723000
2025-08-21,503.2980041503906,506.68168580920974,501.7808546744913,502.74904380636957,18443300
2025-08-22,506.2824401855469,509.77590173606455,501.471437254012,503.3079962424447,24324200
2025-08-25,503.3179931640625,507.2406441544574,503.1782400793436,505.6835608535286,21638600
2025-08-26,501.1021423339844,504.0366525259624,497.5787379824689,503.4177851675948,30835700
2025-08-27,505.7933349609375,506.34232576675964,498.96611661319633,501.06219963605827,17277900
2025-08-28,508.68792724609375,510.1352001425548,504.5556467937143,506.1426727693108,18015600
2025-08-29,505.7434387207031,508.64800611235046,503.5475364264987,507.7097597194238,20961600
2025-09-02,504.1763610839844,505.0547219959289,495.88188775050133,499.53505401941584,18128000
2025-09-03,504.40594482421875,506.8413890153064,501.3816064871684,502.8488615493355,16345100
2025-09-04,507.02105712890625,507.20071355848035,502.2100541109688,503.3578996917829,15509500
2025-09-05,494.0752868652344,511.0135863020471,491.4501951138555,508.11900990545524,31994800
2025-09-08,497.2693176269531,500.26371328397477,494.10522614671714,497.1794589519428,16771000
2025-09-09,497.4789123535156,501.3117351050236,496.77024724997165,500.4932596555404,14410500
2025-09-10,499.43524169921875,502.2899147028095,495.7920664455459,502.04038173392,21611800
2025-09-11,500.0740661621094,502.2300346920423,496.9499084839274,501.31173995388707,18881600
2025-09-12,508.94744873046875,511.59249216822343,502.9087629314118,505.70352006176233,23624900
2025-09-15,514.397216796875,514.5069966795595,506.05284913244947,507.8395136770829,17143800
2025-09-16,508.08905029296875,516.2637221986186,507.64986983793983,515.9144004162443,19711900
2025-09-17,509.06719970703125,510.33484666258875,504.9848440594251,509.6660849144807,15816600
2025-09-18,507.5001525878906,512.1115168727503,506.71161989545686,510.5344514878828,18913700
2025-09-19,516.96240234375,518.3298380532008,509.35664280609984,509.6061757592278,52474100
2025-09-22,513.4889526367188,516.772784556969,511.5824866494396,514.6268375894382,20009300
2025-09-23,508.2787170410156,513.6287198501773,506.3622903955001,512.8401566617626,19799600
2025-09-24,509.19696044921875,511.5225942719762,505.9730140478167,509.4265417419943,13533700
2025-09-25,506.0827941894531,509.0572380888419,504.09652154158834,507.3504106819217,15786500
2025-09-26,510.5045166015625,512.9798945996346,505.67356201643696,509.1071380786861,16213100
2025-09-29,513.6386108398438,515.8844074376258,507.9293260645142,510.5444265624633,17617800
2025-09-30,516.982421875,517.1919905812645,508.70790002171145,512.2811987663596,19728200
2025-10-01,518.7391357421875,519.5376290534263,510.7340986553811,513.8382741479315,22632300
2025-10-02,514.7765502929688,520.625588764222,509.7260051791023,516.6730253227585,21222900
2025-10-03,516.3834838867188,519.5176324904353,514.0378984273964,516.1339509263171,15112300
2025-10-06,527.5825805664062,530.0380069481532,517.2319577376861,517.6411650074094,21388600
2025-10-07,523.0010986328125,528.8102332144322,520.4658657072805,527.3030443984364,14615200
2025-10-08,523.8695068359375,525.9656203925812,522.1128458539913,522.3024933531,13363400
2025-10-09,521.4241333007812,523.3505205733983,516.4334737589328,521.3642478231245,18343600
2025-10-10,510.0054626464844,522.6019127014883,508.6779606337136,518.6692706129455,24133800
2025-10-13,513.0896606445312,515.4452371680482,510.7240930552238,515.4452371680482,14284200
2025-10-14,512.610595703125,514.3174231454748,505.05473007895694,509.2768388871209,14684300
2025-10-15,512.4708251953125,516.2238106749688,509.04724028199115,513.9979961583023,14694700
2025-10-16,510.65423583984375,515.884437136842,507.1807563967364,511.62245544117155,15559600
2025-10-17,512.62060546875,514.5170195527368,506.3622988729776,508.0890780500653,19867800
2025-10-20,515.8245239257812,517.730989827423,512.4708156147512,513.6486038577511,14665600
2025-10-21,516.6929321289062,517.7210372272165,512.0815676283437,516.533257830336,15586200
2025-10-22,519.5675659179688,524.2488070435115,516.7428964573043,520.1764726871388,18962700
2025-10-23,519.5875244140625,522.9712060783663,517.6411550810741,521.4839993377199,14023500
2025-10-24,522.6318359375,524.3685757173844,519.7372899447384,521.8133604589415,15532400
2025-10-27,530.527099609375,533.5813808592218,528.0217787333662,530.7866236569336,18734700
2025-10-28,541.057373046875,552.6855732732587,539.7598137450263,548.9725518014023,29986700
2025-10-29,540.538330078125,545.2495444281135,535.7273269044096,543.9220119141725,36023000
2025-10-30,524.77783203125,533.9705877450752,521.1446173319796,529.4889853080866,41023100
2025-10-31,516.8426513671875,528.3311587204174,514.137692119172,527.8919782690999,34006400
2025-11-03,516.0641479492188,523.9793263365088,513.628703759196,518.8389228578652,22374700
2025-11-04,513.3692016601562,514.5868933466259,506.8913048594995,510.80399534425794,20958700
2025-11-05,506.2125549316406,513.8682396575209,505.6336213981725,512.3410686781482,23024300
2025-11-06,496.1713562011719,504.75529633258907,494.88375756631746,504.7153625290288,27406500
2025-11-07,495.8918762207031,498.4470913363115,492.32853818272196,496.02163823572937,24019800
2025-11-10,505.0547180175781,505.9031361854127,497.8681564860657,499.10586069795033,26101500
2025-11-11,507.7297058105469,508.64800052182136,501.411544557113,503.85694933091565,17980000
2025-11-12,510.1851501464844,510.7141588310794,498.18758530403636,508.4084461357136,26574900
2025-11-13,502.34979248046875,512.54071024479,500.3535287599438,509.3566671737073,25273100
2025-11-14,509.2268981933594,510.644258818196,496.51070821491913,497.2992409027003,28505700
2025-11-17,506.54193115234375,511.16328656765256,503.9667643395777,507.5001596757347,19092800
2025-11-18,492.8675537109375,502.0403882023454,485.87063942574486,494.44458869198826,33815100
2025-11-19,486.2099914550781,494.264922953439,481.9279972054541,489.18443539234676,23245300
2025-11-20,478.42999267578125,493.57000732421875,475.5,492.7099914550781,26802500
2025-11-21,472.1199951171875,478.9200134277344,468.2699890136719,478.5,31769200
2025-11-24,474.0,476.8999938964844,468.0199890136719,475.0,34421000
2025-11-25,476.989990234375,479.1499938964844,464.8900146484375,474.07000732421875,28019800
2025-11-26,485.5,488.30999755859375,481.20001220703125,486.30999755859375,25709100
2025-11-28,492.010009765625,492.6300048828125,486.6499938964844,487.6000061035156,14386700
2025-12-01,486.739990234375,489.8599853515625,484.6499938964844,488.44000244140625,23964000
2025-12-02,490.0,493.5,486.32000732421875,486.7200012207031,19562700
2025-12-03,477.7300109863281,484.239990234375,475.20001220703125,476.32000732421875,34615100
2025-12-04,480.8399963378906,481.32000732421875,476.489990234375,479.760009765625,22318200
2025-12-05,483.1600036621094,483.3999938964844,478.8800048828125,482.5199890136719,22608700
2025-12-08,491.0199890136719,492.29998779296875,484.3800048828125,484.8900146484375,21965900
2025-12-09,492.0199890136719,492.1199951171875,488.5,489.1000061035156,14696100
2025-12-10,478.55999755859375,484.25,475.0799865722656,484.0299987792969,35756200
2025-12-11,483.4700012207031,486.0299987792969,475.8599853515625,476.6300048828125,24669200
2025-12-12,478.5299987792969,482.45001220703125,476.3399963378906,479.82000732421875,21248100
2025-12-15,474.82000732421875,480.7200012207031,472.5199890136719,480.1000061035156,23727700
2025-12-16,476.3900146484375,477.8900146484375,470.8800048828125,471.9100036621094,20705600
2025-12-17,476.1199951171875,480.0,475.0,476.9100036621094,24527200
2025-12-18,483.9800109863281,489.6000061035156,477.8900146484375,478.19000244140625,28573500
2025-12-19,485.9200134277344,487.8500061035156,482.489990234375,487.3599853515625,70836100
2025-12-22,484.9200134277344,488.7300109863281,482.69000244140625,486.1199951171875,16963000
2025-12-23,486.8500061035156,487.8299865722656,484.739990234375,484.9800109863281,14683600
2025-12-24,488.0199890136719,489.1600036621094,484.8299865722656,485.67999267578125,5855900
2025-12-26,487.7099914550781,488.1199951171875,485.9599914550781,486.7099914550781,8842200
2025-12-29,487.1000061035156,488.3500061035156,484.17999267578125,484.8599853515625,10893400
2025-12-30,487.4800109863281,489.67999267578125,485.5,485.92999267578125,13944500
2025-12-31,483.6199951171875,488.1400146484375,483.29998779296875,487.8399963378906,15601600
2026-01-02,472.94000244140625,484.6600036621094,470.1600036621094,484.3900146484375,25571600
2026-01-05,472.8500061035156,476.07000732421875,469.5,474.05999755859375,25250300
2026-01-06,478.510009765625,478.739990234375,469.75,473.79998779296875,23037700
2026-01-07,483.4700012207031,489.70001220703125,477.95001220703125,479.760009765625,25564200
2026-01-08,478.1099853515625,482.6600036621094,475.8599853515625,481.239990234375,18162600
2026-01-09,479.2799987792969,479.82000732421875,472.20001220703125,474.05999755859375,18491000
2026-01-12,477.17999267578125,480.989990234375,475.67999267578125,476.6700134277344,23519900
2026-01-13,470.6700134277344,475.7799987792969,465.95001220703125,474.67999267578125,28545800
2026-01-14,459.3800048828125,468.20001220703125,457.1700134277344,466.4599914550781,28184300
2026-01-15,456.6600036621094,464.25,455.8999938964844,464.1199951171875,23225800
2026-01-16,459.8599853515625,463.19000244140625,456.4800109863281,457.8299865722656,34246700
2026-01-20,454.5199890136719,456.79998779296875,449.2799987792969,451.2200012207031,26130000
2026-01-21,444.1099853515625,452.69000244140625,438.67999267578125,452.6000061035156,37980500
2026-01-22,451.1400146484375,452.8399963378906,444.70001220703125,447.6199951171875,25349400
2026-01-23,465.95001220703125,471.1000061035156,450.5299987792969,451.8699951171875,38000200
2026-01-26,470.2799987792969,474.25,462.0,465.30999755859375,29291200
2026-01-27,480.5799865722656,482.8699951171875,473.1600036621094,473.70001220703125,29213900
2026-01-28,481.6300048828125,483.739990234375,478.0,483.2099914550781,36875400
2026-01-29,433.5,442.5,421.0199890136719,439.989990234375,128855300
2026-01-30,430.2900085449219,439.6000061035156,426.45001220703125,439.1700134277344,58566800
2026-02-02,423.3699951171875,430.739990234375,422.25,430.239990234375,42219900
2026-02-03,411.2099914550781,422.04998779296875,408.55999755859375,422.010009765625,61424100
2026-02-04,414.19000244140625,419.79998779296875,409.239990234375,411.0,45012400
2026-02-05,393.6700134277344,408.29998779296875,392.32000732421875,407.44000244140625,66289200
2026-02-06,401.1400146484375,401.7900085449219,392.9200134277344,399.1700134277344,53403600
